frame_index,timestamp,tcp_x,tcp_y,tcp_z,tcp_rx,tcp_ry,tcp_rz,joint_0,joint_1,joint_2,joint_3,joint_4,joint_5,suction_on
0,1788172689.876128,-0.10914584555285876,-0.4868968465950305,0.28582823229756193,-1.2024327273905793,2.902367011640255,0.00015375668372259653,-1.5707719961749476,-1.5708320776568812,-1.5708168188678187,-1.5708320776568812,1.5707626342773438,-0.7855108420001429,0
1,1788172689.9369903,-0.10914276313674594,-0.48688969888090256,0.2858130081380057,-1.2024108437113123,2.902363105486118,0.00024811298515066557,-1.5707600752459925,-1.5708444754229944,-1.5708287397967737,-1.5708678404437464,1.5707507133483887,-0.7854870001422327,0
2,1788172689.977795,-0.10914276295312847,-0.4868947638947436,0.2857989799107884,-1.2023928526544525,2.902370559941488,0.00024811312695710504,-1.5707600752459925,-1.5708563963519495,-1.5708525816546839,-1.5708320776568812,1.5707507133483887,-0.7854746023761194,0
3,1788172690.018821,-0.1091400414900328,-0.486892419630243,0.2858047839796183,-1.202303886515782,2.9024004389299334,0.00022364779714986006,-1.5707600752459925,-1.5708444754229944,-1.5708525816546839,-1.5708320776568812,1.5707626342773438,-0.785414997731344,0
4,1788172690.0632339,-0.10915188217595431,-0.48687887841055516,0.2858002725012735,-1.202366096540479,2.902354900920005,0.00029284268190605953,-1.5707843939410608,-1.5708444754229944,-1.5708525816546839,-1.5708797613727015,1.5707626342773438,-0.7854870001422327,0
5,1788172690.1059334,-0.10914004161664677,-0.48688892686667573,0.28578465183602647,-1.2023815110500515,2.902343183606905,0.00031152693090744825,-1.5707600752459925,-1.5708687941180628,-1.5708649794207972,-1.5708559195147913,1.5707626342773438,-0.7854746023761194,0
6,1788172690.14746,-0.10914004109532258,-0.4869033078542454,0.2858279999145554,-1.2023627687474718,2.9023958003390473,0.00015444890132732813,-1.5707600752459925,-1.5708444754229944,-1.5708048979388636,-1.5708320776568812,1.5707626342773438,-0.7854507605182093,0
7,1788172690.1878865,-0.10914276340879703,-0.4868821943782873,0.2858190445693749,-1.2023773695221345,2.9023821123400255,0.00023012184632694547,-1.5707600752459925,-1.570820156727926,-1.5708406607257288,-1.5708678404437464,1.5707507133483887,-0.7854626814471644,0
8,1788172690.228233,-0.10915460375442916,-0.48687633114570655,0.28580140065114346,-1.202372059409322,2.9023692910283194,0.0002827110611773651,-1.5707843939410608,-1.5708320776568812,-1.5708649794207972,-1.5708678404437464,1.5707507133483887,-0.7854870001422327,0
9,1788172690.268355,-0.10915768621640332,-0.48690441873526197,0.2858279996404173,-1.2023274765120258,2.9024104178809407,0.00015444874077898425,-1.570796314870016,-1.5708563963519495,-1.5707929770099085,-1.5708320776568812,1.5707626342773438,-0.7854626814471644,0
10,1788172690.3076046,-0.10914309703582828,-0.48688671415303614,0.28583758443171703,-1.2023585802161332,2.9023856919062783,0.00014651846369230544,-1.5707719961749476,-1.570808235798971,-1.5708168188678187,-1.5708559195147913,1.5707746744155884,-0.7854626814471644,0
11,1788172690.3486779,-0.10915403756109233,-0.4868907421601945,0.28580720430874934,1.2023465216582223,-2.902405490732924,-0.00027981819608331905,-1.5707719961749476,-1.5708563963519495,-1.5708287397967737,-1.5708678404437464,1.570726752281189,-0.7854507605182093,0
12,1788172690.38935,-0.1091573523621773,-0.4868893883637251,0.2858025281512613,-1.2023427738517276,2.9023984048042517,0.00027265120650233433,-1.5707843939410608,-1.5708563963519495,-1.5708406607257288,-1.5708559195147913,1.570738673210144,-0.7854626814471644,0
13,1788172690.4301033,-0.10913125683720669,-0.48688354720116916,0.2858190443853935,-1.202422176700758,2.9023395881870444,0.0002157161665323741,-1.5707476774798792,-1.570820156727926,-1.5708406607257288,-1.5708678404437464,1.5707746744155884,-0.7854870001422327,0
14,1788172690.4714568,-0.10913125671011034,-0.4868861596857933,0.28581545123431856,-1.2024411522540497,2.902336467698615,0.0001991085238192203,-1.5707476774798792,-1.570820156727926,-1.5708525816546839,-1.5708444754229944,1.5707746744155884,-0.7854989210711878,0
15,1788172690.5114496,-0.10914276973905725,-0.48670757387837055,0.2858026226822802,-1.2024193407843926,2.9023346862777193,0.0003353006054162917,-1.5707600752459925,-1.5704482237445276,-1.5712369124041956,-1.570916000996725,1.5707507133483887,-0.7854989210711878,0
16,1788172690.5517657,-0.10927310816228339,-0.4862678586304131,0.28583628539926176,1.2024121258851186,-2.902317268793373,-0.00021359624516679724,-1.5709999243365687,-1.5694168249713343,-1.5722077528582972,-1.5708678404437464,1.5706907510757446,-0.785738770161764,0
17,1788172690.5953329,-0.10979789354088483,-0.4850879923727769,0.2857831855880227,-1.2021824461665678,2.902402806004651,0.00029214090852086664,-1.5721271673785608,-1.566981617604391,-1.5747488180743616,-1.5708559195147913,1.5707865953445435,-0.7867100874530237,0
18,1788172690.6369684,-0.11045699036027738,-0.4834695189249335,0.28593196628885237,1.2022746035829142,-2.902378688726353,0.00016281772645400825,-1.5734942595111292,-1.5633590857135218,-1.578045670186178,-1.5708678404437464,1.5707865953445435,-0.7881372610675257,0
19,1788172690.6800911,-0.11098318006396547,-0.4815852535308991,0.2858860963602693,1.2025654299123072,-2.9022431179249866,0.00011708844622302542,-1.574585262929098,-1.559221092854635,-1.5822528044330042,-1.570820156727926,1.5707626342773438,-0.7894323507892054,0
20,1788172690.7191868,-0.11133114485205209,-0.4799573308163816,0.28588160268288354,1.2022809869991928,-2.9023432215374023,0.0001298053114560781,-1.5753167311297815,-1.5555742422686976,-1.5858615080462855,-1.5708444754229944,1.5707507133483887,-0.7899721304522913,0
21,1788172690.7607512,-0.11170321828648189,-0.4783553424926709,0.2858798208006518,1.2018641007563151,-2.9025189250734744,0.00021611197843840439,-1.5761202017413538,-1.55198842683901,-1.5893977324115198,-1.5708444754229944,1.5707746744155884,-0.7904875914203089,0
22,1788172690.8015604,-0.11200114204403218,-0.47676105345769815,0.2858957966739457,1.2019235714683802,-2.9024648125754076,0.00036548874077164625,-1.5767677466021937,-1.5483539740191858,-1.5929339567767542,-1.5708444754229944,1.5707865953445435,-0.7911832968341272,0
23,1788172690.8445876,-0.11222558107206991,-0.47516917477537474,0.28586372945806904,1.2023845847506516,-2.9022977832564396,0.00028256949166963186,-1.577259365712301,-1.5447676817523401,-1.5964940229998987,-1.57092792192568,1.5707865953445435,-0.7919867674456995,0
24,1788172690.883257,-0.11232298075072215,-0.473541705906975,0.2858617751491872,1.2023501122384117,-2.902312425728295,0.00018441083235038564,-1.577475372944967,-1.5410249868976038,-1.600114647542135,-1.5711076895343226,1.5707626342773438,-0.7921789328204554,0
25,1788172690.9215217,-0.1122044107981265,-0.4719444465210896,0.2858747620823454,1.202250440343638,-2.902318417456874,0.00020915429783363056,-1.577235523854391,-1.5371869246112269,-1.6037943998919886,-1.5712388197528284,1.570738673210144,-0.7918790022479456,0
26,1788172690.9626825,-0.11171705749854803,-0.47032578088241617,0.2857480545321513,1.2022883663379937,-2.9023629873480474,0.00014772926971525497,-1.576240364705221,-1.5331442991839808,-1.6079900900470179,-1.5711434523211878,1.5707746744155884,-0.7908952871905726,0
27,1788172691.0061626,-0.11099341180096126,-0.46865866809178364,0.28472757136218274,-1.2022138136124978,2.902329773350244,0.0005464154363013918,-1.5747173468219202,-1.5290783087359827,-1.6143673102008265,-1.5693114439593714,1.5707746744155884,-0.7893365065204065,0
28,1788172691.04789,-0.11007554415624862,-0.4667577567380878,0.2824992106199807,-1.2016940630289654,2.9025506991774455,0.0005789860318697014,-1.5727623144732874,-1.5241244474994105,-1.62476092973818,-1.5638888517962855,1.5707626342773438,-0.7870219389544886,0
29,1788172691.0890107,-0.10938340576001183,-0.46515007692340754,0.2797840703163694,-1.2009452804474448,2.9028116888215565,0.000703525013030862,-1.5712874571429651,-1.5200703779803675,-1.6355016867267054,-1.5572927633868616,1.5707746744155884,-0.7850430647479456,0
30,1788172691.1301,-0.10876311202026154,-0.4636220547072001,0.2767788268523437,-1.1994038399817015,2.903621584388265,0.00014892093712978767,-1.5699451605426233,-1.5160401503192347,-1.647057835255758,-1.5493796507464808,1.5707626342773438,-0.7825968901263636,0
31,1788172691.1737232,-0.10828783489228333,-0.46206360478840397,0.27359478190143893,1.1970343360112432,-2.90449468159729,0.0003400699605160472,-1.5689252058612269,-1.512118164693014,-1.6589377562152308,-1.5410950819598597,1.5707865953445435,-0.7799704710589808,0
32,1788172691.2155943,-0.10832182725145409,-0.46011924226873063,0.2697079932618298,1.1942498036026596,-2.9056973066884053,9.047937761946524e-05,-1.5689852873431605,-1.5079439322101038,-1.6727116743670862,-1.5316622892962855,1.5707746744155884,-0.7780998388873499,0
33,1788172691.2579427,-0.10848680158183138,-0.4585180448822089,0.26651237788041504,1.1910541030911104,-2.9069417840562495,0.00027895023205856575,-1.5693329016314905,-1.5045011679278772,-1.6841004530536097,-1.5235818068133753,1.5707626342773438,-0.7762644926654261,0
34,1788172691.3000102,-0.10895190818327746,-0.45687399013195956,0.2633279022466927,1.1880015851616943,-2.908235359959676,0.00016959565001845075,-1.5703519026385706,-1.5012992064105433,-1.6951764265643519,-1.5157879034625452,1.5707746744155884,-0.7751730124102991,0
35,1788172691.3427749,-0.10988414100349836,-0.45547613728358777,0.26022648062620424,1.1847872539715072,-2.9093821104291795,0.0006035121410412438,-1.572378937398092,-1.4987805525409144,-1.7054980436908167,-1.5076716581927698,1.570738673210144,-0.77502948442568,0
36,1788172691.3848007,-0.11131952993258415,-0.45389139514054977,0.2562519795840679,1.1806519524890309,-2.9112620901826545,9.26097181146914e-05,-1.5755685011493128,-1.496692959462301,-1.7174862066852015,-1.4981420675860804,1.5707865953445435,-0.7753294149981897,0
37,1788172691.4224672,-0.11255951123079244,-0.45241984269008895,0.2530426588035949,1.1766471323233627,-2.9129146093558123,-6.831269032652915e-05,-1.5783146063434046,-1.4945700804339808,-1.7276161352740687,-1.4902408758746546,1.5707746744155884,-0.7753174940692347,0
38,1788172691.463676,-0.11353364735164281,-0.45110599575035554,0.24993555525410252,1.1726406339279856,-2.9143144206625227,0.0006407639030301553,-1.5804851690875452,-1.492399040852682,-1.7376740614520472,-1.4818604628192347,1.5707626342773438,-0.7747891584979456,0
39,1788172691.5057905,-0.11442314882449302,-0.44947256088008924,0.246730710649269,1.1682010402943124,-2.9161481337064297,0.0004106439097638312,-1.5824878851519983,-1.4898441473590296,-1.7481759230243128,-1.4740670363055628,1.5707507133483887,-0.7737339178668421,0
40,1788172691.546942,-0.11521758108477298,-0.4478447705633812,0.24348938785552263,1.1639468227839336,-2.9178870239005543,0.0002756481304081726,-1.5842984358416956,-1.4872897307025355,-1.758784596120016,-1.4661057631122034,1.5707507133483887,-0.772618595753805,0
41,1788172691.588547,-0.11591357205253128,-0.4462826017674835,0.24031622654611934,1.160013329168477,-2.91946384029413,0.0002862348335789873,-1.5859053770648401,-1.484830681477682,-1.7691548506366175,-1.4581921736346644,1.5707626342773438,-0.7715275923358362,0
42,1788172691.631603,-0.11661948181704417,-0.4446365764300979,0.2370730709572312,1.1555897956348833,-2.9212354221476846,7.645058236393504e-05,-1.5875237623797815,-1.482323948537008,-1.7797163168536585,-1.4502671400653284,1.570726752281189,-0.7701123396502894,0
43,1788172691.6739805,-0.11748404773394175,-0.442756963482696,0.2332278068255135,1.1502156366753045,-2.923320037631238,0.0002997515671997742,-1.5895503203021448,-1.479481045399801,-1.7921960989581507,-1.440486256276266,1.5707507133483887,-0.7684691588031214,0
44,1788172691.7156572,-0.11814448089802457,-0.44112609660381835,0.23011654003862492,1.1455242917837425,-2.925184348716777,0.0003176529272844329,-1.591121021901266,-1.4770224730121058,-1.8024104277240198,-1.432728115712301,1.5707746744155884,-0.7668259779559534,0
45,1788172691.7582512,-0.11873932077874542,-0.4395012921461057,0.22684788244158102,1.1409569374870068,-2.927053503066765,6.82124144846443e-05,-1.5925477186786097,-1.4747431913958948,-1.8128278891192835,-1.4247668425189417,1.5707865953445435,-0.765111271535055,0
46,1788172691.7971985,-0.11941739206718305,-0.43763281446334046,0.22299416191339705,1.135626597748912,-2.929044100564288,0.00015975463920272457,-1.5941551367389124,-1.4720810095416468,-1.8251641432391565,-1.4150098005877894,1.570738673210144,-0.7630966345416468,0
47,1788172691.8398967,-0.11989776248647524,-0.43634048913908574,0.22059318112882764,1.131922563643767,-2.930538259137062,4.342924662044769e-05,-1.595330063496725,-1.4702814261065882,-1.8329442183123987,-1.4091194311725062,1.5707626342773438,-0.7617290655719202,0
48,1788172691.8816633,-0.12055094161733051,-0.4344325500232529,0.21789444499196528,1.1266131313863978,-2.9325784501405594,0.00020901576599513714,-1.5969489256488245,-1.467187229787008,-1.8426912466632288,-1.40236741701235,1.570798635482788,-0.7597268263446253,0
49,1788172691.9204001,-0.12101181546272596,-0.4328312525759872,0.21655670208197125,1.122888227379384,-2.933912002635171,0.00024952806246781656,-1.5980642477618616,-1.4641764799701136,-1.8488290945636194,-1.3991826216327112,1.570726752281189,-0.7583239714251917,0
50,1788172691.9590256,-0.12145979050397133,-0.4312150631109847,0.21568327281184266,1.1200217004589674,-2.9350679667993123,0.00018251416668529002,-1.599215332661764,-1.4610102812396448,-1.8538644949542444,-1.397374455128805,1.5707626342773438,-0.757507626210348,0
51,1788172692.001759,-0.12196091310145896,-0.42956825457502645,0.21511232575778128,1.1180396704188522,-2.9358950436718385,-0.00011942602039036654,-1.6004741827594202,-1.457747761403219,-1.8581560293780726,-1.3965485731707972,1.5707507133483887,-0.757399861012594,0
52,1788172692.0466135,-0.12246899748072516,-0.4279334464447256,0.21483166142859977,-1.1171108846420879,2.9362594912923465,0.0002643266419516,-1.6017573515521448,-1.454341236745016,-1.8618367354022425,-1.3963692823993128,1.570738673210144,-0.7580478827105921,0
53,1788172692.0884752,-0.12298474428036282,-0.42634649883038533,0.2148901613769085,1.1167832510614564,-2.936352536345208,-4.622693340996021e-05,-1.6030767599688929,-1.4507911841021937,-1.8648102919207972,-1.3968003431903284,1.5707507133483887,-0.7591512838946741,0
54,1788172692.1302085,-0.12354774482753525,-0.4244580528687079,0.2148376537698232,1.1166159740786465,-2.9364415700291544,-8.672666512829879e-05,-1.6045392195331019,-1.4466894308673304,-1.8684905211078089,-1.397254769002096,1.5707626342773438,-0.7604940573321741,0
55,1788172692.17219,-0.1235784294522893,-0.42286661969846845,0.2148220436864156,1.116741108500732,-2.936399755998591,-5.8002815552938684e-05,-1.6047433058368128,-1.4428871313678187,-1.8718112150775355,-1.3977215925799769,1.5707746744155884,-0.7607820669757288,0
56,1788172692.2138734,-0.12356356839616921,-0.42129652189012023,0.21483111511827435,1.1166305796662683,-2.936374625860468,0.00012805230341466373,-1.6048272291766565,-1.4390252272235315,-1.8751323858844202,-1.3981288115130823,1.5707626342773438,-0.760805908833639,0
57,1788172692.2551575,-0.12353988116423303,-0.4197041713349532,0.21479837544746935,1.1167315861459473,-2.936374719773498,-6.6247844162327705e-06,-1.6048992315875452,-1.435235325490133,-1.8784287611590784,-1.3987153212176722,1.5707626342773438,-0.7609379927264612,0
58,1788172692.2989347,-0.12354258870552377,-0.417787911046704,0.2148129782595408,1.116743279166195,-2.9364054628603284,-8.079534939967511e-05,-1.6050670782672327,-1.4306414763080042,-1.8822768370257776,-1.3995173613177698,1.5707746744155884,-0.7611058394061487,0
59,1788172692.3434398,-0.1235809701566075,-0.4161782997512179,0.21481276329132085,1.1166403106546807,-2.9364023167864053,1.8213807997046325e-05,-1.6052830854998987,-1.4267438093768519,-1.8855860869037073,-1.4000323454486292,1.5707626342773438,-0.761261288319723,0
60,1788172692.385692,-0.12359121957581552,-0.41429439380044963,0.2148499565044232,1.1167380472433692,-2.9363390382564787,0.00010933624574637045,-1.6054628531085413,-1.422149960194723,-1.889362637196676,-1.4007867018329065,1.5707626342773438,-0.7615135351764124,0
61,1788172692.4282343,-0.12362209050568966,-0.41272173339495516,0.21475444713366085,1.1164339162463157,-2.9362810458328643,0.0006180205409044492,-1.605654541646139,-1.4182160536395472,-1.8929832617389124,-1.400738541279928,1.570738673210144,-0.7615373770343226,0
62,1788172692.469877,-0.12354250543508247,-0.4106753838152273,0.2133791931003151,-1.1155732469079789,2.936826702393376,0.00017677482947996755,-1.605654541646139,-1.4140780607806605,-1.8998401800738733,-1.398583714162008,1.5707746744155884,-0.7609017531024378,0
63,1788172692.5144928,-0.12353362533879562,-0.40934636023320653,0.21199740627133357,-1.1138510353615192,2.937386614548317,0.0005535905148941908,-1.6057384649859827,-1.4115713278399866,-1.9054272810565394,-1.3957584539996546,1.5707626342773438,-0.759834114705221,0
64,1788172692.5584705,-0.12351499124671335,-0.40741970333750765,0.20922173415465645,-1.1103913152473417,2.938674940166084,0.0005323305947153141,-1.6058700720416468,-1.408105198537008,-1.915473763142721,-1.3891733328448694,1.5707865953445435,-0.7576153914081019,0
65,1788172692.6006331,-0.12352592716191857,-0.40560876728045203,0.205837529304569,1.1051833884884577,-2.9407212497250477,6.197647397484778e-05,-1.6060383955584925,-1.4050472418414515,-1.9268630186664026,-1.3804219404803675,1.5707626342773438,-0.7542217413531702,0
66,1788172692.642901,-0.12352293549312382,-0.40398245101224134,0.20263160374182645,1.1000692162632812,-2.942642708792888,-5.193564827370247e-05,-1.6061580816852015,-1.4026601950274866,-1.937125031148092,-1.3726156393634241,1.570738673210144,-0.7508633772479456,0
67,1788172692.684039,-0.12352190480728639,-0.4023154974366942,0.19939409591293208,-1.0949281035320777,2.9445433725713697,0.0003815351238635665,-1.6063140074359339,-1.4003451506244105,-1.9473755995379847,-1.3649171034442347,1.5707626342773438,-0.7475298086749476,0
68,1788172692.728548,-0.1235037700906957,-0.4008480039285635,0.1962963859984194,1.0895886427324992,-2.9465079434256665,0.00016007187013158643,-1.6063979307757776,-1.3981745878802698,-1.9573023954974573,-1.3567879835711878,1.5707626342773438,-0.7439916769610804,0
69,1788172692.7694633,-0.12345659596318775,-0.39884327866424635,0.19246295910923053,1.0832162935195722,-2.9489383959078403,-0.00013437141590431415,-1.6064580122577112,-1.3954275290118616,-1.969482723866598,-1.3475573698626917,1.5707626342773438,-0.7397101561175745,0
70,1788172692.8138773,-0.12340835103372927,-0.3972172410366781,0.18923932576809052,-1.0779611817316934,2.9508045606914077,0.00035988522708020864,-1.6064823309527796,-1.3933175245868128,-1.9795778433429163,-1.3397272268878382,1.5707626342773438,-0.7361844221698206,0
71,1788172692.8559926,-0.12315049028372696,-0.3956417028279176,0.18616799828389666,1.0727696843170265,-2.9527334618945007,-5.795921438748901e-05,-1.6059783140765589,-1.390954319630758,-1.9895761648761194,-1.3318846861468714,1.5707626342773438,-0.732154671345846,0
72,1788172692.8988242,-0.12247724064925464,-0.3937556280510103,0.18236958469102524,1.066724847909386,-2.954908534380655,9.523440997742374e-05,-1.6044672171222132,-1.388076130543844,-2.0018771330462855,-1.3223665396319788,1.5707865953445435,-0.7265537420855921,0
73,1788172692.94376,-0.12175410336886128,-0.3921455218197897,0.17915416013298915,1.0612987826997275,-2.9568608202247058,-2.6933100909913175e-06,-1.602764908467428,-1.3856175581561487,-2.0122836271869105,-1.3144763151751917,1.5707626342773438,-0.7211802641498011,0
74,1788172692.9821854,-0.12054786509164722,-0.39032989767090026,0.1754369222832296,1.0551500097024098,-2.959083355421633,-8.895324395708802e-05,-1.5998509565936487,-1.382679287587301,-2.0244043509112757,-1.3053529898272913,1.5707626342773438,-0.7141040007220667,0
75,1788172693.024433,-0.11940451221660271,-0.3889301806557969,0.17222253330733583,1.050896208196718,-2.960561049265557,-4.707186004360437e-06,-1.5970328489886683,-1.3804963270770472,-2.034642998372213,-1.2972353140460413,1.5707507133483887,-0.708419148121969,0
76,1788172693.0676465,-0.11832262927117775,-0.38743563907559975,0.16922401778785365,-1.046806808812305,2.9620541028752085,6.629060952804897e-05,-1.5943830649005335,-1.3780973593341272,-2.0444615522967737,-1.2898715178119105,1.5707865953445435,-0.7029979864703577,0
77,1788172693.1115441,-0.11720118911762126,-0.3860108602060602,0.1669575198882236,1.0436043267198702,-2.963168402214397,-1.1909978009781083e-05,-1.591576878224508,-1.3752911726581019,-2.0526860396014612,-1.2844117323504847,1.5707746744155884,-0.6980331579791468,0
78,1788172693.1551309,-0.11590337333261057,-0.384267588519878,0.1651564935977621,1.0407699092615152,-2.9641439151517237,-8.97271943937379e-05,-1.5882914702044886,-1.3712495009051722,-2.060610596333639,-1.2805684248553675,1.570738673210144,-0.6928394476519983,0
79,1788172693.1980224,-0.11476724980225499,-0.38280748072005516,0.16459224244186976,1.039677735216736,-2.9645626164646055,-6.932610410454014e-05,-1.5854256788836878,-1.3670995871173304,-2.065322224293844,-1.280006233845846,1.5707746744155884,-0.6892293135272425,0
80,1788172693.2416103,-0.11384732502961022,-0.38093616595164603,0.16456601059789958,-1.0394077521358656,2.964648299790678,0.0001107407045409178,-1.5830991903888147,-1.361655060444967,-2.06956655183901,-1.281238857899801,1.5707865953445435,-0.6867225805865687,0
81,1788172693.2838168,-0.1135835101506844,-0.37929212895785686,0.16457100689499027,-1.0395993742959595,2.9645722887094865,0.00020162109178055925,-1.582452122365133,-1.3572652975665491,-2.072887722645895,-1.2823646704303187,1.5707746744155884,-0.6862066427813929,0
82,1788172693.328522,-0.11352325423263267,-0.3777282425214211,0.16464248580470991,1.0397102769377264,-2.9644856715602916,3.1744157126492745e-05,-1.5823195616351526,-1.3530553022967737,-2.07593280473818,-1.283358399068014,1.570738673210144,-0.6861589590655726,0
83,1788172693.3694413,-0.11350633078161816,-0.37585390177078687,0.16465163491989787,1.0395970170773452,-2.9645067381987382,0.00010776638263962379,-1.582331959401266,-1.3481863180743616,-2.0795891920672815,-1.2845194975482386,1.570738673210144,-0.686098877583639,0
84,1788172693.4127185,-0.11349356780201603,-0.37420975316848293,0.16463590245109405,1.0394957893663685,-2.9646141515441315,-0.00013002092010706544,-1.582355801259176,-1.344036881123678,-2.0826948324786585,-1.2857287565814417,1.5707507133483887,-0.6860392729388636,0
85,1788172693.456977,-0.11345479541634539,-0.3722622987714784,0.16461305407771662,-1.0395611088310703,2.9645718039045126,0.0003136749789719616,-1.5823195616351526,-1.339060131703512,-2.0864232222186487,-1.2871058622943323,1.5707626342773438,-0.6860511938678187,0
86,1788172693.4988036,-0.11342203995807586,-0.3708132452340834,0.16461752551786357,-1.039625529753309,2.964585765096575,0.00010941530320680704,-1.5822837988482874,-1.33521014848818,-2.0892890135394495,-1.2879560629474085,1.5707746744155884,-0.6860511938678187,0
87,1788172693.539047,-0.11334125499261827,-0.3695847174650249,0.16463674899215433,1.0394261789988133,-2.964646525296965,-5.239341546642781e-05,-1.5821040312396448,-1.331923786793844,-2.0916627089129847,-1.2888301054583948,1.5707746744155884,-0.6857388655291956,0
88,1788172693.5814788,-0.11306875839033276,-0.36912337648522825,0.16464441836098956,1.0392428812862118,-2.964691932867002,-0.00014136291615228234,-1.581360165272848,-1.3305209318744105,-2.0926578680621546,-1.2892850081073206,1.570738673210144,-0.6848753134356897,0
89,1788172693.6240134,-0.11272651621705132,-0.3691883113660028,0.1644548401428445,1.0390247223353744,-2.9647533799024846,3.067324751543847e-05,-1.5804489294635218,-1.3305085341082972,-2.0931971708880823,-1.2886503378497522,1.5707626342773438,-0.6838200728045862,0
90,1788172693.6672425,-0.11246598178728397,-0.36914512417272854,0.1631164311484024,-1.039248028874193,2.9647088872670437,0.00014817670646770327,-1.5797537008868616,-1.3312762419330042,-2.0961583296405237,-1.2850468794452112,1.5707746744155884,-0.6832683722125452,0
91,1788172693.7141356,-0.11235152239077363,-0.369134609072564,0.16110858886599297,-1.0394648915679414,2.964643737338857,0.00020815328339220384,-1.5794299284564417,-1.3327272574054163,-2.100426975880758,-1.2793591658221644,1.5707507133483887,-0.6830886046039026,0
92,1788172693.7561672,-0.1123513732061137,-0.36911733004243547,0.15774460549890879,1.0395108006011646,-2.96460263715129,-0.0001052728052025667,-1.5794299284564417,-1.3353303114520472,-2.1075003782855433,-1.2696130911456507,1.5707507133483887,-0.6831248442279261,0
93,1788172693.7979808,-0.11235375579810371,-0.36919742143556417,0.15457783568442937,1.039429918868066,-2.964544023268786,0.0003076517124495073,-1.5794418493853968,-1.3380163351642054,-2.114058319722311,-1.2600939909564417,1.5707626342773438,-0.6831005255328577,0
94,1788172693.84162,-0.11236164917080246,-0.3691628619361773,0.15070202492452173,1.0395299650398602,-2.964487562133815,0.0002293463362441947,-1.5794418493853968,-1.3412664572345179,-2.122042957936422,-1.248899284993307,1.570726752281189,-0.6831725279437464,0
95,1788172693.883339,-0.11235761005826471,-0.36913291178701474,0.1474844198604768,1.0394663833278044,-2.9645891534412776,6.948534189593022e-05,-1.5794537703143519,-1.3441088835345667,-2.1285651365863245,-1.2396557966815394,1.5707626342773438,-0.6831248442279261,0
96,1788172693.9264522,-0.11236160129800808,-0.36920636895228964,0.14429441757121783,1.0394064454005894,-2.9645313932513817,0.0005043114600843488,-1.579477612172262,-1.3470833937274378,-2.1350396315204065,-1.2299211660968226,1.5707865953445435,-0.6831248442279261,0
97,1788172693.9698937,-0.11235234914665726,-0.36915712231228504,0.14041947886844489,1.0394866977951434,-2.9645904963884533,0.00014566338184390622,-1.5794537703143519,-1.350741211568014,-2.1427486578570765,-1.2187970320331019,1.5707865953445435,-0.6831367651568812,0
98,1788172694.009608,-0.11236231066042232,-0.36916619974850695,0.13723816329132432,1.0394563223381494,-2.9645604663627956,0.00020195437960240237,-1.579465691243307,-1.3538592497455042,-2.149079147969381,-1.209301773701803,1.5707626342773438,-0.6831367651568812,0
99,1788172694.050158,-0.11234001485653183,-0.36915952897196486,0.13400984878312136,1.039498567568863,-2.9645677624402684,0.00011106231612810753,-1.5794056097613733,-1.3571093718158167,-2.155433479939596,-1.1997588316546839,1.5707626342773438,-0.6831005255328577,0
100,1788172694.0918474,-0.11235356321382782,-0.3691751469471631,0.13076095057192924,1.0395299999060177,-2.9645442283684593,0.00016249549343300628,-1.5794418493853968,-1.3605154196368616,-2.1617754141436976,-1.1899760405169886,1.5707626342773438,-0.6831606070147913,0
101,1788172694.1357963,-0.11236387255017338,-0.3691020826064903,0.12752628944248587,1.039473392346849,-2.964611374709426,-0.00025409995560290993,-1.5794418493853968,-1.3639095465289515,-2.1680339018451136,-1.1805880705462855,1.5707147121429443,-0.6831124464618128,0
102,1788172694.1784365,-0.11234340834566409,-0.36923756400454166,0.12384398798448204,1.0394565282528105,-2.964447909066006,0.0006092179997171656,-1.5794056097613733,-1.3680232206927698,-2.175227467213766,-1.1687095800982874,1.5707507133483887,-0.6831005255328577,0
103,1788172694.221428,-0.1123514920530049,-0.36913109620438245,0.12059117400290681,1.0395637688618593,-2.964527357097476,0.0001279613510630393,-1.5794299284564417,-1.3715971151935022,-2.1814382711993616,-1.159250561391012,1.5707507133483887,-0.6831725279437464,0
104,1788172694.264548,-0.11234029834951668,-0.3688763355503084,0.11735169717099084,1.0395211620335507,-2.9645167700109183,0.00023295553563215107,-1.5794056097613733,-1.374655548726217,-2.1881402174579065,-1.14941913286318,1.5707507133483887,-0.6831248442279261,0
105,1788172694.3078754,-0.11234450423034652,-0.36742937334096143,0.11348103332661658,-1.0394440426527218,2.9646408769732298,0.0001453619617889619,-1.579465691243307,-1.3756268660174769,-2.1981633345233362,-1.1386893431292933,1.5707746744155884,-0.6831124464618128,0
106,1788172694.350076,-0.11234690601530394,-0.3659398884366726,0.11036954977394312,1.039350742046948,-2.964488016733847,0.0004858241158285163,-1.579477612172262,-1.375315014516012,-2.2072747389422815,-1.1294453779803675,1.570726752281189,-0.6831005255328577,0
107,1788172694.3944013,-0.11230452244333047,-0.3638964518676529,0.10639704286512663,-1.039490143020208,2.9646002843729233,0.00041257002114622004,-1.5794175306903284,-1.375218693410055,-2.2184131781207483,-1.1190155188189905,1.570738673210144,-0.6831005255328577,0
108,1788172694.4368224,-0.11229483985124836,-0.3623317963665898,0.1031966879729646,-1.0394366363481655,2.9646197583272866,0.00013189582772131993,-1.579465691243307,-1.3751710096942347,-2.2275851408587855,-1.109722916279928,1.570798635482788,-0.6831124464618128,0
109,1788172694.4797857,-0.11231398224064432,-0.3607708226317038,0.09946230566202305,1.039276569853204,-2.964620513487665,0.0001589648446816449,-1.5795257727252405,-1.3759387175189417,-2.237716023121969,-1.0986102263080042,1.5707507133483887,-0.6830762068377894,0
110,1788172694.5202997,-0.11231053451282284,-0.35986341200974375,0.09634634423337277,1.0393006830401088,-2.964517264284356,0.0005486016470620461,-1.5795381704913538,-1.3776896635638636,-2.2453892866717737,-1.0889223257647913,1.5707507133483887,-0.6831248442279261,0
111,1788172694.563787,-0.11229964293060353,-0.3594399979772588,0.09313599506436751,1.0393674235545238,-2.9645921452698745,0.00019983666215229735,-1.5795257727252405,-1.3812034765826624,-2.251887623463766,-1.0791505018817347,1.5707626342773438,-0.6831367651568812,0
112,1788172694.605997,-0.11230544750117159,-0.3589257178971858,0.09002896004408123,1.039302619107076,-2.9646359483142115,0.0001689041100391249,-1.579562012349264,-1.3843463102923792,-2.258469883595602,-1.0694506804095667,1.5707746744155884,-0.6831248442279261,0
113,1788172694.649108,-0.11230716700767321,-0.3577942894622799,0.0875601924209313,1.0392390197038277,-2.9646809262978744,0.00018659850621872276,-1.5796096960650843,-1.3849814573871058,-2.265172306691305,-1.0621097723590296,1.570798635482788,-0.6831248442279261,0
114,1788172694.6924255,-0.11231790049259636,-0.356128109706956,0.08536823161834403,1.039238610592182,-2.9646820259252067,1.5924875538559864e-05,-1.5796578566180628,-1.3838780562030237,-2.2724021116839808,-1.0560858885394495,1.5707626342773438,-0.6831725279437464,0
115,1788172694.7364542,-0.1123189000092228,-0.3546666977679232,0.08438759924760122,1.039317697646514,-2.964622359727199,3.627050151910301e-05,-1.579681698475973,-1.3814438025103968,-2.277149502431051,-1.0537503401385706,1.570738673210144,-0.6832564512835901,0
116,1788172694.777669,-0.11231611390459743,-0.35274518254574583,0.08425534928729525,1.0393322082810141,-2.9646071569521077,0.00013357076046968187,-1.5797298590289515,-1.3764546553241175,-2.281358067189352,-1.054469410573141,1.5707507133483887,-0.6833165327655237,0
117,1788172694.8198907,-0.11231835661088171,-0.3511167750975619,0.08418860752268328,1.0393356583808988,-2.9646735771842487,-0.00014438823198584147,-1.5797775427447718,-1.3722565809832972,-2.2846789995776575,-1.0555346647845667,1.5707507133483887,-0.683352295552389,0
118,1788172694.864024,-0.11230519298349131,-0.34948895081933046,0.08420222633784183,-1.0394232573048963,2.964638181342336,0.00024195865917213492,-1.5797894636737269,-1.3678553740130823,-2.2879284063922327,-1.0567567984210413,1.5707626342773438,-0.6834242979632776,0
119,1788172694.905081,-0.11232297441581411,-0.34757620701064945,0.08425218202535242,1.039268433248101,-2.9647104924235745,-8.828709744354007e-05,-1.579897705708639,-1.36255389848818,-2.291765038167135,-1.0581219832049769,1.5707746744155884,-0.6834242979632776,0
120,1788172694.9486766,-0.11227355179435364,-0.3459706749870446,0.0842695739156335,1.0393046728526782,-2.9646418060422555,8.601972727423854e-05,-1.5797894636737269,-1.3580449263202112,-2.2950859705554407,-1.0591877142535608,1.5707626342773438,-0.683352295552389,0
121,1788172694.9920788,-0.11207250011456317,-0.3445083159182325,0.08430116340780552,1.0393587340194035,-2.9645696287065495,8.311562305529276e-05,-1.5792139212237757,-1.3537991682635706,-2.298119131718771,-1.0603850523578089,1.5707147121429443,-0.6828244368182581,0
122,1788172695.0301585,-0.11153945683156202,-0.34328842981805846,0.08430432087722017,1.0395898956254948,-2.9644886987122754,0.0003061663580455901,-1.5777266661273401,-1.3499134222613733,-2.3009849230395716,-1.0612714926349085,1.5707626342773438,-0.681493107472555,0
123,1788172695.070356,-0.1112857924511915,-0.34296179301706897,0.08420726832456912,1.0390963701546003,-2.9646747544745806,0.00025306773713684125,-1.5769951979266565,-1.3489545027362269,-2.3019560019122522,-1.0612953344928187,1.5707626342773438,-0.6804259459124964,0
124,1788172695.1130931,-0.11114674886317649,-0.34267355139161854,0.08311797870477533,-1.0391431333914978,2.9647515335029104,0.0002370702439164505,-1.5765875021563929,-1.349877659474508,-2.304377857838766,-1.058277432118551,1.5707507133483887,-0.6800301710711878,0
125,1788172695.1548414,-0.11115216522388696,-0.34266540058500056,0.08151480162365884,-1.0391739637647481,2.9647262762114734,0.00024135323301922176,-1.576611344014303,-1.3523719946490687,-2.307255570088522,-1.0529125372516077,1.5707626342773438,-0.6800778547870081,0
126,1788172695.197608,-0.11116055582309507,-0.34267253697294503,0.07913359875222395,1.0391356904580886,-2.9647325768418145,-4.384354659886896e-05,-1.5766356627093714,-1.3561137358294886,-2.311559502278463,-1.0447333494769495,1.5707626342773438,-0.6800778547870081,0
127,1788172695.2419362,-0.11116021964071533,-0.3426149657393828,0.07529695004629167,-1.0391416199968704,2.9646339773617565,0.0006712650153991458,-1.5766356627093714,-1.3623865286456507,-2.3181777636157435,-1.0322664419757288,1.5707626342773438,-0.6801021734820765,0
128,1788172695.2839298,-0.11102190921850315,-0.3426372195234072,0.07229084178030434,-1.039429481852355,2.964606133031927,0.0003122525465281922,-1.576240364705221,-1.3672192732440394,-2.3236213366137903,-1.0217517058001917,1.5707746744155884,-0.6798856894122522,0
129,1788172695.3243911,-0.1105139148793462,-0.3425412493700622,0.07000040733670737,-1.0397460575371733,2.9645378865142757,0.00019164378038917109,-1.5747531096087855,-1.370350186024801,-2.328177038823263,-1.0139792601214808,1.5707626342773438,-0.6786029974566858,0
130,1788172695.367323,-0.10975148079121906,-0.3423271210389755,0.06839365257888647,1.0397135861904212,-2.964449858266066,0.00023616083281397722,-1.5725224653827112,-1.3717168013202112,-2.332073990498678,-1.0084226767169397,1.5707507133483887,-0.6763713995562952,0
131,1788172695.4101167,-0.10866724649434863,-0.3417354432362043,0.06744739187911325,1.0396166035740002,-2.964401936775771,0.0005291924269194722,-1.5693448225604456,-1.3706854025470179,-2.335754458104269,-1.0055721441852015,1.570738673210144,-0.6731455961810511,0
132,1788172695.4526982,-0.10747810272183822,-0.34105043407570146,0.067351298226182,1.0396744852513333,-2.9644605774049917,0.0003120025839711869,-1.5658677260028284,-1.3679993788348597,-2.337996784840719,-1.0061710516559046,1.5707626342773438,-0.6696909109698694,0
133,1788172695.4949532,-0.10591568773687599,-0.340438465252902,0.067374828474325,1.0396794008613832,-2.96442255584109,0.0004169887991502278,-1.5612509886371058,-1.3648689428912562,-2.3402629534350794,-1.0069611708270472,1.5707507133483887,-0.6650851408587855,0
134,1788172695.538894,-0.10400341162954614,-0.33978085596629326,0.0673159213774662,1.0392588217950947,-2.9646513860615316,0.0001232780741002269,-1.5555909315692347,-1.3615949789630335,-2.342792336140768,-1.0079076925860804,1.5707626342773438,-0.6591241995440882,0
135,1788172695.5816047,-0.10256993051211398,-0.33922161482668556,0.06732517373549043,-1.0392899054751603,2.964687972285137,0.00012959468436251262,-1.5513337294207972,-1.3588841597186487,-2.344698969517843,-1.0088895002948206,1.5707865953445435,-0.6548779646502894,0
136,1788172695.6245072,-0.1016129212675388,-0.33869656474894444,0.067305288162852,-1.039358508149162,2.964657245547362,0.0002826949961068092,-1.548443619404928,-1.3566773573504847,-2.3463414351092737,-1.0095484892474573,1.5707626342773438,-0.6520355383502405,0
137,1788172695.6682825,-0.10133646994813417,-0.33815543240915125,0.06731128140613424,1.0396265179232678,-2.9645681996495385,-0.0002035231925762676,-1.547568146382467,-1.3548787275897425,-2.3476482073413294,-1.009979550038473,1.570738673210144,-0.6513398329364222,0
138,1788172695.7136722,-0.10107525934501076,-0.3377896766987477,0.06737880389207207,1.039719930017678,-2.9644928273825095,0.00017447412121963224,-1.546788517628805,-1.353403393422262,-2.3485832850085657,-1.0102785269366663,1.5707746744155884,-0.6506322065936487,0
139,1788172695.757055,-0.10098737537520817,-0.3376121538912786,0.06740336738894967,1.0395610193924196,-2.9644968945818477,0.00022764128677272858,-1.5464890638934534,-1.3527558485614222,-2.3489914576159876,-1.0104706923114222,1.570738673210144,-0.6502364317523401,0
140,1788172695.7983801,-0.10098401896745866,-0.33763711402080293,0.06740899187338703,1.039582456715267,-2.9645014370816023,0.00023382016155221164,-1.5464890638934534,-1.3528159300433558,-2.348931137715475,-1.0104706923114222,1.5707507133483887,-0.6502483526812952,0
141,1788172695.8396573,-0.10097850039361071,-0.33763903264794864,0.06739818205196493,1.0395923852455418,-2.964529738609818,0.00021049225535812213,-1.5464890638934534,-1.352851692830221,-2.348931137715475,-1.0104582945453089,1.5707746744155884,-0.6502483526812952,0
142,1788172695.8832128,-0.10098938113380201,-0.33763986022149783,0.06740047292666335,1.0396019087781496,-2.964502582401005,0.00025810949445292605,-1.5465133825885218,-1.352839771901266,-2.34894305864443,-1.0104225317584437,1.5707626342773438,-0.6502841154681605,0
143,1788172695.9266484,-0.10099525730389351,-0.3376232162006956,0.06718580713555067,1.0395451215062665,-2.964510403927253,0.0001912959733754451,-1.5465133825885218,-1.353187386189596,-2.3493271509753626,-1.0097277800189417,1.570738673210144,-0.6502483526812952,0
144,1788172695.9705803,-0.10099089292818479,-0.3375776149875238,0.06583304537302648,1.0395514730011202,-2.964585082758674,-3.868909018054006e-05,-1.5465133825885218,-1.3555262724505823,-2.3516646067248743,-1.0052130858050745,1.5707626342773438,-0.6502364317523401,0
145,1788172696.0134532,-0.10098750568085174,-0.3375460289532717,0.06387685185864722,-1.0395926926947734,2.964528318543215,0.0004986794212013469,-1.5465009848224085,-1.3590758482562464,-2.3549140135394495,-0.9987219015704554,1.5707626342773438,-0.6502607504474085,0
146,1788172696.0527625,-0.10099462388924636,-0.33747828104493777,0.06081284790618394,-1.0395768334393696,2.964483044131507,0.0008533771221137331,-1.5465009848224085,-1.3645690123187464,-2.3601537386523646,-0.9882186094867151,1.570738673210144,-0.6502607504474085,0
147,1788172696.092177,-0.10099065287496198,-0.3375874986590167,0.05903623818277512,1.039589391258463,-2.96457777606921,-6.612555824275815e-05,-1.5465133825885218,-1.367927376423971,-2.3632705847369593,-0.9812243620501917,1.5707626342773438,-0.6502607504474085,0
148,1788172696.1339514,-0.10097703414427386,-0.3375873667061654,0.05725219647752455,-1.039606965767088,2.9645713069030815,0.00015679839726878502,-1.5464890638934534,-1.3712971846209925,-2.366244379674093,-0.9749491850482386,1.5707865953445435,-0.6502483526812952,0
149,1788172696.1775026,-0.10099376938974534,-0.3375712696795083,0.0552850956963612,1.0395500768247732,-2.964581098199268,-7.901647875515591e-05,-1.5465133825885218,-1.3749669233905237,-2.369612995778219,-0.9678471724139612,1.5707507133483887,-0.6502364317523401,0
150,1788172696.220435,-0.10097767057866655,-0.33762191744826486,0.053742325999943386,1.0395674243122712,-2.9645151505396616,0.00025597836305472525,-1.5464771429644983,-1.377965275441305,-2.3722270170794886,-0.9620145002948206,1.5707626342773438,-0.6502245108233851,0
151,1788172696.2622344,-0.10098953296074967,-0.33757463248053665,0.052405753209203404,1.039547236249225,-2.9645707377130996,-2.6994263522223712e-05,-1.5465009848224085,-1.3805201689349573,-2.374420944844381,-0.9574511686908167,1.5707507133483887,-0.6502245108233851,0
152,1788172696.3048027,-0.10096971121577444,-0.33755040657281354,0.05108410853609244,-1.039577569873128,2.964544074456995,0.00014508726785935648,-1.5464890638934534,-1.3830869833575647,-2.3765912691699427,-0.9528163115130823,1.5708225965499878,-0.6502364317523401,0
153,1788172696.3478851,-0.10099137333814627,-0.3376091286343982,0.050099056787362484,1.039538084271113,-2.9645469099466757,0.00021904157381482465,-1.5465253035174769,-1.3850896994220179,-2.3782456556903284,-0.9489000479327601,1.5707746744155884,-0.6502483526812952,0
154,1788172696.391881,-0.10097124813678347,-0.33760866062623,0.04927408265543726,1.0396531739370598,-2.9645310632737085,0.0001068079934284756,-1.5464652220355433,-1.386744801198141,-2.379564348851339,-0.9460013548480433,1.5707746744155884,-0.6502607504474085,0
155,1788172696.4334698,-0.10097931942789594,-0.33749336866209445,0.049225787195419396,1.0395197000694654,-2.9644922193953835,0.0005597304587327594,-1.5464890638934534,-1.3863967100726526,-2.3800681273089808,-0.9455464521991175,1.5707865953445435,-0.65021258989443,0
156,1788172696.477638,-0.10099784199147159,-0.336843476511711,0.04922223276416579,1.0393761386992522,-2.964596626016449,0.00025147533686922037,-1.5464890638934534,-1.3846939245807093,-2.3813028971301478,-0.9462168852435511,1.5707746744155884,-0.6501043478595179,0
157,1788172696.5220873,-0.10102361773214409,-0.3350234252585797,0.04915110251354177,-1.0392460858366384,2.964680678370621,0.0004185912811048638,-1.5464170614825647,-1.3799565474139612,-2.3849478403674524,-0.9477499167071741,1.5707507133483887,-0.6499365011798304,0
158,1788172696.5652611,-0.10102563721494255,-0.3334153784801187,0.04915870191297175,-1.0392070663551736,2.964682592255,0.00035036034595380686,-1.546321217213766,-1.375411335621969,-2.3883169333087366,-0.948888127003805,1.5707746744155884,-0.6498168150531214,0
159,1788172696.6083114,-0.10101735221535345,-0.33187924055381735,0.04921665718264048,1.0392927897650612,-2.964700716480877,-0.00021405739069005572,-1.5461652914630335,-1.3709014097796839,-2.391494337712423,-0.9501217047320765,1.5707507133483887,-0.6497085730182093,0
160,1788172696.6500776,-0.10101893085566864,-0.3310139737479187,0.049199904357937335,1.0393451495632156,-2.964678006586843,-0.00019410015272421967,-1.5461052099811,-1.368479077016012,-2.3933287302600306,-0.9506962935077112,1.5707507133483887,-0.6496847311602991,0
161,1788172696.6920521,-0.10102215474848027,-0.3309464589861886,0.04921313135281191,1.0393455515914571,-2.964622563345777,-6.27660659609618e-05,-1.5460932890521448,-1.3682153860675257,-2.3935087362872522,-0.9506843725787562,1.570726752281189,-0.6496847311602991,0
162,1788172696.7356627,-0.10101525140567048,-0.33095720074053225,0.049231092721354563,1.0393608615342562,-2.9646096439605767,3.279461196800009e-05,-1.5460813681231897,-1.3681791464435022,-2.393496815358297,-0.9506724516498011,1.570738673210144,-0.6496847311602991,0
163,1788172696.7773068,-0.10101083604230357,-0.33092918051289616,0.049203960474318964,1.0394728594761107,-2.9645895003242586,-0.00011586503645678979,-1.5460575262652796,-1.3681910673724573,-2.3935447374926966,-0.9507082144366663,1.570726752281189,-0.6497324148761194,0
164,1788172696.8192651,-0.10099562228323578,-0.3309529602553765,0.04901733635808453,1.0394303787991026,-2.9645815438344933,4.990401523822938e-05,-1.5460212866412562,-1.3685749212848108,-2.3938801924334925,-0.9498818556415003,1.570738673210144,-0.6496723333941858,0
165,1788172696.8616724,-0.1009762662442766,-0.3309763924775675,0.04824365140216025,1.039495888454564,-2.9645963346359805,0.00012151009963773969,-1.545997444783346,-1.3701818625079554,-2.3951390425311487,-0.9469836393939417,1.5707865953445435,-0.6496847311602991,0
166,1788172696.902758,-0.10095796485184562,-0.331019967243499,0.04739041919878653,1.0395325032247436,-2.964530975276548,0.0004848126506412069,-1.5459616819964808,-1.3719208876239222,-2.39661413828005,-0.9435341993915003,1.5708105564117432,-0.6496847311602991,0
167,1788172696.9447055,-0.10074887838811115,-0.33094722055281117,0.04640905110737656,1.03960238947849,-2.964560519351605,-6.897519549315074e-05,-1.5452778975116175,-1.3736837545977991,-2.398304287587301,-0.940432373677389,1.5707507133483887,-0.6490367094623011,0
168,1788172696.9875503,-0.09991429781749835,-0.33094664020926434,0.046124639430819736,1.0400707225816452,-2.964415746294717,-0.00015981380341063855,-1.5427354017840784,-1.3735759894000452,-2.3992634455310267,-0.9396417776690882,1.5707507133483887,-0.6468060652362269,0
169,1788172697.0307436,-0.09863503099354773,-0.33096969315924746,0.046141545248756105,-1.0399291705203164,2.9644738368509156,8.776428391103065e-05,-1.5388620535479944,-1.3725088278399866,-2.4000068346606653,-0.9399288336383265,1.5707865953445435,-0.6428354422198694,0
170,1788172697.0729141,-0.09731898302003612,-0.33098191027165397,0.04615809414411681,1.0394525858445078,-2.9645384967574535,9.434140172218789e-05,-1.5347965399371546,-1.3713215033160608,-2.400870148335592,-0.9401090780841272,1.5707147121429443,-0.6384699980365198,0
171,1788172697.1117694,-0.09648648972053288,-0.3309791357753047,0.04611967263156008,1.0392171768845107,-2.9646684327976023,5.950666423014308e-05,-1.5322783629046839,-1.370721165333883,-2.401421610509054,-0.9401925245868128,1.5707507133483887,-0.6357830206500452,0
172,1788172697.1515672,-0.09640051519178405,-0.3310309524644438,0.04613641885121486,1.0391510241392896,-2.9647083976390682,0.00010674902023530656,-1.5320385138141077,-1.3707574049579065,-2.4013493696795862,-0.9402044455157679,1.5707746744155884,-0.6354950110064905,0
173,1788172697.1933422,-0.09640743014767893,-0.3310241812657392,0.04612866896391141,1.0390942502879257,-2.9647162512768963,0.00010047376669254415,-1.5320504347430628,-1.3707574049579065,-2.4013736883746546,-0.9401806036578577,1.5707626342773438,-0.6354711691485804,0
174,1788172697.235611,-0.09640298470868744,-0.3310382070437541,0.04613449942760439,1.0391472632517469,-2.9646976699876295,0.00010047324702284249,-1.5320385138141077,-1.370781723652975,-2.401337448750631,-0.9401925245868128,1.5707626342773438,-0.6354950110064905,0
175,1788172697.2780106,-0.09640019747103344,-0.33103914595167916,0.04614245289482383,1.0392377654771388,-2.964670561664695,0.0001425418526683622,-1.5320385138141077,-1.3707574049579065,-2.401337448750631,-0.9401925245868128,1.5707746744155884,-0.6355550924884241,0
176,1788172697.3197622,-0.09641213018473384,-0.33104415746706467,0.04614856419282384,1.039294333288199,-2.964603269284354,0.00017888566245386752,-1.5320504347430628,-1.3707454840289515,-2.401337448750631,-0.9401691595660608,1.570738673210144,-0.6356151739703577,0
177,1788172697.3639457,-0.09642023873646513,-0.33099567990270623,0.045932653197097745,1.0393490627359605,-2.9646461666822175,7.756626967572048e-06,-1.532086197529928,-1.371117893849508,-2.4017096201526087,-0.9395459334002894,1.5707626342773438,-0.6356747786151331,0
178,1788172697.405402,-0.09639570359622938,-0.3310544117710954,0.04533337543211349,1.0395922572728564,-2.96448411446422,0.00044176125726193104,-1.5320265928851526,-1.3723767439471644,-2.402764622365133,-0.9369466940509241,1.5707746744155884,-0.6357954184161585,0
179,1788172697.4462314,-0.09640939009566299,-0.3309330202220873,0.04392806856182552,-1.0395366416468654,2.964612956759954,8.283175207008471e-05,-1.5320623556720179,-1.3751228491412562,-2.405090395604269,-0.932227913533346,1.5707865953445435,-0.6357706228839319,0
180,1788172697.4879124,-0.09641094593192319,-0.3309334871224815,0.04239276252392518,1.0395652138631055,-2.9645789984652864,-3.3766544392760026e-05,-1.5320504347430628,-1.3783252874957483,-2.4076204935656946,-0.926455322896139,1.5707626342773438,-0.6357830206500452,0
181,1788172697.5304165,-0.09641507864236466,-0.3310687578552868,0.04200405704349486,1.0394445494657478,-2.964406991405127,0.0008700063167036828,-1.5320623556720179,-1.3792608420001429,-2.40835148492922,-0.9241793791400355,1.570738673210144,-0.6357587019549769,0
182,1788172697.5734549,-0.09640321805160085,-0.3309916179819878,0.04146361002444557,1.03956823604735,-2.9645287730388223,0.000330942480321406,-1.5320504347430628,-1.3803523222552698,-2.4091549555407923,-0.9226582686053675,1.5707865953445435,-0.6357954184161585,0
183,1788172697.615592,-0.09641188245142913,-0.3309795869272713,0.04103754695366754,1.039552739076705,-2.9645434328502716,9.495285451115259e-05,-1.5320504347430628,-1.3812878767596644,-2.409778420125143,-0.9212454001056116,1.5707507133483887,-0.6357830206500452,0
184,1788172697.6575468,-0.0964258264620765,-0.3309217274888948,0.04067642794698345,-1.0395338803394953,2.96460053297452,0.00033887029613089255,-1.532086197529928,-1.3820317427264612,-2.4102938810931605,-0.9202750364886683,1.5707507133483887,-0.6357954184161585,0
185,1788172697.7014809,-0.09640725001754817,-0.33095786681284317,0.04040692247414629,-1.0395654836327326,2.9645797602675286,0.0002576442669909255,-1.5320504347430628,-1.382679287587301,-2.410689655934469,-0.9191849867450159,1.5707746744155884,-0.6357830206500452,0
186,1788172697.7450655,-0.09641196109674689,-0.3309775581654949,0.03993470656942072,1.039593939410222,-2.964545482533475,1.549010897356634e-05,-1.5320504347430628,-1.383662525807516,-2.4115293661700647,-0.9171727339373987,1.5707507133483887,-0.6358073393451136,0
187,1788172697.787101,-0.09641791047620774,-0.3309847692098702,0.039336140329170904,1.0395382473137023,-2.964556427726399,0.00018476574613669508,-1.532086197529928,-1.3849337736712855,-2.4125359694110315,-0.9147895018206995,1.5707746744155884,-0.6358073393451136,0
188,1788172697.830264,-0.09640316797553408,-0.33096254156248006,0.03816110107196238,1.0396234588231257,-2.9645730718556824,-3.9300805727653996e-05,-1.5320385138141077,-1.3874643484698694,-2.414382282887594,-0.9105618635760706,1.5707746744155884,-0.6358073393451136,0
189,1788172697.8734906,-0.0964092918601833,-0.33100583520965904,0.03684922101018501,1.0395688516752795,-2.9645305326190625,0.000257784438281605,-1.5320623556720179,-1.3903668562518519,-2.416504685078756,-0.9053390661822718,1.5707746744155884,-0.6358073393451136,0
190,1788172697.9156299,-0.09641470071423203,-0.3310379283984182,0.03574972481216007,1.0395480864281126,-2.964471335534294,0.00051350058591605,-1.532074276600973,-1.392801586781637,-2.418290917073385,-0.9009440580951136,1.5707626342773438,-0.6358192602740687,0
191,1788172697.9583974,-0.09641044757321753,-0.33094634287775376,0.03464918857871077,1.0396235268351781,-2.964573262008891,-0.00010463966435266144,-1.5320504347430628,-1.3951519171344202,-2.419969622288839,-0.8973267714129847,1.5707626342773438,-0.6358192602740687,0
192,1788172698.0002036,-0.09641405658482587,-0.3309538681341334,0.03349484208487699,1.03958639932414,-2.964580560642121,-7.707812226938416e-05,-1.5320623556720179,-1.3977425734149378,-2.4217804113971155,-0.8929069677935999,1.5707626342773438,-0.6358073393451136,0
193,1788172698.0438032,-0.09640434418793356,-0.3310328263396942,0.03254210333441046,1.039622627378705,-2.964514126882013,0.00024597214990665616,-1.5320504347430628,-1.4000094572650355,-2.4232426325427454,-0.8889663855182093,1.5707746744155884,-0.6358311812030237,0
194,1788172698.0866165,-0.09642447390703769,-0.33103786354718806,0.03162019430204141,1.0395238159094105,-2.964458729598176,0.0002957971987716351,-1.5320623556720179,-1.4020846525775355,-2.4247055689441126,-0.8853729406939905,1.5707027912139893,-0.6357954184161585,0
195,1788172698.125279,-0.0964021113508049,-0.33108027408422347,0.030592149712057898,1.0395645701520753,-2.964461711831047,0.0007876177827556875,-1.532074276600973,-1.4044230620013636,-2.426396195088522,-0.8810494581805628,1.5708105564117432,-0.6358311812030237,0
196,1788172698.164003,-0.09641590937017737,-0.33104732150911476,0.029841992651867738,1.0395289447408367,-2.9644733452394454,0.0004082995734642455,-1.5320623556720179,-1.4061382452594202,-2.4274869600879114,-0.8784740606891077,1.570738673210144,-0.6357954184161585,0
197,1788172698.2054687,-0.09641665922167533,-0.3309873750345876,0.028894201245097395,1.03957911124236,-2.9645597832935517,3.531383686424234e-05,-1.532074276600973,-1.4082611242877405,-2.4289138952838343,-0.8751800696002405,1.5707626342773438,-0.6358192602740687,0
198,1788172698.246433,-0.09641935759186644,-0.33092797574031957,0.028022105893627636,1.0396409907137127,-2.9645664530194837,-0.0002930286152760872,-1.5320504347430628,-1.410191837941305,-2.4302569071399134,-0.8721140066729944,1.570726752281189,-0.6358311812030237,0
199,1788172698.2897224,-0.09640640319064334,-0.33095005000646593,0.027167489731683953,1.0396069004406867,-2.9645824344672334,-0.00012074672802817851,-1.5320385138141077,-1.4121950308429163,-2.431587521229879,-0.8686764875995081,1.5707626342773438,-0.6357954184161585,0
200,1788172698.3316064,-0.09640551174061911,-0.3309324492798872,0.026661058918307168,-1.0395950657978263,2.9645486874985996,0.0002936554832150531,-1.5320504347430628,-1.4133828322040003,-2.432318989430563,-0.8668797651873987,1.5707865953445435,-0.6358073393451136,0
201,1788172698.3737257,-0.09641736088576575,-0.3309692635477335,0.02626805767205012,1.0395438173756135,-2.9645723084363285,3.4598755009427506e-05,-1.532074276600973,-1.4143183867083948,-2.4329784552203577,-0.865058724080221,1.5707626342773438,-0.6357954184161585,0
202,1788172698.4158938,-0.0964213176267734,-0.3310084380125428,0.025897026483056362,1.0395553468936694,-2.9644920393441416,0.0002737183207063006,-1.532074276600973,-1.4152291456805628,-2.433565680180685,-0.8633940855609339,1.570738673210144,-0.6358192602740687,0
203,1788172698.4588265,-0.0965946324462659,-0.33117158584824163,0.02568555697650632,1.0397084919852497,-2.9643629646638425,0.00057154612354036,-1.532614533101217,-1.416236702595846,-2.43355375925173,-0.8621962706195276,1.570726752281189,-0.6364787260638636,0
204,1788172698.5019412,-0.0971465456917709,-0.33161456293301106,0.02569067979123943,1.0397920660233435,-2.964372656700301,0.0005085133269129615,-1.534365479146139,-1.4179280439959925,-2.4321990648852747,-0.8619087378131312,1.5707507133483887,-0.638277832661764,0
205,1788172698.5435123,-0.09825806223962429,-0.33243912338578097,0.025604167709303294,1.0399033857179898,-2.96445916471912,-2.760054319000221e-05,-1.5378430525409144,-1.4214661757098597,-2.4295969645129603,-0.8613336722003382,1.5707626342773438,-0.6418040434466761,0
206,1788172698.5849283,-0.099870977820399,-0.3331424642959816,0.025609183885662412,-1.0397309459363164,2.964531012826247,0.00020543165805961966,-1.542807404194967,-1.4247649351703089,-2.4269357363330286,-0.8608186880694788,1.5707746744155884,-0.6466496626483362,0
207,1788172698.628618,-0.10148725702216967,-0.33383118121086025,0.02561247244622844,-1.0396413924236851,2.9645540318443864,0.0003015936748268628,-1.5477364698993128,-1.428002659474508,-2.424333635960714,-0.8602436224566858,1.5707626342773438,-0.651520077382223,0
208,1788172698.6698334,-0.10297409469457718,-0.3344441100060967,0.025622635761271634,-1.039584836031312,2.964560233034669,0.00041822673710053534,-1.5522449652301233,-1.4309175650226038,-2.421948019658224,-0.8597887198077601,1.5707507133483887,-0.6559932867633265,0
209,1788172698.7140856,-0.10430845041912534,-0.3349536811713282,0.025606907868543555,-1.0396931863513492,2.9645206539098683,0.00036088501429422354,-1.5562856833087366,-1.4334481398211878,-2.4199815432177942,-0.8591902891742151,1.5707626342773438,-0.660107437764303,0
210,1788172698.7540197,-0.10459977416438071,-0.335029230125682,0.025592188414309103,-1.0399961070842416,2.964417960943293,0.0005211273834927454,-1.5571377913104456,-1.4339636007892054,-2.4195860067950647,-0.8591659704791468,1.570726752281189,-0.6611631552325647,0
211,1788172698.7916682,-0.10458441458890136,-0.334971738043716,0.025562815368174813,-1.039780156391373,2.964429146806477,0.0006292402241236591,-1.5571139494525355,-1.43390399614443,-2.419705931340353,-0.8591902891742151,1.5707626342773438,-0.6610072294818323,0
212,1788172698.8307574,-0.10458190592093247,-0.33477317423743486,0.025566780866090627,-1.0398547536417277,2.964415519480139,0.0006327124935586006,-1.5570901075946253,-1.4333518187152308,-2.4201372305499476,-0.8593094984637659,1.5707507133483887,-0.6610310713397425,0
213,1788172698.8679562,-0.10459000887772313,-0.3338928865002244,0.025613753184091537,1.0397020789863343,-2.964548281032036,-0.00016759742363118844,-1.5570781866656702,-1.430737320576803,-2.422175709401266,-0.8595731894122522,1.5707507133483887,-0.6608994642840784,0
214,1788172698.9078236,-0.10459573370452988,-0.33269000811223476,0.025652700928788297,1.039533258959245,-2.964578413646428,1.9801502530475483e-05,-1.5570538679706019,-1.427331272755758,-2.4248014132129114,-0.8602317015277308,1.5707626342773438,-0.6607673803912562,0
215,1788172698.9478662,-0.10455901828690228,-0.33133262669314717,0.025693938729349663,1.0393481455974838,-2.9645620702446407,0.00037916855525316575,-1.5568860212909144,-1.4233973662005823,-2.42785889307131,-0.8608668486224573,1.5707626342773438,-0.6604917685138147,0
216,1788172698.9857655,-0.10446546609566766,-0.3306666058496117,0.02568129190350421,1.0390386535113882,-2.964645957577243,0.0004886243180592568,-1.5565736929522913,-1.421490494404928,-2.4294291178332728,-0.8611300627337855,1.5707626342773438,-0.659975830708639,0
217,1788172699.0256019,-0.10446543364967478,-0.3306688869886161,0.02567990877811402,1.0390715138238855,-2.9646264944379057,0.0005237790931214544,-1.5565736929522913,-1.421490494404928,-2.429441277180807,-0.8610942999469202,1.5707626342773438,-0.6599996725665491,0
218,1788172699.0660272,-0.10447266719874422,-0.33063858801778245,0.025669646066284912,1.0390367083773182,-2.9646426791143123,0.0004471659139426434,-1.5565860907184046,-1.4214542547809046,-2.4294891993152063,-0.8611300627337855,1.5707507133483887,-0.659987751637594,0
219,1788172699.105186,-0.10447222178458637,-0.3306699305077058,0.025691837189799033,1.0390455859199275,-2.964611406497919,0.0005718126938885689,-1.5565860907184046,-1.4214542547809046,-2.429441277180807,-0.8610942999469202,1.5707507133483887,-0.6599996725665491,0
220,1788172699.143975,-0.10447215365693353,-0.3306747244510573,0.025690217378147168,1.0390442831853823,-2.964607690868108,0.0005902789028696248,-1.5565860907184046,-1.4214661757098597,-2.429441277180807,-0.8610699812518519,1.5707507133483887,-0.6599996725665491,0
221,1788172699.1824682,-0.10446187261743779,-0.33064337839584396,0.025669270586828746,1.0391130916877032,-2.9646318967261833,0.000435352609195808,-1.5565617720233362,-1.4214661757098597,-2.4294772783862513,-0.8611419836627405,1.5707626342773438,-0.6600115934955042,0
222,1788172699.2187984,-0.10445906063843555,-0.3306738970907201,0.025686345189040588,1.039169988996822,-2.9645678215378712,0.0005121882827895649,-1.556537930165426,-1.421478573475973,-2.4294291178332728,-0.8611181418048304,1.570738673210144,-0.6600354353534144,0
223,1788172699.2576458,-0.10434990480765191,-0.33066232045295046,0.02567974951673363,1.0391737291650442,-2.964578481275544,0.0005193370180739425,-1.5562141577350062,-1.4213698546039026,-2.4295371214496058,-0.8611181418048304,1.5707507133483887,-0.6597116629229944,0
224,1788172699.2968228,-0.10358310618833215,-0.3306005671550353,0.025636831658549103,1.0396542619748232,-2.9644708094066448,0.00013233916492237752,-1.553863827382223,-1.420734707509176,-2.430100981389181,-0.8614414373980921,1.570726752281189,-0.6576727072345179,0
225,1788172699.3355687,-0.10279843692486043,-0.3305969388433333,0.025627616086531357,1.0395447364593595,-2.9645613508263677,7.919848417995491e-05,-1.5515015761004847,-1.4200990835772913,-2.4306164423571985,-0.8616092840777796,1.5707626342773438,-0.6552255789386194,0
226,1788172699.37629,-0.10250340120645114,-0.3306323577530047,0.025631206410642732,1.039828475347547,-2.9644583213852718,0.0001559697964481312,-1.5506141821490687,-1.4199193159686487,-2.430760685597555,-0.8615973631488245,1.5707746744155884,-0.6545303503619593,0
227,1788172699.4149415,-0.10252444731015813,-0.3306369535722103,0.025628906937502083,1.039911903027561,-2.9644087864859707,0.00012678626116261968,-1.550661865864889,-1.419955078755514,-2.4307366053210657,-0.8615973631488245,1.5707507133483887,-0.6546385923968714,0
228,1788172699.451694,-0.1025232811291992,-0.33061765725554165,0.025626373601798702,1.0399067457272735,-2.9644506443710683,6.665439451859518e-05,-1.550673786793844,-1.4199312368976038,-2.430748526250021,-0.8616574446307581,1.5707746744155884,-0.6546385923968714,0
229,1788172699.4899466,-0.10253480864649753,-0.330588605271028,0.025604700705479988,1.0398515773375805,-2.9644653288216785,-0.00015359173305917124,-1.550673786793844,-1.419955078755514,-2.430760685597555,-0.8617532888995569,1.570726752281189,-0.654602352772848,0
230,1788172699.5270793,-0.10251121217076264,-0.33058337108291835,0.025607499253670424,-1.0399288471048427,2.964461589401588,0.00026090310057758813,-1.550626579915182,-1.419955078755514,-2.4307246843921106,-0.8618729750262659,1.5707626342773438,-0.654602352772848,0
231,1788172699.5670824,-0.10252044895559059,-0.3305638020223523,0.025601206166559837,-1.0399428839223357,2.9644405141929466,0.0002731471100350111,-1.550661865864889,-1.4199312368976038,-2.430760685597555,-0.8618729750262659,1.5707746744155884,-0.6546505133258265,0
232,1788172699.606849,-0.10252254116338057,-0.3305371608325137,0.025425883385975928,-1.0399088799236382,2.964456700102254,0.0003745551264800643,-1.5506499449359339,-1.420290772114889,-2.4310482184039515,-0.8612859884845179,1.5707507133483887,-0.6546147505389612,0
233,1788172699.6463253,-0.10253439125964288,-0.3304740868556281,0.024815004033966248,-1.0398199563044013,2.9644317052274904,0.0006885800791432602,-1.550673786793844,-1.4216464201556605,-2.4319713751422327,-0.8592136541949671,1.570738673210144,-0.6545904318438929,0
234,1788172699.6841974,-0.10251201450313245,-0.3304073067041866,0.023441868413831085,-1.0399397655598512,2.964264168973729,0.001073319271708042,-1.550626579915182,-1.4248126188861292,-2.434021536503927,-0.8542669455157679,1.5707746744155884,-0.6546505133258265,0
235,1788172699.7225113,-0.10252253993120829,-0.3304021241390127,0.02245851042467631,-1.0397870450752678,2.9643401471944686,0.001032980687499335,-1.5506499449359339,-1.4271395842181605,-2.4355202356921595,-0.850410286580221,1.5707626342773438,-0.6545661131488245,0
236,1788172699.7594001,-0.10251968083545326,-0.3305440210247809,0.022040158421731904,1.0396284848896673,-2.964569294042366,-8.904016103530675e-05,-1.5506499449359339,-1.428279225026266,-2.436239544545309,-0.8479188124286097,1.5707626342773438,-0.6544225851642054,0
237,1788172699.7977204,-0.1025201779681092,-0.330596524803471,0.02195571497658219,1.0395737306378516,-2.964528600929959,6.077064848159024e-05,-1.5506380240069788,-1.4285786787616175,-2.4363234678851526,-0.8474271933185022,1.570738673210144,-0.6543863455401819,0
238,1788172699.8345783,-0.10252795856953428,-0.33057983352467696,0.02195851132771401,1.0395119337511858,-2.9645787157463928,0.00011363011833718367,-1.5506857077227991,-1.4285309950457972,-2.436359469090597,-0.8474152723895472,1.5707746744155884,-0.6543863455401819,0
239,1788172699.8748813,-0.1025370310025947,-0.3306033088602216,0.021982751295489572,1.0394773326429898,-2.9645389032551694,0.00022749497499348662,-1.5506981054889124,-1.4285066763507288,-2.4363234678851526,-0.847391430531637,1.5707507133483887,-0.6543863455401819,0
240,1788172699.916563,-0.10251274447110117,-0.33061672609842585,0.0219885592800117,1.0395398257730615,-2.964545082390579,0.00028137080975665303,-1.5506499449359339,-1.4285066763507288,-2.4363115469561976,-0.8473790327655237,1.5707865953445435,-0.6543744246112269,0
241,1788172699.9554949,-0.10251657614517294,-0.3306209455611099,0.021990817020275583,1.0394666847823046,-2.964562849502643,0.0003169540926326845,-1.550661865864889,-1.4285066763507288,-2.4363115469561976,-0.8473551909076136,1.5707865953445435,-0.6543386618243616,0
242,1788172699.9964757,-0.10251920700121034,-0.3306446853742221,0.021917376615889272,1.0395465729424547,-2.9644511919311034,0.0004532343803401088,-1.5506380240069788,-1.4286983648883265,-2.4364433924304407,-0.8469246069537562,1.570738673210144,-0.6543863455401819,0
243,1788172700.0360003,-0.102533301574018,-0.33058621801672566,0.02127768285031509,1.0391692721346515,-2.9646834730797194,6.240692757881695e-05,-1.5506857077227991,-1.430197540913717,-2.4373424688922327,-0.8447921911822718,1.5707507133483887,-0.6541584173785608,0
244,1788172700.0741277,-0.10252127463819666,-0.33052279907920923,0.020092324283997903,-1.037915494649527,2.965150609636429,0.0002753192197917179,-1.550661865864889,-1.4329803625689905,-2.4390934149371546,-0.8404925505267542,1.5707746744155884,-0.6532829443560999,0
245,1788172700.111629,-0.10253430179698764,-0.3305364886387466,0.019066129123627734,1.0369813904506284,-2.965504079476312,-0.00018489216090269902,-1.5506857077227991,-1.4354985396014612,-2.440615717564718,-0.8363836447345179,1.5707507133483887,-0.6526711622821253,0
246,1788172700.1504252,-0.1025167361773438,-0.330495853711077,0.018154842491373224,-1.0367946512115722,2.965485120836657,0.0005972848051091384,-1.5506380240069788,-1.4377177397357386,-2.4418748060809534,-0.8331854979144495,1.5707626342773438,-0.6525152365313929,0
247,1788172700.1897728,-0.10251143798933143,-0.3305721766204789,0.018156537627390223,1.0370001381685041,-2.965503237819168,-0.00015059340618376604,-1.550626579915182,-1.4378016630755823,-2.4418988863574427,-0.832778278981344,1.5707626342773438,-0.652623478566305,0
248,1788172700.230467,-0.10252406860704823,-0.33057852834403606,0.01817483735230055,-1.0368777115656496,2.9655502376591176,0.000108762473669576,-1.550673786793844,-1.4377778212176722,-2.4418628851519983,-0.8328140417682093,1.5707746744155884,-0.6525872389422815,0
249,1788172700.269262,-0.10251652623230133,-0.3305641351099255,0.01816505568349558,-1.0369821337211078,2.9655062123057996,0.00014399971770244805,-1.5506499449359339,-1.4377654234515589,-2.4418988863574427,-0.8328140417682093,1.5707746744155884,-0.6526353994952601,0
250,1788172700.3068938,-0.10251746960036495,-0.3305944934011255,0.018185753502915986,1.0369720136087315,-2.9654772740225672,-4.856764855194565e-05,-1.5506380240069788,-1.4377654234515589,-2.4418509642230433,-0.8327901999102991,1.5707507133483887,-0.652623478566305,0
251,1788172700.344717,-0.10251781286773577,-0.33057746712260655,0.018163547607787656,1.036997081981637,-2.9654922263686325,-0.00015606049072912516,-1.5506380240069788,-1.4378016630755823,-2.4418748060809534,-0.8328021208392542,1.5707507133483887,-0.6526353994952601,0
252,1788172700.383684,-0.10252133906722233,-0.33057889806122714,0.018177168422913836,-1.0369795920855183,2.9654989466551296,0.00012073453713885747,-1.550673786793844,-1.4377778212176722,-2.4418509642230433,-0.8328378836261194,1.5707865953445435,-0.6526592413531702,0
253,1788172700.4238045,-0.10253225196718581,-0.330580385679919,0.018182668525543372,1.0369353828686592,-2.9654859726617446,-9.075573004431373e-05,-1.550673786793844,-1.437753979359762,-2.4418628851519983,-0.8328140417682093,1.570738673210144,-0.6526353994952601,0
254,1788172700.462801,-0.10252278345067437,-0.33058440193610955,0.01817317829369397,1.0369794743141827,-2.965498607337554,-9.684733994327595e-05,-1.550661865864889,-1.4377897421466272,-2.4418628851519983,-0.8327901999102991,1.5707626342773438,-0.6526473204242151,1
255,1788172700.5016637,-0.1025152045952869,-0.33057182114814165,0.018172065862389425,1.0370007721559826,-2.965502781711369,-0.00014952573258302272,-1.5506380240069788,-1.4377654234515589,-2.4418748060809534,-0.8328378836261194,1.5707626342773438,-0.6526353994952601,1
256,1788172700.5396361,-0.10252289304006391,-0.33057895979484897,0.01817092201982906,1.0369995980000577,-2.965499424891035,-0.00013244096623707643,-1.550661865864889,-1.4377897421466272,-2.4418628851519983,-0.8328140417682093,1.5707626342773438,-0.6526592413531702,1
257,1788172700.5785477,-0.10253063961333585,-0.3305832280359593,0.01817942481554896,1.03694412297819,-2.965510969573013,-9.684763876425518e-05,-1.5506857077227991,-1.4377778212176722,-2.4418509642230433,-0.8328140417682093,1.5707626342773438,-0.6526473204242151,1
258,1788172700.6172886,-0.10251758787572447,-0.3305886268685817,0.01818116597809699,1.037043940223471,-2.9654560497899976,-6.636562659108902e-05,-1.5506380240069788,-1.4377654234515589,-2.4418628851519983,-0.8327901999102991,1.5707507133483887,-0.6526711622821253,1
259,1788172700.6574998,-0.10251781956327904,-0.3305771350196523,0.018184940070291422,1.0370274887164257,-2.96546572987461,-8.416194557875251e-05,-1.5506380240069788,-1.4377296606646937,-2.4418748060809534,-0.8328259626971644,1.5707507133483887,-0.6526592413531702,1
260,1788172700.6947587,-0.10251362128212754,-0.330573209938247,0.018173193833182888,-1.0370149927835086,2.9654867255612407,0.00012002296734172111,-1.5506499449359339,-1.4377654234515589,-2.4418748060809534,-0.8328259626971644,1.5707865953445435,-0.6526592413531702,1
261,1788172700.7318919,-0.10251768977854868,-0.33058357242416286,0.018180337330123697,1.0369909622879492,-2.9654747323594313,-6.707652676620943e-05,-1.5506380240069788,-1.437753979359762,-2.4418748060809534,-0.8327901999102991,1.5707507133483887,-0.6526353994952601,1
262,1788172700.7706056,-0.10251382233042661,-0.3305889202547848,0.0181770938750353,1.0370268304543004,-2.9654661164931255,-8.487325152752887e-05,-1.550626579915182,-1.4377778212176722,-2.4418628851519983,-0.8327901999102991,1.5707507133483887,-0.6526473204242151,1
263,1788172700.80907,-0.10251472461813711,-0.3305763616383429,0.018158474241844386,-1.036940512426988,2.965500648639902,0.00011414103613012122,-1.550661865864889,-1.4378135840045374,-2.4418867270099085,-0.8327658812152308,1.570798635482788,-0.652623478566305,1
264,1788172700.8466501,-0.10252260420825177,-0.33059330300145134,0.017938348851336244,1.0369837581240913,-2.9654541400939807,9.784574561862443e-05,-1.550661865864889,-1.4383414427386683,-2.442270342503683,-0.831700627003805,1.5707626342773438,-0.6526592413531702,1
265,1788172700.8847983,-0.10252668457584933,-0.33052585225426157,0.016906777586291527,-1.0369102634564258,2.9655298537830572,0.00027173975237585433,-1.550661865864889,-1.4408000151263636,-2.4437690416919153,-0.827987019215719,1.5707507133483887,-0.6525991598712366,1
266,1788172700.9237542,-0.1025238554470768,-0.3305311672376392,0.01612978846868332,1.0369780300778337,-2.9654944783040906,-7.584724590234941e-05,-1.550661865864889,-1.442695442830221,-2.444968287144796,-0.8247650305377405,1.5707626342773438,-0.6526473204242151,1
267,1788172700.9634035,-0.10252160018235425,-0.3305259820114427,0.015307277544548747,-1.037071773205953,2.9654788911366325,0.0003075202711310729,-1.5506380240069788,-1.444782559071676,-2.446083132420675,-0.8217104117022913,1.570738673210144,-0.6526830832110804,1
268,1788172701.0040023,-0.10252882270060613,-0.33067356176475143,0.015391920893534389,1.0369645129619234,-2.965342408331345,0.0006341970901092304,-1.5506857077227991,-1.4447463194476526,-2.4460232893573206,-0.8211835066424769,1.5707626342773438,-0.6526950041400355,1
269,1788172701.043881,-0.1025131281234508,-0.33067481543371824,0.015386718224078832,1.0369670188051656,-2.965349572187438,0.000597907626835718,-1.5506380240069788,-1.444758717213766,-2.4460232893573206,-0.8211954275714319,1.5707626342773438,-0.6526473204242151,1
270,1788172701.084189,-0.10251217459853565,-0.33067060238392554,0.015384459525126959,1.0370003687668599,-2.9653337701911675,0.0005564918806424151,-1.550626579915182,-1.444758717213766,-2.4460232893573206,-0.8212192694293421,1.5707507133483887,-0.6526592413531702,1
271,1788172701.123468,-0.10251229370683554,-0.33066469788996905,0.015379906240930524,1.0370369421785337,-2.965324906470379,0.0005386936834179163,-1.550626579915182,-1.444758717213766,-2.4460352102862757,-0.8212192694293421,1.5707507133483887,-0.6526830832110804,1
272,1788172701.16011,-0.10250840292318569,-0.33063780230083656,0.015354398317599022,1.0370246632383213,-2.9654009361327143,0.0003950011421045087,-1.5506380240069788,-1.4447944800006312,-2.446059290562765,-0.8212674299823206,1.5707865953445435,-0.6526711622821253,1
273,1788172701.1984267,-0.1025261128249349,-0.3306135640051014,0.015179509401101965,1.0369854151644764,-2.9654021647417115,0.000330613864446288,-1.550673786793844,-1.4451897780047815,-2.4463349024402063,-0.8206318060504358,1.5707626342773438,-0.6526830832110804,1
274,1788172701.2363665,-0.10252242515534922,-0.330542918195084,0.014158656531703173,1.0366963980123372,-2.965603547218737,-0.00018417826708321423,-1.5506499449359339,-1.4476845900165003,-2.447749678288595,-0.8170631567584437,1.5707507133483887,-0.6524432341205042,1
275,1788172701.2750826,-0.10252122927053264,-0.3304080113332871,0.012869618716177228,-1.0361246380057398,2.965624745889693,0.001086137553667241,-1.5506380240069788,-1.4508031050311487,-2.4495120684253138,-0.8127864042865198,1.5707507133483887,-0.6520832220660608,1
276,1788172701.3138993,-0.10252413289898077,-0.3305173891092119,0.01233562058098478,-1.0361002711255916,2.965782151726755,0.0003513537258047198,-1.550661865864889,-1.4522784391986292,-2.450339380894796,-0.8099954763995569,1.5707626342773438,-0.6520593802081507,1
277,1788172701.3541796,-0.1025403753902132,-0.3305838685811061,0.01242425334959521,1.0360933480922694,-2.965705594607999,6.652330240949398e-05,-1.550673786793844,-1.4521225134478968,-2.4502554575549524,-0.8099358717547815,1.5707027912139893,-0.6520832220660608,1
278,1788172701.393207,-0.10252302401454605,-0.33057245562461185,0.012424248825965961,1.0360791764110753,-2.965778567531824,6.049665903106289e-05,-1.550661865864889,-1.4520981947528284,-2.4502676169024866,-0.8099716345416468,1.5707626342773438,-0.6520474592791956,1
279,1788172701.4317198,-0.10252988938262292,-0.3305611691902401,0.012412275090971314,1.0361132867877907,-2.9657626532010206,1.8368083696617885e-05,-1.550673786793844,-1.4521105925189417,-2.450291458760397,-0.8099597136126917,1.5707507133483887,-0.6520832220660608,1
280,1788172701.4698038,-0.10252136880450025,-0.3305774203926497,0.012419646780939791,1.0361031926083302,-2.965790533757,8.927753847492777e-05,-1.550673786793844,-1.4521225134478968,-2.4502676169024866,-0.8099358717547815,1.5707865953445435,-0.6520713011371058,1
281,1788172701.5074258,-0.10250616221119575,-0.3305624778842241,0.012398180729855046,1.0361970068483461,-2.9657774574227473,-6.898153755435517e-08,-1.550626579915182,-1.452146355305807,-2.450303618107931,-0.8099358717547815,1.5707865953445435,-0.6520832220660608,1
282,1788172701.5465221,-0.10250875906775682,-0.33056868659961025,0.012403387369229552,1.0361603339448469,-2.965786035973101,-4.112792247930983e-05,-1.550626579915182,-1.452158276234762,-2.4502676169024866,-0.8099835554706019,1.5707746744155884,-0.6520593802081507,1
283,1788172701.586865,-0.10251945259209701,-0.3305553486416988,0.012387655768549749,1.0358582869779727,-2.965891186668189,-0.00010039778232039895,-1.5506499449359339,-1.4521821180926722,-2.450291458760397,-0.8099716345416468,1.5707626342773438,-0.6518791357623499,1
284,1788172701.6259367,-0.10251723474661151,-0.3305882397216226,0.012194277273052861,1.0357122579167881,-2.9659274009028334,8.786014030623927e-05,-1.550661865864889,-1.4527223745929163,-2.450567070637838,-0.8090375105487269,1.5707865953445435,-0.6517956892596644,1
285,1788172701.6642144,-0.10252816865622719,-0.33058868325263274,0.011143193091802728,1.0357208774355569,-2.9658975568081702,-3.2703616036948804e-05,-1.550661865864889,-1.455433193837301,-2.4520183245288294,-0.8049405256854456,1.570738673210144,-0.6518071333514612,1
286,1788172701.7025557,-0.10250368264349333,-0.3305606192208822,0.00970423877536769,-1.0358683256989325,2.965863126186637,0.00035171785287668793,-1.5506022612201136,-1.4591272513019007,-2.453984085713522,-0.799502197896139,1.5707626342773438,-0.6518433729754847,1
287,1788172701.741362,-0.10252090086196972,-0.3306185688083661,0.009254972519305626,1.035703552126049,-2.9659024731044945,3.3332317111867105e-05,-1.5506499449359339,-1.4603622595416468,-2.4546435515033167,-0.7973459402667444,1.5707507133483887,-0.6517837683307093,1
288,1788172701.7823236,-0.1025221884299384,-0.33067195201289684,0.009313424864738684,1.035638414484301,-2.965886339313084,0.0003308683546029201,-1.550673786793844,-1.460290257130758,-2.454559866582052,-0.7973101774798792,1.5707746744155884,-0.6517718474017542,1
289,1788172701.8213403,-0.10251390197433444,-0.33069437691327724,0.009334773972418414,1.035702993980032,-2.965844089100264,0.0004202152735454478,-1.5506499449359339,-1.460266415272848,-2.4545238653766077,-0.7973101774798792,1.5707746744155884,-0.6517956892596644,1
290,1788172701.8595684,-0.10252065542250753,-0.3306900784074075,0.00934204860392876,1.035679096608536,-2.96583246184702,0.00044993447294533516,-1.550661865864889,-1.4602306524859827,-2.454535786305563,-0.7973101774798792,1.5707626342773438,-0.6517956892596644,1
291,1788172701.8989763,-0.1025221723651329,-0.330672750254062,0.009326352455034492,1.0356725237340156,-2.965870423482123,0.00034902080991635367,-1.550673786793844,-1.4602544943438929,-2.454547707234518,-0.7973459402667444,1.5707746744155884,-0.6517956892596644,1
292,1788172701.938244,-0.10250661710637315,-0.3306748689078885,0.00932522349990858,1.0357260740064163,-2.9658556540684993,0.0003312268605341974,-1.550626579915182,-1.4602544943438929,-2.454547707234518,-0.7973578611956995,1.5707746744155884,-0.6517837683307093,1
293,1788172701.9770732,-0.10252116975387378,-0.330682349409491,0.009339750213086057,1.0356555722708154,-2.9658241806775725,0.0003434413244892937,-1.5506380240069788,-1.4602306524859827,-2.4545238653766077,-0.7973817030536097,1.570726752281189,-0.6517594496356409,1
294,1788172702.0174162,-0.1025027201321506,-0.3306660993842195,0.00932457923066235,1.0357304949621446,-2.965866040027493,0.0002771210720546121,-1.5506141821490687,-1.4602425734149378,-2.454547707234518,-0.797406021748678,1.5707746744155884,-0.6517718474017542,1
295,1788172702.057184,-0.10250957588895834,-0.33057962239841215,0.00949481568853694,-1.0357479838778874,2.9659161077506737,0.00018090548591796418,-1.5506380240069788,-1.4596908728228968,-2.4542961756335657,-0.7985199133502405,1.5707865953445435,-0.6517956892596644,1
296,1788172702.096153,-0.10252749877741874,-0.33062194901355435,0.010556886441981578,1.035636853269375,-2.9658841458921184,0.00016130511457103887,-1.550661865864889,-1.456980053578512,-2.452857319508688,-0.8024247328387659,1.570738673210144,-0.6517594496356409,1
297,1788172702.137361,-0.10252889883730187,-0.33055242292491593,0.012358754397692073,1.0356716024817698,-2.9659245669939707,-7.71996943405338e-05,-1.550661865864889,-1.4522421995746058,-2.4503515402423304,-0.8098281065570276,1.570738673210144,-0.6517718474017542,1
298,1788172702.1761732,-0.10251421428196883,-0.3306209412808627,0.014926312636087208,1.035631296805617,-2.9658682361322244,0.0003634434593735413,-1.5506380240069788,-1.4458258787738245,-2.4467063585864466,-0.8196023146258753,1.5707626342773438,-0.6517356077777308,1
299,1788172702.2143233,-0.10252027615934482,-0.3306495728829355,0.018129266608030353,1.0355985188657535,-2.965831183682939,0.0005231478225006873,-1.5506499449359339,-1.4379094282733362,-2.442054573689596,-0.8320596853839319,1.5707507133483887,-0.6517356077777308,1
300,1788172702.251662,-0.10252371581440427,-0.33061531166708097,0.021254959893260206,1.0356544093610185,-2.9658776239266165,0.00016308585332043988,-1.5506499449359339,-1.430293385182516,-2.437366549168722,-0.8446009794818323,1.570738673210144,-0.6517594496356409,1
301,1788172702.2904148,-0.10252591487059405,-0.3305640754109932,0.023806837678026938,1.035685849204907,-2.9659653561873007,-0.00022404420901189705,-1.550661865864889,-1.424152676259176,-2.433493677769796,-0.8548777739154261,1.5707507133483887,-0.6517718474017542,1
302,1788172702.3273773,-0.10250848103734046,-0.3306339279084617,0.02705069578944866,1.0356465516001754,-2.965911906944331,0.00026229167565807896,-1.5506380240069788,-1.4165847937213343,-2.4286378065692347,-0.8669875303851526,1.5707865953445435,-0.6517356077777308,1
303,1788172702.3681076,-0.10251952681916382,-0.330551664934664,0.030209684722415475,1.035700646418956,-2.9659509407283235,-0.00012175571878713669,-1.5506499449359339,-1.40918475786318,-2.4238064924823206,-0.8794682661639612,1.5707626342773438,-0.6517718474017542,1
304,1788172702.4095032,-0.10251426978319042,-0.3305410249928413,0.03339919657254592,-1.0356915062197947,2.9659247679773753,0.00023109849594166984,-1.5506499449359339,-1.4019883314715784,-2.418818775807516,-0.891733471547262,1.5707865953445435,-0.6517718474017542,1
305,1788172702.45024,-0.10252175871065192,-0.33063529007953857,0.03666173703730319,1.035692686783621,-2.965928152867482,-5.705451300626445e-06,-1.550661865864889,-1.3949721495257776,-2.41357928911318,-0.9038303534137171,1.5707626342773438,-0.6517837683307093,1
306,1788172702.4914849,-0.10253016452246756,-0.3306247478555328,0.039894627066189736,1.0356097291835706,-2.965920051829273,-1.8937131391424333e-05,-1.550661865864889,-1.3879440466510218,-2.408447567616598,-0.9159873167621058,1.570726752281189,-0.6517356077777308,1
307,1788172702.5320091,-0.10251326814104703,-0.3307852192128836,0.043088112527075506,1.0356783420693638,-2.9659438732257075,6.685784227397851e-05,-1.550661865864889,-1.3816116491900843,-2.40298039117922,-0.927748982106344,1.5707865953445435,-0.6517718474017542,1
308,1788172702.571348,-0.10247947381969938,-0.3311765147841997,0.04627334266427591,1.035486230592016,-2.9660253222642035,-0.00011961724884880993,-1.5505664984332483,-1.3761304060565394,-2.3969138304339808,-0.9394138495074671,1.5707626342773438,-0.6515439192401331,1
309,1788172702.6102204,-0.1022619999607383,-0.3323861278194793,0.04941153054271022,-1.035526084453513,2.9659667690098783,0.00036370107272772317,-1.549990479146139,-1.3730719725238245,-2.389252010975973,-0.950301472340719,1.5707746744155884,-0.6510041395770472,1
310,1788172702.648163,-0.10218276563282995,-0.33410140963913154,0.05268913212748458,1.035555506465905,-2.9659374451865763,4.855668439044148e-05,-1.5498345533954065,-1.3712132612811487,-2.3804755846606653,-0.9606488386737269,1.570738673210144,-0.6508720556842249,1
311,1788172702.6875463,-0.10216521323531734,-0.33576360733697114,0.05592520772576828,1.035553833676842,-2.9658758732761634,0.00039231162238197886,-1.5498946348773401,-1.3695223967181605,-2.3717597166644495,-0.9708293120013636,1.5707507133483887,-0.6509440580951136,1
312,1788172702.7275577,-0.10214424933888108,-0.3372691485327238,0.05906429789102852,-1.0356853221348636,2.9659661298879443,0.00011374711294553763,-1.5499423185931605,-1.3679750601397913,-2.363138977681295,-0.9813440481769007,1.5707746744155884,-0.6510518232928675,1
313,1788172702.7680323,-0.10216630659904159,-0.33892976157095,0.062312222333179706,1.0357400308258022,-2.9658388273129805,0.00038612826936317853,-1.5501106421100062,-1.3665121237384241,-2.354386631642477,-0.9912245909320276,1.5707746744155884,-0.6512797514544886,1
314,1788172702.8081717,-0.10221793573101304,-0.3405604073687182,0.0655754063908501,1.0356134315394525,-2.9658193725419966,0.0004927897962383196,-1.5503385702716272,-1.3652051130877894,-2.345466200505392,-1.001368824635641,1.570738673210144,-0.651435677205221,1
315,1788172702.8479989,-0.10248772974193938,-0.34218217548333163,0.06876521303157071,1.0356641396533297,-2.965789650899759,0.000606273996359354,-1.5512374083148401,-1.364328686391012,-2.3365100065814417,-1.0111292044269007,1.5707507133483887,-0.6523712317096155,1
316,1788172702.8870642,-0.10335535562458938,-0.34356853059232667,0.07176010780464961,-1.0356138863632676,2.965986449431203,0.0003731200081154919,-1.5538399855243128,-1.364077393208639,-2.3275299707995813,-1.0210087935077112,1.570726752281189,-0.6549022833453577,1
317,1788172702.9270387,-0.1042484802271658,-0.34524897866774074,0.07501462114079963,1.035550487339208,-2.96591626315719,0.00020869553254992523,-1.556537930165426,-1.363861385975973,-2.3180938402758997,-1.03027850786318,1.5707507133483887,-0.657576862965719,1
318,1788172702.9649441,-0.1052115711652482,-0.3467395216880591,0.07816680069939194,1.0356662444188987,-2.9659569226745974,-0.00021020637916762996,-1.5593798796283167,-1.3637655417071741,-2.30874210992922,-1.0400031248675745,1.570738673210144,-0.6604798475848597,1
319,1788172703.003708,-0.10602052175309443,-0.34790454084005495,0.08069384822691988,-1.0360079328759322,2.9657926297064137,0.0004343719896113671,-1.5617664496051233,-1.3636935392962855,-2.3012967745410364,-1.0476792494403284,1.5707626342773438,-0.6631062666522425,1
320,1788172703.0427418,-0.10715502569281099,-0.34917964391192785,0.08391762950704826,1.036039490189587,-2.9658193969681563,-1.41425593757293e-06,-1.565063778554098,-1.362973992024557,-2.292448107396261,-1.056960407887594,1.5707746744155884,-0.6664169470416468,1
321,1788172703.0816407,-0.10809806114684607,-0.3502440127308535,0.08721170178857521,1.0358351804563477,-2.965804608330179,0.000252695418231998,-1.5677617231952112,-1.3615711371051233,-2.283923927937643,-1.0667079130755823,1.5707507133483887,-0.6689952055560511,1
322,1788172703.121593,-0.10847649480578812,-0.35067377289845547,0.09046226809828439,1.0356822689102532,-2.965823372084876,0.0004567851686990717,-1.5688532034503382,-1.3581765333758753,-2.277041737233297,-1.0768511931048792,1.5707626342773438,-0.6699908415423792,1
323,1788172703.162922,-0.10844296704442725,-0.350643555719013,0.09365755530658104,1.0355779824825628,-2.965867778158447,0.00042284879028233824,-1.5687573591815394,-1.3534515539752405,-2.271299187337057,-1.087341610585348,1.5707626342773438,-0.6698229948626917,1
324,1788172703.2004073,-0.10845139729435915,-0.3506060908334634,0.0967893063872472,1.035578242389524,-2.965925311888477,0.00017659800951447255,-1.5687812010394495,-1.3490141073810022,-2.265519920979635,-1.0977242628680628,1.5707626342773438,-0.6698349157916468,1
325,1788172703.2393405,-0.1084528044568675,-0.3505499617709901,0.0999634675163927,-1.0355963521693647,2.9659771371784065,0.00036575712449002536,-1.5687692801104944,-1.3446605841266077,-2.2595370451556605,-1.108417812977926,1.570738673210144,-0.6698229948626917,1
326,1788172703.277801,-0.10844597604044426,-0.3505817412591993,0.10318351235306686,-1.0355617275361932,2.9659916099162684,0.0001259638336061395,-1.5687812010394495,-1.3403552214251917,-2.253554646168844,-1.1185606161700647,1.5707865953445435,-0.6698110739337366,1
327,1788172703.316185,-0.10844440595767661,-0.35057239597827816,0.10637710063171527,1.03558155812442,-2.9659938556790912,-0.00023625886401593628,-1.5687454382525843,-1.3361695448504847,-2.247536007558004,-1.1288226286517542,1.570738673210144,-0.6697867552386683,1
328,1788172703.3565338,-0.10845149254460748,-0.35055882448684345,0.10891467875936822,-1.0355177234138653,2.965981444551151,0.000349882332726891,-1.5687812010394495,-1.3329432646380823,-2.242692295704977,-1.136977497731344,1.5707626342773438,-0.6697867552386683,1
329,1788172703.3958125,-0.10844469720214571,-0.350494790508346,0.11206388681853824,-1.035494802074961,2.9659157893738795,0.0006069155942486472,-1.5687692801104944,-1.3289254347430628,-2.236697022114889,-1.147167984639303,1.5707746744155884,-0.6697748343097132,1
330,1788172703.437352,-0.10844858713125623,-0.3505701071916498,0.11533389333921715,1.0356287078574014,-2.9659562162166986,-0.00014567970243075542,-1.5687573591815394,-1.3249924818622034,-2.2304633299456995,-1.1570113340960901,1.570738673210144,-0.6698349157916468,1
331,1788172703.478443,-0.10845018262124828,-0.3505668076712103,0.11855943191009549,-1.0355180237145003,2.965980046656277,0.00024060015612335705,-1.5687931219684046,-1.3212264219867151,-2.224156204854147,-1.1671651045428675,1.5707865953445435,-0.6697991530047815,1
332,1788172703.5222528,-0.10845142466687542,-0.350592509934403,0.12243354360520797,1.0355973089782042,-2.9659799049532425,-8.522584502435892e-05,-1.5687812010394495,-1.3168004194842737,-2.216602627431051,-1.1790316740619105,1.5707626342773438,-0.6698349157916468,1
333,1788172703.5657227,-0.1084580561412213,-0.3507257316114297,0.12561975388322988,-1.0355973765360331,2.9659778094158,0.00030365455399141567,-1.5687931219684046,-1.3137067000018519,-2.209972683583395,-1.1888983885394495,1.5707507133483887,-0.6698473135577601,1
334,1788172703.608465,-0.10837399918498274,-0.35144954118009303,0.1294465495149664,-1.0357516969844405,2.965908552478703,0.00031238537006731234,-1.5685656706439417,-1.311500374470846,-2.201029125844137,-1.2000582853900355,1.5707626342773438,-0.6697271505938929,1
335,1788172703.6515484,-0.10812434688538959,-0.3528991340210763,0.13261730287503132,-1.035921323441432,2.9657672824040673,0.0005492519791380957,-1.5678823629962366,-1.3120158354388636,-2.1919644514666956,-1.2087753454791468,1.5707865953445435,-0.6691754500018519,1
336,1788172703.6951025,-0.1079080683902152,-0.35461911689049813,0.13587657148346347,1.036023758627409,-2.965776642754898,0.0001477313728227975,-1.567270580922262,-1.3129389921771448,-2.1825650374041956,-1.216773811970846,1.5707626342773438,-0.6686232725726526,1
337,1788172703.738669,-0.1078420549578616,-0.35639438646597127,0.13963139443971537,-1.0360905726626275,2.9657362116677843,0.000545380349297662,-1.5671027342425745,-1.3142345587359827,-2.1713431517230433,-1.2271669546710413,1.5707626342773438,-0.6685040632831019,1
338,1788172703.781616,-0.1078473361166898,-0.3580097603392625,0.14289597731462966,-1.0360546177078986,2.965805896891402,0.0003575060399841023,-1.5671265761004847,-1.3154099623309534,-2.161715809498922,-1.235488239918844,1.5707507133483887,-0.6684916655169886,1
339,1788172703.8252017,-0.10783298398192921,-0.36001087645210533,0.146825629707486,1.0360998394545118,-2.9657627717161,9.323020106922877e-05,-1.5671146551715296,-1.3169930616961878,-2.150074307118551,-1.2452471891986292,1.5707626342773438,-0.6685159842120569,1
340,1788172703.8672426,-0.10783601882162704,-0.3615722535233069,0.14996211239905546,1.0360395213450595,-2.965821754181242,-6.961004210057042e-05,-1.567138973866598,-1.3184321562396448,-2.1405909697162073,-1.2534011046039026,1.5707626342773438,-0.6684916655169886,1
341,1788172703.9101405,-0.10789029225714052,-0.3632111169458743,0.15315319681040263,1.0357927381266758,-2.965855708121376,-1.7917251800957697e-05,-1.567282501851217,-1.3200510183917444,-2.1308911482440394,-1.2614348570453089,1.570726752281189,-0.6684797445880335,1
342,1788172703.9532547,-0.10792024846108857,-0.36509701764232955,0.156993100627463,-1.0357776919780133,2.965926183526571,0.0003141173723194446,-1.567390267048971,-1.3219817320453089,-2.1191895643817347,-1.2714093367206019,1.570738673210144,-0.6685636679278772,1
343,1788172703.996581,-0.1079733254101672,-0.36676286924417606,0.16021478575376213,1.0357109088628011,-2.9658508558489243,0.00024070127570211274,-1.5675581137286585,-1.323636833821432,-2.10950214067568,-1.279072109852926,1.5707507133483887,-0.6687071959124964,1
344,1788172704.038077,-0.10800961980315389,-0.36837095780141577,0.16341889694283995,1.0356550190313258,-2.9659202534053506,8.399113801022693e-05,-1.5676782766925257,-1.3254597822772425,-2.099635426198141,-1.2872255484210413,1.5707626342773438,-0.6687791983233851,1
345,1788172704.0791478,-0.10806493501512211,-0.3702008667593356,0.16718600254166016,-1.0356542017828727,2.965915630646233,0.0003135672854163787,-1.5678580443011683,-1.327618424092428,-2.088006321583883,-1.2969720999347132,1.5707865953445435,-0.6689594427691858,1
346,1788172704.1216705,-0.10811033485057954,-0.3718038994175524,0.1703787478264888,1.0356301970154749,-2.9659627615199913,-6.113840453036503e-05,-1.5679782072650355,-1.3294294516192835,-2.078282658253805,-1.3047063986407679,1.5707626342773438,-0.6690552870379847,1
347,1788172704.159912,-0.10813772972962399,-0.37343516779532926,0.17362272057186073,1.0357590689533842,-2.9659296780727114,6.06944205087471e-05,-1.5680859724627894,-1.3313964048968714,-2.0682957808123987,-1.3126567045794886,1.570798635482788,-0.6692474524127405,1
348,1788172704.199182,-0.10820605140678533,-0.375106414187539,0.17684717996356938,1.0355693140704236,-2.965902015041004,0.0003477515042508081,-1.568265740071432,-1.3334949652301233,-2.0583089033709925,-1.320343319569723,1.5707746744155884,-0.669318977986471,1
349,1788172704.2396107,-0.10831348810309452,-0.37656541469997046,0.17998933787206164,-1.0355881436026002,2.9659559127049153,0.00035414167071866765,-1.5685537497149866,-1.335545841847555,-2.048417870198385,-1.3286522070514124,1.5707626342773438,-0.6696069876300257,1
350,1788172704.2800784,-0.10842847379552947,-0.378202279549822,0.18317792684279954,-1.0357066774505794,2.9659500152122917,0.0003169291345206501,-1.5688532034503382,-1.3378241697894495,-2.0383713881122034,-1.3363869825946253,1.570738673210144,-0.6699789206134241,1
351,1788172704.3186772,-0.1085955675653655,-0.37986877262726293,0.18639245273311372,1.0354169334858832,-2.965979096193991,0.0001300689105860506,-1.5693090597735804,-1.3401268164264124,-2.0283129850970667,-1.3438456694232386,1.5707507133483887,-0.6702545324908655,1
352,1788172704.3573277,-0.10875423437029239,-0.38136709091208487,0.18957992493996026,1.035486814939274,-2.966006530800144,-0.00020563758124395967,-1.569716755543844,-1.3423340956317347,-2.0182774702655237,-1.351891819630758,1.570726752281189,-0.6706984678851526,1
353,1788172704.3948677,-0.10887764196165321,-0.38264440025074,0.19211059939411756,-1.0355789728425204,2.9659841857275637,0.00024582256830198184,-1.5700643698321741,-1.3442886511432093,-2.0101969877826136,-1.3580573240863245,1.5707626342773438,-0.6711061636554163,1
354,1788172704.43411,-0.10901933121933947,-0.38432954780405004,0.19537810694026034,1.0357438246695347,-2.9658837607082265,0.00010638430192037865,-1.5704363028155726,-1.346783463154928,-1.9998624960528772,-1.365659538899557,1.5707626342773438,-0.6715982596026819,1
355,1788172704.4725354,-0.10917148852005816,-0.3859052550039809,0.198567594224365,1.0356968668415996,-2.965921948848943,1.3716823080594396e-05,-1.5708320776568812,-1.3492658774005335,-1.9896724859820765,-1.3734296003924769,1.5707626342773438,-0.6719577948199671,1
356,1788172704.5118327,-0.10931378007461906,-0.38749958103610266,0.2016919140085003,1.0356658947358712,-2.9659468440127723,-0.00010278244049934621,-1.5711920897113245,-1.3518803755389612,-1.979553524647848,-1.3810084501849573,1.5707507133483887,-0.6722939650165003,1
357,1788172704.551681,-0.10947959789016332,-0.38905867708495867,0.20496338622601687,-1.035691830834586,2.965962044287699,0.00017154802402708123,-1.5716236273394983,-1.3543990294085901,-1.969135586415426,-1.3889582792865198,1.5707626342773438,-0.6727379004107874,1
358,1788172704.5924659,-0.10966835013482781,-0.39063894490093287,0.20813475067908205,-1.0356535537474847,2.965911484666629,0.0004415423931389543,-1.5721033255206507,-1.3571575323687952,-1.9587653318988245,-1.39675218263735,1.5707626342773438,-0.6732052008258265,1
359,1788172704.6332793,-0.10985740917009132,-0.3922852932424266,0.21126624367160132,1.035638377078266,-2.9659816146900058,-0.00032237283355073204,-1.5725587050067347,-1.359999958668844,-1.9485028425799769,-1.4040792624102991,1.570726752281189,-0.6736367384540003,1
360,1788172704.672213,-0.11005933145261243,-0.3938995295623749,0.21453804657450215,-1.0354995833745022,2.9659817643960094,0.00025726610210934894,-1.5730984846698206,-1.3628180662738245,-1.9378803412066858,-1.411860767995016,1.5707865953445435,-0.6740930716144007,1
361,1788172704.7126055,-0.11029841414904455,-0.3954924076823324,0.21776510124442927,-1.0356804342500625,2.9659294068252278,0.00026768146180561293,-1.573686424885885,-1.3656843344317835,-1.9273307959186,-1.419546906148092,1.5707746744155884,-0.6748006979571741,1
362,1788172704.7501814,-0.11055624655447653,-0.39710355302389266,0.22097080941491407,1.0359354835850376,-2.9658577940161743,-0.00012339134782727028,-1.5743096510516565,-1.368610684071676,-1.9168160597430628,-1.4270294348346155,1.5707507133483887,-0.6755922476397913,1
363,1788172704.7895744,-0.11100123759173312,-0.39866994947767126,0.2241716054623688,-1.035673998418201,2.965963236770306,0.00013415047181372276,-1.5754244963275355,-1.371681038533346,-1.906170670186178,-1.434620205556051,1.5707746744155884,-0.6765278021441858,1
364,1788172704.8287394,-0.11174186246312152,-0.39979762115364137,0.22678140644214542,1.0352275182463329,-2.96605690126112,7.76067759257007e-05,-1.577247444783346,-1.3740199247943323,-1.897658650075094,-1.4406417051898401,1.5707507133483887,-0.6780627409564417,1
365,1788172704.8671558,-0.11260487558864325,-0.40111545940319054,0.22988165141791916,-1.0355967294226271,2.965966885246625,0.0001736033960635066,-1.5793936888324183,-1.3769825140582483,-1.8873122374164026,-1.4482081572162073,1.5707865953445435,-0.6804497877704065,1
366,1788172704.9064991,-0.1133486402760893,-0.40206835710097416,0.23314316278703345,-1.036027029509878,2.9658268669574723,0.00024124577681255627,-1.5812047163592737,-1.3788889090167444,-1.8774216810809534,-1.4562295118915003,1.5707626342773438,-0.6825488249408167,1
367,1788172704.9468968,-0.1136268437028338,-0.40249431440028627,0.2364035215080722,1.035883209569868,-2.9657558697431585,0.00037150267286045356,-1.5818761030780237,-1.3790085951434534,-1.8690655867206019,-1.4640467802630823,1.5707507133483887,-0.6831486860858362,1
368,1788172704.9861596,-0.11358984934628624,-0.40245896314469937,0.2396250569282949,1.035961636110076,-2.9657532553015393,0.0003250619947067642,-1.58179217973818,-1.3781092802630823,-1.8615129629718226,-1.472534481679098,1.5707626342773438,-0.6831124464618128,1
369,1788172705.0251224,-0.113604916115647,-0.4023965460914329,0.2427408947192006,1.0359394335739611,-2.9658599902440153,-0.0003020490753188241,-1.581804100667135,-1.3774617354022425,-1.85394794145693,-1.4811542669879358,1.5707147121429443,-0.6830886046039026,1
370,1788172705.0647395,-0.11358927232198242,-0.40240648860362876,0.24590955724132388,-1.0359494431891842,2.9658318789186073,0.00033138368418584067,-1.58179217973818,-1.376838509236471,-1.8463237921344202,-1.489438835774557,1.5707626342773438,-0.6830886046039026,1
371,1788172705.1050196,-0.11359235876059981,-0.4024396566210396,0.24912629782716722,-1.0359558693733315,2.9658502731404357,0.0003018323941738689,-1.58179217973818,-1.376298729573385,-1.8385308424579065,-1.4977472464190882,1.5707507133483887,-0.6830886046039026,1
372,1788172705.143996,-0.11358785250482671,-0.40246752167064104,0.2522972793368198,1.0359215110964521,-2.9658677615557547,-0.00014194338810539126,-1.581780258809225,-1.3757708708392542,-1.8308704535113733,-1.5058272520648401,1.5707507133483887,-0.6830523649798792,1
373,1788172705.1823418,-0.11359887558123152,-0.402404612536439,0.25545377446559947,-1.0358455828688038,2.9658207154120473,0.0005257778578171926,-1.5818160215960901,-1.375303093587057,-1.823113743458883,-1.5143159071551722,1.5707626342773438,-0.6830523649798792,1
374,1788172705.2213037,-0.11359725794595754,-0.4024475443699553,0.25875861929355337,1.03585491653684,-2.9659042445701487,-0.00019618010472191092,-1.581804100667135,-1.3748591581927698,-1.8150818983661097,-1.5225642363177698,1.5707507133483887,-0.683028523121969,1
375,1788172705.259752,-0.1135829007617157,-0.4025147612030527,0.261323619984628,1.0358561719825612,-2.9658510665937845,0.00013076674176563333,-1.581780258809225,-1.3746197859393519,-1.8087762037860315,-1.5288966337787073,1.5707746744155884,-0.683016602193014,1
376,1788172705.2981038,-0.11360027127377495,-0.4024117324869416,0.26439943450027603,-1.0358294209194865,2.9658902611796085,0.00048518194462114086,-1.58179217973818,-1.374307934437887,-1.801079575215475,-1.5373004118548792,1.5707147121429443,-0.6830042044269007,1
377,1788172705.3367035,-0.11360223896251867,-0.40240306593589553,0.2675869732141155,-1.0357918538731317,2.965839470755164,0.0006914544235927567,-1.581804100667135,-1.3741400877581995,-1.7930472532855433,-1.5456445852862757,1.570726752281189,-0.6830042044269007,1
378,1788172705.3759506,-0.11359212565280057,-0.40241845746048793,0.2708109824445424,-1.0358501939628153,2.965833908958456,0.0005201775657186497,-1.58179217973818,-1.3739483992206019,-1.7850030104266565,-1.5537732283221644,1.5707507133483887,-0.683028523121969,1
379,1788172705.4141169,-0.113605605481408,-0.402459168334327,0.2740798741732279,1.0357904422006095,-2.9658922711449813,-0.0002210442538947954,-1.581804100667135,-1.3738282362567347,-1.7768152395831507,-1.5618656317340296,1.5707147121429443,-0.6829922834979456,1
380,1788172705.4513423,-0.11359011818778841,-0.4024834108232611,0.2766236884669693,1.0357634704427578,-2.9659286460485523,-0.00011021749038110624,-1.58179217973818,-1.3738158384906214,-1.7703536192523401,-1.5682819525348108,1.5707626342773438,-0.6829565207110804,1
381,1788172705.4895604,-0.11359427422914603,-0.402423743229228,0.2798163827330863,-1.0357514363525786,2.965894172657613,0.00035956096747236137,-1.581804100667135,-1.3737800757037562,-1.7622016111956995,-1.5766385237323206,1.5707626342773438,-0.6829684416400355,1
382,1788172705.5265512,-0.11359691025924301,-0.40241595963206056,0.28304503599447206,-1.0358148515530932,2.965905376044365,0.0002778856965595098,-1.581804100667135,-1.3738039175616663,-1.7539656797992151,-1.5847910086261194,1.5707507133483887,-0.6830042044269007,1
383,1788172705.5665963,-0.1136023920881389,-0.40247673386946925,0.2862982584082546,1.035748089169916,-2.965827834150429,0.00027010264166764153,-1.5818160215960901,-1.37388784090151,-1.7456939856158655,-1.5926078001605433,1.5707507133483887,-0.6829922834979456,1
384,1788172705.6068673,-0.11359890374940158,-0.4024071679655715,0.2894882816273414,1.0357013461267959,-2.96592114434822,9.525737943769316e-06,-1.5818160215960901,-1.3740199247943323,-1.737410847340719,-1.6009395758258265,1.5707626342773438,-0.6829445997821253,1
385,1788172705.6460402,-0.11359853030985782,-0.40237328090413166,0.29264356268624014,1.0357270981896431,-2.9659380856581516,-9.683451104879996e-05,-1.5818160215960901,-1.3742359320269983,-1.7291744391070765,-1.6090319792376917,1.5707626342773438,-0.6829565207110804,1
386,1788172705.6849194,-0.1135939096066349,-0.40239062018853766,0.29521363910512344,1.0357640588293968,-2.965930330515869,-0.00011796584138833602,-1.581804100667135,-1.37453538576235,-1.722377125416891,-1.6155441443072718,1.5707626342773438,-0.6829684416400355,1
387,1788172705.7247567,-0.11359205235985553,-0.402411791705946,0.29843366297231855,1.035740118170032,-2.9659185720309424,-9.052251092665167e-05,-1.58179217973818,-1.3749430815326136,-1.7138422171222132,-1.623648468648092,1.5707507133483887,-0.6829445997821253,1
388,1788172705.7653883,-0.11358499216460986,-0.4024549002803318,0.30159244791985934,1.0357725401829394,-2.9658978282424866,3.1871259954168494e-06,-1.581780258809225,-1.3754351774798792,-1.7054021994220179,-1.6315372625934046,1.5707626342773438,-0.6829565207110804,1
389,1788172705.8039954,-0.11359343277238558,-0.40234730379421435,0.30537430247263986,-1.0357008924578643,2.9658630170275173,0.0005595936551555086,-1.581804100667135,-1.375986401234762,-1.6952126661883753,-1.6415565649615687,1.5707626342773438,-0.6829445997821253,1
390,1788172705.843575,-0.1135863157506717,-0.4023876045811789,0.30799953672755326,-1.0357739897170115,2.965901969818143,0.00023972846592825714,-1.58179217973818,-1.376418415700094,-1.688211743031637,-1.6479132811175745,1.5707746744155884,-0.6829684416400355,1
391,1788172705.883326,-0.11359326414010637,-0.40246214872374897,0.3112871756425875,1.0357321510100195,-2.965782219739878,0.00036929704026006393,-1.581780258809225,-1.3769825140582483,-1.6794608275042933,-1.655670468007223,1.570726752281189,-0.6829565207110804,1
392,1788172705.9227874,-0.11359592294854341,-0.40238612689962727,0.3144379980062541,1.0357602527326906,-2.9659194370634703,-1.2218199630434181e-05,-1.5818160215960901,-1.3776300589190882,-1.6708172003375452,-1.6639421621905726,1.5707746744155884,-0.6829803625689905,1
393,1788172705.9612582,-0.11359967270461872,-0.4024171867314681,0.317640051110643,1.0356934893178598,-2.965898646523688,2.362751836129045e-06,-1.581804100667135,-1.3784216086017054,-1.6619942823993128,-1.671950642262594,1.570738673210144,-0.6829326788531702,1
394,1788172706.0018215,-0.11360425176974394,-0.4023960401690736,0.3208593958563943,1.0357343539447306,-2.9659020669417897,-7.018884841351331e-05,-1.5818160215960901,-1.3792012373553675,-1.653111759816305,-1.6801026503192347,1.570738673210144,-0.6829684416400355,1
395,1788172706.0419981,-0.1136043262723752,-0.40240280069809264,0.32402380702020084,1.0357221833918713,-2.965924005377307,-0.0001427386409975639,-1.5818160215960901,-1.3800886313067835,-1.6442769209491175,-1.688099209462301,1.570738673210144,-0.6829565207110804,1
396,1788172706.0815427,-0.11359229630332135,-0.40243397531786995,0.32719725209073497,1.0357315626168526,-2.9658940808540812,2.217683986816983e-05,-1.58179217973818,-1.3809998671161097,-1.6354296843158167,-1.69592792192568,1.5707507133483887,-0.6829445997821253,1
397,1788172706.1194775,-0.11359093034458055,-0.40236969589799754,0.33037344106180044,-1.0357368438972656,2.9658523885216797,0.0004961082541853675,-1.581804100667135,-1.382019344960348,-1.626366917287008,-1.7043307463275355,1.5707746744155884,-0.6829684416400355,1
398,1788172706.1573837,-0.11359234768288531,-0.4024386476415873,0.333577781926219,-1.035726248814887,2.965935638788408,0.0002807041404444975,-1.58179217973818,-1.38312274614443,-1.6172803084002894,-1.7121594587909144,1.5707507133483887,-0.6829326788531702,1
399,1788172706.1983902,-0.11360290787114159,-0.4024638291214996,0.3368109351340742,1.0356960247799165,-2.9658491278655137,0.00014672615037328117,-1.581804100667135,-1.384118382130758,-1.608229939137594,-1.7199161688434046,1.570726752281189,-0.6829445997821253,1
400,1788172706.238427,-0.11358479115673802,-0.40243660012509297,0.33997650330436363,1.0358144735305408,-2.9659043087175334,-8.345125392804337e-05,-1.581780258809225,-1.3852813879596155,-1.599095646535055,-1.7280562559710901,1.5707626342773438,-0.6829803625689905,1
401,1788172706.276565,-0.11359165011701118,-0.402435080664721,0.3432044801113132,1.0357122430611296,-2.965952345888713,-7.842874683574875e-05,-1.581804100667135,-1.3865044752704065,-1.5897815863238733,-1.7361481825457972,1.5707746744155884,-0.6829326788531702,1
402,1788172706.3164904,-0.11359734410238839,-0.4023955217261399,0.3457011728711369,-1.0357424840724978,2.965925309944651,0.00041042836181054296,-1.58179217973818,-1.387512509022848,-1.5824688116656702,-1.7426603476153772,1.570726752281189,-0.6829445997821253,1
403,1788172706.3563077,-0.11359162119373992,-0.4024324531340838,0.3488604068196578,-1.0357137366479714,2.965899816162398,0.00033481632630956003,-1.581804100667135,-1.3888800779925745,-1.573202912007467,-1.7505248228656214,1.5707746744155884,-0.6829445997821253,1
404,1788172706.3950198,-0.11360554950272182,-0.40245408170671193,0.35219212482828305,1.0356891344240668,-2.9658294054846825,0.00018185062502005045,-1.581804100667135,-1.3901508490191858,-1.563636604939596,-1.758448902760641,1.5707147121429443,-0.6829445997821253,1
405,1788172706.432175,-0.11359150159333548,-0.4023617040946219,0.3554088105308659,-1.0357834528897454,2.9659290604981603,0.0002257636203198235,-1.58179217973818,-1.3915422598468226,-1.5540950934039515,-1.7668879667865198,1.5707507133483887,-0.6829684416400355,1
406,1788172706.4714687,-0.11359924214538479,-0.40237807344636944,0.3583719996970819,1.0357224503741471,-2.9659247695918975,-0.00014625998719244878,-1.581804100667135,-1.392933193837301,-1.5452840963946741,-1.7742498556720179,1.570738673210144,-0.6829445997821253,1
407,1788172706.511529,-0.11360252047608435,-0.4024883827832019,0.36076866668109736,1.035690216598551,-2.9658892806363086,0.00010106393487572195,-1.5818160215960901,-1.3942530790912073,-1.5380194822894495,-1.7800315062152308,1.5707507133483887,-0.6829445997821253,1
408,1788172706.550512,-0.11359084912762805,-0.40254988068226993,0.36236199152442267,-1.035736219291659,2.9659073953691646,0.0003271621489260196,-1.58179217973818,-1.3953436056720179,-1.5329135099994105,-1.7843411604510706,1.5707626342773438,-0.6829445997821253,1
409,1788172706.5901244,-0.11358582469011527,-0.40272132225027957,0.3632155278973599,-1.0357108585260284,2.9659506393940522,0.00024126009946792964,-1.5817683378802698,-1.3961237112628382,-1.5300725142108362,-1.7863395849811,1.5707507133483887,-0.6828964392291468,1
410,1788172706.6316974,-0.11359606239526143,-0.4029646768487125,0.36326377884174604,-1.0357236221698112,2.965928104282655,0.0003709555231068601,-1.581780258809225,-1.3967588583575647,-1.5294130484210413,-1.7864473501788538,1.570738673210144,-0.6829207579242151,1
411,1788172706.6730154,-0.11330706776667834,-0.40394320495036995,0.36330218068407816,1.0356559670158099,-2.9659661300030282,-5.44672721342024e-05,-1.5810607115374964,-1.3987262884723108,-1.5277708212481897,-1.7859209219561976,1.5707746744155884,-0.6821525732623499,1
412,1788172706.7126627,-0.11285406585279299,-0.4055782287434766,0.36322131680404746,1.0356367850685537,-2.9659679829674706,-0.0002018603086184806,-1.5798853079425257,-1.4021924177752894,-1.5251458326922815,-1.7851665655719202,1.570738673210144,-0.6809652487384241,1
413,1788172706.7496643,-0.1124498105267249,-0.40715973811323847,0.3632606666799764,1.035394217746161,-2.9660185523519926,-5.0676148047738056e-06,-1.5788663069354456,-1.4055145422564905,-1.522364918385641,-1.7844966093646448,1.5707507133483887,-0.6797898451434534,1
414,1788172706.7871573,-0.1120718715873222,-0.4087552888856603,0.36326432812214005,1.0355476349950992,-2.965998962454336,-9.040122142481321e-05,-1.577918831502096,-1.408980671559469,-1.5194996039019983,-1.7839577833758753,1.5707626342773438,-0.6789386908160608,1
415,1788172706.8251424,-0.11179547223127957,-0.4100476101712561,0.36323912828522387,1.0355688676891632,-2.9660052382251805,-0.00014753448367693114,-1.5772236029254358,-1.4117873350726526,-1.5172460714923304,-1.7834432760821741,1.5707626342773438,-0.6782549063311976,1
416,1788172706.866143,-0.11152463385210594,-0.4116312136704207,0.36320187181966623,1.0353846297000087,-2.9660478685246097,-0.0002821350940034668,-1.5765154997455042,-1.4152773062335413,-1.5144408384906214,-1.782832447682516,1.5707147121429443,-0.6774271170245569,1
417,1788172706.9069145,-0.11140522093552453,-0.4132500384607273,0.3632377920867559,1.0353735144545142,-2.9659638056234785,8.48969577572466e-05,-1.5762046019183558,-1.4188035170184534,-1.5114806334124964,-1.7820184866534632,1.5707147121429443,-0.6771271864520472,1
418,1788172706.9486108,-0.11138396557839793,-0.41488802904800404,0.36324183609481864,1.0355161158066186,-2.965910980326805,9.760529689999036e-05,-1.5761321226703089,-1.4225576559649866,-1.5083401838885706,-1.781396214162008,1.5707147121429443,-0.6771515051471155,1
419,1788172706.9901764,-0.11138138877298306,-0.41645553545320413,0.3632760842035997,1.0355162727897036,-2.96596822378317,8.327330356239957e-05,-1.5761321226703089,-1.426204029713766,-1.5051873365985315,-1.7809293905841272,1.5707626342773438,-0.6771395842181605,1
420,1788172707.0316124,-0.11139172419947854,-0.4183031667449441,0.3633156415509974,1.0355648111320899,-2.965936826917574,3.1151456659761885e-05,-1.5761202017413538,-1.4304974714862269,-1.5014594236956995,-1.7803905645953577,1.570738673210144,-0.6771634260760706,1
421,1788172707.0742717,-0.11138750723248687,-0.4199105127473291,0.3632413159659762,-1.0355215397784243,2.9659855507502604,0.0003754244364395037,-1.5760963598834437,-1.4343236128436487,-1.4983428160296839,-1.7799599806415003,1.5707507133483887,-0.677103344594137,1
422,1788172707.1179233,-0.11138626139103287,-0.421529575406528,0.3632814820270276,1.0355546364003752,-2.965964475088523,-0.00012544873659819998,-1.5760601202594202,-1.4379695097552698,-1.4951780478106897,-1.7793014685260218,1.570726752281189,-0.6770914236651819,1
423,1788172707.1618297,-0.11135550580049175,-0.42348709157175446,0.36328618907952115,1.0357765265421526,-2.9658570016882435,0.00011230460024221928,-1.5759761969195765,-1.442383114491598,-1.4914262930499476,-1.778487507496969,1.5707507133483887,-0.6771634260760706,1
424,1788172707.2035663,-0.11136905775012734,-0.42508454791563616,0.36324618378175877,1.0357513033714776,-2.965900625179463,-3.30960761395766e-05,-1.5759885946856897,-1.446113411580221,-1.4882972876178187,-1.7779844442950647,1.5707507133483887,-0.6771515051471155,1
425,1788172707.2471979,-0.11133350927232406,-0.4266883364125267,0.36321926488404654,-1.0359073673156356,2.965888599005544,0.00015458869355556692,-1.5758922735797327,-1.4498313109027308,-1.4851325193988245,-1.7775176207171839,1.5707626342773438,-0.6771515051471155,1
426,1788172707.2916403,-0.11134095289592896,-0.4286189387999878,0.3632394479739756,1.0358791757722743,-2.9658669469188492,-7.897236720269187e-05,-1.5758803526507776,-1.4542697111712855,-1.4812372366534632,-1.776919190083639,1.5707507133483887,-0.6771271864520472,1
427,1788172707.3344734,-0.11133917416514558,-0.4302233714907222,0.36325153535480736,1.0359021925347776,-2.9658192762099937,-2.5916056375890874e-05,-1.5758445898639124,-1.45795184770693,-1.4780009428607386,-1.7764290014850062,1.570726752281189,-0.6771152655230921,1
428,1788172707.3772728,-0.11134900727039193,-0.43217117444302316,0.3632725593381675,1.0358892467424163,-2.965782231453241,0.00014772134525218734,-1.5758445898639124,-1.4624016920672815,-1.4740689436541956,-1.7757938543902796,1.570726752281189,-0.6771152655230921,1
429,1788172707.4201345,-0.11134392663094139,-0.43381320527199985,0.3633281044813973,1.0358376260521613,-2.965748018219542,0.0005343156547879872,-1.5758326689349573,-1.466083828602926,-1.4707368055926722,-1.7751954237567347,1.5707626342773438,-0.6770795027362269,1
430,1788172707.458632,-0.11141229077091538,-0.43540023045224147,0.3633281459714809,1.0358163840927943,-2.965741735827431,0.00042296727779444056,-1.5759523550616663,-1.4698260466205042,-1.4674041906939905,-1.7748482863055628,1.570726752281189,-0.677187744771139,1
431,1788172707.4992306,-0.1116327840865105,-0.43697036663104405,0.36327954907288107,1.0357917697041243,-2.96584385749688,8.827048502264078e-05,-1.5764439741717737,-1.4736998716937464,-1.4640238920794886,-1.7745850721942347,1.570738673210144,-0.677643124257223,1
432,1788172707.5397816,-0.11193131697994389,-0.43854791424370787,0.363273825482289,1.035909596333802,-2.9658404756151406,4.296228600622132e-05,-1.577115837727682,-1.4775503317462366,-1.460583511983053,-1.7742140928851526,1.5707626342773438,-0.6783865133868616,1
433,1788172707.5818489,-0.11214701412965791,-0.4401149317304155,0.3632569271308296,-1.036107942527158,2.9657746014787945,0.00023152007244071364,-1.577595059071676,-1.4814122358905237,-1.4571073690997522,-1.774022404347555,1.5707865953445435,-0.6789987722979944,1
434,1788172707.621648,-0.11238607746697027,-0.4420508221746985,0.3631897093453361,-1.0360502879123814,2.965782139786411,0.00045076185560106373,-1.5780866781817835,-1.4860780874835413,-1.4530318419085901,-1.7735675016986292,1.5707507133483887,-0.6794541517840784,1
435,1788172707.6634984,-0.11258928846690965,-0.44361064080956136,0.3631857930171238,-1.0359100845311797,2.965780522970003,0.000548041449803117,-1.5785306135760706,-1.4898560682879847,-1.4495914618121546,-1.773304287587301,1.5707746744155884,-0.6798141638385218,1
436,1788172707.7050555,-0.1128506815456066,-0.44522849842179113,0.36323569258615795,-1.0357525097403701,2.9659017915961865,0.0003294438669051775,-1.5790823141681116,-1.4936946074115198,-1.4459956328021448,-1.7729094664203089,1.5707626342773438,-0.6802457014666956,1
437,1788172707.7481592,-0.11328562341645307,-0.4468520730153964,0.36323714943385754,-1.03579715607772,2.965913772750342,0.00027017595081070745,-1.580017391835348,-1.4976885954486292,-1.4423401991473597,-1.7725265661822718,1.5707507133483887,-0.6812050978290003,1
438,1788172707.7894075,-0.11389324349060462,-0.4484537961641677,0.36325791806165497,1.036068401394342,-2.9658294776309457,-8.476628489374464e-05,-1.5813482443438929,-1.501706902180807,-1.4386122862445276,-1.7721193472491663,1.5707746744155884,-0.6827166716205042,1
439,1788172707.829445,-0.1146066565467826,-0.45035604376661914,0.36327486644689566,1.0356151995363716,-2.9659607057481834,-8.423052047201138e-05,-1.5828712622271937,-1.506540600453512,-1.4340928236590784,-1.7717960516559046,1.5707507133483887,-0.6839397589312952,1
440,1788172707.8701108,-0.11519152337830567,-0.4519638879605611,0.3632309241926176,1.0358033336100274,-2.9659246331899336,-0.000314640272389708,-1.5841062704669397,-1.5106785933123987,-1.430317227040426,-1.771580998097555,1.570726752281189,-0.6852954069720667,1
441,1788172707.911543,-0.11578601482636114,-0.453565615127075,0.36322331052622275,-1.0359907906637185,2.9658321357952118,0.0003228142527605303,-1.5853775183307093,-1.5147565046893519,-1.4265173117267054,-1.7713173071490687,1.5707507133483887,-0.6866987387286585,1
442,1788172707.953312,-0.11654574877040266,-0.4551258574514527,0.3632470711304919,-1.035781786470872,2.965919733278949,0.0003173231597901386,-1.5869844595538538,-1.5188353697406214,-1.422622028981344,-1.771125618611471,1.570738673210144,-0.6881616751300257,1
443,1788172707.9915895,-0.11749156076890875,-0.4566536148197746,0.36328630581551347,1.0359269548173615,-2.9658742588466063,-0.00017302980821348968,-1.5889986197101038,-1.5229132811175745,-1.418690029774801,-1.770886246358053,1.5707507133483887,-0.6902726332293909,1
444,1788172708.0297885,-0.11847208662313023,-0.4581886247896596,0.36327622323078446,1.0356958537968586,-2.9659531080346757,-0.0002189609062736676,-1.5910614172564905,-1.5270751158343714,-1.4147585074054163,-1.7706826368915003,1.570738673210144,-0.6921799818622034,1
445,1788172708.069746,-0.119476468944335,-0.45974271354076085,0.36328105680939093,1.0357821502199325,-2.9659139785386266,-0.00012818759733016597,-1.5931718985186976,-1.5312607924090784,-1.410766903554098,-1.7704313437091272,1.5707507133483887,-0.694350544606344,1
446,1788172708.1113496,-0.12067218690766114,-0.46119929573311275,0.3632886285000475,-1.0357067166346752,2.965925163101562,0.00012480449943431634,-1.5957019964801233,-1.5353878180133265,-1.4067872206317347,-1.7702997366534632,1.570798635482788,-0.6968329588519495,1
447,1788172708.1512802,-0.1219363094206991,-0.46262628643634185,0.36329747706788573,1.0353913999731128,-2.966044562385392,-0.0001038251343733804,-1.5983160177813929,-1.5394538084613245,-1.402856175099508,-1.7701323668109339,1.5707507133483887,-0.6992324034320276,1
448,1788172708.1896808,-0.12310319826006014,-0.4640685887187409,0.36326544245536385,-1.0355909535503383,2.96598669590452,0.0001464075267860865,-1.6007383505450647,-1.5435317198382776,-1.3989842573748987,-1.7699645201312464,1.5707746744155884,-0.7017868200885218,1
449,1788172708.22791,-0.12441236042707207,-0.4654246622509316,0.3632134194839086,-1.0357613902579912,2.965897668614093,0.0004154623782635629,-1.6034238974200647,-1.5475619474994105,-1.3951600233661097,-1.769928280507223,1.570738673210144,-0.7045934836017054,1
450,1788172708.2668958,-0.12543291867162604,-0.46650500750070545,0.36322564664515955,-1.0361228032748837,2.9657898705336723,0.00029049105217705167,-1.605522934590475,-1.5506685415851038,-1.392115894948141,-1.769785229359762,1.5707507133483887,-0.7069323698626917,1
451,1788172708.3033714,-0.12678926861796394,-0.4678115053219703,0.36326421004762166,1.0358684530589954,-2.9658566904648485,-7.274218606451098e-05,-1.6082924048053187,-1.5544827620135706,-1.3883159796344202,-1.7696173826800745,1.570738673210144,-0.7095349470721644,1
452,1788172708.3428485,-0.1281258553957074,-0.4691078598931105,0.36321295301652945,-1.0357792894937075,2.9658876115030113,0.0002674061539800296,-1.6110265890704554,-1.5584057013141077,-1.384552303944723,-1.7696054617511194,1.5707746744155884,-0.7122090498553675,1
453,1788172708.3817132,-0.1295851920183086,-0.47035928946313227,0.36326059149162604,1.0357572828750934,-2.965933649485884,-6.124411137054026e-05,-1.613988224660055,-1.5621841589557093,-1.380728546773092,-1.7695096174823206,1.5707746744155884,-0.7151477972613733,1
454,1788172708.4214218,-0.1309961310308304,-0.4715562522619082,0.36332978144797146,1.0358363740110743,-2.965814835022414,0.0001240543454480096,-1.6168182531939905,-1.5658181349383753,-1.37697679201235,-1.7694857756244105,1.570738673210144,-0.7180503050433558,1
455,1788172708.4616265,-0.1321241318894452,-0.4725435733486988,0.3632792447798617,1.0357578198050275,-2.965930643707246,-5.019544291885676e-05,-1.619096581135885,-1.5689008871661585,-1.3740041891681116,-1.7695096174823206,1.5707746744155884,-0.7202571074115198,1
456,1788172708.4995604,-0.133854852678954,-0.47401412488400163,0.3632928938758767,1.0359923582448385,-2.9657980381435727,3.466849671251407e-05,-1.622537914906637,-1.5734112898456019,-1.3694732824908655,-1.7694619337665003,1.5707507133483887,-0.7238672415362757,1
457,1788172708.539597,-0.13496871220181844,-0.4749885181620067,0.3632853795350505,1.0360228894128976,-2.965769607893256,-6.258569167173657e-07,-1.6247323195086878,-1.5764101187335413,-1.366476837788717,-1.7694738546954554,1.570726752281189,-0.7260859648333948,1
458,1788172708.580171,-0.13646389504118134,-0.4761004668378189,0.3632512043046105,1.0358789700834403,-2.9658663541164847,-0.00011834687327717862,-1.6277053991900843,-1.5800202528582972,-1.3629048506366175,-1.7695215384112757,1.570738673210144,-0.7289522329913538,1
459,1788172708.6202288,-0.13777787168549258,-0.4771607210532203,0.3632679562948451,1.0359158155427004,-2.9657992286211208,2.6370501488740715e-05,-1.6302836577044886,-1.5833070913897913,-1.359560791646139,-1.7694738546954554,1.570726752281189,-0.7315667311297815,1
460,1788172708.6616611,-0.13910966471236436,-0.4781986828553323,0.36328275379601205,1.0355509166840462,-2.9659515620446246,0.0001805468864223047,-1.6329215208636683,-1.5865820089923304,-1.3562162558185022,-1.7694619337665003,1.5707865953445435,-0.7339533011065882,1
461,1788172708.6987603,-0.14040869170210823,-0.4792445604049282,0.3632804458063331,1.035399364086499,-2.9659151561937125,0.0002025071773757648,-1.6354158560382288,-1.5898564497577112,-1.3528960386859339,-1.7694619337665003,1.5707147121429443,-0.7363641897784632,1
462,1788172708.7362115,-0.141436310216556,-0.4800653884698723,0.3632941801299104,1.0355072850572429,-2.96588115493207,0.00028432574558334684,-1.637418572102682,-1.5924471060382288,-1.3502228895770472,-1.7694976965533655,1.570738673210144,-0.738438908253805,1
463,1788172708.7737997,-0.14302628167974574,-0.4813464003939133,0.3633033498753959,1.0354695490070815,-2.965882137312959,0.00037163499583884376,-1.6404879728900355,-1.596489731465475,-1.3460643927203577,-1.7695577780352991,1.5707507133483887,-0.7414854208575647,1
464,1788172708.8117158,-0.1442496866304397,-0.4824564437037834,0.3633030615123398,1.035891951300287,-2.965719575264761,0.0004205438854036921,-1.6428139845477503,-1.599896256123678,-1.3425639311419886,-1.7696173826800745,1.5707507133483887,-0.7440994421588343,1
465,1788172708.8501465,-0.1452920413711544,-0.4832797347248203,0.36328500770405203,1.0357883044249712,-2.965761264871617,0.00039942886988123655,-1.6448043028460901,-1.6025355497943323,-1.339879337941305,-1.76967698732485,1.5707507133483887,-0.7460187117206019,1
466,1788172708.888219,-0.14645473518092086,-0.48415347919234974,0.3632573040073571,1.0360496386306342,-2.9657076628365187,0.00017516330146536508,-1.647010628377096,-1.6054499785052698,-1.3368943373309534,-1.7698925177203577,1.570726752281189,-0.7483933607684534,1
467,1788172708.9267583,-0.1473529222523745,-0.48496184374100315,0.3632142097221236,1.0357803155268221,-2.965849676557869,5.894899838321084e-05,-1.6487014929400843,-1.607992951069967,-1.3343413511859339,-1.7699883619891565,1.570738673210144,-0.749892536793844,1
468,1788172708.9634955,-0.14791010280588093,-0.48556038002184454,0.36326451178353414,1.0360082473095007,-2.965759493171295,0.00023445613842464625,-1.6497448126422327,-1.6097443739520472,-1.3324115912066858,-1.7700603644000452,1.5707746744155884,-0.7510917822467249,1
469,1788172709.0027752,-0.14818592824659674,-0.48595405064646996,0.3632106218516814,1.0359288440201113,-2.9658183548323507,0.00012954618953831416,-1.6502364317523401,-1.6108720938311976,-1.3313568274127405,-1.7700603644000452,1.5707746744155884,-0.7515233198748987,1
470,1788172709.0406723,-0.14826563110807597,-0.48594863803522226,0.3631474350672267,-1.0357681351141905,2.965926097244461,0.00017138659965482787,-1.6503918806659144,-1.6110041777240198,-1.3313329855548304,-1.770156208668844,1.5707626342773438,-0.7515595594989222,1
471,1788172709.078283,-0.14828276446971211,-0.4859372855062643,0.36320928533305136,1.0356183500650369,-2.96595610067784,-1.5832323921059633e-05,-1.6504281202899378,-1.6109560171710413,-1.3312490622149866,-1.7701800505267542,1.5707626342773438,-0.7514994780169886,1
472,1788172709.1170025,-0.14826535069539415,-0.4859451225089153,0.36320771697816223,1.0356914210233543,-2.9659358866170424,-3.3648536765853106e-05,-1.6503918806659144,-1.6109684149371546,-1.3312371412860315,-1.7701919714557093,1.5707626342773438,-0.7515113989459437,1
473,1788172709.1546552,-0.1482731101090891,-0.4859337821220387,0.3632186554870329,1.0356331401795007,-2.9659393839934904,-2.3390495334300494e-05,-1.6504038015948694,-1.6109440962420862,-1.3312371412860315,-1.7702038923846644,1.5707507133483887,-0.7514875570880335,1
474,1788172709.1922603,-0.14826066182067257,-0.48592090884068395,0.3631824570606037,-1.0356722316269191,2.96593772660016,0.0001980143707815307,-1.6503918806659144,-1.6109684149371546,-1.331273380910055,-1.7702754179583948,1.5707746744155884,-0.7514994780169886,1
475,1788172709.2301,-0.14827236974238364,-0.48591593711959297,0.363221388610536,1.0356605116771471,-2.965963241247783,-4.246037943810463e-05,-1.6504161993609827,-1.610920254384176,-1.3312490622149866,-1.7702396551715296,1.5707746744155884,-0.7515113989459437,1
476,1788172709.270593,-0.1482684406412549,-0.48590947316264205,0.36320845663410145,-1.0356260651662574,2.965975915547783,0.00017070198941234772,-1.6504038015948694,-1.6109440962420862,-1.3312371412860315,-1.7703116575824183,1.5707626342773438,-0.7514756361590784,1
477,1788172709.3114703,-0.1482624211919261,-0.4859139847553269,0.36320637813112144,1.035746686980257,-2.965923745044329,-0.00015094722139547594,-1.6503799597369593,-1.6109321753131312,-1.3312609831439417,-1.7702754179583948,1.570738673210144,-0.7515352408038538,1
478,1788172709.3500142,-0.1482712353781401,-0.4859017199881222,0.36322274534981713,-1.0356987852010269,2.965959245379542,9.454051058602317e-05,-1.6504161993609827,-1.610908333455221,-1.3312490622149866,-1.770287815724508,1.5707746744155884,-0.7515352408038538,1
479,1788172709.389183,-0.14824761313969279,-0.48590609161674964,0.36323116462614824,1.0356965754635377,-2.9659506471606067,-4.2459667299035684e-05,-1.6503680388080042,-1.6108844915973108,-1.3312609831439417,-1.7702634970294397,1.5707746744155884,-0.7514875570880335,1
480,1788172709.4270637,-0.1482870976448038,-0.4859172294712617,0.3632211854273094,1.0356038449888545,-2.965971360157832,-5.009555099511421e-05,-1.6504400412188929,-1.6109321753131312,-1.3312371412860315,-1.7702396551715296,1.5707626342773438,-0.7514994780169886,1
481,1788172709.4647677,-0.1482739873398881,-0.4859016505855339,0.3631981368170013,-1.0356237076792887,2.9659714349571575,0.00018851835179802063,-1.6504161993609827,-1.6109321753131312,-1.331273380910055,-1.7702997366534632,1.5707626342773438,-0.7514875570880335,1
482,1788172709.502399,-0.14825927609472742,-0.4859035360321779,0.36321703389771764,-1.0356448711575905,2.965972976274484,0.00011167233175917938,-1.6503918806659144,-1.610908333455221,-1.3312609831439417,-1.770287815724508,1.5707746744155884,-0.7514756361590784,1
483,1788172709.5405037,-0.14826839118154642,-0.48591444203178713,0.3632050016057601,1.0356776233458875,-2.965953161280741,-0.0001687639942287843,-1.6503918806659144,-1.6109440962420862,-1.3312490622149866,-1.770287815724508,1.570738673210144,-0.7514994780169886,1
484,1788172709.579121,-0.14826523962306726,-0.4859095016552372,0.36322963034798983,1.0356732572586886,-2.965940666922816,-7.478534951161554e-05,-1.6503918806659144,-1.610908333455221,-1.3312371412860315,-1.7702754179583948,1.5707507133483887,-0.7514994780169886,1
485,1788172709.6168852,-0.14827450661872826,-0.4859081587732777,0.36322264970601914,1.0356023850698817,-2.965967179825675,-3.433355888462726e-05,-1.6504161993609827,-1.610896412526266,-1.331273380910055,-1.7702282110797327,1.5707626342773438,-0.7514756361590784,1
486,1788172709.656078,-0.14827475496109102,-0.4859112712797692,0.36320500135591527,-1.0356092655607192,2.9659868788952575,0.00015357044081030718,-1.6504161993609827,-1.6109440962420862,-1.3312490622149866,-1.770287815724508,1.5707626342773438,-0.7514756361590784,1
487,1788172709.695962,-0.148286260310953,-0.4859123250171886,0.3631990868378815,1.0355901102307212,-2.9659888154555003,-0.00018589604501993226,-1.6504281202899378,-1.6109560171710413,-1.3312490622149866,-1.770287815724508,1.570738673210144,-0.7514756361590784,1
488,1788172709.7394829,-0.1482707465825355,-0.48590415511003937,0.36321820735490634,1.0356764309770548,-2.9659497531686005,-0.00010904919962166127,-1.6504038015948694,-1.610908333455221,-1.3312609831439417,-1.7702754179583948,1.5707507133483887,-0.7515113989459437,1
489,1788172709.78119,-0.1482740143854072,-0.48590198955039743,0.3632252500842784,1.0356407885944423,-2.965963557313195,-6.722673977653934e-05,-1.6504161993609827,-1.610896412526266,-1.3312609831439417,-1.7702634970294397,1.5707626342773438,-0.7514994780169886,1
490,1788172709.8199272,-0.14826175638647252,-0.485900060755861,0.3632229485644776,1.0356977678569494,-2.965954058377412,-0.00010217534248956767,-1.6503918806659144,-1.610896412526266,-1.3312609831439417,-1.770287815724508,1.5707626342773438,-0.7515113989459437,1
491,1788172709.8620532,-0.14826175638647252,-0.485900060755861,0.3632229485644776,1.0356800892486109,-2.96596023120326,-0.00010217527473466623,-1.6503918806659144,-1.610896412526266,-1.3312609831439417,-1.770287815724508,1.5707626342773438,-0.7514994780169886,1
492,1788172709.9016874,-0.14826503220515766,-0.48590690126262237,0.3632040767341384,-1.0357541169644808,2.9659427490342947,0.00017826171601874815,-1.6503918806659144,-1.6109321753131312,-1.3312609831439417,-1.7702997366534632,1.5707507133483887,-0.7515476385699671,1
493,1788172709.9413173,-0.14826179975444057,-0.4859006044589135,0.36321590585956065,-1.0356292382398822,2.965985004909676,0.0001364391720114793,-1.6503918806659144,-1.610908333455221,-1.3312609831439417,-1.7702997366534632,1.5707626342773438,-0.7514637152301233,1
494,1788172709.9835641,-0.14826193644826602,-0.48590790662308636,0.3632111195939851,1.0356406789468269,-2.965960962770894,-0.00015163134356603174,-1.6503799597369593,-1.610920254384176,-1.3312609831439417,-1.770287815724508,1.570738673210144,-0.7514637152301233,1
495,1788172710.0321827,-0.14828282297627896,-0.4859038058674406,0.36321229269152255,1.0355712387825105,-2.9659915787341475,-0.00012618067740355872,-1.6504281202899378,-1.610920254384176,-1.3312609831439417,-1.7702754179583948,1.5707507133483887,-0.7514637152301233,1
496,1788172710.0748508,-0.14827278531080523,-0.48589514528673533,0.3632218206676565,1.0356214143561027,-2.9659625948539983,-0.00013450004741895463,-1.6504038015948694,-1.610896412526266,-1.3312609831439417,-1.7702997366534632,1.570738673210144,-0.7514756361590784,1
497,1788172710.1134856,-0.14827686635150034,-0.4859120782606134,0.3632025423326821,1.0356595238289972,-2.965958121989994,-0.00021058659045757294,-1.6504038015948694,-1.6109560171710413,-1.3312371412860315,-1.7703116575824183,1.570726752281189,-0.7514994780169886,1
498,1788172710.1527317,-0.1482708246562714,-0.4859051337711812,0.3632040767341384,-1.0356650180571854,2.965973864458496,0.00017826172239351044,-1.6504038015948694,-1.6109321753131312,-1.3312609831439417,-1.7702997366534632,1.5707507133483887,-0.7514994780169886,1
499,1788172710.194726,-0.14826393141787728,-0.4858931007224727,0.3632077100501147,-1.0356280119974477,2.96598148681267,0.00019607858868657814,-1.6503918806659144,-1.610908333455221,-1.331273380910055,-1.7703235785113733,1.5707507133483887,-0.7514637152301233,1
500,1788172710.2343018,-0.14826177400002344,-0.48590028157653203,0.36319856853006494,-1.035642157544238,2.9659651990176297,0.00018783355557472212,-1.6503918806659144,-1.610920254384176,-1.3312848250018519,-1.7702997366534632,1.5707626342773438,-0.7514756361590784,1
501,1788172710.2738128,-0.14835577594185445,-0.48592271701114215,0.3632596487831957,1.0356797621393112,-2.965902505103407,4.5802184913496813e-05,-1.650571648274557,-1.6109684149371546,-1.3311169783221644,-1.7702515761004847,1.5707507133483887,-0.7516911665545862,1
502,1788172710.3140717,-0.14872624917446292,-0.48604590113996393,0.3633325830623013,1.0354554709847041,-2.965889537194473,0.00021192336667763577,-1.6512792746173304,-1.6114714781390589,-1.3304341475116175,-1.7702997366534632,1.5707147121429443,-0.7522667090045374,1
503,1788172710.3571944,-0.14974244245491394,-0.48658375708787116,0.3633348079267642,1.0353940629880285,-2.9659976612406274,6.0605025502399346e-05,-1.6532462278949183,-1.613523308430807,-1.32825214067568,-1.7705510298358362,1.5707507133483887,-0.7541740576373499,1
504,1788172710.3978794,-0.15163274657147593,-0.48775302295682926,0.3632763145793597,1.0357002827816484,-2.9658999204053385,-6.247503744137274e-05,-1.6568191687213343,-1.6176136175738733,-1.3240931669818323,-1.7706945578204554,1.570726752281189,-0.7579515616046351,1
505,1788172710.4426057,-0.15328443585035564,-0.488747330963796,0.3632886984466848,1.0354144913824914,-2.96599254824567,5.23909331778552e-05,-1.6599486509906214,-1.621091667805807,-1.3204134146319788,-1.7708266417132776,1.5707507133483887,-0.7608898321734827,1
506,1788172710.4856303,-0.15488047974739752,-0.4897115246711665,0.3632983961839586,1.0355711823211036,-2.965923268105714,9.90954894246004e-05,-1.6629460493670862,-1.6244867483722132,-1.3168061415301722,-1.771005932484762,1.5707507133483887,-0.7639959494220179,1
507,1788172710.5245512,-0.1564918414535044,-0.4906558618622387,0.3633117971108897,1.0357095112126615,-2.9658604770650996,0.00018955428946608888,-1.6659677664386194,-1.6278451124774378,-1.3132217566119593,-1.7711737791644495,1.5707626342773438,-0.7671139875995081,1
508,1788172710.5624251,-0.1580532825321832,-0.4916428887258948,0.36328961895144307,1.035784659722742,-2.965839401674246,0.00012689217909174475,-1.6688569227801722,-1.6313121954547327,-1.309577767048971,-1.7713888327227991,1.5707507133483887,-0.770052735005514,1
509,1788172710.6047685,-0.1597101790592683,-0.49261738122166343,0.36324897909315146,1.035775755093345,-2.9658706898449076,3.622008879473574e-05,-1.6719268004046839,-1.634838883076803,-1.3058984915362757,-1.7716048399554651,1.5707507133483887,-0.7731106917010706,1
510,1788172710.6430497,-0.16124446315279195,-0.49356799012503694,0.3632316171770471,1.0358789444488825,-2.965879917849947,-1.85014930606139e-05,-1.6747563521014612,-1.638233486806051,-1.3022902647601526,-1.7718680540667933,1.5707746744155884,-0.7760003248797815,1
511,1788172710.6835399,-0.16285768932731107,-0.4945427349198875,0.3632446270528963,1.0357128341148782,-2.965915414053979,-8.003891331973281e-05,-1.6776941458331507,-1.641747776662008,-1.29846698442568,-1.77220327058901,1.570738673210144,-0.7788308302508753,1
512,1788172710.72605,-0.1642200198068551,-0.4958686608100817,0.36319535046946416,-1.0355922808272349,2.965967768802373,0.00022148310940542918,-1.6800802389727991,-1.6459224859820765,-1.294056240712301,-1.772550408040182,1.5707626342773438,-0.7811334768878382,1
513,1788172710.7691147,-0.16590440162495257,-0.49741236987879456,0.36323417613985975,-1.0356698148766494,2.965955795803296,0.00017341602901254093,-1.6830175558673304,-1.6508162657367151,-1.2886503378497522,-1.7730286757098597,1.5707626342773438,-0.7841199080096644,1
514,1788172710.8124032,-0.1671682789572896,-0.49885114932742897,0.363259269625414,1.0358928802941672,-2.965851671736714,-3.316107924809722e-05,-1.6851399580584925,-1.6550987402545374,-1.2839396635638636,-1.7733519713031214,1.5707507133483887,-0.7863982359515589,1
515,1788172710.8560185,-0.1686139170614894,-0.5005735317514398,0.3632794237585703,1.0359605689700546,-2.9658137819571384,9.630167219008902e-05,-1.687549893056051,-1.6602090040790003,-1.2783063093768519,-1.773794953023092,1.5707746744155884,-0.7888568083392542,1
516,1788172710.8979082,-0.1699231923613402,-0.5019545985079182,0.36326886073442377,1.03559019230752,-2.9658936498685105,0.00011703368351452615,-1.6897318998919886,-1.6644318739520472,-1.2736919561969202,-1.774154011403219,1.570738673210144,-0.7907994429217737,1
517,1788172710.9393656,-0.17113730939937014,-0.5034087378988513,0.363281076841655,1.0357406209062467,-2.9658087213206867,0.00025679427218414596,-1.6917226950274866,-1.6687381903277796,-1.268921200429098,-1.774524990712301,1.5707507133483887,-0.7928984800921839,1
518,1788172710.9845853,-0.17269909650095594,-0.5050333879789786,0.363250283568597,1.0355704040836275,-2.9658301869013295,0.00024126440761788488,-1.6942999998675745,-1.6737526098834437,-1.2634323279010218,-1.7749922911273401,1.5707147121429443,-0.7953689734088343,1
519,1788172711.0264904,-0.1740506635787085,-0.506296737047071,0.3632755777157507,1.0350833839616425,-2.9660348889784207,0.0002632129535098958,-1.696578327809469,-1.6778066794024866,-1.2588418165790003,-1.7755306402789515,1.5707507133483887,-0.7973116079913538,1
520,1788172711.069928,-0.17536447861523638,-0.5075714640638241,0.3632740590922573,1.0339544774963734,-2.966514398046236,-3.506353793771863e-05,-1.6987484137164515,-1.6819689909564417,-1.2541311422931116,-1.7762849966632288,1.570738673210144,-0.7987025419818323,1
521,1788172711.1125643,-0.1770666695670257,-0.5091008306989929,0.36318931179239644,-1.0303023478240143,2.9677651699177288,0.00042685115593247446,-1.7015779654132288,-1.6870554129229944,-1.2485578695880335,-1.777050797139303,1.570738673210144,-0.7990744749652308,1
522,1788172711.15347,-0.17837071858616588,-0.5104132459324974,0.36327455677746523,-1.0262630475134267,2.9692255430364294,0.00011962524342993713,-1.703712288533346,-1.6911218802081507,-1.2437875906573694,-1.7775538603412073,1.5707746744155884,-0.7984746138202112,1
523,1788172711.1957095,-0.1797473958990766,-0.511756501818302,0.3632031089512622,-1.020834661929405,2.9711061741081064,0.0002159570661468848,-1.705930534993307,-1.6953924337970179,-1.2391131559955042,-1.778008286152975,1.570738673210144,-0.7970355192767542,1
524,1788172711.2387533,-0.18139255196192464,-0.5133698306594263,0.363208676182429,1.0131248123547612,-2.973704207972058,-6.942300249475958e-05,-1.7085798422442835,-1.7004788557635706,-1.23332387605776,-1.7786067167865198,1.570738673210144,-0.7945054213153284,1
525,1788172711.2814436,-0.18269897403600494,-0.5146898696984478,0.3632121029809664,1.0055505903706254,-2.976298385758833,-0.00018354243236075687,-1.7106545607196253,-1.7047131697284144,-1.228445831929342,-1.7793257872210901,1.570726752281189,-0.791483227406637,1
526,1788172711.3235304,-0.18405357057621075,-0.5160025812400681,0.36318814289763945,-0.9963782331983668,2.979335938463607,0.00043928204576682814,-1.7128127256976526,-1.70903188387026,-1.2234957853900355,-1.7801392714129847,1.570726752281189,-0.787490193043844,1
527,1788172711.3653896,-0.18539510320132185,-0.517383088540389,0.36331307563619364,0.9858669882244496,-2.982770964267657,8.747989298795605e-05,-1.7149108091937464,-1.7132423559771937,-1.2184012571917933,-1.780642334614889,1.5707147121429443,-0.7825482527362269,1
528,1788172711.4079282,-0.1869385794521523,-0.5190691519338247,0.3632901521763001,0.9720064658970999,-2.98734679701273,0.00016633366748174762,-1.7173083464251917,-1.7184966246234339,-1.2123730818377894,-1.781384293233053,1.5707626342773438,-0.7756531874286097,1
529,1788172711.4503584,-0.18791656268780216,-0.5201230691694536,0.3631055794118661,0.9602531507853176,-2.9912253135106956,1.0744061959350291e-05,-1.7188194433795374,-1.7217958609210413,-1.2089808622943323,-1.7815998236285608,1.5707865953445435,-0.7692850271808069,1
530,1788172711.4923525,-0.18832247202834582,-0.520548901375624,0.3629112177078549,0.947951562970174,-2.99505721063877,7.04113120344008e-05,-1.7194183508502405,-1.722994629536764,-1.2081058661090296,-1.7812045256244105,1.570726752281189,-0.7616813818560999,1
531,1788172711.5334024,-0.18829991302254143,-0.5205913846378314,0.3623524045103796,0.9359744089439629,-2.9988560263155515,8.429053120347144e-06,-1.7193706671344202,-1.7228148619281214,-1.2097600142108362,-1.7797802130328577,1.570738673210144,-0.753634277974264,1
532,1788172711.5727434,-0.18829756236373268,-0.520587496952079,0.36046316100528186,-0.921629483411487,3.003225572587455,0.0005172812566096085,-1.7193825880633753,-1.7220714727984827,-1.2154529730426233,-1.7752192656146448,1.5707746744155884,-0.7440994421588343,1
533,1788172711.6115596,-0.18830728218960952,-0.5206406183383464,0.35931287151784885,-0.911972279725639,3.0062376515709506,0.00044612689088602416,-1.7193706671344202,-1.721579376851217,-1.2190373579608362,-1.7720592657672327,1.570738673210144,-0.7376473585711878,1
534,1788172711.6532485,-0.1883013856048031,-0.5206449340465849,0.3583107910276647,-0.9001642279366809,3.009821021818613,0.00036521514100239444,-1.7193587462054651,-1.7210519949542444,-1.2222726980792444,-1.7692940870868128,1.570738673210144,-0.7297795454608362,1
535,1788172711.6935608,-0.18830541368596124,-0.5206904186597294,0.35762690185147145,0.885517761846384,-3.0141688668133964,-3.621284949145325e-05,-1.7193587462054651,-1.7206915060626429,-1.2245262304889124,-1.7671754995929163,1.5707507133483887,-0.7200530211078089,1
536,1788172711.736443,-0.18830684384109825,-0.5206309341312878,0.35708021374893306,-0.8732341628336908,3.017670079020629,0.0005264369323791066,-1.7193825880633753,-1.7204998175250452,-1.2260845343219202,-1.7661579290973108,1.5707626342773438,-0.7119453589068812,1
537,1788172711.7783346,-0.18829902030417253,-0.5206846581811515,0.3566154039222713,-0.8613004049535571,3.021159425515487,0.0002813448486657514,-1.7193587462054651,-1.7202957312213343,-1.2275708357440394,-1.7647092978106897,1.5707746744155884,-0.7040060202227991,1
538,1788172711.8198755,-0.1882940935717745,-0.5206954581445176,0.3561907064427962,0.8489863940042166,-3.0246961862685464,-6.102925896749236e-05,-1.71934682527651,-1.7200201193438929,-1.2290328184710901,-1.7633689085589808,1.5707746744155884,-0.6958377997027796,1
539,1788172711.863511,-0.18831242980796867,-0.5206566244660277,0.3556276673344722,0.8346246841420674,-3.0286708031607925,-0.00017982601449168927,-1.7193706671344202,-1.719708267842428,-1.2308428923236292,-1.7619321982013147,1.570726752281189,-0.6863749662982386,1
540,1788172711.9061613,-0.18831873551523742,-0.5207171384651182,0.3551380222636106,0.8225392380858694,-3.031902195875372,0.00011798408105917649,-1.7193706671344202,-1.719504181538717,-1.232401196156637,-1.760376278554098,1.570738673210144,-0.67841083208193,1
541,1788172711.9467747,-0.1884092775640455,-0.5207065039838488,0.3546661163300551,0.8104720852465481,-3.035200626108122,-5.66309009249579e-05,-1.7195385138141077,-1.7194083372699183,-1.2337077299701136,-1.759287182484762,1.570738673210144,-0.6706145445453089,1
542,1788172711.9903882,-0.18880213291493797,-0.520737082701412,0.35422560431100447,0.7981086241825045,-3.038484834457214,-9.147051703270706e-05,-1.720245663319723,-1.719623867665426,-1.2345941702472132,-1.758209530507223,1.570738673210144,-0.663177792225973,1
543,1788172712.0334098,-0.19032328244952135,-0.5209799374263399,0.35379601507609293,0.7830473944554274,-3.042323002991455,0.00028156936598581215,-1.7229560057269495,-1.7211478392230433,-1.23399526277651,-1.7570365110980433,1.5707626342773438,-0.6559932867633265,1
544,1788172712.0753345,-0.19194041964442968,-0.521403193956182,0.35341735196645774,0.7710825428426887,-3.0454078168669767,0.00017428601166477177,-1.7257731596576136,-1.7234028021441858,-1.2323291937457483,-1.756522003804342,1.5707626342773438,-0.6509440580951136,1
545,1788172712.1174088,-0.19355146706280252,-0.5218656166776141,0.3531490715319588,0.7590797490053305,-3.0485031757127747,-0.00016515144269411448,-1.7285545508014124,-1.7258980909930628,-1.2300518194781702,-1.7565339247332972,1.5707507133483887,-0.6458342711078089,1
546,1788172712.1594293,-0.1954486195411044,-0.5224404194336941,0.3531531503227001,0.7446285179795376,-3.0519793573523026,0.00014388272759853387,-1.7318156401263636,-1.7287772337542933,-1.2267196814166468,-1.7567732969867151,1.5707507133483887,-0.6396330038653772,1
547,1788172712.1999848,-0.19704733372499286,-0.5229806485627175,0.35298193321207677,0.7321563734647035,-3.0550633040288373,-0.0001016309659803709,-1.734537426625387,-1.731476132069723,-1.2239511648761194,-1.757012669240133,1.5707507133483887,-0.6341756025897425,1
548,1788172712.2413409,-0.19861813544847398,-0.5234208110174825,0.3529561085580345,0.720021396316082,-3.057938647561111,-2.6659912028571358e-05,-1.737234894429342,-1.7338631788836878,-1.2212184111224573,-1.7573116461383265,1.5707626342773438,-0.6289337317096155,1
549,1788172712.2821405,-0.2002930570098216,-0.5238563986990239,0.35288585917246285,0.7078941945640571,-3.060761799501852,4.7710037625700545e-05,-1.7401121298419397,-1.7363222281085413,-1.2185094992267054,-1.7575152556048792,1.5707746744155884,-0.6238840262042444,1
550,1788172712.3233476,-0.20184122162569962,-0.5242717764315111,0.3528411142459774,0.6956613594020683,-3.06354997892005,5.502136132546752e-05,-1.7427499930011194,-1.7386615912066858,-1.215860668812887,-1.7578147093402308,1.5707626342773438,-0.6185343901263636,1
551,1788172712.3638847,-0.20347086469189696,-0.524628888225097,0.3528666698218551,0.682927347921957,-3.0663416013678777,0.0002727227519813313,-1.7455437819110315,-1.7408927122699183,-1.2131875197040003,-1.758101765309469,1.5707507133483887,-0.6130288282977503,1
552,1788172712.4031944,-0.20503381704872609,-0.5250775083583519,0.3526655095474212,-0.6708108710241388,3.069133139895725,0.000260197170838917,-1.7481816450702112,-1.7434962431537073,-1.210527245198385,-1.7585209051715296,1.570738673210144,-0.6077511946307581,1
553,1788172712.4403915,-0.20660973414256928,-0.5254871822897986,0.3526433272982407,-0.6588543787891894,3.0716830114383757,0.00025802121204868264,-1.750866715108053,-1.7459071318255823,-1.2077105681048792,-1.7589400450335901,1.5707746744155884,-0.6026533285724085,1
554,1788172712.4790788,-0.20826711952911015,-0.5259009003479211,0.35258046561253364,-0.6462858923689516,3.0743466455858237,0.0002788921764442715,-1.753671948109762,-1.7483904997455042,-1.2049062887774866,-1.759275261555807,1.5707746744155884,-0.5972793737994593,1
555,1788172712.5167046,-0.2098452574942335,-0.5264066146586677,0.35249183996740263,-0.6338780229993874,3.0769518465971477,0.00019374714860325568,-1.7562978903399866,-1.750969711934225,-1.2020652929889124,-1.7594783941852015,1.5707746744155884,-0.5918338934527796,1
556,1788172712.55498,-0.21117123641592808,-0.5266815995550989,0.35249690594788463,0.6240359034331202,-3.0789413125317457,-0.00010297854633930754,-1.7585280577289026,-1.7528050581561487,-1.1998723188983362,-1.7597540060626429,1.570726752281189,-0.5876715818988245,1
557,1788172712.5927527,-0.21264261994993922,-0.5271699183046776,0.35239353790908845,0.6120817491612585,-3.081319870242351,2.2828835820330406e-05,-1.7609613577472132,-1.7552407423602503,-1.197235409413473,-1.7598736921893519,1.570738673210144,-0.5823453108416956,1
558,1788172712.6295447,-0.21341739132872165,-0.5273985862179101,0.35230311739104847,0.599661857390023,-3.0837794901500883,5.3180640579395743e-05,-1.7622564474688929,-1.7564643065081995,-1.196000878010885,-1.7598736921893519,1.5707626342773438,-0.5755799452411097,1
559,1788172712.6705718,-0.21347235393879566,-0.527386601973363,0.352328105755452,0.5870897323103088,-3.0861501842417884,0.0001870832586135444,-1.7623522917376917,-1.7564399878131312,-1.19598895708193,-1.7598136107074183,1.5707507133483887,-0.5675309340106409,1
560,1788172712.7076201,-0.2134643033140196,-0.5273738223960417,0.3522254825411683,-0.5748302582786153,3.088550122368415,0.00011346022155241509,-1.7623522917376917,-1.7564881483661097,-1.1961444059955042,-1.7598255316363733,1.5707746744155884,-0.5595782438861292,1
561,1788172712.7466865,-0.21346990754603698,-0.5273456959183168,0.3522029128627473,-0.5647634136999421,3.0903824863438536,0.000158999582696981,-1.76237661043276,-1.7564399878131312,-1.196252171193258,-1.7598016897784632,1.5707865953445435,-0.5530884901629847,1
562,1788172712.7832518,-0.2134781286853862,-0.5273243980125584,0.35211773719236106,-0.5523586490874993,3.0926246946428937,0.00026147683005801664,-1.7623885313617151,-1.7563918272601526,-1.1965163389789026,-1.759646240864889,1.5707626342773438,-0.5450752417193812,1
563,1788172712.8229523,-0.21345211796115346,-0.5273459498322053,0.35202850547579667,-0.5402905439258859,3.0947147143403115,0.00037807433241455487,-1.7623403708087366,-1.756428066884176,-1.196683708821432,-1.75952655473818,1.5707746744155884,-0.5372298399554651,1
564,1788172712.8639328,-0.2134587300014403,-0.5273306463826822,0.3519607162934269,-0.5277398292227502,3.0968833858064855,0.0004209214692795547,-1.7623522917376917,-1.7563799063311976,-1.196911636983053,-1.7593711058246058,1.5707626342773438,-0.5291331450091761,1
565,1788172712.9035263,-0.21348397888804296,-0.5273971434685383,0.3519339805109175,0.5155045159773252,-3.0990050716038073,-0.00024142623221918926,-1.7623642126666468,-1.7564643065081995,-1.196911636983053,-1.759155575429098,1.570738673210144,-0.5212395826922815,1
566,1788172712.9441993,-0.21366820481832693,-0.5275389929151286,0.35194989367090906,-0.5031746930907162,3.1010208858193997,5.000616772629441e-05,-1.7626641432391565,-1.7569201628314417,-1.196348015462057,-1.759155575429098,1.570798635482788,-0.5135858694659632,1
567,1788172712.9855332,-0.21469373550180906,-0.528042139171273,0.3518109800736194,-0.490228213933351,3.103103659485037,0.00011855622753741048,-1.764282528554098,-1.759031120930807,-1.1941550413714808,-1.759275261555807,1.5707746744155884,-0.5068562666522425,1
568,1788172713.0258052,-0.21628324585634726,-0.5288755544034317,0.35173108486432225,0.47812499865063657,-3.104970433131311,0.00012025287867254689,-1.7667883078204554,-1.7623785177813929,-1.1903556028949183,-1.7595742384540003,1.570798635482788,-0.5015657583819788,1
569,1788172713.0677314,-0.21789023838100052,-0.5296263737894468,0.35169519956540707,0.46606491556770535,-3.106741198894156,0.0002221800090262558,-1.769317928944723,-1.7656171957599085,-1.1865442434894007,-1.7600649038897913,1.5707626342773438,-0.49633533159364873,1
570,1788172713.1088128,-0.21950175858858517,-0.5304103913726436,0.35162976401252055,0.453540010569724,-3.108587210795077,0.000254092422201373,-1.7718475500689905,-1.7689760367022913,-1.1826370398150843,-1.7605918089496058,1.5707626342773438,-0.4908049742328089,1
571,1788172713.148839,-0.22105682126877838,-0.5311850514074317,0.3515359604570948,0.44114377759943896,-3.110402723121513,0.00022754976271081596,-1.7742813269244593,-1.7722871939288538,-1.1788376013385218,-1.7611067930804651,1.5707865953445435,-0.48526269594301397,1
572,1788172713.1883445,-0.22269097972956553,-0.5318574210177439,0.3514769449009968,0.42892632184137713,-3.112141733158462,-1.704199091120821e-05,-1.7768591086017054,-1.7755377928363245,-1.1749780813800257,-1.7618725935565394,1.5707626342773438,-0.4799841086017054,1
573,1788172713.2259114,-0.2242720647493655,-0.5325474450819123,0.35137599608295156,-0.4165279415173701,3.113802448816683,0.000511595719734883,-1.7793286482440394,-1.7788727919207972,-1.1710708777057093,-1.7627704779254358,1.570738673210144,-0.47448999086488897,1
574,1788172713.266891,-0.22584071913072448,-0.5332372235709102,0.35122924064476246,-0.40374105521713016,3.115402856485872,0.0007682149721974108,-1.7817862669574183,-1.7820995489703577,-1.1674392859088343,-1.7633569876300257,1.5707626342773438,-0.4687436262713831,1
575,1788172713.3077922,-0.2275129381878482,-0.5337407452397943,0.3512402355107867,-0.3911574878051656,3.117103978561637,0.0003460438945493932,-1.78447133699526,-1.7847870031939905,-1.1641672293292444,-1.7636564413653772,1.5707626342773438,-0.4633448759662073,1
576,1788172713.3497305,-0.22907681299674104,-0.5340751577830011,0.3511928093409511,-0.37896880746286676,3.118629006349795,0.0002599004266808706,-1.787025276814596,-1.7870901266681116,-1.1614587942706507,-1.7640035788165491,1.5707626342773438,-0.458078686391012,1
577,1788172713.3874643,-0.23104640825886893,-0.5342386314887615,0.3511771409333679,0.36396187870677543,-3.120401256709754,6.310686715688532e-05,-1.7903345266925257,-1.7893336454974573,-1.158774201069967,-1.764231030141012,1.5707746744155884,-0.45176774660219365,1
578,1788172713.4272575,-0.23228227970059995,-0.5343234816364575,0.35121681170558716,0.3538215556203512,-3.121430396063729,0.0005058791151187163,-1.7923958937274378,-1.7906172911273401,-1.1571558157550257,-1.7642548719989222,1.570738673210144,-0.44734079042543584,1
579,1788172713.4717069,-0.23394129136149652,-0.5343494459802779,0.35108310966472617,0.3411850111318222,-3.122850461278153,0.0003318271108245348,-1.795201603566305,-1.7923811117755335,-1.1552861372577112,-1.7644699255572718,1.5707147121429443,-0.4420507589923304,1
580,1788172713.5113368,-0.23580997235870574,-0.5343771510113435,0.35091685067319434,0.3267752507350871,-3.124535319888842,-3.085447966891213e-05,-1.7983906904803675,-1.7944682280169886,-1.1530569235431116,-1.7648771444903772,1.5707746744155884,-0.43600398698915654,1
581,1788172713.5525491,-0.23743377619177336,-0.5343465446895059,0.35089422009508453,0.3140089614416256,-3.125809953616881,8.685090215626215e-06,-1.801147762929098,-1.7960518042193812,-1.151151482258932,-1.7651642004596155,1.5707507133483887,-0.4305933157550257,1
582,1788172713.594766,-0.23902322806359058,-0.5342900057491524,0.35084341720517054,0.3012603916441168,-3.1270803479221203,-0.00012277861659426123,-1.803857151662008,-1.7976110617267054,-1.1493175665484827,-1.7655232588397425,1.570738673210144,-0.4251464048968714,1
583,1788172713.6334639,-0.240613335197477,-0.5343078215955719,0.3507177312576051,-0.28886273725552364,3.1282527319378204,0.0003676481878446035,-1.806542698537008,-1.7993744055377405,-1.1473997274981897,-1.7658465544330042,1.5707507133483887,-0.41990405717958623,1
584,1788172713.6727448,-0.24221839200274992,-0.5342875789645234,0.35073290532525014,-0.2765935291175782,3.1293921539936296,0.00016874216092559755,-1.8092640081988733,-1.8009584585772913,-1.1454103628741663,-1.7661221663104456,1.5707626342773438,-0.41478091875185186,1
585,1788172713.7136984,-0.2437531252808346,-0.534270507438392,0.3507509299971261,0.2638457833179234,-3.1304598137532222,0.00010873136083647521,-1.8118656317340296,-1.802457634602682,-1.143529240285055,-1.7663257757769983,1.5707865953445435,-0.40923864046205694,1
586,1788172713.7534704,-0.2454057210353017,-0.5343963161111438,0.35068541057411606,0.2511694180115156,-3.1314798702909,0.0001553875382797727,-1.8145869413958948,-1.8044727484332483,-1.1411798636065882,-1.7666247526751917,1.5707746744155884,-0.4038637320147913,1
587,1788172713.7945857,-0.24702274289402415,-0.5345999905746762,0.35046959228053487,-0.2387769700719112,3.1324997446372906,0.0003120984866138649,-1.817200009022848,-1.8067763487445276,-1.138770882283346,-1.7670319716082972,1.570738673210144,-0.39856082597841436,1
588,1788172713.8366709,-0.2486489253583051,-0.5348044633376082,0.3504302921111283,-0.2263948989032646,3.1334222715074427,0.00011871208205303265,-1.8198497931109827,-1.8089359442340296,-1.1361821333514612,-1.7673433462726038,1.5707746744155884,-0.3933060804950159,1
589,1788172713.8799777,-0.2505433831359902,-0.5351054166940287,0.3503624441239404,0.21128092201016654,-3.134425711258656,-3.122525964793237e-05,-1.8228705565081995,-1.8116348425494593,-1.1329696814166468,-1.7677863279925745,1.570738673210144,-0.3866837660418909,1
590,1788172713.9244046,-0.25216390795472293,-0.5353207214643612,0.35037382994422106,0.19842015976562602,-3.1352520961206536,0.0002763050581809328,-1.825496021901266,-1.8138182798968714,-1.1302254835711878,-1.7681568304644983,1.5707865953445435,-0.38110477129091436,1
591,1788172713.9664755,-0.2537435902759127,-0.5355258096258987,0.35037235806717415,0.18624908799667617,-3.1359311068998115,0.00035906768531628644,-1.8280137220965784,-1.8160012404071253,-1.1274808088885706,-1.7686474959002894,1.570738673210144,-0.375861946736471,1
592,1788172714.0090024,-0.255653709729075,-0.5357772335735259,0.3501754260106622,-0.17128305408662192,3.136917136867104,0.00030574720149320205,-1.8310707251178187,-1.8189047018634241,-1.1241963545428675,-1.7694738546954554,1.570738673210144,-0.36937076250185186,1
593,1788172714.0514548,-0.25727489415491384,-0.5360339093050219,0.3500845372373912,-0.15824381209774635,3.1375936965540245,0.0002250362321321886,-1.8336480299579065,-1.8212559858905237,-1.1214516798602503,-1.7698209921466272,1.5707626342773438,-0.3636358420001429,1
594,1788172714.0943117,-0.2588508464429189,-0.53640779045162,0.34993191799037604,0.14585953265103488,-3.138168445121675,4.495566969118723e-06,-1.8360818068133753,-1.8237393538104456,-1.1187194029437464,-1.7699163595782679,1.5707626342773438,-0.3581770102130335,1
595,1788172714.1366465,-0.2608152862776822,-0.536769160646398,0.34976615964049323,0.13098699577850043,-3.1387580181042813,0.00014502926622087756,-1.8391383329974573,-1.8266661802874964,-1.1154354254352015,-1.7701681295977991,1.570726752281189,-0.35175782838930303,1
596,1788172714.17972,-0.2623662321956928,-0.5370472536259613,0.34963252929169697,0.11828090729072076,-3.1393084638176356,0.00010530890716377014,-1.841572109852926,-1.8290537039386194,-1.1127150694476526,-1.7705391089068812,1.5707626342773438,-0.3460949102984827,1
597,1788172714.2207198,-0.2639629013352731,-0.5374174341437258,0.3493952949771817,0.10568487933076752,-3.139783940028135,-2.378771126854796e-05,-1.84401780763735,-1.8316929976092737,-1.1099227110492151,-1.7707784811602991,1.5707626342773438,-0.34051591554750615,1
598,1788172714.2629254,-0.26591011970518247,-0.5377383060888072,0.34925278516263425,0.09086420399724873,-3.140226836466895,8.059468175193604e-05,-1.8470504919635218,-1.8345840612994593,-1.1065905729876917,-1.7711499373065394,1.5707626342773438,-0.33410913148988897,1
599,1788172714.3061829,-0.26749239168961225,-0.5379558663017373,0.3490809416498492,0.07841490264837332,-3.140585207220416,2.9907215585480024e-05,-1.8495319525348108,-1.8368752638446253,-1.1040738264666956,-1.7714131514178675,1.5707746744155884,-0.32866174379457647,1
600,1788172714.3479307,-0.26914352473270614,-0.5380202565549655,0.34896015109184575,0.06513436415043167,-3.140834797278392,0.00023815671441510778,-1.8521812597857874,-1.838806454335348,-1.1019285360919397,-1.771484676991598,1.5707626342773438,-0.3228548208819788,1
601,1788172714.390344,-0.2706741139841735,-0.5380654433613568,0.3489084701146628,0.05268201103828506,-3.14100786870358,0.0004824746721889894,-1.854638401662008,-1.8405821959124964,-1.0998066107379358,-1.7716644446002405,1.5707507133483887,-0.31738359132875615,1
602,1788172714.4307425,-0.2726688570496826,-0.5381237152508705,0.3486239210891645,0.03791271270283179,-3.141264761993655,0.00026165611421850616,-1.8578394095050257,-1.843029801045553,-1.0973385016070765,-1.771832291279928,1.5707507133483887,-0.3111804167376917,1
603,1788172714.4750385,-0.27421373100523244,-0.5381718237287864,0.34848438831814615,0.02534768262216472,-3.1414078659784312,0.00030658494369877564,-1.8603203932391565,-1.8449013868915003,-1.0952771345721644,-1.7719996611224573,1.5707746744155884,-0.30566150346864873,1
604,1788172714.5157773,-0.2758418147147471,-0.5381485073123122,0.34836064061663663,0.012421716343803806,-3.14147018178452,0.00025854123218787943,-1.8629463354693812,-1.8467486540423792,-1.0931909720050257,-1.7722633520709437,1.5707507133483887,-0.3000581900226038,1
605,1788172714.5588431,-0.2774522328564047,-0.538135367735065,0.34817346652192316,0.0002514103065835434,-3.1415590090700007,-8.157992368617497e-06,-1.8655474821673792,-1.84868032137026,-1.0911176840411585,-1.7725861708270472,1.5707626342773438,-0.2949112097369593,1
606,1788172714.600078,-0.279345050128108,-0.5381781026987384,0.34803594214229183,-0.01459601279688665,-3.141509483440245,0.0001386563737270267,-1.8685687224017542,-1.8509472052203577,-1.088541332875387,-1.772801701222555,1.5707746744155884,-0.28848010698427373,1
607,1788172714.6423836,-0.2809625967552957,-0.5381619830721183,0.3478924471879198,-0.027633486116888546,-3.1414097357250483,7.200133742133736e-05,-1.871157471333639,-1.85283071199526,-1.0864442030536097,-1.7730525175677698,1.5707507133483887,-0.2827685515033167,1
608,1788172714.682091,-0.2825352574622232,-0.5382261164935057,0.34771940201713825,-0.040048930517044515,-3.141276735655226,6.855460795754698e-05,-1.8736384550677698,-1.8548224608050745,-1.0842869917498987,-1.7732203642474573,1.5707507133483887,-0.27734500566591436,1
609,1788172714.7193396,-0.2841477906129603,-0.5382467053786807,0.34751390709449564,-0.05244538749247682,-3.14111630590785,1.801358549701639e-05,-1.8762038389789026,-1.8567779699908655,-1.0822489897357386,-1.7733400503741663,1.5707626342773438,-0.27201778093446904,1
610,1788172714.7573268,-0.2857817157648404,-0.5382304667274889,0.34734872326746863,-0.06500965571788359,-3.1408290871315474,3.0528447880643654e-05,-1.8787935415851038,-1.8586609999286097,-1.0802119413958948,-1.7734716574298304,1.5707147121429443,-0.26660663286318,1
611,1788172714.7970726,-0.2873613665905085,-0.5382396664107232,0.34722138430513705,-0.07808278618294802,-3.14055631559797,9.772222007514247e-05,-1.881310764943258,-1.8605688253985804,-1.0780428091632288,-1.7736991087542933,1.5707507133483887,-0.2607992331134241,1
612,1788172714.834523,-0.28870346965869326,-0.5381973517607785,0.3470310917062358,-0.08834963746249526,-3.1403445635552107,-9.144796922731896e-05,-1.8834684530841272,-1.8621400038348597,-1.0764363447772425,-1.7738669554339808,1.5707746744155884,-0.2564194838153284,1
613,1788172714.876277,-0.29020239321965735,-0.538226544599347,0.3469697487828767,-0.10023222461127786,-3.1399052576061446,8.38765344068912e-05,-1.8858063856707972,-1.8639758268939417,-1.0742071310626429,-1.7741301695453089,1.570726752281189,-0.25118762651552373,1
614,1788172714.9175744,-0.2918499076411509,-0.5381600096456741,0.34690833339171234,-0.11273342838434414,-3.1394663325250165,0.0003680880124959019,-1.8884552160846155,-1.8657634894000452,-1.072049919758932,-1.7743218580829065,1.5707626342773438,-0.2458727995501917,1
615,1788172714.9600184,-0.29373179322289844,-0.5380829441252786,0.34667568258989223,-0.12813631489270363,-3.1388945468149516,0.00033474838100956835,-1.8914640585528772,-1.8678744474994105,-1.0698569456683558,-1.7744296232806605,1.5707746744155884,-0.2390688101397913,1
616,1788172715.0026236,-0.2953455254765956,-0.5378598283539151,0.34649476225726666,-0.14067177411060686,-3.138353405046703,0.00029155820082845784,-1.8941128889666956,-1.869338337575094,-1.0683825651751917,-1.7744653860675257,1.5707626342773438,-0.23372966447939092,1
617,1788172715.043765,-0.2969332253255263,-0.5375910916475106,0.3463739238150979,-0.15273573642268026,-3.1377818810931717,0.000403517529509873,-1.896750275288717,-1.870645825062887,-1.0669806639300745,-1.7744892279254358,1.5707746744155884,-0.228678051625387,1
618,1788172715.0858712,-0.2985112553003715,-0.5372843671312141,0.34614095360912106,-0.165495858426379,-3.1371677297951615,8.503593856784805e-05,-1.8993757406817835,-1.8719771544085901,-1.0657694975482386,-1.7745731512652796,1.5707507133483887,-0.22317058244814092,1
619,1788172715.1291187,-0.3004677164211165,-0.5368179031906883,0.34594832285750676,-0.18107284476178861,-3.1363176407378486,2.7518069160742295e-05,-1.9026840368853968,-1.87335712114443,-1.064427677785055,-1.7745731512652796,1.5707507133483887,-0.2165473143206995,1
620,1788172715.1708124,-0.3020103788631082,-0.536406092838735,0.3458158749725869,-0.1931846191534048,-3.135586790321899,3.046704937790913e-06,-1.905309025441305,-1.874352757130758,-1.0634449164019983,-1.7745731512652796,1.570738673210144,-0.2114475409137171,1
621,1788172715.2134457,-0.30360508595772817,-0.5358830500891865,0.34569605581948415,-0.20542616397381502,-3.134818473556736,-5.240078248096757e-05,-1.9080780188189905,-1.8751924673663538,-1.0626300016986292,-1.7745850721942347,1.570738673210144,-0.20640784898866826,1
622,1788172715.2582524,-0.30552990853412965,-0.5352433843061686,0.3455056127379034,-0.22067317646956605,-3.1338080636281944,-0.00019952918433295105,-1.9114225546466272,-1.8762124220477503,-1.0617430845843714,-1.7745493094073694,1.570738673210144,-0.20002442995180303,1
623,1788172715.2989836,-0.3071986183621945,-0.5346618284388764,0.3453550976471558,0.2337534785922916,3.132883408373391,0.0003453387597787872,-1.914335076008932,-1.877064053212301,-1.0609758535968226,-1.7745612303363245,1.570738673210144,-0.1945889631854456,1
624,1788172715.3377652,-0.3087389117129396,-0.5341923178985912,0.34519908405323896,0.24579608129055677,3.131961477439527,0.0003475069426877771,-1.9169843832599085,-1.8779519240008753,-1.0601971785174769,-1.7744534651385706,1.570738673210144,-0.18954927126039678,1
625,1788172715.379965,-0.31039980728346456,-0.5336597881827343,0.34504658480969796,-0.25819134353305356,-3.1309575079588217,-0.00037195198656305405,-1.9198492209063929,-1.8788755575763147,-1.0593579451190394,-1.7743819395648401,1.570726752281189,-0.18449718156923467,1
626,1788172715.4203079,-0.31197461402231086,-0.5331879047729847,0.34487790788901146,0.27110771770544806,3.129857423581194,0.0003627862617617536,-1.9225581328021448,-1.8798230330096644,-1.0585311094867151,-1.774261776600973,1.5707507133483887,-0.17895347276796514,1
627,1788172715.4635272,-0.3135922929872261,-0.5327198929337192,0.3446889087588052,0.28383366350312544,3.1287375014861967,0.00038800029235370336,-1.9253152052508753,-1.8808429876910608,-1.0576561133014124,-1.7741301695453089,1.570738673210144,-0.1735776106463831,1
628,1788172715.5067947,-0.31549858001141345,-0.532209753203131,0.3445077524763436,0.2984274222580401,3.127365196554638,0.00032688657487549554,-1.9285514990436,-1.8821504751788538,-1.0563862959491175,-1.7740586439715784,1.5707626342773438,-0.16748220125307256,1
629,1788172715.549449,-0.31710057169587924,-0.531814929929162,0.34437357145988856,-0.3108247246450414,-3.12617239367329,-0.00024132086822087394,-1.9312365690814417,-1.8833263556109827,-1.0551751295672815,-1.77403432527651,1.5707507133483887,-0.1622384230243128,1
630,1788172715.591755,-0.3190056357692784,-0.5313912178657401,0.344220793113569,-0.32621421684535934,-3.124602651459448,-8.830698867593511e-05,-1.934413258229391,-1.8848379294024866,-1.0535691420184534,-1.77403432527651,1.5707746744155884,-0.15556699434389287,1
631,1788172715.6336472,-0.32058777575757297,-0.5311099171299002,0.3440512262874995,-0.33850193700611064,-3.1232663436772814,-6.458997537328916e-05,-1.9369900862323206,-1.8862775007831019,-1.0520833174334925,-1.7740586439715784,1.5707507133483887,-0.1502750555621546,1
632,1788172715.6776824,-0.32222489360924594,-0.5307683160935831,0.3438997241865565,-0.3506717149057685,-3.121893555489606,3.7881610082557856e-05,-1.9396870771991175,-1.8876450697528284,-1.050657097493307,-1.7740467230426233,1.570738673210144,-0.14517528215517217,1
633,1788172715.7147446,-0.3241405820806818,-0.5304357015392763,0.3438064735678831,-0.3657512901782406,-3.120093109097081,0.0004547626335676027,-1.942803684865133,-1.889336411152975,-1.0486915747271937,-1.7740467230426233,1.570738673210144,-0.13862353960146123,1
634,1788172715.7549233,-0.32544681849359053,-0.5302171051694239,0.3437277845896778,-0.3761125030310465,-3.1188309761316133,0.0007127650454939323,-1.9449251333819788,-1.8905242125140589,-1.0473373571978968,-1.7740467230426233,1.5707507133483887,-0.13409978548158819,1
635,1788172715.7953546,-0.32701268723304955,-0.5299907320047517,0.34347575511594086,-0.38836950343708304,-3.117386388681566,0.0004422484840853959,-1.947442356740133,-1.8922041098224085,-1.0456832090960901,-1.7742021719561976,1.5707626342773438,-0.1287596861468714,1
636,1788172715.837248,-0.32862681014524514,-0.5297115645174099,0.3432284462010591,-0.40060160762340374,-3.1158899334123764,0.00013052985439601625,-1.9500559012042444,-1.8938592115985315,-1.0440414587603968,-1.7743938604937952,1.5707626342773438,-0.1235278288470667,1
637,1788172715.8802173,-0.3305285342319433,-0.5293721157562804,0.34312776991733873,-0.4159735849186464,-3.113851771871702,0.0002736741300659702,-1.9531362692462366,-1.8956831137286585,-1.0418604055987757,-1.7746570746051233,1.5707626342773438,-0.11673623720277959,1
638,1788172715.9236152,-0.3321419551555472,-0.5291287419743824,0.3430065002634592,-0.4286285121275999,-3.1121001001149686,0.0004137454068540509,-1.9557135740863245,-1.8973143736468714,-1.0399907271014612,-1.7748006025897425,1.5707507133483887,-0.11118013063539678,1
639,1788172715.9637678,-0.33374662431509095,-0.5288994788959523,0.34285179218947065,-0.44060981309653463,-3.110447859267632,0.00043769708026231765,-1.958278004323141,-1.8990185896502894,-1.0380852858172815,-1.7749922911273401,1.5707746744155884,-0.10604459444154912,1
640,1788172716.0071535,-0.3353168978929558,-0.5286441419438362,0.3427470120642997,-0.4527438650466636,-3.1086465942134933,0.0004142901176754193,-1.960771385823385,-1.900649372731344,-1.0361440817462366,-1.7753031889544886,1.5707147121429443,-0.10072833696474248,1
641,1788172716.0486412,-0.33727546360903776,-0.5283164291472502,0.34257088365465754,-0.4682800904951663,-3.106418630248541,0.0004208763694521827,-1.963935677205221,-1.9026768843280237,-1.0338428656207483,-1.775590721760885,1.5707865953445435,-0.09390050569643194,1
642,1788172716.0892806,-0.33883108199772727,-0.5281029278438581,0.34232155299815703,-0.4804291309176639,-3.104595156447097,-1.4210980788116173e-05,-1.9663808981524866,-1.9045122305499476,-1.0319250265704554,-1.775949780141012,1.5707507133483887,-0.0885246435748499,1
643,1788172716.1300893,-0.3404258553413098,-0.5278059365147404,0.3420709841717211,0.4924223870965603,3.1027478492846385,0.0003821882798830464,-1.9689458052264612,-1.9062045256244105,-1.0302107969867151,-1.7762129942523401,1.5707507133483887,-0.08336431184877569,1
644,1788172716.1744409,-0.34206358121246005,-0.5273873007254133,0.34199858843373254,-0.5050876922444243,-3.100690733289129,-0.00016912978369880207,-1.971642796193258,-1.9075358549701136,-1.0286172072040003,-1.7763326803790491,1.570738673210144,-0.07789260545839483,1
645,1788172716.2167237,-0.34398099659954,-0.5269212460161291,0.3418380785564141,-0.5204599939178909,-3.0981456709684254,1.4311374927501387e-06,-1.9747946898089808,-1.9091675917254847,-1.0268314520465296,-1.7763808409320276,1.5707626342773438,-0.07112485567201787,1
646,1788172716.2587,-0.34561117831203964,-0.5265048521937045,0.34168892094202474,-0.5326669912273692,-3.0960768186722283,4.015260363938105e-05,-1.9774802366839808,-1.9105590025531214,-1.0253217856036585,-1.7764766852008265,1.5707746744155884,-0.06592828432192022,1
647,1788172716.3006518,-0.34711743276094414,-0.5261418084502196,0.34153984522336023,0.5445141557452324,3.0940405631751484,7.114200889991267e-06,-1.9799492994891565,-1.911938492451803,-1.0238116423236292,-1.7766440550433558,1.570798635482788,-0.060744587575094044,1
648,1788172716.3451822,-0.34909116642735155,-0.5256010200803697,0.341457654882655,-0.5596922999106462,-3.091257691839682,0.00027055853402774814,-1.983197037373678,-1.9135101477252405,-1.0219176451312464,-1.776776138936178,1.5707626342773438,-0.05416852632631475,1
649,1788172716.3859951,-0.350649425638105,-0.5252522636827991,0.34123756912056535,-0.5720423238969521,-3.089028921481676,0.0002217936295379834,-1.9857261816607874,-1.9149859587298792,-1.0204556624041956,-1.7767999807940882,1.5707865953445435,-0.04870826402773076,1
650,1788172716.4286635,-0.3523065763765524,-0.5249888670447075,0.3408722205861273,-0.5840598280099768,-3.086768676741372,-3.667889823948066e-05,-1.9883149305926722,-1.916809384022848,-1.0188620726214808,-1.7767279783831995,1.570738673210144,-0.04351216951479131,1
651,1788172716.4724054,-0.3541766384199108,-0.5248196444753456,0.34034283432886303,0.598805886787289,3.083926699623737,0.0006138774737548873,-1.9911797682391565,-1.9192565123187464,-1.0167768637286585,-1.7767518202411097,1.5707746744155884,-0.03681642213930303,1
652,1788172716.5157728,-0.3557873964525292,-0.5246706169520502,0.34011297574507193,0.611641743509823,3.0814279729177407,0.00039310021872277385,-1.9936369101153772,-1.9211762587176722,-1.0147631804095667,-1.7767041365252894,1.5707865953445435,-0.030948464070455373,1
653,1788172716.559282,-0.3576717003017072,-0.5246431163433484,0.33960250501475087,0.626197934580995,3.078493993491148,0.0006250615544124434,-1.9963939825641077,-1.9238393942462366,-1.0123780409442347,-1.776572052632467,1.5707626342773438,-0.024252239857808888,1
654,1788172716.6004443,-0.359209878067,-0.5245960605631179,0.3393577615657608,0.6381420892634464,3.0760543180971607,0.00036488080905696307,-1.9986708799945276,-1.9258793036090296,-1.010233227406637,-1.7765124479876917,1.5707865953445435,-0.018768135701314748,1
655,1788172716.6465952,-0.3608930141211063,-0.5245418027438876,0.33908946392996797,-0.6508990306692333,-3.073355097091931,0.0002288130250932643,-2.0011399427997034,-1.9279668966876429,-1.0081356207477015,-1.7761295477496546,1.5707626342773438,-0.012935940419332326,1
656,1788172716.6885595,-0.3628304051152839,-0.5246870275372092,0.33833218514332175,-0.6657001598927175,-3.0701228256541575,0.00047303630469472147,-2.0038369337665003,-1.9307974020587366,-1.0062182585345667,-1.7750518957721155,1.570738673210144,-0.005987946187154591,1
657,1788172716.7302823,-0.3644761749644345,-0.5245940093010216,0.3375631667855812,-0.6777610485239902,-3.0675080767533642,0.000475624786253849,-2.0062816778766077,-1.9327529112445276,-1.0054996649371546,-1.7738187948810022,1.5707626342773438,-0.0005758444415491226,1
658,1788172716.7687898,-0.366052643642143,-0.5245448395386085,0.33601740130301977,0.6900678681783783,3.06486417291735,0.00026734966372043815,-2.008582894002096,-1.9346006552325647,-1.006829563771383,-1.771125618611471,1.5707626342773438,0.005136364139616489,1
659,1788172716.8104658,-0.3676067552268609,-0.5246052964336866,0.33427075638693576,-0.7021554553413706,-3.0621032289610133,-0.00030391142231087743,-2.010763947163717,-1.936256233845846,-1.0090587774859827,-1.76725942293276,1.570738673210144,0.010848719626665115,1
660,1788172716.853599,-0.3692669788429803,-0.5245343052050664,0.332236323568411,-0.7130694687962249,-3.0595377684138634,0.00017111477030455635,-2.0131972471820276,-1.93744403520693,-1.0127618948565882,-1.762064282094137,1.5707626342773438,0.015552902594208717,1
661,1788172716.897098,-0.3711210396608326,-0.5245615011317996,0.32903909195274117,0.7237940528915427,3.057077657740177,7.565363593397454e-05,-2.015834156666891,-1.9389193693744105,-1.0189579168902796,-1.7545588652240198,1.5707865953445435,0.019920777529478073,1
662,1788172716.9379625,-0.37274783359048547,-0.5245345421015593,0.32612962598862116,-0.7321876233343064,-3.055075137916431,-0.00022636189606405174,-2.0181596914874476,-1.940070931111471,-1.0248659292804163,-1.7475922743426722,1.5707626342773438,0.023088732734322548,1
663,1788172716.9800224,-0.3743299193574801,-0.5245255045820114,0.3230291336472074,0.7396657865042091,3.0532185190117493,0.0006642376551352764,-2.020412270222799,-1.9412944952594202,-1.0311101118670862,-1.7404096762286585,1.5707626342773438,0.025741366669535637,1
664,1788172717.0218387,-0.3762779681475833,-0.5245910054951383,0.3193812423324861,-0.7476898343885293,-3.051295541893077,-0.00015487982843108262,-2.023121182118551,-1.9426868597613733,-1.0386722723590296,-1.7311208883868616,1.5707507133483887,0.028285393491387367,1
665,1788172717.0655425,-0.37789760751241974,-0.5245065997581233,0.3163890630479197,-0.753999773034093,-3.049743498954122,-7.3333142694102e-05,-2.0254700819598597,-1.9437783400165003,-1.044880215321676,-1.7237709204303187,1.5707626342773438,0.030073288828134537,1
666,1788172717.1095405,-0.3794633424369193,-0.5244706544609631,0.3132030500074243,-0.7591010545006927,-3.0484800706630475,-8.946083570527178e-05,-2.0276997725116175,-1.9449179808246058,-1.0514958540545862,-1.7160261313067835,1.5707626342773438,0.031189320608973503,1
667,1788172717.1516137,-0.38134127784543015,-0.5244717342829612,0.3092868919855063,0.7652048332802625,3.0469599433742007,0.00036618117688119826,-2.0303362051593226,-1.9465492407428187,-1.0592501799212855,-1.7068207899676722,1.5707626342773438,0.03255739435553551,1
668,1788172717.194454,-0.3829820287926738,-0.5244835442817588,0.3060867208315362,-0.7698622357208296,-3.0457881660045802,-0.00014440088251892115,-2.0326255003558558,-1.947965447102682,-1.0655301252948206,-1.6989801565753382,1.5707626342773438,0.03332550823688507,1
669,1788172717.2378337,-0.384596967153618,-0.524497828799829,0.3029002370036272,-0.7744186299866486,-3.044604847499394,-3.6452030892837445e-05,-2.0348666349994105,-1.9494650999652308,-1.0716307798968714,-1.6913068930255335,1.5707507133483887,0.034081265330314636,1
670,1788172717.279773,-0.3865790772669392,-0.5243877463662704,0.2992334107131745,-0.7805354847305044,-3.0429810710772043,0.00021369647706197893,-2.0376952330218714,-1.9511445204364222,-1.0787251631366175,-1.6823647657977503,1.570726752281189,0.03528155758976936,1
671,1788172717.3220553,-0.38812939941692604,-0.5244225375059075,0.29595809318418465,-0.7849484143070022,-3.0419204201296024,4.68808035130094e-05,-2.0398405233966272,-1.9528358618365687,-1.0847180525409144,-1.6747997442828577,1.5707746744155884,0.03602533042430878,1
672,1788172717.364153,-0.38976397898738063,-0.5245161781631438,0.29263170581644105,-0.7894119024068321,-3.0407502208819,6.178809960201458e-05,-2.0420339743243616,-1.9547556082354944,-1.0905430952655237,-1.6670425573932093,1.5707626342773438,0.036769475787878036,1
673,1788172717.4062057,-0.391399226323279,-0.5244333921554323,0.289433410093909,-0.7938987704659708,-3.0396014467431605,-0.0001595064734955034,-2.044346634541647,-1.9564951101886194,-1.0962474981891077,-1.6597402731524866,1.5707507133483887,0.03740539029240608,1
674,1788172717.4481158,-0.39325625847604695,-0.5244282123911111,0.28570222652403365,-0.7998014542319356,-3.0380471168252132,-2.8244294469190804e-05,-2.0469120184527796,-1.9585707823382776,-1.102886978779928,-1.6509421507464808,1.5707626342773438,0.038725901395082474,1
675,1788172717.4883103,-0.39491474845094016,-0.5244279664707754,0.28252778250688054,-0.8045417431229759,-3.036747949091557,3.475327201143996e-05,-2.0491769949542444,-1.9605501333819788,-1.1082208792315882,-1.6435797850238245,1.570726752281189,0.03958988934755325,1
676,1788172717.53175,-0.39648779524602007,-0.5244581044620771,0.2794130273866614,-0.8089678292355149,-3.0355145157460917,0.00042352158154978126,-2.051309887562887,-1.9624093214618128,-1.1136139074908655,-1.6360738913165491,1.570726752281189,0.04038197174668312,1
677,1788172717.5738163,-0.3980514202865501,-0.5244834698546195,0.2762251637531755,-0.8135710786796011,-3.034282140499788,0.0005203088537354014,-2.053431812916891,-1.9644129912005823,-1.1189354101764124,-1.628688160573141,1.570738673210144,0.04129389673471451,1
678,1788172717.6176183,-0.3999813240772444,-0.5244665677064146,0.2722808700226609,-0.8194760107941838,-3.032746189496905,7.32453918444209e-05,-2.056068245564596,-1.9670880476581019,-1.125143829976217,-1.6200936476336878,1.570726752281189,0.0425417535007,1
679,1788172717.6598685,-0.4015700446501134,-0.524451339160554,0.2689959531746936,0.8240956821391126,3.0315785841925353,0.0002424781458021745,-2.058249298726217,-1.9693434874164026,-1.130273167287008,-1.6129229704486292,1.5707626342773438,0.043393757194280624,1
680,1788172717.7034898,-0.40315342697183754,-0.5245610668987986,0.26593148192595706,-0.8283326245208383,-3.030293954734215,0.0005452485273363362,-2.060310665761129,-1.9714911619769495,-1.135162655507223,-1.6053689161883753,1.5707507133483887,0.044149886816740036,1
681,1788172717.7464447,-0.4051141243361017,-0.5244811644381153,0.2620981929543017,-0.834439331099072,-3.0286325146390696,0.00027749425075812676,-2.063007656727926,-1.974262539540426,-1.140951935444967,-1.5969775358783167,1.570726752281189,0.045482005923986435,1
682,1788172717.7840378,-0.4066718182277905,-0.5244816812207486,0.25893219589534083,-0.839041206161623,-3.0273968322738476,0.0002913714632730574,-2.0651171843158167,-1.9765780607806605,-1.1457222143756312,-1.5898907820331019,1.5707626342773438,0.046405915170907974,1
683,1788172717.8252301,-0.4082733282696408,-0.5244784514437898,0.2558053603185466,-0.8433414776418523,-3.0262742198771218,-0.0001046380076737336,-2.0672743956195276,-1.9791691938983362,-1.1499288717852991,-1.5833542982684534,1.5707746744155884,0.047077782452106476,1
684,1788172717.8674245,-0.4099441934968634,-0.524430933077901,0.25353217891287294,0.8465245658227893,3.0253579935969115,0.0002960885093327538,-2.0695508162127894,-1.9817727247821253,-1.151966396962301,-1.5788410345660608,1.5707865953445435,0.04691000282764435,1
685,1788172717.9088714,-0.4114811078774256,-0.5245057914429904,0.2522968469726271,-0.8482206078437449,-3.0248564358921173,0.00016471961598166297,-2.071540657673971,-1.9841960112201136,-1.1517146269427698,-1.5763629118548792,1.5707626342773438,0.04604601487517357,1
686,1788172717.9505448,-0.41341664740476586,-0.5244028132303881,0.2515909163136595,0.8491339753188085,3.024643231785519,0.0004312517074089321,-2.0741894880877894,-1.9873274008380335,-1.1489217917071741,-1.5764110724078577,1.5707507133483887,0.043993715196847916,1
687,1788172717.9930398,-0.4150207335637885,-0.524409505636969,0.25179593931038813,-0.8492160007067309,-3.0246013400697325,8.846528484767943e-05,-2.07632285753359,-1.9897506872760218,-1.1449912230121058,-1.5775840918170374,1.5707746744155884,0.0419178232550621,1
688,1788172718.0341303,-0.41659490965812007,-0.524441810667751,0.25169622712131434,-0.8490553116002082,-3.024675487274066,-9.671998288761286e-05,-2.078383747731344,-1.9924500624286097,-1.1413233915912073,-1.5786736647235315,1.5707746744155884,0.03974568471312523,1
689,1788172718.0779219,-0.41822183298287746,-0.5243753910513672,0.2516164485628761,0.8493519234788885,3.0245613593815865,0.0004696560466830726,-2.0805771986590784,-1.9951136747943323,-1.1376202742206019,-1.5799544493304651,1.5707626342773438,0.03775367885828018,1
690,1788172718.1197734,-0.42016709678643593,-0.5244414585950565,0.2516331359524786,-0.8494025392656279,-3.0245543520152287,-0.00018727992091994644,-2.0830815474139612,-1.9983285109149378,-1.1329696814166468,-1.5811994711505335,1.570738673210144,0.03528155758976936,1
691,1788172718.163815,-0.42176114596978653,-0.5244897605750661,0.2517230934982717,-0.849285025535462,-3.024570920517104,0.00023137031109415375,-2.0851548353778284,-2.0009077231036585,-1.1290624777423304,-1.5822647253619593,1.5707865953445435,0.03313338756561279,1
692,1788172718.2055476,-0.42369579248410877,-0.524402293652462,0.2517184330545975,-0.849561330834445,-3.0245291180591334,-0.0001457241196317137,-2.087743584309713,-2.004075352345602,-1.1244123617755335,-1.5839884916888636,1.5707626342773438,0.030721187591552734,1
693,1788172718.2467942,-0.42529207413753883,-0.5244197517715786,0.25165836616156445,-0.8494133948149993,-3.0245713657674216,-0.0003038537770312484,-2.0898054281817835,-2.00682241121401,-1.1205413977252405,-1.58521014848818,1.570738673210144,0.02856140397489071,1
694,1788172718.2896044,-0.42684628592390284,-0.5244489983845874,0.2517005406886498,-0.8492653248248371,-3.0246193214612536,-0.00010849032015183796,-2.091818634663717,-2.009413544331686,-1.1166823546039026,-1.5863588492022913,1.5707746744155884,0.026449184864759445,1
695,1788172718.3304372,-0.42845966696185345,-0.5243265790862705,0.2516625124299524,-0.8489964408739769,-3.0246562728180284,-0.00018370869243882008,-2.093987766896383,-2.0118849913226526,-1.1131585280047815,-1.5874484221087855,1.570726752281189,0.0241088904440403,1
696,1788172718.3729897,-0.4300474228185368,-0.5241110729108048,0.2518407510454622,-0.8487088668561316,-3.0246257853774234,0.000471138818027654,-2.0962045828448694,-2.013864819203512,-1.1099103132831019,-1.5882862249957483,1.570726752281189,0.02172103337943554,1
697,1788172718.4154851,-0.4320050445906916,-0.5237478796970693,0.2517551510993563,-0.848904812981094,-3.024649686358615,0.00030607386325487966,-2.099020783101217,-2.0165041128741663,-1.1062305609332483,-1.589447323475973,1.5707746744155884,0.019020838662981987,1
698,1788172718.4599488,-0.43362945345410947,-0.5233581918542072,0.25164880355485386,0.8494525112011497,3.0245276604168447,0.00038819147676346277,-2.101405445729391,-2.018735710774557,-1.1031149069415491,-1.5907881895648401,1.5707746744155884,0.016992881894111633,1
699,1788172718.5007167,-0.43513079932426657,-0.5231543247741455,0.25173087443639997,-0.849201143299747,-3.024621856745336,-0.0001623766429409227,-2.1034792105304163,-2.020787064229147,-1.099926773701803,-1.5917699972735804,1.5707507133483887,0.014748835936188698,1
700,1788172718.5424683,-0.43677760078988837,-0.5228651035248112,0.2517517269206925,-0.8494700598930551,-3.02455489814898,-6.372330985499755e-05,-2.1058157126056116,-2.022982422505514,-1.0966551939593714,-1.5927875677691858,1.5707746744155884,0.012588679790496826,1
701,1788172718.5854747,-0.43855578018799113,-0.5225420069109187,0.2518348953057062,-0.8497171919354538,-3.0244793857081613,-2.905709658737339e-05,-2.1083324591266077,-2.025369946156637,-1.0929277578936976,-1.5941045920001429,1.5707746744155884,0.010236401110887527,1
702,1788172718.627542,-0.439815348226241,-0.5223987629906437,0.25182351274323816,-0.8493840235072057,-3.0244914340802143,0.0002090235221337149,-2.1100342909442347,-2.0271456877337855,-1.090374771748678,-1.5947149435626429,1.570738673210144,0.008328287862241268,1
703,1788172718.6716764,-0.4403205422565217,-0.5224244479879351,0.25174095021815224,-0.8495865968910431,-3.0244510010261205,0.00011716391123777225,-2.110657517110006,-2.02810508409609,-1.0891526381122034,-1.5950382391559046,1.570738673210144,0.00783618539571762,1
704,1788172718.7124739,-0.4402954177791548,-0.5223985107098822,0.2516824869012113,-0.850657287304537,-3.0242187914032077,-4.934881024552976e-05,-2.110657517110006,-2.02808124223818,-1.0893080870257776,-1.5950263182269495,1.5707746744155884,0.008532393723726273,1
705,1788172718.7557642,-0.4402910502377089,-0.5224121581275758,0.25169059148237805,-0.852327233569723,-3.023750638282256,1.0505861426862427e-05,-2.110645596181051,-2.02808124223818,-1.0892961660968226,-1.5950019995318812,1.5707865953445435,0.009648424573242664,1
706,1788172718.7948391,-0.44028343909710327,-0.5224098030611743,0.2516746284442064,-0.8557763971895539,-3.0227838417130544,-0.0001035419672300594,-2.110633675252096,-2.02810508409609,-1.0892842451678675,-1.5950620810138147,1.5707746744155884,0.011940781958401203,1
707,1788172718.8336444,-0.44030618229305485,-0.5224058320125853,0.2516791414718074,-0.8602269473545349,-3.021483288714015,-4.096195177269124e-05,-2.110657517110006,-2.02810508409609,-1.0892842451678675,-1.5950143972979944,1.5707507133483887,0.014868678525090218,1
708,1788172718.8760273,-0.4403006663851353,-0.522407269467037,0.2516778770602428,-0.8656337199151395,-3.0199594402469296,-1.2331312281372337e-05,-2.110657517110006,-2.028093163167135,-1.0893080870257776,-1.594990078602926,1.5707746744155884,0.0184448454529047,1
709,1788172718.9192486,-0.4402911839334293,-0.5224123812420691,0.25166417031357613,0.8741514493578343,3.0175224645989718,8.061444326969074e-05,-2.110645596181051,-2.028117005025045,-1.0892961660968226,-1.5950263182269495,1.5707865953445435,0.024096906185150146,1
710,1788172718.961733,-0.4403166989936397,-0.5223970985259261,0.2516699736668765,-0.8832393854775061,-3.014818517013465,-8.620910165660441e-05,-2.1106694380389612,-2.028117005025045,-1.0892842451678675,-1.5950263182269495,1.570726752281189,0.030109241604804993,1
711,1788172719.0024862,-0.44029632106811956,-0.52241595504385,0.25168948294349824,0.8925290859481236,3.012132680747365,-3.8265620551790936e-05,-2.110657517110006,-2.028093163167135,-1.0892842451678675,-1.594990078602926,1.5708105564117432,0.036277372390031815,1
712,1788172719.0455155,-0.44028865290736535,-0.5224131563968241,0.251672210261667,-0.9027136653711648,-3.009080730319217,-7.176419687843996e-05,-2.110633675252096,-2.02810508409609,-1.0892961660968226,-1.5950263182269495,1.5707626342773438,0.043069805949926376,1
713,1788172719.0892951,-0.440306050629509,-0.5223899713200952,0.2516639699033777,-0.9171446470555753,-3.004704396135406,-9.4278820991317e-05,-2.1106694380389612,-2.028093163167135,-1.0893319288836878,-1.5950143972979944,1.5707507133483887,0.0526343435049057,1
714,1788172719.1313548,-0.44030919591063933,-0.5223952199535131,0.2516798820366026,-0.9291591879029857,-3.0009987356373427,-2.1315650790451532e-05,-2.1106694380389612,-2.02808124223818,-1.089320484791891,-1.594990078602926,1.5707507133483887,0.060638681054115295,1
715,1788172719.1745636,-0.4402905169632354,-0.5224006256960467,0.2516859415651191,-0.941130777439397,-2.997280941457179,-3.487727214593789e-05,-2.110645596181051,-2.0280688444720667,-1.089320484791891,-1.5950143972979944,1.5707626342773438,0.06864301860332489,1
716,1788172719.2178562,-0.4403005338061272,-0.5223964059429809,0.2516871150974056,-0.9558084522765524,-2.9926174123892335,-1.9975279133647783e-05,-2.110657517110006,-2.0280688444720667,-1.089320484791891,-1.5950019995318812,1.5707507133483887,0.07843562960624695,1
717,1788172719.2602506,-0.4402846878340196,-0.5224065392126183,0.2517000163255666,-0.967386086297706,-2.9889042748577865,2.74956843943896e-06,-2.110633675252096,-2.0280569235431116,-1.0893080870257776,-1.5950143972979944,1.5707626342773438,0.08619990944862366,1
718,1788172719.3027906,-0.4402902639300253,-0.5224002034284111,0.25172189876279893,-0.9820606683530785,-2.984106573917062,5.781663645089993e-05,-2.110645596181051,-2.0280330816852015,-1.0892961660968226,-1.5950143972979944,1.5707626342773438,0.09601686149835587,1
719,1788172719.3453975,-0.44029964884980677,-0.5223949291475212,0.2516779937539998,-0.9937300725031996,-2.9802506214590476,-9.295773892545854e-05,-2.110657517110006,-2.028093163167135,-1.0892961660968226,-1.5950501600848597,1.5707507133483887,0.10382907837629318,1
720,1788172719.3869233,-0.4403003783413838,-0.522406788786006,0.25170924962727337,-1.005828516815445,-2.9761894139151965,8.139654060237111e-05,-2.110657517110006,-2.0280569235431116,-1.0892961660968226,-1.594978157673971,1.5707746744155884,0.11195363849401474,1
721,1788172719.430688,-0.44028486017910534,-0.5224068268338278,0.2516907122323754,-1.017999552065378,-2.972046619851249,4.414797732326224e-06,-2.110633675252096,-2.0280569235431116,-1.0893319288836878,-1.594990078602926,1.5707626342773438,0.12016245722770691,1
722,1788172719.4723544,-0.4402982756157158,-0.5223872899120535,0.2516741959170817,-1.0320551645156708,-2.9671859370620557,-0.00011518742669878187,-2.110657517110006,-2.02808124223818,-1.089320484791891,-1.5950501600848597,1.570738673210144,0.12960676848888397,1
723,1788172719.5143328,-0.4402833589483595,-0.5223783872007493,0.2516331662290937,-1.0441480623137194,-2.962991596138697,-0.0001212296019939329,-2.110657517110006,-2.0280450026141565,-1.0894759337054651,-1.5949423948871058,1.5707746744155884,0.13775530457496643,1
724,1788172719.5553577,-0.44025899605093427,-0.5223690108426251,0.25148530138192826,1.0555353046039486,2.958947933578303,0.0002695581827772424,-2.110633675252096,-2.0280330816852015,-1.0898473898517054,-1.5946791807757776,1.5707746744155884,0.14547201991081238,1
725,1788172719.5974631,-0.44025245117432815,-0.5223424483544308,0.25129409549959314,1.0675568760862182,2.954610680049974,0.00043576044759204057,-2.110645596181051,-2.0280211607562464,-1.0903266111956995,-1.5943196455584925,1.5707746744155884,0.1535961925983429,1
726,1788172719.6389606,-0.4402342140880471,-0.5223489155435073,0.2510919403192514,1.0815899340160897,2.9495143502642867,0.0005563535627068645,-2.1106093565570276,-2.0280330816852015,-1.09080678621401,-1.5939009825335901,1.5707507133483887,0.16313713788986206,1
727,1788172719.681366,-0.44043754060899065,-0.5223681634676964,0.25104399610673545,-1.0932628413977232,-2.945210681486708,-0.00033979700182649146,-2.110849205647604,-2.0283334890948694,-1.0905192534076136,-1.593745533620016,1.570738673210144,0.1708175241947174,1
728,1788172719.7257404,-0.441159196413329,-0.5223558277538694,0.25095184942144655,-1.1053238368070022,-2.940711387080909,-0.00018409684462184452,-2.111783806477682,-2.029496971760885,-1.0890563170062464,-1.5939486662494105,1.5707626342773438,0.17807810008525848,1
729,1788172719.76613,-0.4425175241551027,-0.522378611538315,0.25068917649379785,1.119143865246632,2.9354839775127415,0.00016261264985892348,-2.113497559224264,-2.031884495412008,-1.0861924330340784,-1.5944154898272913,1.5707865953445435,0.18577083945274353,1
730,1788172719.8082035,-0.44383026482313753,-0.5224404044554006,0.250593259045585,-1.1307197988425974,-2.930984059560533,0.0002732114720427434,-2.115103546773092,-2.0341160933123987,-1.08319598833193,-1.5948942343341272,1.5707626342773438,0.1920715570449829,1
731,1788172719.8473938,-0.4452627826513629,-0.5224285259109004,0.25044276584713265,-1.1428091071347537,-2.926249181328525,0.00041226507810337477,-2.116913143788473,-2.036527458821432,-1.0800202528582972,-1.5955646673785608,1.570738673210144,0.19852767884731293,1
732,1788172719.8874717,-0.4467396795257091,-0.5223746979156028,0.25031287981993006,-1.1542187815027234,-2.921845598916185,0.00020112340027097827,-2.1188305060016077,-2.0390947500811976,-1.076496426259176,-1.59666616121401,1.5707865953445435,0.20439620316028595,1
733,1788172719.9303675,-0.4483094056722419,-0.5223514822983062,0.2500022542035606,-1.1657033201531113,-2.917271474446893,-3.420347889592036e-05,-2.120807949696676,-2.041878048573629,-1.0731046835528772,-1.5974205175982874,1.5707507133483887,0.21028870344161987,1
734,1788172719.973473,-0.4496637035717632,-0.5223662082755581,0.2494632359994664,1.1775674854672056,2.912529675406683,0.0004799490004836953,-2.1224973837481897,-2.044445339833395,-1.070576016102926,-1.5976718107806605,1.5707626342773438,0.21673321723937988,1
735,1788172720.0160048,-0.4509668272309391,-0.5222144128166493,0.24899615395541772,1.191555265171879,2.906850556602956,0.00023826898152524642,-2.124247376118795,-2.046316925679342,-1.0690057913409632,-1.5972164312945765,1.5707746744155884,0.2245941162109375,1
736,1788172720.0581596,-0.4511845631003122,-0.5219766236317123,0.24866108667593334,1.202987878315664,2.9021403551455243,0.0002212806350959477,-2.124702755604879,-2.04618484178652,-1.0700605551349085,-1.5962827841388147,1.5707746744155884,0.23201048374176025,1
737,1788172720.1004066,-0.45116044245814807,-0.521802504779771,0.24857868163754046,-1.2144737147207496,-2.8972594442969934,0.0004031204849083268,-2.1247990767108362,-2.045525375996725,-1.07135516801943,-1.5952413717852991,1.5707507133483887,0.23985902965068817,1
738,1788172720.1417165,-0.4511410148137152,-0.52145107864386,0.24835291443152419,-1.2243751530413232,-2.893138695265124,7.113807902821642e-05,-2.1250503698932093,-2.04488975206484,-1.0728290716754358,-1.594619099293844,1.5707626342773438,0.24643537402153015,1
739,1788172720.1829038,-0.45115883913287647,-0.5208961990541351,0.24822171440973656,-1.2350776214980128,-2.888585724497056,-0.00017496972052109705,-2.125493828450338,-2.0438693205462855,-1.07465106645693,-1.5939725081073206,1.570738673210144,0.25339633226394653,1
740,1788172720.224941,-0.45114154340458335,-0.5203992997415564,0.24811240891305683,1.242941748841664,2.885213333248253,0.0003838748729593273,-2.1258772055255335,-2.0429094473468226,-1.0763285795794886,-1.593398396168844,1.570798635482788,0.2584604024887085,1
741,1788172720.2676811,-0.4511305668182198,-0.5198614829189657,0.2480528404673,1.249311263281528,2.882466441185296,0.0005932498771072722,-2.126272503529684,-2.041865650807516,-1.0780065695392054,-1.5928953329669397,1.5707746744155884,0.26248112320899963,1
742,1788172720.3119562,-0.4511075546810338,-0.5193766965539673,0.24814234761602308,-1.2552343979195477,-2.8799236975519706,-0.00018347531784502499,-2.126620117818014,-2.04067832628359,-1.0796125570880335,-1.592212978993551,1.5707746744155884,0.2662370502948761,1
743,1788172720.356088,-0.4510324175109637,-0.5191017240718122,0.24816838346690887,-1.258808768373852,-2.8783591271195665,-0.00014491908675875675,-2.126739803944723,-2.0399706999408167,-1.080606762562887,-1.5919016043292444,1.5707746744155884,0.26860132813453674,1
744,1788172720.3981385,-0.4510267868697108,-0.5188252210283533,0.24819732237711045,1.2618596523427061,2.877008341925024,0.00021368794136629853,-2.126955811177389,-2.0394304434405726,-1.0813263098346155,-1.5917699972735804,1.570798635482788,0.27050942182540894,1
745,1788172720.440521,-0.4510184021038433,-0.5186576418885224,0.24809383459005263,1.26346402808627,2.876302189132317,0.0006317381318235327,-2.127063576375143,-2.03922683397402,-1.081829849873678,-1.591733757649557,1.5707626342773438,0.2715176045894623,1
746,1788172720.484306,-0.4510164538428859,-0.518659714230876,0.24810772640142095,1.2636335069407592,2.876218447250183,0.0005919845021938069,-2.127063576375143,-2.0392149130450647,-1.081817928944723,-1.591733757649557,1.5707746744155884,0.27163782715797424,1
747,1788172720.5267549,-0.4516962440586051,-0.5191004032177942,0.24831710859071435,-1.2637032922239948,-2.8761002468943127,0.0004589805978431283,-2.127554718648092,-2.040905777608053,-1.0789292494403284,-1.5922487417804163,1.570726752281189,0.27121761441230774,1
748,1788172720.5670073,-0.4528844217848391,-0.5200364613216063,0.24825143403461897,-1.2640807007837602,-2.876025461446495,0.000340096424903964,-2.128333870564596,-2.044985596333639,-1.0729849974261683,-1.5941999594317835,1.570798635482788,0.2706775963306427,1
749,1788172720.609416,-0.4544085910719896,-0.5210737398851695,0.2482058423170896,-1.2643756845589071,-2.8758588208137668,0.00031041609636772146,-2.1294124762164515,-2.0498321692096155,-1.0658414999591272,-1.5965107123004358,1.5707626342773438,0.269813597202301,1
750,1788172720.6522286,-0.4559489256584722,-0.5216563598021328,0.2483213552456964,-1.264611208632382,-2.8757473651903513,0.0005145926764468425,-2.1308744589435022,-2.0537193457232874,-1.0597417990313929,-1.598593537007467,1.5707746744155884,0.2685174345970154,1
751,1788172720.6943219,-0.4573364632668427,-0.5216548232459615,0.24831655903708869,-1.2644502610086132,-2.8758143120079653,0.00041678664764690766,-2.132587734852926,-2.056250874196188,-1.0559304396258753,-1.5999344030963343,1.5707626342773438,0.26669320464134216,1
752,1788172720.7368145,-0.4579953293007228,-0.5217039395767085,0.2482037633172468,-1.264455752403499,-2.875830308805272,-1.7031017532120734e-05,-2.133354965840475,-2.057702366505758,-1.053964916859762,-1.6007240454303187,1.570738673210144,0.2659250795841217,1
753,1788172720.779131,-0.45791120181714967,-0.5217659632567563,0.24820855031214106,-1.2644424761745172,-2.875893159831886,7.170784002273458e-05,-2.1332228819476526,-2.0576542059527796,-1.0540369192706507,-1.60065204301943,1.570798635482788,0.2660333216190338,1
754,1788172720.8197868,-0.4579026421163413,-0.5217421250327844,0.2481656806176724,-1.2644235298871307,-2.8758968279169856,-0.00013831105976073497,-2.1332228819476526,-2.0576661268817347,-1.054096523915426,-1.6007121245013636,1.5707746744155884,0.26602134108543396,1
755,1788172720.8614542,-0.457920066734925,-0.5217595458563037,0.2481721009304934,-1.2643722160675581,-2.8759207340830706,-2.4426207586417988e-05,-2.1332348028766077,-2.057690445576803,-1.0540607611285608,-1.60065204301943,1.5707865953445435,0.26597338914871216,1
756,1788172720.8990817,-0.45791848854082434,-0.5217308451672908,0.24795632471992,-1.2644365351326072,-2.8758782570633894,-0.0001425853738085427,-2.133247200642721,-2.0576542059527796,-1.054648224507467,-1.600173298512594,1.5707626342773438,0.2660093605518341,1
757,1788172720.9388793,-0.4579010059886459,-0.5217497880046109,0.2471867430081959,1.2644014527341507,2.8758933671457294,0.0001942390225003681,-2.1332228819476526,-2.0576303640948694,-1.0566375891314905,-1.5982463995562952,1.570798635482788,0.2660093605518341,1
758,1788172720.9815793,-0.457940082370016,-0.5217344497475181,0.24554521630810738,-1.2647297283724712,-2.87575047604794,-0.00015369498466602277,-2.133271042500631,-2.0575345198260706,-1.0609758535968226,-1.5939725081073206,1.5707626342773438,0.2661891281604767,1
759,1788172721.0224953,-0.45791292441891934,-0.5217328530549351,0.24304376490757926,1.2652164553003205,2.875546130090526,0.0005965023646603046,-2.1332348028766077,-2.0575225988971155,-1.0673039595233362,-1.5879395643817347,1.5707507133483887,0.2665613889694214,1
760,1788172721.0626473,-0.45792553876588904,-0.5217631230828611,0.23938819233219458,1.2656432999651408,2.875346286509776,0.0004576086153585587,-2.1332348028766077,-2.0574381987201136,-1.0767720381366175,-1.5784700552569788,1.5707746744155884,0.26686134934425354,1
761,1788172721.103719,-0.45794586563659334,-0.5217589136229162,0.23614693213269639,-1.265828607755826,-2.8752517243363394,-0.0003901592450694726,-2.133247200642721,-2.0574024359332483,-1.0851014296161097,-1.5701258818255823,1.570726752281189,0.26698118448257446,1
762,1788172721.1455426,-0.4579254914868752,-0.5217578933501061,0.2329915866676553,-1.2659046979569286,-2.8752392243521276,-0.00020998667559509723,-2.1332348028766077,-2.0573423544513147,-1.0932629744159144,-1.561913792287008,1.5707626342773438,0.2670411169528961,1
763,1788172721.1860619,-0.457918985588121,-0.5217265300826431,0.22983505697337606,-1.265937674603734,-2.8752190995019125,-0.00028312318466163525,-2.133247200642721,-2.0574024359332483,-1.1012094656573694,-1.5539525190936487,1.5707507133483887,0.26705309748649597,1
764,1788172721.2277732,-0.4579557346585227,-0.5218001896105994,0.22680108546289604,-1.2661270739545305,-2.875087210828495,0.0005682629213290888,-2.133247200642721,-2.0574620405780237,-1.1089871565448206,-1.545572582875387,1.5707865953445435,0.26719728112220764,1
765,1788172721.2701814,-0.45795052224633925,-0.5217458201531139,0.22303148306871023,-1.2661845081216598,-2.874984236193516,0.0005516459557668151,-2.133259121571676,-2.0576303640948694,-1.1183479467975062,-1.5360434691058558,1.5707147121429443,0.26724523305892944,1
766,1788172721.312958,-0.45792164971739024,-0.5217307928707794,0.21980771995834406,-1.2663227540612652,-2.875017933304347,0.0004052815734454753,-2.133259121571676,-2.057941738759176,-1.126077953969137,-1.528106991444723,1.5707865953445435,0.26731714606285095,1
767,1788172721.3560905,-0.4579242654580252,-0.5217246842716543,0.21655767611538979,-1.266388373059458,-2.8749801630799823,0.0002352776979126301,-2.133259121571676,-2.0583861509906214,-1.133676830922262,-1.5201695601092737,1.5707626342773438,0.26736506819725037,1
768,1788172721.397019,-0.4579609978618868,-0.521772695974045,0.21339396811824324,-1.2665759934522798,-2.874844257125346,0.0004942365544296422,-2.133259121571676,-2.058889691029684,-1.1410358587848108,-1.5121367613421839,1.570738673210144,0.26750925183296204,1
769,1788172721.4403043,-0.45797915010805884,-0.5217657701182887,0.20951659286014457,-1.2666907622950936,-2.8748254175915395,0.00044346583948624374,-2.1332948843585413,-2.0595620314227503,-1.149916950856344,-1.5026195685016077,1.5707626342773438,0.2675451934337616,1
770,1788172721.4815354,-0.45793529813734074,-0.5217217936196994,0.20623062134303186,-1.2667187033772433,-2.8748885025563666,-2.960335682354434e-05,-2.1332829634295862,-2.06018573442568,-1.1572993437396448,-1.4949215094195765,1.5707865953445435,0.26755720376968384,1
771,1788172721.524188,-0.45793727440517124,-0.5216993466843068,0.20303407410236302,-1.2667275809515581,-2.8748622126520416,-6.921395102574827e-05,-2.1332948843585413,-2.0608094374286097,-1.1645267645465296,-1.4870923201190394,1.5707626342773438,0.26755720376968384,1
772,1788172721.5659404,-0.4579816306575071,-0.5218106151724143,0.19932716769479508,-1.26670535610627,-2.874811296499532,0.0007734976289729446,-2.133271042500631,-2.0616372267352503,-1.1728928724872034,-1.4773595968829554,1.5707865953445435,0.26758116483688354,1
773,1788172721.6089134,-0.45804224633111673,-0.5217521554181742,0.19611962115323733,-1.266789112789378,-2.8747194572611487,0.0005368507883727898,-2.133367363606588,-2.0624893347369593,-1.1797845999347132,-1.469757382069723,1.5707147121429443,0.26755720376968384,1
774,1788172721.6500509,-0.45834609862770065,-0.5217367124600887,0.19289459353438634,-1.267019345429485,-2.8746861366530188,0.0005173280617941118,-2.1337741057025355,-2.0638449827777308,-1.1859925428973597,-1.4622152487384241,1.5707746744155884,0.26729315519332886,1
775,1788172721.6879911,-0.4594922502084064,-0.5216927218783299,0.1896222476076182,-1.26762805767588,-2.8744378386561897,6.792775579478817e-05,-2.135212246571676,-2.0667722860919397,-1.189875904713766,-1.4556902090655726,1.5707507133483887,0.2662733793258667,1
776,1788172721.7266219,-0.46116680562001316,-0.5218363311306853,0.18634657415711678,-1.2683608268423994,-2.874148061534404,8.707689408620184e-07,-2.1371658484088343,-2.0708749930011194,-1.1920331160174769,-1.4494770208941858,1.5707746744155884,0.26482105255126953,1
777,1788172721.7648017,-0.4627601299305807,-0.5222489975316281,0.1832046905081674,-1.268400366039808,-2.8741066299480003,0.00022513316374997693,-2.1387956778155726,-2.0752537886248987,-1.1934598127948206,-1.4435270468341272,1.5707746744155884,0.26322489976882935,1
778,1788172721.802442,-0.46395514849257125,-0.5226459241695409,0.18072379170130948,-1.268627951769173,-2.8740234696956053,6.295522658551902e-05,-2.1399458090411585,-2.0788891951190394,-1.1942508856402796,-1.4392049948321741,1.5707746744155884,0.26222869753837585,1
779,1788172721.8397038,-0.46557794518858203,-0.5231207018205356,0.1780220944491176,-1.2687435174696693,-2.8739639330165154,0.00014058830457501915,-2.141552273427145,-2.083411995564596,-1.1942747274981897,-1.434608284627096,1.5707746744155884,0.2607048451900482,1
780,1788172721.8770273,-0.4671928533302926,-0.5234645081500068,0.1760204845870837,-1.268947333364743,-2.8738782754260246,-2.1518114587079015e-05,-2.1432412306415003,-2.087539021168844,-1.193052117024557,-1.4318063894854944,1.5707626342773438,0.25915661454200745,1
781,1788172721.9152281,-0.46873477424613474,-0.5238750258890209,0.17482271563470475,-1.268805021713594,-2.87393587538721,2.573932650880428e-05,-2.144787613545553,-2.091330353413717,-1.1902955214129847,-1.4307411352740687,1.5707626342773438,0.25751253962516785,1
782,1788172721.9514904,-0.46994779123842195,-0.524226470170492,0.17413373725632847,-1.2687258721702943,-2.8739957354570347,-0.0003152593810015043,-2.1459739843951624,-2.0944131056415003,-1.187251392995016,-1.430920426045553,1.5707507133483887,0.25626468658447266,1
783,1788172721.989866,-0.47146222584969877,-0.524684726956112,0.1741474595756109,-1.268851950555341,-2.873870965440773,0.00018147120463086642,-2.147435967122213,-2.0976765791522425,-1.1822407881366175,-1.432345215474264,1.570738673210144,0.2549082040786743,1
784,1788172722.0277097,-0.4722180177659222,-0.524844837728071,0.1741797971037038,-1.2686706819579345,-2.8739769844270207,0.00018521123690063448,-2.148227039967672,-2.0992606321917933,-1.1797006765948694,-1.4333027044879358,1.5707626342773438,0.2539843022823334,1
785,1788172722.0646799,-0.47310294379576784,-0.5251708868283147,0.17422455755770275,-1.2683658701022482,-2.874085961446905,0.0002922298449506709,-2.1490300337420862,-2.1013363043414515,-1.176380459462301,-1.4344762007342737,1.5707507133483887,0.2529757618904114,1
786,1788172722.102074,-0.4740492769401213,-0.525522900676322,0.17415325851053962,-1.2686612428225568,-2.873968463944912,0.0002937069409585326,-2.1498921553241175,-2.103651825581686,-1.1729643980609339,-1.435577694569723,1.5707626342773438,0.252315878868103,1
787,1788172722.1399064,-0.47495278356641674,-0.525968586840413,0.17412019852730826,-1.2685944586367397,-2.874051695972938,0.00017208196935170658,-2.150635544453756,-2.1061108748065394,-1.1692011992083948,-1.4369662443744105,1.570798635482788,0.25151219964027405,1
788,1788172722.17731,-0.47574493560621384,-0.5263047251333213,0.17411250775433232,-1.2682613241159442,-2.8741878816155233,-7.956377979540168e-05,-2.151306454335348,-2.1081984678851526,-1.165929142628805,-1.4383071104632776,1.5707626342773438,0.2506122589111328,1
789,1788172722.2152023,-0.4767568545065914,-0.5268044185972984,0.17411902752019506,-1.2682552514074263,-2.8741800294032105,1.1268368369401967e-05,-2.152121369038717,-2.110861603413717,-1.1617701689349573,-1.4397442976581019,1.5707626342773438,0.2497958242893219,1
790,1788172722.2530036,-0.47769987567282096,-0.5272116667534783,0.1742311255664516,-1.2684508013559892,-2.874067804481415,0.0002328203769117852,-2.152924362813131,-2.1131532827960413,-1.1579349676715296,-1.4411447683917444,1.5707626342773438,0.2491355687379837,1
791,1788172722.2913518,-0.47865861761340917,-0.5275894464478025,0.17430278263550944,-1.268546765338759,-2.8739623281098985,0.000655755747338327,-2.1537631193744105,-2.1153605620013636,-1.1543634573565882,-1.4422338644610804,1.5707507133483887,0.24837981164455414,1
792,1788172722.3281152,-0.4793809200240144,-0.5277645433634368,0.17421907172718887,-1.2684622855551904,-2.8740083560990297,0.0005788222188728764,-2.1544821898089808,-2.117004696522848,-1.1519907156573694,-1.4430120627032679,1.5707507133483887,0.24759970605373383,1
793,1788172722.3651412,-0.47988981837667843,-0.5277577975181202,0.1741769351455009,-1.268551638544545,-2.874075135765354,0.00012914277397210942,-2.1551054159747522,-2.1180599371539515,-1.1503718535052698,-1.4438741842852991,1.570798635482788,0.24701136350631714,1
794,1788172722.402259,-0.47997263754063285,-0.5278065741666825,0.17406426522847,-1.2685795672026048,-2.8739976562476612,0.0003418946875444788,-2.1551535765277308,-2.118251625691549,-1.15039569536318,-1.4435151259051722,1.5707626342773438,0.24699938297271729,1
795,1788172722.4394188,-0.48006301173979116,-0.5278011574400813,0.173065514683939,-1.2686725569974768,-2.8739774690406117,5.447387686505863e-05,-2.1552608648883265,-2.1188276449786585,-1.1520145575152796,-1.4415038267718714,1.5707507133483887,0.24695144593715668,1
796,1788172722.4774902,-0.48005764148313895,-0.5277625747331777,0.17126811424550753,1.268634009864667,2.874030564006733,0.0006026730227422693,-2.1552847067462366,-2.1195839087115687,-1.1553462187396448,-1.4378402868853968,1.5707507133483887,0.24689151346683502,1
797,1788172722.5144737,-0.4800520067547032,-0.5277540579446295,0.16878979653434817,1.2686294700871739,2.874020285301142,0.0007060414723896012,-2.1552847067462366,-2.1204593817340296,-1.1603320280658167,-1.4320457617389124,1.5707507133483887,0.24689151346683502,1
798,1788172722.5523381,-0.4800505055725652,-0.5277769352618384,0.16628086651376747,1.2686095527352013,2.8740215082615013,0.0005461383892563843,-2.1552727858172815,-2.121359650288717,-1.1654022375689905,-1.4259761015521448,1.5707746744155884,0.24689151346683502,1
799,1788172722.5898094,-0.4801369786165119,-0.527867256423124,0.1631293739988225,-1.2686858070765623,-2.8739616342099987,0.00013864381379020567,-2.1552966276751917,-2.122631374989645,-1.1716340223895472,-1.4180262724505823,1.5707507133483887,0.24692746996879578,1
800,1788172722.629517,-0.4801066127086083,-0.5278365938533037,0.1600080279863652,-1.2686496819423516,-2.873972763065414,0.00017925312246376812,-2.1552847067462366,-2.12374717393984,-1.1779382864581507,-1.4105799833880823,1.5707507133483887,0.24691548943519592,1
801,1788172722.6659887,-0.4800837491703579,-0.5278477377433001,0.15740642716160758,-1.2686168018756838,-2.873990783525827,0.0001497214331932425,-2.1552489439593714,-2.1248143354998987,-1.182972256337301,-1.4044979254352015,1.5707507133483887,0.24692746996879578,1
802,1788172722.7038584,-0.48009057183880344,-0.5278073666778804,0.1541329248638872,-1.2686213653324725,-2.874001888815153,-7.348904296359912e-05,-2.1552847067462366,-2.126230541859762,-1.1891687552081507,-1.397027317677633,1.570738673210144,0.24689151346683502,1
803,1788172722.7418876,-0.48010961201259095,-0.5278199644000339,0.15097018284508085,-1.2685780869529244,-2.8740437587359122,7.112895644135273e-05,-2.155309025441305,-2.127657715474264,-1.1951254049884241,-1.3895562330829065,1.5707746744155884,0.24683122336864471,1
804,1788172722.779986,-0.48017070498402126,-0.5278463808776741,0.14778524073215493,-1.2684572847945643,-2.874050780600427,0.0003485121369221192,-2.1553567091571253,-2.1291936079608362,-1.200998608266012,-1.3819659391986292,1.5707626342773438,0.2467113733291626,1
805,1788172722.8182116,-0.4801732564426058,-0.5278555574229384,0.1451974693215081,-1.2684147974333435,-2.8740474862491685,0.0003104340609470371,-2.15534478822817,-2.130465809498922,-1.2056968847857874,-1.3760159651385706,1.570738673210144,0.24669939279556274,1
806,1788172722.8564842,-0.4801240429361281,-0.5277758630780418,0.1419283508555956,-1.2684836922457563,-2.874110639725152,-0.00025397515311233166,-2.1553567091571253,-2.1320489088641565,-1.2115939299212855,-1.3689044157611292,1.5707626342773438,0.2467113733291626,1
807,1788172722.8930717,-0.48011346536743804,-0.5277141864332069,0.13872522071389842,1.2685308203857875,2.874078303650933,0.00047252502782804733,-2.1553924719439905,-2.1336329619037073,-1.2173827330218714,-1.3616727034198206,1.5707626342773438,0.2467113733291626,1
808,1788172722.931398,-0.4801448741447801,-0.5277768802709861,0.13552679214550822,-1.2684078100642961,-2.8741256526017622,-9.818429867127263e-05,-2.1553805510150355,-2.135371987019674,-1.223016087208883,-1.354058567677633,1.5707626342773438,0.24663947522640228,1
809,1788172722.9697576,-0.4802065583145589,-0.5277215448491794,0.1330071014243998,1.2682582933526538,2.874206702943011,0.0002914011955428895,-2.1555007139789026,-2.1368115584002894,-1.2272709051715296,-1.3484910170184534,1.5707746744155884,0.24641139805316925,1
810,1788172723.0103424,-0.480693100113855,-0.527752101191678,0.12998595098042273,-1.2682740621389805,-2.8741522655490095,0.00028591801559230785,-2.1560519377337855,-2.1391752401935022,-1.231490437184469,-1.3415349165545862,1.5707746744155884,0.24588334560394287,1
811,1788172723.0516608,-0.4818261551107905,-0.5280014645043555,0.1267101188002721,-1.2686850138530397,-2.8739685312435648,0.0001925719733935556,-2.1571901480304163,-2.1434105078326624,-1.2332757155047815,-1.3355725447284144,1.5707626342773438,0.2450317144393921,1
812,1788172723.0943236,-0.48316057331208495,-0.528742710832223,0.12352979836607594,-1.2684800407135088,-2.874069423168957,0.00021563747150007897,-2.158184830342428,-2.1488211790667933,-1.2329285780536097,-1.3304961363421839,1.5707746744155884,0.24389171600341797,1
813,1788172723.1362815,-0.4846688336293148,-0.5304245863636681,0.11970987729687149,-1.2685193085752844,-2.8740229743963552,0.00045542845636475807,-2.158640209828512,-2.1565712133990687,-1.2304952780352991,-1.325024429951803,1.5707746744155884,0.2434711456298828,1
814,1788172723.1784005,-0.4859453344809478,-0.5317503824378105,0.11644356109215259,-1.2688060115148043,-2.8739282047814814,8.24659493473694e-05,-2.159095589314596,-2.163194004689352,-1.2282899061786097,-1.320845905934469,1.5707626342773438,0.24320711195468903,1
815,1788172723.2182689,-0.4873150326481055,-0.5331251113098067,0.11333014141823458,-1.2689929811224925,-2.8737935394786076,0.0005103644892763909,-2.1596229712115687,-2.169744316731588,-1.2258928457843226,-1.316416088734762,1.5707626342773438,0.24282324314117432,1
816,1788172723.2602243,-0.4886880530934365,-0.534270256279508,0.11000060321496533,-1.2693501185376574,-2.8737213551628176,-0.00019204900187634366,-2.1603296438800257,-2.1764147917376917,-1.2236512343036097,-1.3124411741839808,1.5707626342773438,0.24234312772750854,1
817,1788172723.3012488,-0.4902441226572267,-0.5351119275838054,0.10691095934290124,-1.269840116971973,-2.8734820063770905,-4.71131260375282e-06,-2.16148025194277,-2.182437245045797,-1.221949879323141,-1.3079989592181605,1.5707626342773438,0.24153943359851837,1
818,1788172723.3437588,-0.4919142141366403,-0.5352632987672947,0.10293400978390935,1.2700873700633584,2.8734016559379176,0.00047191301171301177,-2.1632893721209925,-2.1882322470294397,-1.2228363196002405,-1.301617447529928,1.5707507133483887,0.23989497125148773,1
819,1788172723.385824,-0.4932465791194183,-0.535752952861742,0.0999020280255265,-1.2701335669069016,-2.873277033847704,0.0007047423817845559,-2.16445237794985,-2.1929829756366175,-1.2231958548175257,-1.2957504431353968,1.5707746744155884,0.23879092931747437,1
820,1788172723.427658,-0.49483560594308895,-0.5358885000976045,0.09649819775976262,1.2706185897512334,2.873174490477813,8.742693050778499e-05,-2.166177574788229,-2.198429886494772,-1.2230523268329065,-1.2909615675555628,1.5707865953445435,0.23737454414367676,1
821,1788172723.469573,-0.4964218092677702,-0.5361149295260385,0.09337265717051724,-1.2709427009892849,-2.873028817047213,-6.53211068902211e-05,-2.1678198019610804,-2.2036245504962366,-1.2227042357074183,-1.2861006895648401,1.5707865953445435,0.235958531498909,1
822,1788172723.5117261,-0.4983660289140953,-0.5363827705982797,0.0896236025912164,1.2718819745891738,2.872599178308166,0.0002126488894931466,-2.169833008443014,-2.2100189367877405,-1.2219613234149378,-1.2805445829974573,1.5707865953445435,0.23460282385349274,1
823,1788172723.5548139,-0.49994389028882696,-0.5367117573237079,0.08764052988751092,-1.2721212723090836,-2.87240625584878,0.0005095487863482265,-2.171366516743795,-2.214410130177633,-1.2199953238116663,-1.2776473204242151,1.5707626342773438,0.23325833678245544,1
824,1788172723.5977685,-0.5015720882242723,-0.5368808712198146,0.08610130628180027,-1.2727493727667782,-2.872156750262153,0.00018342896033003733,-2.1730802694903772,-2.2186206022845667,-1.2169635931598108,-1.27667743364443,1.5707507133483887,0.2319745272397995,1
825,1788172723.6368387,-0.5034918959713781,-0.5370553900538374,0.08544054745021545,-1.2728894997459068,-2.8721120638416964,4.9277924221055504e-05,-2.175117794667379,-2.222639862691061,-1.2119296232806605,-1.2777789274798792,1.5707507133483887,0.2300300896167755,1
826,1788172723.6799324,-0.5050956026918901,-0.537173754917443,0.08566173173402777,-1.2730196072469357,-2.8720432538271363,0.0003328222908713243,-2.176842991505758,-2.2252796331988733,-1.2069314161883753,-1.2799580732928675,1.5707746744155884,0.2283983677625656,1
827,1788172723.7201624,-0.5066474444614727,-0.5372527107146131,0.0855401028211425,-1.2729092833575693,-2.872130834711525,-0.00015692796310197278,-2.1785205046283167,-2.2282546202289026,-1.2021496931659144,-1.2820776144610804,1.5707507133483887,0.22663405537605286,1
828,1788172723.7601964,-0.5082530009784803,-0.5373200441156335,0.08544285280630076,1.2731566247452708,2.872047884794898,0.00039741695418416976,-2.180270020161764,-2.231218163167135,-1.197355095540182,-1.2840645948993128,1.5707507133483887,0.22504989802837372,1
829,1788172723.803441,-0.5098647428490661,-0.5373783065207344,0.08551568053922626,1.2732085062807663,2.8719904734246344,0.0002550124195836083,-2.1820433775531214,-2.233953301106588,-1.1925490538226526,-1.2860525290118616,1.570798635482788,0.22332154214382172,1
830,1788172723.8459659,-0.5113054046628521,-0.5373868819959723,0.08542306158592786,1.2733186948656605,2.871966954427634,0.0002629770944618091,-2.1836374441729944,-2.2364729086505335,-1.188521687184469,-1.287560764943258,1.5707746744155884,0.22179767489433289,1
831,1788172723.8889263,-0.5123083235803714,-0.5374718320016453,0.08463652953041795,-1.2733178075751848,-2.8719719918663125,-2.423372506095978e-05,-2.1846917311297815,-2.238812271748678,-1.186676327382223,-1.2869141737567347,1.5707865953445435,0.22074156999588013,1
832,1788172723.9302123,-0.5128012146782416,-0.5373978824322931,0.08304092632308685,1.2731192639736066,2.872040649491758,0.000462759433096487,-2.1852906386004847,-2.2407920996295374,-1.1874788443194788,-1.2844117323504847,1.5707626342773438,0.22000940144062042,1
833,1788172723.9693122,-0.5129029553156152,-0.5374654873090116,0.08098843476746684,-1.2731753824648362,-2.8720272283383266,-0.00015941839169276862,-2.1853507200824183,-2.242471520100729,-1.1901276747332972,-1.279886547719137,1.5707626342773438,0.21998544037342072,1
834,1788172724.0083933,-0.5128918075485908,-0.5374848447320864,0.07828783445377965,-1.2731026030471386,-2.8720483843557023,1.6891739904584228e-05,-2.185326878224508,-2.2444151083575647,-1.1940348784076136,-1.273923699055807,1.5707746744155884,0.21996146440505981,1
835,1788172724.04936,-0.512860290273795,-0.5374721147415996,0.07487593985288699,1.2730551956730092,2.8720819465280023,0.0005619474485986397,-2.1852906386004847,-2.247066322957174,-1.1985176245318812,-1.267158333455221,1.570738673210144,0.21996146440505981,1
836,1788172724.0915947,-0.5129132443050433,-0.5375462198042484,0.0718673920032257,-1.273033883856202,-2.872034048054837,0.0003385899203844076,-2.1853025595294397,-2.24930984178652,-1.2028687636004847,-1.2599862257586878,1.5707746744155884,0.21994948387145996,1
837,1788172724.1335716,-0.5129254432028246,-0.5375277412396283,0.0686423965425021,-1.27308103748141,-2.871999719498929,0.0003385533825662858,-2.185326878224508,-2.251805607472555,-1.2072308699237269,-1.2531259695636194,1.5707626342773438,0.21996146440505981,1
838,1788172724.1755862,-0.5128737979711675,-0.5374751250712105,0.06471798519288435,-1.273057319564109,-2.87208716376086,-0.00011751865727484402,-2.185314480458395,-2.254888359700338,-1.2123969236956995,-1.2451756636248987,1.5707746744155884,0.2199375033378601,1
839,1788172724.2168584,-0.512872000753815,-0.5374463045636036,0.06146182409331541,1.2730524068373261,2.8720747517206795,0.0002387084999520254,-2.185338799153463,-2.2575162092791956,-1.2166159788714808,-1.2384098211871546,1.5707865953445435,0.2199135273694992,1
840,1788172724.2594035,-0.512917205468276,-0.5375208352387538,0.058310973535585314,-1.2730700175470064,-2.8720213028588066,0.0003150859730339976,-2.185326878224508,-2.2601550261126917,-1.2206547896014612,-1.2313702742206019,1.5707746744155884,0.21994948387145996,1
841,1788172724.2996936,-0.5128955398030819,-0.5374749399634743,0.055138443381894914,-1.2731002070770852,-2.8720432090035404,6.16943127676655e-05,-2.185338799153463,-2.262782875691549,-1.2246459166156214,-1.2249158064471644,1.5707746744155884,0.21994948387145996,1
842,1788172724.3427367,-0.5129038477336114,-0.5375066266624605,0.051308493028082686,-1.2731327545262914,-2.8720234686863004,0.00019536810760886872,-2.185326878224508,-2.2660940329181116,-1.2293084303485315,-1.2168577353106897,1.5707865953445435,0.21998544037342072,1
843,1788172724.3847563,-0.5129160371671102,-0.5375087054432252,0.04809187646471072,-1.2731199890047504,-2.872041398188246,0.00010723037866287458,-2.185338799153463,-2.268949333821432,-1.2330721060382288,-1.2102959791766565,1.5707865953445435,0.21996146440505981,1
844,1788172724.4265647,-0.5129187753718101,-0.5374670048689079,0.04487632482627105,-1.2731452698578798,-2.872052686543114,-5.4355452191717356e-05,-2.1853745619403284,-2.271780792866842,-1.2368715445147913,-1.2037699858294886,1.5707865953445435,0.2199375033378601,1
845,1788172724.4687443,-0.5129572347613388,-0.5374459122863099,0.04174070017773984,-1.2732057819081986,-2.871956077487516,0.00015934045610007424,-2.185422722493307,-2.2745640913592737,-1.2406113783465784,-1.1971009413348597,1.5707507133483887,0.21994948387145996,1
846,1788172724.5094504,-0.5129919369809524,-0.5374593177692614,0.03790436893816229,-1.2732090886294352,-2.8719157015106367,0.00034217895570934294,-2.1854470411883753,-2.2781031767474573,-1.2449501196490687,-1.1891019980060022,1.570738673210144,0.2199375033378601,1
847,1788172724.5503552,-0.5129509905494004,-0.5374060754069961,0.03457849841836069,-1.2732412625482643,-2.8719883105695083,-0.00018512521666938926,-2.1854470411883753,-2.281198326741354,-1.2485578695880335,-1.1827438513385218,1.5707507133483887,0.2199375033378601,1
848,1788172724.5939429,-0.5129390139452585,-0.5373928896351644,0.03136971752148532,1.2732381005746598,2.8719814565888724,0.0002210426445849723,-2.1854589621173304,-2.2842100302325647,-1.2520812193499964,-1.176241699849264,1.570798635482788,0.21992550790309906,1
849,1788172724.6343856,-0.5130005838201209,-0.5374554358612323,0.02826025461366155,-1.2732062561300292,-2.871956281179784,0.0003481266189489379,-2.1854708830462855,-2.2872331778155726,-1.255425755177633,-1.16949969926943,1.5707746744155884,0.21990154683589935,1
850,1788172724.6759481,-0.5129926704518623,-0.5374337534571215,0.02507604804702568,-1.2732192100161661,-2.8719857394062114,0.00019095449655809224,-2.1854828039752405,-2.290328327809469,-1.25873309770693,-1.163201634083883,1.5707865953445435,0.2198895663022995,1
851,1788172724.7173645,-0.5133504069725466,-0.5373910667834844,0.021173723888498197,-1.272936849752146,-2.8721442702509643,-4.848308072688581e-05,-2.185913864766256,-2.294743363057272,-1.2616823355304163,-1.1559928099261683,1.5707865953445435,0.219253271818161,1
852,1788172724.7591012,-0.514618928923059,-0.5373476806626286,0.018030623445170924,-1.2733762214449693,-2.871886888754577,0.0003024169465308058,-2.187352005635397,-2.2997220198260706,-1.2616103331195276,-1.150855843220846,1.5707746744155884,0.2181372493505478,1
853,1788172724.7994065,-0.5159114108809354,-0.5373340969016381,0.015448481937037184,-1.2731147112107002,-2.8720487892123985,-0.00011912540204962456,-2.1887901465045374,-2.3044608275042933,-1.2602561155902308,-1.1477425734149378,1.5707626342773438,0.21650514006614685,1
854,1788172724.8415275,-0.5173265598039914,-0.5373976384662319,0.013854631024265374,-1.2731539697708314,-2.872006585575953,-3.78162718878119e-05,-2.1902998129474085,-2.3083956877337855,-1.2576549688922327,-1.146353546773092,1.5707507133483887,0.21502920985221863,1
855,1788172724.8848388,-0.5189289834351012,-0.5373777464675443,0.01280386026098737,-1.2732715453971726,-2.8719561954926984,-0.00023552408518703535,-2.192073647175924,-2.312019173298971,-1.2540352980243128,-1.146473232899801,1.570726752281189,0.21333681046962738,1
856,1788172724.9277418,-0.5209096580893374,-0.5373464407223415,0.012633779695877756,-1.2732576310947201,-2.871940902671209,5.708878234452477e-06,-2.194277588521139,-2.3152225653277796,-1.2487733999835413,-1.1483772436725062,1.570738673210144,0.21112871170043945,1
857,1788172724.9707325,-0.5218068951603603,-0.5374066726550195,0.012672871505652078,-1.2728776998766815,-2.8720634666538403,0.00031858475536382944,-2.1952131430255335,-2.3166258970843714,-1.2461846510516565,-1.1493590513812464,1.570738673210144,0.20994040369987488,1
858,1788172725.0086882,-0.5218365947194454,-0.5374636043706503,0.012653709066409308,-1.2727332256198824,-2.8721572303621135,0.00011554994888663629,-2.19520074525942,-2.3168419043170374,-1.2458131949054163,-1.1496465841876429,1.570738673210144,0.20984452962875366,1
859,1788172725.0481303,-0.521845705260638,-0.5374594774199223,0.012659104883086553,-1.2727986308514518,-2.8721640961518258,0.0001455129078711522,-2.1952250639544886,-2.3168419043170374,-1.2458012739764612,-1.1496465841876429,1.5707746744155884,0.20985651016235352,1
860,1788172725.0892406,-0.5218559629778056,-0.537453898430318,0.012646477799184375,-1.2727948059394099,-2.872155694547369,0.0001225621238555082,-2.1952369848834437,-2.3168662230121058,-1.2457893530475062,-1.1496465841876429,1.5707626342773438,0.20984452962875366,1
861,1788172725.1313431,-0.5218577306528448,-0.537462106573308,0.012657923658626252,-1.272765167178403,-2.8721350215478103,0.00017052025426312397,-2.1952250639544886,-2.3168538252459925,-1.2457893530475062,-1.1496227423297327,1.570738673210144,0.20984452962875366,1
862,1788172725.1687665,-0.5218196274777214,-0.5374634738048402,0.012632300239164646,-1.2728308476262689,-2.872191679233731,4.258111803969836e-05,-2.19520074525942,-2.3168662230121058,-1.2458131949054163,-1.149682346974508,1.570798635482788,0.20989246666431427,1
863,1788172725.2101645,-0.5218437863730827,-0.5374719266573482,0.01263868723079034,-1.2730077849563362,-2.8720767756194365,0.00010886942019619373,-2.1952131430255335,-2.316890064870016,-1.2457650343524378,-1.149658505116598,1.5707746744155884,0.21001268923282623,1
864,1788172725.2515526,-0.5218352836038701,-0.5374758438140833,0.012652527125246699,-1.2730042046434498,-2.872070313799754,0.00016384370631598768,-2.19520074525942,-2.3168538252459925,-1.2458012739764612,-1.1496227423297327,1.5707746744155884,0.2100246697664261,1
865,1788172725.2905457,-0.521826896335955,-0.5374746147317433,0.012644220759657099,-1.2730035315701147,-2.872068564765701,8.592260681332652e-05,-2.195188824330465,-2.3168662230121058,-1.2457893530475062,-1.149670426045553,1.5707626342773438,0.21003665030002594,1
866,1788172725.3324425,-0.5218314929245086,-0.537475238502914,0.01267677473245607,-1.2730251415914757,-2.872071111367287,0.00018602114739156407,-2.19520074525942,-2.3168180624591272,-1.2458012739764612,-1.1496465841876429,1.5707865953445435,0.21003665030002594,1
867,1788172725.3747082,-0.5218464910736261,-0.5374709783069813,0.01243602659457052,-1.2730467749614172,-2.872025354001536,0.00025010904306079157,-2.1952131430255335,-2.3170579115497034,-1.2460530439959925,-1.1491082350360315,1.5707626342773438,0.210048645734787,1
868,1788172725.413806,-0.521796825409309,-0.5374573513242118,0.011817968100508086,-1.2730183062049947,-2.872101613601661,-1.6234173998111189e-06,-2.19517690340151,-2.317657772694723,-1.2466519514666956,-1.1480782667743128,1.5707865953445435,0.210048645734787,1
869,1788172725.4549687,-0.5217971225321503,-0.5373769491257888,0.010394971860175545,1.273095875451316,2.8720437307274844,0.00039835674135862037,-2.1952369848834437,-2.3190858999835413,-1.2479823271380823,-1.1455753485309046,1.5707746744155884,0.210048645734787,1
870,1788172725.49682,-0.521767278943214,-0.5373657545300107,0.009023482323325116,1.2730767815442132,2.8720002034036063,0.0007531137994633858,-2.1952131430255335,-2.3205249945269983,-1.2491567770587366,-1.1431925932513636,1.5707746744155884,0.2100726068019867,1
871,1788172725.5374577,-0.5218250127716622,-0.5374411720915395,0.008681295118121851,-1.2731142069674637,-2.8720381759756166,-4.161662488413346e-05,-2.1952131430255335,-2.320897404347555,-1.2495644728290003,-1.141947094594137,1.5707626342773438,0.21008458733558655,1
872,1788172725.5786688,-0.5218645829494153,-0.537491429849771,0.008701893030478053,-1.273094457513696,-2.8719936074109187,0.00023159911234040502,-2.1952131430255335,-2.3209450880633753,-1.2494681517230433,-1.141815487538473,1.5707507133483887,0.21008458733558655,1
873,1788172725.6213975,-0.5218387816383764,-0.5374759964492797,0.008672514473724052,-1.273053967854008,-2.872043204744933,0.00010644658790357596,-2.19520074525942,-2.3209450880633753,-1.2495282332049769,-1.141839329396383,1.5707626342773438,0.21006062626838684,1
874,1788172725.6624284,-0.5218436965255254,-0.5374921743256569,0.008719790972446767,-1.2730736756032006,-2.8720412285110966,0.00024319477728069932,-2.19520074525942,-2.320897404347555,-1.2495043913470667,-1.1418269316302698,1.5707865953445435,0.2100726068019867,1
875,1788172725.7015028,-0.5216512210079324,-0.5374988636255651,0.008631259516982015,1.2734678448783656,2.871908174162457,0.00010717741443517052,-2.194984738026754,-2.320789162312643,-1.2498882452594202,-1.1417792479144495,1.5707865953445435,0.21055234968662262,1
876,1788172725.7405229,-0.5210047907928688,-0.5377609343663483,0.008490415150367553,1.2737009382721851,2.8717742107788418,0.0005020040997872044,-2.1940625349627894,-2.3204410711871546,-1.2508471647845667,-1.1414201895343226,1.5707626342773438,0.21164478361606598,1
877,1788172725.7794762,-0.5203051909925067,-0.5381981112828861,0.00854517769335772,-1.2737988560499316,-2.871709676411468,-0.00024014252259522268,-2.1929362455951136,-2.3199132124530237,-1.251697842274801,-1.1409171263324183,1.5707147121429443,0.21284471452236176,1
878,1788172725.8187947,-0.5191791895582845,-0.5389820474370208,0.008525539717047004,-1.2736461517175335,-2.871818745629196,-0.0003439322211175347,-2.1910908857928675,-2.319469753895895,-1.2525370756732386,-1.1405938307391565,1.570738673210144,0.21457305550575256,1
879,1788172725.858863,-0.5177447238182271,-0.5400296590371424,0.0085448225531925,1.2730928678135052,2.8720460646466845,0.00031052848459099083,-2.1887062231646937,-2.3189056555377405,-1.2535079161273401,-1.1401751677142542,1.5707865953445435,0.21657705307006836,1
880,1788172725.900572,-0.5171998990101273,-0.5403308362155875,0.008576192191197735,-1.2733449458794424,-2.87195642100571,-0.0003783667034532112,-2.1878555456744593,-2.318521324788229,-1.2541068235980433,-1.1399949232684534,1.570738673210144,0.2175975739955902,1
881,1788172725.9439917,-0.5171994689783079,-0.5403396838439765,0.008544712898391288,1.2734123498845697,2.8719226591948797,0.00037236746603541666,-2.1878555456744593,-2.3185699621783655,-1.2541068235980433,-1.139947239552633,1.5707626342773438,0.21764551103115082,1
882,1788172725.986337,-0.5172012856835404,-0.5403422444638168,0.008556329924840178,1.2733941858980875,2.8719281220399737,0.0003907201172565832,-2.1878555456744593,-2.3185699621783655,-1.254071060811178,-1.1399949232684534,1.5707626342773438,0.21763353049755096,1
883,1788172726.0271635,-0.5171947401164118,-0.5403177745028669,0.008550658955181395,1.2733386247919225,2.871942388250285,0.0004641298060116829,-2.1878674666034144,-2.318545166646139,-1.2541192213641565,-1.1400192419635218,1.5707626342773438,0.21758559346199036,1
884,1788172726.0648935,-0.5171658406273079,-0.5403586227456111,0.00854639334571014,1.273284899017983,2.871961186029964,0.00040458582542283414,-2.1878073851214808,-2.318557087575094,-1.2541192213641565,-1.1399710814105433,1.5707746744155884,0.21760955452919006,1
885,1788172726.1060228,-0.517199762367995,-0.540335394013287,0.00855930814952563,1.2733463634574822,2.8719596149673556,0.00041205499788754226,-2.1878555456744593,-2.318557087575094,-1.254082981740133,-1.1400073210345667,1.5707507133483887,0.2175975739955902,1
886,1788172726.1459024,-0.5171925953836662,-0.5403347460041953,0.00855393211519001,1.2733186853122314,2.8719436065222954,0.000422936688707154,-2.1878555456744593,-2.318557087575094,-1.2540949026690882,-1.1400073210345667,1.5707746744155884,0.21758559346199036,1
887,1788172726.1849937,-0.5171796979887571,-0.5403476658075566,0.008537994321345749,1.2733362830810868,2.871938195511011,0.00040605375306298206,-2.187831226979391,-2.3185699621783655,-1.2541192213641565,-1.1399591604815882,1.5707746744155884,0.2176215499639511,1
888,1788172726.226429,-0.5171982129866368,-0.5403332101825813,0.008585013031354838,1.273348773771576,2.871965048102154,0.0003562623761191421,-2.1878555456744593,-2.3185094038592737,-1.2541068235980433,-1.1399949232684534,1.5707507133483887,0.2175975739955902,1
889,1788172726.2680967,-0.5171862770038484,-0.540341694465069,0.0085640352664694,1.273338170999747,2.871942741335945,0.00036787960576533784,-2.187843147908346,-2.318533245717184,-1.2541192213641565,-1.1399710814105433,1.5707746744155884,0.21760955452919006,1
890,1788172726.3095636,-0.5171866194638463,-0.5403215726385053,0.008577815200013023,1.273326345498697,2.8719608878736924,0.000371632718946739,-2.1878555456744593,-2.3184855620013636,-1.2541669050799769,-1.1399710814105433,1.5707626342773438,0.21758559346199036,1
891,1788172726.3489723,-0.5171647147367684,-0.540326546041506,0.008549422054110689,1.2732828057905532,2.871956927663236,0.0004412899077152366,-2.187831226979391,-2.3185094038592737,-1.254190746937887,-1.1399710814105433,1.5707746744155884,0.21758559346199036,1
892,1788172726.3898187,-0.5171564652992277,-0.5403606522495404,0.008596226995418121,1.273259249801407,2.8719959608252266,0.00023867605552316468,-2.1877954641925257,-2.31844932237734,-1.2542031447040003,-1.1398871580706995,1.5707746744155884,0.2175975739955902,1
893,1788172726.4300194,-0.5171706438326215,-0.5404117420626743,0.008625771281035782,-1.2732293153816443,-2.8719762485242413,0.00012985509950512174,-2.1877711454974573,-2.31842548051943,-1.2542269865619105,-1.1396477858172815,1.5707746744155884,0.21760955452919006,1
894,1788172726.4700384,-0.5171819405139264,-0.5404124202799,0.008627703432953104,-1.273176101920032,-2.8719972484422813,0.0001482060861629565,-2.1877830664264124,-2.318437401448385,-1.2542031447040003,-1.1396477858172815,1.5707746744155884,0.2175612449645996,1
895,1788172726.5117478,-0.5171842577290628,-0.5404261831276175,0.008644374459859105,-1.2731680902539197,-2.871977437810047,0.00021859959495686807,-2.1877711454974573,-2.31842548051943,-1.254190746937887,-1.1396239439593714,1.5707626342773438,0.2175736129283905,1
896,1788172726.553781,-0.5172081971061379,-0.5404077866855841,0.008625653772907138,-1.2732280806739475,-2.871974041678291,0.00024368431678472013,-2.187819306050436,-2.31844932237734,-1.2542031447040003,-1.139576260243551,1.5707865953445435,0.2175612449645996,1
897,1788172726.593417,-0.5172047163903531,-0.540428670126133,0.008663088594556917,-1.2731842777150888,-2.8719676343262575,0.0003324662395778696,-2.1877954641925257,-2.318413559590475,-1.254178826008932,-1.139576260243551,1.5707746744155884,0.2175612449645996,1
898,1788172726.6354666,-0.5172089681510749,-0.5404299128894837,0.008622410960623078,-1.2732335456628274,-2.8719379627362565,0.0002927441588171568,-2.1877954641925257,-2.3184731642352503,-1.254178826008932,-1.1395400206195276,1.5707626342773438,0.2175975739955902,1
899,1788172726.6783211,-0.5171587431880252,-0.5401492538550715,0.008669985117642526,-1.2725941225938602,-2.872171806260229,0.0007376154036699553,-2.187963310872213,-2.317766014729635,-1.255401913319723,-1.1387375036822718,1.5707746744155884,0.21699723601341248,1
900,1788172726.7169652,-0.5171949033038045,-0.5391490243640696,0.008841373414501946,-1.2723311594870816,-2.8722349634611306,0.0012027946583262825,-2.1887901465045374,-2.3158820311175745,-1.2584102789508265,-1.137313191090719,1.5707865953445435,0.21600104868412018,1
901,1788172726.7568514,-0.5172274230471581,-0.5380160606588901,0.008778650302804641,-1.2726749505775137,-2.8721328652657405,0.00047134070789082104,-2.189700428639547,-2.314334217702047,-1.2612622419940394,-1.1364744345294397,1.570738673210144,0.21531720459461212,1
902,1788172726.7957442,-0.5171511830630692,-0.5377399926323224,0.008678779104112827,-1.2728127545171564,-2.8721658115166697,9.376388387993162e-05,-2.1898444334613245,-2.313974682484762,-1.2621257940875452,-1.1362231413470667,1.5707746744155884,0.21524491906166077,1
903,1788172726.837114,-0.5171386111274249,-0.5377637039181934,0.008695960088545479,-1.272876908104937,-2.8721243779801364,9.070914842767738e-05,-2.189808193837301,-2.313974682484762,-1.2620776335345667,-1.136270825062887,1.5707626342773438,0.21532918512821198,1
904,1788172726.8762565,-0.517123356928674,-0.5377820464764899,0.008680268685620468,-1.2728178081085975,-2.872176350143846,9.752138422033685e-05,-2.189784351979391,-2.3139990011798304,-1.2620776335345667,-1.1362469832049769,1.5707865953445435,0.21530522406101227,1
905,1788172726.9157863,-0.5171374013825575,-0.5377667431995132,0.008674583609724229,-1.2728492521099086,-2.872154869599503,5.707663916240271e-05,-2.189808193837301,-2.3140109221087855,-1.2620657126056116,-1.136270825062887,1.5707746744155884,0.21530522406101227,1
906,1788172726.9571047,-0.5171517250412766,-0.5377710788541841,0.008707468648465805,-1.2728803875580268,-2.8721306120645247,0.00013045619554113177,-2.1898205916034144,-2.313986603413717,-1.2620299498187464,-1.1362832228290003,1.5707746744155884,0.21531720459461212,1
907,1788172726.9986773,-0.5171595588664488,-0.5377564388126731,0.00867652530996893,-1.2729394675918806,-2.8721250467186996,7.917579126171876e-05,-2.1898444334613245,-2.3140228430377405,-1.2620418707477015,-1.136270825062887,1.5707865953445435,0.21532918512821198,1
908,1788172727.0384903,-0.5171768913672262,-0.5377410134878237,0.008688391677321411,-1.2729986641395918,-2.8720732375288316,7.089543807911075e-05,-2.1898682753192347,-2.3140109221087855,-1.2620299498187464,-1.1362951437579554,1.5707626342773438,0.21535316109657288,1
909,1788172727.07599,-0.5172118644177208,-0.537718417148759,0.008665281581718781,-1.2730390168339303,-2.8720707621513855,5.707412841561308e-05,-2.1899283568011683,-2.3140586058246058,-1.262005631123678,-1.1362832228290003,1.5707746744155884,0.21531720459461212,1
910,1788172727.1136315,-0.5172738378562495,-0.5376787525895401,0.008694792445577332,-1.273201394984723,-2.871972693906578,0.00014573507425490328,-2.190024201069967,-2.3140347639666956,-1.2619817892657679,-1.136270825062887,1.5707626342773438,0.21534116566181183,1
911,1788172727.1537514,-0.5172903571306795,-0.5376763466054617,0.008675708576463409,-1.2732069716894294,-2.8719857382133207,0.00013118298896697063,-2.1900480429278772,-2.314082447682516,-1.2619460264789026,-1.136270825062887,1.5707746744155884,0.21531720459461212,1
912,1788172727.1934638,-0.5172831914521295,-0.5376662934627835,0.008651576297466657,-1.273192713926818,-2.872000012475137,7.541554410656523e-05,-2.1900480429278772,-2.314094845448629,-1.2619817892657679,-1.136258904133932,1.5707746744155884,0.21530522406101227,1
913,1788172727.2328203,-0.5173052206281128,-0.5376517231037391,0.008669164772116184,-1.273173726548867,-2.8720058106374693,9.375774324640739e-05,-2.1900838057147425,-2.314082447682516,-1.2619579474078577,-1.1362832228290003,1.5707746744155884,0.21525691449642181,1
914,1788172727.272271,-0.5173101767413026,-0.5376476000470652,0.008652389239514058,-1.2732493789440282,-2.8719876646018796,7.917120957075403e-05,-2.1900962034808558,-2.3141067663775843,-1.2619579474078577,-1.136270825062887,1.5707865953445435,0.21529322862625122,1
915,1788172727.3127017,-0.5172942137090656,-0.5376524381622816,0.008653516167835579,-1.2731458829360573,-2.871987529958501,2.6646032982583863e-05,-2.1900599638568323,-2.314094845448629,-1.2619698683368128,-1.1362951437579554,1.570738673210144,0.2152692675590515,1
916,1788172727.353597,-0.5172912492763119,-0.5376671282782316,0.008661187832096573,-1.2731442219761546,-2.8720316651850757,9.75156178273752e-05,-2.1900599638568323,-2.314094845448629,-1.2619579474078577,-1.136270825062887,1.5707865953445435,0.21525691449642181,1
917,1788172727.3939786,-0.5172998555346688,-0.5376394611432972,0.008648146000886814,-1.2731728624047869,-2.872003862923248,1.5851880539821106e-05,-2.1900838057147425,-2.314094845448629,-1.2619817892657679,-1.1362951437579554,1.5707626342773438,0.21525691449642181,1
918,1788172727.4346073,-0.5172827892937432,-0.5376505707792162,0.008764839767859717,1.2731675589616451,2.8720364366663502,0.00023717664411572896,-2.1900599638568323,-2.3140347639666956,-1.2617180983172815,-1.1367858091937464,1.5707746744155884,0.2152692675590515,1
919,1788172727.4727407,-0.5173568421111885,-0.5376942148821305,0.009823529187056174,-1.2734174477944211,-2.8718558309693214,0.00010589971020769994,-2.1900962034808558,-2.313026730214254,-1.260627571736471,-1.1386540571795862,1.570738673210144,0.2154250591993332,1
920,1788172727.513099,-0.5173255807539935,-0.537715292667535,0.011690871479162174,-1.273865414480704,-2.8717047660128583,0.00014742382199394214,-2.1900599638568323,-2.3110836187945765,-1.2589014212237757,-1.142306152974264,1.5707865953445435,0.2157609909772873,1
921,1788172727.5535667,-0.5173425068028179,-0.537714454077325,0.014291778228948754,-1.2746964751493002,-2.871300809236288,0.00020668398923874958,-2.1900718847857874,-2.308431927357809,-1.2564085165606897,-1.147407356892721,1.5707626342773438,0.21633698046207428,1
922,1788172727.5935667,-0.5173800793621747,-0.5377765884569551,0.017474887579812526,-1.2754322922762116,-2.8709140430409277,0.0008167402068379743,-2.1900718847857874,-2.3052170912372034,-1.2534001509295862,-1.1532390753375452,1.5707865953445435,0.21686504781246185,1
923,1788172727.6348178,-0.517320259358836,-0.5376728202040552,0.019602476326020385,-1.2755145380000006,-2.8709603538715913,0.0001407708299930209,-2.1900838057147425,-2.303009812031881,-1.2513144651996058,-1.157968823109762,1.5707746744155884,0.21688900887966156,1
924,1788172727.6759458,-0.5172883713708282,-0.537602898574184,0.021064064176121777,1.275444610389789,2.8710331798286677,0.0003753445755589574,-2.1900962034808558,-2.3015335241900843,-1.2498043219195765,-1.161285702382223,1.5707507133483887,0.21681711077690125,1
925,1788172727.7168279,-0.5172774696472537,-0.537608057065517,0.021896059927471206,1.2755102580361746,2.870997088470788,0.0003305032609819238,-2.1900838057147425,-2.3006938139544886,-1.2490008513080042,-1.1629021803485315,1.5707626342773438,0.2168770283460617,1
926,1788172727.7560678,-0.5172755591558988,-0.5375943494249208,0.02195054316380768,1.275517494874741,2.870965410802325,0.00043607097069921875,-2.1900962034808558,-2.30064565340151,-1.2489169279681605,-1.163105312977926,1.5707746744155884,0.2168770283460617,1
927,1788172727.7949276,-0.5172913190943308,-0.5376180616045776,0.021833397209563038,-1.2754463715281779,-2.870992394518362,-0.00015454934412130675,-2.1900838057147425,-2.300741497670309,-1.2491210142718714,-1.1626151243792933,1.570738673210144,0.21684107184410095,1
928,1788172727.8336391,-0.5172907657560729,-0.5376005246514585,0.020837433728088328,1.27565009483642,2.870939583308876,0.00020342845829747258,-2.190108124409811,-2.301713768635885,-1.2501400152789515,-1.1606629530536097,1.5707746744155884,0.21694892644882202,1
929,1788172727.872395,-0.5173086800478741,-0.53761623059271,0.018998846783289225,-1.2761233313399158,-2.87070361291251,-0.00014488959076419913,-2.190108124409811,-2.3035734335528772,-1.2519376913653772,-1.1569626967059534,1.5707507133483887,0.21728524565696716,1
930,1788172727.9101484,-0.5173332699183826,-0.5376601486080462,0.016603380795190442,-1.2758525238294738,-2.870790990244928,0.0002758147355552305,-2.190108124409811,-2.3059728781329554,-1.2543824354754847,-1.1518500486956995,1.5707746744155884,0.21710510551929474,1
931,1788172727.94821,-0.5173052438399599,-0.5376160988389764,0.013380092915826813,-1.2754564192081055,-2.871013623797644,-0.0001470285014256,-2.190108124409811,-2.3092358748065394,-1.2574508825885218,-1.1457908789264124,1.5707626342773438,0.21681711077690125,1
932,1788172727.9886224,-0.5173101124637165,-0.5376276638144456,0.01012800297130742,-1.2754276044698531,-2.8710415245556167,-0.0001586605187402943,-2.190108124409811,-2.3126066366778772,-1.2604840437518519,-1.1393969694720667,1.5707746744155884,0.21679313480854034,1
933,1788172728.028046,-0.5173361262299234,-0.537674578355511,0.00768650743097668,-1.2753524250207253,-2.8710111093218,0.00019569549858158454,-2.1900962034808558,-2.315162483845846,-1.2627852598773401,-1.1343072096454065,1.5707626342773438,0.21676917374134064,1
934,1788172728.0659297,-0.5173500558897094,-0.5376742717684713,0.004367472978511838,-1.2752977232996057,-2.8710273200633956,0.00015892402335814914,-2.190108124409811,-2.3186777273761194,-1.2657578627215784,-1.127840820943014,1.5707507133483887,0.21672123670578003,1
935,1788172728.1035306,-0.5173063953443751,-0.5376281828736426,0.0027670842649321348,-1.2751774779776621,-2.8711288236332426,-0.00017939598909309925,-2.1900962034808558,-2.3203213850604456,-1.2672317663775843,-1.1249430815326136,1.5707507133483887,0.21663697063922882,1
936,1788172728.1414835,-0.5172961582037794,-0.5376295856948246,0.0015223888116082107,-1.2750232844291205,-2.8712006449388072,-0.0002028816487667028,-2.1900838057147425,-2.3216407934771937,-1.2683466116534632,-1.1225240866290491,1.5707507133483887,0.2165410965681076,1
937,1788172728.180281,-0.5172939952185379,-0.5376097433665197,0.0011133307944600213,1.2751040726277094,2.871149280821613,0.00034058339847178843,-2.190108124409811,-2.3220847288714808,-1.268669907246725,-1.1218536535846155,1.5707865953445435,0.21657705307006836,1
938,1788172728.2213151,-0.5173455913409466,-0.5376434271793136,0.0012403640995198029,-1.2750704074940502,-2.871120121413596,2.80973476846875e-05,-2.190120045338766,-2.321976963673727,-1.268574062977926,-1.121805493031637,1.570726752281189,0.21655307710170746,1
939,1788172728.2616324,-0.5173076019020132,-0.5376345640145594,0.0011681417356837198,-1.2750095484058264,-2.87121452007601,-0.00016391111842706528,-2.1900962034808558,-2.3220370451556605,-1.2686336676227015,-1.1218178907977503,1.5707626342773438,0.2165171205997467,1
940,1788172728.3000643,-0.5173382564320662,-0.5376216709888054,0.001205356602549723,-1.274905385197934,-2.8712606431014542,-6.83956244734829e-05,-2.190143887196676,-2.322000805531637,-1.2686103026019495,-1.1218178907977503,1.5707746744155884,0.21639691293239594,1
941,1788172728.3401527,-0.5173187564340299,-0.5376659762987036,0.0012447362591427868,-1.274721487908226,-2.871311009114085,5.697857824699679e-05,-2.1900838057147425,-2.321965042744772,-1.2685864607440394,-1.121793572102682,1.5707626342773438,0.21633698046207428,1
942,1788172728.3801117,-0.5173137529952412,-0.5376139229686674,0.0011548319325840606,-1.2747586177025754,-2.8713005262054514,-0.000266923194194422,-2.190108124409811,-2.3220489660846155,-1.2686336676227015,-1.1218655745135706,1.570726752281189,0.21633698046207428,1
943,1788172728.4185307,-0.5172132072506206,-0.5375435281004318,0.0011376025142832424,1.2748751958796412,2.8712841496078383,0.0003885535349340236,-2.1900599638568323,-2.3218329588519495,-1.2690532843219202,-1.1217458883868616,1.5707507133483887,0.21645720303058624,1
944,1788172728.4573581,-0.5170183162146204,-0.5375090276210126,0.0011063182330672827,-1.275078694313808,-2.8711841378853835,-0.00035490311422736433,-2.1898682753192347,-2.3214967886554163,-1.2697604338275355,-1.1213505903827112,1.570738673210144,0.21679313480854034,1
945,1788172728.4967818,-0.5162399703625132,-0.5375921396963184,0.0011851035219984651,-1.2749445404027673,-2.8712452925084038,1.0960558738603336e-05,-2.188957993184225,-2.3202489058123987,-1.271869961415426,-1.120261017476217,1.5707865953445435,0.21760955452919006,1
946,1788172728.5368598,-0.5157408041131154,-0.5375358515286058,0.0012002479491235174,1.2752749583195278,2.871107773603117,4.3648772852701866e-06,-2.188453976308004,-2.319373432789938,-1.273416821156637,-1.1196020285235804,1.570798635482788,0.21834135055541992,1
947,1788172728.5764499,-0.5157870029939511,-0.5374600439303132,0.0011768575152594773,-1.2752688114102915,-2.8710940620135776,-0.00022191718427611989,-2.188549820576803,-2.319397274647848,-1.2734044233905237,-1.1197221914874476,1.5707507133483887,0.2182454764842987,1
948,1788172728.6161315,-0.5157796831741759,-0.5374696067296005,0.001152409187550274,-1.2752746381810467,-2.871106947170837,-0.00023728955511069212,-2.188537899647848,-2.3194335142718714,-1.2734044233905237,-1.1196983496295374,1.5707626342773438,0.21825745701789856,1
949,1788172728.6566455,-0.5157930768207365,-0.5374669627492429,0.0011829530475521155,1.2753050580197731,2.8710813230027172,0.00019238048660602416,-2.1885622183429163,-2.319409195576803,-1.2733686606036585,-1.1197341124164026,1.5707865953445435,0.21825745701789856,1
950,1788172728.697539,-0.5157610536234661,-0.5375087991146138,0.0011607605142245625,1.275190161105316,2.8711476300962078,0.0001784781359264136,-2.1884902159320276,-2.3194454352008265,-1.2733686606036585,-1.1196864287005823,1.5707746744155884,0.2182454764842987,1
951,1788172728.7383924,-0.5157632383390343,-0.5375024289976424,0.0011928656602338827,-1.275214763404455,-2.8711103022466604,-0.00016685647809965988,-2.1884902159320276,-2.319397274647848,-1.2733686606036585,-1.1197221914874476,1.5707507133483887,0.2182694375514984,1
952,1788172728.7774193,-0.5157518314741806,-0.537510985648417,0.001210802445032827,-1.2751699088205428,-2.8711481612923864,-0.00010433122640552649,-2.1884782950030726,-2.3193615118609827,-1.2733925024615687,-1.1196983496295374,1.5707746744155884,0.2182454764842987,1
953,1788172728.8148236,-0.5157385442304672,-0.5375074497266663,0.0011417772624963407,1.2751501323968935,2.8711497707763294,0.00028932990327179174,-2.1884663740741175,-2.3194578329669397,-1.2733805815326136,-1.1197341124164026,1.5707746744155884,0.2182454764842987,1
954,1788172728.8525991,-0.5157243042817012,-0.5375591072890491,0.0011802172682161272,-1.2750627495420372,-2.8711855268158595,-0.00012716917003567266,-2.188406292592184,-2.3194335142718714,-1.2733448187457483,-1.1196864287005823,1.5707626342773438,0.2182454764842987,1
955,1788172728.8921356,-0.5155065064879562,-0.5377508142287002,0.0011714971470406788,-1.2748045397359622,-2.8712976980615936,-0.00020428627850710142,-2.1880109945880335,-2.3194335142718714,-1.2733567396747034,-1.1197221914874476,1.5707507133483887,0.2184615582227707,1
956,1788172728.9313939,-0.5152132171379328,-0.5380279590560424,0.001191281820745571,1.2743421139242577,2.8715089436315764,9.68804219328438e-05,-2.187483612691061,-2.319385353718893,-1.2734044233905237,-1.1196625868426722,1.570798635482788,0.21866530179977417,1
957,1788172728.969939,-0.5150970638140194,-0.5381245207543801,0.0011491157558841392,-1.2743636089948993,-2.8715088020723734,-0.000219661377548026,-2.187268082295553,-2.3194335142718714,-1.273416821156637,-1.1196745077716272,1.5707626342773438,0.2188933789730072,1
958,1788172729.0082777,-0.5151095739410694,-0.5380918889724017,0.0011663404537573807,-1.2742734819135142,-2.871538495147318,-0.00024098242543486807,-2.1873038450824183,-2.319385353718893,-1.2734525839435022,-1.1196983496295374,1.5707507133483887,0.218797504901886,1
959,1788172729.0480964,-0.5151065134242521,-0.5381064923923425,0.0011605716253531295,1.2743368821596952,2.8714957119104,0.00020775593552736392,-2.1873038450824183,-2.319409195576803,-1.273428742085592,-1.1196864287005823,1.570798635482788,0.2188454419374466,1
960,1788172729.0887566,-0.5151198140605969,-0.5380753469559747,0.0011339329889555883,-1.2743304085582037,-2.871526210044007,-0.0003334992396254185,-2.1873281637774866,-2.3194335142718714,-1.2734406630145472,-1.1197221914874476,1.5707507133483887,0.21880948543548584,1
961,1788172729.1253333,-0.5151137955592288,-0.5380810221227618,0.00115642829429502,1.2743909172185042,2.8714769098329684,0.00026656052383501914,-2.1873281637774866,-2.319397274647848,-1.2734525839435022,-1.1197102705584925,1.5707865953445435,0.21885742247104645,1
962,1788172729.1641817,-0.5151195239696028,-0.5380843984055363,0.0011422438082318298,1.2743621878868576,2.871505020649906,0.000251903970770849,-2.1873281637774866,-2.319421116505758,-1.2734525839435022,-1.1196745077716272,1.5707746744155884,0.21883344650268555,1
963,1788172729.2025504,-0.5151175591793803,-0.5381126183291012,0.0011638007021521068,1.2743311345954536,2.871529217267697,0.00017774508682321766,-2.1873038450824183,-2.319421116505758,-1.2734044233905237,-1.1196745077716272,1.5707746744155884,0.21883344650268555,1
964,1788172729.2432098,-0.5151471589677102,-0.5380987398160643,0.0012012397836282107,-1.274437273807712,-2.8714424188753873,-7.430582430146934e-05,-2.1873400847064417,-2.319373432789938,-1.2734044233905237,-1.1196501890765589,1.5707507133483887,0.21888138353824615,1
965,1788172729.28352,-0.5151225668896432,-0.5380640397493776,0.0011499649815485402,-1.2744497569322184,-2.871470558463755,-0.0003144081426928125,-2.1873400847064417,-2.319397274647848,-1.2734645048724573,-1.1197221914874476,1.5707507133483887,0.21888138353824615,1
966,1788172729.3252354,-0.5151436477272764,-0.5380681086969975,0.001189244513662202,-1.274533672660113,-2.8714280753245167,-0.00018221434337773056,-2.187363926564352,-2.3193615118609827,-1.2734406630145472,-1.1196983496295374,1.5707626342773438,0.2189173400402069,0
967,1788172729.3641193,-0.5151241303019173,-0.5380908982253905,0.0011872925258583356,-1.2746056523537757,-2.871403882404911,-0.00014176597617895323,-2.1873281637774866,-2.3193615118609827,-1.2734525839435022,-1.1196625868426722,1.5707746744155884,0.21900123357772827,0
968,1788172729.4034154,-0.5151295887431238,-0.538073947768656,0.0012171403237617728,-1.274717907442626,-2.871330817735672,-0.0001668179541751437,-2.1873400847064417,-2.319313351308004,-1.2734525839435022,-1.1197221914874476,1.5707507133483887,0.21907350420951843,0
969,1788172729.443999,-0.5151342062429045,-0.5380899238086276,0.0012403492918126036,-1.274755179796617,-2.871321949802062,-3.089046896124601e-05,-2.1873400847064417,-2.319289509450094,-1.2734525839435022,-1.1196625868426722,1.5707746744155884,0.21909748017787933,0
970,1788172729.4842284,-0.5151437956020843,-0.5380987007984704,0.0012777268848035428,-1.2746939572485896,-2.871323236878808,5.7892128424647904e-05,-2.1873400847064417,-2.3192532698260706,-1.273428742085592,-1.1196625868426722,1.5707626342773438,0.21906152367591858,0
971,1788172729.5252728,-0.5151432856021481,-0.5380979811751918,0.0012823481812141158,-1.2746757640796498,-2.8713286345941396,7.698242825059897e-05,-2.1873400847064417,-2.3192413488971155,-1.2734406630145472,-1.1196501890765589,1.5707626342773438,0.21904954314231873,0
972,1788172729.5662282,-0.5151433432725079,-0.5381132549882384,0.0012853657529179052,-1.2746911402765593,-2.8713166583677245,0.00011369660075854201,-2.1873281637774866,-2.3192532698260706,-1.273416821156637,-1.1196382681476038,1.5707626342773438,0.21907350420951843,0
973,1788172729.606383,-0.5151477487297882,-0.5380948181385083,0.0012823484310588162,-1.2747006342798104,-2.8712918944650467,6.955199983074168e-05,-2.1873400847064417,-2.3192413488971155,-1.2734406630145472,-1.1196501890765589,1.570738673210144,0.21907350420951843,0
974,1788172729.645934,-0.5151584091578124,-0.5380889364097261,0.0012907196079282313,-1.2747616521949214,-2.8712906078843545,7.62485923007223e-05,-2.187363926564352,-2.3192413488971155,-1.273416821156637,-1.1196745077716272,1.5707626342773438,0.21908549964427948,0
975,1788172729.6860402,-0.5151504536034595,-0.5380929032049906,0.001302951689112375,-1.274726361760708,-2.8713036997794568,9.4605015253802e-05,-2.187352005635397,-2.3192175070392054,-1.273428742085592,-1.1196745077716272,1.5707626342773438,0.21907350420951843,0
976,1788172729.725285,-0.5151722647869172,-0.5380639360744575,0.001308351089199189,-1.2747309423737336,-2.8712683302342015,4.676003545377277e-05,-2.187387768422262,-2.3192055861102503,-1.273428742085592,-1.1197102705584925,1.570726752281189,0.21904954314231873,0
977,1788172729.7641494,-0.5151638947930448,-0.5380777557766466,0.0012915010943723992,-1.2747750434386675,-2.871228008522217,9.883411406678484e-05,-2.187363926564352,-2.3192175070392054,-1.2734645048724573,-1.1196263472186487,1.5707147121429443,0.2191094607114792,0
978,1788172729.803905,-0.5151458465349749,-0.5381015947184565,0.0014944532381565845,-1.2746862025582266,-2.8713057626617378,0.0002069457726662311,-2.1873400847064417,-2.3189895788775843,-1.27332050005068,-1.1199377218829554,1.5707626342773438,0.21906152367591858,0
979,1788172729.8406606,-0.5151989051229604,-0.5381660216083223,0.0023601062324599686,-1.274710594568156,-2.871221731307122,0.0008237672915287946,-2.187352005635397,-2.318089310322897,-1.2726133505450647,-1.1211469809161585,1.5707746744155884,0.21908549964427948,0
980,1788172729.8784404,-0.5152012931445177,-0.5381798313368631,0.0040322405809599116,-1.2746309507552536,-2.871227651865729,0.0009375012258155297,-2.1873400847064417,-2.3163021246539515,-1.2711508909808558,-1.1243203322040003,1.5707626342773438,0.21904954314231873,0
981,1788172729.9168918,-0.5152092212491536,-0.5381653836646152,0.006349112718308292,-1.2747114418606256,-2.871223928702652,0.0008054095056935214,-2.187363926564352,-2.313878361378805,-1.2689812819110315,-1.1290019194232386,1.5707746744155884,0.21907350420951843,0
982,1788172729.958727,-0.515184342614562,-0.5381407202766699,0.00948383477570422,-1.2747482071785676,-2.871213692312669,0.0006665810115016534,-2.187352005635397,-2.3105552832232874,-1.2661407629596155,-1.1352532545672815,1.5707626342773438,0.2191094607114792,0
983,1788172729.9993618,-0.5151219700476612,-0.5380679043651061,0.012641266018446368,-1.274731548425287,-2.871315098368233,-3.0508663960822447e-06,-2.1873400847064417,-2.307256523762838,-1.2631085554706019,-1.1420190970050257,1.5707626342773438,0.21908549964427948,0
984,1788172730.0384452,-0.5151085569802961,-0.5380489781744113,0.01571303897544979,-1.2747786218037,-2.8713283827064275,-0.0002468291036944949,-2.1873400847064417,-2.3041370550738733,-1.26007587114443,-1.1483295599566858,1.5707626342773438,0.2191094607114792,0
985,1788172730.0791228,-0.515158630109886,-0.5381139006396842,0.019019198439250762,-1.2747623650277085,-2.871291983240411,0.00025476307120338257,-2.187352005635397,-2.300861660634176,-1.2568038145648401,-1.1545560995685022,1.5707865953445435,0.21909748017787933,0
986,1788172730.12164,-0.5151591519183732,-0.5381051764377426,0.02226457280719832,-1.2747550146181985,-2.8712754211148956,0.00020547842039441122,-2.187352005635397,-2.2976349035846155,-1.2535317579852503,-1.1610820929156702,1.5707626342773438,0.21909748017787933,0
987,1788172730.159485,-0.5151402259685458,-0.5380328994756879,0.025380424797578488,-1.274863020669435,-2.871287516771303,-0.00022259795837461523,-2.187387768422262,-2.294551197682516,-1.2503073851214808,-1.1676681677447718,1.5707626342773438,0.21912144124507904,0
988,1788172730.1982014,-0.5151495293609241,-0.5380717007859488,0.028601468418890608,-1.2747630970321684,-2.871293867762293,-4.6398590660228876e-05,-2.187363926564352,-2.2914679686175745,-1.2469032446490687,-1.1740387121783655,1.5707507133483887,0.21908549964427948,0
989,1788172730.2394075,-0.5151369381354166,-0.5381136777186069,0.03185618274726168,-1.2747663971409107,-2.871300604699339,0.00018060437570493484,-2.1873281637774866,-2.288360897694723,-1.2434638182269495,-1.1804450193988245,1.5707865953445435,0.21912144124507904,0
990,1788172730.2801907,-0.515134539207137,-0.5380400663017803,0.03503792834523381,-1.2748227131440868,-2.8712892482122063,-0.00010731704794637597,-2.187375847493307,-2.285325352345602,-1.2400239149676722,-1.1871026198016565,1.5707626342773438,0.2191094607114792,0
991,1788172730.3230255,-0.5151143541821795,-0.5380723495752681,0.038171135448522214,-1.2747191302161973,-2.8713332784181187,-9.336549664883746e-05,-2.1873281637774866,-2.2824462095843714,-1.236500088368551,-1.1934965292560022,1.5707626342773438,0.21908549964427948,0
992,1788172730.3633735,-0.5151242518484109,-0.538035011816503,0.0413127021948331,1.2747998262354496,2.871284075493583,0.00034733217999976986,-2.187375847493307,-2.2796147505389612,-1.2328322569476526,-1.2001655737506312,1.5707865953445435,0.21909748017787933,0
993,1788172730.404758,-0.5151107899820951,-0.5380265015723735,0.04454111876755942,1.2747843165009731,2.871295294540047,0.00041123950479670084,-2.187363926564352,-2.2766998449908655,-1.2291167418109339,-1.2068350950824183,1.5707746744155884,0.21909748017787933,0
994,1788172730.4453542,-0.5151285912558804,-0.5380772470507396,0.048456062361532215,-1.2747615564648491,-2.871289930564959,8.139007330205014e-05,-2.1873400847064417,-2.2732203642474573,-1.2246220747577112,-1.2144869009601038,1.5707626342773438,0.2191094607114792,0
995,1788172730.4850757,-0.5151614102299474,-0.5380931707692931,0.05167389382923271,-1.274792155588589,-2.87126655681233,0.00015114366393279962,-2.187363926564352,-2.2704971472369593,-1.2206428686725062,-1.2211440245257776,1.5707626342773438,0.2191094607114792,0
996,1788172730.5227141,-0.5151082362553211,-0.5380390649824718,0.054708901232645574,1.274774333174782,2.8713187523225385,0.0005619178195049628,-2.1873400847064417,-2.2679417769061487,-1.2167475859271448,-1.2280529181109827,1.570738673210144,0.2191094607114792,0
997,1788172730.5619764,-0.5151054661102654,-0.5380294262571329,0.057325381317923585,1.2747682409755074,2.8713052416545506,0.000486931907096375,-2.187352005635397,-2.2657097021686,-1.2135594526873987,-1.233429257069723,1.5707626342773438,0.21909748017787933,0
998,1788172730.6034257,-0.5151225820929926,-0.538068767960116,0.06055124306140758,-1.274724405992724,-2.871345455048777,-0.00019689827303432351,-2.1873400847064417,-2.2630584875689905,-1.209496800099508,-1.2399547735797327,1.5707626342773438,0.21907350420951843,0
999,1788172730.644563,-0.5151314667647225,-0.5380614062323629,0.0638547149751523,-1.2747800003850307,-2.87128533270828,-3.905479892174378e-05,-2.187352005635397,-2.2603352705584925,-1.2053378264056605,-1.2467320601092737,1.5707507133483887,0.2191094607114792,0
1000,1788172730.686076,-0.5151276156586069,-0.5380606790570075,0.06756093677920352,-1.274794400852868,-2.8713177755000148,-0.00022112930030410152,-2.187352005635397,-2.257444206868307,-1.2003396193133753,-1.2547419706927698,1.5707626342773438,0.2191094607114792,0
1001,1788172730.7269413,-0.5151115767308501,-0.5380778911939698,0.07073223131741208,1.2746846416189475,2.8713484081169542,0.00025334778180411126,-2.1873281637774866,-2.254996124898092,-1.1960485617267054,-1.2615068594561976,1.5707865953445435,0.21906152367591858,0
1002,1788172730.7690074,-0.5151193030546815,-0.5380337594360605,0.07398030358466073,1.274773891994437,2.871318196155185,0.00037679349213435946,-2.187363926564352,-2.2524893919574183,-1.1916497389422815,-1.2684877554522913,1.5707626342773438,0.21908549964427948,0
1003,1788172730.8080995,-0.5151185937335703,-0.538063140274546,0.07715931993480687,-1.2747100304503474,-2.871359455889046,-0.0002512348612054451,-2.1873400847064417,-2.2501257101642054,-1.1872389952289026,-1.2751806418048304,1.5707626342773438,0.21906152367591858,0
1004,1788172730.8491454,-0.515167200864043,-0.5381108013911368,0.0805077912008837,-1.2748255961098163,-2.8712490694002346,0.00036049633344746595,-2.187363926564352,-2.2476542631732386,-1.1826489607440394,-1.2818496862994593,1.5707865953445435,0.2191334366798401,0
1005,1788172730.888206,-0.5151345583509925,-0.5380904206131509,0.08360908174626996,-1.2747544542235836,-2.871320315120778,-1.693934011875553e-05,-2.1873400847064417,-2.2454589048968714,-1.178094212208883,-1.288842503224508,1.5707746744155884,0.21909748017787933,0
1006,1788172730.9305587,-0.5151109407831138,-0.5380476349779928,0.08672419346665183,1.2747779637941066,2.8713269124699523,0.0003966458145616483,-2.1873400847064417,-2.2432754675494593,-1.1734917799579065,-1.2958701292621058,1.5707507133483887,0.2191094607114792,0
1007,1788172730.969993,-0.5151454450464232,-0.5381010281761861,0.0900199098409262,-1.2747748603578346,-2.871273516207549,0.00015628498374765766,-2.1873400847064417,-2.24099570909609,-1.1687338987933558,-1.3025510946856897,1.5707626342773438,0.21912144124507904,0
1008,1788172731.0126376,-0.5151283118186569,-0.5380863133683998,0.0931752373036017,-1.2747607620813388,-2.871334523486208,-4.334787492400091e-05,-2.1873400847064417,-2.238896195088522,-1.1639273802386683,-1.3095915953265589,1.5707865953445435,0.21909748017787933,0
1009,1788172731.053933,-0.5151645674354126,-0.5381280103657083,0.09716561757903416,-1.2747789370897524,-2.8712362542038385,0.00040886774542533375,-2.1873400847064417,-2.2362807432757776,-1.1579111258136194,-1.3179248015033167,1.5707626342773438,0.2191334366798401,0
1010,1788172731.0934913,-0.5151815099621668,-0.538106338221008,0.10037859246190659,-1.2747453804054723,-2.871254232335524,0.0003868341240171331,-2.187375847493307,-2.234241310750143,-1.1529009977923792,-1.3249886671649378,1.5707626342773438,0.21907350420951843,0
1011,1788172731.133656,-0.5150990831160978,-0.5380356102726312,0.10335708186301457,1.2747320520588339,2.8713162548205386,0.0005229101662399252,-2.1873400847064417,-2.232429806386129,-1.1479876677142542,-1.3323043028460901,1.5707626342773438,0.21908549964427948,0
1012,1788172731.1758168,-0.5151564044852326,-0.5380918393379717,0.10664144083621127,-1.2747155334009725,-2.8712793040600446,0.00011213793893762298,-2.187352005635397,-2.230438534413473,-1.1428335348712366,-1.3390324751483362,1.570738673210144,0.21907350420951843,0
1013,1788172731.2147133,-0.5151294519836797,-0.5381021366392603,0.10987331675725623,-1.27481325402138,-2.8713135725769248,0.00022628022688612128,-2.1873400847064417,-2.228494946156637,-1.137656037007467,-1.3460963408099573,1.5708225965499878,0.2191334366798401,0
1014,1788172731.2534711,-0.5151453112458144,-0.5380505582088574,0.11301170486471196,-1.2747817767676255,-2.871289797397119,-7.650372811592736e-05,-2.187375847493307,-2.2267311255084437,-1.1323702971087855,-1.353328053151266,1.5707507133483887,0.21908549964427948,0
1015,1788172731.2947502,-0.5151320560681442,-0.5380973280037928,0.11629543778473217,-1.274758395812762,-2.8712825780917877,0.00014380308999377848,-2.1873281637774866,-2.224907700215475,-1.1268933455096644,-1.3604877630816858,1.5707626342773438,0.21912144124507904,0
1016,1788172731.335844,-0.5151732707075621,-0.5381156374137799,0.11959734195432742,-1.2746933324705854,-2.871229265854115,0.0005387297132927003,-2.187352005635397,-2.223107639943258,-1.1213682333575647,-1.367551628743307,1.570738673210144,0.21907350420951843,0
1017,1788172731.3735504,-0.5151473118843521,-0.5381435089115056,0.12271858683428258,-1.274755995326628,-2.871276884617481,0.00038252602269520536,-2.1873162428485315,-2.221560303364889,-1.1158073584186,-1.3747709433185022,1.5707865953445435,0.2191334366798401,0
1018,1788172731.4135695,-0.5151656494258883,-0.5381295370724646,0.1258178807101448,-1.2747054276125591,-2.871302690331861,0.0001680309867236151,-2.1873400847064417,-2.2200844923602503,-1.1101864019977015,-1.3820021788226526,1.5707626342773438,0.21907350420951843,0
1019,1788172731.4552307,-0.5151104641384898,-0.5380668604507612,0.1289462889857007,1.2747563014972152,2.871324261068754,0.0003892765935570818,-2.1873281637774866,-2.2185490767108362,-1.1045411268817347,-1.3895447889911097,1.5707626342773438,0.2191094607114792,0
1020,1788172731.4951725,-0.5151215339704032,-0.5380730198813838,0.13219376223055532,-1.2747022219426236,-2.8713416454738527,-0.0002902372274763656,-2.1873281637774866,-2.2170255819903772,-1.0986807982074183,-1.3968594709979456,1.570738673210144,0.21907350420951843,0
1021,1788172731.5358834,-0.5151797981853603,-0.5381343080852848,0.1355134169729784,-1.2747824217277886,-2.8712443941229093,0.00033984723392871803,-2.187352005635397,-2.2155378500567835,-1.0926640669452112,-1.4039595762835901,1.5707626342773438,0.21912144124507904,0
1022,1788172731.5763397,-0.5151427137459722,-0.5381123666386203,0.138661279007107,-1.2747484902494084,-2.871306649972668,3.558487130458703e-06,-2.1873281637774866,-2.214194122944967,-1.0867074171649378,-1.411478344594137,1.5707626342773438,0.2191094607114792,0
1023,1788172731.6174412,-0.5151361528513541,-0.5380832098475173,0.1418797719935815,-1.274732380401011,-2.871316978422083,-0.00011395031259315055,-2.1873400847064417,-2.2128384749041956,-1.0806306044207972,-1.4189847151385706,1.5707507133483887,0.21908549964427948,0
1024,1788172731.6577854,-0.5151462924522374,-0.5380870318088958,0.14514690868330488,-1.274773551809008,-2.8712707985937156,0.0001797801206647542,-2.187352005635397,-2.211470905934469,-1.0745189825641077,-1.4262755552874964,1.5707626342773438,0.2191094607114792,0
1025,1788172731.698878,-0.5151486293111459,-0.538090329093613,0.14833557820286358,-1.2747545943378824,-2.871274474123344,0.0002135551882683701,-2.187352005635397,-2.210270706807272,-1.068298641835348,-1.433674160634176,1.5707626342773438,0.21909748017787933,0
1026,1788172731.7395391,-0.5151625580760023,-0.5381099824481398,0.15151314710021493,-1.2747911337722455,-2.871264023709205,0.00017243810442398356,-2.187352005635397,-2.20921498933901,-1.0618627707110804,-1.4411924521075647,1.5707626342773438,0.21912144124507904,0
1027,1788172731.7797563,-0.5151643497363884,-0.5381219709305481,0.15464616752610227,-1.2747369232109977,-2.8713274927069046,8.22116395085599e-05,-2.187352005635397,-2.20821983018984,-1.0554388205157679,-1.4486749807940882,1.5707865953445435,0.21907350420951843,0
1028,1788172731.8197548,-0.5151360008653976,-0.5380620729515743,0.1577637123082265,1.2748171109353703,2.871276407353278,0.0004420786889509419,-2.187363926564352,-2.207248036061422,-1.04895526567568,-1.45646840730776,1.5707746744155884,0.21912144124507904,0
1029,1788172731.8590863,-0.5151514474087212,-0.5381294442963885,0.16102095527097512,-1.2747662784041356,-2.8713003369000694,8.806159400228339e-05,-2.1873281637774866,-2.2062280813800257,-1.0423639456378382,-1.4637354055987757,1.5707746744155884,0.21912144124507904,0
1030,1788172731.9000916,-0.5151525349631647,-0.5381005936933901,0.16426884366686337,-1.274801614345196,-2.871287635271778,6.676730978485946e-05,-2.187352005635397,-2.205268208180563,-1.0356162230121058,-1.4714568297015589,1.5707746744155884,0.21912144124507904,0
1031,1788172731.941725,-0.5151507392360613,-0.5380571924120198,0.16816906744583848,-1.274863543065244,-2.871288684875397,-4.187946990217907e-05,-2.187387768422262,-2.204212490712301,-1.0273469130145472,-1.4808548132525843,1.5707865953445435,0.21912144124507904,0
1032,1788172731.9825704,-0.5151466720719953,-0.5380723758506581,0.17131327420039624,-1.274775207817218,-2.871321151761108,-0.00018441569105352024,-2.187363926564352,-2.203540627156393,-1.0203841368304651,-1.4885771910296839,1.5707626342773438,0.21908549964427948,0
1033,1788172732.0229638,-0.5151513591116023,-0.538084720339365,0.17449402438718034,-1.2747936318792539,-2.8712696615468554,-6.628420351983799e-05,-2.187352005635397,-2.2028325239764612,-1.01343280473818,-1.496155087147848,1.570738673210144,0.21912144124507904,0
1034,1788172732.0630372,-0.5151391755771444,-0.5380769899538181,0.17768335609073535,-1.2747881025193142,-2.8713035841343633,-9.997393670439207e-05,-2.187352005635397,-2.2021849791156214,-1.0063379446612757,-1.5039241949664515,1.5707626342773438,0.2191094607114792,0
1035,1788172732.1032016,-0.5151438794422534,-0.5380883808292214,0.18094446040755113,-1.2748695564116554,-2.871255101286205,8.36566223846628e-05,-2.187352005635397,-2.201573197041647,-0.9990394751178187,-1.5117176214801233,1.5707746744155884,0.21916937828063965,0
1036,1788172732.1441746,-0.5151501999743594,-0.5380517251080311,0.18415630255855733,-1.2748417918068313,-2.8712860711787056,-4.924766645731246e-05,-2.187387768422262,-2.201068703328268,-0.9916451613055628,-1.5197027365313929,1.5707746744155884,0.2191094607114792,0
1037,1788172732.1827378,-0.515159129241504,-0.5381108762727979,0.18740789236476812,-1.2747544053718811,-2.8712274236267503,0.0003588483565694129,-2.1873400847064417,-2.2006009260760706,-0.9841788450824183,-1.5273645559894007,1.570738673210144,0.21912144124507904,0
1038,1788172732.220035,-0.5151178819890829,-0.5380516986649239,0.19059260203940748,-1.2747699645789055,-2.871309103172757,1.3899678514365395e-05,-2.187352005635397,-2.200193707142965,-0.9766648451434534,-1.5355170408831995,1.5707746744155884,0.21909748017787933,0
1039,1788172732.2591872,-0.515136146375866,-0.5380423338307994,0.19369875204859,1.2747793295316303,2.8713307276514644,0.0002703259376641427,-2.187375847493307,-2.2000492254840296,-0.9689348379718226,-1.5435736815081995,1.5707626342773438,0.21907350420951843,0
1040,1788172732.297917,-0.5151198272748856,-0.5380544434428153,0.1962384053208971,1.2747542472297886,2.871320088141926,0.00032973727204380006,-2.187352005635397,-2.1998937765704554,-0.9627030531512659,-1.5500019232379358,1.5707746744155884,0.21908549964427948,0
1041,1788172732.3369436,-0.5151450461734519,-0.5380758128344226,0.19941190369112272,-1.274805271083802,-2.871295893226609,-0.00029023681735713063,-2.187352005635397,-2.1998093763934534,-0.9547575155841272,-1.5579989592181605,1.570738673210144,0.21912144124507904,0
1042,1788172732.3801327,-0.5151528568474688,-0.5380517442623409,0.20253517423553924,-1.2748073383831409,-2.871301026780224,-0.0004283059430525323,-2.187375847493307,-2.19974929491152,-0.9468720594989222,-1.5660317579852503,1.570726752281189,0.21909748017787933,0
1043,1788172732.4233856,-0.51514932009497,-0.5380761120792074,0.2064012046354023,1.2748118497011247,2.8713109341499456,0.00030850761177731654,-2.187363926564352,-2.19974929491152,-0.9370330015765589,-1.5758002440081995,1.5707626342773438,0.2191094607114792,0
1044,1788172732.464399,-0.5151161297054463,-0.5380444724351795,0.2096612306381053,1.27475436845899,2.87132036988037,0.0004230517015387705,-2.187352005635397,-2.19974929491152,-0.9287036100970667,-1.5842040220843714,1.5707626342773438,0.21908549964427948,0
1045,1788172732.5066073,-0.5151383594370924,-0.5380920547684958,0.2129759401045039,-1.274756610991118,-2.871232108955068,0.0002237234146834,-2.1873281637774866,-2.199773613606588,-0.9203150908099573,-1.5921409765826624,1.570726752281189,0.2191334366798401,0
1046,1788172732.546713,-0.5150846490719055,-0.5380351876910361,0.2162018420768604,-1.2747692574432947,-2.8713070484998555,3.078877192656792e-05,-2.1873281637774866,-2.1998818556415003,-0.9118784109698694,-1.6006043593036097,1.5707746744155884,0.21912144124507904,0
1047,1788172732.5875003,-0.5151251030792408,-0.5380419429575369,0.21946158539492983,-1.2747691479196395,-2.8712611065842717,0.00026274929116688433,-2.187363926564352,-2.20020562807192,-0.9030697981463831,-1.6089361349688929,1.5707626342773438,0.21909748017787933,0
1048,1788172732.6287222,-0.5151229734559447,-0.5380494221975832,0.22261521222175795,-1.2747734325236835,-2.871270532157313,8.723804650252613e-05,-2.187352005635397,-2.2006972471820276,-0.8941901365863245,-1.6174357573138636,1.5707507133483887,0.2191094607114792,0
1049,1788172732.667956,-0.5151288908214972,-0.5380624782434721,0.22636548389487485,-1.2748041950539797,-2.871293452800482,-7.867986416841618e-05,-2.187352005635397,-2.2014053503619593,-0.8834288755999964,-1.627599064503805,1.5707626342773438,0.21912144124507904,0
1050,1788172732.7096496,-0.5151391604910359,-0.5380817224163904,0.2295306190638955,-1.2747605165204257,-2.8713342041033934,-0.00013515736705282412,-2.187352005635397,-2.2020891348468226,-0.8742135206805628,-1.636169735585348,1.5707746744155884,0.21908549964427948,0
1051,1788172732.75272,-0.5151259432577449,-0.5380735105905956,0.23274888764513316,-1.2747789654133916,-2.8713291565955488,-0.0002534375444977711,-2.1873400847064417,-2.2027843634234827,-0.8648298422442835,-1.6449325720416468,1.5707626342773438,0.2191094607114792,0
1052,1788172732.7934735,-0.5151727100358926,-0.5380939221875443,0.23597344676113868,-1.2748257815500796,-2.871249772500786,0.00016436025897369932,-2.187375847493307,-2.2035167852984827,-0.8554466406451624,-1.6533120314227503,1.5707626342773438,0.21912144124507904,0
1053,1788172732.8366423,-0.5151257284507514,-0.5380836924419726,0.23909097470539614,-1.2747720171661119,-2.87131327695566,-0.00021307618299679882,-2.1873281637774866,-2.204416100178854,-0.8459318319903772,-1.6621702353106897,1.5707507133483887,0.21912144124507904,0
1054,1788172732.8782861,-0.5151226955941214,-0.5380490301299377,0.24301935583307857,-1.274801590162821,-2.8712875890589817,-0.00012349521827676764,-2.187352005635397,-2.2054837385760706,-0.8341277281390589,-1.6728485266314905,1.5707507133483887,0.21912144124507904,0
1055,1788172732.9189005,-0.5151090670894216,-0.5380193168896457,0.24612935483241521,1.2748021342447098,2.8712890595069442,0.0004950086719636408,-2.187363926564352,-2.2066238562213343,-0.8242176214801233,-1.6818621794330042,1.5707626342773438,0.2191094607114792,0
1056,1788172732.9616575,-0.5151222521835896,-0.5380484044796465,0.24927474697381954,1.2748267458436922,2.871297832779407,0.0004495125688047943,-2.187352005635397,-2.207859818135397,-0.8141158262835901,-1.6906960646258753,1.5707507133483887,0.2191334366798401,0
1057,1788172733.0017285,-0.5151294843634046,-0.5380785071764378,0.2526390193383103,-1.2747451585718588,-2.871299373629411,6.597018189270829e-05,-2.1873400847064417,-2.2090471426593226,-0.80359393755068,-1.699698273335592,1.5707626342773438,0.21909748017787933,0
1058,1788172733.0426557,-0.5150787441266298,-0.5380116652185982,0.25585964368212993,1.274774784062295,2.8713197355774214,0.0002673256463131796,-2.1873400847064417,-2.2103546301471155,-0.7930963675128382,-1.7091072241412562,1.5707746744155884,0.2191094607114792,0
1059,1788172733.0851028,-0.5151289532116617,-0.5380777577051009,0.25914023358161997,-1.274778172616404,-2.8712345317279806,0.000423552603833023,-2.1873400847064417,-2.211818520222799,-0.7823355833636683,-1.7179530302630823,1.5707626342773438,0.2191334366798401,0
1060,1788172733.1248968,-0.5151306099987365,-0.5380706348469726,0.26295634905285603,-1.2747602507834357,-2.8712405978363424,0.000246509189814607,-2.1873400847064417,-2.213846031819479,-0.7691062132464808,-1.729265038167135,1.570738673210144,0.21912144124507904,0
1061,1788172733.1657724,-0.5151216840260429,-0.5380523095091024,0.2659821956760267,1.2747948505114937,2.871318791950722,0.00030630483377650566,-2.187352005635397,-2.2157538572894495,-0.758033577595846,-1.738793675099508,1.5707626342773438,0.2191094607114792,0
1062,1788172733.2057462,-0.515147535642714,-0.538088785894927,0.26916180253734584,-1.2747915000502035,-2.871311239409308,-0.00016532423871680804,-2.187352005635397,-2.2177093664752405,-0.7465775648700159,-1.7482026259051722,1.5707626342773438,0.2191094607114792,0
1063,1788172733.2451165,-0.5151569077513705,-0.5381162240855216,0.2724267852058787,-1.2747888630652768,-2.8713052938654466,0.00017185530117400777,-2.187352005635397,-2.2196887175189417,-0.7348702589618128,-1.757718865071432,1.570798635482788,0.2191094607114792,0
1064,1788172733.2815387,-0.5151193105858038,-0.5380196030610002,0.2755201704921139,1.274791695698603,2.8713119591888363,0.0006500553798413814,-2.187363926564352,-2.221872154866354,-0.7230671087848108,-1.767857853566305,1.570726752281189,0.21909748017787933,0
1065,1788172733.3227527,-0.5151123881625134,-0.5380648684560835,0.2782144090506772,-1.2747661017087757,-2.8712999463757862,-9.926369294856633e-05,-2.1873281637774866,-2.223588291798727,-0.7132771650897425,-1.77557880083193,1.5707507133483887,0.21912144124507904,0
1066,1788172733.3625438,-0.5151162548147926,-0.5380494027051196,0.28151029926695104,-1.2747957311982514,-2.871274381342953,0.00017984356299629282,-2.187352005635397,-2.225891415272848,-0.7008746306048792,-1.785501782094137,1.5707746744155884,0.21912144124507904,0
1067,1788172733.403578,-0.5151461002659419,-0.5380668623968132,0.2844869360657244,-1.2747962120091163,-2.87132209631638,-0.0003525897933456691,-2.187363926564352,-2.228699032460348,-0.6883047262774866,-1.7956050078021448,1.5707507133483887,0.21909748017787933,0
1068,1788172733.4441392,-0.5151203316525947,-0.5380760772087065,0.2875512715737829,-1.274759510641807,-2.8713314900037927,-0.0003033927360213504,-2.1873281637774866,-2.23123008409609,-0.6760342756854456,-1.805312458668844,1.5707507133483887,0.2191094607114792,0
1069,1788172733.483983,-0.5151362204457118,-0.5380728202512914,0.29041408264323376,1.2748080355289466,2.871302115726418,0.0003834023822313265,-2.187352005635397,-2.2338817755328577,-0.6640399138080042,-1.814709488545553,1.5707626342773438,0.21912144124507904,0
1070,1788172733.5240085,-0.5151297642389202,-0.5380789020742536,0.291746729202117,1.2747853756483158,2.871297227965116,0.0004898697276223879,-2.1873400847064417,-2.2351892630206507,-0.6583126227008265,-1.8191984335528772,1.5707626342773438,0.21912144124507904,0
1071,1788172733.5650065,-0.515104859876398,-0.5380494916461845,0.2928874478324825,-1.2747834553763662,-2.8712926071056106,-0.0001977172492238189,-2.1873281637774866,-2.2359450499164026,-0.6540826002704065,-1.8224781195269983,1.570738673210144,0.2191334366798401,0
1072,1788172733.6049194,-0.5151155087707994,-0.5380435962726565,0.29311222796683767,-1.2748147338390134,-2.8712707505967967,4.981719337772696e-05,-2.187352005635397,-2.2360289732562464,-0.6533878485309046,-1.8229330221759241,1.5707626342773438,0.2191334366798401,0
1073,1788172733.6447866,-0.5151200540941272,-0.5378618334038258,0.2929792765212578,-1.2748049665281225,-2.8712958899911105,-0.00019325602954623408,-2.187496010457174,-2.235561196004049,-0.654489819203512,-1.8224542776690882,1.5707507133483887,0.21897725760936737,0
1074,1788172733.6837466,-0.5151838454206468,-0.5368584799281428,0.29285036391531816,1.275194995902638,2.871066996832171,0.0005454168772693049,-2.1883700529681605,-2.2331016699420374,-0.6589234511004847,-1.8207185904132288,1.570798635482788,0.21838928759098053,0
1075,1788172733.7236226,-0.5151628168101882,-0.5357999301923414,0.29289817742086055,1.2752878812115422,2.8710933403324255,0.0002548152765056479,-2.1891730467425745,-2.230042282735006,-0.664004151021139,-1.8185036818133753,1.5707746744155884,0.21763353049755096,0
1076,1788172733.7656991,-0.5151206135121428,-0.5339203376111956,0.29308511720880337,-1.274788385389448,-2.871230832641382,0.0005046685843997567,-2.190611187611715,-2.224607769642965,-0.6727755705462855,-1.8146732489215296,1.5707746744155884,0.2158692330121994,0
1077,1788172733.8079243,-0.5151326097935586,-0.5322396721963819,0.29306540252221214,-1.2750180436354694,-2.871152084953328,0.0002461265480512741,-2.191953484212057,-2.2203128973590296,-0.6799886862384241,-1.811920468007223,1.5707626342773438,0.21468091011047363,0
1078,1788172733.8493688,-0.5151725525801424,-0.5305496727115416,0.2928898443997805,-1.2751354648601878,-2.871145945420013,-0.0003514390037271799,-2.193331543599264,-2.2161620298968714,-0.6872981230365198,-1.8091428915606897,1.570726752281189,0.21337276697158813,0
1079,1788172733.8898861,-0.5150688035787688,-0.528903888235624,0.2928992181257936,1.2747488451950413,2.871303723015029,0.0005393897356180392,-2.1945417563067835,-2.2117469946490687,-0.6946075598346155,-1.806378189717428,1.5707626342773438,0.2118968367576599,0
1080,1788172733.9314077,-0.5149792711139166,-0.5273692283875014,0.2930484120099821,-1.2747591026465315,-2.8712871169487397,1.318026103598414e-05,-2.1956680456744593,-2.207367722188131,-0.7015937010394495,-1.8034094015704554,1.5707507133483887,0.2107807993888855,0
1081,1788172733.9725611,-0.5147234656599915,-0.525817758568691,0.2929598387448935,-1.2743298478963847,-2.871488469399339,-0.00015203642211658385,-2.1966264883624476,-2.2027843634234827,-0.7094062010394495,-1.8002851645099085,1.570738673210144,0.20952057838439941,0
1082,1788172734.0138743,-0.514293411726856,-0.5238699885795977,0.29302956134870306,-1.2747042571890235,-2.8713140163311874,0.00017689763177038866,-2.1977294127093714,-2.1966779867755335,-0.7193763891803187,-1.7962148825274866,1.5707746744155884,0.20868057012557983,0
1083,1788172734.0528996,-0.5139118032869172,-0.5222732752606261,0.29308875694191994,-1.274991289200684,-2.871129429287384,0.0004703169459520077,-2.198592011128561,-2.191627327595846,-0.7275965849505823,-1.79285175005068,1.5707626342773438,0.20803266763687134,0
1084,1788172734.0944157,-0.5133425966107843,-0.5205986192765046,0.2929881013022781,1.2752356555874007,2.871126194146522,8.81069518302711e-05,-2.1993230024920862,-2.186336342488424,-0.7364643255816858,-1.7896435896502894,1.5707865953445435,0.2074446976184845,0
1085,1788172734.1354144,-0.5126392722830272,-0.5190291806360099,0.29296626523600966,-1.2748298586644409,-2.871285620938655,-0.00018780235073962234,-2.1998022238360804,-2.1808179060565394,-0.745547119771139,-1.7861364523517054,1.5707507133483887,0.20668818056583405,0
1086,1788172734.1766148,-0.5119468276114495,-0.5174370428647974,0.2928278259900997,1.2747016065383092,2.871324051617693,0.0005287884919057606,-2.200329605733053,-2.17538291612734,-0.7547262350665491,-1.782616917287008,1.5707626342773438,0.2060762494802475,0
1087,1788172734.2162967,-0.5110527892912063,-0.5158881177795058,0.29291594421967243,1.2748366100171609,2.8713032507231846,0.0002673671456353567,-2.2005932966815394,-2.1694563070880335,-0.7641809622394007,-1.7789185682879847,1.5707626342773438,0.20589648187160492,0
1088,1788172734.2573574,-0.51003269864012,-0.5144113476459888,0.29291373688746675,-1.2748793774847966,-2.871261658565238,-0.0001739171227798194,-2.2006529013263147,-2.1634820143329065,-0.7738869825946253,-1.775123421345846,1.5707507133483887,0.20587250590324402,0
1089,1788172734.2952118,-0.5090834457418011,-0.5128869285620288,0.2928658477233699,-1.2748934590749832,-2.8712502355225467,-0.00022916048823994173,-2.200832192097799,-2.157663170491354,-0.7834017912494105,-1.7714608351336878,1.570738673210144,0.20570436120033264,0
1090,1788172734.33601,-0.5081159375696755,-0.5113801894332983,0.2928336995475771,1.2748501300046076,2.871290903800486,0.0003091001514954391,-2.2009885946856897,-2.151928249989645,-0.7927010695086878,-1.7679536978351038,1.5707626342773438,0.20551224052906036,0
1091,1788172734.3780224,-0.507174403363263,-0.5097903750014439,0.29293091340493066,-1.2748493920445891,-2.871290327500582,-9.717593813725683e-05,-2.201240364705221,-2.1460374037372034,-0.8019283453570765,-1.7644818464862269,1.5707746744155884,0.20526018738746643,0
1092,1788172734.4203484,-0.5062385214453056,-0.5082733485873616,0.2928575968205718,-1.2749155692971177,-2.8712558981073535,-0.00015315230295244296,-2.2014315764056605,-2.1403992811786097,-0.8111193815814417,-1.7609627882586878,1.5707626342773438,0.2051163762807846,0
1093,1788172734.461904,-0.5050825378663248,-0.5064270171182003,0.2929257521275317,-1.27491773145222,-2.8712165218803603,1.3462019720133312e-05,-2.2016471068011683,-2.1335366407977503,-0.8218925634967249,-1.7569411436664026,1.5707507133483887,0.20491227507591248,0
1094,1788172734.5048854,-0.504154272033723,-0.504907517507745,0.29301199517761645,-1.274928094822438,-2.8711457096586943,0.00036301981508738904,-2.201851193104879,-2.1278980414019983,-0.8306649366961878,-1.7535770575152796,1.570738673210144,0.2047325074672699,0
1095,1788172734.5469134,-0.5031904183188121,-0.503317370596338,0.2929199874984802,-1.2750042799922219,-2.8711805663362546,-9.232382608613964e-05,-2.202078644429342,-2.1223672072040003,-0.8395684401141565,-1.7505009810077112,1.570738673210144,0.20454038679599762,0
1096,1788172734.5870364,-0.5022131247186503,-0.5017527600649542,0.29286911084508793,-1.2750360237742828,-2.8712073733879744,-0.0003631772979382105,-2.2022703329669397,-2.1168363730060022,-0.8483641783343714,-1.7474125067340296,1.570738673210144,0.2043602466583252,0
1097,1788172734.6286287,-0.5012203836432354,-0.5001870040904868,0.29290891765444177,1.2749991285964801,2.871217026682848,0.0004462712098808229,-2.2024501005755823,-2.1112692991839808,-0.8569806257831019,-1.7444198767291468,1.5707507133483887,0.2041565179824829,0
1098,1788172734.6678317,-0.5000668029851139,-0.49832200598687887,0.2929266581178078,-1.2748618225601727,-2.87123119661256,-0.000274144840360979,-2.2026785055743616,-2.1045873800860804,-0.867406193410055,-1.7405536810504358,1.5707027912139893,0.2038445621728897,0
1099,1788172734.707496,-0.4992335454379807,-0.4970990870349007,0.2928558596559517,1.2747827889451628,2.871288566542088,0.0004302094096440435,-2.2027738730060022,-2.1001842657672327,-0.8744166533099573,-1.7380636374102991,1.5707746744155884,0.203688383102417,0
1100,1788172734.7469256,-0.49822183494958727,-0.495599964345408,0.2929693189830369,-1.2746774912404557,-2.8713312572469993,4.8082859383316684e-05,-2.202869717274801,-2.0945938269244593,-0.8828771750079554,-1.7348793188678187,1.5707626342773438,0.20352023839950562,0
1101,1788172734.7862184,-0.4972353951155535,-0.49413126204553903,0.2929920976992453,-1.2746815480214637,-2.8712943540208626,0.0003682588847391628,-2.202977482472555,-2.0891950766192835,-0.8912184874164026,-1.7317307631122034,1.5707746744155884,0.2034243643283844,0
1102,1788172734.8239985,-0.4961753120160762,-0.49261375317639855,0.29299574425392916,-1.2747596404924861,-2.8712841132791413,0.0002072502182108704,-2.2030375639544886,-2.0837839285479944,-0.8995230833636683,-1.7289422194110315,1.5707746744155884,0.20341236889362335,0
1103,1788172734.8639007,-0.49511772206140503,-0.4910536950083975,0.29290623103622004,-1.274916011457388,-2.871265317523304,-0.00021539596864458984,-2.2031334082232874,-2.078397576008932,-0.9079597632037562,-1.7261646429644983,1.5707626342773438,0.20341236889362335,0
1104,1788172734.905041,-0.49398583532274454,-0.48956484926835103,0.293072820791836,-1.2748513730119275,-2.8712597163258193,1.0748468130603983e-05,-2.203085247670309,-2.0728543440448206,-0.916048828755514,-1.723471466694967,1.5707626342773438,0.2034243643283844,0
1105,1788172734.9449556,-0.4928820044784241,-0.48816010695352546,0.29302831693592357,-1.2749971370345177,-2.8712156321823086,-3.6453357622896044e-05,-2.203001324330465,-2.0676115194903772,-0.9241502920733851,-1.7206462065326136,1.5707746744155884,0.20360448956489563,0
1106,1788172734.9854233,-0.4916464163467531,-0.48680971339115103,0.2929751619760753,-1.2748720567181084,-2.8712561840305684,-0.00011470477101693772,-2.202702347432272,-2.06223708788027,-0.9324429670916956,-1.717773739491598,1.5707507133483887,0.20382021367549896,0
1107,1788172735.026692,-0.4902814577236278,-0.4856274287301587,0.29297888746955136,-1.2749931008378466,-2.8712006596058512,-1.4814436451578303e-05,-2.2021148840533655,-2.056922260914938,-0.9404962698565882,-1.7149727980243128,1.5707626342773438,0.204492449760437,0
1108,1788172735.069227,-0.48890770707831704,-0.48453075743431046,0.2929209806900304,-1.2747501204845755,-2.8713007491473075,-5.168362375305256e-05,-2.2014315764056605,-2.051823441182272,-0.948334042225973,-1.7122553030597132,1.5707507133483887,0.20500852167606354,0
1109,1788172735.1105382,-0.4872183526822242,-0.48308367620597037,0.2930795510489656,-1.274577460330303,-2.871370595164911,0.0002611655872902783,-2.200689140950338,-2.045333210621969,-0.9577291647540491,-1.7091544310199183,1.5707865953445435,0.20563244819641113,0
1110,1788172735.1525192,-0.48580387000475317,-0.48193128938612545,0.29296403758602585,-1.27462966646239,-2.8713930831913537,-0.0002226963618725742,-2.199993912373678,-2.0402706305133265,-0.9655311743365687,-1.7067249456988733,1.5707626342773438,0.20635224878787994,0
1111,1788172735.1925106,-0.48432686390849394,-0.48085776210682724,0.2930016113415628,-1.2747788301565448,-2.871305142803972,-0.0001672721831990441,-2.1991551558123987,-2.0350878874408167,-0.9731772581683558,-1.7042229811297815,1.5707507133483887,0.20730051398277283,0
1112,1788172735.2334888,-0.48288898579869627,-0.4799389602514429,0.29302990747968816,-1.2750430186172301,-2.8711535991617683,0.00015315518762142947,-2.1982319990741175,-2.0302050749408167,-0.9804156462298792,-1.7016614119159144,1.5707626342773438,0.20841653645038605,0
1113,1788172735.2754242,-0.4812847325174385,-0.4792177326842869,0.2930287405901611,-1.2746826733892511,-2.8713076777891007,0.00019429422949642763,-2.1969264189349573,-2.0255139509784144,-0.9873784224139612,-1.6993630568133753,1.5707626342773438,0.2094726413488388,0
1114,1788172735.313902,-0.47934263519079184,-0.47832703639668905,0.29295203089221156,-1.2747471523940006,-2.8713040510579018,-0.0001585475656917965,-2.1953447500811976,-2.0199711958514612,-0.9957078138934534,-1.69680101076235,1.570738673210144,0.2110927700996399,0
1115,1788172735.354063,-0.47811330335594066,-0.4778018535115226,0.2929090593753714,-1.2750349974442805,-2.871202109199034,-0.00024480868721650517,-2.1943143049823206,-2.0165041128741663,-1.000909153615133,-1.6951254049884241,1.5707507133483887,0.21231703460216522,0
1116,1788172735.3963523,-0.4765271172869676,-0.477404467873468,0.29297431143435426,-1.2751167389907279,-2.871146080400095,-1.7267550433342825e-05,-2.192732636128561,-2.0124972502337855,-1.0066617170916956,-1.6932342688189905,1.5707626342773438,0.21396073698997498,0
1117,1788172735.4369493,-0.47461406664513006,-0.4771128681840168,0.29304669016008345,-1.2749922924342743,-2.8711323230509795,0.0004663919457627773,-2.1906474272357386,-2.0079620520221155,-1.013193432484762,-1.6909235159503382,1.5707626342773438,0.21597708761692047,0
1118,1788172735.4773884,-0.47297532467751624,-0.47682167600915254,0.2929919233894338,-1.2747712241441655,-2.871272768865251,7.7556413649778e-05,-2.1888859907733362,-2.004315201436178,-1.0185983816729944,-1.6894157568561,1.5707507133483887,0.2175736129283905,0
1119,1788172735.5198402,-0.47139218953154144,-0.47649621959132266,0.29295681046134,-1.27491041019191,-2.8712520134226915,-0.00021454009207820966,-2.1872203985797327,-2.0006921927081507,-1.023919407521383,-1.6879075209247034,1.5707507133483887,0.21932555735111237,0
1120,1788172735.560656,-0.4697434065934058,-0.47624470138245656,0.2930066029760571,1.2747637125075328,2.8713288882059382,0.00023944923136867046,-2.185410801564352,-1.9970205465899866,-1.0291207472430628,-1.6863988081561487,1.5707746744155884,0.22102993726730347,0
1121,1788172735.6031408,-0.4681367021966067,-0.47607179989641085,0.292869465152926,1.2746279706023926,2.8713847692411107,0.00037099457673327955,-2.1835654417621058,-1.99357778230776,-1.0344417730914515,-1.684603516255514,1.5707626342773438,0.22278188169002533,0
1122,1788172735.6435812,-0.4665147444646574,-0.4758061010654323,0.2929023359752442,1.2743489970310162,2.871491872259264,0.0004967197409148886,-2.181779686604635,-1.989990536366598,-1.0395234266864222,-1.683190647755758,1.5707626342773438,0.22437764704227448,0
1123,1788172735.6837552,-0.464949505151869,-0.47554448708226005,0.29304585980433545,-1.2745245103267693,-2.871411061735398,-3.2813656149285844e-05,-2.180054489766256,-1.9863198439227503,-1.0445211569415491,-1.6815627256976526,1.5707626342773438,0.2262258380651474,0
1124,1788172735.7237394,-0.46301158019607735,-0.4752764355528435,0.29298928111372624,-1.2746935954450571,-2.8713626419658445,-0.0002328001807235537,-2.177861038838522,-1.9821565786944788,-1.0506213347064417,-1.6797555128680628,1.5707626342773438,0.2285301834344864,0
1125,1788172735.7649722,-0.4617720315076876,-0.4751341627708017,0.29295043236110885,-1.274662055661615,-2.8713290228855297,2.4938986291218284e-05,-2.1764233748065394,-1.9793971220599573,-1.0547202269183558,-1.678246800099508,1.5707507133483887,0.229958176612854,0
1126,1788172735.80671,-0.4598204310614017,-0.4747776730446867,0.292995841821248,1.2749738246954663,2.8712283618400787,0.00010528097897211646,-2.174290482197897,-1.9750784079181116,-1.0607603232013147,-1.6766188780414026,1.570798635482788,0.23229847848415375,0
1127,1788172735.845907,-0.45823086178498684,-0.4745366244818718,0.2929266826995165,1.2749823675562653,2.871238839177402,0.00020204310359138181,-2.172480885182516,-1.9716232458697718,-1.0658534208880823,-1.6750391165362757,1.5707746744155884,0.23411034047603607,0
1128,1788172735.8888319,-0.456614988998027,-0.4743228153820372,0.2928541124777777,1.2749837107039739,2.8712303967479125,0.0003697427082561022,-2.1706116835223597,-1.9682157675372522,-1.0708635489093226,-1.6735428015338343,1.5707626342773438,0.2359825074672699,0
1129,1788172735.9316862,-0.4550870680452639,-0.4740747746544609,0.2929442780957988,-1.2748537292737652,-2.871251983736317,0.00017301816089578497,-2.1688860098468226,-1.9646771589862269,-1.0757411162005823,-1.6718547979937952,1.5707746744155884,0.23762696981430054,0
1130,1788172735.9728067,-0.45350465943298984,-0.47377961108320144,0.2929909902967671,-1.2749420209196392,-2.8711611591265656,0.0003735811953072266,-2.167112652455465,-1.9610779921161097,-1.0807507673846644,-1.6703103224383753,1.5707507133483887,0.23947516083717346,0
1131,1788172736.0141234,-0.45150947891195364,-0.4734283978050916,0.29290183065377373,-1.2747361886223645,-2.871335546060813,-0.00029051038059323787,-2.1648595968829554,-1.9569390455829065,-1.086719814931051,-1.6689098517047327,1.5707507133483887,0.24156340956687927,0
1132,1788172736.0560243,-0.44988476542880296,-0.4730536630020154,0.29285668340446463,1.274650323521703,2.8713659008643053,0.00048711979689628447,-2.163098160420553,-1.9532797972308558,-1.091956917439596,-1.6674612204181116,1.5707626342773438,0.24326704442501068,0
1133,1788172736.0970066,-0.44831825967153766,-0.47255953363601605,0.2929911571486549,-1.274505254880588,-2.871447193772867,-0.00026213133662368056,-2.16150409380068,-1.949381176625387,-1.0971224943744105,-1.666048828755514,1.5707626342773438,0.24475570023059845,0
1134,1788172736.137915,-0.44674100631290925,-0.47218284859590876,0.29298171839189546,-1.2744570264032087,-2.8714220160628243,-9.877786157468634e-05,-2.159778896962301,-1.945686165486471,-1.1023476759540003,-1.6644089857684534,1.570738673210144,0.24645933508872986,0
1135,1788172736.179847,-0.44513089978891934,-0.47180704302684046,0.29298878951674207,-1.2744572254503932,-2.8714598460478356,2.8483839699102553e-05,-2.1580289045916956,-1.9419787565814417,-1.1075251738177698,-1.6628649870501917,1.5707865953445435,0.2481996715068817,0
1136,1788172736.2199576,-0.44323729471594137,-0.4711913341815891,0.29299705482001714,-1.2747551086434448,-2.8713295788657844,-0.00010014633235789716,-2.1560877005206507,-1.9373958746539515,-1.1138652006732386,-1.6611889044391077,1.5707746744155884,0.2503478527069092,0
1137,1788172736.2619739,-0.4419547175298958,-0.4708252426023945,0.2929992273065386,-1.2748029403261043,-2.87129068385223,-6.409695113070923e-05,-2.1547215620623987,-1.9343488852130335,-1.118096176777975,-1.6599796454059046,1.5707626342773438,0.2517518699169159,0
1138,1788172736.3023431,-0.4400231990598033,-0.4703579136569325,0.2929065586522138,-1.2749542508778255,-2.871201428730765,-0.0002187740745498847,-2.152576271687643,-1.9299939314471644,-1.1243403593646448,-1.6581843535052698,1.570726752281189,0.2540082633495331,0
1139,1788172736.3400042,-0.4387607947689832,-0.47000967401575755,0.2929262534246207,-1.275129674101504,-2.871123534585432,1.211800142689399e-05,-2.151222530995504,-1.9269707838641565,-1.1284993330584925,-1.6569035688983362,1.5707507133483887,0.2554841935634613,0
1140,1788172736.3787062,-0.4371337915609267,-0.46944502325408816,0.2929873550981199,-1.275059619210912,-2.871188393552879,-5.1231042061721955e-05,-2.1495688597308558,-1.923011604939596,-1.133784596120016,-1.6556223074542444,1.5707746744155884,0.2570803463459015,0
1141,1788172736.4195018,-0.4355322424594119,-0.4688317540460526,0.29299625389120243,-1.274869609442235,-2.871264104873521,2.5719492690624276e-05,-2.1479747931109827,-1.9189446608172815,-1.139357868825094,-1.6540663878070276,1.5707746744155884,0.25854429602622986,0
1142,1788172736.4619207,-0.43392111155067703,-0.4681388848978753,0.29300135987827725,-1.274893512606326,-2.871259339161553,-2.673979831302415e-05,-2.1464293638812464,-1.9147699514972132,-1.1450508276568812,-1.6525819937335413,1.5707746744155884,0.26010486483573914,0
1143,1788172736.5049958,-0.43204347484479705,-0.4673338671878305,0.29304958615719007,-1.2747136000064199,-2.8712639742251334,0.00041732496923252004,-2.1446078459369105,-1.9097312132464808,-1.1518705526935022,-1.6505110899554651,1.5707507133483887,0.2618204951286316,0
1144,1788172736.5457475,-0.4304178073132965,-0.4665998723398766,0.29292786504773083,-1.2747735358344323,-2.87129586862154,-0.00011753913390418958,-2.143061939870016,-1.9056404272662562,-1.15765887895693,-1.6491583029376429,1.5707507133483887,0.2633930444717407,0
1145,1788172736.5872028,-0.4288166365164162,-0.4658357478716342,0.29297584679443306,-1.2745453148702468,-2.8714246453314596,-0.00012727192563383356,-2.141576115285055,-1.9013813177691858,-1.163304630910055,-1.6477816740619105,1.5707746744155884,0.2647128105163574,0
1146,1788172736.629766,-0.42685513612262255,-0.4649135171698702,0.2930215384703097,-1.274477096786362,-2.871447158339596,-0.00018118502200234148,-2.1397183577166956,-1.8962109724627894,-1.1701601187335413,-1.6461294333087366,1.5707626342773438,0.2665250599384308,0
1147,1788172736.670255,-0.4252918972957787,-0.4640823050847126,0.2929751865676199,-1.274431236077679,-2.8714748077966914,-0.0002522490404432323,-2.1383164564715784,-1.8919161001788538,-1.176044766102926,-1.644585434590475,1.5707626342773438,0.26789313554763794,0
1148,1788172736.7116647,-0.42378718770519685,-0.463202450750247,0.29296453259975086,-1.2749343755961537,-2.8712541267805043,-0.000152388158890962,-2.137033764516012,-1.8875849882708948,-1.1818936506854456,-1.6430051962481897,1.5707746744155884,0.26952558755874634,0
1149,1788172736.750155,-0.4222435622903925,-0.4623163979789587,0.29293462895196376,1.2748659383030856,2.8712781116182744,0.00037242826993691614,-2.1356919447528284,-1.8833020369159144,-1.1876586119281214,-1.6416648069964808,1.5707746744155884,0.27082139253616333,0
1150,1788172736.7920067,-0.4206450700963123,-0.4615959430138578,0.29289551419395193,-1.274689277066309,-2.87133440560178,-0.0002657878898108013,-2.1341102758990687,-1.879115406666891,-1.1933520475970667,-1.6400840918170374,1.570738673210144,0.27228572964668274,0
1151,1788172736.8345199,-0.4190772411606184,-0.4607669164880029,0.2930322152110977,-1.2749329428568292,-2.871226899556175,0.0001189638880843411,-2.132684055958883,-1.8747246901141565,-1.1988890806781214,-1.63869554201235,1.5707746744155884,0.2738814949989319,0
1152,1788172736.8728185,-0.4175823259614403,-0.4599145120628135,0.29297155460753055,-1.2750536044631928,-2.871165733414583,6.296536325870418e-05,-2.1313536802874964,-1.8705499807940882,-1.2045581976519983,-1.637235466633932,1.5707626342773438,0.2752978801727295,0
1153,1788172736.9104912,-0.4160640455544143,-0.459021437523265,0.29290730771737705,-1.2754067595143335,-2.871023254905043,-8.154710877343428e-05,-2.130023781453268,-1.8663032690631312,-1.2102988401996058,-1.6358345190631312,1.5707626342773438,0.27687007188796997,0
1154,1788172736.9523785,-0.41444993324185586,-0.458082395911926,0.2929667008691897,-1.274935107417433,-2.871254506494828,-0.00016860202656665714,-2.1285975615130823,-1.8618162314044397,-1.2160285154925745,-1.6346495787249964,1.5707746744155884,0.2779621183872223,0
1155,1788172736.993124,-0.4128843673781163,-0.45722055727587424,0.2929325935808801,-1.2747815285478346,-2.8713204450738288,-0.00014707383096808376,-2.1271594206439417,-1.8575094381915491,-1.221757713948385,-1.6332133452044886,1.5707746744155884,0.27929386496543884,0
1156,1788172737.0331964,-0.4114000642335507,-0.4562335716244342,0.292959367293939,-1.2750079375747114,-2.8712194254646097,-0.000143345805182521,-2.125936810170309,-1.8531306425677698,-1.2274029890643519,-1.63194448152651,1.5707746744155884,0.2806743085384369,0
1157,1788172737.0713003,-0.4099312612877053,-0.45529956122400295,0.2930811042664057,-1.274728487030436,-2.871280209873002,0.0003794980353974087,-2.124678436909811,-1.8487041632281702,-1.2329285780536097,-1.630507771168844,1.5707626342773438,0.28175437450408936,0
1158,1788172737.1104457,-0.40843571831721115,-0.45438730062238053,0.2930017429099972,-1.2749240443341028,-2.871198658972877,0.00032768901819953285,-2.1233609358416956,-1.8444693724261683,-1.2386096159564417,-1.6290949026690882,1.5707626342773438,0.2832067310810089,0
1159,1788172737.1503584,-0.4068562546154409,-0.4534274548045681,0.29295107764524864,-1.2747004737907355,-2.8713396537936173,-0.0001153657922776425,-2.12195855775942,-1.8401625792132776,-1.2442305723773401,-1.6280654112445276,1.5707626342773438,0.28444260358810425,0
1160,1788172737.1904747,-0.40532576744135407,-0.45248004624594834,0.2930241953056018,-1.2743613843357595,-2.871496739453141,9.8276309913487e-05,-2.1206162611590784,-1.835747543965475,-1.249756161366598,-1.6268208662616175,1.5707865953445435,0.28554701805114746,0
1161,1788172737.232893,-0.40387114169891963,-0.4514846152883383,0.29291146155655834,-1.2747583157856135,-2.8713155876643772,-0.0002788562814668826,-2.119394127522604,-1.8315609137164515,-1.2553537527667444,-1.6256473700152796,1.5707507133483887,0.2870469093322754,0
1162,1788172737.2743506,-0.4023810665781378,-0.450436890727928,0.2930058921029746,-1.2746280541994626,-2.8713904275362028,-0.0001773965649951873,-2.118182961140768,-1.8270862738238733,-1.260843578969137,-1.6245701948748987,1.5707746744155884,0.2881629467010498,0
1163,1788172737.3143635,-0.4009035314643771,-0.44944445341124173,0.2930873861435693,-1.2745799264554898,-2.871365876016916,0.00033146529669382443,-2.116925064717428,-1.8225873152362269,-1.266440216694967,-1.623145882283346,1.5707746744155884,0.2893991768360138,0
1164,1788172737.3564584,-0.399422993899876,-0.44840999190614556,0.292948680718557,-1.274894342537233,-2.8712321500454014,-0.0001770981485271489,-2.115678612385885,-1.818353001271383,-1.272085968648092,-1.6220563093768519,1.570738673210144,0.29086312651634216,0
1165,1788172737.393988,-0.39760277413375217,-0.44706621865531415,0.29286481073609555,-1.2746903168870851,-2.87136804527767,-0.0006949536073517531,-2.1142166296588343,-1.8130024115191858,-1.2789776960956019,-1.620847527180807,1.570738673210144,0.29217129945755005,0
1166,1788172737.4342961,-0.396460661662686,-0.446217583330587,0.2929328418835212,-1.2747099135996045,-2.8713146766690354,-0.0003383095143070214,-2.1132939497577112,-1.8094032446490687,-1.2833884398089808,-1.619805637990133,1.570726752281189,0.2931191623210907,0
1167,1788172737.4760032,-0.3950346513889678,-0.4451584689076022,0.2928713467502168,1.2750569181684703,2.871206780749022,0.0004412999032527964,-2.112155262623922,-1.8051088492022913,-1.2889140287982386,-1.6186450163470667,1.5707626342773438,0.2944876253604889,0
1168,1788172737.5159736,-0.3933073543950372,-0.4438554422084519,0.29302109731297465,-1.2749548764836824,-2.871248961082992,-7.689342337651626e-05,-2.110777203236715,-1.7997224966632288,-1.2953150908099573,-1.6173995176898401,1.5707865953445435,0.29579541087150574,0
1169,1788172737.556722,-0.3921769178505347,-0.4430484267649417,0.2930450025127905,-1.2750273477292116,-2.871173385696745,0.00027922704245565054,-2.109818760548727,-1.7962315718280237,-1.2996533552752894,-1.6163223425494593,1.5707746744155884,0.29681554436683655,0
1170,1788172737.596916,-0.3903937984812468,-0.44171791216586836,0.2929598128661036,-1.2749538997543723,-2.871234073226963,-5.234236535263025e-05,-2.108356300984518,-1.79094106355776,-1.3063777128802698,-1.615101162587301,1.5707746744155884,0.29821959137916565,0
1171,1788172737.6399379,-0.38899128018003354,-0.44052199469846215,0.29299905273126864,-1.274676650073746,-2.8713452892963316,-6.943096522379045e-05,-2.107325855885641,-1.7864301840411585,-1.3118436972247522,-1.6141555945025843,1.5707626342773438,0.29905998706817627,0
1172,1788172737.6799734,-0.387629800856685,-0.4393713092305883,0.29294613942050385,-1.2748614500955167,-2.871289802304696,-0.00023155037493401972,-2.1063197294818323,-1.7821233908282679,-1.317249600087301,-1.613161865864889,1.5707746744155884,0.30018797516822815,0
1173,1788172737.7226937,-0.3863112964449545,-0.438225601899664,0.29301158312182657,-1.2749583658691137,-2.8711812578103095,8.324768115895456e-05,-2.1053484121905726,-1.7777331511126917,-1.3225110212909144,-1.612084690724508,1.570738673210144,0.30124372243881226,0
1174,1788172737.7623663,-0.3849300319026448,-0.43706054120188564,0.29307986961457144,-1.2747244646522449,-2.87129734329241,0.0002588071821957512,-2.1043179670916956,-1.7732709089862269,-1.3278091589557093,-1.6111391226397913,1.5707626342773438,0.3021080791950226,0
1175,1788172737.8045764,-0.3835023975113335,-0.4359634255874158,0.29296709814748545,1.2746069543405383,2.8713981578758414,8.584535364478329e-05,-2.1031554380999964,-1.769036118184225,-1.333191219960348,-1.6102169195758265,1.570798635482788,0.3031761944293976,0
1176,1788172737.8453908,-0.3818595314301835,-0.43462908255698635,0.29300558419818823,-1.2746169603223934,-2.871321449259906,0.00039680142918240675,-2.1018369833575647,-1.763721768056051,-1.3396032492267054,-1.6088045279132288,1.5707507133483887,0.30452027916908264,0
1177,1788172737.8876011,-0.3804840883748562,-0.4334177336644288,0.2930279528099842,-1.2745069831227758,-2.871392042216144,0.0002903498307684472,-2.100830856953756,-1.7592952887164515,-1.344865624104635,-1.6080382505999964,1.5707626342773438,0.3054441809654236,0
1178,1788172737.9295857,-0.37912156787244017,-0.4322170049269092,0.2929538373898859,-1.2744176844024624,-2.87146642629953,-0.0001532096161001442,-2.099823776875631,-1.755024258290426,-1.3501151243792933,-1.6073439756976526,1.5707626342773438,0.30638009309768677,0
1179,1788172737.9703245,-0.37773729962941976,-0.4310191917037321,0.29301824680387917,-1.2748642877367258,-2.871256282246332,-0.00017085679276593598,-2.098769489918844,-1.7505858580218714,-1.355257813130514,-1.6066497007953089,1.5707507133483887,0.3077485263347626,0
1180,1788172738.0119133,-0.376373595917477,-0.42993305596955195,0.2930605204392124,-1.274625674299694,-2.8713650971081037,0.0001355847351271991,-2.097654644642965,-1.746279541646139,-1.3603280226336878,-1.605692211781637,1.5707746744155884,0.3086964190006256,0
1181,1788172738.053947,-0.374944005205454,-0.4287970321888798,0.29296139016404554,-1.2748367758831456,-2.8712747292377263,-0.00025711456882860614,-2.0964563528644007,-1.7420089880572718,-1.3655899206744593,-1.6049497763263147,1.5707507133483887,0.3100408911705017,0
1182,1788172738.0970087,-0.37325991986982154,-0.4273602857949986,0.2930033537083468,1.2769137063206453,2.870372267942009,0.00028310225080117716,-2.095149819050924,-1.7366707960711878,-1.371786896382467,-1.6041114966021937,1.5707865953445435,0.31278902292251587,0
1183,1788172738.1379225,-0.3719176798490725,-0.42616784958905596,0.2929643317940108,-1.2799653982407853,-2.8689714081718782,-0.00034500555680738395,-2.094107453023092,-1.7323277632342737,-1.376988712941305,-1.603286091481344,1.570726752281189,0.31596896052360535,0
1184,1788172738.1794162,-0.37058544874824834,-0.4250749578788463,0.29305554319011173,-1.2840684841590517,-2.867150359502169,0.00020825085054824416,-2.0930288473712366,-1.7279976050006312,-1.3819153944598597,-1.6023405233966272,1.5707746744155884,0.3199054002761841,0
1185,1788172738.2215486,-0.3690641010950203,-0.4242286471475453,0.29315310627372304,-1.2886163077281991,-2.865074409764488,0.0005293384071996176,-2.0913990179644983,-1.7238948980914515,-1.3865063826190394,-1.6016457716571253,1.5707626342773438,0.32471781969070435,0
1186,1788172738.2631125,-0.3671055485123536,-0.4240990691546695,0.293017457105846,-1.2924093104149987,-2.863427379055159,1.2794804751275977e-05,-2.0884388128863733,-1.720703426991598,-1.3904855887042444,-1.6011908690081995,1.5707865953445435,0.3303103446960449,0
1187,1788172738.3052275,-0.36552103562138494,-0.42404589511277285,0.2929958406273525,-1.294898959407464,-2.8622867328731765,-0.00015689294025063544,-2.0859697500811976,-1.7181361357318323,-1.3934944311725062,-1.6008556524859827,1.5707626342773438,0.3345227837562561,0
1188,1788172738.3458235,-0.36389705919050414,-0.42413773490434303,0.2930027800700101,-1.296397230837002,-2.861605771428208,-0.00011871362469128603,-2.0833094755755823,-1.7157138029681605,-1.3962872664081019,-1.6004608313189905,1.5707626342773438,0.33823078870773315,0
1189,1788172738.386381,-0.36226640798378895,-0.4241793691716245,0.2929938666382311,1.2967182091993057,2.8614787780943973,0.00037440553366052773,-2.0806849638568323,-1.7133024374591272,-1.3990557829486292,-1.6002691427813929,1.5707865953445435,0.34107479453086853,0
1190,1788172738.4255178,-0.36065973624480313,-0.4247849052701781,0.29301156989157945,-1.2964990123937143,-2.8615717994032077,-0.0003401852469015221,-2.077568833027975,-1.711874787007467,-1.4006627241717737,-1.6000660101519983,1.5707626342773438,0.3440393805503845,0
1191,1788172738.4653673,-0.35907926927345835,-0.42549784046818,0.292926676450585,-1.296369768484563,-2.861635693226787,-0.0004513662501315929,-2.074405018483297,-1.710747543965475,-1.4021604696856897,-1.5997665564166468,1.5707626342773438,0.34711146354675293,0
1192,1788172738.5071478,-0.35750000359291073,-0.4261275678177098,0.29293024697426295,-1.2962715433899439,-2.861678204759772,-0.0004318905110069119,-2.07131272951235,-1.7094395796405237,-1.4036591688739222,-1.5995634237872522,1.5707626342773438,0.3501356244087219,0
1193,1788172738.5483797,-0.35589477940272624,-0.42688217283987195,0.29296468897416456,-1.2962387929439205,-2.8616787305146305,-0.00016661014877938205,-2.0680649916278284,-1.7082517782794397,-1.4049771467791956,-1.5992639700519007,1.5707626342773438,0.3533642292022705,0
1194,1788172738.5901914,-0.35398926434333344,-0.4277693772971181,0.2930207730092742,-1.2965392917384368,-2.8615472543644263,4.4702587069360935e-06,-2.0642178694354456,-1.7068961302386683,-1.4064162413226526,-1.599072281514303,1.5707746744155884,0.3574201464653015,0
1195,1788172738.6314192,-0.35241925611356006,-0.4285402695550161,0.29302589670043533,-1.296923205289646,-2.861373252579952,5.33275863963579e-06,-2.0610058943377894,-1.7059128920184534,-1.4075306097613733,-1.598940674458639,1.5707746744155884,0.3609004616737366,0
1196,1788172738.6740117,-0.35079124373335707,-0.42934912124883806,0.2929643222021951,1.296814729845627,2.861436241477546,0.00017914634862624764,-2.057674233113424,-1.7049887816058558,-1.408717457448141,-1.5987971464740198,1.570798635482788,0.3641526699066162,0
1197,1788172738.7147481,-0.3492057530302019,-0.43011409151704094,0.29295979307420994,-1.2967335886158187,-2.8614667831479212,-0.00018063160894414313,-2.0544264952289026,-1.7039936224566858,-1.409868065510885,-1.5986412207232874,1.5707746744155884,0.36734533309936523,0
1198,1788172738.7549171,-0.3475869044765283,-0.4308709964432719,0.29300005802352924,-1.2963400649026442,-2.8615899694894624,-0.00012785035400010401,-2.0511181990252894,-1.702925984059469,-1.410994831715719,-1.5985458532916468,1.570726752281189,0.3703930675983429,0
1199,1788172738.7946806,-0.3459989433378993,-0.43162320912516844,0.2930110038514586,-1.2963535754500137,-2.86164576244004,-2.8411311102370674e-05,-2.0479067007647913,-1.7019065062152308,-1.4121459166156214,-1.5983541647540491,1.5707865953445435,0.37359774112701416,0
1200,1788172738.8374588,-0.3443307957840544,-0.4323736843168773,0.29305532912790233,-1.2962788620689678,-2.861648731558654,0.00010372959846624638,-2.0445268789874476,-1.700754467641012,-1.413368050252096,-1.598198715840475,1.5707626342773438,0.3769334554672241,0
1201,1788172738.8772602,-0.34248262969702037,-0.433043626984975,0.293018623863355,-1.29678093518212,-2.8614113445610037,1.032897676057608e-05,-2.040919605885641,-1.6992672125445765,-1.4151423613177698,-1.5979707876788538,1.5707507133483887,0.3808942437171936,0
1202,1788172738.9150095,-0.3408314296704615,-0.4335487577451151,0.29297355559039473,-1.2965517909266127,-2.861532082862879,-0.00011963538009118921,-2.037779156361715,-1.697791878377096,-1.4169161955462855,-1.5977557341205042,1.5707626342773438,0.38387009501457214,0
1203,1788172738.952826,-0.33960411553779146,-0.4338674374189514,0.29295862646302184,-1.2965612540334708,-2.861541283819847,-0.00013599711598864318,-2.035489861165182,-1.6965678373919886,-1.4183428923236292,-1.5975640455829065,1.5707746744155884,0.3861624598503113,0
1204,1788172738.9932063,-0.33799226473615335,-0.4342966508321906,0.29300673993558046,-1.2964404593467171,-2.8615791238973736,-2.611954811701709e-06,-2.0324576536761683,-1.6949365774737757,-1.4200924078570765,-1.5973604361163538,1.5707626342773438,0.3891146779060364,0
1205,1788172739.034384,-0.33644174891594075,-0.4346748110371926,0.2930345515674335,-1.2963587335684323,-2.8616143761363686,7.314659653493219e-05,-2.0295689741717737,-1.6933296362506312,-1.421854321156637,-1.5971573034869593,1.5707626342773438,0.3919467031955719,0
1206,1788172739.0732899,-0.3347797059255025,-0.43508794633251413,0.2929463739698289,-1.2962190105815627,-2.8617001841264447,-0.00035808998044122844,-2.0264652411090296,-1.6918061415301722,-1.423736874257223,-1.5970733801471155,1.5707746744155884,0.3949468731880188,0
1207,1788172739.1136832,-0.3332045060393303,-0.4354748582358871,0.2929466186173998,-1.2963446562042127,-2.861641737240567,-0.0003168387951349327,-2.0235169569598597,-1.6902101675616663,-1.4255459944354456,-1.5968340078936976,1.5707746744155884,0.3979833722114563,0
1208,1788172739.152584,-0.33159388874793777,-0.4359446671577926,0.29301249414546593,-1.2966048566241377,-2.8615177318485427,4.474507383101569e-06,-2.0204365889178675,-1.6886385122882288,-1.4272006193744105,-1.596546475087301,1.5707746744155884,0.40124720335006714,0
1209,1788172739.1927404,-0.3300013367056705,-0.43634168209555735,0.29299430628502426,-1.2966455424648726,-2.8615006793735396,-8.827905828869975e-05,-2.017440144215719,-1.6871030966388147,-1.428962532673971,-1.5963791052447718,1.5707746744155884,0.4042717218399048,0
1210,1788172739.2335272,-0.3284050237626122,-0.436830722892607,0.29296786559310994,-1.296588996185021,-2.861498380112585,2.4220326984982888e-05,-2.014347855244772,-1.6856759230243128,-1.430652920399801,-1.596043888722555,1.5707507133483887,0.40733182430267334,0
1211,1788172739.272397,-0.3268490246686737,-0.43728977228892607,0.2929745610108656,-1.2965179067487622,-2.861555519555649,0.00015906099922294564,-2.0113633314715784,-1.6842601935016077,-1.4322469870196741,-1.5957801977740687,1.5707746744155884,0.4102601110935211,0
1212,1788172739.3122315,-0.3252297499839751,-0.4377301437654999,0.2929795207877134,-1.2962151280021705,-2.861693643053976,8.577168315936102e-05,-2.0082715193377894,-1.6827967802630823,-1.4338648954974573,-1.5956724325763147,1.5707746744155884,0.41314005851745605,0
1213,1788172739.3546758,-0.3236456266124111,-0.43814295945608905,0.29295779773700814,-1.2963701484402619,-2.861610988877916,-8.663979589749491e-06,-2.0052507559405726,-1.6813457647906702,-1.4355314413653772,-1.5955169836627405,1.5707626342773438,0.41627243161201477,0
1214,1788172739.3971295,-0.3220248622806916,-0.4386086888741742,0.2929880643242662,1.2965037608176795,2.8615720582819137,-6.984547460835921e-05,-2.00214654604067,-1.6799057165728968,-1.4370773474322718,-1.5953615347491663,1.5708105564117432,0.4194643497467041,0
1215,1788172739.4350896,-0.32015879178695794,-0.4390705126637098,0.2929431566617162,-1.297012947086067,-2.8613068191403603,-0.00017386930092912997,-1.9985750357257288,-1.6782148520099085,-1.4390433470355433,-1.5952413717852991,1.5707507133483887,0.4234008193016052,0
1216,1788172739.475207,-0.3188462734610294,-0.43937947874998873,0.2929780766795362,-1.2968336195154384,-2.861400921240388,-4.0378401203367775e-05,-1.996094051991598,-1.6769068876849573,-1.4404338041888636,-1.5950740019427698,1.5707626342773438,0.42575308680534363,0
1217,1788172739.515798,-0.31724992153242476,-0.4396804548900392,0.29304881136891975,-1.2966595161309553,-2.8615063342389497,9.223160239323481e-05,-1.9931333700763147,-1.6751917044269007,-1.4421842733966272,-1.5949543158160608,1.5707865953445435,0.42858511209487915,0
1218,1788172739.557441,-0.3156211629466197,-0.4400299044497004,0.29296691480404324,-1.2964143414576028,-2.8615897752618964,-0.00026326521231331097,-1.9900530020343226,-1.6736920515643519,-1.4440062681781214,-1.594858471547262,1.5707626342773438,0.4315013885498047,0
1219,1788172739.5979707,-0.3137293586166146,-0.44042667097106575,0.2929568713789321,-1.2962094382670408,-2.8616686201539614,-0.00029884181838990353,-1.9864814917193812,-1.6718209425555628,-1.446103874837057,-1.5946548620807093,1.5707507133483887,0.4349333643913269,0
1220,1788172739.6417973,-0.3120811296577013,-0.4407508339706261,0.2930137888557809,-1.2962723014636397,-2.861654789750757,-5.244519653439987e-05,-1.9833892027484339,-1.6700695196734827,-1.4479377905475062,-1.5944154898272913,1.5707626342773438,0.4380657374858856,0
1221,1788172739.6834652,-0.3104919611014007,-0.44103717878224485,0.2929600802466771,-1.2964828592993525,-2.8615570155640273,-0.0002574835707909406,-1.9804165999041956,-1.6684859434710901,-1.4497955481158655,-1.5942719618426722,1.5707626342773438,0.4411861300468445,0
1222,1788172739.7255404,-0.3085467488213089,-0.44144076427244633,0.2929812397280889,-1.2965182734387977,-2.861528777331528,-0.00014307799407838447,-1.976724926625387,-1.6665428320514124,-1.4519055525409144,-1.5940325895892542,1.5707507133483887,0.44490575790405273,0
1223,1788172739.7661686,-0.30698313432983343,-0.4416914785230433,0.2930285024539876,-1.2965652685981408,-2.861481526271549,-0.0001015771349873209,-1.973800007496969,-1.664863411580221,-1.4536431471454065,-1.5939486662494105,1.570726752281189,0.4478703439235687,0
1224,1788172739.8089478,-0.30533594508304746,-0.44201363590600823,0.2930453012281875,-1.2963114784791492,-2.8616366736187056,-4.6518593260003254e-05,-1.9706957975970667,-1.663220230733053,-1.4554179350482386,-1.5937812964068812,1.5707626342773438,0.45078662037849426,0
1225,1788172739.848278,-0.3037972246968639,-0.44230462244405955,0.29299935708661096,-1.2961950195809704,-2.861686020459647,-0.00021332408755768802,-1.967783276234762,-1.6617444197284144,-1.4571316877948206,-1.593649689351217,1.5707626342773438,0.4536186456680298,0
1226,1788172739.8883395,-0.3021874457925273,-0.4426376115367749,0.29297897557182934,-1.2961536089121843,-2.8617175825578665,-0.00021149106421201956,-1.964714829121725,-1.6602090040790003,-1.4588692823993128,-1.5934460798846644,1.5707746744155884,0.45665478706359863,0
1227,1788172739.9278111,-0.30058909763707053,-0.44295267264400984,0.2929472508706955,-1.2961651345330805,-2.8616838122910226,-0.00028492380509972226,-1.9616583029376429,-1.6586859861956995,-1.4606078306781214,-1.5932782332049769,1.5707507133483887,0.45972687005996704,0
1228,1788172739.9692183,-0.29894174114242367,-0.44326058547841246,0.2929452947806454,-1.2963815777321992,-2.8615977725780866,-0.0003018333154121724,-1.9585302511798304,-1.6570780912982386,-1.462369743977682,-1.5931347052203577,1.5707626342773438,0.4630030393600464,0
1229,1788172740.0093825,-0.29735941124394427,-0.44349753056989755,0.2929562647131682,-1.2964554463281242,-2.861566383726755,-0.00020659416556853278,-1.9555571714984339,-1.655386749898092,-1.4642041365252894,-1.592931095753805,1.5707626342773438,0.4660272002220154,0
1230,1788172740.0494237,-0.2957294988196173,-0.44368090271863986,0.2929545854400334,-1.2962607675430105,-2.861670851493096,-9.27477684611711e-05,-1.9525368849383753,-1.653527561818258,-1.4662535826312464,-1.5926678816424769,1.5707746744155884,0.4689071476459503,0
1231,1788172740.089024,-0.2941675112462446,-0.44370720660001955,0.29300583051597046,-1.2964165806009336,-2.8615906222837966,2.3462467682559187e-05,-1.9497316519366663,-1.651452366505758,-1.4683993498431605,-1.5925238768206995,1.5707626342773438,0.4718238115310669,0
1232,1788172740.129701,-0.29255655061104746,-0.4437939038725819,0.2930640713789634,-1.296054647932241,-2.8617374507272237,0.00029028750678224656,-1.9467833677874964,-1.6493890921222132,-1.4705327192889612,-1.5922849814044397,1.570738673210144,0.4745236337184906,0
1233,1788172740.17139,-0.2909569935541307,-0.44385346849640683,0.2929206268646437,-1.2961078387148064,-2.8617039085222604,-0.0003470096095536927,-1.9438827673541468,-1.6476019064532679,-1.4727380911456507,-1.5922725836383265,1.5707507133483887,0.47746390104293823,0
1234,1788172740.2125618,-0.2893676990175846,-0.44402213026263987,0.292978153992523,-1.2961960113037174,-2.861702610849062,-1.0034514069462402e-05,-1.9409220854388636,-1.6457307974444788,-1.474668327962057,-1.5919974485980433,1.5707746744155884,0.480476051568985,0
1235,1788172740.2549586,-0.2874819280575235,-0.4442872137346995,0.2929950022907267,-1.2966765177119888,-2.8614702475926594,-4.393274260676732e-05,-1.9373377005206507,-1.643799130116598,-1.476706329976217,-1.5919135252581995,1.5707626342773438,0.4844001233577728,0
1236,1788172740.2956214,-0.2858711983339692,-0.4446442798835207,0.2929754054631485,-1.2965851690713923,-2.8614813248003506,-0.0001326251973541293,-1.9341734091388147,-1.6424434820758265,-1.478204075490133,-1.5918296019183558,1.570738673210144,0.48750853538513184,0
1237,1788172740.3379912,-0.284281572809824,-0.44518660308448316,0.2930084987091723,-1.2963780849594626,-2.8616036667869515,-7.871011104895293e-05,-1.9309371153460901,-1.6414602438556116,-1.479187313710348,-1.5917938391314905,1.5707626342773438,0.4905925989151001,0
1238,1788172740.37849,-0.2827508406525208,-0.4460701903786623,0.2930354205585673,-1.2959449196669142,-2.8618209614021874,8.906337601199693e-05,-1.9275687376605433,-1.6412203947650355,-1.4794028441058558,-1.591710392628805,1.5707746744155884,0.49365270137786865,0
1239,1788172740.4203613,-0.28176533116394004,-0.4474587014268871,0.29296600429607067,-1.2959973012688366,-2.861788885937323,-8.194896116337279e-05,-1.924847427998678,-1.6428397337542933,-1.477809254323141,-1.5917938391314905,1.5707746744155884,0.49641281366348267,0
1240,1788172740.4584856,-0.28143650834264455,-0.4493849906959864,0.2930386270653659,-1.2961991855320822,-2.861721181468226,0.00038426348114205467,-1.9229663054095667,-1.646198574696676,-1.4740689436541956,-1.5918777624713343,1.5707746744155884,0.4984287917613983,0
1241,1788172740.496855,-0.2814258838399606,-0.45071413647015585,0.29301183828935395,-1.2961397909890182,-2.8617229014518486,0.00040273541681957493,-1.9220550696002405,-1.6488974730121058,-1.4712165037738245,-1.5920212904559534,1.5707507133483887,0.4993051290512085,0
1242,1788172740.5379224,-0.2814066060150074,-0.4523229129630621,0.2930444349864335,-1.2961137107309586,-2.861753823520716,0.0005111721010604,-1.9209640661822718,-1.6521361509906214,-1.4676321188556116,-1.5922969023333948,1.5707626342773438,0.5003728866577148,0
1243,1788172740.5790746,-0.28144629705947727,-0.45389307258149136,0.2929632669460407,-1.2965891981633504,-2.861519691362196,0.00015195900060405973,-1.9200051466571253,-1.6555307547198694,-1.4640839735614222,-1.592679802571432,1.5707626342773438,0.5016690492630005,0
1244,1788172740.6204684,-0.28142300678290216,-0.4554603365223016,0.2928853804549483,-1.2965931883566675,-2.8615217012521548,-0.0002668555314464944,-1.9189508597003382,-1.658865753804342,-1.460571591054098,-1.5931227842914026,1.5707865953445435,0.5027251243591309,0
1245,1788172740.6614552,-0.28142686751961155,-0.4573753885877927,0.2929632854029348,-1.2965975167048813,-2.861529663578632,-8.237601238673243e-05,-1.9177153746234339,-1.6627519766436976,-1.4561365286456507,-1.5935538450824183,1.5707865953445435,0.5039610266685486,0
1246,1788172740.7002676,-0.28140991877513505,-0.45896654171520224,0.2929633398218851,-1.2966920881355974,-2.861459356968927,-0.00010026323100783288,-1.9166486899005335,-1.6660144964801233,-1.4525402227984827,-1.5939009825335901,1.5707626342773438,0.5051010251045227,0
1247,1788172740.7412946,-0.2813617834462944,-0.46060063708554244,0.29289716443549263,-1.2963258893270773,-2.86160553243529,-0.00021590335263148397,-1.9155100027667444,-1.6693618933307093,-1.4489925543414515,-1.5941761175738733,1.5707507133483887,0.5059889554977417,0
1248,1788172740.781712,-0.28119346917720295,-0.46219628627027576,0.2929242539357246,-1.2962712510917493,-2.8616593938097177,-0.00016512259446280488,-1.914203945790426,-1.6724327246295374,-1.4455283323871058,-1.5945351759540003,1.5707746744155884,0.5072491765022278,0
1249,1788172740.8221638,-0.28085136297960384,-0.4637764546410585,0.2929979651507735,-1.2964912163800741,-2.8615452751577197,4.186632588777271e-05,-1.9125855604754847,-1.6752036253558558,-1.4422920385943812,-1.594870392476217,1.5707507133483887,0.5090250968933105,0
1250,1788172740.8620021,-0.2803101499972404,-0.46537480294346056,0.29305342081578534,-1.296408176431747,-2.8616281031962107,0.0003552031220371521,-1.9106314818011683,-1.677734676991598,-1.4393790403949183,-1.5950501600848597,1.5707746744155884,0.5109092593193054,0
1251,1788172740.9021454,-0.2796157921104428,-0.46700039288601686,0.29288374778339976,-1.2965719152754565,-2.8615223736535698,0.0002622605258073426,-1.9083779493915003,-1.6802657286273401,-1.4369695822345179,-1.594990078602926,1.5707507133483887,0.5132855176925659,0
1252,1788172740.9423988,-0.2788123243740426,-0.4685399693291508,0.2924081677594979,-1.2975647275998603,-2.8610523215126453,-6.059761165408273e-05,-1.9060047308551233,-1.6825569311725062,-1.4355672041522425,-1.5943077246295374,1.5707507133483887,0.516357958316803,0
1253,1788172740.981313,-0.2778736327963621,-0.4700351987048275,0.2916132109494708,-1.2997465048139922,-2.8600578321827954,-0.0005194921653325557,-1.9034393469439905,-1.6846321264850062,-1.4351957480060022,-1.5928953329669397,1.5707746744155884,0.5204498171806335,0
1254,1788172741.020637,-0.27662916901400836,-0.4713522356598207,0.29069224711851743,-1.3031812816971784,-2.8584468466958097,-0.0008024176802154898,-1.9004305044757288,-1.6859038511859339,-1.436070744191305,-1.5909321943866175,1.5707507133483887,0.5258737802505493,0
1255,1788172741.061553,-0.2752763975990957,-0.47263123612590563,0.29020586732052456,-1.3058235505044193,-2.857277495258599,-7.415506324419257e-05,-1.8972657362567347,-1.6866477171527308,-1.4365862051593226,-1.5892084280597132,1.570738673210144,0.530877947807312,0
1256,1788172741.1019297,-0.2739381153202411,-0.47397127229171104,0.28986150258899857,-1.306896285144208,-2.856844755841129,0.0003497516548637479,-1.8941128889666956,-1.687667194996969,-1.4363825956927698,-1.588118855153219,1.5707626342773438,0.534766435623169,0
1257,1788172741.1422503,-0.272566821072197,-0.4752187294086111,0.28981245730669913,-1.3070386630108544,-2.8567801195496707,0.000518621595538652,-1.8909485975848597,-1.6885669867144983,-1.4355195204364222,-1.5879753271686,1.5707507133483887,0.5380302667617798,0
1258,1788172741.1802018,-0.2709727927258217,-0.4760233797274525,0.2897583141209342,-1.3071432051388328,-2.856723061304353,0.00021885265391061542,-1.8876641432391565,-1.6884468237506312,-1.435746971760885,-1.5880587736712855,1.5707626342773438,0.5413903594017029,0
1259,1788172741.2217214,-0.26935815841817845,-0.4768820005191261,0.2897593743471904,-1.307286152841117,-2.8566581102864705,0.00021820477070517467,-1.884308163319723,-1.6883271376239222,-1.4358790556537073,-1.5880468527423304,1.5707626342773438,0.5448462963104248,0
1260,1788172741.2652862,-0.26775781742731297,-0.4777142039262863,0.2897004804267994,-1.3073746252424925,-2.856610928075855,-2.714234277361424e-05,-1.8809993902789515,-1.6882670561419886,-1.436059300099508,-1.5880826155291956,1.5707746744155884,0.5482187867164612,0
1261,1788172741.3066807,-0.26614903241209364,-0.47856472429115876,0.28971267383111066,-1.3073185310208817,-2.8566575464671944,6.362411614737907e-05,-1.8776667753802698,-1.6881354490863245,-1.4361909071551722,-1.5880230108844202,1.5707865953445435,0.5515065789222717,0
1262,1788172741.3472204,-0.2645806524276029,-0.47932349890226883,0.28963576090675835,-1.307296298896479,-2.8566415935528595,-0.00023359796806014677,-1.8744538466082972,-1.688002888356344,-1.4364903608905237,-1.5880468527423304,1.5707865953445435,0.554710865020752,0
1263,1788172741.384983,-0.26298038821921305,-0.4801231557516551,0.28969954000927933,-1.3070107979001262,-2.856773929323935,-6.317447150426669e-05,-1.871157471333639,-1.687774960194723,-1.436610523854391,-1.5880468527423304,1.5707746744155884,0.5578069090843201,0
1264,1788172741.4234285,-0.2613855243218802,-0.4809437228291092,0.289703054974653,-1.307131553999879,-2.856708858952113,-2.3417531128306917e-05,-1.8678606192218226,-1.687655274068014,-1.436742130910055,-1.5880110899554651,1.5707626342773438,0.5611909031867981,0
1265,1788172741.461506,-0.25974925732526527,-0.48169601259705164,0.28966368182863056,-1.3073303482215575,-2.8565852876873374,-0.0002255254002868676,-1.8645284811602991,-1.6874397436725062,-1.4370535055743616,-1.5880468527423304,1.5707507133483887,0.5646708607673645,0
1266,1788172741.4992483,-0.25815836201772974,-0.48246115547172763,0.2896667866467063,-1.3077092100766359,-2.8564486056995624,-0.0002515247286689685,-1.8612917105304163,-1.6872594992267054,-1.4372456709491175,-1.5880468527423304,1.5707865953445435,0.5681631565093994,0
1267,1788172741.5398352,-0.25685511642386893,-0.48311099529190865,0.28969162836457985,-1.30762179579089,-2.8564751650217306,-0.00011483210607556256,-1.8586061636554163,-1.6871150175677698,-1.4373653570758265,-1.587987248097555,1.5707626342773438,0.5707910656929016,0
1268,1788172741.5800653,-0.255257491601679,-0.48381791944515445,0.28963285209700385,-1.3074741193254569,-2.856501004610595,-0.0003913284119006204,-1.8553698698626917,-1.686911408101217,-1.4377010504352015,-1.5880349318133753,1.5707507133483887,0.5739350318908691,0
1269,1788172741.6223493,-0.2532907889491086,-0.48469044274167683,0.2896542110758672,-1.3069949713698898,-2.8567512711905567,-0.00033936704811609626,-1.8514021078692835,-1.6865513960467737,-1.4380605856524866,-1.5879986921893519,1.5707746744155884,0.5775591135025024,0
1270,1788172741.6654701,-0.25173069242594637,-0.48536549511947735,0.28967283625475326,-1.3069549032586816,-2.8567876851151595,-0.00028713833523822524,-1.8482611815081995,-1.6862395445453089,-1.4383724371539515,-1.5879634062396448,1.5707865953445435,0.5806671977043152,0
1271,1788172741.7071047,-0.2501574862187319,-0.4860727076726803,0.2896227856528953,-1.3069712072880704,-2.8567202749028797,-0.0004639989052677759,-1.8450606505023401,-1.6860716978656214,-1.438659969960348,-1.5879634062396448,1.5707507133483887,0.5838950276374817,0
1272,1788172741.7478063,-0.24858833194333158,-0.4867564314318854,0.28967352096122345,-1.3075142590612125,-2.8564915131326565,-0.0002771220038775014,-1.8418954054461878,-1.6857479254352015,-1.4389236609088343,-1.5879033247577112,1.5707507133483887,0.587435245513916,0
1273,1788172741.7889667,-0.24664331485186708,-0.48762255945446664,0.2896508210007419,-1.3075018110972676,-2.85649221400869,-0.0003136197170117473,-1.837963883076803,-1.685495678578512,-1.4392593542682093,-1.5878437201129358,1.5707507133483887,0.5913593769073486,0
1274,1788172741.8291435,-0.24502392715509966,-0.4883559429999951,0.2896681067444308,-1.307327066260289,-2.856597460629082,-0.00020474678121542024,-1.8346908728228968,-1.6852801481830042,-1.439474884663717,-1.5877717177020472,1.5707626342773438,0.5945033431053162,0
1275,1788172741.8701725,-0.2434216549762709,-0.489030538202311,0.28967228067263107,-1.30702608921462,-2.8567411955459394,-0.00026302379055841943,-1.8314784208880823,-1.6850279013263147,-1.4397390524493616,-1.5877955595599573,1.5707746744155884,0.5975034832954407,0
1276,1788172741.9095602,-0.24180971682864846,-0.4898007836117706,0.28966574757495195,-1.3067874162223068,-2.85684355741863,-0.00020345069902185636,-1.828193489705221,-1.684943977986471,-1.4398587385760706,-1.5877235571490687,1.5707626342773438,0.6006231307983398,0
1277,1788172741.9480097,-0.24023314787524416,-0.4905534471608184,0.28965847248362486,-1.30691738107003,-2.8567965899469856,-0.00020718941563713795,-1.8249929586993616,-1.6848962942706507,-1.4399307409869593,-1.5876997152911585,1.5707746744155884,0.6039113402366638,0
1278,1788172741.9882026,-0.2386170930842829,-0.49132799512659825,0.2896660059635229,-1.3072991452045464,-2.8566237414609073,-0.00018851679104889084,-1.821707550679342,-1.6848605314837855,-1.4399545828448694,-1.5876997152911585,1.5707746744155884,0.607463538646698,0
1279,1788172742.0302045,-0.2370594034603183,-0.4921005596501993,0.28965322030394436,-1.3076107739645044,-2.8564783057008145,-0.00020670771285368996,-1.8185308615313929,-1.6849082151996058,-1.4399307409869593,-1.5876877943622034,1.5707746744155884,0.6108591556549072,0
1280,1788172742.0729854,-0.23543212208915876,-0.4928788979396307,0.28964741712664305,-1.3074214704940155,-2.8565490603492023,-0.00022140128500852896,-1.8152225653277796,-1.6849082151996058,-1.4399426619159144,-1.5876877943622034,1.5707626342773438,0.6140391230583191,0
1281,1788172742.1134343,-0.23389368664533858,-0.49361907830411633,0.28967701048450534,-1.3075547137198191,-2.8565128456339606,-0.00013265826594549123,-1.8121050039874476,-1.6848962942706507,-1.439894978200094,-1.5876877943622034,1.5707746744155884,0.6172434091567993,0
1282,1788172742.1535296,-0.2322616545297034,-0.49441111950717903,0.289689952008254,-1.3072087868133984,-2.856693806985351,-6.175336531402678e-05,-1.8087967077838343,-1.6849201361285608,-1.4398468176471155,-1.5876639525042933,1.5707865953445435,0.6203035116195679,0
1283,1788172742.195069,-0.23068734341455774,-0.4951721285185368,0.2897309461355443,-1.3073170815236477,-2.8566026318610747,2.710332101552621e-05,-1.8055837790118616,-1.684943977986471,-1.4397271315204065,-1.5877116362201136,1.570738673210144,0.6236032843589783,0
1284,1788172742.2366998,-0.22871740942650212,-0.4961391146146217,0.2896986831325947,-1.3074623685402933,-2.856543923179494,-1.3723276580100238e-05,-1.8015912214862269,-1.6850760618792933,-1.4396551291095179,-1.5876758734332483,1.5707507133483887,0.6276955008506775,0
1285,1788172742.2793605,-0.22713064986716977,-0.4967250422171633,0.28965751252294425,-1.3077428974566105,-2.856376230241889,-0.00019314103344653216,-1.7984502951251429,-1.684824291859762,-1.4400141874896448,-1.5876877943622034,1.570738673210144,0.6310432553291321,0
1286,1788172742.3201244,-0.22550821292652065,-0.4972624595626542,0.28969338959454105,-1.3075490647775299,-2.8565301949298143,-1.942989918833346e-05,-1.7952855269061487,-1.6843202749835413,-1.4405177275287073,-1.5875681082354944,1.5707746744155884,0.6340550184249878,0
1287,1788172742.3612826,-0.22393752683121884,-0.49769944157380286,0.2897336554606543,1.3074777501127777,2.856587196037279,-0.00018370040424896473,-1.7922409216510218,-1.683648411427633,-1.4412010351764124,-1.5874245802508753,1.5707746744155884,0.6370432376861572,0
1288,1788172742.403708,-0.2222992578664646,-0.4981324475659086,0.28975207730424574,-1.306955853701873,-2.856798079211674,0.00013736178900314414,-1.7890632788287562,-1.683000389729635,-1.4418724218951624,-1.5874365011798304,1.5707507133483887,0.6398628950119019,0
1289,1788172742.4434295,-0.22042967954984297,-0.49859384299040416,0.2897184695391304,-1.3070685655963201,-2.8567116108270234,-4.824123001780896e-06,-1.785455052052633,-1.6822331587420862,-1.4427951017962855,-1.5873764196978968,1.570738673210144,0.6435592770576477,0
1290,1788172742.4846616,-0.21913437462811486,-0.49893455420725696,0.28972522484333135,-1.3070039046256328,-2.8567440085026194,1.3694744170808881e-05,-1.7829492727862757,-1.6817172209369105,-1.4433587233172815,-1.5873168150531214,1.570738673210144,0.6460190415382385,0
1291,1788172742.522858,-0.21724580170161242,-0.4994312614135258,0.2897127590171591,-1.30752953666953,-2.8565206021634117,-4.9015527813782736e-05,-1.7793048063861292,-1.681009594594137,-1.4441741148578089,-1.5872448126422327,1.5707626342773438,0.6500269770622253,0
1292,1788172742.5613253,-0.21596167378335204,-0.49978220655568284,0.28971256345946395,-1.3075010999408878,-2.8564980692141466,-1.738201723969185e-05,-1.7767985502826136,-1.6805418173419397,-1.4447010199176233,-1.5871732870685022,1.570726752281189,0.6525227427482605,0
1293,1788172742.60208,-0.2143151829750915,-0.5002064099021445,0.2897001289982517,-1.3073997173658463,-2.8565780160380374,-0.0001441292637574042,-1.7736342589007776,-1.6799538771258753,-1.4453728834735315,-1.5871613661395472,1.5707746744155884,0.6556071639060974,0
1294,1788172742.6423564,-0.21288314017151744,-0.5005440741574989,0.289635640433495,-1.307300771520683,-2.856579607452821,-0.00024407546706007785,-1.7708647886859339,-1.6793783346759241,-1.4461634794818323,-1.5870173613177698,1.5707507133483887,0.6583189368247986,0
1295,1788172742.6835349,-0.21203485953912526,-0.500584330439986,0.289704912222381,-1.3069911458457513,-2.856761132770441,-8.19145032974014e-05,-1.7692940870868128,-1.678610626851217,-1.4468706289874476,-1.5869692007647913,1.5707626342773438,0.6596623063087463,0
1296,1788172742.7245839,-0.21195075172108374,-0.5006239559682419,0.28971071601411746,-1.3069665657826421,-2.856749715965283,-5.5064381236274415e-05,-1.7691143194781702,-1.678610626851217,-1.4468587080584925,-1.5869692007647913,1.570738673210144,0.6598308682441711,0
1297,1788172742.766117,-0.21194808909737517,-0.5006201997775309,0.28971421777361395,-1.3068942332120321,-2.8568182308166166,-8.695899235556749e-05,-1.7691262404071253,-1.678610626851217,-1.4468467871295374,-1.5869935194598597,1.5707746744155884,0.6597589254379272,0
1298,1788172742.8076704,-0.21195258935875452,-0.5006103711539587,0.2897166901057449,-1.3068611019359366,-2.856836506219361,-6.800211972814662e-05,-1.7691381613360804,-1.6785863081561487,-1.4468706289874476,-1.5869815985309046,1.5707746744155884,0.6597229838371277,0
1299,1788172742.84762,-0.2119442371909971,-0.5006332556778693,0.28970662330620445,-1.3068624061038527,-2.8568389065454114,-4.97719450198167e-05,-1.7691143194781702,-1.6786225477801722,-1.4468587080584925,-1.5869453589068812,1.5707746744155884,0.6597469449043274,0
1300,1788172742.8882377,-0.21195415817465416,-0.5006086840489976,0.2897108868906969,-1.3068625845781843,-2.8567942890324187,-7.329821976022791e-05,-1.7691262404071253,-1.6785863081561487,-1.4468825499164026,-1.5869815985309046,1.570738673210144,0.6597469449043274,0
