frame_index,timestamp,tcp_x,tcp_y,tcp_z,tcp_rx,tcp_ry,tcp_rz,joint_0,joint_1,joint_2,joint_3,joint_4,joint_5,suction_on
0,1788171667.9537895,-0.1091120963712826,-0.48689932198530445,0.2858569730754763,-1.2022824763886395,2.9023976838207663,-0.00012951691759347599,-1.5707476774798792,-1.5707481543170374,-1.5708649794207972,-1.5707123915301722,1.5708585977554321,-0.7853906790362757,0
1,1788171667.9921315,-0.10911758375631811,-0.4871077955996412,0.2859161190796427,1.2022629075452829,-2.9023993647220823,0.0003053426173004653,-1.5707476774798792,-1.5711682478534144,-1.5703256765948694,-1.570700470601217,1.5708345174789429,-0.7853787581073206,0
2,1788171668.0321443,-0.10912025836481236,-0.48807265135728833,0.2858368991032766,-1.202282564002754,2.9023979046687676,1.737425489224431e-05,-1.5707476774798792,-1.5735552946673792,-1.5680840651141565,-1.5707724730121058,1.5708225965499878,-0.7853906790362757,0
3,1788171668.0730677,-0.1091201790634691,-0.4897027120597693,0.2858048226715735,-1.2022579310056705,2.9023873699716383,9.003414101906021e-05,-1.5707476774798792,-1.5774176756488245,-1.5642717520343226,-1.5707724730121058,1.5708225965499878,-0.7853787581073206,0
4,1788171668.1123374,-0.1091146297658124,-0.49132629148408424,0.2858742875775305,-1.2022945544163384,2.9024268371210984,-0.00019978589077048096,-1.5707476774798792,-1.5811360518084925,-1.560387913380758,-1.5707481543170374,1.5708465576171875,-0.7853906790362757,0
5,1788171668.1543553,-0.10910867503070278,-0.4929399605445815,0.2858848591765533,-1.2023449112121312,2.9023996590533097,-0.00017764141822015805,-1.5707357565509241,-1.5849383513080042,-1.5565045515643519,-1.5708444754229944,1.5708465576171875,-0.785414997731344,0
6,1788171668.194141,-0.1091117249218814,-0.4945345661192302,0.28583840744352096,-1.2022900609850677,2.9023651172078915,-2.6409355065467822e-05,-1.5707476774798792,-1.588752571736471,-1.552716080342428,-1.57092792192568,1.5708585977554321,-0.785403076802389,0
7,1788171668.2337406,-0.10912054560406854,-0.49616616059338164,0.2858173767382687,-1.2022215707034325,2.902399405843103,2.2804381569993576e-06,-1.5707600752459925,-1.5926035086261194,-1.5488322416888636,-1.5709756056415003,1.5708465576171875,-0.7853668371783655,0
8,1788171668.2745938,-0.10911431630689834,-0.4977695250723172,0.28580972525325266,-1.20225469665875,2.9023795617898385,2.373230208155421e-05,-1.5707476774798792,-1.596381966267721,-1.5449727217303675,-1.5710714499102991,1.5708465576171875,-0.7853787581073206,0
9,1788171668.3166173,-0.10910551744962685,-0.4996894381304412,0.28583865704459177,-1.2023079890278603,2.9023594678834934,-3.2636751895245376e-05,-1.5707357565509241,-1.600879971181051,-1.5402734915362757,-1.5712388197528284,1.5708585977554321,-0.785403076802389,0
10,1788171668.3567896,-0.10911414447805777,-0.5013015141212367,0.28584602603808174,-1.2023241199057184,2.9023983992232525,-0.00014304099729236356,-1.5707476774798792,-1.6046345869647425,-1.5363896528827112,-1.571286980305807,1.5708465576171875,-0.785414997731344,0
11,1788171668.3993704,-0.10912030614521971,-0.5027716396102359,0.28580217572356126,-1.2022621464362586,2.902348624701206,0.00012130014025436649,-1.5707600752459925,-1.608197037373678,-1.532757584248678,-1.5715387503253382,1.5708465576171875,-0.785403076802389,0
12,1788171668.4429715,-0.10911401369793515,-0.5039897353401543,0.28583818183873655,-1.202281215734837,2.9023946459611847,-6.761191266670271e-05,-1.5707476774798792,-1.6109922567950647,-1.5297845045672815,-1.5715864340411585,1.5708465576171875,-0.7853906790362757,0
13,1788171668.4848843,-0.10911345685651189,-0.5043066941440622,0.28583424751615694,-1.2022895476074582,2.902414761029265,-5.1825711019776516e-05,-1.5707357565509241,-1.6117361227618616,-1.529017750416891,-1.5716102758990687,1.5708225965499878,-0.7853787581073206,0
14,1788171668.5271685,-0.10911073766160378,-0.5042678438395926,0.2858512453687623,-1.2022801647751793,2.902392112345303,-7.782299856881258e-06,-1.5707357565509241,-1.6116636435138147,-1.529041592274801,-1.5716941992389124,1.5708345174789429,-0.7853787581073206,0
15,1788171668.567942,-0.10912976612384108,-0.504275394391269,0.28583793189540274,-1.2022201141151094,2.902397844079149,-3.955833621926449e-05,-1.5707843939410608,-1.611687485371725,-1.5290535132037562,-1.571646515523092,1.5708585977554321,-0.7853906790362757,0
16,1788171668.6111798,-0.10910251845026066,-0.5042700913848824,0.28583097443680994,-1.2022483196798766,2.9023641666862887,-1.1428001159211803e-05,-1.5707357565509241,-1.6116755644427698,-1.5290778318988245,-1.5716584364520472,1.5708705186843872,-0.7853668371783655,0
17,1788171668.6484118,-0.10911018115884161,-0.5044824881825773,0.2859028771441746,1.2022998582273492,-2.902390720677882,0.00018368156173833526,-1.570723835621969,-1.6120956579791468,-1.5284903685199183,-1.5716822783099573,1.5708105564117432,-0.7853787581073206,0
18,1788171668.6887755,-0.10888925710973785,-0.5054460533508347,0.28591534640626226,1.2024779595722013,-2.9023294207117423,0.00018954745960012,-1.5702922979937952,-1.6142547766314905,-1.5262001196490687,-1.5718143622027796,1.5708225965499878,-0.7850669066058558,0
19,1788171668.7322164,-0.10860742793982764,-0.5070174001611354,0.2858583794404906,-1.2026538448113737,2.90216300963102,5.551855994437633e-05,-1.5697649160968226,-1.61792499223818,-1.5224483648883265,-1.5720894972430628,1.5708825588226318,-0.7846835295306605,0
20,1788171668.7740173,-0.10866245032372665,-0.5089212377756671,0.2858186081763615,-1.2024904674643406,2.902210922650781,0.0002730029147843208,-1.5698607603656214,-1.622507397328512,-1.5176895300494593,-1.5724008719073694,1.5708465576171875,-0.7846716086017054,0
21,1788171668.8153267,-0.10866097473738932,-0.5104984490318081,0.28580060972424054,-1.2025212271299042,2.90218732933393,0.0003110708639623231,-1.5698607603656214,-1.6262381712542933,-1.5137818495379847,-1.572604004536764,1.5708465576171875,-0.7846954504596155,0
22,1788171668.8578856,-0.10868662957579428,-0.5121108966216801,0.28584104578683006,-1.2024787497530958,2.902280463468486,9.540394237492036e-05,-1.5699084440814417,-1.6299684683429163,-1.5097540060626429,-1.5727480093585413,1.5708345174789429,-0.7846954504596155,0
23,1788171668.9009387,-0.1086585992579384,-0.5137351628850908,0.2857860704672377,-1.2024792663691781,2.9021839019025,0.00028561955282327373,-1.5698726812945765,-1.633867088948385,-1.505702320729391,-1.5730469862567347,1.5708705186843872,-0.7846835295306605,0
24,1788171668.9447637,-0.10832569720643,-0.5156729675126605,0.28580433564774765,-1.2021309985317152,2.9023784377741184,0.00015861913369236624,-1.5692251364337366,-1.638221565877096,-1.5010159651385706,-1.5732863585101526,1.5708585977554321,-0.7837837378131312,0
25,1788171668.9833288,-0.10771912033683331,-0.5172803940493178,0.28587453140757524,-1.2020983792583038,2.9024484185452044,-8.938083481645778e-05,-1.5680621306048792,-1.6416280905352991,-1.4972155729876917,-1.5735142866717737,1.5708705186843872,-0.7825844923602503,0
26,1788171669.024443,-0.10710098016715966,-0.5189182653351657,0.2858267770576337,-1.2022471492433209,2.9024122238598333,-3.0415195443985438e-05,-1.5668628851519983,-1.6452024618731897,-1.4934757391559046,-1.5737054983722132,1.5708345174789429,-0.7814815680133265,0
27,1788171669.063227,-0.10643168640317482,-0.5204974320673709,0.2858745804681662,-1.2020597323534272,2.9025019003098484,-0.0002230039251567255,-1.5656035582171839,-1.6485493818866175,-1.4897597471820276,-1.5739567915545862,1.5708705186843872,-0.7800901571856897,0
28,1788171669.104728,-0.10566912360265293,-0.5220369032263961,0.2858174401452731,-1.202207714375938,2.902416841417706,1.1361169578391612e-05,-1.5641406218158167,-1.6518963019000452,-1.4862354437457483,-1.5742805639850062,1.5708345174789429,-0.7787349859820765,0
29,1788171669.1488514,-0.10482767299010236,-0.5235838716321157,0.2858330251024746,-1.2023559660224186,2.90238134201485,-3.149907357765894e-05,-1.5625456015216272,-1.6551349798785608,-1.4826753775226038,-1.5745676199542444,1.5708225965499878,-0.7772358099566858,0
30,1788171669.1921923,-0.10368474258163617,-0.5253685663271371,0.2857789542263389,-1.202278218450561,2.9023424098700845,0.0001749234723662788,-1.560399357472555,-1.6589015165912073,-1.4786599318133753,-1.5749629179583948,1.5708345174789429,-0.7750533262835901,0
31,1788171669.2344594,-0.1026740529005882,-0.5268432486665476,0.2858458133075493,-1.202113555805234,2.902434176190651,-1.1331244808158639e-05,-1.5585163275348108,-1.6618645826922815,-1.4752677122699183,-1.5752738157855433,1.5708585977554321,-0.7730510870562952,0
32,1788171669.2773933,-0.1014120067375542,-0.5285037705313224,0.28589253148527577,-1.202457782199061,2.902235739759419,0.00014207532594053031,-1.5561659971820276,-1.665283505116598,-1.4713600317584437,-1.5758722464190882,1.5708705186843872,-0.7709515730487269,0
33,1788171669.318716,-0.10038558181830652,-0.5299916996285273,0.28589490828998554,-1.2023244202711378,2.90230716586637,0.00013468168225261881,-1.5542596022235315,-1.668342415486471,-1.4679797331439417,-1.5761836210833948,1.5708585977554321,-0.7689493338214319,0
34,1788171669.3596857,-0.09939549183692988,-0.5314686924793434,0.2858482921894188,-1.202357141349267,2.9022883037579716,0.00015518412111488242,-1.552436653767721,-1.6714132467852991,-1.4646952787982386,-1.5764110724078577,1.5708585977554321,-0.7671502272235315,0
35,1788171669.4029362,-0.09844721386366828,-0.5329233434423999,0.2858632079219003,-1.2020927068928016,2.902485620904212,-1.4374038076535353e-05,-1.5506857077227991,-1.6743758360492151,-1.4613989035235804,-1.5766146818744105,1.5708225965499878,-0.7651956717120569,0
36,1788171669.4458158,-0.097552407734048,-0.5344384729746183,0.28592723819932386,1.2022188556244986,-2.9024476416213747,0.00021167219300535566,-1.5490673224078577,-1.677518669758932,-1.4577668348895472,-1.5769737402545374,1.5708345174789429,-0.7636607328998011,0
37,1788171669.4887326,-0.09652661974041321,-0.5362925741206646,0.2858207942812615,-1.20210892625976,2.902379954969654,0.00020006781475576623,-1.547232453023092,-1.68164569536318,-1.45335561433901,-1.5775483290301722,1.5708585977554321,-0.7617777029620569,0
38,1788171669.52788,-0.09576140499516157,-0.5378526539793906,0.2858083761292014,-1.2020742354458982,2.9023960197160217,0.000142564776596489,-1.5458772818194788,-1.6850159803973597,-1.4496153036700647,-1.577883545552389,1.5708705186843872,-0.7603982130633753,0
39,1788171669.568899,-0.09496252908159443,-0.5394241764822044,0.285992257670194,-1.2018421483663435,2.9024776740596163,0.00019807791614205163,-1.5444625059710901,-1.6884468237506312,-1.4452765623675745,-1.5788291136371058,1.5708705186843872,-0.758827034627096,0
40,1788171669.612252,-0.09418674036237076,-0.5410324992805935,0.2871163313495827,-1.2015591900535514,2.902732077253284,-0.00027005667953534837,-1.5430954138385218,-1.6918061415301722,-1.4386962095843714,-1.581726376210348,1.5708585977554321,-0.7572315374957483,0
41,1788171669.6529229,-0.0934251099390234,-0.5429891775421557,0.28935596372710437,1.1996155990260322,-2.90350249907569,0.0003007433212626279,-1.5417760054217737,-1.6962202231036585,-1.4279912153827112,-1.587987248097555,1.5708345174789429,-0.7545812765704554,0
42,1788171669.6909022,-0.09285441164878935,-0.5445615135774824,0.2921593012201875,1.1973859938055977,-2.9044220694833567,0.0004115904148449875,-1.5408170858966272,-1.6998546759234827,-1.4167245070086878,-1.595553223286764,1.5708585977554321,-0.7520869413958948,0
43,1788171669.7322233,-0.09236382104292984,-0.546107415885543,0.2954615155231649,1.1945957186056384,-2.905561653706934,0.00034158493989479586,-1.5399892965899866,-1.7036097685443323,-1.404006306325094,-1.6045549551593226,1.5708345174789429,-0.7493403593646448,0
44,1788171669.7724454,-0.09182979148935892,-0.5476599296983934,0.2985139032751766,-1.1905102191230457,2.907117711579992,0.00041518506134902134,-1.5391019026385706,-1.7076881567584437,-1.3914206663714808,-1.6135810057269495,1.5708465576171875,-0.7456706205951136,0
45,1788171669.8171663,-0.09123832017557536,-0.5492545765752339,0.30172961333227943,-1.186628688725579,2.908724788716088,0.00039210957550651367,-1.5381067434894007,-1.711634937916891,-1.378679100667135,-1.6223552862750452,1.5708345174789429,-0.7420008818255823,0
46,1788171669.8603492,-0.09042430623967043,-0.5508761994423055,0.30504826307386645,-1.1829341819352726,2.9103425853463345,-0.00016314328077666806,-1.5367277304278772,-1.7154610792743128,-1.3658774534808558,-1.6309626738177698,1.5708585977554321,-0.7380550543414515,0
47,1788171669.9025545,-0.08931596401668802,-0.5526151820950913,0.3087685542344959,-1.1785094008212988,2.9119617046238186,0.0006488920978470111,-1.5348084608661097,-1.7201159636126917,-1.3508465925799769,-1.6418798605548304,1.5708345174789429,-0.7331379095660608,0
48,1788171669.9443157,-0.08827700484370855,-0.5541134520785507,0.3120777828461787,-1.1748698616521513,2.913618323394672,1.2815082227438295e-05,-1.5330103079425257,-1.7236908117877405,-1.3383329550372522,-1.6503790060626429,1.5708105564117432,-0.7287963072406214,0
49,1788171669.9874475,-0.08713549627228347,-0.555537562348517,0.3152775044686441,-1.1708309423995376,2.9152404545504798,-0.00014224312167175087,-1.5310552755938929,-1.7273138205157679,-1.3259390036212366,-1.659057919179098,1.5708465576171875,-0.7240703741656702,0
50,1788171670.027442,-0.08573397300874559,-0.5571554382154051,0.31895923583392827,-1.164354827792407,2.9177171751303006,0.00028063081383340066,-1.528644863759176,-1.7317279020892542,-1.311268154774801,-1.6696041266070765,1.5708585977554321,-0.7172463575946253,0
51,1788171670.0683422,-0.08452258743319922,-0.5584570816483343,0.32175803903131545,-1.1580553763191304,2.920176969914528,0.00036471159290023367,-1.5265701452838343,-1.7351949850665491,-1.3000009695636194,-1.6774686018573206,1.5708825588226318,-0.7108662764178675,0
52,1788171670.112265,-0.08326255249000808,-0.5597992867827718,0.3240199900213259,-1.1528185556829944,2.9223072968355437,0.000525365073994507,-1.5243762175189417,-1.7386615912066858,-1.290088955556051,-1.6839926878558558,1.570798635482788,-0.7050731817828577,0
53,1788171670.153734,-0.0820230104595502,-0.5611519774123468,0.3259814879061415,-1.148389385235273,2.9241200017499844,-6.257538362383637e-05,-1.5222891012774866,-1.7418769041644495,-1.2813389937030237,-1.6891520659076136,1.5708585977554321,-0.6999395529376429,0
54,1788171670.198462,-0.08055085731739801,-0.5628231257969236,0.32748368830761165,1.14479291121111,-2.925580293126863,0.00027441439101131285,-1.519794766102926,-1.7458232084857386,-1.2728288809405726,-1.6935694853412073,1.5708465576171875,-0.6949742476092737,0
55,1788171670.2408059,-0.07928520336985158,-0.5641275794684137,0.32814331072488,-1.143317543011133,2.9261037443179836,7.071663870679216e-05,-1.5176485220538538,-1.7489307562457483,-1.2673752943622034,-1.6961429754840296,1.5708345174789429,-0.6918318907367151,0
56,1788171670.283975,-0.07806595088131138,-0.5654134331045504,0.32836884282916073,-1.1428739297421857,2.926260859151272,0.00014349445404229324,-1.5155976454364222,-1.7517855803119105,-1.2633722464190882,-1.6973398367511194,1.5708345174789429,-0.6894815603839319,0
57,1788171670.3278463,-0.07654466802231454,-0.5668904585747602,0.3278224556901609,-1.1430767265779314,2.926160407994955,0.0001792223311246226,-1.513043228779928,-1.7547724882708948,-1.2611907164203089,-1.6965621153460901,1.5708465576171875,-0.6870706717120569,0
58,1788171670.3699782,-0.07509812182625326,-0.5679740193776545,0.32640357333214853,-1.1433248441849275,2.9259701902442803,0.0004808788326631335,-1.510597054158346,-1.7566679159747522,-1.2625091711627405,-1.6935575644122522,1.5708705186843872,-0.6848157087909144,0
59,1788171670.4130192,-0.07365145159110195,-0.5689303564943214,0.32443240882649205,-1.1431033626731006,2.92623268349951,-0.00019531179400055935,-1.5081260840045374,-1.7577112356769007,-1.266428295766012,-1.6881349722491663,1.5708465576171875,-0.6821525732623499,0
60,1788171670.4562457,-0.07173683392762413,-0.5696891656454256,0.320842449366891,-1.1429862239198967,2.9261428187707854,0.000492430892743044,-1.5048168341266077,-1.7582514921771448,-1.2748788038836878,-1.6795995871173304,1.5708345174789429,-0.6787946859942835,0
61,1788171670.4992628,-0.07016002611255512,-0.5704697330008569,0.3175879681345757,-1.1420465520778127,2.926586244667922,1.3611605832599012e-05,-1.5021303335772913,-1.7586830298053187,-1.2827776114093226,-1.6709569136248987,1.5708585977554321,-0.675448242818014,0
62,1788171670.5411217,-0.06826878248374248,-0.5713755408786053,0.31376513636474423,-1.1397211456195064,2.927521129901013,7.304789826543582e-06,-1.4988921324359339,-1.7594507376300257,-1.2916467825519007,-1.6613081137286585,1.5708345174789429,-0.6706145445453089,0
63,1788171670.5838623,-0.06670370934662319,-0.5721942098647064,0.31061965544309816,-1.1363856077766326,2.9288240938018344,-8.895650003872347e-05,-1.496241871510641,-1.7603142897235315,-1.2986705938922327,-1.6533601919757288,1.5708465576171875,-0.6656845251666468,0
64,1788171670.628486,-0.06509624270312445,-0.5729618754673036,0.30733696951249,-1.131901092523813,2.9304951570729165,0.00029336714841012436,-1.4935076872455042,-1.7612622419940394,-1.3058622519122522,-1.645470921193258,1.5708345174789429,-0.6599038282977503,0
65,1788171670.6710467,-0.06317531010885573,-0.5739095956378816,0.3035454552502227,-1.1251816921778732,2.933075465654461,0.00019657990645669503,-1.4902694861041468,-1.762390438710348,-1.3142049948321741,-1.635942284260885,1.5708585977554321,-0.6520832220660608,0
66,1788171670.7104106,-0.061573805450693554,-0.574630728914036,0.3006298413443047,-1.1190356037176956,2.9355195834061445,-0.00027617172943598137,-1.4875596205340784,-1.7631219069110315,-1.3208449522601526,-1.6282570997821253,1.5708585977554321,-0.6451628843890589,0
67,1788171670.7521226,-0.05995991400584764,-0.5751934455415184,0.29766714429837815,-1.1129775786750133,2.9378252214140472,-0.00015981607409434567,-1.4848011175738733,-1.7637336889850062,-1.3276532332049769,-1.6209071318255823,1.5708345174789429,-0.638277832661764,0
68,1788171670.7954893,-0.05837859822543237,-0.575804102755123,0.2946126823968166,-1.1063351162684216,2.940289873300455,-4.594129054494399e-06,-1.4821270147906702,-1.7645495573626917,-1.3344371954547327,-1.613413159047262,1.5708465576171875,-0.6310933271991175,0
69,1788171670.84112,-0.056400666444624326,-0.5765188514485987,0.29097322813956555,-1.0988847399157318,2.943123394970063,-0.0002981993180845474,-1.4787810484515589,-1.7653768698321741,-1.3427680174456995,-1.6040642897235315,1.5708585977554321,-0.6226728598224085,0
70,1788171670.884229,-0.054871775248846254,-0.5770074362099227,0.28805076421929476,-1.0918296444855211,2.9456168388277475,0.0003484625591677398,-1.4761908690081995,-1.7662408987628382,-1.3490727583514612,-1.5973246733294886,1.5708705186843872,-0.6153195540057581,0
71,1788171670.9296706,-0.05292115585114085,-0.5777081915659767,0.285719593423455,-1.0839215269825095,2.948623048149166,0.0001635397386719555,-1.4728806654559534,-1.7672966162311,-1.3537715117083948,-1.5914352575885218,1.5708225965499878,-0.6066234747516077,0
72,1788171670.9734197,-0.051368013099157825,-0.5783069897444436,0.284624386212074,-1.078556337848795,2.95063070230668,-0.00014552463488978678,-1.4702780882464808,-1.7682564894305628,-1.3554490248309534,-1.588597599660055,1.5708345174789429,-0.6003740469561976,0
73,1788171671.015414,-0.04941574955644025,-0.5789556375114471,0.28436818211121945,-1.0735779313523262,2.9524356194204735,-0.00032188321803454904,-1.467004124318258,-1.7693594137774866,-1.3547900358783167,-1.5880468527423304,1.5708705186843872,-0.5937288443194788,0
74,1788171671.059755,-0.0478619476609545,-0.5794702279191458,0.28446919053911635,1.0707344382468615,-2.9534398361650602,0.0005809509588289697,-1.4643777052508753,-1.7701996008502405,-1.3535555044757288,-1.5882623831378382,1.5708345174789429,-0.5891826788531702,0
75,1788171671.1023018,-0.045899986612786194,-0.5801225060378733,0.2844139921973605,1.0692572746145963,-2.954013255837242,0.000437207030900561,-1.4610918203936976,-1.7714594046222132,-1.3521416823016565,-1.5885136763202112,1.5708465576171875,-0.5848882834063929,0
76,1788171671.1461918,-0.04430821099379043,-0.5806366196549241,0.28434770215549643,-1.0689971021457796,2.9540713333890856,-9.42022433942644e-05,-1.4584296385394495,-1.772538963948385,-1.3509424368487757,-1.588860813771383,1.5708585977554321,-0.5820577780352991,0
77,1788171671.1902833,-0.042348117156620756,-0.5808907616913223,0.28439567660779397,-1.0690458454323901,2.9540981590310933,-0.00029154424361510446,-1.455071274434225,-1.7727306524859827,-1.3506186644183558,-1.588860813771383,1.5708465576171875,-0.5787227789508265,0
78,1788171671.2325237,-0.04075196097263189,-0.5810461310798838,0.28440724890153013,-1.068846761961649,2.954159930455293,-0.0003133034490299198,-1.4523370901690882,-1.7728269735919397,-1.3504746595965784,-1.5888970533954065,1.5708585977554321,-0.5758560339557093,0
79,1788171671.2750793,-0.03916923677234626,-0.5812180333886184,0.2844362961097625,-1.0686508047826597,2.954230347172794,-0.00031395582223538935,-1.4496267477618616,-1.772982422505514,-1.3502114454852503,-1.5890043417560022,1.5708585977554321,-0.5730131308185022,0
80,1788171671.3164415,-0.037529183751189944,-0.5814170597958224,0.28444366907689944,-1.0689009002646204,2.9541488584722173,-0.00029070118872432814,-1.446820084248678,-1.7732108275042933,-1.3499115149127405,-1.589088265095846,1.5708465576171875,-0.570373837147848,0
81,1788171671.3589509,-0.03564903318750638,-0.5816989268275577,0.28442803321895094,-1.0689091711698706,2.9541189034201496,-2.995805413343989e-05,-1.443618122731344,-1.7737024466144007,-1.3493121306048792,-1.5893634001361292,1.5708345174789429,-0.5671833197223108,0
82,1788171671.402151,-0.03401610464048868,-0.5818505476777556,0.284338277549453,-1.0691710988342389,2.9539578863549956,0.0004126731762622456,-1.4408233801471155,-1.7739904562579554,-1.3491204420672815,-1.589555565510885,1.5708345174789429,-0.56458026567568,0
83,1788171671.4414654,-0.03248420169837962,-0.5820080592700764,0.2844065262161104,-1.0690303026684096,2.9540156261740513,0.00010684655886435432,-1.438221279774801,-1.774062458668844,-1.3489049116717737,-1.5895074049579065,1.5708705186843872,-0.5618813673602503,0
84,1788171671.4842079,-0.03088559809862908,-0.5823498420063631,0.2844440261254762,-1.068943631927771,2.954057855611014,3.401022984237904e-05,-1.4355347792254847,-1.7746623198138636,-1.3480895201312464,-1.589675251637594,1.5708705186843872,-0.5591338316546839,0
85,1788171671.5275617,-0.028975272701748205,-0.5829011011102951,0.28441478562650535,-1.0688037816114357,2.9541160292394797,0.0003453116238266055,-1.4323447386371058,-1.7758739630328577,-1.3466394583331507,-1.5901058355914515,1.5708225965499878,-0.555847469960348,0
86,1788171671.5697298,-0.027348122230326906,-0.5834262961957004,0.2844565676731228,-1.068733394119266,2.9541988645310417,3.716472886977292e-05,-1.4296582380877894,-1.7768576780902308,-1.3453806082354944,-1.5901778380023401,1.5708105564117432,-0.553100887929098,0
87,1788171671.6122165,-0.025722561396431518,-0.5839561154599213,0.2844002413004742,-1.0687749952676024,2.9541509366397327,8.686331548940695e-05,-1.426995579396383,-1.7779973188983362,-1.3441222349749964,-1.5903337637530726,1.5708345174789429,-0.5504735151873987,0
88,1788171671.6566527,-0.02378487269129003,-0.5845866309427874,0.2843827228051017,-1.0689895773296194,2.9540835648069796,1.370509435731302e-05,-1.4238174597369593,-1.7793167273150843,-1.3425639311419886,-1.590524975453512,1.5708345174789429,-0.5474384466754358,0
89,1788171671.6987708,-0.022196707196141252,-0.5850243776507179,0.284303346276359,-1.0689727789172319,2.954039366039933,0.00028850274925174604,-1.4212029615985315,-1.7803366819964808,-1.341473404561178,-1.590776268635885,1.5708465576171875,-0.5448234716998499,0
90,1788171671.7383802,-0.02026428683777437,-0.5854743230752272,0.2843614569051902,-1.0692823699849698,2.9539549891779355,8.610702958015852e-05,-1.4180005232440394,-1.7811997572528284,-1.3402989546405237,-1.5909560362445276,1.5708465576171875,-0.5418246428119105,0
91,1788171671.7779233,-0.01897457334465844,-0.5857710649445205,0.2843858664328954,-1.0695120308096226,2.953872062781154,8.557200525309924e-05,-1.415865723286764,-1.7818239370929163,-1.339471165333883,-1.5911591688739222,1.5708465576171875,-0.5398452917682093,0
92,1788171671.820166,-0.017426508791112696,-0.5860994052086423,0.28454136687372206,-1.070337614445461,2.953556168839217,0.00021597528997633874,-1.4132993857013147,-1.7825678030597132,-1.3381412664996546,-1.5918296019183558,1.5708465576171875,-0.5378416220294397,0
93,1788171671.860469,-0.015473273159507193,-0.5864934678097633,0.2849575894686045,-1.0736993451393604,2.9523290305295014,0.00027067850535836046,-1.4100611845599573,-1.7834437529193323,-1.3359954992877405,-1.5931347052203577,1.5708465576171875,-0.5368817488299769,0
94,1788171671.898689,-0.014268689205527874,-0.586756564636368,0.28533431683517074,-1.0766620373379852,2.9512712740675133,0.0004093813385348266,-1.4080584684955042,-1.784079376851217,-1.33423358598818,-1.5943439642535608,1.5708105564117432,-0.5368817488299769,0
95,1788171671.9380429,-0.012607939912309653,-0.5871463637991123,0.2860018419827093,-1.081547410802236,2.949489050600545,-3.21305638337798e-05,-1.4053476492511194,-1.784835163746969,-1.3316686789142054,-1.5958760420428675,1.5708585977554321,-0.5374816099749964,0
96,1788171671.9789212,-0.01108503614588391,-0.5874192957758732,0.2866631144576266,-1.0868700398422926,2.947530824462266,0.00038526685472737345,-1.4028051535235804,-1.7856147925006312,-1.3289597670184534,-1.5980666319476526,1.5708105564117432,-0.5385497252093714,0
97,1788171672.018803,-0.009148030056657408,-0.5877987000208755,0.2876947691488516,-1.0955128615203544,2.944338733993709,0.00021027433825177445,-1.3996146360980433,-1.786478344594137,-1.325291935597555,-1.6007598082171839,1.5708225965499878,-0.5412247816668909,0
98,1788171672.057601,-0.007861317964225631,-0.5880803654598663,0.2884853361691126,-1.1019143483487603,2.941987017744935,-8.863270436766978e-05,-1.3975041548358362,-1.7870782057391565,-1.322583023701803,-1.6026752630816858,1.5708225965499878,-0.5434559027301233,0
99,1788171672.0978856,-0.006248295417033509,-0.5883330972710977,0.2896214943451856,-1.1109567557251108,2.938571501109498,-0.0001920212198845106,-1.39484149614443,-1.7877143065081995,-1.3189156691180628,-1.6056440512286585,1.5708465576171875,-0.5469468275653284,0
100,1788171672.1380978,-0.00459003226666667,-0.588590439856793,0.2908032397499371,-1.1215887967490246,2.9345127866062564,-0.00026086054246934496,-1.392106835042135,-1.7883976141559046,-1.3150675932513636,-1.6087687651263636,1.5708705186843872,-0.5514572302447718,0
101,1788171672.1775253,-0.0030258143258945266,-0.5887674421050191,0.2921345526174845,-1.1332484999714825,2.9300297077440556,-5.672439531692792e-05,-1.3894918600665491,-1.7890093962298792,-1.3108847776996058,-1.6124675909625452,1.5708465576171875,-0.5567949453936976,0
102,1788171672.2152033,-0.0014214998607142513,-0.5890471636755513,0.2938366688735079,1.1456058694099227,-2.9252611590556947,0.0004695226929238026,-1.3868535200702112,-1.789717976246969,-1.3057306448565882,-1.616645638142721,1.5708465576171875,-0.5625889937030237,0
103,1788171672.254925,0.00017019611255216595,-0.5893906092353216,0.29513181745686,-1.1569457224281174,2.920739382422585,0.00025173619514442505,-1.3842514196978968,-1.7909773031817835,-1.3007562796222132,-1.6208236853228968,1.5708225965499878,-0.567758862172262,0
104,1788171672.2951968,0.0017700682015101062,-0.5898726719748628,0.29607217350796855,-1.167036842486364,2.9166941950553045,0.0001622094534075409,-1.3817084471331995,-1.7922728697406214,-1.2967646757708948,-1.6234687010394495,1.5708585977554321,-0.5721371809588831,0
105,1788171672.3345287,0.003431224076527303,-0.590274063769501,0.29689332698997695,-1.1760665094829514,2.9130410624213847,0.0004400042163687033,-1.379021946583883,-1.7934964338885706,-1.2931092421161097,-1.6260784308062952,1.5708465576171875,-0.5756519476519983,0
106,1788171672.3734057,0.004992863836640557,-0.5907175980189778,0.2976752665337732,-1.1841575669631608,2.909783975892656,0.00027086452564007736,-1.3765276114093226,-1.7946718374835413,-1.2896812597857874,-1.62822133699526,1.5708465576171875,-0.5787103811847132,0
107,1788171672.4154856,0.00661333962853128,-0.591188679458715,0.2983394923627506,-1.190809351533788,2.907132652222657,-0.0002114183744673387,-1.3739483992206019,-1.7957995573626917,-1.2866604963885706,-1.6298015753375452,1.5708465576171875,-0.5806897322284144,0
108,1788171672.4548552,0.008175464232666982,-0.5915810529906746,0.298856039629136,-1.196475007494553,2.9048083527329998,-0.0001342658877775782,-1.371441666279928,-1.796927277241842,-1.2839282194720667,-1.631453816090719,1.5708345174789429,-0.5820816198932093,0
109,1788171672.4953852,0.009762303165377934,-0.5919836393648436,0.29918832146272073,-1.2009379795886985,2.9029312123800053,2.767215368328495e-05,-1.368911091481344,-1.798103157673971,-1.281590763722555,-1.6327226797686976,1.5708465576171875,-0.5826333204852503,0
110,1788171672.5366323,0.01140511796151211,-0.5923669566601489,0.2987492668566841,-1.2044181496046267,2.901439384096984,0.00030379174177463204,-1.3662846724139612,-1.7991707960711878,-1.2813389937030237,-1.6320880095111292,1.5708585977554321,-0.5824173132525843,0
111,1788171672.579194,0.013008196692808921,-0.5928303801687935,0.29757410489086755,-1.2068253457347828,2.9004553837516935,0.00018116582340315464,-1.363753620778219,-1.800190273915426,-1.2830889860736292,-1.6292389074908655,1.5708585977554321,-0.5815418402301233,0
112,1788171672.6207445,0.014915436625036966,-0.5932617229430811,0.2951613787753775,-1.2086488781930858,2.8997394251035695,0.0003593047453061634,-1.3606832663165491,-1.8011019865619105,-1.2880871931659144,-1.6234329382525843,1.570798635482788,-0.5797184149371546,0
113,1788171672.665125,0.01646301369589263,-0.5936570027134359,0.29230217088995236,-1.209333926129312,2.8993758669118637,0.00035367475642920107,-1.358260456715719,-1.8018577734576624,-1.2944396177874964,-1.6163342634784144,1.5708705186843872,-0.5777872244464319,0
114,1788171672.7090337,0.018130207894155034,-0.5938811770839842,0.28908914739815306,-1.2097040683069582,2.8993351356983927,-0.00023039441579932276,-1.3555377165423792,-1.8019898573504847,-1.302565876637594,-1.6076911131488245,1.5708345174789429,-0.575291935597555,0
115,1788171672.752921,0.020047923208011183,-0.5938804901350959,0.2852174586592214,-1.2100570814947287,2.89915612515096,-8.472489853546539e-05,-1.3523357550250452,-1.8018935362445276,-1.3125384489642542,-1.5979111830340784,1.5708465576171875,-0.572341267262594,0
116,1788171672.7922833,0.021633327381504537,-0.594098953927905,0.28203812475424844,-1.2100973356673237,2.899157275408455,-0.00023356392228217034,-1.3497689406024378,-1.802337948475973,-1.3201144377337855,-1.5897944609271448,1.5708465576171875,-0.5697978178607386,0
117,1788171672.8355849,0.023251298998112218,-0.5945081611880854,0.2788301658518647,-1.210304807696821,2.899016549201932,-0.00011547285589703766,-1.3472378889666956,-1.8034294287311,-1.3269103209124964,-1.581989590321676,1.5708825588226318,-0.567423168812887,0
118,1788171672.8776727,0.025146556123069746,-0.5952427773081312,0.2749322593284723,-1.2103207347755105,2.899056642725573,-0.00017797705329015317,-1.3443473021136683,-1.8053367773639124,-1.3344734350787562,-1.5724723974811,1.5708465576171875,-0.5645321051227015,0
119,1788171672.92008,0.026780372808207,-0.5959294078984771,0.2716737160086281,-1.2104849999508998,2.898962131277383,-7.093898751938146e-05,-1.341900650654928,-1.8072565237628382,-1.3403585592852991,-1.5647385756122034,1.5708585977554321,-0.5622051397906702,0
120,1788171672.962536,0.028245258259106433,-0.5967701729369804,0.26846609233729724,-1.2103812956290945,2.8989587232628726,0.00022173160984368482,-1.3398016134845179,-1.8096674124347132,-1.3454645315753382,-1.5574124495135706,1.5708705186843872,-0.5600460211383265,0
121,1788171673.006061,0.029532069350006965,-0.5980577851987108,0.2652265251706636,-1.2101584155189344,2.899060588070207,0.0002619862909685112,-1.338170353566305,-1.8131220976458948,-1.3493722120868128,-1.5500739256488245,1.5708585977554321,-0.5582588354693812,0
122,1788171673.05135,0.03092835695405148,-0.599716326986644,0.2615695519002619,1.2103711828342845,-2.899033603735411,0.0005796314108127721,-1.3365033308612269,-1.817272965108053,-1.353591267262594,-1.5411551634417933,1.5708225965499878,-0.5567234198199671,0
123,1788171673.093691,0.03194715548985452,-0.6015235723681739,0.2576421660948951,-1.2105103436012605,2.8989761753108416,-5.6952334419407225e-05,-1.335543457661764,-1.8223236242877405,-1.3571274916278284,-1.5329073111163538,1.5708345174789429,-0.555859390889303,0
124,1788171673.136251,0.032640523532664265,-0.6031514507183269,0.25446216709875635,-1.211799273897239,2.898445432605613,-0.0002455599123823747,-1.3350518385516565,-1.8266423384295862,-1.3597763220416468,-1.5258200804339808,1.5708465576171875,-0.5562551657306116,0
125,1788171673.1801455,0.033052358890446415,-0.6047174727869181,0.25122909162191265,-1.2142368175432876,2.897436689867178,5.233033388985483e-06,-1.3349798361407679,-1.830972973500387,-1.3624613920794886,-1.5189603010760706,1.5708105564117432,-0.5578625837909144,0
126,1788171673.224392,0.033481450030366525,-0.606652233212802,0.24736148834730085,-1.2183072012670657,2.8956946821013205,-5.4212200345178065e-05,-1.3350518385516565,-1.8362515608416956,-1.3655779997455042,-1.5105326811419886,1.5708465576171875,-0.5607531706439417,0
127,1788171673.2686245,0.03367997972489276,-0.6082529093008926,0.24442567816438462,1.2230757980163125,-2.893715560895196,0.00028745423763363795,-1.3353398481952112,-1.8405340353595179,-1.367603603993551,-1.5040681997882288,1.5708105564117432,-0.5643280188189905,0
128,1788171673.3125193,0.03381746657354926,-0.6101819699706857,0.24152494061784474,-1.2300919473553555,2.890712879005582,-9.296363919147461e-05,-1.3358796278582972,-1.8458011786090296,-1.368178669606344,-1.4983575979815882,1.5708465576171875,-0.5697262922870081,0
129,1788171673.357343,0.0338377936210544,-0.611735257925067,0.2396834120344061,-1.2370609679817137,2.8876973933370818,2.225754194163239e-05,-1.3364556471454065,-1.8499515692340296,-1.3674834410296839,-1.4949811140643519,1.5708705186843872,-0.5751364866839808,0
130,1788171673.4021986,0.033839222904132944,-0.6136537153520242,0.23778489657229337,-1.244601635049467,2.8845305557932748,5.686184035151365e-05,-1.3371627966510218,-1.8549664656268519,-1.3658059279071253,-1.4916537443744105,1.570798635482788,-0.5810502211200159,0
131,1788171673.4444728,0.03383485661617937,-0.6152572909037176,0.23647583268777164,-1.2494832150154784,2.882385003904119,0.00022758369762904045,-1.3377864996539515,-1.8591769377337855,-1.3636239210711878,-1.4897378126727503,1.5708105564117432,-0.5850685278521937,0
132,1788171673.4884083,0.03385912382503062,-0.6171687576336505,0.23538692164904715,-1.2536044879278236,2.8805723317793857,0.00019350287220507996,-1.3384822050677698,-1.8640359083758753,-1.360040012990133,-1.4884451071368616,1.5708345174789429,-0.588630501423971,0
133,1788171673.530795,0.03387817062613126,-0.6187621663757724,0.23494495726448533,-1.255706606770779,2.879687137098865,-0.0001563754341246672,-1.339057747517721,-1.8678863684283655,-1.3561566511737269,-1.4882538954364222,1.5708465576171875,-0.5906580130206507,0
134,1788171673.57269,0.03393619933022857,-0.6206697972116966,0.23460324436344487,-1.2569411057616473,2.879124622438461,3.293653699326736e-05,-1.3396814505206507,-1.8726733366595667,-1.3506787459002894,-1.4890673796283167,1.5708465576171875,-0.5921452681170862,0
135,1788171673.6153855,0.03405553169200999,-0.6222569004385287,0.23462003556741398,-1.2567261385391122,2.8791957028817965,0.00010686764907706985,-1.3400891462909144,-1.8765843550311487,-1.345440689717428,-1.4904444853412073,1.5708585977554321,-0.5924094359027308,0
136,1788171673.6579275,0.03479429538858925,-0.6239069010823888,0.23469108729425753,-1.2567747423324542,2.8792152731987444,-0.00031938374598092066,-1.3395379225360315,-1.8805549780475062,-1.3400471846209925,-1.4915936628924769,1.5708705186843872,-0.5918815771685999,0
137,1788171673.7011812,0.03528425285071131,-0.6254527411400651,0.23458262528300672,-1.2562319637977757,2.8794284567033053,0.00028806246041421566,-1.3393214384662073,-1.8846219221698206,-1.334808651600973,-1.4931495825396937,1.5708225965499878,-0.5912941137896937,0
138,1788171673.7442837,0.03598742511631082,-0.627378013636994,0.23453254414767227,-1.2542731587132512,2.880265631456972,0.00021070882404573523,-1.338938061391012,-1.8894203344928187,-1.3285277525531214,-1.4945862928973597,1.5708465576171875,-0.5895546118365687,0
139,1788171673.7878163,0.036553919584851075,-0.628987617955453,0.23441041213342312,-1.251525095676145,2.8814589717590793,0.00011978570654799742,-1.3386500517474573,-1.8934395948993128,-1.3234580198871058,-1.495580021535055,1.5708585977554321,-0.5873592535602015,0
140,1788171673.8267937,0.03725355814476173,-0.6309216183004545,0.2342494486580073,-1.2468809471180091,2.883490999340586,7.244550922241115e-05,-1.338266674672262,-1.8982980887042444,-1.3173330465899866,-1.4968135992633265,1.5708465576171875,-0.5837486425982874,0
141,1788171673.8685167,0.037695572147261845,-0.6321999450189723,0.23412854561665894,-1.2428296544810016,2.88522774179121,-0.00015702634117290503,-1.338062588368551,-1.9014533201800745,-1.313413445149557,-1.4974358717547815,1.5708825588226318,-0.5807383696185511,0
142,1788171673.9101126,0.0384053608138497,-0.6341764699594247,0.23371881422107244,-1.2348603930193875,2.8886852800911633,-0.00025435400404770416,-1.3376787344561976,-1.9064562956439417,-1.3076966444598597,-1.498082462941305,1.5708585977554321,-0.5748241583453577,0
143,1788171673.9534519,0.038975612764712425,-0.6358195331078068,0.23328288618153153,1.2269310626401992,-2.892089929614592,0.0004479994719008087,-1.3373907248126429,-1.9105952421771448,-1.3032134214984339,-1.4982975164996546,1.5708345174789429,-0.5690425078021448,0
144,1788171673.9983087,0.03952097161791016,-0.6374153239660131,0.23279541479626617,1.2183012252156933,-2.8957248602338694,0.0006676370654275381,-1.3371384779559534,-1.9146259466754358,-1.2989948431598108,-1.498345677052633,1.5708465576171875,-0.5628288427935999,0
145,1788171674.0423026,0.040184800786403414,-0.6393125099908709,0.23199896200407671,-1.2061666072409776,2.9008004489965886,-0.0004230739790502181,-1.33681565919985,-1.919640843068258,-1.2941277662860315,-1.4983575979815882,1.5708585977554321,-0.5541322867022913,0
146,1788171674.0865128,0.04071978093325411,-0.640892245777141,0.23122679793415643,-1.1946368655272726,2.9055612876156585,-0.00013071539634546307,-1.3365634123431605,-1.923863712941305,-1.2902568022357386,-1.4981902281390589,1.5708345174789429,-0.545938793812887,0
147,1788171674.1312845,0.04140163298125578,-0.6427443075337156,0.23045124473721032,-1.1819546430772734,2.9107393786862636,2.779422066750878e-05,-1.336191479359762,-1.9287460486041468,-1.2854865233050745,-1.4981783072101038,1.5708225965499878,-0.5368459860431116,0
148,1788171674.1759112,0.04211531927360462,-0.6446970717857702,0.22973229474024592,-1.170373361728296,2.9153712694414464,-5.118389510914058e-05,-1.3358314673053187,-1.9338086287127894,-1.280332390462057,-1.4982259909259241,1.5708705186843872,-0.5285452047931116,0
149,1788171674.2188008,0.0427144109716189,-0.6463025540366618,0.22918428550655395,-1.162504800437503,2.918533420259143,5.313217445353416e-05,-1.3354957739459437,-1.9380195776568812,-1.2758734861956995,-1.4985373655902308,1.5708465576171875,-0.5228107611285608,0
150,1788171674.262569,0.04339559953350774,-0.6481667667287069,0.22868427994608692,-1.1544096137916513,2.921733873213577,0.00030301057012883524,-1.3351357618915003,-1.9429381529437464,-1.270263973866598,-1.4993870894061487,1.5708345174789429,-0.5169089476214808,0
151,1788171674.3032885,0.04402620044342016,-0.6497701407182499,0.22824960620608972,-1.148739031434353,2.923944876909765,0.0005510212636536463,-1.3347638289081019,-1.9471972624408167,-1.26538592973818,-1.5001652876483362,1.5708345174789429,-0.5126622358905237,0
152,1788171674.3485239,0.044648687686870844,-0.6513685547756823,0.22796250431079434,-1.1440923381684696,2.92577346707868,0.0004815370456311493,-1.3344042936908167,-1.9513123671161097,-1.2603638807879847,-1.5010274092303675,1.5708345174789429,-0.5091236273394983,0
153,1788171674.3933783,0.04543769762764454,-0.6533867756940228,0.22779212447707453,-1.1405996038954505,2.9271906415264186,-9.272534459917751e-05,-1.3339484373675745,-1.9563148657428187,-1.2538555304156702,-1.5021641890155237,1.5708345174789429,-0.506268326436178,0
154,1788171674.4359486,0.046114727416516996,-0.6549794952373105,0.22768378836068556,-1.1391637089344018,2.9277636563328757,-0.0001042873418994836,-1.3335049788104456,-1.9604299704181116,-1.2483304182635706,-1.5035651365863245,1.5708225965499878,-0.5048406759845179,0
155,1788171674.4769683,0.04693685433981127,-0.6569203419002971,0.22781834372102566,1.1385391917269279,-2.9279762806571457,0.0008473930814653763,-1.3329771200763147,-1.9651568571673792,-1.2414143721209925,-1.5052769819842737,1.5708225965499878,-0.5038932005511683,0
156,1788171674.5194361,0.0479059934033303,-0.6580460728693044,0.22760700769942818,-1.1386733898329409,2.927908097443022,0.00011874697192048373,-1.3319457213031214,-1.9685400168048304,-1.2370031515704554,-1.5069287459002894,1.5708465576171875,-0.5029571692096155,0
157,1788171674.5606296,0.04944628741106059,-0.6585578548790575,0.22760303981822771,-1.1392331877315347,2.9276819800616165,0.00021399055993894667,-1.329834286366598,-1.970147434865133,-1.2347138563739222,-1.5076716581927698,1.5708465576171875,-0.5012300650226038,0
158,1788171674.6057482,0.051024001584757506,-0.6584723155842797,0.22761620498463497,-1.1390863427246847,2.927723881471543,9.653606446087671e-05,-1.3274596373187464,-1.9701951185809534,-1.2346299330340784,-1.5076354185687464,1.5708705186843872,-0.498758618031637,0
159,1788171674.6499069,0.05291334881350099,-0.6575857038520284,0.22759957529273775,-1.138772731914994,2.9278556517033727,0.0002881755959879925,-1.3243053595172327,-1.9684084097491663,-1.237182919179098,-1.506988827382223,1.5708465576171875,-0.4953878561602991,0
160,1788171674.6936011,0.05448991249091241,-0.6567468023392975,0.2275897371630239,-1.1385056334142138,2.927952031076373,0.00022895010312629804,-1.3216427008258265,-1.9666083494769495,-1.239772144948141,-1.5061629454242151,1.5708585977554321,-0.4925444761859339,0
161,1788171674.7364101,0.056322990318316155,-0.6556154294363626,0.22756840882800186,-1.1382311808533587,2.9280790811589505,-1.4587732431123404e-05,-1.3184760252581995,-1.9640772978412073,-1.2434518972979944,-1.5048578421222132,1.5708585977554321,-0.4891856352435511,0
162,1788171674.7798746,0.05782018423453911,-0.6545610621069572,0.22771477646440155,-1.1385325658523548,2.9279716424799163,-0.0002992187606348963,-1.3158372084247034,-1.9616416136371058,-1.2465680281268519,-1.5039961973773401,1.5708705186843872,-0.4867504278766077,0
163,1788171674.8237405,0.05954303260564504,-0.6532542381669185,0.22752377054305942,-1.1386062591530444,2.9279028922157546,0.0005447681220148179,-1.3127425352679651,-1.9590862433062952,-1.2505353132831019,-1.5031221548663538,1.5708465576171875,-0.4837153593646448,0
164,1788171674.8623247,0.06099355148182591,-0.6522236999530461,0.22736746725314197,-1.1387455524890053,2.9278994036388166,0.0004017228596388934,-1.3101518789874476,-1.9568188826190394,-1.2541549841510218,-1.501674000416891,1.5708105564117432,-0.4812081495868128,0
165,1788171674.9048274,0.06246448218822126,-0.6511408110342974,0.22648044497065914,-1.1387826755499184,2.927792431819019,0.0007871669986821459,-1.3075373808490198,-1.9547675291644495,-1.2592490355121058,-1.4988845030414026,1.5708705186843872,-0.47864038148988897,0
166,1788171674.948636,0.06398285788194283,-0.6501214386244727,0.22490427241991606,-1.1387520199803187,2.927814845969012,0.0006625759503341018,-1.304849926625387,-1.9528477827655237,-1.2659972349749964,-1.4939759413348597,1.5708705186843872,-0.4759295622455042,0
167,1788171674.9902914,0.06574595856493852,-0.6488481188018429,0.22194096678821426,-1.1386111132310763,2.927925692005745,0.00043794420185658495,-1.3016718069659632,-1.9506405035602015,-1.2767122427569788,-1.4853203932391565,1.5708345174789429,-0.47264224687685186,0
168,1788171675.0324752,0.06726217802643872,-0.6479596852535545,0.21867272466881504,-1.1383841707379498,2.928019930490656,0.00017102158258912735,-1.299032990132467,-1.9494650999652308,-1.2867682615863245,-1.4762700239764612,1.5708465576171875,-0.46984702745546514,0
169,1788171675.0759082,0.0688892529389629,-0.6473828105164452,0.21551297425870575,-1.138567253295054,2.927972010268739,2.0262899176606393e-05,-1.2963460127459925,-1.949177090321676,-1.295290772114889,-1.4679377714740198,1.5708345174789429,-0.4672797361956995,0
170,1788171675.122318,0.0707988697328312,-0.6473724418672469,0.21161103937378098,-1.1385105598521699,2.9279832907934074,0.0001889769204036271,-1.2934792677508753,-1.9507363478290003,-1.3030818144427698,-1.4586952368365687,1.5708345174789429,-0.4643767515765589,0
171,1788171675.168185,0.0727110583770278,-0.6473734632958227,0.20786798678453539,-1.1385884220692175,2.9279789131889116,-1.4981606208372501e-05,-1.290612522755758,-1.9522483984576624,-1.310596768056051,-1.4495366255389612,1.5708225965499878,-0.4615572134601038,0
172,1788171675.2125347,0.07427857677814677,-0.6476800791946961,0.204605822782854,-1.1388533648714503,2.9278315101788968,-0.00013495822223103944,-1.2884181181537073,-1.954383675252096,-1.3159907499896448,-1.441934887562887,1.5708705186843872,-0.4595540205584925,0
173,1788171675.2536147,0.0760469205784454,-0.6488840642560589,0.20070573613947884,-1.1390295406043085,2.927763806170706,0.0002833963985869435,-1.2862942854510706,-1.9591940085040491,-1.319167439137594,-1.4342129866229456,1.5708465576171875,-0.45755035081972295,0
174,1788171675.2962682,0.07722904625625786,-0.6501405035552151,0.19764570750400656,-1.1391910939722227,2.927712179653702,9.545639424028654e-05,-1.2850831190692347,-1.9635494391070765,-1.3209050337420862,-1.4279997984515589,1.5708465576171875,-0.4564469496356409,0
175,1788171675.3415852,0.07825998109321075,-0.651721485008222,0.1945229316587908,-1.1407824283276038,2.9271275508317567,-0.0005067806375823637,-1.284243408833639,-1.9685757795916956,-1.321899716054098,-1.421593968068258,1.5708465576171875,-0.4566863218890589,0
176,1788171675.382805,0.07910216402792672,-0.6536430120638266,0.1905924694282732,-1.1438481874790913,2.9259120854399736,-0.00018217988626920245,-1.2838357130633753,-1.9750188032733362,-1.322787110005514,-1.4144709745990198,1.5708465576171875,-0.4583781401263636,0
177,1788171675.4273458,0.07963548642112028,-0.6552189960713712,0.18747508086777678,-1.1472594411629629,2.924545788781931,0.00011309373391412203,-1.2837393919574183,-1.9802730719195765,-1.3232539335833948,-1.4089396635638636,1.5708585977554321,-0.4606211821185511,0
178,1788171675.4695683,0.08018911103842613,-0.6571973516908565,0.184685753602263,-1.1515157691280955,2.922907352766434,-3.5187627613884685e-05,-1.2837756315814417,-1.9862592856036585,-1.3218639532672327,-1.4042466322528284,1.5708345174789429,-0.46356088319887334,0
179,1788171675.5122979,0.08060890948949977,-0.658776366345575,0.18315273379369362,-1.154530237319738,2.9217170819370173,-0.00023239477828570162,-1.2838476339923304,-1.99074632326235,-1.3193710486041468,-1.4021275679217737,1.5708465576171875,-0.46569615999330694,0
180,1788171675.5569158,0.08099685343468888,-0.6604070299037388,0.18219131745246472,-1.15644751650842,2.9209805593817615,-0.000373219113848998,-1.2839797178851526,-1.9951375166522425,-1.3155110518084925,-1.4015052954303187,1.5708345174789429,-0.46713573137392217,0
181,1788171675.5998485,0.0812534253087984,-0.6622448031466568,0.18183476632252368,-1.1570043529257796,2.920747057813725,0.00025302462641358227,-1.2843874136554163,-1.9999960104571741,-1.3092668692218226,-1.4032891432391565,1.5708105564117432,-0.46792775789369756,0
182,1788171675.6436086,0.08121293619184052,-0.6638627440499707,0.1820431610267436,-1.1568174623545757,2.9208386079183972,-0.00023504718634932334,-1.2851432005511683,-2.003655258809225,-1.3034651915179651,-1.4051206747638147,1.5708225965499878,-0.46855146089662725,0
183,1788171675.6863272,0.08126791741179498,-0.6657310784911153,0.1818588066345336,-1.1566573537667382,2.9208452641517266,0.00045981924265262557,-1.285863224660055,-2.0085023085223597,-1.2967408339129847,-1.4074433485614222,1.5708345174789429,-0.46917516389955694,0
184,1788171675.7299094,0.08129042202863689,-0.6673348572343291,0.1818876006192608,-1.1565946579838078,2.9208395235196094,0.0003262382888890932,-1.28652269044985,-2.012353245412008,-1.2910359541522425,-1.409215275441305,1.5708705186843872,-0.4697988669024866,0
185,1788171675.7706783,0.08131652741640444,-0.6689300278376437,0.18201145034371766,-1.157072931652485,2.9206619071583915,0.00013969214594034715,-1.2871578375445765,-2.016132179890768,-1.2851865927325647,-1.4111664930926722,1.5708705186843872,-0.4707587401019495,0
186,1788171675.814008,0.08128863394991574,-0.6705590310388037,0.1819780110336535,-1.157232510772689,2.9206051349158657,0.0002375462760670358,-1.2878778616534632,-2.0201390425311487,-1.279349152241842,-1.4130585829364222,1.5708585977554321,-0.47158652940859014,0
187,1788171675.856835,0.08121734106641884,-0.6725366807359922,0.18204135736381877,-1.1570726648268168,2.920714074166833,-0.00026330132457945106,-1.2888019720660608,-2.0247581640826624,-1.2724335829364222,-1.4150336424456995,1.5708465576171875,-0.4723904768573206,0
188,1788171675.8971372,0.081177957658087,-0.6741027994373803,0.18206168747435145,-1.1567598673216228,2.920790815081145,-0.00013603135794746203,-1.2895210425006312,-2.028621498738424,-1.2666319052325647,-1.4170568625079554,1.5708825588226318,-0.4729064146624964,0
189,1788171675.9412382,0.08116821913059878,-0.6757044462685061,0.18185862474478356,-1.1569949190673716,2.9207191876893552,0.0003236773871529754,-1.290180508290426,-2.032771889363424,-1.2609151045428675,-1.418912712727682,1.5708345174789429,-0.47372180620302373,0
190,1788171675.9831004,0.0811929913521929,-0.6776583414273977,0.1818504584981325,-1.1571361561257034,2.9206668995254836,-0.0003155308890745379,-1.2909606138812464,-2.0373790899859827,-1.2541669050799769,-1.4206483999835413,1.5708705186843872,-0.4745977560626429,0
191,1788171676.0271173,0.08120540578622987,-0.6792854492993287,0.18090637607144155,-1.1569583277790798,2.9207793124926287,-0.00035925134910566863,-1.2915962378131312,-2.041722122822897,-1.250115696583883,-1.4203251043902796,1.5708345174789429,-0.4751017729388636,0
192,1788171676.073005,0.08126875533024762,-0.681146252314975,0.1786872708268348,-1.156854175614908,2.920772667472413,0.00015839374719591208,-1.2922676245318812,-2.0473368803607386,-1.2473352591144007,-1.4178231398211878,1.5708465576171875,-0.47571307817568,0
193,1788171676.1143358,0.08123614712553967,-0.682670920786802,0.17603229963395578,-1.156662802974885,2.9208000567594845,0.0004870123777789872,-1.2929394880877894,-2.0522196928607386,-1.2467835585223597,-1.4137046972857874,1.5708705186843872,-0.4762652556048792,0
194,1788171676.1588757,0.08124707174203051,-0.6845850637168597,0.17213172741001362,-1.1568673776742429,2.9207531341855266,0.0005528948593886291,-1.2936833540545862,-2.0585063139544886,-1.2473471800433558,-1.4068930784808558,1.5708345174789429,-0.47714120546449834,0
195,1788171676.202367,0.08122596486614646,-0.6862769881044108,0.1690426573858597,-1.157127771841008,2.9206965992599314,-0.00012383493906976354,-1.2943914572345179,-2.0637128988849085,-1.2475388685809534,-1.4010618368731897,1.5708345174789429,-0.4780166784869593,0
196,1788171676.243862,0.08118131188052462,-0.6878806286083717,0.16592749029533993,-1.1569701180252707,2.9207541663946026,-0.0002397900355827768,-1.295098129902975,-2.0689314047442835,-1.2476704756366175,-1.3956387678729456,1.5708465576171875,-0.4786165396319788,0
197,1788171676.2863965,0.08112358141828233,-0.6897934697284461,0.16195030454693982,-1.156557385179937,2.9208898155708294,0.00015805382165962628,-1.2959383169757288,-2.0754945913897913,-1.2478745619403284,-1.3891261259662073,1.5708465576171875,-0.4791806379901331,0
198,1788171676.330118,0.081156993765818,-0.6914719404637831,0.15886215151591954,-1.1563499364560816,2.9210311563588625,-0.0004979493383030232,-1.2965500990497034,-2.080808941517965,-1.24782640138735,-1.3834388891803187,1.5708345174789429,-0.4796364943133753,0
199,1788171676.3763633,0.08118747151429466,-0.693341247714126,0.15498337264795753,-1.156689938707655,2.9208664781526528,-0.00025405719447169306,-1.2972458044635218,-2.087299648915426,-1.2478507200824183,-1.3770812193499964,1.5708465576171875,-0.4805720488177698,0
200,1788171676.4203286,0.08116607657408295,-0.6948920679659853,0.15185313054426103,-1.1569516572565177,2.92076044264243,-0.00021908319631365017,-1.2978819052325647,-2.0926139990436,-1.2477543989764612,-1.3718856016742151,1.5708465576171875,-0.4813879171954554,0
201,1788171676.4610837,0.08088542585684182,-0.6967242423041385,0.14780691506595323,-1.1569683342228625,2.9206968408703378,0.0005696434340429682,-1.2989848295794886,-2.0992844740497034,-1.2477906386004847,-1.3656838575946253,1.5708465576171875,-0.48251563707460576,0
202,1788171676.506083,0.0796984902203976,-0.6982235677958315,0.14467718704119115,-1.1565544590723125,2.920880390627068,0.00011679571558151494,-1.301215950642721,-2.1040714422809046,-1.2485459486590784,-1.3598530928241175,1.5708585977554321,-0.4844587484942835,0
203,1788171676.5507426,0.07819207538996567,-0.6994505773444911,0.1414220167353827,-1.1564142681598657,2.920933246449281,0.0003210891231092158,-1.3037708441363733,-2.1084263960467737,-1.2501876989947718,-1.3539860884295862,1.5708465576171875,-0.4869182745562952,0
204,1788171676.5925694,0.07639299751720662,-0.7007102006817171,0.1376617938437636,-1.1567175307914244,2.9208263367560483,0.00047605837484054425,-1.3067329565631312,-2.1130932013141077,-1.2526572386371058,-1.3469465414630335,1.5708225965499878,-0.49008495012392217,0
205,1788171676.6358087,0.07475260567609661,-0.7017012017575117,0.13449898243856442,-1.1568580523798555,2.9207682184999304,0.00017013693147563443,-1.3093836943255823,-2.1167405287372034,-1.2552340666400355,-1.3405292669879358,1.5708465576171875,-0.4928324858294886,0
206,1788171676.6797106,0.07283127575970787,-0.7026695916422622,0.1306559300147208,-1.1572536872339312,2.9206382314647943,0.00015569539938288009,-1.3123944441424769,-2.120795551930563,-1.2589014212237757,-1.3327949682818812,1.5708225965499878,-0.49610788026918584,0
207,1788171676.7223268,0.07119289459740949,-0.7033552510481804,0.12743963168293285,-1.1572513659539525,2.920634408305538,0.0002090747312355819,-1.314913574849264,-2.123963181172506,-1.2623174826251429,-1.3262456099139612,1.5708225965499878,-0.49862653413881475,0
208,1788171676.7656796,0.0696418996753995,-0.7039054408372779,0.12426789255811588,1.1569490092401695,-2.9207903809020666,0.00014395899204062298,-1.3172524611102503,-2.1267226378070276,-1.2663324514972132,-1.3192418257342737,1.570798635482788,-0.5007498900042933,0
209,1788171676.8073335,0.06850891373746172,-0.7040004659742185,0.1204482465829727,-1.1571458083332613,2.9206729880236644,-6.119158979162986e-05,-1.318871800099508,-2.1290977636920374,-1.2726014296161097,-1.3106568495379847,1.5708465576171875,-0.5025132338153284,0
210,1788171676.8502145,0.06830337378067139,-0.7039411122238546,0.11709027283193135,-1.1568645953572223,2.9207298490381164,0.0005696916951000704,-1.3191354910479944,-2.131256882344381,-1.2779229323016565,-1.3035810629474085,1.5708465576171875,-0.5025971571551722,0
211,1788171676.8921177,0.06833081775417287,-0.7039809428421642,0.11389420397489966,-1.1569094580633368,2.9207413942521865,0.0002308398437168944,-1.3191116491900843,-2.1333568731891077,-1.2830770651446741,-1.2961095015155237,1.5708465576171875,-0.5025971571551722,0
212,1788171676.9307506,0.06831851340634094,-0.7039330915471202,0.11006457220042004,-1.1569185857681283,2.9207136111502594,0.0005102450603345689,-1.3191116491900843,-2.1359122435199183,-1.2890937964068812,-1.2877166906939905,1.5708465576171875,-0.5026090780841272,0
213,1788171676.9743836,0.0683199457591709,-0.7039831508050183,0.10699038194920338,-1.1568852432883683,2.9207819405353215,2.364920384023782e-05,-1.3191235701190394,-2.1380117575274866,-1.2939723173724573,-1.2804248968707483,1.5708345174789429,-0.5025852362262171,0
214,1788171677.0198166,0.06834539358097508,-0.7040265902298546,0.10384786724997025,-1.1569005814067406,2.920769797823497,-0.00020847693592035088,-1.3191116491900843,-2.1402791182147425,-1.2987306753741663,-1.2732532660113733,1.5708585977554321,-0.5025852362262171,0
215,1788171677.0648925,0.06832954654204598,-0.7039649615001786,0.09980334901640875,-1.1568818133908825,2.920722469148818,0.00042539496055361695,-1.3191116491900843,-2.143254105244772,-1.3046277205096644,-1.2647879759417933,1.5708585977554321,-0.5025852362262171,0
216,1788171677.109094,0.06833827691832321,-0.7040099513253951,0.09679647316608106,-1.1568946459818454,2.9207548401892685,0.00014315365523049224,-1.3191116491900843,-2.1455095450030726,-1.3090747038470667,-1.2579029242144983,1.5708465576171875,-0.5025852362262171,0
217,1788171677.1524858,0.06831465645226761,-0.7039735086413975,0.09362146746133249,-1.1568833309785542,2.9207771196531453,0.00023778039945607997,-1.3191235701190394,-2.1478493849383753,-1.3137849012957972,-1.2509105841266077,1.5708225965499878,-0.5025852362262171,0
218,1788171677.1976507,0.0683420433897969,-0.704013561412324,0.09133713137869123,-1.1570558205043127,2.9207000347394794,-0.00011261913960810188,-1.3191116491900843,-2.1496127287494105,-1.3171175161944788,-1.245594326649801,1.5708585977554321,-0.5026934782611292,0
219,1788171677.2433305,0.06833454194367668,-0.7040843043586356,0.08856439173462327,-1.1575937847737503,2.9205225955679164,-7.433725572683839e-05,-1.3191354910479944,-2.151952091847555,-1.320772949849264,-1.239619557057516,1.5708225965499878,-0.5030773321734827,0
220,1788171677.2877629,0.06844007897455398,-0.7045856374774792,0.08587573031075815,1.1582423331103084,-2.9202683679408334,0.0006971659679144517,-1.3191717306720179,-2.15509540239443,-1.3230026404010218,-1.2338483969317835,1.5708345174789429,-0.5035570303546351,0
221,1788171677.331607,0.06854246228077947,-0.7057717514270867,0.08354089562448219,1.1587199157341792,-2.9200930625760892,0.0003842064769865201,-1.3194478193866175,-2.1598227659808558,-1.3215282599078577,-1.2307947317706507,1.5708225965499878,-0.5041568914996546,0
222,1788171677.3756285,0.06872179015619272,-0.7075425626034009,0.08154283177418453,-1.1594538322315602,2.9197433201059515,-0.00019536257144330403,-1.3198431173907679,-2.165629212056295,-1.31736928621401,-1.2292745749102991,1.5708705186843872,-0.505068604146139,0
223,1788171677.4189343,0.06889621054876306,-0.709073220198774,0.08072844918003155,-1.1596751640263407,2.919637086407224,1.4107648055905957e-05,-1.3201430479632776,-2.169924561177389,-1.3124664465533655,-1.2300165335284632,1.5708705186843872,-0.5055244604693812,0
224,1788171677.462802,0.06913070847547498,-0.7109797806611304,0.0808811790637565,-1.1595367723341217,2.9196985185965563,-5.9474733895803267e-05,-1.320491139088766,-2.174243752156393,-1.304939095173971,-1.2331774870501917,1.5708705186843872,-0.5057762304889124,0
225,1788171677.507503,0.0692187789191068,-0.712682714564744,0.0813658426034567,1.1595513246695168,-2.919735098646479,0.0009877467769226912,-1.3209589163409632,-2.177554432545797,-1.2983115355121058,-1.2358954588519495,1.5708465576171875,-0.5062440077411097,0
226,1788171677.551518,0.06916293658590289,-0.7145054850410533,0.0810730289609958,-1.1593205438153766,2.9198176351704097,6.350494040676862e-06,-1.3216665426837366,-2.182305161152975,-1.2910717169391077,-1.239021126423971,1.5708345174789429,-0.5067957083331507,0
227,1788171677.5948513,0.06916340832968665,-0.7160747038603199,0.0811477056801973,-1.1592247963458115,2.9198281687359917,2.1493337436719574e-05,-1.3222177664386194,-2.185916248952047,-1.284875218068258,-1.2416194120990198,1.5708585977554321,-0.5072878042804163,0
228,1788171677.639007,0.06920327122770374,-0.7176795665984514,0.08112160587824413,-1.1594740106985626,2.9197413967919528,0.0001771013858782123,-1.322709862385885,-2.1897438208209437,-1.2785585562335413,-1.2442053000079554,1.5708345174789429,-0.5079477469073694,0
229,1788171677.6813889,0.06930344403194878,-0.7187845342618857,0.08100626889969795,-1.1598901807825297,2.919563630242572,2.4365337115495832e-05,-1.3229616324054163,-2.1924074331866663,-1.2744587103473108,-1.2455466429339808,1.5708585977554321,-0.5084875265704554,0
230,1788171677.7258668,0.0692961372427383,-0.7195946862365694,0.07998917313125131,-1.159755883052355,2.919584685359469,0.0003830234498622696,-1.323249642048971,-2.19521409669985,-1.2724574247943323,-1.2449715773211878,1.5708585977554321,-0.5086911360370081,0
231,1788171677.7694573,0.06936818901550071,-0.7202391325868744,0.07798469379412801,-1.159812113507619,2.9196227401962207,0.00029110813458641514,-1.323357407246725,-2.1982973257647913,-1.2727211157428187,-1.2415593306170862,1.5708105564117432,-0.5088232199298304,0
232,1788171677.8144388,0.06942958881448488,-0.7205670145019871,0.07498739390270254,-1.15980814350838,2.9196127115664616,-0.00030263842003366593,-1.3234055677997034,-2.2013209501849573,-1.2758377234088343,-1.2350457350360315,1.5708705186843872,-0.5088713804828089,0
233,1788171677.8574517,0.06938721056148549,-0.7205386895553733,0.07159087699257882,-1.1596826564401184,2.9196559577022065,0.0002045105116673643,-1.3234418074237269,-2.2041643301593226,-1.2801645437823694,-1.2281964460956019,1.5708345174789429,-0.5088232199298304,0
234,1788171677.8999832,0.06939462046428461,-0.7205541391684346,0.06847150295072885,-1.1597165758034704,2.919688587801888,-1.8564154704579995e-05,-1.3234294096576136,-2.206731621419088,-1.2843354384051722,-1.2213118712054651,1.5708105564117432,-0.5088232199298304,0
235,1788171677.939214,0.06941794955810816,-0.7205893336123621,0.06467353401165546,-1.1597885068351061,2.919664732041349,-0.0003598779187751795,-1.3234174887286585,-2.20994741121401,-1.2892854849444788,-1.2129300276385706,1.5708345174789429,-0.5088594595538538,0
236,1788171677.979057,0.06937577442287625,-0.7205518597856989,0.062215646951262554,-1.159745942100256,2.9196610519483506,-0.000276199510039416,-1.323465649281637,-2.2119982878314417,-1.2924979368792933,-1.207722012196676,1.5708465576171875,-0.508883301411764,0
237,1788171678.022301,0.06936250927664478,-0.7206065378707696,0.05835262367603064,-1.1597025056292427,2.919655142869771,-0.00045288898924060683,-1.3235138098346155,-2.215465847645895,-1.2971962133990687,-1.1994474569903772,1.5708825588226318,-0.5089071432696741,0
238,1788171678.0662014,0.06930186042988144,-0.720634027561392,0.05507315084529352,-1.1598722850057777,2.9196219985768117,-0.0005445272339957649,-1.3235977331744593,-2.218416992818014,-1.301175896321432,-1.1924546400653284,1.5708585977554321,-0.50909930864443,0
239,1788171678.110317,0.06927817487412878,-0.7205514050519848,0.05117187755196925,-1.159859935755732,2.9195909589901183,-7.0440296578916e-07,-1.3235977331744593,-2.2219207922564905,-1.305826489125387,-1.1846478621112269,1.5708465576171875,-0.50909930864443,0
240,1788171678.1509638,0.06925203925186753,-0.7205300696792937,0.04814543471710592,-1.1598665691550454,2.919554919689272,8.125780030817383e-05,-1.3236334959613245,-2.224691692982809,-1.3094103972064417,-1.1783488432513636,1.5708705186843872,-0.5091474691974085,0
241,1788171678.195489,0.06927847459535301,-0.720598691825686,0.04536355444697296,1.1599646616184784,-2.919598925644532,0.0005128564618580169,-1.3236096541034144,-2.227295223866598,-1.31273061433901,-1.1720388571368616,1.5708345174789429,-0.5091713110553187,0
242,1788171678.238643,0.0692470883597437,-0.7205551671036774,0.04178569912184174,-1.1598849412160044,2.9196011576088052,6.435815935269107e-05,-1.3236334959613245,-2.230750385914938,-1.3166020552264612,-1.1650813261615198,1.5708225965499878,-0.5091474691974085,0
243,1788171678.2799828,0.0692405350427469,-0.7205417030513497,0.039132118022639384,-1.159890854454029,2.919565333585026,0.00014706435231435697,-1.3236454168902796,-2.2333057562457483,-1.3195508162127894,-1.1596334616290491,1.5708465576171875,-0.5091713110553187,0
244,1788171678.3225834,0.0692677935783389,-0.7206261017590475,0.036359995580386134,-1.1599481680096002,2.919608130446367,-0.0004348843113306295,-1.3236334959613245,-2.2360528151141565,-1.3226192633258265,-1.153442684804098,1.5708345174789429,-0.5091832319842737,0
245,1788171678.3635159,0.06922512029041845,-0.7205615839593595,0.03327407792670076,-1.1598468773864965,2.9196067789222138,2.62664149184459e-05,-1.3236692587481897,-2.2390764395343226,-1.3259151617633265,-1.147419277821676,1.5708345174789429,-0.5091593901263636,0
246,1788171678.4045866,0.06921374911410215,-0.7205527786434959,0.031110031331400806,-1.1598081772258206,2.9196128327527275,0.00012948536966535997,-1.323681656514303,-2.2412479559527796,-1.3281806151019495,-1.1430485884295862,1.5708345174789429,-0.5091474691974085,0
247,1788171678.446801,0.06923527756740294,-0.7205432260548689,0.029460770300082345,-1.159920872792055,2.919590166670265,2.7970216113294674e-05,-1.3236454168902796,-2.2428677717791956,-1.3300026098834437,-1.1395400206195276,1.5708225965499878,-0.5091832319842737,0
248,1788171678.4924018,0.0692534497374615,-0.7205928890128176,0.028982453875601943,-1.1599235802333618,2.9195969571229505,-0.00034749901262832756,-1.3236454168902796,-2.2433717886554163,-1.3305299917804163,-1.138270680104391,1.5708465576171875,-0.5091832319842737,0
249,1788171678.53408,0.0692212698348847,-0.7209678261576643,0.029121525638743956,1.1599635569701283,-2.919594113869293,0.0005700324772068342,-1.323813263569967,-2.243995014821188,-1.3290913740741175,-1.1389415899859827,1.5708345174789429,-0.5093753973590296,0
250,1788171678.579651,0.06920638215418774,-0.7216369759883324,0.02886425856003544,-1.159810390668471,2.919567711271415,0.0004729967907175635,-1.3240655104266565,-2.2460106054889124,-1.3261187712298792,-1.1405699888812464,1.5708465576171875,-0.5095432440387171,0
251,1788171678.6267881,0.0691510901060391,-0.7230281888547773,0.02901103089630569,-1.1597671043866185,2.9196108762473716,4.202067934973868e-05,-1.3246172110186976,-2.2488301436053675,-1.3208568731891077,-1.1427372137652796,1.5708585977554321,-0.5100591818438929,0
252,1788171678.6715271,0.06884163503423057,-0.7248319077501769,0.028919887690629725,-1.1594490792936971,2.9197293402722635,-1.4008703305613448e-05,-1.325648609791891,-2.2528613249408167,-1.3140729109393519,-1.1454556624041956,1.5708705186843872,-0.5108745733844202,0
253,1788171678.7138848,0.0680244039416171,-0.7258130193873482,0.029019556518506767,-1.1595218977148254,2.9197584720547836,-7.906466638071287e-05,-1.3270638624774378,-2.254756752644674,-1.3104890028582972,-1.1470959822284144,1.5708225965499878,-0.5123260656939905,0
254,1788171678.756768,0.06735861604046667,-0.7260759451809008,0.029019761159206764,-1.1597046944045717,2.919654604904354,-0.00016242732927252562,-1.328059498463766,-2.255188290272848,-1.3097456137286585,-1.1473591963397425,1.5708585977554321,-0.5134542624102991,0
255,1788171678.7997434,0.0674025979528291,-0.7260474674767221,0.02899141337953104,-1.1597882634114978,2.919662107942988,-3.943650075717176e-05,-1.3279755751239222,-2.255188290272848,-1.309805695210592,-1.1473715941058558,1.5708105564117432,-0.5134180227862757,0
256,1788171678.8408017,0.06739621069227265,-0.7260605507805078,0.029026020048103618,-1.1597494037951972,2.919612955783915,-0.00018531330460765122,-1.3280113379107874,-2.2551525274859827,-1.309793774281637,-1.1473353544818323,1.5708825588226318,-0.513442341481344,0
257,1788171678.8834903,0.06739379854779588,-0.7260476885995195,0.02883141261044636,-1.1598603035610544,2.919638543402218,-9.361512741134203e-05,-1.3279874960528772,-2.2553327719317835,-1.3100093046771448,-1.1469886938678187,1.5708105564117432,-0.5134781042682093,0
258,1788171678.926473,0.0673979543387325,-0.7260188488048831,0.027454229737046837,-1.1597633984664029,2.9195975026851584,0.00019974654274564137,-1.3279874960528772,-2.2567361036883753,-1.3113520781146448,-1.144437615071432,1.5708585977554321,-0.513430420552389,0
259,1788171678.9655128,0.06737796044312558,-0.7260210513464366,0.025642636003397862,-1.1597861561190907,2.9196040661415177,0.0001726095286134241,-1.3280113379107874,-2.258559528981344,-1.3132336775409144,-1.1407135168658655,1.5708465576171875,-0.5134661833392542,0
260,1788171679.0052912,0.06741613086054149,-0.7260436044077118,0.023169732128015902,-1.1597587158948537,2.9196404784907566,3.935227824603497e-05,-1.327963654194967,-2.2611034552203577,-1.3157270590411585,-1.1355889479266565,1.5708345174789429,-0.5133937040912073,0
261,1788171679.0466418,0.06741579523782763,-0.7261380597082306,0.02093546694775139,1.1597003015244287,-2.919696263764765,0.000718724825384138,-1.3279994169818323,-2.263418499623434,-1.318064037953512,-1.130451504384176,1.5708465576171875,-0.5133817831622522,0
262,1788171679.0896506,0.06741662061860682,-0.7260568998710848,0.01859507019630871,-1.1597486191420443,2.9196657791266,-5.0150352127013575e-05,-1.327963654194967,-2.2658422628985804,-1.3202698866473597,-1.1262481848346155,1.5708225965499878,-0.5133817831622522,0
263,1788171679.1327837,0.06741954751208278,-0.726045965136806,0.017215137376299705,-1.159630475168187,2.9196726988424273,9.988860626107902e-05,-1.327963654194967,-2.2673056761371058,-1.321552578602926,-1.1236017386065882,1.5708465576171875,-0.5133102575885218,0
264,1788171679.175853,0.06743878247258421,-0.7260621272223181,0.016670019227314398,-1.1597428886271561,2.919649326261015,1.1894205514716293e-05,-1.3279393354998987,-2.2678940931903284,-1.3220675627337855,-1.1224401632892054,1.5708345174789429,-0.5133579413043421,0
265,1788171679.2186158,0.06745125668404887,-0.7260653069707164,0.016748676060821532,-1.1597066713850532,2.919659589775356,-8.416690066856349e-05,-1.3279274145709437,-2.2677977720843714,-1.3220317999469202,-1.122512165700094,1.5708465576171875,-0.5133221785174769,0
266,1788171679.262581,0.06744838233772686,-0.7260422756921597,0.0166710154346974,-1.1596602110916843,2.9196461157464584,0.00011812150349145236,-1.3279274145709437,-2.267881695424215,-1.3220675627337855,-1.1225240866290491,1.5708585977554321,-0.5132978598224085,0
267,1788171679.3039925,0.06746068810505275,-0.7260676349595849,0.01671187447158981,-1.1596867918900753,2.91966229891625,-2.8503039163883882e-05,-1.3279154936419886,-2.267857853566305,-1.3220198790179651,-1.1224997679339808,1.5708465576171875,-0.5132978598224085,0
268,1788171679.3450768,0.06744823908073953,-0.726077436709879,0.016735833742551887,-1.1596499574669101,2.9196710075595016,-0.00010526984088817446,-1.3279393354998987,-2.2678335348712366,-1.32200795808901,-1.1224883238421839,1.5708585977554321,-0.5132978598224085,0
269,1788171679.3887806,0.06745911782120095,-0.7260612973488507,0.01655018129759306,-1.159689759162549,2.919669763054254,-0.0001212741755645347,-1.3279154936419886,-2.2679899374591272,-1.322259251271383,-1.1220687071429651,1.5708465576171875,-0.5132978598224085,0
270,1788171679.4302452,0.06746673151445949,-0.7260191270355953,0.015081387599165524,-1.1597354041735062,2.919628463689269,0.00012735197511904816,-1.3278911749469202,-2.2695134321795862,-1.3236735502826136,-1.1192906538592737,1.5708465576171875,-0.5133102575885218,0
271,1788171679.4735668,0.06745553018855263,-0.7260353884111364,0.013073897700136922,-1.1596800842921118,2.9196454175063544,4.0937557615412243e-05,-1.3279154936419886,-2.271660629902975,-1.3255675474749964,-1.1151955763446253,1.5708585977554321,-0.5132978598224085,0
272,1788171679.5159318,0.067459658756805,-0.7260490605347746,0.010802066299461843,-1.1597518617049962,2.9196698823137543,-0.00010803785505418755,-1.3279030958758753,-2.2740843931781214,-1.3277371565448206,-1.1105015913592737,1.5708225965499878,-0.5133221785174769,0
273,1788171679.5602834,0.06749539319206803,-0.726170531352923,0.009481710665185522,1.1597093300339576,-2.919666220129536,0.001002229817571354,-1.3279030958758753,-2.275559727345602,-1.329019848500387,-1.1071723143206995,1.5708465576171875,-0.5132978598224085,0
274,1788171679.6033878,0.06747400434091615,-0.7261213788142634,0.008962379704205686,-1.1596861579476472,2.9197113928744876,-0.0005532228669564452,-1.3279154936419886,-2.276123825703756,-1.3294151465045374,-1.1065014044391077,1.5708465576171875,-0.5132859388934534,0
275,1788171679.647698,0.06750313998614214,-0.7261417458051439,0.00908428352091381,1.1597463182523988,-2.91965791825926,0.0007941015503037759,-1.3278792540179651,-2.275979820881979,-1.3293669859515589,-1.106537167225973,1.5708345174789429,-0.5132978598224085,0
276,1788171679.68856,0.06749405423260123,-0.7261293890767822,0.00907391933561641,1.1597550579615494,-2.919677886382523,0.0006831027004318547,-1.3278911749469202,-2.275991741810934,-1.329355541859762,-1.1066096464740198,1.5708465576171875,-0.5133102575885218,0
277,1788171679.731151,0.06751315033408059,-0.7261235505914984,0.00906419450830162,-1.159790525250743,2.919665719719535,-0.0006485433554232669,-1.32786733308901,-2.276003662739889,-1.329355541859762,-1.106621567402975,1.5708585977554321,-0.5133102575885218,0
278,1788171679.7752986,0.06748540549363237,-0.7261172300611926,0.009032179557442288,1.1597323243988291,-2.9196734338331964,0.00054888874522848,-1.3278911749469202,-2.276039425526754,-1.3293669859515589,-1.10663348833193,1.5708225965499878,-0.5132978598224085,0
279,1788171679.8184412,0.0674908518737965,-0.726105037561683,0.009025913773242605,-1.1596962744798918,2.9196841081102654,-0.00044369943038495693,-1.3278911749469202,-2.2760518232928675,-1.3293431440936487,-1.1067174116717737,1.5708585977554321,-0.5132740179644983,0
280,1788171679.8607438,0.0674814581147903,-0.7261013002380204,0.009036749896658397,1.1596837532520399,-2.9197033315812666,0.0004353377568432158,-1.3278911749469202,-2.276027504597799,-1.329355541859762,-1.106729809437887,1.5708225965499878,-0.5132620970355433,0
281,1788171679.9040499,0.0674664420731432,-0.726099180756469,0.009056352675661267,1.1596743416321482,-2.919679650184013,0.00045029989810714614,-1.3279030958758753,-2.275991741810934,-1.3293669859515589,-1.1067412535296839,1.570798635482788,-0.5132740179644983,0
282,1788171679.9470644,0.06748346313964879,-0.7260866482492847,0.009019669491785093,-1.1597506184085697,2.9196667328043744,-0.0003483797168001547,-1.3278911749469202,-2.276039425526754,-1.3293669859515589,-1.1067655722247522,1.5708465576171875,-0.5133102575885218,0
283,1788171679.9867742,0.06748457718080816,-0.7260911440120302,0.009037988541521186,-1.1597342974977283,2.9196783937308632,-0.00040404321828310105,-1.3278911749469202,-2.276015583668844,-1.3293669859515589,-1.1067536512957972,1.5708465576171875,-0.5132978598224085,0
284,1788171680.025053,0.06748581308295698,-0.7260961315502268,0.009054947781759914,-1.159734890183345,2.9196798845527763,-0.00042259781985425445,-1.3278911749469202,-2.276003662739889,-1.3293431440936487,-1.1067774931537073,1.5708465576171875,-0.5132978598224085,0
285,1788171680.0636132,0.06748722747984921,-0.7260904111584281,0.009013033799945586,-1.1597287097777402,2.9196643230766166,-0.0003694817820768899,-1.3278911749469202,-2.2760518232928675,-1.3293669859515589,-1.1067412535296839,1.5708585977554321,-0.5132978598224085,0
286,1788171680.1047711,0.06748251969320292,-0.7260942691825574,0.00901411732009716,-1.1597206799814928,2.919694843041866,-0.0003821987588657904,-1.3278911749469202,-2.2760518232928675,-1.3293669859515589,-1.106729809437887,1.5708345174789429,-0.5132859388934534,0
287,1788171680.1479003,0.06744107168314332,-0.7257841261012813,0.008847473318264104,-1.1596607345166523,2.9196474427495325,0.00038224383171027454,-1.3278434912311,-2.2757399717914026,-1.33026630083193,-1.10663348833193,1.5708345174789429,-0.5132139364825647,0
288,1788171680.1899476,0.0674814173620962,-0.7252631418839011,0.008708935188146527,-1.1596357198999054,2.9196331741498174,0.0006427751515707213,-1.3276150862323206,-2.2748282591449183,-1.3322437445269983,-1.1057351271258753,1.5708345174789429,-0.5129740873919886,0
289,1788171680.2339735,0.06741752877065314,-0.7248258508687874,0.008799218728967662,-1.1596355339712106,2.9196854296897183,0.0005011887643344399,-1.3275435606585901,-2.273724381123678,-1.3339818159686487,-1.1050050894366663,1.570798635482788,-0.5128901640521448,0
290,1788171680.2765772,0.06747684510123911,-0.7241822939145184,0.0087509784859367,-1.1597505128833485,2.919617813080773,0.00045829991477414403,-1.3272555510150355,-2.2723806540118616,-1.3365228811847132,-1.10378343263735,1.5708225965499878,-0.5126860777484339,0
291,1788171680.3192754,0.06748658612744436,-0.7231380851890947,0.008754722533168363,-1.1597610105600222,2.919646253967871,0.0003884093334245679,-1.3268840948687952,-2.2700889746295374,-1.3406103293048304,-1.1019395033465784,1.570798635482788,-0.5123141447650355,0
292,1788171680.3575373,0.06742931712463465,-0.7224221788983528,0.00873086411759344,-1.159862350809614,2.9195443196964246,0.0007738105162140343,-1.3267281691180628,-2.268649403248922,-1.343175236378805,-1.1010649839984339,1.5708225965499878,-0.5122421423541468,0
293,1788171680.3956525,0.06744094773454089,-0.722434870019861,0.008743709540614097,-1.1598341271203008,2.919524024374809,0.0006920185610901358,-1.3267281691180628,-2.268649403248922,-1.3431513945208948,-1.1010411421405237,1.5708585977554321,-0.5122302214251917,0
294,1788171680.4372063,0.06741078774644962,-0.7224539338610692,0.008794357591001112,-1.159834648082896,2.9195760130746966,0.0005503882116323324,-1.326763931904928,-2.2685893217669886,-1.3431394735919397,-1.1010173002826136,1.5708225965499878,-0.5122540632831019,0
295,1788171680.4791384,0.06741946047505602,-0.7224307335247502,0.008745837830337388,-1.1597857393901578,2.9195543631900014,0.000713104551259074,-1.326752010975973,-2.268637482319967,-1.34316331544985,-1.1010530630694788,1.5708465576171875,-0.5122183004962366,0
296,1788171680.519168,0.06745114340489923,-0.7224517989395827,0.008785462266756944,-1.1598943054480981,2.919523334578063,0.000582468113659421,-1.3267162481891077,-2.268613640462057,-1.3431151548968714,-1.1010411421405237,1.5708465576171875,-0.5122540632831019,0
297,1788171680.5630598,0.06742919349485077,-0.7224344313308364,0.008764067099251538,-1.1598049130674462,2.919551906571226,0.0006574367313474471,-1.3267400900470179,-2.268613640462057,-1.34316331544985,-1.1010411421405237,1.5708465576171875,-0.5122183004962366,0
298,1788171680.6052685,0.06743994213546504,-0.7221931716595444,0.008751758725847963,-1.1599489597919275,2.9195067262364858,0.0005275492792009845,-1.326644245778219,-2.268073860798971,-1.34418231645693,-1.100478474293844,1.5708465576171875,-0.5122183004962366,0
299,1788171680.6484096,0.06742744351185824,-0.7217161080895873,0.008941412071359872,-1.1597787438016867,2.9196381334413024,-0.00016275600915790378,-1.3265002409564417,-2.266658131276266,-1.3462799231158655,-1.0993531386004847,1.5708465576171875,-0.5119426886187952,0
300,1788171680.693457,0.06753461045177421,-0.7204185781271238,0.008874087704425354,-1.159532745098635,2.919735055639779,-1.247370952795128e-05,-1.3259123007403772,-2.263982597981588,-1.351206127797262,-1.0971973578082483,1.5708345174789429,-0.5111864248858851,0
301,1788171680.7374175,0.06760264280967444,-0.7187605883932405,0.009090123243073761,-1.1595281907370332,2.9197742615946036,-0.0007093943229799459,-1.3252642790423792,-2.2600114981280726,-1.357762638722555,-1.0941675345050257,1.5708585977554321,-0.5105264822589319,0
302,1788171680.7825093,0.06752194827632173,-0.7181213129177637,0.008903634652743408,-1.1596846694941174,2.9197097030234427,-0.00025422641442506737,-1.3251445929156702,-2.2589319388019007,-1.360135857258932,-1.093161408101217,1.5708225965499878,-0.5105145613299769,0
303,1788171680.8257449,0.06751998452060501,-0.7181372398938638,0.008850183092387776,-1.1596966426195692,2.9196870906113093,-0.00020027198092676052,-1.3251565138446253,-2.2590397039996546,-1.3600881735431116,-1.093137566243307,1.5708345174789429,-0.5105388800250452,0
304,1788171680.8677764,0.06752820976694579,-0.7181474415718127,0.008840400190366832,-1.1597233351294716,2.919650806149592,-0.0002052665404435929,-1.3251565138446253,-2.259075943623678,-1.3600519339190882,-1.093137566243307,1.5708585977554321,-0.5105631987201136,0
305,1788171680.910914,0.06750814499315184,-0.7181361583651472,0.008850582505687071,-1.1596631546167742,2.919706266988277,-0.00012281196983745632,-1.3251684347735804,-2.259052101765768,-1.3600519339190882,-1.0932095686541956,1.5708225965499878,-0.5105264822589319,0
306,1788171680.9540217,0.06751932447981786,-0.7181346071297197,0.008863813938525145,-1.1596955036992072,2.919684225121089,-0.00016389183797786933,-1.3251565138446253,-2.2590277830706995,-1.3600638548480433,-1.0931971708880823,1.5708345174789429,-0.5105388800250452,1
307,1788171680.9944613,0.06749058724151318,-0.7181374264649264,0.008839058534954619,-1.1596812544113322,2.9196990805433516,-0.0001228127322249501,-1.3251927534686487,-2.259064022694723,-1.3600638548480433,-1.0931857267962855,1.5708225965499878,-0.5105631987201136,1
308,1788171681.0327027,0.0675209320141681,-0.7180959169567545,0.008789563338400225,-1.1597220098798389,2.9195967778116168,0.00010752495761516827,-1.3251565138446253,-2.259099785481588,-1.3601000944720667,-1.0932696501361292,1.5708825588226318,-0.5105751196490687,1
309,1788171681.072139,0.06751203903270982,-0.7180705979192592,0.008794153145904482,-1.1598039622464746,2.919600201573182,0.00028454029722608436,-1.3251445929156702,-2.259075943623678,-1.3601000944720667,-1.093400780354635,1.5708345174789429,-0.5106108824359339,1
310,1788171681.111557,0.06749690577406554,-0.7180676788050153,0.008779052739180587,-1.1596878947565106,2.919665083882176,0.0003637596360192923,-1.3251565138446253,-2.259099785481588,-1.3600881735431116,-1.0934365431415003,1.5708105564117432,-0.5105388800250452,1
311,1788171681.1522503,0.06752462991497316,-0.7180520740013765,0.00877449780255704,-1.159716493225321,2.9195829196459298,0.0004262998504477113,-1.3251326719867151,-2.259099785481588,-1.3600881735431116,-1.0934847036944788,1.5708705186843872,-0.5105512777911585,1
312,1788171681.1907089,0.06747947534128311,-0.7180694479075682,0.008780923195334606,-1.159738351632857,2.919639940485089,0.0004194389226301679,-1.3251808325396937,-2.2591117064105433,-1.3600519339190882,-1.0934966246234339,1.5708105564117432,-0.5105989615069788,1
313,1788171681.2337506,0.06749990180641122,-0.7180582838485539,0.008771279464326515,-1.1596990881488427,2.9195898245259366,0.0004262946523215845,-1.3251684347735804,-2.2591117064105433,-1.3600762526141565,-1.0934847036944788,1.5708705186843872,-0.5105751196490687,1
314,1788171681.2747436,0.06750458070933356,-0.718053190220754,0.008778843468494668,-1.1597214380928136,2.9195953595642843,0.0004102099651939777,-1.3251565138446253,-2.259087864552633,-1.3601000944720667,-1.0934727827655237,1.5708585977554321,-0.5105751196490687,1
315,1788171681.3172233,0.0674939786060372,-0.718045848418891,0.008788305119288992,-1.1597382556944502,2.9195869771066336,0.0004287676846480058,-1.3251684347735804,-2.259064022694723,-1.3601120154010218,-1.0934966246234339,1.5708585977554321,-0.5105989615069788,1
316,1788171681.3607574,0.06749864290661811,-0.7180521126752654,0.008764871237741084,-1.1597459081826333,2.919606229301979,0.000470890084947088,-1.3251565138446253,-2.2591117064105433,-1.3600881735431116,-1.0934966246234339,1.5708345174789429,-0.5105870405780237,1
317,1788171681.4033632,0.0674847903303426,-0.7179855541047261,0.008915986394559788,-1.1596407633772086,2.9195992303789917,0.0008611324750609059,-1.3251565138446253,-2.2588961760150355,-1.3599684874164026,-1.0940840880023401,1.5708465576171875,-0.5105264822589319,1
318,1788171681.447881,0.06749498686791224,-0.7180250779691502,0.010396775835336797,-1.1586701073083112,2.920063006913967,0.0004320924038776553,-1.3251445929156702,-2.257240597401754,-1.3587334791766565,-1.096694294606344,1.5708105564117432,-0.5098312536822718,1
319,1788171681.489828,0.06748993939342612,-0.7179947890878937,0.012382380131255283,-1.1570724846320901,2.9206343749715677,0.0005432575352797437,-1.3251565138446253,-2.2550328413592737,-1.3569358030902308,-1.1007774511920374,1.5708585977554321,-0.508763615285055,1
320,1788171681.5301526,0.06750946972987878,-0.7179791611077312,0.015133055787253907,-1.1543571572968347,2.921711204609553,0.000663960293831659,-1.32512075105776,-2.252045456563131,-1.3543346563922327,-1.1064417997943323,1.5708465576171875,-0.5068681875811976,1
321,1788171681.5733016,0.06751991365341217,-0.7181256536761411,0.01861284561370047,-1.1519712497115635,2.922749544268631,-0.0004150449140353868,-1.3251565138446253,-2.248361889516012,-1.351098362599508,-1.112668816243307,1.5708465576171875,-0.5052483717547815,1
322,1788171681.6161757,0.0674975379451555,-0.7180963966177678,0.02238142147781247,-1.150587439425277,2.923248269206127,-4.23830181715706e-05,-1.3251808325396937,-2.2444031874286097,-1.3472865263568323,-1.1206801573382776,1.5708585977554321,-0.5043366591082972,1
323,1788171681.6607673,0.0674951359824468,-0.7180730733761156,0.025533191902728403,-1.1507480098870098,2.9231920085580936,0.00017268914297578002,-1.3251684347735804,-2.2411158720599573,-1.3440864721881312,-1.1273024717914026,1.5708345174789429,-0.504432503377096,1
324,1788171681.705942,0.06749816244785047,-0.7180988878907355,0.029443581687776138,-1.1507133506739402,2.923208227636528,-0.0001493415735348687,-1.3251808325396937,-2.237072769795553,-1.3401668707477015,-1.1350615660296839,1.5708585977554321,-0.5044205824481409,1
325,1788171681.7491663,0.06748196690414196,-0.7180430382952235,0.033279285298014494,-1.1507742266046355,2.9232054356566946,0.0001976009628546508,-1.3251684347735804,-2.2331493536578577,-1.3361519018756312,-1.1432164351092737,1.5708105564117432,-0.5044449011432093,1
326,1788171681.7877688,0.06750552593341519,-0.7181032147243354,0.03644913594970023,-1.1507875043764244,2.9231880348667394,-0.000103823259794274,-1.3251684347735804,-2.2300542036639612,-1.3326876799212855,-1.1495869795428675,1.5708465576171875,-0.5044568220721644,1
327,1788171681.830288,0.06751202567987244,-0.7181541911236659,0.03970924301653367,-1.1507064036422283,2.923241671571899,-0.000494719853170027,-1.3251808325396937,-2.226863209401266,-1.3291633764850062,-1.1560528914081019,1.5708585977554321,-0.5044086615191858,1
328,1788171681.8757463,0.0675142775010206,-0.718079526277032,0.04290624323394432,-1.150808511552208,2.923190281374878,-7.538596314942013e-05,-1.3251445929156702,-2.223707977925436,-1.32562762895693,-1.1630099455462855,1.5708345174789429,-0.5044449011432093,1
329,1788171681.9176397,0.06749248133010885,-0.7180624840078066,0.04665994369718893,-1.150783124574227,2.9231769261570917,0.00018680008262990543,-1.3251684347735804,-2.220156494771139,-1.3212645689593714,-1.1710928122149866,1.5708345174789429,-0.5044568220721644,1
330,1788171681.9590979,0.06749083895638613,-0.7180922823220416,0.04982166657502951,-1.1507164364318963,2.9232160808621197,4.196716751899596e-05,-1.3251808325396937,-2.217217747365133,-1.3175724188434046,-1.1776307264911097,1.5708345174789429,-0.5044205824481409,1
331,1788171681.9987373,0.06749560717745748,-0.7180523448140625,0.05301218545816885,-1.1507533163310155,2.92315234222141,0.00030149705007171627,-1.3251684347735804,-2.2142542044269007,-1.3137849012957972,-1.1845515410052698,1.5708585977554321,-0.5044449011432093,1
332,1788171682.0415132,0.06747775649805303,-0.7180862394982882,0.05624819690180485,-1.1507380977728687,2.9232179421687663,7.037874791600899e-05,-1.3251927534686487,-2.2113149801837366,-1.309925381337301,-1.1911972204791468,1.5708225965499878,-0.5044449011432093,1
333,1788171682.0805147,0.06753298958950997,-0.7181315550840796,0.059528142883999796,-1.1507705101221333,2.9231980122783754,-0.00028749110598720584,-1.3251445929156702,-2.2083995977984827,-1.305934254323141,-1.197878662739889,1.5708585977554321,-0.5044205824481409,1
334,1788171682.1225061,0.06748685829006615,-0.7180287496720673,0.06254911315764283,-1.1507284077680013,2.9231422517984877,0.0006708434907883553,-1.3251684347735804,-2.20575982729067,-1.301978890095846,-1.2050874868976038,1.5708465576171875,-0.504432503377096,1
335,1788171682.1661556,0.06750289115036825,-0.7181027448986566,0.0664716324473823,-1.150783070353184,2.923229941524899,2.844385548911278e-05,-1.3251565138446253,-2.202352825795309,-1.2971366087542933,-1.2129181067096155,1.570798635482788,-0.504432503377096,1
336,1788171682.2111826,0.06749784632698334,-0.7181089315030691,0.06970381489360597,-1.150736206701768,2.9232151684959193,-0.00018181106173705892,-1.3251808325396937,-2.1995695273028772,-1.2930615584002894,-1.2196477095233362,1.5708465576171875,-0.504432503377096,1
337,1788171682.2549708,0.06751726902448142,-0.7180576611276696,0.07359166271093742,-1.1507895677893785,2.9231421783370757,0.00011042885252400165,-1.3251445929156702,-2.196306053792135,-1.287943188344137,-1.228220287953512,1.5708705186843872,-0.5044449011432093,1
338,1788171682.3005352,0.06747244049065772,-0.718065031819629,0.07671545610729907,-1.1507313277127404,2.92320075225446,0.00029319970565292293,-1.3251927534686487,-2.193810764943258,-1.2836406866656702,-1.235129181538717,1.5708225965499878,-0.5044449011432093,1
339,1788171682.3428428,0.06750867732454512,-0.7181270897237307,0.08059991927955776,-1.1507749947174342,2.9232073770368863,-0.00011920856326310551,-1.3251684347735804,-2.190739456807272,-1.2783544699298304,-1.2432234922992151,1.5708345174789429,-0.5044449011432093,1
340,1788171682.3871086,0.06750789130463046,-0.7181114978438089,0.08378819996448794,-1.1507789203289076,2.923219400016085,2.0085592868132905e-05,-1.3251565138446253,-2.188244167958395,-1.273907486592428,-1.2502520720111292,1.5708105564117432,-0.504432503377096,1
341,1788171682.425685,0.06753489841052082,-0.7181741212336155,0.08774157493187154,-1.1507976639046409,2.923213799108854,-0.0005853365344008762,-1.3251565138446253,-2.1851967016803187,-1.268454376851217,-1.2583702246295374,1.5708585977554321,-0.5044449011432093,1
342,1788171682.463864,0.06751736616234175,-0.7181267958809886,0.09022727593558189,-1.1508460195777934,2.9231833167747157,-0.0001630311367353705,-1.3251565138446253,-2.1833375136004847,-1.2648103872882288,-1.2641413847552698,1.5708345174789429,-0.5044806639300745,1
343,1788171682.502937,0.06750956600392165,-0.7180607340962593,0.09325115866250297,-1.1507562224463515,2.923161767566734,0.00047572512473597044,-1.3251445929156702,-2.1811416784869593,-1.2602561155902308,-1.271301571522848,1.5708345174789429,-0.5044205824481409,1
344,1788171682.545132,0.06752878939833601,-0.7181610572253475,0.09656816450557223,-1.1507744097857755,2.9232079238715825,-0.00026945477804689327,-1.3251565138446253,-2.1787665526019495,-1.2554495970355433,-1.278006378804342,1.5708465576171875,-0.504432503377096,1
345,1788171682.584572,0.06752216362789494,-0.7181695824028882,0.09981965215953675,-1.1507790050499458,2.923217543133191,-0.00039795145388343996,-1.3251684347735804,-2.176450554524557,-1.2506311575519007,-1.285058323537008,1.5708465576171875,-0.5044449011432093,1
346,1788171682.6278455,0.06751439917569871,-0.7181273059811372,0.10299616676274956,-1.1507489850812804,2.9231944643253596,-0.0001523125240409671,-1.3251684347735804,-2.174231831227438,-1.2458012739764612,-1.2922661940204065,1.5708585977554321,-0.504432503377096,1
347,1788171682.6741521,0.0675465479109734,-0.7181619845812823,0.10689838781508865,-1.1508513558049602,2.9231968462226083,-0.0004855965345622208,-1.3251326719867151,-2.1715920607196253,-1.2398436705218714,-1.300648037587301,1.5708465576171875,-0.5044568220721644,1
348,1788171682.7184038,0.06752181519428609,-0.7181107434142882,0.11057676352245496,-1.1507558073455026,2.92316069452659,5.175310540509462e-05,-1.3251565138446253,-2.1692283789264124,-1.2338994185077112,-1.3093040625201624,1.5708705186843872,-0.504432503377096,1
349,1788171682.7608957,0.06750949978161512,-0.7181190664370515,0.11380811879920938,-1.1506992149725839,2.92322140059911,-8.822362617170222e-05,-1.3251684347735804,-2.1671412626849573,-1.2288053671466272,-1.3163922468768519,1.5708465576171875,-0.5043967405902308,1
350,1788171682.8059373,0.06752575533521638,-0.7181253066977582,0.11764765240611386,-1.1508245597034357,2.9231799307272177,-3.0078838687956678e-05,-1.3251445929156702,-2.1648014227496546,-1.2225006262408655,-1.3250725905047815,1.5708345174789429,-0.5044568220721644,1
351,1788171682.8489964,0.06749020652494643,-0.7180897594856412,0.12091683038644047,-1.1507500855105974,2.9231972775820556,0.00010435640430155473,-1.3251808325396937,-2.16278583208193,-1.2171672026263636,-1.3325079123126429,1.5708345174789429,-0.5044449011432093,1
352,1788171682.8931909,0.06751827120778911,-0.7181765518485217,0.12419013795487874,1.1507955525952362,-2.923208465021504,0.0005616973264770936,-1.3251684347735804,-2.1608780066119593,-1.211785618458883,-1.3393681685077112,1.5708225965499878,-0.5044568220721644,1
353,1788171682.938395,0.06752091815976145,-0.7181646142645572,0.12792931438952068,-1.150776729826234,2.9232117688129424,-0.0003229333673888303,-1.3251684347735804,-2.1588147322284144,-1.205301586781637,-1.3480718771563929,1.5708465576171875,-0.5044449011432093,1
354,1788171682.9825373,0.06753137411377061,-0.7181251116764049,0.131038086267309,-1.1507770424307042,2.9231635181787015,7.125302863044521e-05,-1.3251445929156702,-2.157147232686178,-1.1998122374164026,-1.355483357106344,1.5708585977554321,-0.504432503377096,1
355,1788171683.0281022,0.06751849954177512,-0.7181549664233539,0.13487353577109873,-1.1507516442636743,2.923201225556983,-9.342404432666669e-05,-1.3251684347735804,-2.1551316420184534,-1.1930883566485804,-1.3641155401812952,1.5708465576171875,-0.504432503377096,1
356,1788171683.0724828,0.06753169715911127,-0.7181490062061688,0.13880614549575593,-1.1508123659692246,2.9232000653738894,-0.00020239596776190148,-1.3251445929156702,-2.1530802885638636,-1.1861727873431605,-1.3730109373675745,1.5708345174789429,-0.5044449011432093,1
357,1788171683.112206,0.06754004869468028,-0.7181710140336396,0.14204319766989376,-1.150744875619052,2.923235127129424,-0.00044474427173915706,-1.3251445929156702,-2.1514723936664026,-1.1803835074054163,-1.38025409380068,1.5708465576171875,-0.5043967405902308,1
358,1788171683.155034,0.06748681250564016,-0.718123520630154,0.14527755501926484,-1.150718422225528,2.9232190539254335,-0.00029343565648011873,-1.3252046743976038,-2.1498649756061,-1.1745465437518519,-1.3877971808062952,1.5708585977554321,-0.5044449011432093,1
359,1788171683.1979086,0.06749545453285259,-0.7180517359970225,0.1490688274019286,-1.150810621453764,2.92314454043894,0.0001358666967240083,-1.3251684347735804,-2.1481130758868616,-1.1674636046039026,-1.3969076315509241,1.5708585977554321,-0.5044806639300745,1
360,1788171683.239669,0.06750422847138117,-0.7181343912318736,0.15219782505701,-1.1507168891022113,2.923217220627693,-0.00011942009414431737,-1.3251808325396937,-2.146877113972799,-1.161386791859762,-1.4040549437152308,1.5708465576171875,-0.5044205824481409,1
361,1788171683.2823634,0.06751818376664627,-0.7181074500846975,0.1553757998946158,-1.1507562558061248,2.9231618435673394,0.00018191952879109045,-1.3251565138446253,-2.1455939451800745,-1.1551783720599573,-1.4117415587054651,1.5708585977554321,-0.504432503377096,1
362,1788171683.3276684,0.06750449080753497,-0.7180754388514151,0.15920251093242418,-1.150707633840818,2.9231916908502753,0.00035466108815547455,-1.3251565138446253,-2.144046131764547,-1.147747818623678,-1.4208276907550257,1.5708345174789429,-0.5043967405902308,1
363,1788171683.3723369,0.06752732284037483,-0.7180977617372585,0.16245909498095568,-1.1508267390961906,2.92313435694222,3.392603436671767e-05,-1.3251445929156702,-2.1427744070636194,-1.1414311567889612,-1.4282148520099085,1.5708705186843872,-0.5044687430011194,1
364,1788171683.4172096,0.0675166516191717,-0.7181001868645698,0.1662452632626088,-1.1508249883408648,2.9231810245124445,0.00010083209506447632,-1.3251445929156702,-2.141442600880758,-1.133796517048971,-1.4372180143939417,1.5708225965499878,-0.5044568220721644,1
365,1788171683.4614458,0.0675309906493319,-0.7181348852411087,0.1694862033445672,-1.150769450763902,2.923195338214379,-0.00010604950813903848,-1.3251445929156702,-2.1403749624835413,-1.127192799245016,-1.4447596708880823,1.5708465576171875,-0.5044205824481409,1
366,1788171683.5053215,0.06753371235984544,-0.7180658053971984,0.17339953498681093,-1.1505881317643962,2.923198917693976,7.216179273677288e-05,-1.3251326719867151,-2.139031235371725,-1.119246784840719,-1.454170052205221,1.570894479751587,-0.5043004194842737,1
367,1788171683.5501323,0.06751134965773296,-0.7180565454140435,0.17721333193236263,-1.1499089603970023,2.923528643045172,-4.6608352783006175e-05,-1.3251445929156702,-2.137831989918844,-1.111384693776266,-1.4631488958941858,1.5708465576171875,-0.5038331190692347,1
368,1788171683.5937762,0.06748843404361284,-0.71807138410266,0.18039902856562035,-1.149137086687618,2.9238335008783727,-6.219027435099408e-05,-1.3251808325396937,-2.13699180284609,-1.1045530478106897,-1.4708107153521937,1.5708465576171875,-0.503341023121969,1
369,1788171683.634581,0.0674967164936584,-0.7180455778098614,0.18355348302734528,-1.148295389616599,2.924110174846382,0.0002546425945673347,-1.3251684347735804,-2.1362479368792933,-1.0976017157184046,-1.4787123839007776,1.5708705186843872,-0.5027654806720179,1
370,1788171683.6791449,0.0675262997679815,-0.7180936811435086,0.18742002306817435,-1.1468614900413439,2.924686040787977,0.00010614879418515026,-1.3251445929156702,-2.1354320685016077,-1.0890205542193812,-1.488014046345846,1.5708705186843872,-0.5017579237567347,1
371,1788171683.7232456,0.06753308769930419,-0.718096997642448,0.19058899757592285,-1.1449138361108475,2.9254515569893407,0.00022525595084095027,-1.3251326719867151,-2.134820286427633,-1.0818656126605433,-1.4958556334124964,1.5708585977554321,-0.5004137198077601,1
372,1788171683.7658973,0.06747011575460878,-0.7181268239035966,0.19441160364479246,-1.1426394908504554,2.926358533454248,2.102039493030551e-05,-1.325228516255514,-2.1340883413897913,-1.0732844511615198,-1.5050376097308558,1.5708585977554321,-0.4989507834063929,1
373,1788171683.8059866,0.06721888701372654,-0.7181565894590619,0.19767551692949473,-1.1406292430495326,2.9271697411780258,-0.00014077210982669087,-1.3255766073810022,-2.133500401173727,-1.0659015814410608,-1.5129030386554163,1.5708465576171875,-0.4979189077960413,1
374,1788171683.846543,0.06614299147460106,-0.7181994082257301,0.20087923896122054,-1.1381321178293804,2.9281281388953975,0.0001632316020947457,-1.3270514647113245,-2.132996384297506,-1.0584710280047815,-1.5210312048541468,1.5708345174789429,-0.4976909796344202,1
375,1788171683.8911424,0.0645862266473935,-0.7184854690781581,0.20410217662335073,-1.1362470161528793,2.92889757164987,-0.00041055551847095915,-1.32927114168276,-2.1327689329730433,-1.0506933371173304,-1.5286696592914026,1.5708465576171875,-0.49861461320985967,1
376,1788171683.934973,0.06269462748605698,-0.7186232074121464,0.20780302856972319,-1.1335131413209842,2.929870993520782,0.00040757887037454687,-1.3318975607501429,-2.132636849080221,-1.041333023701803,-1.5386889616595667,1.5708585977554321,-0.4993942419635218,1
377,1788171683.9791114,0.06106369126832542,-0.718853690375282,0.21097964332575797,-1.1310066818234372,2.93085907327884,0.0004739576398548182,-1.3341887632953089,-2.1326611677752894,-1.0331833998309534,-1.5468538443194788,1.5708345174789429,-0.49997026125063115,1
378,1788171684.0229619,0.05916282032175898,-0.719106662792723,0.21487007667926544,-1.1280230785108116,2.932023391181127,0.0003074685146883342,-1.3368633429156702,-2.132648770009176,-1.023308579121725,-1.556634251271383,1.5708345174789429,-0.5006058851825159,1
379,1788171684.0689867,0.05763515559174755,-0.7193124598775485,0.21816194651087664,-1.1261742977325486,2.9327770428589077,-2.1931520740816638e-05,-1.3390100638019007,-2.132648770009176,-1.0149672667132776,-1.5647624174701136,1.5708225965499878,-0.5014818350421351,1
380,1788171684.1125708,0.05566420146471827,-0.7195024745674848,0.2220397482476251,-1.1235493586927607,2.933770235822857,-0.00015475987122914297,-1.3417685667621058,-2.1326850096331995,-1.0050438086139124,-1.5745676199542444,1.5708465576171875,-0.502453629170553,1
381,1788171684.1510227,0.0540146699547723,-0.7195837885100894,0.22530801834084824,-1.1210415005631635,2.9347550479321978,-1.2777253539012367e-05,-1.3440354506122034,-2.1326850096331995,-0.9966905752765101,-1.5830071608172815,1.5708105564117432,-0.503005329762594,1
382,1788171684.1952488,0.05240250141084005,-0.7197650953610023,0.22856755326991704,-1.1181214186538433,2.935876020489729,-0.0007668962442251363,-1.3463142553912562,-2.1327088514911097,-0.9884570280658167,-1.5907405058490198,1.5708705186843872,-0.5032928625689905,1
383,1788171684.2392328,0.05075484317655797,-0.7197455665715609,0.2316474211341421,-1.1148107499987852,2.937135379185929,-0.00022906524416428097,-1.3485453764544886,-2.132745091115133,-0.9804638067828577,-1.5990365187274378,1.5708225965499878,-0.5032690207110804,1
384,1788171684.2809515,0.04895285913509304,-0.7197375556403932,0.23536384220593812,-1.1103459034526342,2.938802676593673,-0.00025217556371617264,-1.351015869771139,-2.1327088514911097,-0.971043888722555,-1.608481232319967,1.5708465576171875,-0.5027053991900843,1
385,1788171684.3257823,0.046935469184081965,-0.7197637669986957,0.23817632722739032,-1.1057358603562677,2.9405689028173114,-0.0001448415475719344,-1.353774372731344,-2.1327689329730433,-0.963757340108053,-1.6157715956317347,1.5708105564117432,-0.5023210684405726,1
386,1788171684.3706627,0.045389306719853605,-0.7197548622741745,0.23969861147807142,-1.103051977594814,2.9415137604064774,0.00023299531907826481,-1.3558977285968226,-2.1328285376178187,-0.9597185293780726,-1.6199973265277308,1.5708345174789429,-0.5026333967791956,1
387,1788171684.4163847,0.04344523563079977,-0.7198406988970201,0.24079126115508284,-1.1005626000710487,2.9424374172936965,5.614236959053707e-05,-1.358596150075094,-2.1328166166888636,-0.9569748083697718,-1.6226428190814417,1.5708585977554321,-0.503641430531637,1
388,1788171684.4605072,0.04181713596425108,-0.7199000261726349,0.24096927187665243,-1.100149049166544,2.9426231117027553,5.185286558324487e-06,-1.3608391920672815,-2.1327088514911097,-0.9566991964923304,-1.6229899565326136,1.5708345174789429,-0.5055964628802698,1
389,1788171684.502889,0.03994632319756749,-0.7199377685354601,0.24082424613887485,-1.1000312388135995,2.942628840765661,0.0003767826629402424,-1.363417927418844,-2.132648770009176,-0.9571064154254358,-1.6228821913348597,1.5708345174789429,-0.5081036726581019,1
390,1788171684.5470195,0.03829041407499315,-0.719953816586396,0.24084152242414536,-1.0999941024394282,2.94263431509916,0.00045128276678121004,-1.3656967321978968,-2.1324690024005335,-0.9573343435870569,-1.6228821913348597,1.5708345174789429,-0.5103591124164026,1
391,1788171684.5921729,0.03641775216841382,-0.7199859372088443,0.24088563457304163,-1.1001267474449814,2.942610525982065,0.0003221205522194782,-1.3682754675494593,-2.132228676472799,-0.9576213995562952,-1.6227505842791956,1.5708225965499878,-0.5130222479449671,1
392,1788171684.6355097,0.03484499982672874,-0.7199461135309729,0.2409060923216421,-1.1002728626203986,2.9425179980063607,0.00042844839078541515,-1.370434586201803,-2.1319411436664026,-0.9580052534686487,-1.6227267424212855,1.5708465576171875,-0.5152891317950647,1
393,1788171684.6801426,0.03285083431524072,-0.7199528478188486,0.24090605910940593,-1.1003046646713108,2.9425452838758046,0.00041858194107811784,-1.3731687704669397,-2.131676975880758,-0.9584248701678675,-1.6225593725787562,1.5708105564117432,-0.518036190663473,1
394,1788171684.7230575,0.031299213819130436,-0.7199772160536796,0.24094020832920782,-1.1004670634242906,2.9424920061661535,0.0002290603592475274,-1.3753154913531702,-2.131472889577047,-0.9586885611163538,-1.6223796049701136,1.5708225965499878,-0.5202916304217737,1
395,1788171684.765168,0.02935828487000196,-0.7199663810138998,0.2409950267791169,-1.1003786034695149,2.942522750866657,0.0001319425144096958,-1.3779900709735315,-2.1311729590045374,-0.9590361754046839,-1.6222713629352015,1.5708345174789429,-0.5229066053973597,1
396,1788171684.8110867,0.027728370531996425,-0.7199385290278751,0.24098892464539912,-1.1000186636559508,2.9426336998498357,0.0002224150049504718,-1.380233112965719,-2.1309455076800745,-0.959395710621969,-1.622199837361471,1.5708465576171875,-0.5249102751361292,1
397,1788171684.8523793,0.025917680313034906,-0.719976528446182,0.24097372592051267,-1.1003406699768892,2.942528230925615,9.070302442561718e-05,-1.382740322743551,-2.130801026021139,-0.9596827665912073,-1.621972386037008,1.5708465576171875,-0.527633015309469,1
398,1788171684.8958251,0.024220285361981272,-0.7199621112945289,0.24092414497265408,-1.1000892390057098,2.9426043137137308,0.00024102610917266717,-1.3850787321673792,-2.1306455771075647,-0.9600308577166956,-1.6218770186053675,1.5708465576171875,-0.5298045317279261,1
399,1788171684.9408407,0.02268296967671315,-0.7199472219629708,0.24092217752255088,-1.0999593300020214,2.942631139078763,0.00031052266257729547,-1.3872011343585413,-2.1304896513568323,-0.9602702299701136,-1.621840778981344,1.5708585977554321,-0.5318434874164026,1
400,1788171684.983349,0.02076000081586309,-0.719956108752181,0.24092656159631448,-1.1002356046657955,2.9425594835650926,0.0002599843283264211,-1.3898518721209925,-2.1303208510028284,-0.9605339209185999,-1.62170917192568,1.5708345174789429,-0.5346749464618128,1
401,1788171685.026556,0.019150989608468002,-0.7199704927787366,0.24091643211024466,-1.1005140857535574,2.9424445537275496,0.00023793699631674897,-1.392082993184225,-2.1302250067340296,-0.9607136885272425,-1.6216133276568812,1.5708465576171875,-0.5370977560626429,1
402,1788171685.0709593,0.017292175797117896,-0.7199727244300017,0.2409132358496819,-1.100448648236944,2.942481259032652,0.00024104168568059913,-1.3946498076068323,-2.1300933996783655,-0.9609292189227503,-1.6215294043170374,1.5708345174789429,-0.5396173636065882,1
403,1788171685.1148221,0.015633454324083466,-0.7199725585324789,0.24093706140850912,-1.1003672336844854,2.942530837318827,0.00018900337234726652,-1.3969405333148401,-2.1299613157855433,-0.9610851446734827,-1.621469799672262,1.5708225965499878,-0.5418484846698206,1
404,1788171685.1566868,0.013741989278676469,-0.7199582264659024,0.24092252150523613,-1.1002798161971183,2.942508791096852,0.00030784204412853146,-1.3995664755450647,-2.1298654715167444,-0.9612529913531702,-1.621481720601217,1.5708585977554321,-0.5444272200213831,1
405,1788171685.195422,0.012164381769163625,-0.7199664911225234,0.24091634162654182,-1.0999623422249485,2.9426798182024845,0.00030328107287694767,-1.4017375151263636,-2.1297934691058558,-0.9613850752459925,-1.6214097181903284,1.5708105564117432,-0.546370808278219,1
406,1788171685.238673,0.010532903056816022,-0.7199794109285336,0.24091895015182066,-1.0999460305799895,2.942687521901917,0.00018772949769102918,-1.4040043989764612,-2.129709545766012,-0.9615281263934534,-1.6212781111346644,1.5708225965499878,-0.5486262480365198,1
407,1788171685.2833853,0.008935094593242562,-0.7199639007174248,0.24095343036621827,-1.1000201344478406,2.9426697075950923,0.0002095620135624326,-1.4062112013446253,-2.129613701497213,-0.961588207875387,-1.6213257948504847,1.5708105564117432,-0.5508812109576624,1
408,1788171685.3294308,0.006967222578638183,-0.7199748091485534,0.24096680978229923,-1.0997721625126184,2.94275931460612,0.0001322434445047417,-1.4089458624469202,-2.1295536200152796,-0.9616602102862757,-1.6212661902057093,1.5708225965499878,-0.5534480253802698,1
409,1788171685.373564,0.005367438977562846,-0.7199739434490885,0.2409265348452837,-1.099806082651313,2.9427388228857345,0.0001879020572034947,-1.4111645857440394,-2.1295297781573694,-0.9617918173419397,-1.6211946646319788,1.5708225965499878,-0.5556915442096155,1
410,1788171685.4173546,0.0035364398432620628,-0.7199671753869312,0.24097477136269466,-1.0985171368077884,2.943220240924133,9.152059892457e-05,-1.4137075583087366,-2.1294453779803675,-0.9618161360370081,-1.6211946646319788,1.5708345174789429,-0.5573585669146937,1
411,1788171685.4625514,0.0015263850325766477,-0.7199832000508575,0.2410204228542368,-1.0945366201722446,2.9447284264925218,-9.352184290654743e-05,-1.4165013472186487,-2.129397694264547,-0.9618037382708948,-1.6211345831500452,1.5708345174789429,-0.5574424902545374,1
412,1788171685.5049524,4.374016961482587e-05,-0.7199832263475616,0.24095866442849417,-1.0901298905838426,2.9463346763425897,1.3454285410846124e-05,-1.4185641447650355,-2.1294334570514124,-0.9618876616107386,-1.621086899434225,1.5708465576171875,-0.5565193335162562,1
413,1788171685.550073,-0.001965063515879645,-0.7199821224720495,0.24097380308181007,-1.082826150935257,2.9490167294084424,-8.717614506567542e-06,-1.4213584105121058,-2.1294334570514124,-0.9618518988238733,-1.621110741292135,1.5708585977554321,-0.5543602148639124,1
414,1788171685.5943012,-0.003609547592161022,-0.7199671364380971,0.2409876568507936,-1.075782270903176,2.951646216565235,-1.1883851635305957e-05,-1.4236252943622034,-2.129397694264547,-0.9618757406817835,-1.621110741292135,1.5708105564117432,-0.5518406073199671,1
415,1788171685.6384616,-0.005487226473708541,-0.7199705201583573,0.24097605937594643,-1.0661964059323095,2.9551123438118907,-3.400549821159226e-05,-1.4262402693377894,-2.1294334570514124,-0.9618518988238733,-1.621086899434225,1.5708225965499878,-0.5479663054095667,1
416,1788171685.6825886,-0.007104981895564787,-0.7199577813450475,0.24101423645423076,-1.0568653571569424,2.9584525220879545,-0.00015157430318434901,-1.428495232258932,-2.129397694264547,-0.9618280569659632,-1.6210749785052698,1.5708465576171875,-0.5439117590533655,1
417,1788171685.725279,-0.008642781882329009,-0.7199521840119179,0.24099185764760173,-1.0467106480146942,2.962062984589702,-7.508086128157322e-05,-1.4306295553790491,-2.1294572989093226,-0.9617798964129847,-1.621110741292135,1.5708345174789429,-0.539184872304098,1
418,1788171685.768108,-0.01058091135220607,-0.719959283619292,0.2410487923049548,1.0323008965225926,-2.967145497268643,0.00031442071774229397,-1.4333279768573206,-2.1294572989093226,-0.9616721312152308,-1.6210630575763147,1.5708345174789429,-0.5321558157550257,1
419,1788171685.8112006,-0.012240349133121034,-0.7199634035974879,0.2410674535288703,-1.0200662159546732,2.971372927139227,-0.00039083722782866457,-1.4356425444232386,-2.1295178572284144,-0.9615405241595667,-1.621086899434225,1.5708465576171875,-0.5262296835528772,1
420,1788171685.850877,-0.014078917870846041,-0.7199587248738575,0.24107679415478847,-1.0060948051559675,2.9761119784387766,-0.00043407873347362565,-1.438209358845846,-2.129589859639303,-0.9614089171039026,-1.6211231390582483,1.5708705186843872,-0.5194042364703577,1
421,1788171685.894631,-0.015798324398871147,-0.7199770898057603,0.24112516385908517,0.993746472689742,-2.980239796501349,0.0006276558104013507,-1.4405959288226526,-2.1296613852130335,-0.9612048308001917,-1.6211231390582483,1.5708345174789429,-0.5135019461261194,1
422,1788171685.9383645,-0.017378987403009565,-0.7199795623929737,0.24108301465904572,0.9816103446339212,-2.9842866604944662,0.000520271041132732,-1.4428022543536585,-2.129817310963766,-0.9610493818866175,-1.6211946646319788,1.5708465576171875,-0.5075638929950159,1
423,1788171685.9821029,-0.01891464212459248,-0.7199975117751298,0.24110025538503244,0.9699605313068059,-2.9880669451551465,0.0005316606904720606,-1.444937531148092,-2.1299737135516565,-0.960761849080221,-1.6213138739215296,1.5708225965499878,-0.501901928578512,1
424,1788171686.0255225,-0.020932144629264546,-0.7199871812299387,0.2410806380593335,0.9557012753640205,-2.9926578853209254,0.0004370034818287973,-1.4477437178241175,-2.130141083394186,-0.9605339209185999,-1.6214335600482386,1.5708105564117432,-0.4951713720904749,1
425,1788171686.070076,-0.022734018318727883,-0.7200039037604379,0.24110492978838752,0.941348065720232,-2.9972007547858097,0.0005694618712613055,-1.4502623716937464,-2.1302970091449183,-0.9602463881122034,-1.621481720601217,1.5708225965499878,-0.488105599080221,1
426,1788171686.1145675,-0.024416809551733833,-0.7200044954128147,0.24106030621516847,0.9292308983529458,-3.0009994723785134,0.0005162433665108964,-1.4526127020465296,-2.1304777304278772,-0.9600666205035608,-1.6215174833880823,1.5708345174789429,-0.4823716322528284,1
427,1788171686.1573033,-0.02626381851394659,-0.7199718809186882,0.24105514953117452,0.9153122385911276,-3.0052936537074584,0.00025504492274828106,-1.455179516469137,-2.13068133989443,-0.9597185293780726,-1.621828858052389,1.5708225965499878,-0.47566539445985967,1
428,1788171686.1959617,-0.027886561854065125,-0.7199914124279728,0.24104628172714143,-0.9029520322623313,3.009007881371545,-0.00033878940317489563,-1.4574578444110315,-2.130885426198141,-0.9594309965716761,-1.6218646208392542,1.5708585977554321,-0.46972734132875615,1
429,1788171686.2345467,-0.029191633774263266,-0.7199809028628119,0.24106665008126685,-0.8930163818081168,3.0119566940118507,-0.0003228519035499325,-1.459280792866842,-2.131017510090963,-0.959167782460348,-1.6220081488238733,1.5708705186843872,-0.46495229402651006,1
430,1788171686.2787123,-0.031096840387003718,-0.7199803381239402,0.2410670155242137,-0.8788857833017184,3.0161344126064,-0.0003161886219563348,-1.4619315306292933,-2.131244961415426,-0.9588082472430628,-1.6221402327166956,1.5708465576171875,-0.45822221437563115,1
431,1788171686.322229,-0.032635297933094914,-0.7199746981778702,0.24105972998943695,-0.867137292342158,3.0195263022315,-0.00026080723376189276,-1.4640777746783655,-2.131449047719137,-0.958496395741598,-1.6222837607013147,1.5708465576171875,-0.4525836149798792,1
432,1788171686.3659925,-0.03427519365985162,-0.7199866094089276,0.24100305656885979,-0.8544859427659416,3.023119871531447,-0.0001677426694916314,-1.4663685003863733,-2.1317365805255335,-0.9581731001483362,-1.6223796049701136,1.5708465576171875,-0.44650155702699834,1
433,1788171686.4103258,-0.03616579943236909,-0.7199802413435094,0.240992274498316,-0.8402048375945156,3.027115580290598,-0.0001299803311066345,-1.4690068403827112,-2.1320012251483362,-0.9577773253070276,-1.6225350538836878,1.5708465576171875,-0.43969899812807256,1
434,1788171686.4521313,-0.03784917650551681,-0.7199840056704243,0.24100263149901358,-0.8281622046313054,3.0304384713405192,-0.00018601577191187395,-1.4713576475726526,-2.132240597401754,-0.9573820273028772,-1.6226547400103968,1.5708465576171875,-0.43409663835634404,1
435,1788171686.495535,-0.03981131207791022,-0.7199964389515595,0.24104771182634224,0.8131339806333566,-3.034488216938062,0.0003551309189247645,-1.4740799109088343,-2.1325047651873987,-0.956878964100973,-1.6227744261371058,1.5707865953445435,-0.42691022554506475,1
436,1788171686.5386086,-0.04131293700690324,-0.7199864390629005,0.2410098398793155,-0.8012319888296158,3.0376834241669335,-0.00020048121553512384,-1.4761908690081995,-2.1327927748309534,-0.9564951101886194,-1.6229780356036585,1.5708345174789429,-0.42117578188051397,1
437,1788171686.583717,-0.043296277459669505,-0.7199935261695061,0.2410170394189673,-0.7868222144272181,3.0414206158475414,-0.0003019181162133472,-1.4789732138263147,-2.1331165472613733,-0.9559801260577601,-1.6231096426593226,1.5708705186843872,-0.4144809881793421,1
438,1788171686.62852,-0.04480329450058703,-0.7199978358431486,0.24097369382633774,-0.7745862019172746,3.0446009814180304,-0.00010121931744589326,-1.4810593763934534,-2.1334646383868616,-0.9555123488055628,-1.6233490149127405,1.5708105564117432,-0.4085186163531702,1
439,1788171686.6733148,-0.04682306837211042,-0.7199800596100028,0.24098986209072062,-0.7596115919713299,3.048332773468133,-9.083009817623846e-05,-1.4838898817645472,-2.133800808583395,-0.9549372831927698,-1.6236003080951136,1.5708465576171875,-0.4015243689166468,1
440,1788171686.7175126,-0.048435017189485216,-0.719935613014592,0.2409607258466678,-0.7477895903399765,3.05123400313211,0.00022816485765484536,-1.4861324469195765,-2.1341126600848597,-0.9544699827777308,-1.6239593664752405,1.5708345174789429,-0.3960173765765589,1
441,1788171686.757425,-0.05030364515423527,-0.7199326874255394,0.24092320777383078,-0.7331705619372559,3.0547509214611153,0.00039202202700988034,-1.488746468220846,-2.1345441977130335,-0.9538582007037562,-1.624246899281637,1.5708465576171875,-0.3890588919269007,1
442,1788171686.7956662,-0.051917144575492194,-0.7199362933267828,0.24092156946731916,-0.7206772011085468,3.0577630520292614,0.00036528973697102314,-1.4909895102130335,-2.1348684469806116,-0.9533556143390101,-1.6244023481952112,1.5708105564117432,-0.38312036195863897,1
443,1788171686.8373022,-0.053162166858543254,-0.7199366328709752,0.24096976134133033,-0.7110220625672177,3.0600028662353935,0.00019030678638569666,-1.4927404562579554,-2.1350725332843226,-0.9529359976397913,-1.6245105902301233,1.5708465576171875,-0.3785613218890589,1
444,1788171686.878184,-0.055065073046430685,-0.7199310119953864,0.2410160075163583,-0.6967237553226263,3.0633273923131026,6.496658815691626e-05,-1.4953907171832483,-2.1354201475726526,-0.9522889296161097,-1.624725643788473,1.5708225965499878,-0.3718660513507288,1
445,1788171686.9212716,-0.056686511314291546,-0.7199418768182893,0.241005194803522,-0.6840414909188908,3.0661896880486914,9.487872201065447e-06,-1.4976571241961878,-2.135792080556051,-0.9517372290240687,-1.6248696486102503,1.5708225965499878,-0.3658555189715784,1
446,1788171686.9603348,-0.05825996489196624,-0.7199514420119321,0.24098002066240598,-0.6719097716830321,3.068843151782273,4.193952758912593e-05,-1.4998639265643519,-2.136200253163473,-0.9511502424823206,-1.6250727812396448,1.5708465576171875,-0.36015636125673467,1
447,1788171687.0024676,-0.05988604351402631,-0.7199414854927121,0.24102074078566574,-0.6599002971153897,3.071430775581513,-3.816043373820359e-05,-1.5021422545062464,-2.136535946522848,-0.9505270163165491,-1.6253121534930628,1.5708705186843872,-0.35461360612978154,1
448,1788171687.0442345,-0.06188533563493715,-0.7199514963636579,0.24103434292817535,-0.6448683752395178,3.0746668752568134,-0.000122682575996569,-1.5049245993243616,-2.1370156447040003,-0.9497478644000452,-1.625552002583639,1.5708345174789429,-0.3476069609271448,1
449,1788171687.0865524,-0.06339201430395895,-0.7199692282193632,0.24104287383599063,0.6325671315784417,-3.077248230835319,0.0001730221458236125,-1.5070231596576136,-2.137423817311422,-0.9490888754474085,-1.6257670561419886,1.5708105564117432,-0.34170371690859014,1
450,1788171687.131172,-0.06505555106206513,-0.7199578781259576,0.24106677541087781,-0.6203161964964696,3.0796944901261583,-0.0001826105345526885,-1.5093610922442835,-2.137831989918844,-0.9483817259417933,-1.6260665098773401,1.5708585977554321,-0.33608848253359014,1
451,1788171687.1761608,-0.06691985121550337,-0.7199952656243594,0.24100414014046248,-0.6058471197464657,3.0825870832438045,-0.0001984613978266453,-1.5119641462909144,-2.1384194532977503,-0.9476144949542444,-1.6262343565570276,1.5708465576171875,-0.32929784456361944,1
452,1788171687.2200234,-0.06850080569570137,-0.7199882483659404,0.24099642245211397,-0.5930398603685632,3.0850366550392714,-0.00016727034337138145,-1.5141828695880335,-2.1388514677630823,-0.9469440619098108,-1.6264975706683558,1.5708825588226318,-0.3232153097735804,1
453,1788171687.2595599,-0.07045016973223694,-0.7199794655744496,0.24094515895959298,-0.5780844504924769,3.087892567878347,4.531777683668367e-05,-1.5168927351581019,-2.139451328908102,-0.9460929075824183,-1.6268804709063929,1.5708465576171875,-0.3162320295916956,1
454,1788171687.3022268,-0.07200045441339904,-0.720009411569187,0.24089447322518542,-0.5662788508711081,3.090067200435352,4.375895133726905e-05,-1.5190632979022425,-2.1399791876422327,-0.945385758076803,-1.6270602385150355,1.5708585977554321,-0.31076032320131475,1
455,1788171687.3472314,-0.07370306590648204,-0.7199639777260011,0.24089460995569062,-0.553526084444096,3.0923962851066134,0.00025693086718476296,-1.5214255491839808,-2.140435043965475,-0.9446309248553675,-1.627491299306051,1.5708225965499878,-0.30486947694887334,1
456,1788171687.3908827,-0.07557782331757341,-0.7199843520444429,0.24096727608185747,-0.5386295638020299,3.0950565072599985,3.5044550172471185e-05,-1.5240400473224085,-2.140974823628561,-0.9436243216144007,-1.6278141180621546,1.5708105564117432,-0.29785043398012334,1
457,1788171687.4335947,-0.07713278368823963,-0.7199967177285665,0.24096160787115412,-0.5267019813675159,3.0970753771035815,-9.061424670357995e-06,-1.5262225309955042,-2.1414788405047815,-0.9428451696978968,-1.6280654112445276,1.5708465576171875,-0.2923315207110804,1
458,1788171687.4768808,-0.07874847964290861,-0.7200021489979066,0.24094236603998254,-0.5143239154592864,3.099156354694132,-2.6023718162358488e-05,-1.5284774939166468,-2.1419947783099573,-0.9420784155475062,-1.6283052603351038,1.5708465576171875,-0.286595646535055,1
459,1788171687.519467,-0.08062249065765847,-0.7199906575398819,0.24093633489095675,-0.49913006309257324,3.101636702357146,1.1332265370569038e-05,-1.5310915152179163,-2.1425822416888636,-0.9411557356463831,-1.6286643187152308,1.5708465576171875,-0.2794087568866175,1
460,1788171687.5628588,-0.08227748058093053,-0.720011850511026,0.24103719260975784,0.486724940216979,-3.1036561574992225,0.0003954100099476692,-1.533393685017721,-2.143026653920309,-0.940256420766012,-1.6288555304156702,1.5708225965499878,-0.27370959917177373,1
461,1788171687.6091993,-0.08426694584795914,-0.7200035323180975,0.2410379815058976,0.47184209026334145,-3.105942073063554,0.0003924833300755878,-1.5361641089068812,-2.1436741987811487,-0.9392259756671351,-1.6292389074908655,1.5708105564117432,-0.26689416566957647,1
462,1788171687.6525543,-0.08576095822909902,-0.7200032653095957,0.24098042184680277,-0.45905267913939285,3.107824035546569,-0.00019424950654329054,-1.538262669240133,-2.1442745367633265,-0.9383872191058558,-1.6296098867999476,1.5708585977554321,-0.2607629934894007,1
463,1788171687.6967983,-0.0877416093262719,-0.7200177530351505,0.24101408782411432,-0.44408184522759286,3.1100225797023913,-0.0003609374049620865,-1.54102069536318,-2.1449459234820765,-0.9372604529010218,-1.6299570242511194,1.5708465576171875,-0.25388795534242803,1
464,1788171687.7402077,-0.08928517351991282,-0.7200083338662581,0.2409631304587221,-0.4322829549163638,3.1116453702289424,-0.00015806323002722698,-1.5431793371783655,-2.145557705556051,-0.9363859335528772,-1.6303523222552698,1.5708705186843872,-0.24846440950502569,1
465,1788171687.780846,-0.09123685406179459,-0.7199478676497948,0.24096243643633247,-0.4169358325531445,3.113739177582635,0.00018353537282286166,-1.5458892027484339,-2.1462419668780726,-0.9352472464190882,-1.6310227552997034,1.5708465576171875,-0.24131328264345342,1
466,1788171687.8256822,-0.09289029603014452,-0.719902384113633,0.2409572789483528,-0.4042893560800689,3.1154261183828105,0.00043176815387916843,-1.5481799284564417,-2.146829430256979,-0.9342883268939417,-1.6315491835223597,1.5708105564117432,-0.2354815641986292,1
467,1788171687.8701136,-0.09473212197912755,-0.719929676833443,0.24099681584834767,-0.38985636506115906,3.1172446435360124,0.00020253670171598874,-1.5507577101336878,-2.1475256125079554,-0.9331138769732874,-1.6318844000445765,1.5708465576171875,-0.2287982145892542,1
468,1788171687.912692,-0.0963598606251025,-0.7199388935408951,0.24107790174990895,-0.3770086638926805,3.1188470213665473,-0.000134047834055169,-1.5530245939837855,-2.148052994404928,-0.9321191946612757,-1.6321361700641077,1.5708465576171875,-0.22282249132265264,1
469,1788171687.9557486,-0.09790125404360653,-0.7199574719174509,0.2410511015286204,-0.3643407226371285,3.1203520292443465,-0.0001331769140483841,-1.5551708380328577,-2.148712937031881,-0.931136433278219,-1.6324594656573694,1.5708465576171875,-0.21684724489320928,1
470,1788171687.9990005,-0.09981691195972843,-0.7199565239228928,0.24107436068333818,-0.34968252021759866,3.122042923297598,-0.00016845050265209982,-1.5578330198871058,-2.149468723927633,-0.9298785368548792,-1.6329377333270472,1.5708345174789429,-0.21011573473085576,1
471,1788171688.0426967,-0.10144003226253535,-0.7199610777308765,0.2410590565723558,-0.33737680065189335,3.123407173120756,-0.00014643738751370395,-1.5600875059710901,-2.1501529852496546,-0.9288237730609339,-1.6333211104022425,1.5708225965499878,-0.20448810258974248,1
472,1788171688.0836768,-0.10302054874475053,-0.7199981769095312,0.24099634594620914,-0.3245368600106105,3.124742103831515,-0.00013131314119742803,-1.562293831502096,-2.1509202162372034,-0.9277575651751917,-1.633632008229391,1.5708465576171875,-0.19847613969911748,1
473,1788171688.1265492,-0.10501309662895678,-0.7199562199056051,0.24096560775511844,-0.30938672930624145,3.1262648539656075,9.479471701932918e-05,-1.565063778554098,-2.151736561452047,-0.9264987150775355,-1.634218994771139,1.5708465576171875,-0.1915524641620081,1
474,1788171688.1683955,-0.10663552034340536,-0.719942601206938,0.24089165808732832,-0.29736165224155825,3.127414025077543,0.0003955220195515645,-1.5673187414752405,-2.1525161902057093,-0.925396744404928,-1.6347335020648401,1.5708465576171875,-0.18611699739565069,1
475,1788171688.2128623,-0.10819417557945861,-0.7199536560117399,0.24093314403398752,-0.2847559262851473,3.128621058661375,0.00023125156023444466,-1.5694769064532679,-2.1531642119037073,-0.9242818991290491,-1.6350930372821253,1.5708225965499878,-0.1802132765399378,1
476,1788171688.254699,-0.11020049721959901,-0.7199706717065083,0.24096822606506432,-0.26915569684794916,3.12998962311693,2.216836087417487e-05,-1.5722711722003382,-2.1540282408343714,-0.9228437582599085,-1.6355355421649378,1.5708465576171875,-0.17303783098329717,1
477,1788171688.2954004,-0.11173437206710529,-0.7199936992623981,0.24095991937066116,-0.25714052959579575,3.13102559442323,-1.1043795127054514e-05,-1.574393097554342,-2.1547721068011683,-0.9216817061053675,-1.63593036333193,1.5708225965499878,-0.16748220125307256,1
478,1788171688.3369417,-0.11335632698222058,-0.7199796446191324,0.24097199570614714,-0.24468481878635118,3.1320147604142257,-7.001267735762005e-05,-1.5766480604754847,-2.1554558912860315,-0.9205663839923304,-1.6363251844989222,1.5708345174789429,-0.1617825667010706,1
479,1788171688.3791523,-0.11494622117036568,-0.719976687274148,0.2409262005217411,-0.2318513544186479,3.132985822138552,2.564129576528053e-05,-1.5788539091693323,-2.1562235991107386,-0.9194405714618128,-1.6367443243609827,1.5708345174789429,-0.15579492250551397,1
480,1788171688.4225202,-0.11678595732870256,-0.7199976459136667,0.24097873307510131,-0.2170921343943589,3.134003710053654,-0.00014822760851708076,-1.5814202467547815,-2.1570995489703577,-0.9179304281817835,-1.6372712294207972,1.5708825588226318,-0.14894277254213506,1
481,1788171688.4628377,-0.1184692957092523,-0.7199382566005074,0.240981670839375,-0.2045506558896209,3.1348560780382972,0.0001543488532747224,-1.5837472120868128,-2.1578667799579065,-0.9166482130633753,-1.637977425252096,1.5708585977554321,-0.14326697984804326,1
482,1788171688.5007732,-0.12004602929319816,-0.7198998981751251,0.24097703772820453,-0.1919889231889199,3.13565162371224,0.0003822772800311096,-1.5859292189227503,-2.1586230436908167,-0.9154136816607874,-1.6386001745807093,1.5708465576171875,-0.13743573824037725,1
483,1788171688.5406265,-0.1216077869533693,-0.7199222266227889,0.2409705427734077,-0.17927045998798996,3.136386361226674,0.0002668958996088986,-1.588099781666891,-2.159414593373434,-0.9141791502581995,-1.6389711538897913,1.5708705186843872,-0.13149577776064092,1
484,1788171688.5822065,-0.12321817073872861,-0.7199499777446201,0.24098890601838122,-0.16698719116008354,3.137110988175695,4.713163864849732e-05,-1.5903175512896937,-2.1602066198932093,-0.9128969351397913,-1.6393182913409632,1.5708345174789429,-0.12588006654848272,1
485,1788171688.6244123,-0.12476680212862513,-0.719966862300415,0.2410301840328044,-0.1547147295857545,3.1377315909196946,-2.880866410645635e-05,-1.5924642721759241,-2.1610220114337366,-0.9114950338946741,-1.6398571173297327,1.5708465576171875,-0.12020379701723272,1
486,1788171688.6677914,-0.12665792355787325,-0.7200005186194692,0.24107319942892438,-0.139108183931494,3.138440139815055,-0.00035082573662055934,-1.595090691243307,-2.1619699637042444,-0.9099128882037562,-1.6402881781207483,1.5708825588226318,-0.11288434663881475,1
487,1788171688.7142544,-0.1284196330280176,-0.7199675820957379,0.2410492068864783,-0.12662703089382937,3.1390104710763573,-0.00021332504858083716,-1.5975125471698206,-2.1628459135638636,-0.9085472265826624,-1.640862290059225,1.5708345174789429,-0.10735208192934209,1
488,1788171688.7576678,-0.1302329521089552,-0.7199616655353391,0.24103101821289108,-0.11212599679768288,3.1395545898393586,-4.3561266397295694e-05,-1.6000188032733362,-2.16386586824526,-0.906928841267721,-1.641568962727682,1.5708345174789429,-0.10062009492983037,1
489,1788171688.8009408,-0.13190491396464785,-0.7199438317961573,0.24095419516163144,-0.09886643612218475,3.1399789872828774,0.00018035919493254856,-1.602332894002096,-2.1648014227496546,-0.9055865446673792,-1.6421192328082483,1.5708465576171875,-0.09448844591249639,1
490,1788171688.8454738,-0.1337710171692125,-0.7199971081667618,0.24090664358649624,-0.08400428091981449,3.140437307820696,0.00014695909345486123,-1.6048992315875452,-2.165952984486715,-0.9038613478290003,-1.642669979725973,1.5708225965499878,-0.08758861223329717,1
491,1788171688.8885117,-0.1353534335327959,-0.720025741436389,0.24090644176743237,-0.07175895375158033,3.1407475065308468,-2.1934436822167783e-05,-1.6070812384234827,-2.1668408552752894,-0.9024589697467249,-1.6430767218219202,1.5708225965499878,-0.08197242418398076,1
492,1788171688.9295049,-0.13701671899315263,-0.7200100669564251,0.24096242423313338,-0.0589271579662908,3.140996653548751,-0.00019226885823107458,-1.6093834082232874,-2.16766864458193,-0.9010089079486292,-1.6435917059527796,1.5708465576171875,-0.0761039892779749,1
493,1788171688.972207,-0.13855087206746328,-0.7200174392307175,0.2409993957133222,-0.04613395653858603,3.141226309369479,-0.0003025201234220305,-1.6114938894854944,-2.168520752583639,-0.8995588461505335,-1.644118611012594,1.5708345174789429,-0.07006866136659795,1
494,1788171689.0156078,-0.1404964536307879,-0.7199768225450064,0.24101699492891315,-0.03139668107497402,3.141389365645385,-0.00011495997696726548,-1.6141803900348108,-2.169612232838766,-0.8977254072772425,-1.6449807325946253,1.5708465576171875,-0.06337243715395147,1
495,1788171689.0563917,-0.14206878644823553,-0.719955523375672,0.2409779248961462,-0.019053374988126637,3.1414664079630303,0.00018563742890845988,-1.6163504759417933,-2.170596424733297,-0.896191422139303,-1.6457226912127894,1.5708585977554321,-0.05768424669374639,1
496,1788171689.098537,-0.14363809274390224,-0.7199720443324344,0.24089826584662416,-0.006369947613191505,3.141513745031981,0.00031824736050862704,-1.6185091177569788,-2.1716159025775355,-0.8947294394122522,-1.6462495962726038,1.5708585977554321,-0.051768128071920216,1
497,1788171689.141086,-0.145588126191587,-0.719975447613902,0.24095354215137613,0.008591977904313142,3.1415037976927986,9.314685918728442e-05,-1.6211946646319788,-2.1727073828326624,-0.892860237752096,-1.6468842665301722,1.5708705186843872,-0.04492837587465459,1
498,1788171689.1839192,-0.1472026488339287,-0.7199971434560225,0.2410484837717279,0.021010492749289487,3.1414934658701488,-0.00031855724496235,-1.6234009901629847,-2.1735833326922815,-0.891266171132223,-1.6473382155047815,1.5708345174789429,-0.03922874132265264,1
499,1788171689.2284026,-0.14879017235827247,-0.7199749043066929,0.2410820059160936,0.03397680522639294,3.1413806352097606,-0.00035588254117706564,-1.6255834738360804,-2.174483124409811,-0.8897317091571253,-1.6479490439044397,1.5708345174789429,-0.03315622011293584,1
500,1788171689.2725985,-0.15082044763826513,-0.7199407266801752,0.24096318759413432,0.04940910548630312,3.1411517433167884,7.746424463132225e-05,-1.6283772627459925,-2.175814930592672,-0.8878143469439905,-1.648811165486471,1.5708465576171875,-0.026124302540914357,1
501,1788171689.3114629,-0.15235877782623714,-0.7199889351073063,0.24093948549712194,0.061506394251105566,3.140928581304743,-1.5952583099596635e-05,-1.6304877440081995,-2.176882568989889,-0.8861611525165003,-1.6493375937091272,1.5708585977554321,-0.020531956349508107,1
502,1788171689.3501031,-0.15401514303027672,-0.7200054925716292,0.24094773514779938,0.0743363364675837,3.1406658610563505,-0.00012657131740950137,-1.6327536741839808,-2.1779382864581507,-0.8844473997699183,-1.6499245802508753,1.5708465576171875,-0.014628235493795216,1
503,1788171689.3924913,-0.15563751664158587,-0.7201033624817007,0.2409999200581807,0.08726045528416783,3.1403289749685293,-0.0004654430901139485,-1.6349719206439417,-2.1791380087481897,-0.8824217955218714,-1.6505349318133753,1.5708585977554321,-0.008615795766012013,1
504,1788171689.4365532,-0.1571416852637891,-0.7202048616820174,0.2410308939741264,0.09931624946101339,3.139969025208592,-0.00040765873509905187,-1.6370223204242151,-2.180457894002096,-0.88019305864443,-1.651480499898092,1.5708585977554321,-0.002987686787740529,1
505,1788171689.4788804,-0.15914911507796217,-0.7202501136379289,0.2409560407883936,0.11436608864999818,3.139466390335191,0.0002719820800504163,-1.63975698152651,-2.182209316884176,-0.8774369398700159,-1.652917210255758,1.5708345174789429,0.0038641635328531265,1
506,1788171689.5222907,-0.16064747633678464,-0.7204351540018058,0.24093889688071823,0.12705753846796133,3.1389560614663976,0.00019759501749330152,-1.6417949835406702,-2.1837332884417933,-0.8750160376178187,-1.6537674109088343,1.5708585977554321,0.009912452660501003,1
507,1788171689.5650878,-0.16257429819859423,-0.7205739243816134,0.24099812542800328,0.1420456388337704,3.1383285780794274,4.7867986888307946e-05,-1.6444090048419397,-2.1854007879840296,-0.8721759955035608,-1.654844109212057,1.5708465576171875,0.016848696395754814,1
508,1788171689.608433,-0.1642541528733839,-0.720672712053703,0.24102114632683955,0.15469655701099744,3.1377421827046446,6.872835627396493e-05,-1.6466873327838343,-2.186864678059713,-0.8697312513934534,-1.6558378378497522,1.5708345174789429,0.022632958367466927,1
509,1788171689.6515381,-0.16576488573473774,-0.7208437539378297,0.24104048100985098,0.16747694412219988,3.137100360929473,-8.044144682907942e-05,-1.6487253347979944,-2.188363854085104,-0.8672626654254358,-1.6567118803607386,1.5708225965499878,0.028741542249917984,1
510,1788171689.6943805,-0.16769842434695134,-0.7210250206364393,0.2409695025576468,0.18266116413767017,3.136252484245514,-6.088438917115839e-05,-1.651339356099264,-2.1902592817889612,-0.8643506209002894,-1.657740894948141,1.5708225965499878,0.035809241235256195,1
511,1788171689.7382886,-0.16929442166272488,-0.721108079187462,0.2408860883155594,0.19477426385652613,3.1354932018810704,0.0004101754815910892,-1.6535094420062464,-2.191843334828512,-0.8619058767901819,-1.6589019934283655,1.5708465576171875,0.04136580228805542,1
512,1788171689.7799482,-0.17084118018891406,-0.7212524748564406,0.24092028986849362,0.2072438711397074,3.1346950951430808,0.00033620214917758323,-1.6555960814105433,-2.193366829548971,-0.8593409697162073,-1.659896198903219,1.5708465576171875,0.0472339503467083,1
513,1788171689.8210697,-0.1728826242041887,-0.7213847566986578,0.24088109897929666,0.22273596397530096,3.133632649950362,0.0003573567799385434,-1.658353630696432,-2.1952508131610315,-0.8563573996173304,-1.6610091368304651,1.5708465576171875,0.05436231940984726,1
514,1788171689.862938,-0.17451238719695644,-0.7215278001408698,0.24085805508912211,0.23508513208659243,3.132730989578288,0.00033953047073594165,-1.6605480352984827,-2.1968701521502894,-0.8537686506854456,-1.6619671026812952,1.5708465576171875,0.060050707310438156,1
515,1788171689.905056,-0.17600322444755478,-0.7216465976670128,0.24088826832204535,0.24710836317193463,3.1317815721148037,0.00037813477116059016,-1.6625621954547327,-2.198369805012838,-0.8512285391436976,-1.663032356892721,1.5708705186843872,0.0657147467136383,1
516,1788171689.9482398,-0.1776637682517384,-0.7217995235523006,0.2410227137702395,0.26031418602281775,3.1307160363377293,-0.00018558419356048614,-1.6647923628436487,-2.199857536946432,-0.8485320250140589,-1.663882080708639,1.5708705186843872,0.07191921025514603,1
517,1788171689.989186,-0.17949805497398,-0.7220173307248839,0.24100377181962893,0.275114090632743,3.1294747064592214,-0.00031456685201100527,-1.667239014302389,-2.201848808919088,-0.8453324476825159,-1.6650078932391565,1.5708465576171875,0.07892773300409317,1
518,1788171690.0311983,-0.18115657851125685,-0.7220833567617113,0.2408165388102725,0.2875398471952944,3.1283654806644234,0.0005140765968709661,-1.6694687048541468,-2.203660313283102,-0.8427079359637659,-1.6663482824908655,1.5708345174789429,0.08464008569717407,1
519,1788171690.074965,-0.18280191612295194,-0.7221962239077538,0.24087386968625293,0.30027701131979667,3.1271334913007736,0.0003843215242220991,-1.6716869513141077,-2.2052443663226526,-0.8399761358844202,-1.6674135367022913,1.5708705186843872,0.09056853502988815,1
520,1788171690.1182923,-0.18464509383430663,-0.7224141559863192,0.24094579555601775,0.31517143509771484,3.125705032980213,-4.816259728872608e-05,-1.6741326490985315,-2.2071755568133753,-0.836679760609762,-1.6685031096087855,1.5708345174789429,0.09764859080314636,1
521,1788171690.1613631,-0.1863237085585782,-0.7224977800648008,0.24093448543009624,0.32745013255151983,3.1244302715981265,0.0001414131955830422,-1.676387135182516,-2.2088549772845667,-0.8339121977435511,-1.6697118918048304,1.5708465576171875,0.1032530888915062,1
522,1788171690.2030282,-0.18789541695646964,-0.7226256673764324,0.24101671694184262,0.33972463427198696,3.123119526530382,-0.00013931795826049802,-1.6784852186786097,-2.2104032675372522,-0.831191364918844,-1.6707056204425257,1.5708465576171875,0.10901375859975815,1
523,1788171690.2466974,-0.18977411277156417,-0.7227993002022969,0.24110118649613443,0.3538501130441978,3.1215740470740805,-0.0004381126837826524,-1.6809795538531702,-2.212346855794088,-0.8278124968158167,-1.671950642262594,1.5708225965499878,0.11556575447320938,1
524,1788171690.2897766,-0.1914048929083631,-0.7228627531126192,0.24094467069938486,0.3639416450638142,3.1204151075188666,0.00031542871253622813,-1.6831615606891077,-2.214194122944967,-0.8250444571124476,-1.6733511129962366,1.5708225965499878,0.11985049396753311,1
525,1788171690.3294203,-0.19301176376477075,-0.7229839527210529,0.24084904219509254,0.3725466492869078,3.119376293817922,0.0006361848596526511,-1.68530780473818,-2.216029469166891,-0.8222039381610315,-1.6745603720294397,1.5708465576171875,0.12322217971086502,1
526,1788171690.3680859,-0.19456619399762357,-0.7231582222561966,0.24090394215083535,0.3800892185718072,3.1184896615036792,0.00033643985045203915,-1.6873582045184534,-2.2177451292621058,-0.8192685286151331,-1.675589386616842,1.5708225965499878,0.12600663304328918,1
527,1788171690.4099107,-0.1962428251935364,-0.723261682465164,0.24081949340280498,0.3866345145107886,3.117685745561705,0.0006382818750435726,-1.6895883719073694,-2.219604794179098,-0.8163560072528284,-1.6768344084369105,1.5708225965499878,0.12797467410564423,1
528,1788171690.4523842,-0.19787179771205138,-0.7234256518379609,0.24089048650663122,0.3923898587217602,3.1169534445533285,0.00024512333511006137,-1.6917460600482386,-2.221344296132223,-0.8133485952960413,-1.677851978932516,1.5708345174789429,0.1295105218887329,1
529,1788171690.495625,-0.19971518714219147,-0.7236109237292224,0.24096854314986585,0.39674459216652497,3.116401399689423,-3.731135180959404e-05,-1.6941803137408655,-2.223407570515768,-0.8097651640521448,-1.679192368184225,1.5708345174789429,0.12987080216407776,1
530,1788171690.5388641,-0.20138244827942717,-0.7236619524388556,0.24102858915166164,0.39922876272856017,3.1160843268539566,9.667492905246453e-05,-1.6963985602008265,-2.2251113096820276,-0.8067577520953577,-1.6805813948260706,1.5708345174789429,0.12924687564373016,1
531,1788171690.5822654,-0.20321896560703248,-0.7238980289272439,0.2409781314904845,0.40057130466068863,3.115911916072698,5.1777584186944005e-06,-1.698808495198385,-2.227414909993307,-0.8030670324908655,-1.6819103399859827,1.5708345174789429,0.12769865989685059,1
532,1788171690.6245701,-0.20487234259683307,-0.7240204271338765,0.24084907527733904,0.40054929178082793,3.115914299094138,0.0002881694769480269,-1.7009905020343226,-2.229370896016256,-0.8000949064837855,-1.6831067244159144,1.5708345174789429,0.1255025565624237,1
533,1788171690.6641464,-0.2064717555034191,-0.7241470804522688,0.2409016217251746,0.4007877537523051,3.1158714982072717,0.0001568875070287386,-1.7031009832965296,-2.2311700026141565,-0.7969792524920862,-1.6843398253070276,1.5708465576171875,0.12354612350463867,1
534,1788171690.7048821,-0.20798686351402104,-0.7243455345113878,0.24093019589587186,0.4021645866869086,3.1156589831547925,-0.00019858943211912072,-1.7050913015948694,-2.2330177466021937,-0.7938755194293421,-1.6853697935687464,1.5708825588226318,0.12244245409965515,1
535,1788171690.7488565,-0.20999314757622706,-0.72442055495924,0.24087051757093164,0.40604029529162433,3.1152389414397827,0.00025457529609036083,-1.7077167669879358,-2.2352970282184046,-0.7901485602008265,-1.6871054808246058,1.570798635482788,0.12229827046394348,1
536,1788171690.7911384,-0.21156119520811145,-0.724533285412951,0.24098937516014043,0.41036772818576706,3.1146243748431313,6.597243673083507e-05,-1.7097910086261194,-2.237072769795553,-0.786900822316305,-1.6884577910052698,1.5708465576171875,0.12300646305084229,1
537,1788171690.834434,-0.21313430400187794,-0.7247005313352505,0.2409698612438203,0.415560457956832,3.113948323099416,-6.550233433047546e-06,-1.7118409315692347,-2.2390406767474573,-0.7836654821978968,-1.689678970967428,1.5708345174789429,0.12429027259349823,1
538,1788171690.874682,-0.21476436179265376,-0.7248445193960823,0.24091032739287072,0.4224313440597143,3.113011222392421,5.0219310786005256e-05,-1.7139752546893519,-2.2410557905780237,-0.7804301420794886,-1.6909354368792933,1.5708465576171875,0.12657064199447632,1
539,1788171690.916965,-0.21665159332567724,-0.7250191506146897,0.24098305715803836,0.43201069600714476,3.111710215376446,-0.0003046040597185927,-1.716433350239889,-2.2432754675494593,-0.7765715757953089,-1.6923483053790491,1.5708345174789429,0.13026702404022217,1
540,1788171690.9614594,-0.2182184673858981,-0.7251186240141245,0.2409477807074869,0.44154550260378017,3.110369677636909,9.24185377247096e-05,-1.7184832731830042,-2.245302979146139,-0.7731927076922815,-1.6939523855792444,1.5708345174789429,0.13434691727161407,1
541,1788171691.006027,-0.22025683081729783,-0.7252115778894263,0.2409207571280263,0.4546759813763618,3.1084647465349593,0.0002631853009597147,-1.7211573759662073,-2.247678581868307,-0.7692378203021448,-1.6956403891192835,1.5708465576171875,0.14011956751346588,1
542,1788171691.048042,-0.2218539276914617,-0.7253244919319326,0.24099348942751217,0.4662006248438125,3.106781966668288,0.00015109884978509657,-1.723231617604391,-2.2495978514300745,-0.7658346335040491,-1.6970527807818812,1.5708225965499878,0.14546002447605133,1
543,1788171691.09136,-0.22340453236440092,-0.7254751387900383,0.2409497459604113,0.47881144841543194,3.104851474798106,0.00022680597151121277,-1.7252453009234827,-2.2516611258136194,-0.7624552885638636,-1.6984170118915003,1.5708345174789429,0.1515682488679886,1
544,1788171691.1337912,-0.22535890820549334,-0.7256408338965801,0.24089514357362105,0.49405685488256285,3.102438046810827,0.0002494518215349417,-1.7277873198138636,-2.2541688124286097,-0.7583573500262659,-1.7000215689288538,1.5708585977554321,0.15885277092456818,1
545,1788171691.176519,-0.2268709975804026,-0.7256339147683294,0.24086174929332374,0.5059814042248857,3.100504597981587,0.0007402746360824075,-1.7297776381122034,-2.255932633076803,-0.7553852240191858,-1.7015422026263636,1.5708705186843872,0.16455315053462982,1
546,1788171691.21779,-0.22853997010672428,-0.7256697044888363,0.2409429585847839,0.5184828602210615,3.0984744477011628,0.00021443603822242612,-1.731948200856344,-2.257528607045309,-0.7525571028338831,-1.7024396101581019,1.5708345174789429,0.17044565081596375,1
547,1788171691.2623937,-0.23049368263092293,-0.7256646061454181,0.24086547089563276,0.5338520558220138,3.095889082193408,0.00044050939707392377,-1.7345016638385218,-2.259627644215719,-0.7491658369647425,-1.7038758436786097,1.5708105564117432,0.1778140664100647,1
548,1788171691.304621,-0.23196376365811683,-0.7254677845421846,0.24092285875204958,0.545727446710572,3.0937813892034867,0.00036689527965286716,-1.7364795843707483,-2.2605155150042933,-0.7475245634662073,-1.7045820395099085,1.5708465576171875,0.18351444602012634,1
549,1788171691.3492432,-0.2340067965927365,-0.7245568994574707,0.24101066227030934,0.5604549912993466,3.091133733292601,0.00010285857271411285,-1.7393572966205042,-2.2595794836627405,-0.7489264647113245,-1.7039478460894983,1.5708585977554321,0.19016306102275848,1
550,1788171691.3888986,-0.23553065200808326,-0.723610780522068,0.24084565701809574,0.5731345200834509,3.0888104928965356,0.00040336674531165793,-1.7415631453143519,-2.2581756750689905,-0.7516825834857386,-1.7027867476092737,1.5708585977554321,0.19616378843784332,1
551,1788171691.4304678,-0.23699547294316842,-0.7225717251300706,0.24086589827251728,0.5854186285199634,3.0865303240140443,0.00034607091903682296,-1.743708912526266,-2.2563164869891565,-0.7547863165484827,-1.7015059630023401,1.5708345174789429,0.20197202265262604,1
552,1788171691.473637,-0.23861252356170623,-0.7214706254865835,0.2409422910959819,0.5973726315055596,3.0842241577364375,6.187032274822055e-05,-1.7460830847369593,-2.2543485800372522,-0.7579615751849573,-1.7001174131976526,1.5708465576171875,0.20734843611717224,1
553,1788171691.5163388,-0.24036462568274697,-0.7201923276086644,0.24100850341869756,0.6122430523770909,3.081313921039081,-0.00037265086960529975,-1.7486727873431605,-2.2518895308123987,-0.7620118300067347,-1.698249642048971,1.5708345174789429,0.21440528333187103,1
554,1788171691.559844,-0.24185464397142067,-0.718935409395968,0.24104638735360312,0.6247866564292525,3.0787864444341064,-5.463516660858401e-05,-1.7509267965899866,-2.2496216932879847,-0.7656906286822718,-1.697040859852926,1.5708465576171875,0.22029739618301392,1
555,1788171691.602239,-0.24339951373450763,-0.7177031980403447,0.2410421792464189,0.6370132607440248,3.0763043622959154,-5.6069938885106604e-05,-1.7532408873187464,-2.2473304907428187,-0.7695615927325647,-1.695460621510641,1.5708225965499878,0.22592586278915405,1
556,1788171691.645599,-0.24497156968488173,-0.7162718323706979,0.24095717206258124,0.651596449520916,3.07321338435567,5.621003861376046e-05,-1.75566274324526,-2.2444871107684534,-0.7745464483844202,-1.6933897177325647,1.5708585977554321,0.23299431800842285,1
557,1788171691.6887617,-0.24644010508139272,-0.7150185755866467,0.24101814068287666,0.6643884179976307,3.0704900125456325,-0.00041629907666611613,-1.7578924337970179,-2.2418835798846644,-0.7788365522967737,-1.6914027372943323,1.5708345174789429,0.2390909045934677,1
558,1788171691.7322407,-0.2477861078992692,-0.713701506771154,0.24103250672283558,0.6762733399611368,3.0679356139391976,-0.00013772032118293767,-1.7599785963641565,-2.239328686391012,-0.7830422560321253,-1.689930264149801,1.570798635482788,0.2447437196969986,1
559,1788171691.7764993,-0.24936243820067225,-0.7122036383574685,0.24103155375385252,0.6906628543965285,3.0646688072362513,-2.4072923746384455e-05,-1.7624481360064905,-2.236400906239645,-0.7879317442523401,-1.6880391279803675,1.5708585977554321,0.25166797637939453,1
560,1788171691.8186133,-0.2508030128144934,-0.7109017174080758,0.24114944587525627,0.7034045982487989,3.061803127463442,-0.00017840770700809538,-1.7646659056292933,-2.2338698546039026,-0.7918861548053187,-1.6865184942828577,1.5708225965499878,0.2577645778656006,1
561,1788171691.8622587,-0.2523904403717251,-0.7094506601584752,0.2409897666489768,0.7178868724755041,3.0584328694528247,6.487565640969458e-05,-1.7671359221087855,-2.2311580816852015,-0.7967875639544886,-1.6844833532916468,1.5708345174789429,0.26476073265075684,1
562,1788171691.9061995,-0.25375475795365443,-0.7081976905124044,0.2410125585545882,0.7299304919501411,3.05555930435071,0.00019658318659199504,-1.7692697683917444,-2.2288549582110804,-0.8005502859698694,-1.6831067244159144,1.5708585977554321,0.27050942182540894,1
563,1788171691.9491696,-0.25556029229726385,-0.706697170704968,0.24096354845143822,-0.7452548413485908,-3.0519011137487047,-0.00024784851329376443,-1.772026840840475,-2.226227108632223,-0.8050444761859339,-1.6812756697284144,1.5707865953445435,0.2777823507785797,1
564,1788171691.990898,-0.25692879463134766,-0.7055020091655773,0.2409782688489125,0.757369972593342,3.048921820823666,0.00011609549515919268,-1.774161163960592,-2.2240198294269007,-0.8086989561664026,-1.6797435919391077,1.5708105564117432,0.2835905849933624,1
565,1788171692.032692,-0.2584306672787133,-0.704339073088481,0.24099676866329986,0.7692463531263125,3.0459208229199675,-0.0003919693265849637,-1.7764633337603968,-2.221896473561422,-0.8122580687152308,-1.67798358598818,1.5708225965499878,0.28908684849739075,1
566,1788171692.0758264,-0.2598007899504916,-0.7031261585746952,0.24080917611120253,0.7814007894773114,3.04279107787923,0.0001546749625587931,-1.778621021901266,-2.219940487538473,-0.8159011046039026,-1.6766427198993128,1.5708705186843872,0.2949194312095642,1
567,1788171692.1179845,-0.26147186927902233,-0.7017389321886227,0.2407337106517206,0.7961065015241109,3.038982935376923,-5.393890899122576e-05,-1.7812112013446253,-2.2174814383136194,-0.820202652608053,-1.6746676603900355,1.5708585977554321,0.3020002245903015,1
568,1788171692.1630902,-0.2629926067974357,-0.7005164013144395,0.2407355435925934,0.8082691948135536,3.035736988726869,-0.000335536630620144,-1.7835729757892054,-2.215369526539938,-0.823737923298971,-1.6730635801898401,1.5708825588226318,0.30765265226364136,1
569,1788171692.2065384,-0.2646548281103017,-0.699077416418558,0.2406530808444092,0.8227397489459806,3.0318578978978756,-0.0007507586243290907,-1.7861741224872034,-2.2126944700824183,-0.8284357229815882,-1.6707771460162562,1.5708585977554321,0.3145892918109894,1
570,1788171692.2494159,-0.26603431236411884,-0.6976635468959709,0.24050287605368204,0.8353978152039858,3.028420807628984,-0.00032062415665909204,-1.7884042898761194,-2.210186783467428,-0.8328936735736292,-1.6691015402423304,1.5708465576171875,0.3207094669342041,1
571,1788171692.29259,-0.267314756694634,-0.6962745952874897,0.24025391232232418,0.8476218983051617,3.025042217425073,-9.707149172754229e-05,-1.790501896535055,-2.2075355688678187,-0.8378670851336878,-1.666922394429342,1.5708345174789429,0.3266858458518982,1
572,1788171692.334302,-0.2686300032009443,-0.6945621342761678,0.2399145318779789,0.8614889327990235,3.0211643546398017,0.0003691319911944531,-1.792743984852926,-2.204080406819479,-0.8443496862994593,-1.6641934553729456,1.5708105564117432,0.33361050486564636,1
573,1788171692.380246,-0.26984407626764123,-0.6930878511086993,0.23982347194065234,0.8739395006810963,3.017542838884723,0.00020191549584284,-1.7948063055621546,-2.2010210196124476,-0.8496344725238245,-1.6618593374835413,1.5708465576171875,0.33980298042297363,1
574,1788171692.4186194,-0.27117539327032725,-0.6913216594257752,0.23973284212177054,0.8882629999640528,3.0133450164793194,-0.00011940512000049585,-1.797107998524801,-2.1971944014178675,-0.8561895529376429,-1.6589258352862757,1.5708465576171875,0.34700360894203186,1
575,1788171692.4599621,-0.2722487590869427,-0.689886124159738,0.23947874530313804,0.90002887028777,3.0098710175247185,-0.00025389175910480095,-1.7989657560931605,-2.194110695515768,-0.8619058767901819,-1.6562088171588343,1.5708225965499878,0.35295602679252625,1
576,1788171692.5021446,-0.27334096477596675,-0.688349751072545,0.23917865015047532,0.9124638460394041,3.0061295479363364,0.0001592850682916297,-1.800896469746725,-2.1910274664508265,-0.8676460425006312,-1.6538146177874964,1.5708345174789429,0.35929232835769653,1
577,1788171692.5417051,-0.27438781051870104,-0.6868348557144304,0.23903806802988922,0.924714836384003,3.0023695540043778,0.0001210479411352506,-1.8027661482440394,-2.187812153493063,-0.8732541243182581,-1.6513965765582483,1.5708465576171875,0.36558103561401367,1
578,1788171692.5826006,-0.2755076453495249,-0.6854890374812638,0.23893650670187755,0.9363768221040976,2.998681358042635,-0.0003436425063576491,-1.8046963850604456,-2.185005013142721,-0.878155533467428,-1.6490023771869105,1.570894479751587,0.37143757939338684,1
579,1788171692.6248338,-0.27683023242431914,-0.6840597849839115,0.23864155216778757,0.9480801016693796,2.995066289223112,0.00023321505803270423,-1.8069022337542933,-2.182641331349508,-0.8826616446124476,-1.6472304503070276,1.5708585977554321,0.3770297169685364,1
580,1788171692.6683354,-0.278087131397664,-0.6826602994625828,0.2384683650172509,0.958950776663683,2.9916289294873004,0.000494200698553944,-1.8090241591082972,-2.1801942030536097,-0.8870356718646448,-1.645470921193258,1.5708465576171875,0.3821660876274109,1
581,1788171692.7091608,-0.2795496255467422,-0.6810764738072727,0.23835059347700976,0.9695229300470383,2.988186997724064,8.25294177351628e-05,-1.8114936987506312,-2.177194897328512,-0.8922608534442347,-1.6429813543902796,1.5708585977554321,0.38677477836608887,1
582,1788171692.7501101,-0.28085175463199413,-0.6796400388434162,0.23820575289095908,0.9771266892247928,2.9857347133585335,0.00034187425734123934,-1.813700024281637,-2.1747472921954554,-0.8965509573565882,-1.6413052717791956,1.5708465576171875,0.3896547257900238,1
583,1788171692.792416,-0.28220581128538336,-0.6782761238460596,0.23820378045872007,0.9836779181909103,2.983583799896487,-0.0001509138070825961,-1.815953556691305,-2.1722753683673304,-0.9006255308734339,-1.6393898169146937,1.5708225965499878,0.3917909264564514,1
584,1788171692.8354576,-0.28344086793731993,-0.6769271265187274,0.23799079698281134,0.988719767715601,2.9819091077976423,0.00020813204067936857,-1.8180635611163538,-2.170068089162008,-0.9046762625323694,-1.6377738157855433,1.5708465576171875,0.39306312799453735,1
585,1788171692.873503,-0.2850890891197074,-0.6752693791105236,0.2379475722086251,0.9937863673214175,2.9801961021050385,-0.00011107220945978861,-1.8208325544940394,-2.167237106953756,-0.9093974272357386,-1.635679070149557,1.5708585977554321,0.3936990201473236,1
586,1788171692.9146836,-0.28603511490414724,-0.6741650203475823,0.2379389596273621,0.9958136499469401,2.979489620499332,6.0169275244109507e-05,-1.8224871794330042,-2.1653650442706507,-0.9124057928668421,-1.6346495787249964,1.570894479751587,0.3934110403060913,1
587,1788171692.9557543,-0.2876183422640475,-0.672516458320474,0.2379290667436105,0.9979678370847423,2.9788147549359856,-3.945675504153311e-05,-1.825160328541891,-2.1626303831683558,-0.916839901600973,-1.6328900496112269,1.5708465576171875,0.39217478036880493,1
588,1788171692.99799,-0.2889590102766217,-0.6711337398413244,0.23801052741280612,0.9988543182843627,2.9785048717754874,-0.0003236007729872958,-1.8274381796466272,-2.160302464162008,-0.9204109350787562,-1.6314657370196741,1.5708465576171875,0.3904947340488434,1
589,1788171693.0441053,-0.29035572384378394,-0.6703048760683029,0.23798545586648895,0.9987178497797307,2.978526678041264,-0.0003034485123413431,-1.8296077887164515,-2.1596902052508753,-0.9214537779437464,-1.6310465971576136,1.5708705186843872,0.3882383406162262,1
590,1788171693.0866032,-0.2923311014242478,-0.6696245943618607,0.23780708321347915,0.9988369085214472,2.9785399181744405,0.0003516963498223345,-1.8324850241290491,-2.1604345480548304,-0.9206145445453089,-1.6315611044513147,1.5708465576171875,0.3854302763938904,1
591,1788171693.130549,-0.29390879594515174,-0.6691415691726722,0.23794182022467264,0.9986942654015015,2.978541728150751,-0.00015237472555651148,-1.8347747961627405,-2.160806481038229,-0.9197519461261194,-1.6317289511310022,1.5708705186843872,0.38305404782295227,1
592,1788171693.1747599,-0.29579670655834417,-0.6685334254541385,0.23795262159533573,0.9986868296186684,2.9785325102368225,-0.00013369889301664711,-1.837519947682516,-2.1614301840411585,-0.9187210241900843,-1.6321476141559046,1.5708825588226318,0.38030627369880676,1
593,1788171693.2175074,-0.2974026955968784,-0.6680223145205946,0.23801886482742585,0.9983264350019257,2.978659407924288,-0.00032130069876500837,-1.8398454825030726,-2.161909882222311,-0.9178107420550745,-1.6324594656573694,1.5708705186843872,0.37773752212524414,1
594,1788171693.2610085,-0.29927320285931286,-0.6674471376704648,0.23795370849374742,0.9978318239245084,2.978857499849097,-0.0001358736092617464,-1.8425429503070276,-2.162689987813131,-0.9166958967791956,-1.632913891469137,1.5708465576171875,0.3747014105319977,1
595,1788171693.3049052,-0.30090408405285524,-0.6669236805950948,0.23792442434998454,0.998071326814704,2.978753494485707,-9.606623910189654e-05,-1.8449166456805628,-2.1632774511920374,-0.9158213774310511,-1.6332252661334437,1.5708705186843872,0.37249332666397095,1
596,1788171693.349508,-0.3028732012253537,-0.6663335884322299,0.23792307761385034,0.9984182934578528,2.9786759517894663,-7.882245673701656e-05,-1.847745720540182,-2.1641057173358362,-0.9144910017596644,-1.633740250264303,1.5708345174789429,0.36988937854766846,1
597,1788171693.3921177,-0.30446608702063976,-0.6658852135205794,0.23782792869531913,0.998342431061598,2.9786994144056402,0.0002795400265103754,-1.8500354925738733,-2.1650055090533655,-0.9132326284991663,-1.6343267599688929,1.5708465576171875,0.3675490617752075,1
598,1788171693.432307,-0.30612729485469303,-0.6653815558271885,0.23782816558983014,0.9987443521364523,2.978606407640136,0.00042744336229747734,-1.8524211088763636,-2.1657732168780726,-0.9119742552386683,-1.6349132696734827,1.5708105564117432,0.36542487144470215,1
599,1788171693.4706345,-0.3076150886265419,-0.6649913821907284,0.23784391823241655,0.9985371692401204,2.978594863997667,0.00026277057862496213,-1.8545663992511194,-2.1665166060077112,-0.9107640425311487,-1.6352723280536097,1.5708825588226318,0.36315685510635376,1
600,1788171693.5123787,-0.30928798801614515,-0.6644707341154691,0.23789249838603635,0.9986289771432161,2.9785837712229135,5.523795449477128e-05,-1.856976334248678,-2.1671293417560022,-0.9096854368792933,-1.6356070677386683,1.5708585977554321,0.36080458760261536,1
601,1788171693.557213,-0.31121553934920604,-0.6638705941973627,0.2379312751561452,0.9991974689478919,2.978398259688388,-0.00026454887155402185,-1.8597572485553187,-2.1678126494037073,-0.9085353056537073,-1.6358707586871546,1.5708465576171875,0.35840436816215515,1
602,1788171693.599887,-0.3127621553755971,-0.6633075908923901,0.2379337830839572,0.9999803756746564,2.978136246915859,-0.0002467585549447061,-1.8620231787311,-2.1682685057269495,-0.9077919165240687,-1.636169735585348,1.5708465576171875,0.3566640317440033,1
603,1788171693.6427026,-0.3143757800416529,-0.6627471348712933,0.23786878977587125,1.0024453264439266,2.9773176515616195,-0.00037774455935285755,-1.8643725554095667,-2.16874868074526,-0.9072044531451624,-1.6361940542804163,1.5708345174789429,0.355968177318573,1
604,1788171693.6844213,-0.3161753550836189,-0.662069802650383,0.23765142619188068,1.00702297912608,2.9758030011023853,-0.00013414405980640147,-1.8670099417315882,-2.169300381337301,-0.9068329969989222,-1.636169735585348,1.5708105564117432,0.35640037059783936,1
605,1788171693.726339,-0.31767944970889184,-0.6614627068378854,0.23739331032806682,1.0117596958966761,2.9741125589955506,0.00013400179947629806,-1.8692634741412562,-2.1696842352496546,-0.9068329969989222,-1.6359542051898401,1.570894479751587,0.3573482632637024,1
606,1788171693.7685027,-0.3191968193995238,-0.6608262326723706,0.23714867478182575,1.0179450123867126,2.972055524321672,0.00032044367341048813,-1.871505085621969,-2.1699722448932093,-0.9069646040545862,-1.6356547514544886,1.5708465576171875,0.3592563569545746,1
607,1788171693.8123758,-0.3205302877411466,-0.6603091838469985,0.23687353373387002,1.025018292812198,2.9696221346215577,0.00024859976036489454,-1.8734710852252405,-2.170236412678854,-0.9072526136981409,-1.6350567976581019,1.5708465576171875,0.36205244064331055,1
608,1788171693.8559403,-0.3222693375030599,-0.6595618914766851,0.23640080843404207,1.0355505440356487,2.96594489445384,0.00045869148400223207,-1.8760727087603968,-2.170512024556295,-0.9079836050616663,-1.6341832319842737,1.5708705186843872,0.3665528893470764,1
609,1788171693.898168,-0.3235559128769665,-0.6588710644362911,0.23598703644360627,1.0453576841129262,2.96253671708186,0.0002519023186991761,-1.87803823152651,-2.17017633119692,-0.9096134344684046,-1.6327584425555628,1.5708345174789429,0.3711971342563629,1
610,1788171693.9433227,-0.3240824427623605,-0.6574941672848496,0.23534507424634685,1.058336818578709,2.9579135455174375,0.00029090130863549383,-1.8793090025531214,-2.1670692602740687,-0.9162524382220667,-1.6292508284198206,1.5708465576171875,0.37869778275489807,1
611,1788171693.9853637,-0.3240849374464814,-0.6559025255314574,0.23518016177955234,1.0705884962059118,2.9534935792187835,-2.919671925583802e-05,-1.8799803892718714,-2.162642304097311,-0.9238389174090784,-1.6258872191058558,1.5708465576171875,0.38631823658943176,1
612,1788171694.0261254,-0.32408749507158663,-0.6542226428207023,0.23520566812191668,1.0820207976820755,2.949301972359832,7.963969676490967e-05,-1.8806994597064417,-2.15822679201235,-0.9308369795428675,-1.6233728567706507,1.5708705186843872,0.39335110783576965,1
613,1788171694.0709972,-0.3241248049438306,-0.6522170167836588,0.23497096943912735,1.0943475673012713,2.944812835171541,0.0008646300775177579,-1.8815868536578577,-2.1532719771014612,-0.9392378965960901,-1.6204283873187464,1.5708345174789429,0.4008153975009918,1
614,1788171694.114051,-0.32411057964586154,-0.6506242120044912,0.2350612191161187,1.103314174891298,2.9414556269137937,0.0005242593946317247,-1.8822458426104944,-2.1489294211017054,-0.9459851423846644,-1.6178067366229456,1.5708345174789429,0.4062517583370209,1
615,1788171694.1581302,-0.32411169220060615,-0.6487858629105143,0.23513663865401344,1.1120336604152488,2.938139053898965,-4.252655332071555e-05,-1.8830369154559534,-2.1438902060138147,-0.9538944403277796,-1.6145747343646448,1.5708465576171875,0.4113997220993042,1
616,1788171694.1959798,-0.32402697548618464,-0.6472107776416548,0.2350506209970248,1.1179797505113147,2.935852240603286,0.00022153529804857784,-1.8836119810687464,-2.139787022267477,-0.9605820814715784,-1.6121566931353968,1.5708825588226318,0.4148803949356079,1
617,1788171694.2390547,-0.32402564794491423,-0.6455923435722392,0.23512239040623314,1.1231497106307946,2.93390682619024,-6.625697228557688e-05,-1.8842962423907679,-2.1354802290545862,-0.967257324849264,-1.6096065680133265,1.5708465576171875,0.4177127778530121,1
618,1788171694.2823045,-0.324015219723259,-0.6440374300906563,0.2350900407164481,1.1274237566221277,2.932264201448303,-0.00014472610858042533,-1.8849552313434046,-2.131425205861227,-0.9737523237811487,-1.6071165243731897,1.5708465576171875,0.4199688136577606,1
619,1788171694.3258622,-0.32402629382398024,-0.6420764683127852,0.23506029702670345,1.1304965371783287,2.9310694134232187,0.0002484607679640293,-1.8858302275287073,-2.126578156148092,-0.9813984076129358,-1.6045668760882776,1.5708705186843872,0.4211927056312561,1
620,1788171694.3678803,-0.324052639585966,-0.64042889173258,0.23513133775659503,1.1317730520077922,2.930611091463581,0.00013026203596483711,-1.886573616658346,-2.1223672072040003,-0.9878461996661585,-1.6022566000567835,1.5708345174789429,0.421312540769577,1
621,1788171694.41286,-0.3240998236239423,-0.6387782634489918,0.23497715622914167,1.1318138755736946,2.9305630059703103,0.0006764304923484014,-1.88737661043276,-2.1184561888324183,-0.9942815939532679,-1.6000779310809534,1.5708825588226318,0.4205448031425476,1
622,1788171694.455806,-0.32419081266206506,-0.6368186583514064,0.2342608254859705,1.1324458277967235,2.9303731956376686,0.0007660047180578203,-1.8883474508868616,-2.1136091391192835,-1.0036657492267054,-1.595600430165426,1.5708345174789429,0.4199928045272827,1
623,1788171694.4957237,-0.3243249658910568,-0.6352873576134639,0.2328765783454635,1.1334545232689075,2.929955280183638,0.00033906604696934254,-1.8892105261432093,-2.1096861998187464,-1.0133732000934046,-1.5895431677447718,1.5708465576171875,0.41982463002204895,1
624,1788171694.5376186,-0.32449970218998864,-0.6336622197234353,0.23050305144273542,1.134886043882832,2.9293768226263266,0.0007637758750794786,-1.8901813665973108,-2.105943028126852,-1.0251782576190394,-1.581750218068258,1.5708825588226318,0.4198366105556488,1
625,1788171694.5785847,-0.3250474691345211,-0.6320926408254557,0.22743967941578702,1.136623044674549,2.928752818241649,0.0007150940677795039,-1.8916080633746546,-2.102691952382223,-1.0380376021014612,-1.572113339100973,1.5708345174789429,0.41958457231521606,1
626,1788171694.6167066,-0.3257461994015892,-0.6305615464445871,0.2243499415000841,1.1389030835257308,2.9278635100120027,0.00023611007771811234,-1.893238369618551,-2.099668327962057,-1.050669018422262,-1.5622008482562464,1.5708225965499878,0.4195123016834259,1
627,1788171694.6584256,-0.32589290181087593,-0.6295426175152843,0.22116414864243303,1.1407879946810784,2.9270951629463657,0.00036453349382186524,-1.893909756337301,-2.0975449720965784,-1.062054459248678,-1.553018871937887,1.5708585977554321,0.42013660073280334,1
628,1788171694.701036,-0.32595219132164266,-0.6294556781139304,0.21729572889574333,1.1428356515109317,2.926278145156367,-0.00018078338946646844,-1.89402944246401,-2.0974372068988245,-1.072169605885641,-1.542663876210348,1.5708585977554321,0.4214204251766205,1
629,1788171694.7424242,-0.32592137352664535,-0.6293985313547005,0.2141699292912192,1.1450105149329963,2.9254206025084413,-1.4446600413421692e-05,-1.894017521535055,-2.097593132649557,-1.0798762480365198,-1.5349066893206995,1.5708705186843872,0.42292067408561707,1
630,1788171694.7871149,-0.32591606715851945,-0.6293917514137572,0.21100250604919557,1.1468266853908915,2.924732680644099,-7.761172678477681e-05,-1.8940056006061,-2.0978806654559534,-1.0875228087054651,-1.526933495198385,1.5708465576171875,0.4241689145565033,1
631,1788171694.8306859,-0.3259311285256917,-0.6293578644653692,0.20707789523317555,1.14923407415569,2.923798701767315,0.00024110971057417883,-1.8940413633929651,-2.0984447638141077,-1.096618954335348,-1.5174763838397425,1.5708465576171875,0.42577704787254333,1
632,1788171694.8760855,-0.3258956481944568,-0.6294365793168917,0.2039828691780438,1.151127394599349,2.9229990641953107,-0.000211426755088981,-1.8939693609820765,-2.098888699208395,-1.103905979787008,-1.5094550291644495,1.5708825588226318,0.42715710401535034,1
633,1788171694.9194903,-0.325927660814362,-0.6294435872968579,0.2002178164044203,1.1534091921701701,2.922105385971061,-0.00040154670445443843,-1.8940056006061,-2.0995243231402796,-1.1125710646258753,-1.5000336805926722,1.5708705186843872,0.42868098616600037,1
634,1788171694.9623315,-0.32597916752368244,-0.6291758519692884,0.19695076973804745,1.155554033949084,2.92127683086115,0.00012133194746521991,-1.8941968123065394,-2.099788490925924,-1.1204336325274866,-1.4922402540790003,1.5708705186843872,0.42995354533195496,1
635,1788171695.0061965,-0.32653899996857916,-0.628172252478796,0.19316032603953598,1.1576987400212835,2.9204516310591653,-0.0006366342722339338,-1.8953960577594202,-2.098672691975729,-1.131974999104635,-1.4813340345965784,1.5708225965499878,0.4302172064781189,1
636,1788171695.0501723,-0.32737715506021126,-0.6267329514219514,0.18994583194949805,1.1594673398886115,2.919704084784537,-0.0004884688577583137,-1.8972061316119593,-2.097184960042135,-1.1424859205829065,-1.4724028746234339,1.5708705186843872,0.42962923645973206,1
637,1788171695.0931025,-0.3287573688592054,-0.6249175805107928,0.18600406900513106,1.1620935223130893,2.9186694181987285,-0.00022615519247271124,-1.8999150435077112,-2.0958178679095667,-1.1546629110919397,-1.4617603460894983,1.5708705186843872,0.42871731519699097,1
638,1788171695.136564,-0.330029711753871,-0.6235516086135939,0.18271267875710676,1.1639504705598276,2.917943754287231,0.0002015550528257801,-1.902276341115133,-2.095337692891256,-1.1637843290912073,-1.4533918539630335,1.5708705186843872,0.42762523889541626,1
639,1788171695.178386,-0.3314461897971264,-0.6225349541223546,0.17960777066253708,1.1659205104100872,2.9171447510965502,-0.00018095547883618433,-1.9046738783465784,-2.095565144215719,-1.1714661757098597,-1.4452388922320765,1.5708705186843872,0.42658111453056335,1
640,1788171695.2222068,-0.3333231784895601,-0.6212064055619024,0.17584119972916137,1.1687188765631245,2.916087237029834,-0.0002617151858824836,-1.9078262487994593,-2.0960453192340296,-1.1804192701922815,-1.4357569853412073,1.5708105564117432,0.4253328740596771,1
641,1788171695.265467,-0.3347823181457433,-0.6199547783552721,0.1726076389849455,1.1704862659974704,2.9153409918466164,0.000227820100872414,-1.9104154745685022,-2.096309487019674,-1.188258473073141,-1.4279635588275355,1.5708585977554321,0.42396479845046997,1
642,1788171695.3086166,-0.3364542657861859,-0.6185137738783686,0.1688459565419935,1.1730548863636723,2.914313218574603,-0.0005275174831848609,-1.9133647123919886,-2.0962613264666956,-1.198146168385641,-1.4176438490497034,1.5708345174789429,0.42277687788009644,1
643,1788171695.351602,-0.3377133020964187,-0.6171176343379352,0.16551787393391812,1.1748183852031955,2.913605690833319,5.0868162196116396e-05,-1.9157503286944788,-2.096201244984762,-1.2067397276507776,-1.409478489552633,1.5708465576171875,0.42160093784332275,1
644,1788171695.3947597,-0.33884449737780553,-0.6157628749870376,0.16226734571051432,1.1747264195627607,2.9136421188875925,2.7492742276588448e-05,-1.9179437796222132,-2.0959256331073206,-1.2155726591693323,-1.4009063879596155,1.5708465576171875,0.4193445146083832,1
645,1788171695.4383583,-0.34021684624343895,-0.613883003383833,0.15856138357086708,1.1743615137561716,2.913811044595184,0.0004189020226513026,-1.9207242170916956,-2.095217529927389,-1.2262042204486292,-1.3912327925311487,1.5708345174789429,0.4163084030151367,1
646,1788171695.4801161,-0.3412009658984244,-0.6124872990728023,0.15592022733418276,1.173794798591106,2.9140274252156884,-0.0001149868554810311,-1.9227502981769007,-2.094401184712545,-1.2344024817096155,-1.3835108915912073,1.5708345174789429,0.41389620304107666,1
647,1788171695.5170023,-0.34228612776858625,-0.610977625219393,0.15376570472865553,1.173487043994735,2.9141335565992184,-0.00036914845272024803,-1.9249795118915003,-2.093381706868307,-1.241617504750387,-1.377153221760885,1.5708465576171875,0.4114600121974945,1
648,1788171695.55669,-0.3432656779836851,-0.6093612365808894,0.15139516066075742,1.1732202815809534,2.91423865614058,0.0001874647708450844,-1.9271252791034144,-2.0924223105060022,-1.2491806189166468,-1.370903793965475,1.5708585977554321,0.4091317057609558,1
649,1788171695.598353,-0.3442186985513112,-0.6078207158801837,0.14871933272814114,1.1733755301164905,2.9141795280705813,0.00040592005736981895,-1.9291990439044397,-2.0916903654681605,-1.257247273121969,-1.3637083212481897,1.5708585977554321,0.40716367959976196,1
650,1788171695.6421704,-0.3453268876682519,-0.6063755008617421,0.14547159051039935,1.1733747192382782,2.914137664422131,0.0002152686403319355,-1.9314525763141077,-2.0915826002704065,-1.2659133116351526,-1.35502797762026,1.570894479751587,0.4049196243286133,1
651,1788171695.6860602,-0.34670722712362434,-0.6044802404447616,0.14155845523637858,1.1733816963799573,2.9141676020285776,0.0007757635725773196,-1.934293572102682,-2.09153396288027,-1.2761252562152308,-1.345222298298971,1.5708705186843872,0.4020756185054779,1
652,1788171695.729761,-0.3477782439627535,-0.6031015447465653,0.13836436451290968,1.1731445677678358,2.914298265778407,0.0005641376775438379,-1.9364507834063929,-2.091654125844137,-1.2843354384051722,-1.3367579619037073,1.5708345174789429,0.3997473120689392,1
653,1788171695.774038,-0.34920256577765185,-0.6014351455414311,0.13458316995196032,1.1729814913981145,2.9143622555735593,0.0005070722530084404,-1.9392555395709437,-2.092074696217672,-1.2936127821551722,-1.3270238081561487,1.5708345174789429,0.39683103561401367,1
654,1788171695.816965,-0.3502299854500749,-0.6003727690673893,0.1314731970268164,1.1730329299896753,2.9142970158429793,-9.898711067463476e-05,-1.9412215391742151,-2.0927937666522425,-1.3007682005511683,-1.3187630812274378,1.5708705186843872,0.39491093158721924,1
655,1788171695.8592994,-0.35069635827242057,-0.5998539575119792,0.12823885029028717,1.1730939136913685,2.9142999445110713,0.00010419616533559034,-1.9421208540545862,-2.09434158006777,-1.306845490132467,-1.3112676779376429,1.5708465576171875,0.39404693245887756,1
656,1788171695.9013865,-0.3506896724039931,-0.5998142436967094,0.12431773506876004,1.1731303036498968,2.914289766124534,0.0006876321995154942,-1.9421327749835413,-2.0969207922564905,-1.3130782286273401,-1.3028271834002894,1.5708465576171875,0.3940589129924774,1
657,1788171695.9443848,-0.3507092258282848,-0.599902079086276,0.12120323036611508,1.1730499409030202,2.91429149633895,6.342942307136531e-05,-1.9421208540545862,-2.0989726225482386,-1.3182080427752894,-1.2952478567706507,1.5708705186843872,0.39402297139167786,1
658,1788171695.9876022,-0.35070289200189897,-0.5999008889295114,0.11807808890736857,1.1730235786361882,2.9142763958431255,7.883401337641891e-05,-1.9421208540545862,-2.101060215626852,-1.3232181707965296,-1.2881596724139612,1.570894479751587,0.394010990858078,1
659,1788171696.030794,-0.35073882148076174,-0.5999404606834754,0.11422945374085514,1.1731107519938948,2.9142916431576245,-9.128123817081291e-05,-1.9421327749835413,-2.103771511708395,-1.3292115370379847,-1.2793472448932093,1.5708465576171875,0.39404693245887756,1
660,1788171696.0715594,-0.3507281586710847,-0.5998980026263152,0.11091204363858564,1.1731032993261494,2.914323508255403,0.0002999964601397567,-1.9421327749835413,-2.1061227957354944,-1.3342812697040003,-1.2721756140338343,1.5708225965499878,0.3940349519252777,1
661,1788171696.1131625,-0.35069999765507087,-0.5998867516919921,0.1077381521497324,1.1730763704934821,2.9143085007171954,0.00029742688032845824,-1.942108456288473,-2.108354393635885,-1.3392317930804651,-1.264991585408346,1.5708465576171875,0.39404693245887756,1
662,1788171696.1513286,-0.35073823284645655,-0.5999162983036573,0.1045278909744948,1.1731245290204138,2.9143258618752594,3.090540074448535e-05,-1.9421327749835413,-2.110741917287008,-1.3440864721881312,-1.2575801054583948,1.5708105564117432,0.39404693245887756,1
663,1788171696.194178,-0.3507135563293009,-0.5999056999289502,0.10137637678434405,1.1730368892126868,2.9143094711582243,4.6739640362653204e-05,-1.9421208540545862,-2.1130693594561976,-1.3488448301898401,-1.2505038420306605,1.5708585977554321,0.394010990858078,1
664,1788171696.2365215,-0.35073179264413945,-0.5998998642471813,0.09821868912861767,1.1730587066035247,2.914313777213106,6.0754032210172695e-05,-1.9421446959124964,-2.115504566823141,-1.35345966020693,-1.243462864552633,1.5708465576171875,0.39399901032447815,1
665,1788171696.2781181,-0.3507382256708852,-0.5999849299789352,0.09440124901167327,1.1730745445581687,2.9143040094875903,-0.00037138864848085994,-1.942108456288473,-2.118552033101217,-1.3589614073382776,-1.234638516102926,1.5708465576171875,0.39404693245887756,1
666,1788171696.320329,-0.35074630231675263,-0.5999747473077699,0.09119264065726376,1.1731009701619393,2.9142673756597577,-0.0003926789147226979,-1.9421327749835413,-2.1211074034320276,-1.3635523954974573,-1.227478329335348,1.5708705186843872,0.39404693245887756,1
667,1788171696.3622692,-0.3507310051460081,-0.5999202839199884,0.08789530442508517,1.173037389888175,2.9143611170240034,5.412285406441369e-05,-1.9421208540545862,-2.1237948576556605,-1.3681071440326136,-1.2205212751971644,1.5708105564117432,0.39399901032447815,1
668,1788171696.406123,-0.35072509823027087,-0.5999436399949145,0.08412821935141118,1.1730620326569512,2.9143233087877034,-0.00020908206628321834,-1.942108456288473,-2.12690240541567,-1.3733928839312952,-1.2119601408587855,1.5708345174789429,0.3940349519252777,1
669,1788171696.4499693,-0.3506862914414773,-0.5998890682341292,0.0808452233573258,1.1730287139772098,2.9143408007659546,0.000315188356861666,-1.9420846144305628,-2.129685703908102,-1.3777678648578089,-1.2051356474505823,1.5708345174789429,0.3940349519252777,1
670,1788171696.4907126,-0.35075097866573235,-0.59971536392731,0.07761202501556305,1.1729617253836075,2.91432745201366,0.00012332390843661982,-1.9422763029681605,-2.1321690718280237,-1.382622543965475,-1.1976750532733362,1.5708705186843872,0.3938068747520447,1
671,1788171696.5294993,-0.3510707633626294,-0.5987322080708455,0.07448308087580266,1.173091805898842,2.9142993595573614,-8.837307761637455e-05,-1.94322377840151,-2.1333206335650843,-1.3893707434283655,-1.1896408239947718,1.5708465576171875,0.3929429054260254,1
672,1788171696.5670764,-0.35161926018230244,-0.5971991089878138,0.07134854969963317,1.1732677133709453,2.9142406789216966,-0.0002429476014530221,-1.9447816053973597,-2.1337526480304163,-1.397318188344137,-1.1811631361590784,1.5708345174789429,0.39150291681289673,1
673,1788171696.6087787,-0.35210092354512745,-0.5955350003026687,0.06804841411092638,1.1732656386156042,2.9142431574307954,3.4830077078635104e-05,-1.9463279883014124,-2.1341965834247034,-1.4056609312640589,-1.1725533644305628,1.5708345174789429,0.38995471596717834,1
674,1788171696.6484687,-0.35247850294039246,-0.5940046288184366,0.06504592439326323,1.1730696582832274,2.914269911786821,-4.4958605258037766e-05,-1.9476822058307093,-2.134484593068258,-1.4135239760028284,-1.1643512884723108,1.5708825588226318,0.3884783983230591,1
675,1788171696.6866498,-0.3530301655664047,-0.5923972633064103,0.06293227789184916,1.1734781208972715,2.914079196090279,-0.00020527970075493666,-1.9493125120746058,-2.1340163389789026,-1.4201887289630335,-1.1580527464496058,1.5709065198898315,0.3871346712112427,1
676,1788171696.724937,-0.3535522360973064,-0.5907411452713253,0.06146708429479064,1.1734453632025528,2.914157725229695,4.434781799674554e-05,-1.9509065786944788,-2.1329367796527308,-1.4259899298297327,-1.1534903685199183,1.5708465576171875,0.38550257682800293,1
677,1788171696.765326,-0.35391537045583094,-0.5894287011814475,0.06074241359624691,1.1735514585171791,2.914127581095405,-0.0002913271995634455,-1.9521167914019983,-2.1314848105060022,-1.4304373900042933,-1.1502812544452112,1.5708345174789429,0.38436219096183777,1
678,1788171696.8075583,-0.35395476157035866,-0.5887761036897374,0.06036819948934355,1.1732805257942733,2.9142110674984023,4.872792798782318e-05,-1.9525368849383753,-2.1307533423053187,-1.4326184431659144,-1.149048153554098,1.5708585977554321,0.3837622404098511,1
679,1788171696.850123,-0.3539553519857805,-0.5887775744615582,0.06046752938727071,1.173245473539465,2.914224933631793,-0.0002890717059470728,-1.9525368849383753,-2.130573574696676,-1.4326909224139612,-1.148940388356344,1.5708585977554321,0.383738249540329,1
680,1788171696.8911872,-0.35394761457437685,-0.5887145356091532,0.06014933909632256,1.1733287839124935,2.914230409588061,-6.755226668247904e-06,-1.9525488058673304,-2.1308253447162073,-1.4331219832049769,-1.1484373251544397,1.5708225965499878,0.3837742209434509,1
681,1788171696.934137,-0.35391482552010917,-0.5886618627820617,0.05933081942722401,1.1733070476700695,2.9142265404910526,0.0003542843194786233,-1.9525368849383753,-2.1315811316119593,-1.4341166655169886,-1.14691669145693,1.5708345174789429,0.3837742209434509,1
682,1788171696.978159,-0.3539089918979577,-0.5886620877890941,0.0577681040959136,1.1732107118199995,2.9142393200193633,0.0002854092354488344,-1.9525368849383753,-2.133092228566305,-1.4360345045672815,-1.1434438864337366,1.5708585977554321,0.3837142884731293,1
683,1788171697.0202472,-0.35394025978927157,-0.5886891980013782,0.05479328738488204,1.1732673498010113,2.9142293558833767,5.694566115726296e-05,-1.9525607267962855,-2.1360681692706507,-1.439547363911764,-1.1368096510516565,1.5708465576171875,0.3837262690067291,1
684,1788171697.0613801,-0.3539287935946026,-0.5887400630411596,0.05165414618303976,1.1732372071830013,2.9142541582803183,-0.0003610150509511314,-1.9525130430804651,-2.1391995588885706,-1.443310562764303,-1.1296489874469202,1.5708345174789429,0.3837502598762512,1
685,1788171697.10067,-0.3539319848201948,-0.588734048965551,0.048403316672506635,1.1731842023930783,2.914223899271566,-0.0001205109065244232,-1.9525368849383753,-2.1425703207599085,-1.446894947682516,-1.1228469053851526,1.5708825588226318,0.3837023079395294,1
686,1788171697.1396418,-0.3539341883564585,-0.5887321596398403,0.04518859936789285,1.173258585544831,2.9142069703647326,-6.585041412971829e-05,-1.9525368849383753,-2.1459057966815394,-1.4504788557635706,-1.115962330495016,1.5708705186843872,0.3837502598762512,1
687,1788171697.1798413,-0.35396203447657415,-0.5887794640649654,0.042064553501320656,1.1732544109799294,2.9142471340116045,-0.0004846018662907823,-1.9525368849383753,-2.1491926352130335,-1.4539788405047815,-1.1089089552508753,1.5708345174789429,0.383738249540329,1
688,1788171697.2232258,-0.353984872624802,-0.5887929464018885,0.038936644112035346,1.1732192480005308,2.914261086445183,-0.0007325244969402767,-1.9525607267962855,-2.152504269276754,-1.4574311415301722,-1.1019871870623987,1.5708345174789429,0.38369032740592957,1
689,1788171697.2667782,-0.35394655245944995,-0.5887195555712822,0.035535404734063,1.17320601051698,2.914228169259666,-2.0166540362294772e-05,-1.9525607267962855,-2.156163517628805,-1.4609316031085413,-1.09528094926943,1.5708705186843872,0.38369032740592957,1
690,1788171697.310033,-0.35396597901758287,-0.5887315608620667,0.031708810798751735,1.1729348565780187,2.9143630280878132,-0.00020821090694475756,-1.9525726477252405,-2.1603387037860315,-1.464958969746725,-1.0869587103473108,1.5708465576171875,0.38348621129989624,1
691,1788171697.3526921,-0.35394092047528813,-0.5886474465117881,0.028535402699513907,1.1727771293622156,2.914426734475273,0.00020073887604592466,-1.9525845686541956,-2.163769547139303,-1.4682672659503382,-1.080479923878805,1.5708465576171875,0.3833659887313843,1
692,1788171697.3941617,-0.35395235612405146,-0.5886759296974848,0.02531182397879106,1.172707280488027,2.914454800748564,0.00012209178933445206,-1.9525845686541956,-2.167428795491354,-1.4714320341693323,-1.0736058394061487,1.5708465576171875,0.38331806659698486,1
693,1788171697.4362571,-0.3539846794606627,-0.5886696441104758,0.021521913087930555,1.1727243724636127,2.914447875014596,2.6965252218746363e-05,-1.952632252370016,-2.1717360655414026,-1.4751594702350062,-1.0655105749713343,1.5708465576171875,0.3832821249961853,1
694,1788171697.4800076,-0.35394394226078113,-0.5885828729686802,0.018495508127932964,1.1727155332989796,2.9144258439154145,0.0006628900708789687,-1.952632252370016,-2.1751673857318323,-1.4780367056476038,-1.0596068541156214,1.5708705186843872,0.3832821249961853,1
695,1788171697.5245752,-0.35397051571760313,-0.5886854282030403,0.01648225607918158,1.17274149236912,2.9143893425635055,5.1739647063474966e-05,-1.9526203314410608,-2.1775787512408655,-1.4799187819110315,-1.0549243132220667,1.570894479751587,0.38331806659698486,1
696,1788171697.5644665,-0.35398201345809616,-0.5886633660300993,0.014400822599139329,1.172745792186625,2.91440051656029,0.00017231054025457527,-1.952644173298971,-2.1800134817706507,-1.4818361441241663,-1.0506489912616175,1.5708825588226318,0.38329410552978516,1
697,1788171697.603978,-0.3540389760527861,-0.5887688411843239,0.013348321102960609,1.1725449086791555,2.914506793746424,-0.0005557505992264983,-1.952656094227926,-2.181333367024557,-1.4827950636493128,-1.0479067007647913,1.5708585977554321,0.3831382989883423,1
698,1788171697.645181,-0.3540198042150154,-0.5887644953065697,0.012980712535921896,1.172527662826796,2.914513830539456,-0.0003834790836535144,-1.952632252370016,-2.1817777792560022,-1.4830830732928675,-1.047283951436178,1.5708585977554321,0.38315027952194214,1
699,1788171697.685787,-0.3539868091973672,-0.5889141968587179,0.013085769981943496,1.1728433496654065,2.9144383344236404,-0.000628455308560411,-1.9524887243853968,-2.1818254629718226,-1.4827354590045374,-1.0474279562579554,1.5708105564117432,0.3834981918334961,1
700,1788171697.726254,-0.35335263134908773,-0.5895913499451046,0.01296492773142488,1.173177721254285,2.9142521739779745,-0.00015787456854064833,-1.951266113911764,-2.1826050917254847,-1.4816682974444788,-1.0480149427997034,1.5708585977554321,0.3849625289440155,1
701,1788171697.7671535,-0.3523738095216155,-0.5907983268877326,0.012942466144492376,1.1728710189685392,2.9143883441875085,-0.00017574306693120948,-1.9492643515216272,-2.1837332884417933,-1.4797986189471644,-1.0487449804889124,1.5708465576171875,0.3867507874965668,1
702,1788171697.8092098,-0.35144079594857797,-0.5918549726162001,0.012964596219317448,1.1727293587858718,2.914432929863849,1.325790450328463e-05,-1.947418514882223,-2.1846450010882776,-1.4781325499164026,-1.049619499837057,1.5708585977554321,0.3885023593902588,1
703,1788171697.8502405,-0.35107431867561106,-0.5922500388509546,0.01298943727358609,1.1725085473310366,2.9145350115428967,7.0119132187161e-05,-1.9466994444476526,-2.1849449316607874,-1.4775336424456995,-1.0499547163592737,1.5708465576171875,0.38906675577163696,1
704,1788171697.8938363,-0.3511276971202676,-0.5921857489227126,0.012974864761179594,1.1725259891222457,2.914528316806834,0.00014426081552698297,-1.9468072096454065,-2.184920612965719,-1.47760516801943,-1.0499547163592737,1.5708465576171875,0.38897088170051575,1
705,1788171697.935464,-0.3511432087009235,-0.5921954862295769,0.0129985197951549,1.1726175735440416,2.9145041187479066,6.924093964184326e-05,-1.9468191305743616,-2.184908692036764,-1.4775694052325647,-1.0499547163592737,1.5708345174789429,0.38901880383491516,1
706,1788171697.9782152,-0.3511122094171064,-0.5921981388693054,0.012987023982696688,1.1725216416066881,2.914517007802376,0.00012566053519830954,-1.9467833677874964,-2.184908692036764,-1.477593247090475,-1.0499666372882288,1.5708585977554321,0.38899484276771545,1
707,1788171698.0211072,-0.3511257958405538,-0.5921958298879131,0.012989280431875083,1.1725518777086015,2.914491827776922,8.833142665557181e-05,-1.9468072096454065,-2.184908692036764,-1.477593247090475,-1.0499427954303187,1.5708705186843872,0.38899484276771545,1
708,1788171698.0637965,-0.35113565917140377,-0.5922059165038557,0.012854540768888312,1.1725257866433771,2.9145278222826496,1.3937164848175599e-05,-1.9468072096454065,-2.1850770155536097,-1.4777129332171839,-1.0496075789081019,1.5708465576171875,0.38897088170051575,1
709,1788171698.1077476,-0.3511503888111432,-0.5922727814674036,0.012429813649718707,1.1725383312927582,2.9145083592752354,-0.00030500539183245804,-1.9467952887164515,-2.1856406370746058,-1.4780486265765589,-1.0485051313983362,1.5708585977554321,0.38899484276771545,1
710,1788171698.1500897,-0.3511183708501532,-0.5922211584510875,0.010707490058712021,1.1724824082704903,2.9145203165071027,0.00021116427865218118,-1.9467833677874964,-2.1876681486712855,-1.479534927998678,-1.0453198591815394,1.5708705186843872,0.38897088170051575,1
711,1788171698.192245,-0.3511220623462288,-0.5922010290773344,0.00839558575942373,1.1725219629162498,2.914518035205808,0.0003907996931036964,-1.9467952887164515,-2.190427605305807,-1.481560532246725,-1.0406492392169397,1.5708585977554321,0.3889828622341156,1
712,1788171698.2323933,-0.3511462637353242,-0.5921886428179596,0.00536205171745871,1.1725612739875293,2.914515659925709,0.0005000287328720192,-1.9468310515033167,-2.194098774586813,-1.4841621557818812,-1.0344460646258753,1.5708465576171875,0.38897088170051575,1
713,1788171698.275004,-0.3511047681068075,-0.5921718030685018,0.0025046471232897105,1.1723693716854522,2.914594014701382,0.0007764038206133624,-1.9467833677874964,-2.1975539366351526,-1.4865954558001917,-1.0287335554706019,1.5708465576171875,0.38888660073280334,1
714,1788171698.317613,-0.3511522397383888,-0.5922624985657665,0.0006729632853157419,1.1722850673093177,2.9146368778602,-0.00015621026560738566,-1.9467952887164515,-2.1997974554644983,-1.4883092085467737,-1.0241826216327112,1.5708345174789429,0.3888147175312042,1
715,1788171698.3592348,-0.35113901122292196,-0.5922069216586775,-0.00023477195919072158,1.172320512015395,2.914624370969604,0.00024300122656637443,-1.9468072096454065,-2.2008889357196253,-1.4890406767474573,-1.022613827382223,1.5708345174789429,0.3888266980648041,1
716,1788171698.4006126,-0.35112558363259944,-0.5922686730339064,-0.0002983573294331465,1.172158815183888,2.914675362957335,-1.0487356647673405e-06,-1.9467595259295862,-2.2010090986834925,-1.4890645186053675,-1.0223143736468714,1.5708465576171875,0.3887667655944824,1
717,1788171698.4424615,-0.351106895992408,-0.5922663574243032,-0.0003138362203269074,1.172175869509236,2.9146688339828035,7.385230704730204e-05,-1.9467352072345179,-2.2010210196124476,-1.4890764395343226,-1.0223382155047815,1.5708465576171875,0.388802707195282,1
718,1788171698.4834416,-0.3511422066038078,-0.5922666400182816,-0.0003002147299072666,1.1720538105111113,2.914717507675987,-1.9778131437486928e-05,-1.9467833677874964,-2.2010210196124476,-1.4890525976764124,-1.0223024527179163,1.5708465576171875,0.3886708915233612,1
719,1788171698.5244985,-0.35113805043580554,-0.592263597790631,-0.0002846864684762085,1.1719608310062708,2.9147417522647423,-5.7859289882173735e-05,-1.9467833677874964,-2.200984779988424,-1.4890764395343226,-1.0222905317889612,1.5708585977554321,0.38861021399497986,1
720,1788171698.566718,-0.351132914657727,-0.5922576867322582,-0.000311579899278297,1.1719351243318104,2.9147784506150405,3.627428269199106e-05,-1.9467714468585413,-2.2010210196124476,-1.4890764395343226,-1.0223143736468714,1.5708345174789429,0.38859823346138,1
721,1788171698.6046362,-0.35111677847698985,-0.5922612654222569,-0.00032085681837742963,1.1719928103502826,2.9147166211404505,7.48330430153407e-05,-1.9467595259295862,-2.2010329405414026,-1.4890764395343226,-1.0223267714129847,1.5708705186843872,0.38865891098976135,1
722,1788171698.6447353,-0.3511111067078412,-0.5922695384190545,-0.00029335919125639265,1.171934733739654,2.914778608552284,3.6276434516562626e-05,-1.9467352072345179,-2.200996700917379,-1.4890645186053675,-1.0223506132708948,1.5708345174789429,0.38863420486450195,1
723,1788171698.6862938,-0.3511247632175722,-0.5922520095800601,-0.0003150093645570007,1.1719436887423516,2.9147492994684354,9.343612963145897e-05,-1.9467714468585413,-2.2010210196124476,-1.4890764395343226,-1.0223506132708948,1.5708585977554321,0.38861021399497986,1
724,1788171698.7280762,-0.35097251890842274,-0.5923993103031319,-0.0002756696556678595,1.1719924264873298,2.9147677515383985,-7.69283995145419e-05,-1.9464715162860315,-2.2010329405414026,-1.4889686743365687,-1.0223382155047815,1.5708225965499878,0.38893455266952515,1
725,1788171698.7695575,-0.3501372003448791,-0.5930069224180794,-0.00028451798967793485,1.1714086209411683,2.914976335326019,-0.00011327769592935056,-1.9450090567218226,-2.2012370268451136,-1.4886449019061487,-1.0224345366107386,1.5708465576171875,0.39000263810157776,1
726,1788171698.8113008,-0.34880190554098434,-0.5939480565653346,-0.00035286051188565537,1.1716801984997969,2.9148809078549776,1.8538580304732403e-05,-1.942672077809469,-2.2016213575946253,-1.4881532827960413,-1.022625748311178,1.5708345174789429,0.3925226926803589,1
727,1788171698.8547614,-0.3473132903256575,-0.5949646060230435,-0.000397279212019791,1.1716274213533189,2.914889681593062,7.585468774839981e-05,-1.9400947729693812,-2.201944653187887,-1.4877103010760706,-1.0227816740619105,1.5708465576171875,0.3950667381286621,1
728,1788171698.8977497,-0.3461159603531098,-0.5957955988712668,-0.0003773764248510558,1.171657075624818,2.91485050292501,-7.395134515325663e-05,-1.9380210081683558,-2.202124897633688,-1.4873626867877405,-1.022853199635641,1.5708705186843872,0.3971673250198364,1
729,1788171698.9423504,-0.34556726699261936,-0.5961328278701523,-0.0003386540048694875,1.1722050103072876,2.9146419472614085,-0.00016773368180140436,-1.9370864073382776,-2.2020891348468226,-1.487326447163717,-1.0228655974017542,1.5708585977554321,0.39847511053085327,1
730,1788171698.9858959,-0.34553658779667284,-0.5961369649473671,-0.0003692334279187248,1.17221349964487,2.9146137456245436,-7.350901012410718e-05,-1.9370501677142542,-2.202124897633688,-1.4873383680926722,-1.0228775183307093,1.5708825588226318,0.3985230624675751,1
731,1788171699.0274992,-0.3455641565676276,-0.5961170445779231,-0.0003605624700034338,1.172244930729047,2.914640327520342,-3.623049396624879e-05,-1.9370864073382776,-2.2021129767047327,-1.487326447163717,-1.0229256788836878,1.5708465576171875,0.398499071598053,1
732,1788171699.0667727,-0.3455628218782257,-0.5961058904041407,-0.00039416427818236843,1.1721798721706413,2.9146802953541058,3.8354166697126316e-05,-1.9370864073382776,-2.202148739491598,-1.4873507658587855,-1.0229132811175745,1.5708345174789429,0.39845114946365356,1
733,1788171699.1039686,-0.3455537051281172,-0.5961359948186983,-0.00036823268807270604,1.1722792239369335,2.9146261101476676,-7.442173676955494e-05,-1.9370620886432093,-2.202136818562643,-1.487314526234762,-1.0228894392596644,1.5708465576171875,0.3985470235347748,1
734,1788171699.1421096,-0.345557441511989,-0.5961148129017755,-0.0003455028477198363,1.173425538394936,2.9141389564188525,-7.302100176693728e-05,-1.9370864073382776,-2.2020772139178675,-1.4873507658587855,-1.0229132811175745,1.5708705186843872,0.3993155062198639,1
735,1788171699.1833816,-0.3455583475715792,-0.5961331268653558,-0.0003710956713530167,1.1756668094811342,2.913248052461989,-9.272423708924888e-05,-1.9370740095721644,-2.202136818562643,-1.487326447163717,-1.0228655974017542,1.5708585977554321,0.4008633494377136,1
736,1788171699.2236352,-0.34554428742540255,-0.596149060285093,-0.0003550022604291436,1.1793115139734403,2.911800201958955,-0.00011202169213200502,-1.9370382467852991,-2.202124897633688,-1.487302605305807,-1.0228894392596644,1.5708345174789429,0.40339577198028564,1
737,1788171699.2635787,-0.3455744032958235,-0.5961211116426741,-0.00034329523743945045,1.1840750035589438,2.9098537994945506,-7.409954675594153e-05,-1.9370983282672327,-2.2021010557757776,-1.487302605305807,-1.0229371229754847,1.5708465576171875,0.4066116511821747,1
738,1788171699.3058212,-0.34555974158720104,-0.5961290859676477,-0.00034677432882773696,1.1898695957476042,2.9074904650134235,1.9664972537657594e-05,-1.9370740095721644,-2.202124897633688,-1.4872544447528284,-1.0230210463153284,1.5708465576171875,0.4106200039386749,1
739,1788171699.3461773,-0.3455597610492776,-0.5961132608236935,-0.00032634904840603274,1.1967362522593332,2.904659136423012,9.519060790645074e-05,-1.9370864073382776,-2.2020891348468226,-1.4872425238238733,-1.023116413746969,1.5708585977554321,0.41533616185188293,1
740,1788171699.3873281,-0.34554891334946597,-0.5961235023483368,-0.0003374495919573617,1.204266366475059,2.901558809039309,0.00011364552119165533,-1.9370864073382776,-2.202124897633688,-1.4872306028949183,-1.0230925718890589,1.5708585977554321,0.4214204251766205,1
741,1788171699.429266,-0.345554286358244,-0.5961225394024833,-0.00033350266952764107,1.2113784127723544,2.8985839522214563,0.00011513800766856184,-1.9370740095721644,-2.2021129767047327,-1.4872186819659632,-1.0231288115130823,1.5708585977554321,0.4254407584667206,1
742,1788171699.4711099,-0.3455764269053337,-0.596111113597755,-0.00035952431323063583,1.2157750146574064,2.896782129576888,0.00013149057221324706,-1.9370983282672327,-2.202148739491598,-1.4872306028949183,-1.0230925718890589,1.5708225965499878,0.42844128608703613,1
743,1788171699.5143461,-0.3455856597159033,-0.5961125374419345,-0.00034343035358122553,1.219076352523748,2.895394036390067,0.00011281693887259975,-1.9371102491961878,-2.202136818562643,-1.487206761037008,-1.023116413746969,1.5708225965499878,0.4307093024253845,1
744,1788171699.557146,-0.34555314111261576,-0.5961271528455254,-0.000324218923973274,1.221072016486464,2.894500195038168,7.789151634013036e-05,-1.9370740095721644,-2.2021010557757776,-1.4872186819659632,-1.023116413746969,1.5708705186843872,0.43213731050491333,1
745,1788171699.599791,-0.34554762014717283,-0.5961201308880842,-0.0003495967720798243,1.22205474021381,2.894112748072401,0.00013357225872848906,-1.9370620886432093,-2.202124897633688,-1.4872425238238733,-1.0231049696551722,1.5708465576171875,0.4328215420246124,1
746,1788171699.63852,-0.34555870257333465,-0.5961028267035176,-0.00034886263320652033,1.2221075755348645,2.894091295899153,0.00017100125393485307,-1.9370864073382776,-2.2021129767047327,-1.4872544447528284,-1.0231288115130823,1.5708465576171875,0.4328335225582123,1
747,1788171699.677888,-0.3455329825788988,-0.5961125190093518,-0.00035939932616599335,1.2220717192583581,2.8940561827827858,0.0002491117199163141,-1.9370620886432093,-2.202136818562643,-1.4872306028949183,-1.0231769720660608,1.570894479751587,0.43284550309181213,1
748,1788171699.7184355,-0.3455402696247368,-0.5961236134472487,-0.0003439143076638951,1.2221418251722174,2.894076855710947,0.00017175336009966108,-1.9370501677142542,-2.202124897633688,-1.4872186819659632,-1.0231531302081507,1.5708465576171875,0.43289342522621155,1
749,1788171699.7610204,-0.3455367982761694,-0.596129838168094,-0.0003237016369788681,1.2220628553861421,2.8940833449251104,0.0001355740895483258,-1.9370501677142542,-2.2021010557757776,-1.487206761037008,-1.0231650511371058,1.5708705186843872,0.43284550309181213,1
750,1788171699.8021896,-0.3455590480362415,-0.596126675714682,-0.00033531925140198315,1.2221276286074878,2.8940420350531624,9.727540762721701e-05,-1.9370864073382776,-2.202124897633688,-1.487206761037008,-1.023116413746969,1.5708825588226318,0.432857483625412,1
751,1788171699.843323,-0.34556206928492667,-0.59611190729985,-0.00032769336723942333,1.2220579577931978,2.8940723461278948,0.00013619682672431354,-1.9370983282672327,-2.2021010557757776,-1.4872186819659632,-1.0231531302081507,1.5708825588226318,0.4327971935272217,1
752,1788171699.8834717,-0.3455619173428863,-0.5961188820088356,-0.00032257371883526176,1.2221371108964314,2.894064490681391,0.000116235482716023,-1.9370864073382776,-2.2021010557757776,-1.487206761037008,-1.0231531302081507,1.5708585977554321,0.432857483625412,1
753,1788171699.9243047,-0.3456725221986224,-0.5959675373982966,-0.00037907181911381316,1.2219519667886107,2.894160811076715,0.00034016354374916266,-1.9373138586627405,-2.202064816151754,-1.4873984495746058,-1.0231407324420374,1.5708465576171875,0.4324975907802582,1
754,1788171699.9666703,-0.34637622409545,-0.5952833248848439,-0.00038981689280920273,1.2217719332363586,2.8942250690538613,0.0004162766706648488,-1.9386447111712855,-2.20160943666567,-1.488213364277975,-1.0228293577777308,1.5708585977554321,0.4310452342033386,1
755,1788171700.0107803,-0.34726272001461284,-0.5944056602433465,-0.0003163788935450773,1.2219631086795502,2.8941542275612337,0.00028305971989253366,-1.940322224293844,-2.20085317293276,-1.4893401304828089,-1.022374455128805,1.5708465576171875,0.4294973909854889,1
756,1788171700.052415,-0.34807566407587864,-0.5936330810838221,-0.00026869804021051324,1.222033019215426,2.8941315967647383,-1.7064715090541416e-05,-1.9418447653399866,-2.20020562807192,-1.4903834501849573,-1.0217879454242151,1.5708345174789429,0.42802146077156067,1
757,1788171700.0935898,-0.3480974787184845,-0.5935774662628326,-0.0003483192700470539,1.222016278757114,2.8941430858827197,0.00020829098610311884,-1.941904369984762,-2.200277630482809,-1.4904549757586878,-1.0217879454242151,1.5708345174789429,0.4279491901397705,1
758,1788171700.1361911,-0.3480897233817911,-0.5935802007984361,-0.0003357850201203272,1.2219326673717994,2.894138575106929,0.0001717093981776457,-1.941904369984762,-2.2002533117877405,-1.4904668966876429,-1.02177602449526,1.5708705186843872,0.4279012680053711,1
759,1788171700.1806228,-0.3480723990371981,-0.5935951771170129,-0.00033623128615625775,1.2219550358567413,2.8941424519596834,0.00019064843257106186,-1.9418686071978968,-2.200265709553854,-1.4904430548297327,-1.0217998663531702,1.5708585977554321,0.4279491901397705,1
760,1788171700.224743,-0.348089170975767,-0.59359361035333,-0.0003312277239790884,1.2220062022199227,2.8941189832901655,9.556327279950474e-05,-1.941892449055807,-2.2002533117877405,-1.4904668966876429,-1.0217278639422815,1.5708585977554321,0.42796117067337036,1
761,1788171700.2685301,-0.3480820396197096,-0.5936350396416716,-0.0003329916722783488,1.221908912949063,2.89413000070847,-0.00011000695939567498,-1.9418686071978968,-2.200277630482809,-1.4904668966876429,-1.0215719381915491,1.5708825588226318,0.4279252290725708,1
762,1788171700.309612,-0.34808400868871014,-0.5936174341263842,-0.00034854755600136067,1.2219406513146605,2.8941567826450476,-5.471392477814565e-05,-1.9418686071978968,-2.200277630482809,-1.4905031363116663,-1.0215719381915491,1.5708465576171875,0.42793720960617065,1
763,1788171700.3524063,-0.3480938897888407,-0.5936129122890753,-0.00035422233464191266,1.2219969868726275,2.8941453088763263,-9.343519294722664e-05,-1.9418805281268519,-2.200277630482809,-1.4905269781695765,-1.0215237776385706,1.5708345174789429,0.42796117067337036,1
764,1788171700.394911,-0.3479229719260573,-0.5935023334964206,-0.00041826087159413383,1.2221815360192898,2.8940468253880782,0.0001899213362223803,-1.9417131582843226,-2.2000492254840296,-1.4910667578326624,-1.0213921705829065,1.5708585977554321,0.4282611608505249,1
765,1788171700.4383457,-0.34771781974892474,-0.5934616495026578,-0.0004293160681521635,1.2222074216413683,2.8940102869176534,0.00020900154494577806,-1.9414613882647913,-2.1997855345355433,-1.4915574232684534,-1.0211766401873987,1.5708825588226318,0.42853716015815735,1
766,1788171700.480742,-0.3475034494759363,-0.5934571646816035,-0.0003923511014293224,1.2222688480788655,2.8940103896843614,0.00020794340576738154,-1.9411614576922815,-2.1995094458209437,-1.4919293562518519,-1.0210807959186,1.5708585977554321,0.42887309193611145,1
767,1788171700.5221536,-0.347424702844283,-0.5934788737829374,-0.0003726200635905952,1.2222686755171879,2.894007825836033,7.693587239518988e-05,-1.9410417715655726,-2.199413601552145,-1.4920614401446741,-1.020961109791891,1.5708585977554321,0.4289933145046234,1
768,1788171700.5659041,-0.34744750771515504,-0.5934400101004975,-0.00041337347298625593,1.222277345340062,2.8939808109528524,0.00020905120042070274,-1.9411018530475062,-2.19944936433901,-1.4920972029315394,-1.020973030720846,1.5708825588226318,0.42894500494003296,1
769,1788171700.6070895,-0.34745134583396314,-0.5934350522436193,-0.0004035488014192956,1.2223074316100948,2.893955546637542,0.0002283161059076253,-1.9411137739764612,-2.199437443410055,-1.4920852820025843,-1.0210087935077112,1.570894479751587,0.4289569854736328,1
770,1788171700.6498172,-0.34745782293508803,-0.5934438701317304,-0.00040141439073324015,1.2222393341938662,2.8940359256949253,0.0002073945039130842,-1.9411018530475062,-2.19944936433901,-1.4920614401446741,-1.0210087935077112,1.5708465576171875,0.4289090633392334,1
771,1788171700.6892772,-0.3474583209734255,-0.5934454989009676,-0.0004031444209928181,1.2222769860371356,2.8939802050286283,0.00017161598157361312,-1.9411137739764612,-2.19944936433901,-1.4920733610736292,-1.020973030720846,1.5708825588226318,0.4289330244064331,1
772,1788171700.7271476,-0.3474235738245473,-0.5934535969396864,-0.000392642143049432,1.2221824429324462,2.8940472853048496,0.000227416203951134,-1.9410536924945276,-2.1994255224811,-1.4920733610736292,-1.0210331122027796,1.5708585977554321,0.42892104387283325,1
773,1788171700.7649665,-0.34745281063529987,-0.5934538729698232,-0.00038409883888790297,1.22225240794238,2.8940683363566215,0.00014958873641250658,-1.9410775343524378,-2.1994255224811,-1.4920614401446741,-1.0209968725787562,1.5708105564117432,0.4289330244064331,1
774,1788171700.804537,-0.34744574721230637,-0.5934583893348702,-0.00039106445884784513,1.2222557461591796,2.8940278636193764,0.00015124558682901143,-1.9410775343524378,-2.199437443410055,-1.4920614401446741,-1.020984951649801,1.5708465576171875,0.42894500494003296,1
775,1788171700.8435354,-0.34742639776182566,-0.5934683932355939,-0.00038820552499671535,1.2222294031016199,2.894013370546064,0.00017106713321460217,-1.9410536924945276,-2.199437443410055,-1.492049519215719,-1.0210087935077112,1.5708705186843872,0.4289569854736328,1
776,1788171700.8836477,-0.3474009561811253,-0.5934932169281751,-0.0003968181774684776,1.2221249004804084,2.894057110365991,0.0001516029309244939,-1.9410055319415491,-2.199461285267965,-1.4920371214496058,-1.020984951649801,1.5708705186843872,0.4289330244064331,1
777,1788171700.9263282,-0.3474253998389718,-0.5934954423034456,-0.00035602630704398286,1.222168183928263,2.8940614309496464,-1.7206108620170395e-05,-1.9410298506366175,-2.1994016806231897,-1.492049519215719,-1.0209253470050257,1.5708465576171875,0.4289330244064331,1
778,1788171700.9666283,-0.3474046519859207,-0.5934952176224129,-0.0003725361479371414,1.2221990317726277,2.89403760362703,9.49052719417494e-05,-1.9410055319415491,-2.1994255224811,-1.4920371214496058,-1.020984951649801,1.5708585977554321,0.42898133397102356,1
779,1788171701.0087545,-0.34740191296503564,-0.5935105316751543,-0.00036927229639940884,1.2221116030700492,2.89407376447645,5.746969659716923e-05,-1.940993611012594,-2.199437443410055,-1.4920132795916956,-1.020973030720846,1.5708585977554321,0.4289330244064331,1
780,1788171701.0511456,-0.3473871088540218,-0.5934871593774377,-0.00040838031503406813,1.222082793879618,2.894102041904931,0.00020739932460033536,-1.940981690083639,-2.199461285267965,-1.4920614401446741,-1.0209968725787562,1.5708465576171875,0.42892104387283325,1
781,1788171701.092502,-0.34739211397303216,-0.593515176831037,-0.0003572750018509263,1.2221414586405406,2.8940474782530243,2.133707027782824e-05,-1.940981690083639,-2.199413601552145,-1.4920256773578089,-1.020961109791891,1.5708705186843872,0.42896896600723267,1
782,1788171701.1345382,-0.34742090080383525,-0.593483850790827,-0.00039178757705682354,1.2222038115222695,2.894049042041177,0.0001138137824406091,-1.9410298506366175,-2.19944936433901,-1.492049519215719,-1.020961109791891,1.5708465576171875,0.4289569854736328,1
783,1788171701.1767392,-0.3474015268135331,-0.5935095366704922,-0.00037736652373421276,1.2221637485949726,2.894052124361888,7.618833643129912e-05,-1.940993611012594,-2.19944936433901,-1.4920132795916956,-1.020973030720846,1.5708585977554321,0.42896896600723267,1
784,1788171701.2188742,-0.34739446841892235,-0.5934985258789012,-0.0003968186393105422,1.2221390707151567,2.8940901917532362,0.00014994582497906663,-1.940981690083639,-2.199461285267965,-1.4920371214496058,-1.020984951649801,1.5708345174789429,0.4289569854736328,1
785,1788171701.261237,-0.34740113010722573,-0.5934936650713496,-0.0003736641024183751,1.2220899547581474,2.8940711082557358,0.00011416783598227493,-1.9410055319415491,-2.1994255224811,-1.4920371214496058,-1.0209968725787562,1.5708705186843872,0.4289090633392334,1
786,1788171701.302879,-0.3474057510010629,-0.5935204212229881,-0.00036190073377717624,1.2221285293955786,2.894065477411802,1.3195431054913437e-06,-1.940993611012594,-2.199437443410055,-1.4920013586627405,-1.0209491888629358,1.5708585977554321,0.42894500494003296,1
787,1788171701.345851,-0.3473906671119977,-0.5934890765079355,-0.00041421794207929796,1.22215993836498,2.894043089924523,0.00018978801495892728,-1.940993611012594,-2.19947320619692,-1.4920614401446741,-1.020973030720846,1.5708705186843872,0.42896896600723267,1
788,1788171701.389887,-0.3473922121443138,-0.5934930576250547,-0.00038184205324190423,1.2221420558937997,2.8940491243021578,0.0001149199002195786,-1.940993611012594,-2.1994255224811,-1.4920614401446741,-1.020973030720846,1.5708705186843872,0.4289569854736328,1
789,1788171701.4305973,-0.34738660511935854,-0.5935013271051376,-0.00038872336071249514,1.2221281896751743,2.894016281191918,0.0001345477114488769,-1.940993611012594,-2.19944936433901,-1.4920371214496058,-1.020984951649801,1.5709065198898315,0.4289569854736328,1
790,1788171701.4730704,-0.3474113912809581,-0.5935046399510772,-0.00038852424416219167,1.2221477609748106,2.894111017352913,7.472072068878449e-05,-1.940993611012594,-2.199461285267965,-1.4920256773578089,-1.0209491888629358,1.5708105564117432,0.42894500494003296,1
791,1788171701.5139978,-0.34740212936057097,-0.5934958943051332,-0.0003686336463962214,1.2220690981303217,2.894118234739186,7.582417148222092e-05,-1.940993611012594,-2.199413601552145,-1.492049519215719,-1.020973030720846,1.5708345174789429,0.42889708280563354,1
792,1788171701.5573523,-0.34740644213554916,-0.5934922329283502,-0.00038872445876783623,1.2221340800131928,2.8940788537487117,0.00013178213148209338,-1.9410055319415491,-2.19944936433901,-1.4920371214496058,-1.020984951649801,1.5708465576171875,0.4289330244064331,1
793,1788171701.599819,-0.3474088964970091,-0.5934828885518876,-0.0003927947297506229,1.2220951984103838,2.8940818428388257,0.00011436629953920696,-1.9410179297076624,-2.199437443410055,-1.4920733610736292,-1.0209491888629358,1.5708585977554321,0.42889708280563354,1
794,1788171701.643108,-0.3474028740943165,-0.5935353811518815,-0.00018419956587362174,1.2220589914874973,2.8940940662148407,-3.6864116312583064e-05,-1.940981690083639,-2.199233357106344,-1.491833511983053,-1.021296803151266,1.5708585977554321,0.4289090633392334,1
795,1788171701.685212,-0.3474366190756468,-0.593637114997397,0.0012751541592159188,1.2220407160419509,2.8940989716016805,-0.0008137952906636098,-1.9409697691546839,-2.197481934224264,-1.490671459828512,-1.0237157980548304,1.5708465576171875,0.4289090633392334,1
796,1788171701.725778,-0.3474261558758312,-0.5935805211472499,0.0030111640492963276,1.2220518223280186,2.894077361258785,-0.0003702233649143855,-1.940993611012594,-2.1953466574298304,-1.4891365210162562,-1.0276678244220179,1.5708705186843872,0.42889708280563354,1
797,1788171701.7665453,-0.347433819060978,-0.5935927447776409,0.005553554098195773,1.222072191850421,2.8940772357706543,-0.0005886372289401104,-1.940993611012594,-2.192239586506979,-1.4870150724994105,-1.032757584248678,1.5708585977554321,0.4289090633392334,1
798,1788171701.8105822,-0.3473633629391679,-0.5935305823229775,0.00770171908621245,1.221967892663011,2.8941192470778474,-5.35316341899048e-05,-1.9409340063678187,-2.1895878950702112,-1.4851449171649378,-1.0376198927508753,1.5708705186843872,0.42889708280563354,1
799,1788171701.8531675,-0.3473985627192847,-0.5934870498573848,0.009285194027137761,1.2220553259819955,2.8940859723177743,0.00012614528499544796,-1.9410055319415491,-2.1876919905291956,-1.483706299458639,-1.0410688559161585,1.5708705186843872,0.4288850724697113,1
800,1788171701.8944743,-0.34740772045271384,-0.593548137940796,0.009716658001759748,1.2220776244215314,2.8940417176830624,-0.0003077235757025589,-1.940993611012594,-2.18719989458193,-1.4833586851703089,-1.0416315237628382,1.570894479751587,0.42892104387283325,1
801,1788171701.9348826,-0.3473917671432841,-0.593514283110342,0.009573423302376816,1.2220375120385978,2.8940915690539586,3.106566093303212e-05,-1.940981690083639,-2.1873682180987757,-1.4834306875811976,-1.041607681904928,1.5708705186843872,0.42889708280563354,1
802,1788171701.975479,-0.34740482859133254,-0.5935404175178292,0.009449421547518905,1.2220400880802669,2.894097692730034,-0.000250985822913415,-1.940981690083639,-2.187512222920553,-1.483598534260885,-1.0411165396319788,1.5708585977554321,0.42889708280563354,1
803,1788171702.018125,-0.347359941144626,-0.5934846141420427,0.008340920130702145,1.2220173552352798,2.894091702355607,0.000262962614174636,-1.9409578482257288,-2.188807789479391,-1.4845460096942347,-1.0392001310931605,1.5708825588226318,0.4289090633392334,1
804,1788171702.0604086,-0.3473682647651747,-0.5934685705070836,0.006467580559399472,1.2220964029013792,2.894085640901927,0.00032699533620495755,-1.9409697691546839,-2.1910513083087366,-1.486199680958883,-1.03534442583193,1.5708585977554321,0.42894500494003296,1
805,1788171702.1030915,-0.34736217441175393,-0.5934081365100793,0.003714374891804678,1.2220475353597113,2.894115607272628,0.0007919229902801336,-1.940993611012594,-2.1943748633014124,-1.4885252157794397,-1.0299914518939417,1.5708585977554321,0.4288850724697113,1
806,1788171702.1491988,-0.3474162086984134,-0.5935697419184428,0.0026229315206146298,1.2220218409308048,2.894102986011833,-0.0003692769214709517,-1.940981690083639,-2.1957905928241175,-1.4895198980914515,-1.0268414656268519,1.5708585977554321,0.4288850724697113,1
807,1788171702.194208,-0.3474084709068604,-0.5935573255732356,0.0023618810663208756,1.2220361101902142,2.8940882674123865,-0.00016059464481136464,-1.940981690083639,-2.1961262861834925,-1.4896758238421839,-1.026482407246725,1.5708705186843872,0.42889708280563354,1
808,1788171702.2354414,-0.34739574772312065,-0.5935692893093092,0.0024331243298660044,1.2219832579947802,2.8941078831774143,-0.0002931087778017353,-1.9409578482257288,-2.1960180441485804,-1.4896758238421839,-1.026506249104635,1.5708705186843872,0.4288850724697113,1
809,1788171702.2770107,-0.34742950488059965,-0.5935740308599583,0.002479625733886631,1.2220783636873518,2.8940918295291373,-0.0003870523353721407,-1.940993611012594,-2.195982281361715,-1.4896162191974085,-1.0265424887286585,1.5708465576171875,0.4289090633392334,1
810,1788171702.3178344,-0.34741007279734976,-0.5935690510576911,0.0024422549321871656,1.2220129385982041,2.8940819078700626,-0.00031127087317776874,-1.940981690083639,-2.1960180441485804,-1.4896519819842737,-1.0265181700335901,1.5708825588226318,0.4288850724697113,1
811,1788171702.360701,-0.34741548073332745,-0.5935826435368534,0.0024674365682915422,1.2220614730301749,2.8940997218953215,-0.00034961693168479444,-1.9409697691546839,-2.1960061232196253,-1.4896042982684534,-1.0265544096576136,1.5708465576171875,0.42892104387283325,1
812,1788171702.4008353,-0.3474185783801656,-0.5935609960557421,0.0024439527111558557,1.2220698675464818,2.8940717104822635,-0.0002736440661082008,-1.940993611012594,-2.1960180441485804,-1.4896400610553187,-1.0265544096576136,1.5708705186843872,0.4289090633392334,1
813,1788171702.444082,-0.3474255341403158,-0.5935637993703143,0.0024227754243654476,1.2220791875677568,2.89409377336452,-0.000274750876612089,-1.940993611012594,-2.196054283772604,-1.4896400610553187,-1.0265181700335901,1.5708465576171875,0.4289090633392334,1
814,1788171702.4873683,-0.347430099662187,-0.5935531896168453,0.0024245668629543637,1.222131252572971,2.894072183231182,-0.0002552847530254859,-1.9410055319415491,-2.1960423628436487,-1.4896519819842737,-1.0265305677997034,1.5708465576171875,0.4289330244064331,1
815,1788171702.5291934,-0.3474020836262785,-0.5935632411574429,0.00243360038834578,1.222001063471789,2.89410190739493,-0.00021749372429472473,-1.9409697691546839,-2.1960299650775355,-1.4896400610553187,-1.0265782515155237,1.5708705186843872,0.4288850724697113,1
816,1788171702.572329,-0.347420487713252,-0.5935507961359584,0.0024556269436219746,1.2220794618478896,2.894094420489061,-0.00023731701886720827,-1.940993611012594,-2.19599420229067,-1.4896400610553187,-1.0266020933734339,1.5708465576171875,0.4289090633392334,1
817,1788171702.6129658,-0.3474039820417419,-0.5935454145756381,0.0024208786826797335,1.2220329974099995,2.894129024103058,-0.00014353891067643497,-1.9409697691546839,-2.1960299650775355,-1.489664379750387,-1.0266020933734339,1.5708345174789429,0.42889708280563354,1
818,1788171702.6536102,-0.34737788509173256,-0.5934857632114146,0.002534880119523991,1.2220490719814385,2.8941186869204922,0.00032643966651777054,-1.9409697691546839,-2.195862595235006,-1.4895318190204065,-1.027201000844137,1.5708465576171875,0.4289090633392334,1
819,1788171702.6948001,-0.34739078349253055,-0.5935117484306508,0.003583097941187774,1.2220551873437526,2.894085046938707,7.748414186204954e-05,-1.940981690083639,-2.19459039369692,-1.488669220601217,-1.0291765371905726,1.5708705186843872,0.4289090633392334,1
820,1788171702.734705,-0.347381133640129,-0.5934793600850078,0.005368949204740986,1.222044207145219,2.894107402507401,0.0003135164629257728,-1.940981690083639,-2.1924074331866663,-1.487110439931051,-1.0330689589129847,1.5708585977554321,0.42889708280563354,1
821,1788171702.7736268,-0.3473677329013727,-0.5934299814422399,0.007891796733008438,1.2220586417569743,2.8940934219004815,0.0005648712685326356,-1.940993611012594,-2.1893237272845667,-1.4849289099322718,-1.0384939352618616,1.5708705186843872,0.42889708280563354,1
822,1788171702.811245,-0.34738268039573533,-0.5934981202402592,0.011194252427825208,1.2220303473967984,2.8941227323692744,0.00013552552116714766,-1.9409697691546839,-2.1854246298419397,-1.4819806257831019,-1.0450685659991663,1.5708465576171875,0.42889708280563354,1
823,1788171702.8497224,-0.3474096368551358,-0.5935452097934987,0.01379662631681769,1.2220620961279445,2.894101431968994,-0.0002530387244418409,-1.940981690083639,-2.182377640401022,-1.4796307722674769,-1.0502179304706019,1.5708465576171875,0.4289090633392334,1
824,1788171702.890733,-0.3474062653256335,-0.5935292687419783,0.016897233212253476,1.2220894621189926,2.8940697085177094,3.4809727620685686e-05,-1.940993611012594,-2.1787903944598597,-1.4766343275653284,-1.0569842497455042,1.5708705186843872,0.42892104387283325,1
825,1788171702.9299166,-0.3473901074143328,-0.5935472313049939,0.02049697938902817,1.2220235157974075,2.894106334929002,-0.00017012712397861257,-1.9409578482257288,-2.174603287373678,-1.473302189503805,-1.0643733183490198,1.5708585977554321,0.4289090633392334,1
826,1788171702.970058,-0.3474093019414192,-0.5935818420448776,0.022248573243759118,1.2220345467209164,2.8940843454766276,-0.0003851944829083344,-1.9409697691546839,-2.1726353804217737,-1.4715879599200647,-1.0679181257831019,1.5708705186843872,0.4289090633392334,1
827,1788171703.013699,-0.3473790851226401,-0.5935414710044676,0.023687718312947914,1.2219936189248317,2.8940838919728096,2.169060571236443e-05,-1.9409578482257288,-2.1709917227374476,-1.4701255003558558,-1.071282688771383,1.570894479751587,0.42889708280563354,1
828,1788171703.0579357,-0.34738752647906534,-0.5935257287872991,0.024221320347437014,1.2219862775644366,2.8941152348259425,0.00013138735108577255,-1.9409697691546839,-2.1703923384295862,-1.4695737997638147,-1.0725043455706995,1.5708705186843872,0.42887309193611145,1
829,1788171703.1009285,-0.34737503054302915,-0.5934708093567259,0.023778000222709872,1.2220367781849237,2.894137952548415,0.0003760471828622194,-1.9409697691546839,-2.170835796986715,-1.4700654188739222,-1.071726147328512,1.5708345174789429,0.42889708280563354,1
830,1788171703.1430986,-0.34736933232258144,-0.5934640705010238,0.022693102891491318,1.222017470286067,2.894092571475114,0.0003086286344123809,-1.940981690083639,-2.1720359961139124,-1.4711921850787562,-1.0693548361407679,1.5708825588226318,0.4288850724697113,1
831,1788171703.1855454,-0.3473962268774055,-0.5935030570837962,0.02088593315196227,1.222067912478365,2.8941151947443013,-9.861804510130933e-05,-1.940981690083639,-2.1740992704974573,-1.4730141798602503,-1.065211598073141,1.5708345174789429,0.4289090633392334,1
832,1788171703.2267728,-0.3473576264406026,-0.5934411565689034,0.01811571386174754,1.2220442725652918,2.894107317002452,0.00031052281018761825,-1.9409697691546839,-2.1772306601153772,-1.475687328969137,-1.059666935597555,1.5708585977554321,0.4289090633392334,1
833,1788171703.2696555,-0.34736827529572384,-0.5934014883472092,0.014096628012151835,1.2220982014106898,2.894090599248685,0.0006114908751872434,-1.9410055319415491,-2.1819217840777796,-1.4793790022479456,-1.0514758268939417,1.5708585977554321,0.4289090633392334,1
834,1788171703.3121564,-0.3473870961952397,-0.593509844668302,0.010970586737203636,1.2220673226151282,2.8940654162163053,6.916126361725437e-06,-1.940981690083639,-2.1856887976275843,-1.4822080771075647,-1.0444939772235315,1.5708825588226318,0.42892104387283325,1
835,1788171703.354019,-0.3474027278950454,-0.5935274067054743,0.007799453577079979,1.2220288261369434,2.8941195029458537,-5.538873270734355e-05,-1.940981690083639,-2.1895039717303675,-1.4850009123431605,-1.0378473440753382,1.5708465576171875,0.4288850724697113,1
836,1788171703.3971894,-0.34737324882038995,-0.593459042387138,0.004611872868873934,1.2219934062158375,2.8941323323027306,0.0004864600540200052,-1.940981690083639,-2.1933186689959925,-1.487746540700094,-1.0316317717181605,1.5708585977554321,0.4288611114025116,1
837,1788171703.4401703,-0.3474121895478982,-0.5935521312983756,0.0022108634875764033,1.2220656021182559,2.894061607199371,-0.00021618910994028942,-1.940993611012594,-2.19629413286318,-1.4898436705218714,-1.0261109511004847,1.5708825588226318,0.4289090633392334,1
838,1788171703.4815507,-0.3473885034005775,-0.5935207235125111,0.0009945248918145078,1.2220422552836538,2.894102561751282,3.35120403112417e-05,-1.9409697691546839,-2.1977580229388636,-1.4908750692950647,-1.0237754026996058,1.5708585977554321,0.4289090633392334,1
839,1788171703.5246959,-0.3473739605383517,-0.5935279951873041,0.0006708504362746837,1.2219557127554772,2.8941391332589324,3.500880410050049e-05,-1.9409459272967737,-2.198153797780172,-1.4911506811725062,-1.0231049696551722,1.5708585977554321,0.42887309193611145,1
840,1788171703.5662773,-0.3473981499521373,-0.5935232079249948,0.0007387922903397404,1.2219891651712216,2.8941223346350715,-9.676059692972505e-05,-1.940981690083639,-2.1980579535113733,-1.491138760243551,-1.0231288115130823,1.5708585977554321,0.4288611114025116,1
841,1788171703.6097414,-0.3473920197195621,-0.5935521593156362,0.0007647114166966229,1.2220232250008416,2.894105649417829,-0.00020980686633741537,-1.9409578482257288,-2.1980460325824183,-1.4911025206195276,-1.0231049696551722,1.5708585977554321,0.4289090633392334,1
842,1788171703.6522472,-0.3473887628647707,-0.5935361682391534,0.0007291025472546953,1.2219766715447018,2.8941406418913678,-9.881162035808963e-05,-1.9409578482257288,-2.1980817953692835,-1.4911263624774378,-1.023116413746969,1.5708465576171875,0.42887309193611145,1
843,1788171703.6953607,-0.34740853426282037,-0.5935199954307863,0.0007290077250418359,1.2220976800655712,2.8940891803826774,-0.00011677940130522096,-1.940993611012594,-2.1980698744403284,-1.4911506811725062,-1.0230925718890589,1.5708465576171875,0.42892104387283325,1
844,1788171703.735547,-0.3474017364947709,-0.5935248520573302,0.0007399657814273486,1.222115102139327,2.894081821989876,-0.00011677792404279848,-1.940981690083639,-2.1980579535113733,-1.491138760243551,-1.023116413746969,1.5708465576171875,0.42894500494003296,1
845,1788171703.7730296,-0.3473880655470283,-0.5935419694360289,0.000734223431726716,1.2220585775638826,2.8940926110032033,-0.00011696999437128414,-1.9409578482257288,-2.1980817953692835,-1.4911144415484827,-1.023116413746969,1.5708585977554321,0.4289330244064331,1
846,1788171703.8123748,-0.34740392444535223,-0.5935380877085278,0.0007514958704648023,1.222023284737206,2.894106389604439,-0.0001723756050759967,-1.940981690083639,-2.1980579535113733,-1.4911144415484827,-1.0231049696551722,1.5708585977554321,0.4288850724697113,1
847,1788171703.8528485,-0.34740096976196433,-0.593508101303421,0.0007232754046925804,1.2220243042214323,2.894109032616811,-2.1144279226020052e-05,-1.940993611012594,-2.1980698744403284,-1.4911506811725062,-1.0231531302081507,1.5708585977554321,0.42887309193611145,1
848,1788171703.8938913,-0.34740417491034287,-0.5935087625959364,0.0007163545293928653,1.2220463168721971,2.894112786370203,-2.244732935328541e-05,-1.940993611012594,-2.1980817953692835,-1.4911506811725062,-1.0231407324420374,1.5708465576171875,0.4288850724697113,1
849,1788171703.9379163,-0.3473878983560969,-0.593533940405316,0.0007510835967763085,1.2220112562703358,2.8941256728825757,-0.00011677891316181118,-1.9409578482257288,-2.1980460325824183,-1.4911263624774378,-1.0231407324420374,1.5708465576171875,0.42889708280563354,1
850,1788171703.9771488,-0.34742035574516655,-0.5935048167028348,0.0007336714420665413,1.2220637613948238,2.8941042813407787,-7.859974197663006e-05,-1.9410179297076624,-2.1980579535113733,-1.4911506811725062,-1.0231288115130823,1.5708465576171875,0.42887309193611145,1
851,1788171704.0186543,-0.347392717130317,-0.5935463583584533,0.0007595902552287037,1.2219933290226332,2.8941317193364973,-0.00019164719780061218,-1.9409578482257288,-2.1980460325824183,-1.4911144415484827,-1.0231049696551722,1.5708465576171875,0.4288850724697113,1
852,1788171704.0611122,-0.3474024538236567,-0.5935119253162763,0.0007203017128953881,1.2220416406518941,2.8941017122387245,-2.114368735608717e-05,-1.940993611012594,-2.1980817953692835,-1.491138760243551,-1.0231531302081507,1.5708585977554321,0.4288850724697113,1
853,1788171704.1022115,-0.3473869956597648,-0.593524015981489,0.0007133806671721921,1.2220339636641233,2.8941310658707446,-2.3000483864883023e-05,-1.9409578482257288,-2.1980937162982386,-1.491138760243551,-1.0231407324420374,1.5708345174789429,0.4289090633392334,1
854,1788171704.1447656,-0.34737467712058867,-0.5935298418808037,0.0007255773216016947,1.2220070764581612,2.8941155303113226,-5.932261308875648e-05,-1.9409459272967737,-2.1980698744403284,-1.4911506811725062,-1.0231288115130823,1.5708585977554321,0.4289090633392334,1
855,1788171704.1872241,-0.34739738719578184,-0.593521242445257,0.0007226036298045024,1.2220761636265387,2.8940863585658625,-5.9323797843282775e-05,-1.940981690083639,-2.1980817953692835,-1.491138760243551,-1.0231288115130823,1.5708585977554321,0.42892104387283325,1
856,1788171704.2289884,-0.34739640862473153,-0.5935262433405578,0.0007198348989121972,1.2220715224913128,2.8940753685769547,-5.952241657960467e-05,-1.940981690083639,-2.1980937162982386,-1.4911263624774378,-1.0231288115130823,1.5708705186843872,0.42892104387283325,1
857,1788171704.2696576,-0.34741078742403925,-0.5935185484018084,0.0007399661217439568,1.2220188879992928,2.8940964555506365,-0.0001156778870219395,-1.9410055319415491,-2.1980579535113733,-1.491138760243551,-1.023116413746969,1.5708705186843872,0.4288611114025116,1
858,1788171704.3122582,-0.3474011139081786,-0.5935308454825525,0.0007452915577376151,1.2220062169085557,2.8941143431486616,-0.00013569112734946627,-1.940981690083639,-2.1980579535113733,-1.4911263624774378,-1.023116413746969,1.5708585977554321,0.42887309193611145,1
859,1788171704.3522985,-0.34737875529723083,-0.5935254999275752,0.0007297247284238362,1.222002212549712,2.8941042544698656,-7.8239244499001e-05,-1.9409578482257288,-2.1980579535113733,-1.4911626021014612,-1.023116413746969,1.5708705186843872,0.42889708280563354,0
860,1788171704.392414,-0.3474039365924351,-0.5935081485171971,0.000705441683729352,1.2220983637548728,2.8940907934113174,-2.3194575356523054e-05,-1.940993611012594,-2.1980937162982386,-1.4911626021014612,-1.023116413746969,1.5708465576171875,0.42892104387283325,0
861,1788171704.4334595,-0.34739583834258103,-0.5935320270002182,0.0007291025472546953,1.2220806470918222,2.8940967370445025,-9.88096567408586e-05,-1.9409697691546839,-2.1980817953692835,-1.4911263624774378,-1.023116413746969,1.5708465576171875,0.4289330244064331,0
862,1788171704.4758918,-0.34740037004297064,-0.5935361068057623,0.0007313594730426753,1.222015667105672,2.894136479343982,-0.00013680116661996986,-1.9409697691546839,-2.1980817953692835,-1.4911263624774378,-1.0230925718890589,1.5708345174789429,0.4288850724697113,0
863,1788171704.5151742,-0.3474018066181863,-0.5935398087208701,0.0007669249445067527,1.2220499669298595,2.894120836914605,-0.0001937001179550287,-1.9409697691546839,-2.198033634816305,-1.4911144415484827,-1.023116413746969,1.5708345174789429,0.4289090633392334,0
864,1788171704.5567644,-0.3474033018161551,-0.5935516035129024,0.0007519537874965121,1.2221176071605973,2.8940393979348795,-0.00022816355213304347,-1.940981690083639,-2.1980698744403284,-1.4911025206195276,-1.0230687300311487,1.5708825588226318,0.4289569854736328,0
865,1788171704.599057,-0.34739520181997746,-0.5935376402574948,0.0007092384297369969,1.2220377738485129,2.8941400929250354,-0.0001366018015296185,-1.9409578482257288,-2.1981056372271937,-1.4911506811725062,-1.0230448881732386,1.5708225965499878,0.4289090633392334,0
866,1788171704.6421354,-0.3474031054578687,-0.5935132594150981,0.0007297241788650766,1.2220206321182459,2.894148474788581,-8.04518335273983e-05,-1.940981690083639,-2.1980579535113733,-1.4911626021014612,-1.023116413746969,1.5708225965499878,0.42887309193611145,0
867,1788171704.6814554,-0.3473881985052053,-0.5935423120684812,0.0007282912974682643,1.221971584399237,2.894128599448066,-0.00015365812009734988,-1.9409578482257288,-2.1980817953692835,-1.491138760243551,-1.0230687300311487,1.5708585977554321,0.42887309193611145,0
868,1788171704.7223506,-0.3474078560553264,-0.5935330233006979,0.0007363855088158289,1.222015313249848,2.894135883789705,-0.00017348730666325845,-1.940981690083639,-2.1980698744403284,-1.491138760243551,-1.0230687300311487,1.5708345174789429,0.42887309193611145,0
869,1788171704.7624068,-0.34741563847986695,-0.5935307035352169,0.0007265560974831498,1.2220671427706846,2.8941136171836725,-0.00019220393445378714,-1.940993611012594,-2.1980817953692835,-1.4911506811725062,-1.0230329672442835,1.5708345174789429,0.42889708280563354,0
870,1788171704.8024216,-0.34739294229632706,-0.5935393404293241,0.0007201965463946858,1.2219810854404407,2.8941510960362398,-0.00013605248889020423,-1.9409578482257288,-2.1980937162982386,-1.491138760243551,-1.0230687300311487,1.5708345174789429,0.42887309193611145,0
871,1788171704.8397162,-0.3474091867366992,-0.5935289297274895,0.0007503171295282773,1.2220893378502715,2.894117558324267,-0.00017403625739176616,-1.940981690083639,-2.1980460325824183,-1.491138760243551,-1.0230925718890589,1.5708225965499878,0.42892104387283325,0
872,1788171704.8796895,-0.3474119824999436,-0.5935364780560912,0.0007173176471393095,1.222092992190309,2.8940780807820192,-0.00011697241306485269,-1.940993611012594,-2.1981175581561487,-1.4911025206195276,-1.0230925718890589,1.5708585977554321,0.42892104387283325,0
873,1788171704.9209757,-0.34742619375636313,-0.5935355282970224,0.0007549267480687349,1.2220493986046672,2.8941203351749945,-0.0002303878373081215,-1.9410055319415491,-2.1980579535113733,-1.4911144415484827,-1.0230687300311487,1.5708345174789429,0.42887309193611145,0
874,1788171704.962246,-0.3473966010194491,-0.5935339923445956,0.0007452914031166324,1.2220457007284053,2.8941107328387687,-0.00013624453718414728,-1.9409697691546839,-2.1980579535113733,-1.4911263624774378,-1.023116413746969,1.5708465576171875,0.4289090633392334,0
875,1788171705.0031393,-0.3474007627826022,-0.5935746901381107,0.0010027851440922997,1.2220056033909734,2.8941122974597184,-0.0002487385480059629,-1.9409578482257288,-2.197793785725729,-1.4908388296710413,-1.0235961119281214,1.5708585977554321,0.42889708280563354,0
876,1788171705.0452693,-0.34742146551401004,-0.593598065736968,0.002085928324319114,1.2220091471966041,2.8941210563881445,-0.00038705234067401225,-1.9409697691546839,-2.1964977423297327,-1.48989183107485,-1.0257514158831995,1.5708465576171875,0.4288850724697113,0
877,1788171705.0864735,-0.34740789784541465,-0.5935854789711403,0.003999874264966341,1.2220103191014484,2.8941234616276104,-0.00024480276631193504,-1.9409578482257288,-2.1941588560687464,-1.488237206135885,-1.0298355261432093,1.5708465576171875,0.42889708280563354,0
878,1788171705.1293223,-0.34740526998861093,-0.5935563314346584,0.006831967305887893,1.2220276136416504,2.8941162822207995,-0.00023881386231642426,-1.9409697691546839,-2.1906798521624964,-1.485863987599508,-1.0356915632831019,1.5708465576171875,0.42889708280563354,0
879,1788171705.1707988,-0.3474232350984704,-0.593557875376621,0.01019437889175892,1.2220789186019312,2.8940931387852022,-0.00031143603067765026,-1.940993611012594,-2.1866605917560022,-1.4828789869891565,-1.0426495710956019,1.5708465576171875,0.4289090633392334,0
880,1788171705.214652,-0.3474059696209005,-0.5935657322624168,0.01405229502142355,1.2220741363246561,2.8940813399556107,-0.00034756216103824333,-1.9409697691546839,-2.182089630757467,-1.4793909231769007,-1.050685230885641,1.5708585977554321,0.4289330244064331,0
881,1788171705.2568328,-0.3473974918832612,-0.5935438859522326,0.017181609210131205,1.2220068392980665,2.8941155706003956,-6.231969774036327e-05,-1.9409697691546839,-2.1784542242633265,-1.476394001637594,-1.0574992338763636,1.5708585977554321,0.4288850724697113,0
882,1788171705.3009598,-0.34741344869122476,-0.5935402560103521,0.02105635517867077,1.2220757819914942,2.8940856986932695,-9.975348222888336e-05,-1.940993611012594,-2.173991028462545,-1.4727023283587855,-1.0656302610980433,1.5708585977554321,0.4289090633392334,0
883,1788171705.3457081,-0.34744923642660774,-0.593594900716397,0.024320512795061006,1.2221171503343446,2.8940871683036185,-0.00045349262700414023,-1.9410055319415491,-2.1703322569476526,-1.469489876423971,-1.0722768942462366,1.5708345174789429,0.42892104387283325,0
884,1788171705.384621,-0.34740245608131004,-0.5935267062814406,0.027436878830804395,1.2220478480801378,2.894116039205541,0.00016996438242327107,-1.940981690083639,-2.166804615651266,-1.4663251082049769,-1.0793660322772425,1.5708465576171875,0.42889708280563354,0
885,1788171705.4269824,-0.3473923367867894,-0.5935230038132757,0.030654733714013616,1.2220295400141086,2.8941208274031744,2.472088752838892e-05,-1.9409697691546839,-2.1631816069232386,-1.4631732145892542,-1.086048428212301,1.5708465576171875,0.42889708280563354,0
886,1788171705.467199,-0.34741274484936696,-0.5935608162128486,0.033892502130838026,1.2220225497059993,2.8941046568730426,-0.0002726980071132681,-1.940981690083639,-2.15965444246401,-1.4598405996905726,-1.0927184263812464,1.5708585977554321,0.4288850724697113,0
887,1788171705.509146,-0.34738118116515637,-0.5935166302224095,0.03764281700040584,1.2220146425965015,2.8941336628022167,0.0003481514436902506,-1.9409578482257288,-2.155635658894674,-1.455716911946432,-1.1012566725360315,1.5708465576171875,0.42889708280563354,0
888,1788171705.550701,-0.34736152415794286,-0.5934810953591066,0.04082107521415282,1.2220762047588498,2.8940859165672728,0.0005596347125862081,-1.9409578482257288,-2.1522162596331995,-1.4523127714740198,-1.1082142035113733,1.5708705186843872,0.42894500494003296,0
889,1788171705.594147,-0.3473932691522266,-0.5934658882477813,0.04405255831925395,1.2220612233263444,2.894099926465407,0.00029928996446287014,-1.9410055319415491,-2.1487610975848597,-1.4489086310016077,-1.1149080435382288,1.5708585977554321,0.4288850724697113,0
890,1788171705.6382885,-0.3473678717455388,-0.5934603068542681,0.047868877017855055,1.222036697692925,2.894089581112691,0.0005631787781067763,-1.940981690083639,-2.1448381582843226,-1.444545094166891,-1.123361889516012,1.5708825588226318,0.42889708280563354,0
891,1788171705.6829267,-0.3473716283302511,-0.5935222548783093,0.051091288996577416,1.2219780321608609,2.8940954450223817,0.0002672531448641104,-1.9409578482257288,-2.1415990034686487,-1.4408414999591272,-1.130115811024801,1.570894479751587,0.4288850724697113,0
892,1788171705.72454,-0.34738528478683023,-0.593460087988191,0.0549487089502404,1.2220496355059771,2.8941206162375006,0.0004342483665955111,-1.940993611012594,-2.1376636664019983,-1.4364302794085901,-1.1385701338397425,1.5708465576171875,0.4288850724697113,0
893,1788171705.766436,-0.34740079585229616,-0.5935000556736637,0.05824522375821825,1.2221341939185335,2.8940788825746635,0.0001355264286825352,-1.940993611012594,-2.1344240347491663,-1.4325464407550257,-1.145503346120016,1.5708465576171875,0.42894500494003296,0
894,1788171705.8089821,-0.3474078225494228,-0.5935481323555793,0.06140059691533828,1.2220761143622558,2.894086242432779,-6.606187377122202e-05,-1.940981690083639,-2.1314013640033167,-1.4286988417254847,-1.1522448698626917,1.5708585977554321,0.42892104387283325,0
895,1788171705.848441,-0.3473932559435708,-0.5935404930392781,0.06456244253449936,1.222037614787382,2.8940915714965754,3.331306823269718e-05,-1.9409697691546839,-2.1283658186541956,-1.4248154799090784,-1.1592267195331019,1.5708705186843872,0.4289090633392334,0
896,1788171705.8895643,-0.34738820857653235,-0.5934748729141612,0.06777924627046167,1.222057945298741,2.8941399535011367,0.0002766718943553907,-1.940981690083639,-2.125258270894186,-1.4208834807025355,-1.1664226690875452,1.5708225965499878,0.42889708280563354,0
897,1788171705.9321508,-0.3473604977315243,-0.5935231981412883,0.07165035454869176,1.2219689597584023,2.8941217604611262,9.245966114275007e-05,-1.9409340063678187,-2.121683422719137,-1.4159811178790491,-1.1747811476336878,1.5708705186843872,0.42889708280563354,0
898,1788171705.9768157,-0.3474150214401774,-0.5934986696408099,0.07479447894778357,1.2220435540569243,2.894104784207558,0.00017051549251612306,-1.9410179297076624,-2.118851963673727,-1.4118579069720667,-1.1817858854876917,1.5708585977554321,0.4288611114025116,0
899,1788171706.0199049,-0.347389919458251,-0.5935167745646575,0.07865333780726064,1.2220307287394068,2.894123632112213,0.0001879331703873423,-1.9409697691546839,-2.115408722554342,-1.4067752997027796,-1.1903231779681605,1.5708465576171875,0.42889708280563354,0
900,1788171706.0621486,-0.3473826657119662,-0.5935132030288048,0.08187262201898687,1.2219689735537003,2.894122631428485,0.00013587872478605705,-1.9409697691546839,-2.112553421651022,-1.40253192583193,-1.197387997304098,1.5708705186843872,0.4288611114025116,0
901,1788171706.1025565,-0.34738188218905164,-0.5934736911958283,0.0851009618057543,1.222014126319896,2.8941330444557827,0.0003069722636588596,-1.940981690083639,-2.1097338835345667,-1.3981812636004847,-1.204667870198385,1.5708465576171875,0.42887309193611145,0
902,1788171706.1450713,-0.3473983448947882,-0.5934789665327195,0.08819524721846803,1.2220793745272467,2.8940944066482355,0.0004056030443389385,-1.9410055319415491,-2.107166592274801,-1.393818203602926,-1.2116606871234339,1.5708585977554321,0.42889708280563354,0
903,1788171706.1850317,-0.34739537977149915,-0.5935160696388077,0.09143006899006245,1.222024914888618,2.894110232403985,5.0729867967510435e-05,-1.940981690083639,-2.104443375264303,-1.3894065062152308,-1.218569580708639,1.5708585977554321,0.4288850724697113,0
904,1788171706.2279854,-0.3473416348055108,-0.5934370905499252,0.09456265931338745,1.222016546273674,2.8941379144370645,0.0005989610887561122,-1.9409459272967737,-2.101816002522604,-1.3849838415728968,-1.225969139729635,1.5708465576171875,0.4289090633392334,0
905,1788171706.272172,-0.34737441708125005,-0.5934393348058551,0.09856724036582498,1.2220757056126532,2.894133634334124,0.0003350697411307134,-1.940981690083639,-2.09857684770693,-1.3793142477618616,-1.2347105185138147,1.5708225965499878,0.4289090633392334,0
906,1788171706.3167763,-0.34736916819813074,-0.5935080464461917,0.10231782364811826,1.2219791043691486,2.8941461423243973,0.00022312160678158107,-1.9409459272967737,-2.0957449118243616,-1.37368089357485,-1.2431038061725062,1.5708465576171875,0.4288850724697113,0
907,1788171706.3611782,-0.3473838269093191,-0.5934787023628659,0.1054353775911237,1.222050448723507,2.8941221750115718,0.0005285832909935137,-1.940981690083639,-2.0934060255633753,-1.368922535573141,-1.2503955999957483,1.5708465576171875,0.42889708280563354,0
908,1788171706.403719,-0.34738881499333557,-0.5935287043322915,0.108710726840617,1.221999858430346,2.8941471679546313,6.085119972026245e-05,-1.9409578482257288,-2.0909226576434534,-1.3641036192523401,-1.2574003378497522,1.5708345174789429,0.4288850724697113,0
909,1788171706.4485192,-0.3473595762220077,-0.5934385829658733,0.11255877668906952,1.2219979451046459,2.894142850883026,0.00045446320500502576,-1.9409697691546839,-2.0880067984210413,-1.3583019415484827,-1.2663682142840784,1.5708465576171875,0.42887309193611145,0
910,1788171706.4912815,-0.34737331837887647,-0.5934739951706809,0.11580173846886704,1.222047847653285,2.8941157982839463,0.0001579863863537921,-1.9409697691546839,-2.085691754017965,-1.3533037344561976,-1.2734926382647913,1.5708465576171875,0.4289090633392334,0
911,1788171706.5322907,-0.3473958382325408,-0.5935468031727238,0.11956919754744799,1.2220165778973067,2.8941382701216254,-2.9738982016296296e-05,-1.9409578482257288,-2.083184544240133,-1.3472026030169886,-1.2819817701922815,1.5708345174789429,0.42889708280563354,0
912,1788171706.5771706,-0.34738252699090033,-0.5935053228148356,0.12278481282763307,1.2220606617890644,2.8940977637673275,0.00018025331828072476,-1.9409697691546839,-2.0809648672686976,-1.3420723120318812,-1.2894647757159632,1.5708585977554321,0.42892104387283325,0
913,1788171706.6209872,-0.3473849074215898,-0.593496606831018,0.12597739961332802,1.222038773081817,2.8940945390256005,0.00020400951390251386,-1.940981690083639,-2.078841511403219,-1.3368943373309534,-1.2967808882342737,1.5708705186843872,0.42889708280563354,0
914,1788171706.6633248,-0.3473969615822119,-0.5935648943937185,0.12992376013572135,1.2219872568352037,2.8941173563183415,-0.0003805057221986422,-1.9409578482257288,-2.076273743306295,-1.3305180708514612,-1.3053529898272913,1.5708585977554321,0.4288850724697113,0
915,1788171706.7048547,-0.34738828308249625,-0.5935352763664845,0.13316712707728307,1.2220467077792865,2.8940647824139054,-0.00045126813264297034,-1.9409697691546839,-2.0741503874408167,-1.3252442518817347,-1.3127043882953089,1.5708825588226318,0.42892104387283325,0
916,1788171706.7471933,-0.3473885254508956,-0.5935506774799175,0.1362513149318454,1.2220356884939925,2.8940867950804283,-0.0002414482485406438,-1.9409578482257288,-2.072362724934713,-1.3198383490191858,-1.3200319449054163,1.5708705186843872,0.42892104387283325,0
917,1788171706.7899754,-0.34737347350975606,-0.5934895155814279,0.14007847149828603,1.2220566490955709,2.894088250002983,0.00026615155931137673,-1.9409697691546839,-2.0701072851764124,-1.3131621519671839,-1.3292868773089808,1.5708705186843872,0.42892104387283325,0
918,1788171706.8339283,-0.3474029996795563,-0.5935133317537978,0.14326921178987234,1.2220251830880529,2.8941111043836534,9.939275576812183e-05,-1.940993611012594,-2.068308178578512,-1.3075760046588343,-1.3365662733661097,1.5708585977554321,0.42887309193611145,0
919,1788171706.8730888,-0.3473923877570152,-0.5935751401968065,0.14713688820721574,1.2220370469108641,2.894137894102511,-0.0002593846309427836,-1.9409340063678187,-2.066160027180807,-1.3007925192462366,-1.3452704588519495,1.5708225965499878,0.4289330244064331,0
920,1788171706.913579,-0.3473867350536267,-0.5935161665694654,0.14969839168251753,1.2219899129174505,2.894123857625928,-6.169573603475555e-06,-1.9409697691546839,-2.064732376729147,-1.2962382475482386,-1.351412598286764,1.5708585977554321,0.42887309193611145,0
921,1788171706.9533076,-0.3473872585026825,-0.5935099174979064,0.15290508211763482,1.2220290537605398,2.894119680121405,-4.191155781675888e-05,-1.9409697691546839,-2.063029114400045,-1.2904723326312464,-1.3588593641864222,1.5708465576171875,0.42889708280563354,0
922,1788171706.9970467,-0.34739062846383983,-0.5935709497644518,0.15619207004817406,1.2220043244622707,2.894109042714903,-0.0004344081712634702,-1.9409459272967737,-2.0613730589496058,-1.2844908873187464,-1.366246525441305,1.5708585977554321,0.4289090633392334,0
923,1788171707.0421495,-0.3474347529130982,-0.5935724337476012,0.15997266721381811,1.2221055202262023,2.894107750076538,-0.0003200296577027787,-1.940993611012594,-2.059622112904684,-1.2773001829730433,-1.3752620855914515,1.5708225965499878,0.42892104387283325,0
924,1788171707.0834892,-0.34741517816677975,-0.5935746088301066,0.16310451615602176,1.222070612210389,2.8940732247318683,-0.00018380201792422718,-1.940981690083639,-2.0581825415240687,-1.2713306585894983,-1.38275653520693,1.5708705186843872,0.42892104387283325,0
925,1788171707.1257486,-0.34736831904337434,-0.5934910827167035,0.16696317845678613,1.2220269683722578,2.894114473737397,0.0003030365474650117,-1.9409578482257288,-2.056370560322897,-1.2639949957477015,-1.392214600239889,1.5708585977554321,0.4289090633392334,0
926,1788171707.167237,-0.3473923562723521,-0.5935154559993377,0.17018546739905047,1.222016699706899,2.894138917935635,4.699665587165845e-06,-1.9409697691546839,-2.054966751729147,-1.2578228155719202,-1.3996012846576136,1.5708345174789429,0.4288850724697113,0
927,1788171707.2097814,-0.34737402153146657,-0.5935729048338984,0.17342438260852003,1.2219364389621028,2.894141406708422,-0.00025322933645009315,-1.9409220854388636,-2.0536473433123987,-1.2514823118792933,-1.4070962111102503,1.5708585977554321,0.4288850724697113,0
928,1788171707.252764,-0.347377131161476,-0.5935285676392359,0.17733125283982726,1.2220107502744637,2.8941242390552304,-0.00019763509541760105,-1.9409459272967737,-2.052039925252096,-1.2438114325152796,-1.416410271321432,1.5708465576171875,0.4289090633392334,0
929,1788171707.295883,-0.3473887309736488,-0.5935213098444774,0.18053395262113953,1.2220575150996142,2.8940903462203207,-0.0002502352605019707,-1.9409697691546839,-2.050828282033102,-1.2373870054828089,-1.4240124861346644,1.5708585977554321,0.42892104387283325,0
930,1788171707.340784,-0.3473722402711018,-0.5935383386123737,0.18372220093742891,1.221940800005261,2.894151974607365,-0.00028597999295189763,-1.9409340063678187,-2.0497000853167933,-1.2308786551104944,-1.4316266218768519,1.5708465576171875,0.42887309193611145,0
931,1788171707.3837376,-0.3473736099870301,-0.5935346148629796,0.18748628128290556,1.2219504050553616,2.8941265705366033,-5.6528443462226926e-05,-1.9409459272967737,-2.0485127607928675,-1.2229445616351526,-1.4408934752093714,1.5708705186843872,0.42887309193611145,0
932,1788171707.4264712,-0.34741679359023253,-0.5935412773050851,0.19066826881674842,1.2220975815205306,2.8940889478979686,-0.00013025561153496345,-1.940993611012594,-2.0475528875934046,-1.2162202040301722,-1.448531452809469,1.5708465576171875,0.42892104387283325,0
933,1788171707.4683473,-0.3473943651669966,-0.5935206327124073,0.19447232285118882,1.2220352840341082,2.894134424090415,0.0001701589430914731,-1.9409697691546839,-2.0464609305011194,-1.2080462614642542,-1.4579890410052698,1.5708345174789429,0.42889708280563354,0
934,1788171707.511033,-0.3474132001127838,-0.5935767664879972,0.19773889370223366,1.2220266472308383,2.8941140019866403,-0.000370580922947885,-1.9409697691546839,-2.045525375996725,-1.2011545340167444,-1.4654715696917933,1.5708465576171875,0.42889708280563354,0
935,1788171707.5555866,-0.34739150545338376,-0.5935136086762015,0.2008884405525764,1.2220550999098967,2.894084841025087,6.550535557490748e-05,-1.940981690083639,-2.044709030781881,-1.1942389647113245,-1.473480526600973,1.5708705186843872,0.4289090633392334,0
936,1788171707.598681,-0.3473942647276157,-0.5934832267047884,0.2048053470080332,1.2220816716614744,2.8940996341729948,6.514913283990316e-05,-1.940993611012594,-2.0437257925616663,-1.185681168233053,-1.4830220381366175,1.5708465576171875,0.4289090633392334,0
937,1788171707.640612,-0.34739028035272657,-0.5934953316152884,0.20798418929988513,1.2220645797775922,2.8941072918150397,8.686130807390034e-05,-1.940981690083639,-2.0430777708636683,-1.1785138289081019,-1.4908512274371546,1.5708465576171875,0.4289090633392334,0
938,1788171707.6816127,-0.3473984557049381,-0.593516052955578,0.21113152107860114,1.222026234040403,2.894161497937301,3.3542500021506884e-05,-1.9409697691546839,-2.042502228413717,-1.1713345686541956,-1.498573128377096,1.5708105564117432,0.4288850724697113,0
939,1788171707.7244608,-0.34739676136615083,-0.5935416590778255,0.21428808809944297,1.22202101659344,2.894148782823519,-5.7241574764974455e-05,-1.9409578482257288,-2.041973892842428,-1.1640713850604456,-1.5063064734088343,1.5708225965499878,0.42889708280563354,0
940,1788171707.7667286,-0.3473815996893648,-0.5934953352473168,0.21817648601980577,1.2220312783625438,2.8941249288893056,0.0002635499735305416,-1.9409697691546839,-2.0413740316974085,-1.1549866835223597,-1.5161946455584925,1.5708465576171875,0.42889708280563354,0
941,1788171707.809957,-0.34739382753361375,-0.5934896976489115,0.2213793464232923,1.2220773668984486,2.8940894346407555,0.00011736272259870793,-1.940993611012594,-2.040905777608053,-1.147531811391012,-1.5240243116961878,1.5708585977554321,0.4289090633392334,0
942,1788171707.8522222,-0.3473745866938402,-0.5934999820479248,0.22517654233064494,1.221998709560116,2.8940963006879454,0.00010124707673779028,-1.9409697691546839,-2.0404861609088343,-1.1384709517108362,-1.5334938208209437,1.5708825588226318,0.4288850724697113,0
943,1788171707.8938277,-0.34736337243935916,-0.5934858582632545,0.22833939353342697,1.222005601795733,2.89411223696214,0.00038668778835365697,-1.9409578482257288,-2.0402706305133265,-1.1306803862201136,-1.5416820685016077,1.5708705186843872,0.42889708280563354,0
944,1788171707.9328008,-0.34738687291036785,-0.5934789535496988,0.23145745234031462,1.2220187300778456,2.8941439529164468,0.0002959369648300893,-1.940981690083639,-2.0400427023517054,-1.1230819861041468,-1.5494516531573694,1.5708345174789429,0.42887309193611145,0
945,1788171707.9740875,-0.347387099261816,-0.5934795368132622,0.2342259024847722,1.2220716362612707,2.8941239883105703,0.0004134814715781571,-1.940981690083639,-2.0399583021747034,-1.1161306540118616,-1.5565622488604944,1.5708345174789429,0.4289090633392334,0
946,1788171708.01651,-0.34739623455489993,-0.5934883023822363,0.23617470615434955,1.2220662562746905,2.8941114871241935,0.0003294331557903068,-1.940993611012594,-2.03989822069277,-1.1112645308123987,-1.561434570943014,1.5708465576171875,0.42889708280563354,0
947,1788171708.0585604,-0.34738649655741316,-0.5935152067122414,0.23750269890782302,1.222422622464313,2.8939853763166257,0.00024747818076833013,-1.9409578482257288,-2.0398862997638147,-1.1079090277301233,-1.5647504965411585,1.5708225965499878,0.429173082113266,0
948,1788171708.100906,-0.347392158155629,-0.5935225433803532,0.23831841675778132,1.2243055486880092,2.89316255242046,0.00020745608464396728,-1.9409697691546839,-2.0398862997638147,-1.1058357397662562,-1.5667975584613245,1.5708465576171875,0.43046924471855164,0
949,1788171708.1451914,-0.34739779803739385,-0.5935745728231284,0.23903080495384063,1.2267747902082093,2.8920795254732363,-0.00030263322508913625,-1.9409578482257288,-2.039814297352926,-1.1042054335223597,-1.568174187337057,1.5708705186843872,0.43219760060310364,0
950,1788171708.1883392,-0.3473540638164244,-0.5935066167121825,0.23946845038211156,1.2307873506748455,2.8903894447850433,0.0003914997094707096,-1.9409340063678187,-2.0398624579059046,-1.1029112974749964,-1.569862190877096,1.5708705186843872,0.43499329686164856,0
951,1788171708.2300005,-0.3473639645980358,-0.59350975784325,0.24003033907896404,1.237512858376815,2.8875141988667594,0.00027646303229029507,-1.9409459272967737,-2.0398381392108362,-1.1015327612506312,-1.5711916128741663,1.5708705186843872,0.4396379292011261,0
952,1788171708.2721343,-0.34737010333308405,-0.5935108019110439,0.24038538444118912,1.2445211377856102,2.8844878778445953,0.0002759256234302973,-1.9409578482257288,-2.0398500601397913,-1.100610081349508,-1.5721014181720179,1.5708825588226318,0.44448593258857727,0
953,1788171708.315227,-0.3473756400469693,-0.59348757576083,0.2406737196722195,1.2522640230372966,2.8811639993014584,0.00036681684272907116,-1.9409697691546839,-2.0398381392108362,-1.0998786131488245,-1.5729034582721155,1.5708585977554321,0.4498383700847626,0
954,1788171708.3569107,-0.3473976132019003,-0.5935069745065034,0.24090700718883862,1.2626742195972398,2.8765997525366793,0.0001988109752740263,-1.940993611012594,-2.0398500601397913,-1.0992921034442347,-1.5733702818499964,1.5708705186843872,0.45705100893974304,0
955,1788171708.4006813,-0.347373443595833,-0.5935493076246392,0.24096893164151617,1.2730793294755163,2.871977515829814,-6.263977734865239e-06,-1.9409459272967737,-2.0398381392108362,-1.0991838614093226,-1.5733583609210413,1.570894479751587,0.46434715390205383,0
956,1788171708.4421704,-0.3473830053006045,-0.5935437057606088,0.24095483753373959,1.284463553899137,2.866959235542978,6.605727481077419e-05,-1.9409459272967737,-2.0398624579059046,-1.0991719404803675,-1.5733941237079065,1.5708465576171875,0.47226759791374207,0
957,1788171708.4824092,-0.3473852891405031,-0.5935423374674919,0.24095970838880526,1.2956939502619016,2.861873755016239,3.0278919336540902e-05,-1.9409578482257288,-2.0398500601397913,-1.0991838614093226,-1.5733702818499964,1.5708705186843872,0.4801041781902313,0
958,1788171708.5254598,-0.34738990822214333,-0.5935542408140192,0.24095580335199687,1.3097067020884536,2.8554859289234944,-2.4483884119184855e-05,-1.9409578482257288,-2.0398624579059046,-1.0991838614093226,-1.573322598134176,1.5708705186843872,0.4899083971977234,0
959,1788171708.5668252,-0.3473891049008954,-0.5935370495280672,0.24094435740320524,1.3207775823249441,2.850413409277753,8.569878318679411e-05,-1.9409578482257288,-2.0398624579059046,-1.0991957823382776,-1.5733822027789515,1.5708465576171875,0.4976610541343689,0
960,1788171708.611137,-0.3473825481855857,-0.5935277510914801,0.24096179989489103,1.3321348292445736,2.8451094266656853,6.858946457230638e-05,-1.9409578482257288,-2.039826218281881,-1.099208180104391,-1.5733941237079065,1.5708585977554321,0.5056410431861877,0
961,1788171708.6550715,-0.34737977560939354,-0.5935429809850055,0.2409804439321973,1.3439176519935274,2.839557156706322,-4.382953783899197e-05,-1.9409459272967737,-2.039814297352926,-1.0991957823382776,-1.5733464399920862,1.5708585977554321,0.5139454007148743,0
962,1788171708.6972742,-0.3473981409941314,-0.5935379605739461,0.240955965758271,1.3525570517657397,2.8354703466103994,4.9170068160243575e-05,-1.9409697691546839,-2.0398624579059046,-1.0991719404803675,-1.5733822027789515,1.5708465576171875,0.520006000995636,0
963,1788171708.738258,-0.3473823288229037,-0.5935419624198858,0.24095857979021565,1.3602081593182789,2.8318080324469896,4.8628607800711266e-05,-1.9409459272967737,-2.0398500601397913,-1.0991838614093226,-1.5733822027789515,1.5708465576171875,0.5254300236701965,0
964,1788171708.780155,-0.3473778943749715,-0.5935529102028004,0.24096176998425606,1.367407633292102,2.8283376872338213,3.090276423973052e-05,-1.9409340063678187,-2.0398624579059046,-1.0991600195514124,-1.5733822027789515,1.5708465576171875,0.5305300354957581,0
965,1788171708.8234918,-0.3473895586051066,-0.5935605941851066,0.2410086654091543,1.3721877819628663,2.826012933226009,-0.00011975980318240374,-1.9409459272967737,-2.0398381392108362,-1.0990999380694788,-1.5733702818499964,1.5708465576171875,0.533902108669281,0
966,1788171708.8667617,-0.34739177300608753,-0.5935515234002467,0.24099718551555094,1.3758628734262575,2.824216467696521,-4.343254691213848e-05,-1.9409578482257288,-2.0398500601397913,-1.0990999380694788,-1.5734060446368616,1.5708585977554321,0.5364944338798523,0
967,1788171708.9092793,-0.34741323466327595,-0.5935397043953311,0.2410626620618819,1.3791306704678195,2.8226199422339797,-7.988892008401073e-05,-1.940993611012594,-2.0398381392108362,-1.0989564100848597,-1.5735381285296839,1.5708585977554321,0.5387740731239319,0
968,1788171708.9483123,-0.3473901474633566,-0.593524615073608,0.24106198101970677,1.380558790682973,2.8219762779814466,0.0001586742149196897,-1.9409578482257288,-2.0398624579059046,-1.098884407673971,-1.5737412611590784,1.5708225965499878,0.539806604385376,0
969,1788171708.988058,-0.3473851577655495,-0.5935121019990884,0.24113741969740765,1.3807991895030183,2.821825519465417,0.00027616225495250045,-1.9409697691546839,-2.0398743788348597,-1.098656956349508,-1.574028793965475,1.5708585977554321,0.5399743318557739,0
970,1788171709.0312274,-0.3473862102359054,-0.5935295899930301,0.24128276995706063,1.3798672243644554,2.822278797480869,1.0341683752041124e-05,-1.9409578482257288,-2.039814297352926,-1.0984166304217737,-1.574160401021139,1.5708465576171875,0.5393264889717102,0
971,1788171709.073426,-0.34738594658103317,-0.593521312375247,0.24138883520558407,1.3780287822846815,2.823196966004491,0.00012140695842037064,-1.9409578482257288,-2.0398381392108362,-1.098093334828512,-1.5745318571673792,1.5708345174789429,0.5380182862281799,0
972,1788171709.118286,-0.3473935135589063,-0.5935184381741859,0.24155477651759744,1.374402416082303,2.824965041584936,0.00013851047165520873,-1.9409697691546839,-2.0398500601397913,-1.097649876271383,-1.5749743620501917,1.5708345174789429,0.5354379415512085,0
973,1788171709.1607232,-0.34738337488791543,-0.5934923118013729,0.24172971978260155,1.370081120653797,2.8270686073510833,0.00023250075521888167,-1.9409697691546839,-2.039814297352926,-1.0972426573382776,-1.575477425252096,1.5708345174789429,0.5323782563209534,0
974,1788171709.2033076,-0.3473707615833993,-0.5934821807243472,0.24192667546215837,1.3634644781829997,2.8302724870100002,0.0003615812077871898,-1.9409578482257288,-2.039826218281881,-1.0967028776751917,-1.576087776814596,1.5708345174789429,0.5277100205421448,0
975,1788171709.247857,-0.3473813867232274,-0.5934800120983488,0.2421405148274608,1.3565028543989759,2.8335863627175555,0.0003262937259902297,-1.940981690083639,-2.039826218281881,-1.096163574849264,-1.5766027609454554,1.5708585977554321,0.5227777361869812,0
976,1788171709.2923424,-0.34740376755884644,-0.5935073676740258,0.24235295307155824,1.3480631485277614,2.837652841747781,0.00011288449493649065,-1.940981690083639,-2.0398381392108362,-1.0956361929522913,-1.5769856611834925,1.5708105564117432,0.5168136954307556,0
977,1788171709.3346972,-0.3473979056059864,-0.593499860237099,0.24265958911363034,1.3368611528563288,2.842934732353928,0.00013207148648069518,-1.940981690083639,-2.039826218281881,-1.0948694388019007,-1.577775780354635,1.5708225965499878,0.5089292526245117,0
978,1788171709.3754883,-0.3473825393415852,-0.5935572824523532,0.24294250845870316,1.3265060111338776,2.847756346595212,-0.00011195676611662509,-1.9409340063678187,-2.0398500601397913,-1.0941503683673304,-1.5783146063434046,1.5708345174789429,0.5017049908638,0
979,1788171709.4177487,-0.3473771192086963,-0.5934759202041009,0.24319732617750134,1.3151494866887132,2.8530641860004873,1.437220876821984e-05,-1.9409578482257288,-2.039706532155172,-1.0936945120440882,-1.5789969603167933,1.570798635482788,0.49370065331459045,0
980,1788171709.4599595,-0.3471298785080088,-0.5932138329264287,0.2435837625167527,1.3033855929496367,2.8583870261786646,-9.534717116058495e-05,-1.9407780806170862,-2.038734738026754,-1.0941742102252405,-1.5794156233416956,1.5708585977554321,0.4856603443622589,0
981,1788171709.50059,-0.3468608856358656,-0.5928721755353141,0.2438047238893139,1.2948954650732243,2.8622565215468145,-9.817125873181418e-05,-1.9405863920794886,-2.0375831762896937,-1.0953248182879847,-1.5794156233416956,1.5708465576171875,0.47991204261779785,0
982,1788171709.5451899,-0.34647041735490614,-0.5924495051051606,0.24404351619739023,1.2869000583114387,2.865847875419179,-0.000438703150077722,-1.9402745405780237,-2.0359514395343226,-1.0971944967852991,-1.5789607206927698,1.5708465576171875,0.47464385628700256,0
983,1788171709.5891078,-0.3458248701781344,-0.5917113069226649,0.244108922978747,1.2796217119560735,2.8691030873910077,-0.00014023489358485716,-1.9397829214679163,-2.033491913472311,-1.1006339232074183,-1.5781706015216272,1.5708585977554321,0.47005951404571533,0
984,1788171709.6322436,-0.34518059636085086,-0.5909048809972649,0.24420865003354073,1.2748150330172532,2.8712335902126043,-1.0020543596471844e-05,-1.9393280188189905,-2.0308168570147913,-1.1043251196490687,-1.5772369543658655,1.5708705186843872,0.4671671986579895,0
985,1788171709.6747727,-0.34442717127060885,-0.5899496801376303,0.24441282608365422,1.2709818498646248,2.872912237677055,-0.00021792044522377693,-1.9388001600848597,-2.027529541646139,-1.1087001005755823,-1.5760162512408655,1.5708825588226318,0.4650309979915619,0
986,1788171709.7182949,-0.3433522337660248,-0.5886480897488267,0.24453896039427725,1.2682482777796924,2.8741358577555696,-0.0005257438628591768,-1.9379971663104456,-2.022982422505514,-1.1151354948626917,-1.573932949696676,1.5708585977554321,0.46392732858657837,0
987,1788171709.7629163,-0.34228319030568466,-0.5873996819478569,0.24441724430020462,1.2670458110710225,2.874674689113329,0.00011260349607463656,-1.9371822516070765,-2.018939797078268,-1.121296230946676,-1.5722211042987269,1.5708705186843872,0.46390336751937866,0
988,1788171709.8067367,-0.34094917477232534,-0.5857961486286474,0.24447311988277026,1.2666541649563943,2.8748582407288708,5.042922348891049e-05,-1.9361751715289515,-2.0134809652911585,-1.1291702429400843,-1.5697668234454554,1.5708585977554321,0.4646351635456085,0
989,1788171709.8483782,-0.3403271952584167,-0.5851263958318801,0.24460259337489612,1.2661864267210492,2.8750563973615235,-0.000553420367169101,-1.9356597105609339,-2.010901753102438,-1.1327059904681605,-1.5684259573565882,1.5708465576171875,0.4648272693157196,0
990,1788171709.8920946,-0.3403339987474086,-0.5850317363966451,0.244446301311381,1.2662757154493607,2.8750249756109216,-0.0003275091105635047,-1.9357197920428675,-2.0107815901385706,-1.1332452932940882,-1.568150822316305,1.5708465576171875,0.4648272693157196,0
991,1788171709.9343967,-0.3403187181280391,-0.585029552647713,0.24444129319327862,1.2662633181846754,2.8750449027615157,-0.000290301961185536,-1.9356954733477991,-2.0107696692096155,-1.1332696119891565,-1.56816274324526,1.5708345174789429,0.46483924984931946,0
992,1788171709.9754834,-0.34031520162618634,-0.585020347301727,0.24441005401344787,1.2662995007934934,2.875033555944996,-0.0001586414271321079,-1.9356954733477991,-2.010793987904684,-1.1332934538470667,-1.5681985060321253,1.5708345174789429,0.46486324071884155,0
993,1788171710.014335,-0.34030547228627633,-0.5850025810024466,0.244253032747036,1.266311142141236,2.8750133057244684,-0.00021454825499943995,-1.9356954733477991,-2.010721508656637,-1.133808437977926,-1.5677197615252894,1.5708465576171875,0.4648752212524414,0
994,1788171710.057159,-0.3402726014044048,-0.5849911705425336,0.24322228532696105,1.266224817082199,2.875050142215434,0.00012975899265059519,-1.9356597105609339,-2.010793987904684,-1.1362775007831019,-1.565397087727682,1.5708585977554321,0.4648512303829193,0
995,1788171710.0981877,-0.3402935154124491,-0.5849180663563387,0.24170370984694514,1.266306626907486,2.875048433130981,0.00035977081065054455,-1.9357197920428675,-2.0107696692096155,-1.140148941670553,-1.561697785054342,1.5708345174789429,0.46483924984931946,0
996,1788171710.1398547,-0.34027551869817796,-0.584938777088162,0.23946187680252454,1.266271420634816,2.8750630374592108,0.000333589211185769,-1.935683552418844,-2.0108535925494593,-1.1457460562335413,-1.556000057850973,1.5708345174789429,0.4648512303829193,0
997,1788171710.183338,-0.3402984917373175,-0.5849843076289802,0.23593617753704396,1.2662422311463122,2.8750437125952426,-0.0002130542761092124,-1.9356954733477991,-2.010961357747213,-1.1546629110919397,-1.546626392995016,1.5708465576171875,0.4648272693157196,0
998,1788171710.2258384,-0.3403009326143729,-0.5850207128881049,0.2332506714981741,1.2662694637075813,2.8750118375659457,-0.00040510552276344934,-1.935683552418844,-2.011165444050924,-1.1612432638751429,-1.5397189299212855,1.5708585977554321,0.46486324071884155,0
999,1788171710.2687688,-0.34030114323616223,-0.5850065778353521,0.23008596936311299,1.2662822246972716,2.8749943590072298,-0.00037125475418355486,-1.9356954733477991,-2.0114291349994105,-1.1689255873309534,-1.5317938963519495,1.5708705186843872,0.46486324071884155,0
1000,1788171710.3102114,-0.34030549944571636,-0.5850626097953213,0.2276462995276824,1.2662274448477626,2.8750097195747197,-0.0006218517761849497,-1.935671631489889,-2.01172906557192,-1.1747506300555628,-1.5255091826068323,1.5708705186843872,0.4648512303829193,0
1001,1788171710.353332,-0.3403023608529611,-0.5850090458370677,0.22600059786110732,1.2663298024249823,2.875008762668211,-0.00048629172082661505,-1.935683552418844,-2.0118492285357874,-1.178753677998678,-1.5214741865741175,1.5708345174789429,0.4648991823196411,0
1002,1788171710.3972766,-0.34029122503580467,-0.5849806144036115,0.22503766988540866,1.2663526367803999,2.8749674668826763,-0.0002530587695472354,-1.9356954733477991,-2.0119813124286097,-1.1809828917132776,-1.5192597548114222,1.5708705186843872,0.46491116285324097,0
1003,1788171710.4390047,-0.3403132723034693,-0.5849853583574477,0.2251974159937466,1.2666630606814961,2.874877055141955,-0.00042663066055142665,-1.9357073942767542,-2.0119336287127894,-1.1806710402118128,-1.5195110479937952,1.5708225965499878,0.46510329842567444,0
1004,1788171710.4810789,-0.3402886883332386,-0.584987938885393,0.2259614162111646,1.2666164732978982,2.8749106315771953,-5.334570196969513e-05,-1.935671631489889,-2.0119455496417444,-1.1786459128009241,-1.5217621962176722,1.5708225965499878,0.46510329842567444,0
1005,1788171710.52341,-0.34029621187894366,-0.5850382954667914,0.22797010080172658,1.2666127913625405,2.8748556140567625,-0.00017375045293784873,-1.935671631489889,-2.011789147053854,-1.173767391835348,-1.5267179648028772,1.5708705186843872,0.4651152789592743,0
1006,1788171710.5676725,-0.3402939692834794,-0.585002483932281,0.2304977755091003,1.2666406226640128,2.874872302596249,0.0002823746150864101,-1.935683552418844,-2.011608902608053,-1.167511288319723,-1.5334456602679651,1.5708585977554321,0.4651152789592743,0
1007,1788171710.613303,-0.3402761773338379,-0.5849712369736456,0.2336920832664866,1.2666353716545742,2.8748603396077854,0.0006261212709409296,-1.935683552418844,-2.011369530354635,-1.1596606413470667,-1.5417535940753382,1.5708825588226318,0.4651152789592743,0
1008,1788171710.6562853,-0.3402950462282401,-0.5849522561549028,0.23753018397699216,-1.2666575561173596,-2.8749109758411526,-0.0007917751938698871,-1.9356954733477991,-2.011165444050924,-1.1501448790179651,-1.5515826384173792,1.5708105564117432,0.46510329842567444,0
1009,1788171710.6972916,-0.34028729776559985,-0.5849403970117621,0.2406773618599638,1.2667353454243788,2.8748543315542663,0.0009676055280308655,-1.9357073942767542,-2.0110695997821253,-1.1422341505633753,-1.5596988836871546,1.5708585977554321,0.46515122056007385,0
1010,1788171710.7405198,-0.3402565835964114,-0.5849638444004788,0.24453131022228758,1.2666179194705471,2.874913398264249,0.0007983455725266558,-1.9356477896319788,-2.010949436818258,-1.1326101461993616,-1.5693357626544397,1.5708465576171875,0.46512725949287415,0
1011,1788171710.7824845,-0.3402724512856277,-0.5849091601679828,0.24779816024235507,1.2666959324982139,2.874858213498494,0.0009550738770326175,-1.9357073942767542,-2.010925594960348,-1.1242926756488245,-1.577775780354635,1.5708705186843872,0.46512725949287415,0
1012,1788171710.8239257,-0.3402620608089177,-0.5849412629138883,0.2510297817493435,1.2666115676250487,2.8748994417133624,0.0006953072074191937,-1.935671631489889,-2.0109737555133265,-1.1160228888141077,-1.585832420979635,1.5708585977554321,0.46510329842567444,0
1013,1788171710.867088,-0.34030047843211486,-0.5849594945386801,0.25434256582865283,1.2666994215913976,2.874866215333208,9.496095905970535e-05,-1.9357073942767542,-2.0109975973712366,-1.1076329390155237,-1.5938170591937464,1.5708345174789429,0.46512725949287415,0
1014,1788171710.9101138,-0.34026131163178774,-0.5849393016061146,0.2581821451559555,1.2666921717928896,2.874849048908043,0.00026666782393249905,-1.935671631489889,-2.011249367390768,-1.0974462668048304,-1.6038602034198206,1.5708585977554321,0.4651632010936737,0
1015,1788171710.9521484,-0.340256685933839,-0.5849202113915926,0.2615521389567337,1.2666441650232834,2.8748336940607926,-2.842838674058402e-05,-1.935683552418844,-2.0114172140704554,-1.088649098073141,-1.612300221120016,1.5708825588226318,0.46512725949287415,0
1016,1788171710.9954872,-0.3402780658066104,-0.5849308374970759,0.2647846822242097,1.2666746398331468,2.874856423670332,-0.00012102954554746285,-1.9356954733477991,-2.0118253866778772,-1.0798161665545862,-1.6206677595721644,1.5708465576171875,0.46512725949287415,0
1017,1788171711.0342267,-0.34030927537840383,-0.5849670213409001,0.26862702353263407,1.2666545503887245,2.8748561244848387,-0.00038285276810588287,-1.9357197920428675,-2.0124133268939417,-1.0691855589496058,-1.6305435339557093,1.5708465576171875,0.4650913178920746,0
1018,1788171711.0766006,-0.3402831647739768,-0.5849672173175086,0.27186305837986824,1.2666058744405702,2.874840397393518,-0.0003194235767500502,-1.9356954733477991,-2.0129650274859827,-1.060101334248678,-1.6391146818744105,1.5708825588226318,0.4650913178920746,0
1019,1788171711.1214097,-0.3402794811534377,-0.5849721828698379,0.2750483842596572,1.2666285431326934,2.874844933740298,-0.00028072271722067897,-1.935683552418844,-2.0136125723468226,-1.0510042349444788,-1.6475895086871546,1.5708705186843872,0.4651152789592743,0
1020,1788171711.1652932,-0.3402891795513508,-0.5850421999259166,0.27884287744849623,1.2665212446150893,2.8748825128884667,-0.000557502850901465,-1.9356597105609339,-2.014524761830465,-1.0400031248675745,-1.6575019995318812,1.5708705186843872,0.46506696939468384,0
1021,1788171711.2060385,-0.34030163354629706,-0.5850071418249645,0.28199310805860445,1.2666448617821138,2.874881952416052,-0.00014292313822865713,-1.935683552418844,-2.0154126326190394,-1.0305708090411585,-1.6663125197040003,1.5708345174789429,0.4651152789592743,0
1022,1788171711.24747,-0.34028642869406883,-0.5850126836052131,0.2851571472003043,1.2665467494804517,2.874893901266783,8.956225516884624e-05,-1.935671631489889,-2.016372028981344,-1.0210192839251917,-1.6750510374652308,1.5708705186843872,0.46506696939468384,0
1023,1788171711.2887414,-0.3402942490738913,-0.5849878103785442,0.2882700458005916,1.2666337963445538,2.874903489395361,0.0003350908166263496,-1.935683552418844,-2.017355744038717,-1.0115516821490687,-1.6836932341205042,1.5708345174789429,0.46510329842567444,0
1024,1788171711.3321805,-0.34031758022088654,-0.5850196662456675,0.29149341167236287,1.2665681038219616,2.8748965116495864,6.019579767096665e-05,-1.9357073942767542,-2.0183995405780237,-1.0017841498004358,-1.6922405401812952,1.5708585977554321,0.46504297852516174,0
1025,1788171711.3727174,-0.3402969029284859,-0.5849648192555834,0.29541480199718684,1.266618416978319,2.8749156183503084,0.00011422064818214479,-1.9356954733477991,-2.019646946583883,-0.9898594061480921,-1.702954117451803,1.5708225965499878,0.46507930755615234,0
1026,1788171711.415672,-0.3402908175735794,-0.5849865302036684,0.29861865108843855,1.266572279296476,2.8749054138430155,-9.57042120253188e-06,-1.935683552418844,-2.0208709875689905,-0.9798286596881312,-1.7116807142840784,1.5708465576171875,0.46506696939468384,0
1027,1788171711.4579554,-0.34030656823210065,-0.5850430927696517,0.3018256004892218,1.2665235926507905,2.8748884050722485,-0.00036002100974845023,-1.935683552418844,-2.022202793751852,-0.9696534315692347,-1.7202995459186,1.5708705186843872,0.46504297852516174,0
1028,1788171711.4998791,-0.3402907818239674,-0.5850087496623598,0.30492547453475755,1.2665837119378764,2.874882976704319,-0.0005070275686740517,-1.935671631489889,-2.0233901182757776,-0.9599226156817835,-1.7287505308734339,1.5708465576171875,0.4650913178920746,0
1029,1788171711.540424,-0.3402828227999432,-0.5849432901233894,0.30736561523940487,1.2665541964925995,2.8749113976721463,-6.642461141915181e-05,-1.9356954733477991,-2.0245421568499964,-0.9518449942218226,-1.7359569708453577,1.5708465576171875,0.46504297852516174,0
1030,1788171711.5828001,-0.34027446353817,-0.5849283880797421,0.3086296679016402,1.2665655921579493,2.874936909792693,5.736711829927387e-05,-1.935683552418844,-2.025153938923971,-0.9476507345782679,-1.739619557057516,1.5708225965499878,0.465054988861084,0
1031,1788171711.6264994,-0.34027207321555886,-0.5849374602755965,0.30914451958231487,1.2665180535008842,2.8749224891229974,-0.00020481595041075374,-1.935683552418844,-2.0253098646747034,-0.9461291472064417,-1.740816895161764,1.5708465576171875,0.4650309979915619,0
1032,1788171711.6698303,-0.34029059750592516,-0.5849413320764242,0.30909271080561845,1.2665875350593438,2.8748938381403586,-0.00014871139475087898,-1.9357073942767542,-2.025346104298727,-0.9462006727801722,-1.7407448927508753,1.5708465576171875,0.465054988861084,0
1033,1788171711.7106633,-0.34023209726692905,-0.5847727047971727,0.309060721304522,1.266550016842898,2.8749005171870206,-5.351126006529925e-05,-1.9357197920428675,-2.0248664061175745,-0.9469798246966761,-1.7405055204974573,1.5708585977554321,0.46501901745796204,0
1034,1788171711.753594,-0.3400474267139786,-0.5843646990818201,0.3089371000129208,1.2662548299101086,2.875025368616821,0.0001725844725048094,-1.935683552418844,-2.023618523274557,-0.9491131941424769,-1.7397635618792933,1.5708705186843872,0.4648512303829193,0
1035,1788171711.7967598,-0.33959073404556367,-0.5833849478444169,0.30883324908297677,1.2663872098650633,2.8749982663429368,0.0006945610080962391,-1.935563866292135,-2.020691219960348,-0.9536307493792933,-1.7385066191302698,1.5708585977554321,0.465054988861084,0
1036,1788171711.8368225,-0.3387795066133693,-0.5822363864951523,0.3088447355390259,1.2661173624513509,2.875083814166199,0.0004862844004492377,-1.9350484053241175,-2.016576115285055,-0.9597066084491175,-1.7364118734942835,1.5708825588226318,0.46539127826690674,0
1037,1788171711.8797348,-0.3378128772648203,-0.5811440888291075,0.3089225219834636,1.2662215682652151,2.8750364976614406,6.951059525013483e-05,-1.9342692534076136,-2.012329403554098,-0.9658191839801233,-1.7342808882342737,1.5708705186843872,0.46624329686164856,0
1038,1788171711.9245663,-0.3364090072898729,-0.5801447888135205,0.3090582685689651,1.2666351295299818,2.8748443417443643,-0.0005550859468819383,-1.9328191916095179,-2.007638756428854,-0.9724462668048304,-1.7319467703448694,1.5708585977554321,0.4679836332798004,0
1039,1788171711.968086,-0.3346383207647706,-0.579088236770472,0.3089374937448276,1.2664518845394908,2.8749843072346843,-1.7985785455014592e-05,-1.9308646360980433,-2.002695385609762,-0.9799006620990198,-1.7297800222979944,1.5708225965499878,0.46979549527168274,0
1040,1788171712.0102515,-0.33294516122417606,-0.5784817723367497,0.30903272780803887,1.2663244857705194,2.875011887322815,-7.558248095243145e-05,-1.928791348134176,-1.9988325277911585,-0.9852936903582972,-1.7282117048846644,1.5708465576171875,0.4717874825000763,0
1041,1788171712.0508642,-0.33103372294919564,-0.5779225525567763,0.30890626874292404,1.2662625434435577,2.8750005919405766,0.00026403756748213854,-1.9263818899737757,-1.994873348866598,-0.9913218657123011,-1.726356331502096,1.570894479751587,0.4741637408733368,0
1042,1788171712.090816,-0.329431560672173,-0.5774460305732111,0.3088980889393623,1.2661282441759647,2.8751063360781415,0.0004275797981565637,-1.9243324438678187,-1.9915383497821253,-0.9961512724505823,-1.7249682585345667,1.5708585977554321,0.47610780596733093,0
1043,1788171712.1335106,-0.3277757317691746,-0.5769184791229173,0.3089604364579074,1.2663103841066181,2.874994700798236,0.0002955673055691582,-1.9222467581378382,-1.987927261983053,-1.001232926045553,-1.7234118620501917,1.5708825588226318,0.47832825779914856,0
1044,1788171712.178262,-0.32618092104596774,-0.5763064581170493,0.309019229012676,1.2662157327183365,2.875053328610117,8.256967633982925e-05,-1.9202688376056116,-1.9841721693622034,-1.0065296331988733,-1.7217357794391077,1.5708585977554321,0.4802359938621521,0
1045,1788171712.223392,-0.3243275824178308,-0.575532575667584,0.3090434832748805,1.2665400703046508,2.87489096618408,-0.00033269643211313233,-1.9180033842669886,-1.9795892874347132,-1.0131214300738733,-1.719461743031637,1.5708585977554321,0.4827320873737335,0
1046,1788171712.2651763,-0.3226944059946506,-0.5748135779791117,0.30903066827996495,1.2667408293708684,2.8748232101465154,-0.00016864322915511261,-1.916013542805807,-1.9756901899920862,-1.0187180677997034,-1.7178695837603968,1.5708465576171875,0.4848562777042389,0
1047,1788171712.305529,-0.3210796308121916,-0.5741145203378879,0.309009448681587,1.2663317857617349,2.8750067452886108,-9.750385037244617e-05,-1.9140360991107386,-1.9718392531024378,-1.024266544972555,-1.716217343007223,1.5708465576171875,0.4865483045578003,0
1048,1788171712.3472326,-0.3195379313679913,-0.5733684864253963,0.3088103213216215,1.2666300558112762,2.874882656918622,0.0005605284734935907,-1.912189785634176,-1.9681676069842737,-1.0299118200885218,-1.7146619001971644,1.5708705186843872,0.4886002242565155,0
1049,1788171712.390928,-0.3175880811560689,-0.5725804543648931,0.30887722960274483,1.266342517223707,2.875012283253023,0.00010227384842991912,-1.9097445646869105,-1.9635008017169397,-1.03644305864443,-1.7125065962420862,1.5708465576171875,0.4908446669578552,0
1050,1788171712.4324493,-0.3160279268024391,-0.5718260322586587,0.3089374913168447,1.2663452671985043,2.875012138190845,0.00011958382744922452,-1.9078500906573694,-1.9596503416644495,-1.0417407194720667,-1.7110703627215784,1.5708465576171875,0.49274078011512756,0
1051,1788171712.474941,-0.3144378471037609,-0.5711324950273309,0.30891301275819283,1.2662819615538852,2.8750451629775577,0.00020931478991144102,-1.905872646962301,-1.95591909090151,-1.0470617453204554,-1.7095378080951136,1.5708465576171875,0.49467286467552185,0
1052,1788171712.5175295,-0.3125113193838746,-0.5701183682320448,0.3089372675148474,1.2661462630926623,2.875101609152926,0.00037672508740517317,-1.9035590330706995,-1.9510486761676233,-1.053833309804098,-1.7077425161944788,1.5708585977554321,0.49689292907714844,0
1053,1788171712.5611022,-0.31099060053403377,-0.5692686124560654,0.30900848196144803,1.2663911293779095,2.8749950274800797,-6.145064386966436e-05,-1.9017370382892054,-1.9468854109393519,-1.0595620314227503,-1.7058990637408655,1.5708345174789429,0.4988849461078644,0
1054,1788171712.6033027,-0.30910088086871806,-0.5682315571595526,0.3088523214073151,1.2665026234210022,2.874956497923322,0.0005560987297345063,-1.8994715849505823,-1.9421704451190394,-1.066465202962057,-1.7041032950030726,1.5708585977554321,0.5012252330780029,0
1055,1788171712.6464345,-0.30753355820039774,-0.5674073474988682,0.3089461007077994,1.2665001852096056,2.8749435681683506,0.0001009015951119439,-1.8975537459002894,-1.9380434195147913,-1.072049919758932,-1.702355686818258,1.5708465576171875,0.5031449794769287,0
1056,1788171712.68984,-0.3060155031142133,-0.5665394046010404,0.30902347299370714,1.2667341012181377,2.8748108456584975,-0.00016282502045863602,-1.8957317511187952,-1.9339645544635218,-1.0775631109820765,-1.7007516066180628,1.5708585977554321,0.5051373243331909,0
1057,1788171712.730998,-0.3042342805357222,-0.5655155478702723,0.3088895419183817,1.2665106299306181,2.8749043517563724,-3.2586892844682874e-05,-1.893585507069723,-1.9292858282672327,-1.0843709150897425,-1.6987045446978968,1.5708705186843872,0.5071293711662292,0
1058,1788171712.773424,-0.30266268466997,-0.5645856123349514,0.30893417186390315,1.2665168576327124,2.8749098839937814,9.440722635317568e-05,-1.8916919867144983,-1.925171200429098,-1.089919392262594,-1.6973517576800745,1.5708705186843872,0.5090250968933105,0
1059,1788171712.8169446,-0.3011256053118927,-0.5636953802377144,0.3089460232580471,1.2663129403433306,2.875000874401168,0.0001102584115952054,-1.8898218313800257,-1.9211519400226038,-1.0954206625567835,-1.6958797613727015,1.5708705186843872,0.5107530951499939,0
1060,1788171712.8621476,-0.2993254510642492,-0.5626688984855649,0.3089210281516565,1.2663082119086224,2.8750263787359085,6.581189944061464e-05,-1.887604061757223,-1.9164612928973597,-1.1019285360919397,-1.6940363089190882,1.5708465576171875,0.5129615664482117,0
1061,1788171712.9027061,-0.29780507815656454,-0.5618318062323279,0.30906294841914095,1.2660929040803228,2.875089681591163,-0.0005761221032865852,-1.8857100645648401,-1.9123948256122034,-1.1072257200824183,-1.6923959890948694,1.5708345174789429,0.5147138833999634,0
1062,1788171712.9448931,-0.2962523947938727,-0.5609595346458887,0.30904619072762973,1.265993420969845,2.8751364986227665,-0.0005229944370841098,-1.883780304585592,-1.908447567616598,-1.112643067036764,-1.6909597555743616,1.5708345174789429,0.5165736675262451,0
1063,1788171712.9888575,-0.29443623493689175,-0.5598289310699729,0.30892844658067753,1.2665227582984868,2.8749251327014744,0.0001516550723622852,-1.8815749327289026,-1.9038046042071741,-1.1191514174090784,-1.6895235220538538,1.5708585977554321,0.519141674041748,0
1064,1788171713.0326972,-0.29288943963490244,-0.5589124091448806,0.30898043048504176,1.2663342214431146,2.8750052929209597,0.00011009907346989407,-1.8796566168414515,-1.899773899708883,-1.1244843641864222,-1.6881945768939417,1.5708585977554321,0.5209295749664307,0
1065,1788171713.074186,-0.29135063791524096,-0.5579936224681926,0.30886971763294047,1.266700131297957,2.8748922926464053,0.0005721487491466495,-1.8777383009540003,-1.8959105650531214,-1.129913632069723,-1.6869257132159632,1.5708465576171875,0.5230900645256042,0
1066,1788171713.1134849,-0.2895778947451946,-0.5569225187948983,0.30893582729968233,1.2670145286684764,2.8747081760712008,0.00014025357626083477,-1.8755329290973108,-1.8911240736590784,-1.1362536589251917,-1.685094181691305,1.5708585977554321,0.5255258679389954,0
1067,1788171713.1549356,-0.28833704438952046,-0.5561572267319623,0.3090043236062602,1.2668055664382984,2.874788430178672,-1.2954117223842576e-05,-1.873986546193258,-1.887812916432516,-1.1405442396747034,-1.684016529713766,1.5708585977554321,0.5269299149513245,0
1068,1788171713.1988342,-0.28646680182413564,-0.5550529728601148,0.30893261747939604,1.266678204653381,2.874862731122936,0.0003800763479764984,-1.8716252485858362,-1.8831465880023401,-1.1469085852252405,-1.6825688521014612,1.5708705186843872,0.5291979312896729,0
1069,1788171713.2421148,-0.2849939037249746,-0.5541226473377177,0.30890336844316546,-1.2665533941290632,-2.8749466116136317,-0.000307625900449024,-1.8697550932513636,-1.8791993300067347,-1.1522544066058558,-1.6811321417437952,1.570798635482788,0.5309738516807556,0
1070,1788171713.2841518,-0.2831316687386326,-0.5529980813938297,0.30891690121129955,1.266502552736425,2.8749619346934745,0.00031197403674604215,-1.8674052397357386,-1.8744009176837366,-1.1585944334613245,-1.6795876661883753,1.5708465576171875,0.5332901477813721,0
1071,1788171713.3281844,-0.28159212830475333,-0.5521400364405062,0.30886651182317937,1.2660694140971387,2.875138752530637,0.00014102253725501842,-1.8654034773456019,-1.870526138936178,-1.163879696522848,-1.6780675093280237,1.5708465576171875,0.5349941849708557,0
1072,1788171713.3696158,-0.28011454990495105,-0.5511994107256649,0.3089351270503474,1.266238009766731,2.8750449113351304,6.464323618478891e-05,-1.8635337988482874,-1.866615120564596,-1.168877426777975,-1.6769302527057093,1.5708585977554321,0.5369861721992493,0
1073,1788171713.4138765,-0.27829016072400886,-0.5500435264199405,0.30899336058698607,1.266470648714575,2.874955259767294,-9.367903440191962e-05,-1.8611958662616175,-1.8617804686175745,-1.175110165272848,-1.6754334608661097,1.5708345174789429,0.5394826531410217,0
1074,1788171713.455035,-0.2767099163264643,-0.5491333069164466,0.3089221688724488,1.266194357490407,2.875068671436143,0.00011407898308087819,-1.8591340223895472,-1.857917610798971,-1.1803234259234827,-1.6742132345782679,1.5708585977554321,0.5413544178009033,0
1075,1788171713.4994934,-0.2751843386585237,-0.5482022559180973,0.30893276188720303,1.2666086640051206,2.874832402136472,0.00010162629083665408,-1.8571680227862757,-1.854018513356344,-1.1853936354266565,-1.673027817402975,1.5709065198898315,0.5436224341392517,0
1076,1788171713.5423505,-0.27338449905924184,-0.5471350221637257,0.30902335098173905,1.2668492861171483,2.8747147198303007,-0.0006021091099179297,-1.8547824064837855,-1.8492558638202112,-1.191469971333639,-1.6712682882892054,1.5708585977554321,0.5461784601211548,0
1077,1788171713.585795,-0.2718113384100025,-0.546240123794754,0.3089534480859641,1.2664840240229587,2.8749041249235243,-0.0002877392683377982,-1.85268479982485,-1.845513168965475,-1.1964557806598108,-1.6702268759356897,1.5708585977554321,0.5480146408081055,0
1078,1788171713.628467,-0.27000007431834466,-0.5450615141290137,0.3089344938395473,1.2665424802109946,2.8748886212827442,0.00010432074940867978,-1.850334946309225,-1.8409059683429163,-1.2024009863482874,-1.6691373030291956,1.5708825588226318,0.5504025220870972,0
1079,1788171713.6702123,-0.2684654633936834,-0.5440938578126021,0.30899577087749874,1.2663852085824598,2.8749877382510074,3.653001298868789e-07,-1.848297421132223,-1.8369353453265589,-1.2073748747455042,-1.6680720488177698,1.5708465576171875,0.5523229837417603,0
1080,1788171713.7147822,-0.2669378901838285,-0.5431604547332288,0.30893512590639305,1.2664131958920157,2.8749969134246913,0.00022082342438284778,-1.8462594191180628,-1.8331564108477991,-1.2123492399798792,-1.667018238698141,1.5708465576171875,0.5543749332427979,0
1081,1788171713.7583961,-0.2651444221049723,-0.5419689560737974,0.30890438483979415,1.266409343592063,2.875028097803998,0.0005145710288303763,-1.8438976446734827,-1.8285377661334437,-1.2182934919940394,-1.6658814589129847,1.5708465576171875,0.5567264556884766,0
1082,1788171713.7995257,-0.2635807288431747,-0.5410961744222359,0.3090162002257645,1.2661330754288125,2.875092139201491,-6.509293129621656e-05,-1.8417518774615687,-1.8246153036700647,-1.2231000105487269,-1.6646245161639612,1.5708465576171875,0.5586948394775391,0
1083,1788171713.8391733,-0.26214029790436943,-0.5400474330382865,0.3089013103773961,1.2665094433414184,2.874958523080149,0.0003809834611772164,-1.8398812452899378,-1.8207758108722132,-1.228205982838766,-1.6636431852923792,1.5708585977554321,0.5608190298080444,0
1084,1788171713.8812244,-0.26075398909229375,-0.5389224089872251,0.30893167330431515,1.2660962074250983,2.8751347656179145,0.0003210408990612,-1.8381193319903772,-1.8166731039630335,-1.2333357969867151,-1.6625774542437952,1.5708585977554321,0.5622949600219727,0
1085,1788171713.9255075,-0.2591056901563878,-0.5374999499801665,0.3089858990560119,1.2649909400957489,2.8756089257644657,7.240760968861908e-05,-1.8360455671893519,-1.8115509192096155,-1.2397001425372522,-1.6611769835101526,1.5708465576171875,0.5636031031608582,0
1086,1788171713.9699597,-0.25779248676302075,-0.5362773749780073,0.3089052787333618,1.262119237359693,2.8768915654851974,0.0002731587776970983,-1.8344271818744105,-1.8074000517474573,-1.2450936476336878,-1.6600635687457483,1.5708465576171875,0.5632192492485046,0
1087,1788171714.0146182,-0.2563412542823199,-0.5346551606252449,0.30889500429484895,1.257207312946487,2.8790624053699267,0.00047312894627784256,-1.8327487150775355,-1.8022177855121058,-1.251578156148092,-1.6588900724994105,1.5708465576171875,0.5614789128303528,0
1088,1788171714.0570176,-0.2551540653900294,-0.5333648761096728,0.30913687480618557,1.2526089136976275,2.8810104112291026,-0.00018516273469162226,-1.8313458601581019,-1.7978151480304163,-1.2565520445453089,-1.6578968206988733,1.5708345174789429,0.5597026348114014,0
1089,1788171714.100609,-0.2539503381109048,-0.5320793785888022,0.3093881130553193,1.2464644037842278,2.883651606488202,-0.0001477628718072465,-1.8299196402179163,-1.7936762014972132,-1.2610471884356897,-1.6575611273394983,1.5708585977554321,0.5568709969520569,0
1090,1788171714.1396205,-0.25239782604673533,-0.5304794655190046,0.3102176572445182,1.237833570020837,2.8873830427175897,-0.00012178853005511247,-1.8280256430255335,-1.7885778586017054,-1.2652300039874476,-1.6584952513324183,1.5708465576171875,0.5527787804603577,0
1091,1788171714.1811566,-0.25114716684142735,-0.5291642979541684,0.31122230773703224,1.229667224053968,2.89086094807283,4.288616394144391e-05,-1.826515022908346,-1.7845471541034144,-1.2676032225238245,-1.660255257283346,1.5708705186843872,0.5486385822296143,0
1092,1788171714.2243862,-0.24986914682922598,-0.5279098541600358,0.3125640679415409,1.21997144008603,2.8949795782397216,4.81441293865434e-05,-1.8249085585223597,-1.7806485334979456,-1.2689574400531214,-1.662804905568258,1.5708585977554321,0.5435385704040527,0
1093,1788171714.2674088,-0.2482469705072648,-0.52642020623889,0.31461619893488646,1.2068115194588311,2.9004391035544637,-0.00033570773731477757,-1.822822395955221,-1.7758858839618128,-1.2695930639850062,-1.6666834990130823,1.5708705186843872,0.5365543365478516,0
1094,1788171714.3109658,-0.24691021556780354,-0.5252188767321452,0.31610273049320525,1.1978226102422918,2.904194882772843,-0.0001450141763323698,-1.8210724035846155,-1.7721794287311,-1.270275894795553,-1.6698315779315394,1.5708585977554321,0.5321022272109985,0
1095,1788171714.353522,-0.24560002599865824,-0.5240555720140276,0.3174677701521635,1.1900140115141764,2.9074022529529016,-0.0001562538576246291,-1.8193462530719202,-1.7684958616839808,-1.2712586561786097,-1.6725252310382288,1.5708585977554321,0.5284541249275208,0
1096,1788171714.3956146,-0.24388871101038032,-0.522595981331505,0.31904354384950007,1.1820292500039828,2.9106761032771873,0.00016894371470271364,-1.8170564810382288,-1.7639134565936487,-1.2727211157428187,-1.6758526007281702,1.5708705186843872,0.5252498388290405,0
1097,1788171714.4394214,-0.2424772439313818,-0.521457415792161,0.32022525954114034,1.1762445823132806,2.9130557992494444,0.00028461277266858705,-1.8151143232928675,-1.7602065245257776,-1.2741473356830042,-1.6782110373126429,1.5708465576171875,0.5232099294662476,0
1098,1788171714.4823892,-0.241117559645044,-0.520357063347435,0.321295463957898,1.1720207846258512,2.9147714901506943,0.0004262946544613502,-1.8132441679583948,-1.756632153187887,-1.2756817976581019,-1.6803420225726526,1.5708465576171875,0.5221777558326721,0
1099,1788171714.526186,-0.23934319493630954,-0.5191753541290115,0.3223607458830806,1.1685938907481555,2.9160900798817204,0.00010459414614096354,-1.810690704976217,-1.7522771994220179,-1.278222386037008,-1.681946102772848,1.5708705186843872,0.5223938822746277,0
1100,1788171714.5696864,-0.2378164661230235,-0.5183521415667804,0.3228595228076907,1.1667118929528408,2.916857778646318,-0.00014942181845362175,-1.8083766142474573,-1.7488706747638147,-1.2810519377337855,-1.6823647657977503,1.5708345174789429,0.5234140157699585,0
1101,1788171714.6126692,-0.23591581492207014,-0.5174935835624392,0.32297768295528806,1.1660645493518924,2.9171051504848635,5.895492833694581e-08,-1.8054397741900843,-1.7450555006610315,-1.2852705160724085,-1.6820538679706019,1.5708585977554321,0.5259097218513489,0
1102,1788171714.6570826,-0.23428555683228253,-0.5168416112399586,0.32292856342166804,1.1659153255542616,2.9172257238066774,0.00021272126071298535,-1.8028505484210413,-1.7419732252704065,-1.2890217939959925,-1.6815269629107874,1.5708225965499878,0.5283822417259216,0
1103,1788171714.6996965,-0.23237223023107223,-0.5160385898431393,0.3230413529927765,1.1658657297623685,2.9171947303343466,-2.8158500800918635e-05,-1.7998407522784632,-1.7381461302386683,-1.2933009306537073,-1.6809161345111292,1.5708465576171875,0.5313700437545776,0
1104,1788171714.7428594,-0.23074161397723084,-0.5154054908334885,0.3230807607424634,1.1657234419148208,2.9172325177189116,-8.352077996373463e-05,-1.7972396055804651,-1.7350509802447718,-1.2968609968768519,-1.680413548146383,1.5708585977554321,0.5338781476020813,0
1105,1788171714.7852743,-0.22915044644862362,-0.5147410723001512,0.3229775893383092,1.165593661625961,2.9173033377188187,0.00021414313453894208,-1.7947099844561976,-1.732027832661764,-1.3006365934955042,-1.6798508802997034,1.5708705186843872,0.5363143086433411,0
1106,1788171714.8254178,-0.22756456176503,-0.5141875010433388,0.3230338409507524,1.1655700607078523,2.917285439089428,-0.0002760129275713378,-1.7921202818499964,-1.7290170828448694,-1.30410081544985,-1.6790850798236292,1.5708465576171875,0.5388942956924438,0
1107,1788171714.8684282,-0.22564835761265983,-0.5135336564960512,0.3230480607020393,1.16566018831364,2.9172445483173752,-0.0004309406611179187,-1.7889793554889124,-1.7255743185626429,-1.3081157843219202,-1.6784146467791956,1.5708345174789429,0.5420981645584106,0
1108,1788171714.9102604,-0.22406322060055126,-0.5129799576884331,0.32299756575808103,1.1659817215784403,2.9171232014230037,-0.00013031757751032818,-1.7863896528827112,-1.7228511015521448,-1.311375919972555,-1.6780675093280237,1.5708585977554321,0.5449066162109375,0
1109,1788171714.9536333,-0.22248742840071237,-0.5124838908122744,0.32291652350632344,1.1662539416415172,2.9170802538195355,0.00021377662021641481,-1.783764664326803,-1.7202838102923792,-1.3145163694964808,-1.6777203718768519,1.5708345174789429,0.5477026700973511,0
1110,1788171714.9959488,-0.22060645455506872,-0.5118995699821619,0.3229657160028022,1.166237873515441,2.917079669013558,4.016329933830631e-05,-1.7806232611285608,-1.7170689741717737,-1.3181479612933558,-1.6771934668170374,1.5708225965499878,0.5508347153663635,0
1111,1788171715.0398061,-0.21897750939572702,-0.5114057567791889,0.32295963525984184,1.1661695792226119,2.9171012673462045,0.00021053557303978406,-1.7779019514666956,-1.7144296805011194,-1.3211925665484827,-1.6768940130816858,1.5708465576171875,0.5535105466842651,0
1112,1788171715.0809996,-0.21738772797991981,-0.5109016817866378,0.3230701279954961,1.16591177695518,2.9171555584675,-8.47184449869525e-05,-1.7752402464496058,-1.7116707007037562,-1.3241413275348108,-1.6765111128436487,1.5708585977554321,0.5560070276260376,0
1113,1788171715.1247704,-0.21541746636072642,-0.5103999654752512,0.3229465760775638,1.1656887655514092,2.917293826291471,0.000207100575890777,-1.7718718687640589,-1.7087200323687952,-1.3278091589557093,-1.6759846846209925,1.5708465576171875,0.5592108964920044,0
1114,1788171715.1628973,-0.2138438232914291,-0.5099242813751398,0.322979322177762,1.1658772066014749,2.9171962027041394,-7.76073256676039e-05,-1.769198242818014,-1.7060444990741175,-1.3308418432818812,-1.6754453817950647,1.5708345174789429,0.5620189905166626,0
1115,1788171715.2024145,-0.21220878765318485,-0.5094619865653435,0.3229919274842309,1.1660358014868581,2.9171253063049147,-0.0001348212683361002,-1.7664044539081019,-1.7034295240985315,-1.3338139692889612,-1.6750510374652308,1.5708345174789429,0.5649232864379883,0
1116,1788171715.246458,-0.21059496266803543,-0.5089344343552751,0.32299306119113436,1.1663426246207975,2.9169679211486903,5.323347613325433e-06,-1.7636831442462366,-1.700766388569967,-1.3368342558490198,-1.6747754255877894,1.5708825588226318,0.5678631663322449,0
1117,1788171715.2898843,-0.2090137024675555,-0.50842838200332,0.3229725773090555,1.1662751464204784,2.9170445135028227,0.00018245124989438798,-1.7609732786761683,-1.6981995741473597,-1.3397834936725062,-1.6745122114764612,1.5708585977554321,0.5705150365829468,0
1118,1788171715.3326602,-0.20742020778419346,-0.5079664467338143,0.322891123430763,-1.1660458094416606,-2.917169486858884,-0.0003944436399353547,-1.7582162062274378,-1.6957281271563929,-1.3427680174456995,-1.6741412321673792,1.5708345174789429,0.5731070041656494,0
1119,1788171715.3750224,-0.20550886960783085,-0.5074128689325732,0.3229546568562759,1.1657388611953297,2.91725140704144,0.00012258451671159638,-1.7549193541156214,-1.6926215330706995,-1.3461721579181116,-1.6736624876605433,1.5708585977554321,0.5762030482292175,0
1120,1788171715.418547,-0.20387839155824508,-0.5069192617857613,0.3229194834546667,1.1655493370376186,2.917375345221981,0.00037458149996516386,-1.752089802418844,-1.6900904814349573,-1.3490846792804163,-1.6734469572650355,1.5708465576171875,0.5788912773132324,0
1121,1788171715.46246,-0.20201421499668276,-0.5063065803369899,0.32295691278686633,1.165930233787245,2.9172002027715864,0.0002050963318601817,-1.748864475880758,-1.6869476477252405,-1.3525603453265589,-1.6730039755450647,1.5708465576171875,0.5823831558227539,0
1122,1788171715.5058925,-0.2004042752328952,-0.5060250617019368,0.322968287959186,1.1659975133361573,2.917152604675193,5.7077147408048525e-05,-1.7459872404681605,-1.6848004500018519,-1.3549702803241175,-1.6726449171649378,1.5708465576171875,0.5853114128112793,0
1123,1788171715.546071,-0.19878456675669298,-0.505851475009746,0.32291239981559816,1.166248871171799,2.9170625301894573,0.0001283711301934581,-1.743049446736471,-1.6829646269427698,-1.3571637312518519,-1.6723335425006312,1.5708465576171875,0.5884190797805786,0
1124,1788171715.5878258,-0.19683119985919478,-0.5056301604978212,0.3229854929269931,1.1659973708859819,2.917127791520221,-0.00011310461204763364,-1.7395013014422815,-1.6806495825396937,-1.3596089521991175,-1.6720460096942347,1.5708465576171875,0.5918031334877014,0
1125,1788171715.6310139,-0.1952486006007375,-0.50543056806581,0.32291764950549,1.166054843831209,2.9171065921465087,7.743687048131457e-05,-1.736635986958639,-1.6788504759417933,-1.3617661635028284,-1.6718066374408167,1.5708705186843872,0.5947074294090271,0
1126,1788171715.6729543,-0.19361450593435803,-0.5052396488429293,0.32296178602998,1.1655476134981666,2.9173021703184396,-5.723061669988602e-05,-1.733650032673971,-1.6769426504718226,-1.3638036886798304,-1.671591583882467,1.5708585977554321,0.5973473191261292,0
1127,1788171715.7176318,-0.19171050123493494,-0.5049597455278313,0.3229699556411719,1.1654861573529214,2.9173376044349024,1.4779541610556328e-05,-1.730185333882467,-1.674675766621725,-1.3662970701800745,-1.6714118162738245,1.5708585977554321,0.6007673144340515,0
1128,1788171715.7598085,-0.19006644621542257,-0.5047871606776622,0.32290083547431614,1.1655106921674234,2.917339684140429,0.000260781549118272,-1.727175537739889,-1.672936741505758,-1.3683703581439417,-1.6712325255023401,1.5708825588226318,0.6037911176681519,0
1129,1788171715.801031,-0.18852361263753933,-0.5045916523164646,0.3229357264958814,1.165971813780119,2.9171604473719004,0.00012191873750969803,-1.7243345419513147,-1.6711252371417444,-1.370312515889303,-1.6710165182696741,1.5708585977554321,0.6069470643997192,0
1130,1788171715.843218,-0.18661977578342295,-0.5043480071307331,0.3229279684536711,1.1662824988850538,2.917059869762256,0.0002672963251544825,-1.7208336035357874,-1.669001881276266,-1.3726618925677698,-1.6708853880511683,1.5708585977554321,0.6106554269790649,0
1131,1788171715.8857093,-0.18504884513933473,-0.5042098273766441,0.3228993256458118,1.1662398776325071,2.917094993161624,0.00037525922556080074,-1.7179201284991663,-1.6673944632159632,-1.374495808278219,-1.6707294623004358,1.5708585977554321,0.6135354042053223,0
1132,1788171715.9299433,-0.18347000419335996,-0.5041772121621099,0.3229288894110051,1.1661748635186504,2.9171255852682494,0.00023681787875878642,-1.7149465719806116,-1.665954891835348,-1.3760302702533167,-1.6705496946917933,1.5708345174789429,0.616463303565979,0
1133,1788171715.9724631,-0.18152320079810183,-0.5041636905537338,0.3229593354500262,1.1658196686047946,2.917239405444377,0.00022471083234251138,-1.7112897078143519,-1.6643112341510218,-1.3777678648578089,-1.6704419294940394,1.5708585977554321,0.6198832988739014,0
1134,1788171716.014079,-0.17990705547165253,-0.5041624716024798,0.3229800621935527,1.1657706616798151,2.917259583106036,0.00014687125190981234,-1.7082322279559534,-1.6629560629474085,-1.3792184034930628,-1.6702984015094202,1.5708465576171875,0.6229070425033569,0
1135,1788171716.0577393,-0.17829606466403344,-0.5041945041535373,0.32294710029497997,1.1659298041008734,2.9171867569842047,0.00024625341096910113,-1.7051871458636683,-1.6617444197284144,-1.3806207815753382,-1.6701667944537562,1.5708705186843872,0.6260634064674377,0
1136,1788171716.0986612,-0.176694091018546,-0.5042104512447972,0.32291577382555914,-1.1662273407212926,-2.9170596289972255,-0.0002912004160346016,-1.7021172682391565,-1.660497013722555,-1.382059399281637,-1.670023266469137,1.570798635482788,0.6293392181396484,0
1137,1788171716.1407306,-0.17476172634677692,-0.504223374663688,0.32295200514539324,1.1661946173286641,2.9170657755182603,0.00023033878284796502,-1.6984847227679651,-1.658961598073141,-1.3836653868304651,-1.6698911825763147,1.5708825588226318,0.6329509615898132,0
1138,1788171716.183322,-0.1731905876720896,-0.5044163650053134,0.3229998155826153,1.1661259629859737,2.9171364453348714,9.661637863197167e-05,-1.6954272429095667,-1.6581218878375452,-1.3844803015338343,-1.6698434988604944,1.5708225965499878,0.6359511613845825,0
1139,1788171716.220869,-0.17156590164655788,-0.5047042010118669,0.32293041706835934,1.1657645540172812,2.917286415604853,0.00034718840750250565,-1.6922858397113245,-1.6575821081744593,-1.3852112928973597,-1.6698077360736292,1.5708585977554321,0.6388434767723083,0
1140,1788171716.2624135,-0.169994269736226,-0.5050228842633722,0.32295930752500246,1.1657458328957506,2.9172804565442805,0.00019689678321832988,-1.689216438923971,-1.6570423285113733,-1.3857510725604456,-1.6697118918048304,1.5708465576171875,0.6419032216072083,0
1141,1788171716.3049943,-0.1684057507699381,-0.5055073839777069,0.32297433009023113,1.1657971919261656,2.9171957902410344,6.576718663165201e-05,-1.686098877583639,-1.6568859259234827,-1.385906998311178,-1.6696160475360315,1.5708825588226318,0.6450711488723755,0
1142,1788171716.347404,-0.16678464967515982,-0.5061206378643318,0.3229586348704466,1.1659887450206903,2.9171569028574944,5.190933441063486e-05,-1.682861630116598,-1.6570542494403284,-1.3857629934894007,-1.6695922056781214,1.5708465576171875,0.6484308242797852,0
1143,1788171716.3904715,-0.16482786419362197,-0.5069457945760102,0.32299299081048954,1.166034768939697,2.9171053174817936,-5.168170045749191e-05,-1.678964916859762,-1.657450024281637,-1.3852594534503382,-1.6696279684649866,1.5708585977554321,0.6523669362068176,0
1144,1788171716.4333835,-0.1632264884142153,-0.5076884812013444,0.32302248685760254,1.1659278326311255,2.9171311568465317,-0.00027711083627354294,-1.6757519880877894,-1.6578944365130823,-1.3847320715533655,-1.6695683638202112,1.5708345174789429,0.6555105447769165,0
1145,1788171716.4766474,-0.16129941417953958,-0.5085493917197015,0.32304401587757503,1.1657913126886223,2.9171334377304574,-0.0003337166831213231,-1.6719268004046839,-1.6584456602679651,-1.3840850035296839,-1.6696160475360315,1.5708705186843872,0.6592544913291931,0
1146,1788171716.5203836,-0.15971863431583913,-0.5093140558148113,0.3230252246323229,1.1656330615220203,2.917234937777096,-0.0004072356640298973,-1.6687491575824183,-1.6590336004840296,-1.3834975401507776,-1.6695802847491663,1.5708225965499878,0.6623145937919617,0
1147,1788171716.5615287,-0.15805924329936527,-0.5101047311083751,0.32298365561497944,1.165558003342313,2.917236348063644,-0.0002769889087373892,-1.665464226399557,-1.6597054640399378,-1.3828499952899378,-1.6696279684649866,1.5708705186843872,0.6655548214912415,0
1148,1788171716.6012263,-0.15654465570124915,-0.5107243009505769,0.3229476837163313,1.1660438267277806,2.9171267135921437,-5.6935858405804876e-05,-1.6624539534198206,-1.6601370016681116,-1.3824308554278772,-1.669771973286764,1.5708345174789429,0.6688781976699829,0
1149,1788171716.6436698,-0.15458049458319587,-0.5115254318102951,0.3230212285015116,1.1661642306182323,2.917006462353093,-0.00033946966352222806,-1.658581558858053,-1.6605208555804651,-1.3818677107440394,-1.6697595755206507,1.5708465576171875,0.6728501915931702,0
1150,1788171716.6847425,-0.15308882503799626,-0.5121125750000375,0.32296129701467,1.1664097836792842,2.9169490309114567,-0.0001404390581932667,-1.6556442419635218,-1.6609051863299769,-1.3815673033343714,-1.6698077360736292,1.5708465576171875,0.6759462356567383,0
1151,1788171716.7276576,-0.15143358653725242,-0.5126743537849411,0.32300351072185407,1.1660258778046493,2.9170462714873704,-0.00021288810466111232,-1.6524184385882776,-1.661048714314596,-1.3813160101519983,-1.6698558966266077,1.5708825588226318,0.6789221167564392,0
1152,1788171716.7697508,-0.1498426008374168,-0.5132209419490015,0.32298656110013463,1.1657846238299254,2.917194380205793,-0.0001582614089611933,-1.6492889563189905,-1.661252800618307,-1.3811238447772425,-1.6698911825763147,1.5708465576171875,0.6818739771842957,0
1153,1788171716.8122613,-0.14788122838291415,-0.5138989180826027,0.32302640389711695,1.1655278539353735,2.917248951511962,-0.0002528804002309971,-1.6454642454730433,-1.661480728779928,-1.3807886282550257,-1.6699274222003382,1.5708705186843872,0.6855340003967285,0
1154,1788171716.8538797,-0.14628649921038236,-0.5143939191695721,0.32296939845431805,1.165765674629982,2.917224914702238,-4.8875489753933143e-05,-1.6423466841327112,-1.6616366545306605,-1.380728546773092,-1.6699751059161585,1.5708465576171875,0.6887978315353394,0
1155,1788171716.897711,-0.14467607796268894,-0.5148540064991604,0.32298783550532995,1.1660349283852494,2.9171291696034722,5.620145581568358e-06,-1.639216725026266,-1.6616728941546839,-1.3806327025042933,-1.6700709501849573,1.5708465576171875,0.6921095848083496,0
1156,1788171716.9390037,-0.1427569682692792,-0.5154124932373679,0.3230092337771937,1.1660125373484695,2.9171102415072205,-0.00011867976116227674,-1.6354883352862757,-1.661684815083639,-1.380585018788473,-1.670023266469137,1.5708465576171875,0.6958292126655579,0
1157,1788171716.9791594,-0.14118174447222584,-0.5158436928445441,0.3229608222494216,-1.1659559883754478,-2.9172149551968776,-7.736908319343307e-05,-1.6324179808246058,-1.6617444197284144,-1.380608860646383,-1.6700828711139124,1.5708105564117432,0.698841392993927,0
1158,1788171717.0196624,-0.13956752889064977,-0.5162834100115402,0.3229643644182312,1.1655410368573014,2.917334660580062,-1.804329910916462e-05,-1.6293004194842737,-1.6617086569415491,-1.3806565443622034,-1.6699989477740687,1.5708345174789429,0.70168536901474,0
1159,1788171717.0621586,-0.13800020312436462,-0.5166914822831234,0.3229639246043904,1.1655112786793562,2.9173507704096346,6.23107110112826e-07,-1.6262672583209437,-1.661684815083639,-1.3806808630572718,-1.6700108687030237,1.5708345174789429,0.7046971321105957,0
1160,1788171717.1046913,-0.13642280659628428,-0.5170919587214002,0.32298959871800104,1.165723099199546,2.917212738075909,-5.259993251299175e-05,-1.6232331434832972,-1.6616247336017054,-1.3806927839862269,-1.6700108687030237,1.5708705186843872,0.7078890800476074,0
1161,1788171717.1455457,-0.13485722858730315,-0.5174678429534727,0.3229633112757976,1.166113214129186,2.9171146419065055,7.800069483607565e-05,-1.6201995054828089,-1.661588493977682,-1.3807767073260706,-1.6700590292560022,1.5708465576171875,0.7111765146255493,0
1162,1788171717.1890018,-0.13286497358094995,-0.5179171230798605,0.3229627688774712,1.1660401126677693,2.917123218210381,4.8348787373281e-05,-1.6163623968707483,-1.6614206472979944,-1.3809683958636683,-1.6700108687030237,1.5708585977554321,0.7149683833122253,0
1163,1788171717.2281513,-0.1312857692445897,-0.5182254772405789,0.3229477748820453,1.1661103282489034,2.917137432068686,0.0001667250665109961,-1.613316837941305,-1.6612408796893519,-1.381183926259176,-1.6700590292560022,1.5708465576171875,0.718052089214325,0
1164,1788171717.2668672,-0.12967566749162002,-0.5185533661440194,0.3229174844465641,-1.1660592362108708,-2.9171496063147924,-0.00028401458997891524,-1.6102116743670862,-1.6610968748675745,-1.3813994566546839,-1.6700709501849573,1.5708345174789429,0.7211241722106934,0
1165,1788171717.3084009,-0.12809935707107484,-0.5188862978147665,0.32292412697553674,-1.1658174473787575,-2.9172499982019895,-0.0002662747947953153,-1.6071770826922815,-1.6609528700457972,-1.3815434614764612,-1.6700590292560022,1.5708345174789429,0.723992109298706,0
1166,1788171717.3503835,-0.12643111351133945,-0.5192365350644526,0.3229439067444778,1.1656555703237639,2.917292495202936,0.00022139387509968733,-1.603987995778219,-1.6607969442950647,-1.3816755453692835,-1.670035187398092,1.5708825588226318,0.727075457572937,0
1167,1788171717.39249,-0.12487780482438195,-0.5195599413793701,0.32295748501682786,1.1657851858783994,2.9172520256003573,0.00015520924794162923,-1.600990120564596,-1.6606529394732874,-1.3818076292621058,-1.6700108687030237,1.5708585977554321,0.7301595211029053,0
1168,1788171717.4355474,-0.12322084631698058,-0.5198850274698035,0.3229737335336318,1.1660772525282235,2.9171611310947343,0.00020152935596154324,-1.5978005568133753,-1.66050893465151,-1.3819153944598597,-1.6700828711139124,1.5708465576171875,0.7335432171821594,0
1169,1788171717.4765608,-0.12135833768220944,-0.5202703945024534,0.32298044880342547,1.1662262537745631,2.9170674961023195,0.00012044312011737293,-1.594227139149801,-1.6603534857379358,-1.3820832411395472,-1.6700108687030237,1.5708585977554321,0.7372268438339233,0
1170,1788171717.5208657,-0.11974097863375568,-0.5206076772971436,0.3229437106221258,1.1658928777445399,2.9172411901963446,0.00027905451215311423,-1.591121021901266,-1.6603172461139124,-1.382191006337301,-1.6700471083270472,1.5708585977554321,0.7400948405265808,0
1171,1788171717.565047,-0.11786612032968168,-0.5209997387760564,0.3229638143129064,-1.1656634497496634,-2.9173172718916103,-0.00022989943095986633,-1.5875118414508265,-1.6602209250079554,-1.3822510878192347,-1.6700590292560022,1.5708345174789429,0.7435504198074341,0
1172,1788171717.6049905,-0.11624481087863744,-0.5213104246830065,0.322955788931898,1.1655764738276975,2.9173435920412,0.00023260859779790222,-1.5844181219684046,-1.6600893179522913,-1.3824189344989222,-1.6700108687030237,1.5708705186843872,0.7465865015983582,0
1173,1788171717.6450331,-0.11466020123362936,-0.5215815638880195,0.32297530757494936,-1.1657746975595118,-2.917273974879833,-0.0001699060571223863,-1.581360165272848,-1.6598852316485804,-1.3825987021075647,-1.6700108687030237,1.5708225965499878,0.7497780919075012,0
1174,1788171717.687339,-0.11303121284303196,-0.5218850015362639,0.32297517752386373,1.1661081651572418,2.917134539371336,0.0001904338367560137,-1.578254524861471,-1.6597655455218714,-1.3827303091632288,-1.6699989477740687,1.5708585977554321,0.7531138062477112,0
1175,1788171717.7296731,-0.11162524250467987,-0.5221265813250179,0.32295598635621836,1.1662392358609033,2.9170994587684085,0.00020169757944135257,-1.5755565802203577,-1.659621540700094,-1.3829343954669397,-1.6699512640582483,1.5708465576171875,0.7558975219726562,0
1176,1788171717.7709982,-0.11100925193869149,-0.5221974955086335,0.3229598349535929,1.1661592924852833,2.917100243070196,0.0002399163934047424,-1.574393097554342,-1.6594894568072718,-1.383066479359762,-1.6699631849872034,1.5708825588226318,0.7570135593414307,0
1177,1788171717.81408,-0.11131259899888526,-0.5220905391259288,0.32294362216151384,1.1656695148568943,2.9172981290417517,0.00019670667307876769,-1.5749691168414515,-1.6593692938434046,-1.3832457701312464,-1.6698792616473597,1.5708705186843872,0.7561012506484985,0
1178,1788171717.857692,-0.11137805321278627,-0.5220765768764014,0.3229953739319352,1.1656687319688992,2.9172442156378406,-5.4721002527879605e-05,-1.5750892798053187,-1.6592853705035608,-1.3832457701312464,-1.6697958151446741,1.5708585977554321,0.7559933662414551,0
1179,1788171717.899154,-0.11136548924116657,-0.5220519047907501,0.32300883940655445,1.1656023185057498,2.9172803652757797,-1.918875886926984e-05,-1.5750654379474085,-1.6592372099505823,-1.3832581678973597,-1.6698558966266077,1.5708585977554321,0.7559694051742554,0
