frame_index,timestamp,tcp_x,tcp_y,tcp_z,tcp_rx,tcp_ry,tcp_rz,joint_0,joint_1,joint_2,joint_3,joint_4,joint_5,suction_on
0,1788171348.8394608,-0.10912393721409684,-0.4868917796672062,0.2858282327615512,-1.2021725163352386,2.902378848328809,9.607392411368743e-05,-1.5707719961749476,-1.570820156727926,-1.5708287397967737,-1.5708320776568812,1.5708585977554321,-0.7853549162494105,0
1,1788171348.878517,-0.10912031591241762,-0.48688974457653567,0.28583984068311374,-1.2022413299609553,2.902396222094619,8.31146946355947e-05,-1.5707476774798792,-1.570796314870016,-1.5708287397967737,-1.5708320776568812,1.5708225965499878,-0.7853668371783655,0
2,1788171348.9169006,-0.10911451236885429,-0.4868804420892086,0.2858471685851769,-1.2022898060125302,2.902366462764397,0.00011702176279731075,-1.5707357565509241,-1.5707839171039026,-1.5708168188678187,-1.5708797613727015,1.5708225965499878,-0.7853906790362757,0
3,1788171348.9550712,-0.10911484562442515,-0.4868892583829337,0.28583286355924453,-1.2022465939813802,2.9023600067067727,0.00010400304285226086,-1.5707476774798792,-1.570808235798971,-1.5708287397967737,-1.5708444754229944,1.5708465576171875,-0.7853787581073206,0
4,1788171348.9956424,-0.10911813318768059,-0.4868880145110096,0.2858375848208409,-1.2022244145813894,2.902357351007732,9.607305746965345e-05,-1.5707600752459925,-1.570808235798971,-1.5708168188678187,-1.5708559195147913,1.5708585977554321,-0.7853787581073206,0
5,1788171349.0360875,-0.10911179033282532,-0.48688849795337175,0.28585050789290956,-1.2022388608885324,2.9023902621055124,5.8650583757131415e-05,-1.5707357565509241,-1.5707839171039026,-1.5708168188678187,-1.5708444754229944,1.5708345174789429,-0.7853549162494105,0
6,1788171349.0769193,-0.10911484585181862,-0.48688458431790405,0.2858494249930129,-1.2022156274932505,2.9023831052227633,6.802109987467304e-05,-1.5707476774798792,-1.5707839171039026,-1.5708168188678187,-1.5708559195147913,1.5708465576171875,-0.7853549162494105,0
7,1788171349.1184862,-0.10912635195322107,-0.48689655650534786,0.28584322522044336,-1.2022631755051885,2.9024019857809127,3.1213861883162246e-05,-1.5707600752459925,-1.570796314870016,-1.5708287397967737,-1.570796314870016,1.5708225965499878,-0.7853906790362757,0
8,1788171349.1605265,-0.1091181332863674,-0.4868852921470657,0.28582242881837894,-1.2022399673111845,2.902345970056945,0.00011337163821267435,-1.5707600752459925,-1.570808235798971,-1.5708525816546839,-1.5708320776568812,1.5708585977554321,-0.7853906790362757,0
9,1788171349.2008924,-0.1091117897296802,-0.48689845564517825,0.2858246845828082,-1.2022353687123455,2.9023818333215754,9.325036965991893e-05,-1.5707357565509241,-1.570820156727926,-1.5708406607257288,-1.570808235798971,1.5708345174789429,-0.7853549162494105,0
10,1788171349.2384343,-0.10910357099078494,-0.4868929032679125,0.285827059776616,-1.2022709725097358,2.902321009039964,0.00010690003351950833,-1.5707357565509241,-1.570820156727926,-1.5708287397967737,-1.5708444754229944,1.5708705186843872,-0.7853906790362757,0
11,1788171349.2814379,-0.10910323704369071,-0.48689469055942786,0.28584338873237775,-1.202283009210694,2.902350058385406,8.601286309585061e-05,-1.570723835621969,-1.570808235798971,-1.5708048979388636,-1.5708559195147913,1.5708465576171875,-0.7853787581073206,0
12,1788171349.32432,-0.10912363110947447,-0.4868771272898895,0.2858190445889047,-1.2022086454252243,2.9023682103193225,0.00017974642608875187,-1.5707600752459925,-1.570808235798971,-1.5708525816546839,-1.5708678404437464,1.5708345174789429,-0.7853668371783655,0
13,1788171349.366809,-0.10912910101670939,-0.48688828304923243,0.2858444714866407,-1.202262124913563,2.9023994497895163,9.10426163042127e-05,-1.5707600752459925,-1.570796314870016,-1.5708168188678187,-1.5708444754229944,1.5708105564117432,-0.7853906790362757,0
14,1788171349.4067392,-0.10898064737639404,-0.4869243796320327,0.28583286346871073,-1.2023510877333152,2.9023167371567675,0.00010403382431770905,-1.5704720656024378,-1.570820156727926,-1.5708168188678187,-1.5708444754229944,1.5708465576171875,-0.7851751486407679,0
15,1788171349.4452083,-0.10855128125122328,-0.48692000951374115,0.2857876548931576,-1.2024760392169422,2.9022269607276225,0.0003860262437349283,-1.569573227559225,-1.5706761519061487,-1.5710328261004847,-1.5709517637835901,1.5708105564117432,-0.7843716780291956,0
16,1788171349.4831684,-0.10732010661232431,-0.4869808273952771,0.2858339266470793,-1.2024430423339458,2.9022960336568837,9.362349505270164e-05,-1.5670550505267542,-1.5700767675982874,-1.5715602079974573,-1.5708320776568812,1.5708345174789429,-0.7818172613727015,0
17,1788171349.5233607,-0.10572802245098678,-0.48692392227224174,0.2858256265766269,-1.2024027440434102,2.902298568651108,0.00014531451376078097,-1.5637810865985315,-1.5691412130938929,-1.5725072065936487,-1.5708559195147913,1.5708345174789429,-0.7785189787494105,0
18,1788171349.5634005,-0.10415531648574121,-0.4868660110543257,0.28578420767817736,-1.2023650794523553,2.902256593751014,0.0002531921903968396,-1.5605552832232874,-1.5682533423053187,-1.5734785238849085,-1.5708559195147913,1.5708585977554321,-0.7752812544452112,0
19,1788171349.6039643,-0.10259799244137069,-0.4868123599042438,0.28580648984824847,-1.202278731539832,2.9023436484397074,0.00012032557843749915,-1.5573414007769983,-1.5672934691058558,-1.5744016806231897,-1.570796314870016,1.5708465576171875,-0.7719953695880335,0
20,1788171349.644372,-0.10097531950093204,-0.4867831451585274,0.2858531231630814,-1.20243443592096,2.9022791745028926,1.916002283006361e-05,-1.5540078322040003,-1.5663941542254847,-1.5751927534686487,-1.5708444754229944,1.5708705186843872,-0.7687690893756312,0
21,1788171349.6838694,-0.09940121139487808,-0.48678974558933785,0.28589952823754683,1.2023401618415541,-2.9023979882442474,0.00010515659285111242,-1.5507338682757776,-1.5655787626849573,-1.575911823903219,-1.5708320776568812,1.5708105564117432,-0.7654107252704065,0
22,1788171349.7241213,-0.09777182851272657,-0.4867803567911681,0.2859016507791524,-1.2022814595660472,2.9024050173107314,-0.00010956036833753147,-1.5473883787738245,-1.564786736165182,-1.576690975819723,-1.5708559195147913,1.5708465576171875,-0.76202899614443,0
23,1788171349.7635684,-0.09619790597268403,-0.4867697783292593,0.2859066504223384,-1.2020583523125692,2.9025064087454093,-0.00014438984768182277,-1.544138256703512,-1.5640071074115198,-1.5774582068072718,-1.5708444754229944,1.5708465576171875,-0.7586229483233851,0
24,1788171349.8037736,-0.09452295936804134,-0.48678985688538995,0.2858613031765623,-1.2023060245034356,2.902368422185903,-6.34612108900392e-05,-1.540685002003805,-1.5633114019977015,-1.578249756489889,-1.570808235798971,1.5708585977554321,-0.7553489843951624,0
25,1788171349.8452196,-0.0929741233743356,-0.48676337035084005,0.2858491979699935,-1.2023499534822484,2.9023766152079538,4.887934083594072e-05,-1.5374591986285608,-1.5625675360309046,-1.5790041128741663,-1.5708559195147913,1.5708105564117432,-0.7521470228778284,0
26,1788171349.883795,-0.09138020322795357,-0.48676577053004977,0.28581773226048146,-1.2024452015432472,2.9022660285708692,0.00011045009770522001,-1.5341857115374964,-1.5618956724749964,-1.57973558107485,-1.5708559195147913,1.5708585977554321,-0.7489565054522913,0
27,1788171349.9226437,-0.08983429961684103,-0.4867742530925382,0.28583821564351186,-1.2023520436224822,2.9023836168044994,7.319614415172598e-05,-1.530959431325094,-1.5612004438983362,-1.5803831259356897,-1.5708559195147913,1.570798635482788,-0.7456467787372034,0
28,1788171349.9605541,-0.08823695766522845,-0.4867456764493397,0.28570622094034037,-1.2021942663526644,2.902398080158013,0.00016666663253550888,-1.5276616255389612,-1.5604808966266077,-1.581414047871725,-1.5706165472613733,1.5708225965499878,-0.7422526518451136,0
29,1788171349.9982264,-0.08692871798568191,-0.48674823021799585,0.28544436170831333,-1.202192872528327,2.902345798439793,0.00015896326938463098,-1.5249751249896448,-1.5599406401263636,-1.5826128164874476,-1.56996995607485,1.5708705186843872,-0.7395780722247522,0
30,1788171350.0372345,-0.08533438844561415,-0.48673959134768857,0.28437901236010577,-1.202317028509374,2.90235193868707,9.539495068098856e-05,-1.52165395418276,-1.559221092854635,-1.586053196583883,-1.567192856465475,1.5708345174789429,-0.736328426991598,0
31,1788171350.0768652,-0.08369674220699733,-0.48673793543298344,0.2825499075800432,-1.2024798838352744,2.902302765103006,0.00013440749704027004,-1.5182479063617151,-1.5585735479937952,-1.591351334248678,-1.5625599066363733,1.5708105564117432,-0.7330301443683069,0
32,1788171350.1184564,-0.08210198549689318,-0.48666495305325636,0.2798810716469403,-1.2025646391651992,2.90216687062334,0.0004959492833944782,-1.5149381796466272,-1.5579612890826624,-1.5986998716937464,-1.5560715834247034,1.5708225965499878,-0.7298033873187464,0
33,1788171350.1588793,-0.08047144679395456,-0.48673007860774603,0.27671970503021803,-1.2025956101283897,2.9021907415170203,0.00017527078711051383,-1.5115802923785608,-1.5575059095965784,-1.6072590986834925,-1.5477636496173304,1.5708585977554321,-0.7264578978167933,0
34,1788171350.2051773,-0.07886079331860771,-0.4868389299205114,0.27360070650333523,1.2025228419559306,-2.9022616063424436,0.0005499453024882523,-1.5082462469684046,-1.5570738951312464,-1.615758244191305,-1.539203945790426,1.5708465576171875,-0.7230637709247034,0
35,1788171350.2468495,-0.07692551861583562,-0.4867930811355657,0.2696420121870529,-1.2022468013201173,2.902385940341331,-3.706771886732634e-05,-1.5042288939105433,-1.5567505995379847,-1.6260913054095667,-1.5295432249652308,1.5708585977554321,-0.718853775654928,0
36,1788171350.2858973,-0.07536128305522369,-0.4868214576094886,0.26636036105510663,-1.2023153361315397,2.9023087245089134,0.00023415947245435556,-1.500979248677389,-1.5566781202899378,-1.6344946066485804,-1.5213902632342737,1.5708465576171875,-0.7156632582293909,0
37,1788171350.3283753,-0.07376954852319044,-0.4869463787705447,0.2632356716383492,-1.2023176852183213,2.902410270601647,-9.265931946119487e-05,-1.497680966054098,-1.556666676198141,-1.6425383726703089,-1.5131304899798792,1.5708225965499878,-0.712341610585348,0
38,1788171350.3704488,-0.0718537878330379,-0.48705267171908706,0.2594119534546425,-1.2024346087212103,2.9023519528369968,-0.00035325033357068577,-1.4937475363360804,-1.5567262808429163,-1.6522844473468226,-1.5031698385821741,1.5708825588226318,-0.7084911505328577,0
39,1788171350.409458,-0.07024241987532612,-0.48709257809585754,0.25620238759118,-1.2024293566186777,2.9022903931733905,-8.783796620942492e-06,-1.490401569996969,-1.556917969380514,-1.6602442900287073,-1.4952448050128382,1.5708705186843872,-0.7051571051227015,0
40,1788171350.448269,-0.06869752316774569,-0.4872001513401213,0.2529777411765505,-1.2023189645078363,2.9023213934655487,0.0001821394881278627,-1.487199608479635,-1.5573142210589808,-1.6680720488177698,-1.4871404806720179,1.5708465576171875,-0.7018826643573206,0
41,1788171350.4879081,-0.06708064717995289,-0.4874365765307747,0.2498752603317369,1.2021326921452165,-2.9024157553305137,0.0005666607865560856,-1.483877960835592,-1.5577219168292444,-1.675732437764303,-1.4785683790790003,1.5708345174789429,-0.6984284559832972,0
42,1788171350.527972,-0.06544462712191679,-0.487517412713489,0.24676507564566513,-1.2022941368692155,2.9023612626653446,0.00011292596295248787,-1.4804957548724573,-1.5583213011371058,-1.6829970518695276,-1.4711578528033655,1.5708345174789429,-0.6951544920550745,0
43,1788171350.5711505,-0.06383389025164227,-0.487607042738512,0.24465387093529878,1.202400589537982,-2.902375530951134,0.00031103682708697556,-1.4771741072284144,-1.5583937803851526,-1.6884039084063929,-1.4653995672809046,1.5708465576171875,-0.6918919722186487,0
44,1788171350.6146107,-0.06224112161728033,-0.48765199603670145,0.2431411445756284,1.2024678531701982,-2.9023421925194537,0.00034045357368625286,-1.4738758246051233,-1.5583813826190394,-1.6922996679889124,-1.461496655141012,1.5708465576171875,-0.688641373311178,0
45,1788171350.6563993,-0.060358273125594525,-0.48765287384645223,0.24244096507576565,-1.2025066962562365,2.9023400760899323,-0.00014678630258227612,-1.469954792653219,-1.5580576101886194,-1.6943853537188929,-1.4598563353167933,1.5708225965499878,-0.6847437063800257,0
46,1788171350.6976767,-0.05875980050402934,-0.4876676419633804,0.24251492987375667,1.202366825701755,-2.902348839877014,0.0003223478532665026,-1.4666326681720179,-1.5575421492206019,-1.694732968007223,-1.4599040190326136,1.5708105564117432,-0.6813371817218226,0
47,1788171350.7383344,-0.05717440712001498,-0.4876185559964582,0.24246824293473992,-1.202044953373311,2.9025073323756168,-0.0001580964548542298,-1.463346306477682,-1.5570500532733362,-1.6953085104571741,-1.459940258656637,1.5708465576171875,-0.6778228918658655,0
48,1788171350.7786968,-0.055555637740952554,-0.4875573641063786,0.24244306330260068,1.2021568823853013,-2.9024839740622554,8.900847725194533e-05,-1.4599526564227503,-1.5564740339862269,-1.6959317366229456,-1.459928337727682,1.5708105564117432,-0.6745007673846644,0
49,1788171350.818271,-0.05394516405331248,-0.487481670936233,0.24241939027500453,-1.2022832630449733,2.902393715153454,-8.583957748407624e-05,-1.4566062132464808,-1.5558746496783655,-1.6965792814837855,-1.4598925749408167,1.5708465576171875,-0.6712506453143519,0
50,1788171350.8590763,-0.052320752919965255,-0.4874040224541396,0.24240912776891685,-1.2025268185630513,2.9022966792982423,3.198196703762846e-05,-1.453200642262594,-1.5552986303912562,-1.6971548239337366,-1.4599641005145472,1.5708225965499878,-0.6680119673358362,0
51,1788171350.9012854,-0.05072923493791547,-0.48732042646684376,0.24242354159270268,-1.2025002527755269,2.9023343126322083,-3.563753629127493e-05,-1.4498665968524378,-1.5546630064593714,-1.697754208241598,-1.459952179585592,1.5708105564117432,-0.6646531263934534,0
52,1788171350.942477,-0.04909162868487372,-0.4872421320192486,0.24243442602688703,-1.2024271005722036,2.902355391523332,-5.866201516167634e-05,-1.4464486281024378,-1.55406362215151,-1.698317829762594,-1.4599760214435022,1.5708225965499878,-0.6611869970904749,0
53,1788171350.9803514,-0.04750827685359437,-0.4871716282334206,0.24247802507818972,-1.2021855228915324,2.9024611135025387,-0.00023324225022767646,-1.4431503454791468,-1.5534518400775355,-1.6988328138934534,-1.4599641005145472,1.5708465576171875,-0.6577208677874964,0
54,1788171351.019226,-0.045903877905026674,-0.4870841786831668,0.2424728527402263,-1.2022228398802095,2.9024533518441586,-0.000132279659749947,-1.439780060444967,-1.5529001394854944,-1.6993725935565394,-1.4600361029254358,1.5708225965499878,-0.6543744246112269,0
55,1788171351.0598931,-0.044327901331831995,-0.4869862899244182,0.24250026578271247,-1.2022558688263252,2.9024371799587243,-0.00019352311225104813,-1.4364822546588343,-1.5522878805743616,-1.6999114195453089,-1.4600723425494593,1.5708345174789429,-0.651099983845846,0
56,1788171351.101286,-0.04276958576235516,-0.48692946506375806,0.24250879749472368,-1.2022539739221056,2.9024345560548697,-0.00025189224624400677,-1.4332321325885218,-1.5517962614642542,-1.7003796736346644,-1.4600604216205042,1.5708465576171875,-0.6478493849383753,0
57,1788171351.1436973,-0.04112298351614554,-0.48686696620916553,0.24253626721143,-1.2024739307192753,2.9023275016628496,-0.00031634320536892766,-1.4298022429095667,-1.5512808004962366,-1.700822655354635,-1.4600966612445276,1.5708705186843872,-0.6445749441729944,0
58,1788171351.1829064,-0.03954647194904328,-0.48671494142935684,0.242482643042673,-1.20240964668021,2.902371968391035,-0.00011619876878065249,-1.4264562765704554,-1.5506685415851038,-1.7015302816974085,-1.4601205031024378,1.5708225965499878,-0.6411803404437464,0
59,1788171351.2237184,-0.03794290307299648,-0.4865581256399478,0.24247209253001042,-1.20220061227116,2.9024584080486213,-0.00011687951896508594,-1.4230740706073206,-1.5499847571002405,-1.7022259871112269,-1.4601081053363245,1.5708225965499878,-0.6376541296588343,0
60,1788171351.2645867,-0.03603850624806235,-0.48633687438177176,0.24240525402238616,-1.2020951512848492,2.90245238043692,0.0001748532553375364,-1.419044319783346,-1.5492170492755335,-1.7031009832965296,-1.4601920286761683,1.5708225965499878,-0.6335638205157679,0
61,1788171351.3065042,-0.034424333675618195,-0.48613177658910506,0.24240398658533782,-1.2021522196123844,2.9023944380779962,0.00014290662555445333,-1.415638271962301,-1.5484378973590296,-1.7038677374469202,-1.4601920286761683,1.5708585977554321,-0.6302054564105433,0
62,1788171351.3460953,-0.03282771951007918,-0.48592673461755254,0.2424394919794677,-1.2022313984558681,2.9023898619001747,5.522366635963034e-05,-1.412243668233053,-1.5476339499102991,-1.7045753637896937,-1.4602277914630335,1.5708465576171875,-0.6268585363971155,0
63,1788171351.3869412,-0.031223733552463932,-0.4857218108161446,0.24247447377362763,-1.2024499009964256,2.9023262737776765,-0.00010997697915081246,-1.408837620412008,-1.5468185583697718,-1.705306355153219,-1.4602039496051233,1.5708465576171875,-0.623596493397848,0
64,1788171351.4304674,-0.029623300455695962,-0.4855886289737282,0.24253879285221616,-1.2023349526138156,2.902399087244421,-0.0003534032444093126,-1.4054678122149866,-1.5461586157428187,-1.7058218161212366,-1.4601920286761683,1.5708585977554321,-0.6201413313495081,0
65,1788171351.471668,-0.02805889137867273,-0.48556327415872375,0.24254605704017193,1.2020471872827045,-2.902491196140073,0.000354828310064305,-1.4021814505206507,-1.5458586851703089,-1.7060979048358362,-1.4602039496051233,1.5708105564117432,-0.6166632811175745,0
66,1788171351.5113974,-0.026453422949781535,-0.4855118584964183,0.24248189798377826,-1.201851746652867,2.902563469608456,-0.00013254891146404133,-1.3988474051104944,-1.545619312916891,-1.7064574400531214,-1.4602397123919886,1.5708585977554321,-0.6131966749774378,0
67,1788171351.5534909,-0.0245399226321399,-0.4854683265559124,0.2424594131380012,-1.2020377895766825,2.9024724241475033,-4.229786337552477e-05,-1.394853417073385,-1.5453069845782679,-1.7068045775042933,-1.4602635542498987,1.5708585977554321,-0.6093342939959925,0
68,1788171351.5966077,-0.022895876003846072,-0.4854306423263955,0.2424393339158737,-1.2023008003604163,2.9023695187503598,9.558303500517782e-05,-1.3914111296283167,-1.5450671354876917,-1.7070687452899378,-1.4603236357318323,1.5708345174789429,-0.6060717741595667,0
69,1788171351.637687,-0.02132141437432531,-0.48542211729887913,0.24242735205824203,-1.2023558903086773,2.9023576772379847,2.25965923794834e-05,-1.388137165700094,-1.5448516050921839,-1.707320515309469,-1.4602397123919886,1.5708345174789429,-0.6028330961810511,0
70,1788171351.6787508,-0.019684819188947135,-0.4853716627254257,0.24242226649538726,-1.2022834919501706,2.9023825329164583,5.8744477559517964e-05,-1.384719196950094,-1.5445755163775843,-1.7075961271869105,-1.4602635542498987,1.5708345174789429,-0.5993664900409144,0
71,1788171351.718833,-0.018086269188370793,-0.48537540870166146,0.24243713436838438,-1.2021418173696847,2.9024339034233506,1.7760573129394942e-05,-1.3814085165606897,-1.5444191137896937,-1.7077158133136194,-1.460275952016012,1.5708465576171875,-0.5959599653827112,0
72,1788171351.7598882,-0.016471038467930178,-0.48540097065752774,0.24242355471681756,-1.2021338956421879,2.9024676257842734,8.506520254157489e-05,-1.3780506292926233,-1.5443595091449183,-1.7077997366534632,-1.460287872944967,1.5708105564117432,-0.5925892035113733,0
73,1788171351.7973218,-0.014901875263927737,-0.4853626894001472,0.24234977279888165,-1.2021418039303788,2.9024847607913005,3.37616705561211e-05,-1.3747757116900843,-1.5441435019122522,-1.7082074324237269,-1.4600604216205042,1.570798635482788,-0.5893147627459925,0
74,1788171351.8359196,-0.01335809286489492,-0.4852156362877249,0.24189482305972235,-1.2020738583132435,2.9023246957804054,0.0010358395066944256,-1.371537987385885,-1.5441435019122522,-1.7092145125018519,-1.4597128073321741,1.5708465576171875,-0.5860760847674769,0
75,1788171351.8752654,-0.011757279756215776,-0.4851864780160408,0.24153558435641867,-1.2023075809701256,2.9022508690533,0.0011798402713716534,-1.3681915442096155,-1.544107739125387,-1.7101500670062464,-1.4588988463031214,1.5708105564117432,-0.5828850905047815,0
76,1788171351.9145522,-0.010117763410625168,-0.48521495569074047,0.24111564165654176,-1.2024101759252195,2.902251938013234,0.0008679043199052145,-1.3648088614093226,-1.544095818196432,-1.7112882773028772,-1.4575699011432093,1.5708105564117432,-0.5795624891864222,0
77,1788171351.9538622,-0.00849180794517443,-0.4852712395287666,0.2404958523408607,-1.2022742232611001,2.902367993852418,0.0003142429202130204,-1.3614748159991663,-1.5441435019122522,-1.712919060383932,-1.4555347601519983,1.5708225965499878,-0.5761202017413538,0
78,1788171351.9909327,-0.006902210616394019,-0.4852586452643504,0.23951131931489228,-1.201971194183349,2.902524997305605,0.00017501158452231787,-1.3581765333758753,-1.5442755858050745,-1.7153404394732874,-1.4528887907611292,1.5708105564117432,-0.5726054350482386,0
79,1788171352.0300171,-0.0055898630551345935,-0.4853158942089244,0.23818196358981786,-1.201968594538756,2.902522631743747,-7.687482016894104e-06,-1.355501953755514,-1.5446956793414515,-1.7183736006366175,-1.4493215719806116,1.5708345174789429,-0.5699299017535608,0
80,1788171352.0691042,-0.00399704078002429,-0.4853220610300961,0.2359628183434594,-1.201253950267186,2.9028172035573157,2.851103926821281e-06,-1.352215592061178,-1.545330826436178,-1.7234562079059046,-1.4436104933368128,1.5708345174789429,-0.5661514441119593,0
81,1788171352.1113944,-0.002383082424911174,-0.4853007985941874,0.23329765899352115,-1.199893852430699,2.9033737332346687,-5.84332222015776e-05,-1.3488810698138636,-1.5460627714740198,-1.7296064535724085,-1.436690632496969,1.5708465576171875,-0.5618813673602503,0
82,1788171352.1505787,-0.0004838822934477639,-0.4852883235196043,0.22953877007400195,-1.1969190281850965,2.90456676348761,0.00024187433887760325,-1.3449590841876429,-1.5473583380328577,-1.737973992024557,-1.4272211233722132,1.5708465576171875,-0.5559189955340784,0
83,1788171352.1886108,0.0008268375093091064,-0.48535631321142736,0.22705070251137738,-1.1945511968825768,2.905547912903316,-0.00016230124466541098,-1.3423083464251917,-1.5482695738421839,-1.7435601393329065,-1.4204686323748987,1.5708825588226318,-0.5516365210162562,0
84,1788171352.226653,0.0023328526099485334,-0.4853179423718098,0.22384372582205825,-1.1913371485348307,2.9068976822389625,3.64107997411115e-05,-1.339165989552633,-1.5494216124164026,-1.7506807486163538,-1.4123161474811,1.5708345174789429,-0.5462749640094202,0
85,1788171352.2671647,0.00395308687390604,-0.48529138402933525,0.22060336166696065,-1.1882802106885253,2.908135086833164,0.0001655079189773623,-1.3358195463763636,-1.5506804625140589,-1.7578018347369593,-1.4040191809283655,1.5708345174789429,-0.5408290068255823,0
86,1788171352.3086476,0.005371420024406596,-0.48527003218577724,0.21743101035288306,-1.1846074137669091,2.9096097025226273,0.00014248214052218076,-1.3329046408282679,-1.5519526640521448,-1.7647669951068323,-1.3957703749286097,1.5708585977554321,-0.5353944937335413,0
87,1788171352.347625,0.0064301745598726485,-0.48530324229442173,0.21428664120640237,-1.1806871868922169,2.9112273904088957,-9.944032859032036e-05,-1.3307459990130823,-1.5533316771136683,-1.7716005484210413,-1.3874018828021448,1.5708585977554321,-0.5305359999286097,0
88,1788171352.3859227,0.0068025195562909395,-0.48532088915240956,0.21098280616612608,-1.1768765793976275,2.912758710537446,1.267565211410034e-05,-1.3299902121173304,-1.5549033323871058,-1.7786133925067347,-1.3788893858539026,1.5708585977554321,-0.52716571489443,0
89,1788171352.4255924,0.006761536059445417,-0.485272546607012,0.20774026313598282,-1.1731471196813854,2.914242864435397,0.0004830464899305765,-1.3300383726703089,-1.5564501921283167,-1.7854469458209437,-1.370807949696676,1.5708345174789429,-0.524658505116598,0
90,1788171352.4636114,0.006743050965476516,-0.4852208968151759,0.2045145829692105,-1.1696768137277767,2.9156124902517493,0.0007434894255577164,-1.330050293599264,-1.5579856077777308,-1.7922919432269495,-1.3625949064837855,1.5708345174789429,-0.5222953001605433,0
91,1788171352.5052533,0.006757698863207522,-0.4853156208361066,0.2014172440341285,-1.1658365418445862,2.9172247631109145,0.00011140241554173512,-1.330062214528219,-1.5595925490008753,-1.7988856474505823,-1.3539860884295862,1.5708225965499878,-0.519656006489889,0
92,1788171352.5445502,0.006752766010642784,-0.4852489393443162,0.19815686131052476,-1.1618723325213693,2.9187288078550404,0.0006478526440717127,-1.330050293599264,-1.5613325277911585,-1.8055990378009241,-1.3458808104144495,1.5708465576171875,-0.5169451872455042,0
93,1788171352.5829406,0.006759387821032503,-0.48525226868104926,0.1949754065529971,-1.157938620935151,2.9203132717512856,0.00042548670824616407,-1.3300383726703089,-1.563023869191305,-1.8122885862933558,-1.3373568693744105,1.5708465576171875,-0.514233414326803,0
94,1788171352.620781,0.006742496629246955,-0.48515914009356886,0.192409797673298,-1.15471860906708,2.921598707015358,0.0005925138581002925,-1.3300145308123987,-1.5643065611468714,-1.8177192846881312,-1.330747429524557,1.5708225965499878,-0.5120022932635706,0
95,1788171352.6625152,0.006766975859845035,-0.4848787523196356,0.18923182479187659,-1.1506207344708628,2.9232244914347034,0.0002157969606811959,-1.329834286366598,-1.5653865973102015,-1.8250563780414026,-1.3220914045916956,1.5708465576171875,-0.5090153853045862,0
96,1788171352.7024906,0.007066529900600835,-0.4837295307200423,0.18550831344524898,-1.1459739151035055,2.9250528017062276,-0.000105898996986191,-1.3286469618426722,-1.564798657094137,-1.8354981581317347,-1.3120339552508753,1.5708705186843872,-0.5046489874469202,0
97,1788171352.7438328,0.00730146420805155,-0.4826553251362442,0.18284093904869272,-1.1430138546144417,2.926227939678239,0.0005751183608277458,-1.3275793234454554,-1.5640910307513636,-1.8431347052203577,-1.3055327574359339,1.570798635482788,-0.5015538374530237,0
98,1788171352.7866719,0.007921495235020322,-0.48077057831682535,0.1792824372909962,-1.1386402323179863,2.927878656840744,0.00031604285298706113,-1.3253606001483362,-1.5618117491351526,-1.854847256337301,-1.2959421316729944,1.5708705186843872,-0.4963591734515589,0
99,1788171352.8299887,0.008420983953870923,-0.47919266548270034,0.17714425457262045,-1.1349959976728683,2.9293217649979457,0.00029362205963963996,-1.3234894911395472,-1.559437100087301,-1.8628676573382776,-1.290278736745016,1.5708465576171875,-0.4919927755938929,0
100,1788171352.8699853,0.008873797335131568,-0.47758006163134015,0.17584986351598222,-1.1316728443801098,2.9306068451751983,0.0001466912032580577,-1.32170278230776,-1.556390110646383,-1.8693297545062464,-1.2867706457721155,1.5708585977554321,-0.4879377524005335,0
101,1788171352.9112272,0.009316965376681405,-0.4759613000686302,0.17523553252105772,-1.1291281465445357,2.931602028876033,0.00030241910837372444,-1.3199031988727015,-1.5529478232013147,-1.8743169943438929,-1.2853224913226526,1.5708345174789429,-0.4843986670123499,0
102,1788171352.9528487,0.00983852845365891,-0.47440347264740196,0.17521756948850076,-1.1274190592211204,2.932301537446048,-0.00022492269540019214,-1.3179720083819788,-1.549037281666891,-1.878272835408346,-1.2849391142474573,1.5708345174789429,-0.48129207292665654,0
103,1788171352.9965148,0.010435622276239932,-0.4724806224405558,0.1751569783570311,-1.1267817810048448,2.9325391519293134,-0.00013402513723417174,-1.315669361745016,-1.544455353413717,-1.8828766981707972,-1.2849753538714808,1.5708345174789429,-0.4785564581500452,0
104,1788171353.0361629,0.010932211883470492,-0.47086687590295423,0.17515048895676436,-1.126565901371816,2.9326079696581826,-0.00012111422397440728,-1.3137381712542933,-1.5405572096454065,-1.886665169392721,-1.2850945631610315,1.5708465576171875,-0.4764812628375452,0
105,1788171353.07518,0.011507237894856066,-0.46930440596906675,0.17521139309985706,-1.126615698216754,2.9326310691558177,-0.00034629605492828046,-1.311638657246725,-1.5366585890399378,-1.8902972380267542,-1.2852142492877405,1.5708225965499878,-0.4744060675250452,0
106,1788171353.1135006,0.012206268978586933,-0.4678191407500838,0.1752247868998032,-1.1261344434613307,2.93280278166738,-0.0003504834091328741,-1.309324089680807,-1.533060375844137,-1.8937142531024378,-1.285394016896383,1.5708345174789429,-0.4717662970172327,0
107,1788171353.1541212,0.013601283865420543,-0.4666688206941387,0.17515501740255604,-1.1260847294107426,2.9327798826696267,-0.0001314275722577397,-1.305713955556051,-1.5304577986346644,-1.8963516394244593,-1.285501782094137,1.5708585977554321,-0.4681318441974085,0
108,1788171353.1955662,0.015095878661964926,-0.46558839184221634,0.17510264006919005,-1.1262147944538938,2.9327007403195204,0.00010858089063888294,-1.3019116560565394,-1.528034512196676,-1.8987615744220179,-1.2856696287738245,1.5708705186843872,-0.4644249121295374,0
109,1788171353.23656,0.016565955697779883,-0.46453476469640853,0.17513840826869817,-1.126559990557902,2.9326051192254527,-6.041449972474173e-05,-1.2981451193438929,-1.5254915396319788,-1.9011109511004847,-1.2857525984393519,1.5708465576171875,-0.4608853499041956,0
110,1788171353.2785592,0.017995155707744036,-0.4634791665974839,0.17508839903738438,-1.1266780113311727,2.9325468414379054,0.00014647827868736763,-1.2944629828082483,-1.5231288115130823,-1.9034493605243128,-1.2859090010272425,1.5708465576171875,-0.4572866598712366,0
111,1788171353.3224838,0.019784414452958764,-0.462214387650869,0.17512920952206198,-1.126873080610432,2.9324802386661664,1.257339339672559e-05,-1.2898691336261194,-1.520130459462301,-1.9061945120440882,-1.2860763708697718,1.5708465576171875,-0.4528239409076136,0
112,1788171353.3657649,0.021237788616326105,-0.4611536466179407,0.17511388846481665,-1.1264847522761214,2.9326264940446487,6.588648136376391e-05,-1.2861021200763147,-1.5177071730243128,-1.9085081259356897,-1.286219898854391,1.5708465576171875,-0.44879275957216436,0
113,1788171353.4084706,0.022957470226320466,-0.45992967334870244,0.1751423730244402,-1.1262435966101678,2.932740207133558,-8.385672877764632e-05,-1.2816408316241663,-1.5148289839373987,-1.9111579100238245,-1.286351505910055,1.5708345174789429,-0.4441621939288538,0
114,1788171353.44838,0.02444303754806367,-0.4589846665413434,0.1751538668397196,-1.1264203382847822,2.932676027043398,-0.00016134085879959884,-1.2778499762164515,-1.5126574675189417,-1.9131715933429163,-1.286459747944967,1.5708345174789429,-0.44049102464784795,0
115,1788171353.4914286,0.025909088954416713,-0.4580494873913391,0.17512116440868,-1.126768123562511,2.932534938038239,-1.3225760857902696e-05,-1.2740958372699183,-1.5106185118304651,-1.9151375929461878,-1.2866271177874964,1.5708345174789429,-0.4369757811175745,0
116,1788171353.5347428,0.02741740056897066,-0.457294271121858,0.17516210313574693,-1.1265702947148046,2.9326006113639296,-7.10535723916911e-05,-1.2703655401812952,-1.5089276472674769,-1.91661245027651,-1.286806885396139,1.5708465576171875,-0.433112923298971,0
117,1788171353.5759413,0.029095747983029666,-0.45709266228562123,0.1751548400403205,-1.1264423039865843,2.9326392105480608,-0.0001302625775152217,-1.2666352430926722,-1.5086749235736292,-1.9168761412249964,-1.2867587248431605,1.5708585977554321,-0.4292977491961878,0
118,1788171353.61614,0.030656154767282087,-0.45696682461727256,0.17517456660950742,-1.126160718293087,2.9327500203566528,-0.00020396691767185225,-1.2632048765765589,-1.5085795561419886,-1.916924301777975,-1.2867587248431605,1.5708585977554321,-0.42567474046816045,0
119,1788171353.6583686,0.03239365952073286,-0.45680396229363934,0.17512820565207823,-1.126477102570822,2.9326316431711663,4.194944118616891e-05,-1.2593663374530237,-1.5085795561419886,-1.9170082251178187,-1.2868307272540491,1.5708465576171875,-0.4220512549029749,0
120,1788171353.7010329,0.03320108893580361,-0.4567337945304484,0.17513308969917196,-1.1263638992759295,2.9326502553793516,2.063638659912378e-05,-1.2576025168048304,-1.5085433165179651,-1.9170320669757288,-1.2868307272540491,1.5708705186843872,-0.4202159086810511,0
121,1788171353.7441313,0.03391307686341605,-0.45669115750011896,0.1751535533661833,-1.1269929451890748,2.9324517956541936,-0.00010790106599634036,-1.2560318152057093,-1.5085075537311,-1.9170320669757288,-1.2867825667010706,1.5708345174789429,-0.41906434694399053,0
122,1788171353.787749,0.033982578027164,-0.4566794439720917,0.1751479368300144,-1.1270461237981673,2.932379288058075,-9.311939248466834e-05,-1.255899731312887,-1.5085075537311,-1.9170439879046839,-1.2867825667010706,1.5708825588226318,-0.4189804236041468,0
123,1788171353.831034,0.033975452597250586,-0.456684106320658,0.17514707802823526,-1.1270762676383335,2.9324055288684034,-7.073155619813693e-05,-1.255899731312887,-1.508519474660055,-1.9170320669757288,-1.2867949644671839,1.5708465576171875,-0.41899234453310186,0
124,1788171353.8710167,0.033963617652528345,-0.45667376612678884,0.17513807571877768,-1.1270447327596216,2.9324278737016445,5.051191858153092e-06,-1.255911652241842,-1.508519474660055,-1.9170439879046839,-1.2868307272540491,1.5708345174789429,-0.4189804236041468,0
125,1788171353.910278,0.03397943032312297,-0.4566797438250171,0.17512722664871674,-1.1270669364552028,2.932433448254259,-3.212111674250618e-05,-1.2558758894549769,-1.50853139558901,-1.917067829762594,-1.2867706457721155,1.5708225965499878,-0.4189565817462366,0
126,1788171353.949727,0.03404796475022387,-0.45666623806217266,0.17514082993132402,-1.1268553030484338,2.932515409192675,-5.006417456502621e-05,-1.2557199637042444,-1.5084956328021448,-1.917067829762594,-1.2867949644671839,1.5708225965499878,-0.41865617433656865,0
127,1788171353.9911141,0.034866719935219226,-0.456629254507162,0.17513909141271272,-1.1265127141270044,2.9326219922915433,-7.131862767184153e-05,-1.2539566198932093,-1.5085552374469202,-1.9170201460467737,-1.2867706457721155,1.5708465576171875,-0.4166649023639124,0
128,1788171354.0328119,0.03668807594426172,-0.45655462444001255,0.17513157650423403,-1.1264189415127897,2.932643152756866,-1.5023430976828334e-05,-1.250021759663717,-1.508747402821676,-1.9168522993670862,-1.2867825667010706,1.5708585977554321,-0.4126694838153284,0
129,1788171354.0711231,0.03826018303719915,-0.4565283811770372,0.1751781397396445,-1.12606672884278,2.9327810632211953,-0.0001074762601830073,-1.2466514746295374,-1.508939568196432,-1.9165647665606897,-1.286818806325094,1.5708585977554321,-0.40905839601625615,0
130,1788171354.10919,0.03953069002254743,-0.4565211721015137,0.17513248476890472,-1.1258795299473412,2.9328744324441702,4.471532432141229e-05,-1.2439287344561976,-1.5092633406268519,-1.9163606802569788,-1.2867949644671839,1.5708345174789429,-0.40620309511293584,0
131,1788171354.1499584,0.04115764110963214,-0.45650302222101174,0.1751396985648246,-1.1260855740392972,2.9327820975962,6.220309315503815e-05,-1.2404621283160608,-1.5095747152911585,-1.916048828755514,-1.286806885396139,1.5708465576171875,-0.40288001695741826,0
132,1788171354.1888976,0.04278584539367375,-0.45650578499931826,0.17514890388989396,-1.1263748891430154,2.932645449043555,6.27315654803499e-05,-1.2370193640338343,-1.5099471251117151,-1.9156773726092737,-1.286806885396139,1.5708705186843872,-0.39964038530458623,0
133,1788171354.2274985,0.04438426018274985,-0.4565142499263957,0.1751360915697799,-1.126611344482324,2.9325800711513446,8.145924910383811e-05,-1.2336247603045862,-1.5103543440448206,-1.9153292814837855,-1.2867587248431605,1.5708465576171875,-0.3964012304889124,0
134,1788171354.2664115,0.04602462195230815,-0.4564650897046125,0.1751360031858689,-1.1267899661512462,2.9324706923691006,0.00021353051952378063,-1.2301343123065394,-1.5106785933123987,-1.9150059858905237,-1.2868426481830042,1.5708825588226318,-0.3930419127093714,0
135,1788171354.3045287,0.047590394602826706,-0.4564718605606599,0.17513468618075634,-1.126643829895343,2.9325664744072575,0.00017785789597641772,-1.22681171098818,-1.5110743681537073,-1.9146464506732386,-1.2867825667010706,1.5708465576171875,-0.3896105925189417,0
136,1788171354.3456645,0.04920708446807323,-0.4563996028389329,0.1751118926718086,-1.1264315329939003,2.932646712524043,0.0003099500918809275,-1.2233451048480433,-1.511374298726217,-1.9144061247455042,-1.286806885396139,1.5708465576171875,-0.38599950471986944,0
137,1788171354.3855536,0.05077153865769569,-0.45635010227755823,0.17491753642234142,-1.1262196964950386,2.932730219943705,0.00017917892049757947,-1.2200105826007288,-1.5117695967303675,-1.91457444826235,-1.2861598173724573,1.5708465576171875,-0.38252002397646123,0
138,1788171354.4269273,0.05239165165710834,-0.4563202221659758,0.17408563759159865,-1.1263164205047729,2.932666631352962,0.0003175366770470908,-1.2165911833392542,-1.5127776304828089,-1.915821377431051,-1.2839930693255823,1.5708705186843872,-0.3791726271258753,0
139,1788171354.4649923,0.05396532054430981,-0.45626834352002704,0.1728204902297423,-1.1265875953933369,2.932589275569897,0.0002508709804549172,-1.2132328192340296,-1.513977352772848,-1.918074909840719,-1.280496899281637,1.5708465576171875,-0.37599307695497686,0
140,1788171354.5080779,0.055600191924050545,-0.4562806672917869,0.1720014991408323,-1.1266500720744772,2.932542980763679,-0.0004583647697015269,-1.2098262945758265,-1.514864746724264,-1.9195378462420862,-1.2776950041400355,1.5708705186843872,-0.37263423601259404,0
141,1788171354.548945,0.057217366055716715,-0.45625404608738185,0.17195411754253673,-1.1264641300969516,2.932639582149585,-0.0008900534332535241,-1.20640737215151,-1.5151885191546839,-1.9194300810443323,-1.2772038618670862,1.5708465576171875,-0.36908275285829717,0
142,1788171354.5909266,0.05878658400400249,-0.4556717892303809,0.1718866307232705,-1.1261496326816818,2.9327712822341954,-0.0006074071178561453,-1.2026527563678187,-1.5143850485431116,-1.9203169981585901,-1.2773001829730433,1.5708345174789429,-0.36511117616762334,0
143,1788171354.633902,0.060721497511876554,-0.45472120595852294,0.1718366771636118,-1.126451697706707,2.93261558976975,-0.0004202602001299026,-1.1978548208819788,-1.5127776304828089,-1.9219234625445765,-1.2774198690997522,1.5708705186843872,-0.3605282942401331,0
144,1788171354.6772087,0.06233342146038458,-0.4539308631889293,0.1717662447883948,-1.126846291074258,2.932489853769176,-0.00023293512866761173,-1.1938241163836878,-1.511482063923971,-1.9232905546771448,-1.2774675528155726,1.5708465576171875,-0.3567608038531702,0
145,1788171354.7172225,0.06372099874969736,-0.4531400080386062,0.17182700191904482,-1.126858031868669,2.9324702738410906,-0.0004031421468398296,-1.1902735869037073,-1.509923283253805,-1.9246090094195765,-1.2775991598712366,1.5708585977554321,-0.3532217184649866,0
146,1788171354.7590237,0.06477039561034302,-0.45229478158454384,0.17182522422994287,-1.126866191927509,2.9324936177395613,-0.00027316009686082524,-1.1873586813556116,-1.5082557837115687,-1.9261439482318323,-1.2778146902667444,1.5708345174789429,-0.3503063360797327,0
147,1788171354.8016524,0.06537242640324484,-0.45101222913668704,0.17176288224783465,-1.1262828042778512,2.9327106985418787,0.00021338040255736336,-1.185019318257467,-1.5055206457721155,-1.9287694136248987,-1.278233830128805,1.5708465576171875,-0.3475707213031214,0
148,1788171354.8423688,0.06603483323215165,-0.4496612650330407,0.17179240314407773,-1.1261232570463913,2.932773688477179,0.00030493101292888413,-1.182476822529928,-1.5024502913104456,-1.9315145651446741,-1.2786172072040003,1.5708465576171875,-0.3449190298663538,0
149,1788171354.8835838,0.06689522678135425,-0.4480916310863614,0.17179882926973153,-1.1263227896025367,2.932712451762419,0.00041475625992339526,-1.1793091932879847,-1.4989360014544886,-1.9347155729876917,-1.2790005842791956,1.5708345174789429,-0.3418839613543909,0
150,1788171354.9259517,0.06797035970203985,-0.4466016023389713,0.1717426759233901,-1.1264979268916673,2.9326482818976247,0.000524988221986407,-1.1757467428790491,-1.4957459608661097,-1.937772576008932,-1.2792037169085901,1.5708345174789429,-0.33844024339784795,0
151,1788171354.9688487,0.06896911381335487,-0.4450854371580147,0.17176401818027975,-1.1266989103732277,2.9325427810051705,0.0003533975015043312,-1.1723158995257776,-1.4923270384417933,-1.9408658186541956,-1.279419247304098,1.5708585977554321,-0.3351529280291956,0
152,1788171355.0105565,0.0698136023468166,-0.4432281234515303,0.17181702479032782,-1.1267668150118404,2.932510655399051,6.625226387614885e-05,-1.168873135243551,-1.4879487196551722,-1.9447501341449183,-1.2797301451312464,1.5708585977554321,-0.33175784746278936,0
153,1788171355.053335,0.06980962674036628,-0.44161057416541855,0.1717588627505408,-1.1267053092661656,2.932565685974861,0.00028806672134945794,-1.1674097220050257,-1.484062973652975,-1.9483826796161097,-1.2801254431353968,1.5708345174789429,-0.33024531999696904,0
154,1788171355.094405,0.06981519532450187,-0.4400583178734544,0.17181767783299537,-1.1266110569500614,2.9325814040976064,-1.5768542173942608e-05,-1.1659939924823206,-1.4800928274737757,-1.9518473784076136,-1.2804368177997034,1.5708465576171875,-0.3287699858294886,0
155,1788171355.132528,0.06985320831613273,-0.4384818265007861,0.17188961849509396,-1.1262742332804265,2.9327050632709355,-0.00022594195025553432,-1.1644704977618616,-1.4760869185077112,-1.9552763144122522,-1.2808797995196741,1.5708465576171875,-0.3270180861102503,0
156,1788171355.1732075,0.07013980456674686,-0.4368898466077548,0.1718407621041523,-1.1263305150860754,2.9326970196685513,-0.00019137673644628592,-1.1623833815204065,-1.4722970167743128,-1.9587772528277796,-1.2811911741839808,1.5708345174789429,-0.32496625581850225,0
157,1788171355.2158222,0.07056446639094752,-0.4352699636577428,0.17180157326874412,-1.1261874783327972,2.932746601192175,7.002527897057407e-05,-1.1599724928485315,-1.4685547987567347,-1.9621580282794397,-1.2817185560809534,1.5708465576171875,-0.3224590460406702,0
158,1788171355.2582679,0.0713258450470512,-0.4332975681800766,0.1717758417651485,-1.1264887697375947,2.9326369652628457,0.0002528323915870613,-1.1564810911761683,-1.4640329519854944,-1.9661858717547815,-1.2823289076434534,1.5708465576171875,-0.3191717306720179,0
159,1788171355.3010533,0.07211638418522728,-0.43184846438020696,0.17179844958442073,-1.1264241255285257,2.9326859025852583,0.00019129095646124288,-1.1533868948565882,-1.4607108275042933,-1.9690511862384241,-1.2827475706683558,1.5708225965499878,-0.31602794328798467,0
160,1788171355.3437335,0.07359833414537904,-0.43097644943761765,0.1718240293634729,-1.1267009769615646,2.932514695475417,-0.00018290982650833506,-1.1493800322162073,-1.4590309301959437,-1.970513645802633,-1.2827237288104456,1.5708705186843872,-0.31222469011415654,0
161,1788171355.38639,0.07551379111914554,-0.43033407635241544,0.17187834407926483,-1.1265813228016612,2.932574986804591,-0.0004477163209166149,-1.1446173826800745,-1.4581311384784144,-1.9711974302874964,-1.2827718893634241,1.5708465576171875,-0.3073771635638636,0
162,1788171355.4290352,0.07716070567962462,-0.4302452925077152,0.1718715105597661,-1.12619693937243,2.9327336007253386,-0.00046570308461034497,-1.1409829298602503,-1.4586356321917933,-1.9707778135882776,-1.2826760450946253,1.5708345174789429,-0.3034780661212366,0
163,1788171355.4726443,0.07874444452680038,-0.4301926650968538,0.17184838380900647,-1.1262316892530377,2.932721731034068,-0.00012558942130601677,-1.1375396887408655,-1.4593432585345667,-1.9701665083514612,-1.2827957312213343,1.5708465576171875,-0.3000581900226038,0
164,1788171355.5127373,0.0806243332220335,-0.4301733479364853,0.17179993716127692,-1.1264462737769403,2.9326516546832013,0.0001377513876425559,-1.1334970633136194,-1.460278336201803,-1.9694350401507776,-1.282759968434469,1.5708465576171875,-0.29615909257997686,0
165,1788171355.5546978,0.08226223903810859,-0.43014299473786116,0.17175943135585764,-1.126897086604052,2.9324654880602385,0.0003850172196113263,-1.1299827734576624,-1.4610822836505335,-1.9687994162188929,-1.2827475706683558,1.5708705186843872,-0.29295522371401006,0
166,1788171355.596779,0.08382354786762697,-0.43015373789433753,0.17179959758029095,-1.1267396436657737,2.9325840331734616,0.00024736003952301454,-1.1266358534442347,-1.4617779890643519,-1.9681037108050745,-1.2826641241656702,1.5708105564117432,-0.28948766389955694,0
167,1788171355.6404881,0.08540957859663473,-0.4301099168806404,0.171727925389044,-1.1265933423150383,2.9326251503881466,0.0006655304285833728,-1.1232402960406702,-1.4626291433917444,-1.9674809614764612,-1.2826998869525355,1.5708465576171875,-0.28599578539003545,0
168,1788171355.6796265,0.08733029815854589,-0.43014301244031894,0.17179036899622846,-1.1261419336100473,2.9327659153126238,0.0002933317914803052,-1.1192095915423792,-1.4635050932513636,-1.9666054884540003,-1.2824605146991175,1.5708585977554321,-0.28166467348207647,0
169,1788171355.7196453,0.08861713490896436,-0.4300434211752164,0.17180443071747808,-1.126311234063615,2.9327387585262272,0.00026992890915567024,-1.1163666884051722,-1.4638884703265589,-1.96623403230776,-1.2824366728412073,1.5708225965499878,-0.27892858186830694,0
170,1788171355.7615297,0.09054889448016226,-0.42952084168992216,0.17179777316454348,-1.1266167928041078,2.932594263361712,0.0002354338001389894,-1.11176044145693,-1.4635885397540491,-1.9665215651141565,-1.2824247519122522,1.5708465576171875,-0.27453691164125615,0
171,1788171355.8036563,0.09218385833710069,-0.4291547534454889,0.1718198704589177,-1.1267898985850202,2.9325185252114894,8.579170444666216e-05,-1.1079333464251917,-1.4634807745562952,-1.9665816465960901,-1.2823765913592737,1.5708465576171875,-0.27082997957338506,0
172,1788171355.8446648,0.09379761722744896,-0.4287320194279954,0.17180235502375052,-1.1267030682540558,2.9325598513699584,0.0001993473114990374,-1.1040943304644983,-1.4633491675006312,-1.9667256514178675,-1.2824366728412073,1.5708465576171875,-0.2669299284564417,0
173,1788171355.8882344,0.09541601164447196,-0.42844546925142846,0.17183172092223334,-1.1263770621739362,2.932659456198761,1.379329972273988e-05,-1.1003997961627405,-1.46344501176943,-1.9665935675250452,-1.2823527495013636,1.5708585977554321,-0.26301891008485967,0
174,1788171355.9305313,0.09728853012781441,-0.4280964922215716,0.17180312965462766,-1.1261684549066353,2.9327493029208695,0.00014527183278280069,-1.096104923878805,-1.4636848608600062,-1.9664376417743128,-1.2823527495013636,1.5708585977554321,-0.2585795561419886,0
175,1788171355.973552,0.09889678242171739,-0.42790840407199093,0.1718119365477306,-1.126341250385904,2.932679028767383,8.973441601362061e-05,-1.0925419966327112,-1.464104954396383,-1.9660537878619593,-1.282280747090475,1.5708585977554321,-0.2551353613482874,0
176,1788171356.015747,0.10046786308233707,-0.42781662224427425,0.17182059365344435,-1.1266415123206126,2.932623086126832,4.277261502536524e-05,-1.089135471974508,-1.464752499257223,-1.9654668013202112,-1.2821968237506312,1.570798635482788,-0.25192004839052373,0
177,1788171356.0588386,0.10237929049275661,-0.4277196929854234,0.17180714067772807,-1.1267216724828009,2.9325748498334634,0.00012309128560391463,-1.0850690046893519,-1.4656637350665491,-1.9646876494037073,-1.2821133772479456,1.5708225965499878,-0.24791223207582647,0
178,1788171356.1003675,0.10400988635898464,-0.42761862815162194,0.1718107176818688,-1.1266167371423625,2.9326170821479445,0.00014251381015208602,-1.0815776030169886,-1.4663837591754358,-1.9640401045428675,-1.282053295766012,1.5708225965499878,-0.2443488279925745,0
179,1788171356.1390884,0.10563624067148447,-0.4275939338607644,0.17180890120551598,-1.1261760140865744,2.932735545277278,3.425773377235883e-07,-1.0782068411456507,-1.4672587553607386,-1.9632967154132288,-1.2818258444415491,1.5708585977554321,-0.24068910280336553,0
180,1788171356.1794562,0.1072390684395781,-0.4275510942128887,0.17176501586966428,-1.1262212705237165,2.9327510358707185,0.00022477400991845046,-1.0748475233661097,-1.4682305494891565,-1.962518040333883,-1.2817781607257288,1.5708465576171875,-0.23735315004457647,0
181,1788171356.220942,0.1088135527572119,-0.42757193548263756,0.17179441208084073,-1.1263410003029035,2.93269718116436,0.00013286923887662958,-1.0716326872455042,-1.4692023436175745,-1.9615948835956019,-1.281670395527975,1.5708465576171875,-0.23422176042665654,0
182,1788171356.2585979,0.11046372229804742,-0.42757374823649485,0.1717971672067037,-1.126891944865636,2.9325042724079573,5.302226332915465e-05,-1.068237606679098,-1.4702094236956995,-1.9607074896441858,-1.2815025488482874,1.5708225965499878,-0.23119813600649053,0
183,1788171356.2983341,0.11203255804810282,-0.4275625892277057,0.17179299765090722,-1.1267983032454658,2.9325278662140426,5.7210081642910575e-05,-1.0650227705584925,-1.4711812178241175,-1.9598563353167933,-1.2813828627215784,1.5708345174789429,-0.22792226472963506,0
184,1788171356.3370204,0.11365077372416138,-0.42757335478272024,0.17184502231878002,-1.1267124012569896,2.9325172886160744,-0.00012335591626858226,-1.0617473761187952,-1.4721530119525355,-1.9588850180255335,-1.2812626997577112,1.5708585977554321,-0.22459823289980108,0
185,1788171356.3770142,0.11510276468504153,-0.4275816819347733,0.1718102949800112,-1.1260934334085904,2.9328004701579027,-5.558788421767939e-05,-1.058784310017721,-1.4731600920306605,-1.9580696264850062,-1.2811196486102503,1.5708225965499878,-0.22120267549623662,0
186,1788171356.4171438,0.1163864018250266,-0.42757122953271814,0.17180465850227195,-1.1260957364496205,2.9327563228734275,3.0462901685462492e-05,-1.0561931769000452,-1.4740117231952112,-1.9573143164264124,-1.2810714880572718,1.5708705186843872,-0.21862298647035772,0
187,1788171356.458369,0.11695642887431278,-0.42755425497155203,0.17180342009626118,-1.1262015207094513,2.9327685402979005,3.940808663476057e-05,-1.0549934546100062,-1.4743478933917444,-1.9570148626910608,-1.2810476461993616,1.5708225965499878,-0.21748334566225225,0
188,1788171356.5004408,0.11695247524918251,-0.4275513849766067,0.17183212940356524,-1.1262011365906008,2.9327152949627084,-0.00010106901449767089,-1.0550172964679163,-1.4742758909808558,-1.957026783620016,-1.2810118834124964,1.5708585977554321,-0.21751910844911748,0
189,1788171356.5388422,0.1169268885850582,-0.4275378211367245,0.1717934507590241,-1.1262437340921692,2.932721775316812,0.00012187364302197435,-1.0550535360919397,-1.4743240515338343,-1.957050625477926,-1.2810834089862269,1.5708585977554321,-0.21757918993105108,0
190,1788171356.5788975,0.11694516798616919,-0.42754964308104065,0.1718053411665088,-1.126300972468187,2.9327120279418386,-1.3364780502082128e-05,-1.0550172964679163,-1.4743121306048792,-1.957050625477926,-1.2810118834124964,1.5708345174789429,-0.21757918993105108,0
191,1788171356.6191213,0.11699974358503908,-0.42758798783096275,0.17162603874079502,-1.1263402044298219,2.9326574768873495,-0.00027127157422382437,-1.0549572149859827,-1.4744914213763636,-1.9574101606952112,-1.2803052107440394,1.5708465576171875,-0.21755487123598272,0
192,1788171356.6616151,0.1172347655580265,-0.42761536669609773,0.17059950269085405,-1.1264394306488015,2.9326003847863453,-0.00020266138112414201,-1.0545256773578089,-1.4754870573626917,-1.9592445532428187,-1.277515713368551,1.5708705186843872,-0.21719533601869756,0
193,1788171356.7029326,0.11752578111999096,-0.4275956254553184,0.16888546874411836,-1.1264845165731114,2.9326133303391932,-0.00016006520142418411,-1.053901497517721,-1.4769142309771937,-1.9625299612628382,-1.2728341261493128,1.5708465576171875,-0.21659499803651983,0
194,1788171356.7427325,0.11791748022108194,-0.4275382641267964,0.16565308401027454,-1.1265960944408766,2.9325905080382593,0.0001597901027706586,-1.0530498663531702,-1.4795897642718714,-1.9687154928790491,-1.264177147542135,1.5708585977554321,-0.2158148924456995,0
195,1788171356.7838185,0.11828756164884274,-0.4275265766257081,0.16295015161685797,-1.1263380620961125,2.9327062478707973,0.0001932736454205812,-1.0522821585284632,-1.4819281736956995,-1.9738472143756312,-1.2567303816424769,1.5708465576171875,-0.2148674170123499,0
196,1788171356.8254454,0.11946915686458397,-0.4272128482993361,0.1591995842410916,-1.126378815171114,2.9326556533099084,-0.00013888376231242466,-1.0495346228228968,-1.4848788420306605,-1.9813159147845667,-1.2460969130145472,1.5708465576171875,-0.21215564409364873,0
197,1788171356.8659449,0.1206063022908465,-0.4271815940967154,0.15599136486433124,-1.126400995652264,2.9326632773374532,1.3011557478431966e-05,-1.0472071806537073,-1.4882853666888636,-1.9868553320514124,-1.23724872270693,1.5708465576171875,-0.20983964601625615,0
198,1788171356.9047818,0.12196604906562568,-0.4272521984606229,0.15285025976038824,-1.126305141848678,2.9326246482493668,-0.0006737505327808913,-1.044555966054098,-1.491859261189596,-1.9922140280352991,-1.2278731505023401,1.5708465576171875,-0.20714027086366826,0
199,1788171356.9436202,0.12339060882262144,-0.42723942199399845,0.14952930580102505,1.1262389537327093,-2.9327740867213974,5.426833305831333e-05,-1.0416529814349573,-1.4959138075457972,-1.9974167982684534,-1.219024960194723,1.5707865953445435,-0.20416385332216436,0
200,1788171356.982811,0.12473664208224176,-0.42729219821436104,0.14696374209438748,-1.1260659153284833,2.9327455114889522,-5.167210055683994e-05,-1.0390737692462366,-1.4992955366717737,-2.001301113759176,-1.2117446104632776,1.5708825588226318,-0.20148832002748662,0
201,1788171357.0226622,0.1263127322312035,-0.42733400146760214,0.14375608935872147,-1.1258258793577354,2.932912326490288,0.0001436496138125852,-1.0359543005572718,-1.5035179297076624,-2.0061329046832483,-1.2028244177447718,1.5708345174789429,-0.1981881300555628,0
202,1788171357.0614688,0.12792194308430044,-0.42740686473299994,0.14056531182840343,-1.125842852061696,2.932852017622106,-0.00020357332360386774,-1.0328472296344202,-1.507751766835348,-2.011012379323141,-1.1934846083270472,1.5708465576171875,-0.1951049009906214,0
203,1788171357.1000807,0.12954497427554545,-0.427485290251083,0.13741233403187453,-1.1259923933792657,2.932825677390687,-0.0002668829086364006,-1.0297043959247034,-1.5121420065509241,-2.015604321156637,-1.184467617665426,1.5708105564117432,-0.192056957875387,0
204,1788171357.1383216,0.1311164305959599,-0.4275287050289025,0.13426894060003933,-1.1262296509297316,2.9327101511153373,-0.00035475097541685924,-1.0266574064837855,-1.5164836088763636,-2.0202320257769983,-1.175439182912008,1.5708225965499878,-0.18917733827699834,0
205,1788171357.176078,0.13272233556377783,-0.42756897859540366,0.13102697241664896,-1.126329215623905,2.9326037687705377,-0.0003714041467046472,-1.0235737005816858,-1.5210536162005823,-2.0249198118792933,-1.166159454976217,1.5708825588226318,-0.18617707887758428,0
206,1788171357.2151682,0.13399282137412352,-0.4275897844075665,0.12849181951376287,-1.1262350259977365,2.9326760817089683,-0.00028641661777353475,-1.021090332661764,-1.5247004667865198,-2.0285046736346644,-1.1589868704425257,1.5708585977554321,-0.18362123170961553,0
207,1788171357.2527952,0.13554168165153813,-0.4276298310811839,0.12529835380819354,-1.1260700317424757,2.9327729490874157,-0.0004279883456724519,-1.0180791060077112,-1.5292943159686487,-2.033072296773092,-1.1497424284564417,1.5708105564117432,-0.1804898420916956,0
208,1788171357.2935693,0.1366640113917105,-0.4275776520332129,0.12199905708274297,-1.1257198041577596,2.9329683170204928,0.00024662431320542294,-1.0158355871783655,-1.5337923208819788,-2.0379040876971644,-1.1408451239215296,1.5708345174789429,-0.17799359956850225,0
209,1788171357.3342152,0.13705493871226032,-0.4276521537295879,0.11882988903099642,-1.1257975558316249,2.932853143383729,-0.00020677376309045562,-1.0151756445514124,-1.5376547018634241,-2.0431907812701624,-1.131397549306051,1.5708585977554321,-0.177406136189596,0
210,1788171357.3763864,0.13702045436541607,-0.42764093497478667,0.11567408596203654,-1.1256611975638091,2.932867833811732,-0.00019544682616895784,-1.0152481237994593,-1.5411928335772913,-2.0486939589129847,-1.1223567167865198,1.570894479751587,-0.17739421526064092,0
211,1788171357.4181175,0.13700045436629546,-0.4276346725841523,0.11178995957801593,-1.1254803019037745,2.9330299111435374,1.343146757154601e-05,-1.0152481237994593,-1.5457389990436,-2.0552757422076624,-1.11137563387026,1.5708345174789429,-0.17724973360170537,0
212,1788171357.4573946,0.1370187360810004,-0.4276536992286519,0.10857082470857435,-1.1251788045680267,2.9330867160910867,-0.00023617911203636441,-1.0152481237994593,-1.54956561723818,-2.0607789198504847,-1.1018794218646448,1.5708585977554321,-0.1770575682269495,0
213,1788171357.4963076,0.136978020603857,-0.42760369391265446,0.10537895235013925,-1.1249366526735072,2.93324389388383,-4.4517791439924015e-05,-1.0152481237994593,-1.5533555189715784,-2.0661852995501917,-1.0928142706500452,1.5708225965499878,-0.17687780061830694,0
214,1788171357.5358152,0.13696782385851208,-0.42757689577291597,0.10213651227157866,-1.1244107787047182,2.9334519554734784,0.00020459303646879005,-1.0152481237994593,-1.5573857466327112,-2.0715206305133265,-1.0836055914508265,1.5708465576171875,-0.17651778856386358,0
215,1788171357.5735707,0.13693851185549477,-0.427553993965722,0.09954442658862606,1.123997550584099,-2.9336358352249774,-0.0005377070078379448,-1.0152838865863245,-1.5606845060931605,-2.075704876576559,-1.0763362089740198,1.5708585977554321,-0.17626601854433233,0
216,1788171357.612731,0.13700784471599275,-0.42762578211207847,0.0965143690998572,-1.1234736243717929,2.933746313067225,1.005669400072479e-05,-1.0152481237994593,-1.5646665732013147,-2.0806568304644983,-1.0670555273639124,1.5708825588226318,-0.17589360872377569,0
217,1788171357.6499083,0.13697827395946197,-0.42758851817317917,0.09408755345830899,-1.1233144132139556,2.9338562728816413,0.0001846397000862511,-1.0152481237994593,-1.5677855650531214,-2.0846012274371546,-1.0601099173175257,1.5708585977554321,-0.1757739225970667,0
218,1788171357.6894495,0.13698305471331954,-0.42760606412056,0.09238817002007704,-1.1232798888457987,2.9338708398963496,0.00019493735170173935,-1.0152600447284144,-1.5700886885272425,-2.0872748533831995,-1.0551398436175745,1.5708585977554321,-0.17576200166811162,0
219,1788171357.7280796,0.13697716558636666,-0.427616845745126,0.09149060799464234,-1.1233337328487085,2.9338543494454723,2.5977203001102374e-05,-1.0152719656573694,-1.5712640921222132,-2.0887611548053187,-1.05237323442568,1.5708345174789429,-0.17580968538393194,0
220,1788171357.7666159,0.1370023984795991,-0.42765281028662894,0.09138191856809483,-1.123290071980713,2.933845041443848,-0.0002717709489805915,-1.0152600447284144,-1.5714319388019007,-2.0889652411090296,-1.0518105665790003,1.5708225965499878,-0.1757739225970667,0
221,1788171357.8059208,0.1370046399030042,-0.4276512608051236,0.09140808992532001,-1.1232818314762774,2.933823508841615,-0.00036091186457359517,-1.0152600447284144,-1.571371857319967,-2.0889652411090296,-1.0518105665790003,1.5708345174789429,-0.1757739225970667,0
222,1788171357.844079,0.1369774349465054,-0.4276426581796673,0.09121977884602533,-1.123262703376598,2.9338783067203456,-0.00029726586687341675,-1.0152838865863245,-1.5715997854815882,-2.0892766157733362,-1.051319424306051,1.570798635482788,-0.1757739225970667,0
223,1788171357.8839316,0.13699339569714716,-0.42760824513948115,0.09012582420732002,-1.123294949125411,2.9338577919148268,3.911177553168062e-05,-1.0152362028705042,-1.573099438344137,-2.090931240712301,-1.0483740011798304,1.5708465576171875,-0.17575008073915654,0
224,1788171357.9234245,0.13694971006130935,-0.42757203476202216,0.08828846576426644,-1.1232484487605772,2.933893469310071,0.0002758472553648534,-1.0152838865863245,-1.5755465666400355,-2.093844715748922,-1.0431645552264612,1.5708585977554321,-0.17576200166811162,0
225,1788171357.961107,0.13690696777835457,-0.42749391509891926,0.08563258539395888,1.123276904182849,-2.9338630665870093,-0.0007085596491475663,-1.0152600447284144,-1.579109017048971,-2.0980284849749964,-1.035703484212057,1.5708345174789429,-0.17576200166811162,0
226,1788171358.001331,0.1369292784484309,-0.42752054399885375,0.08242906011468987,1.1233265371135688,-2.9338355668258953,-0.0005742053105529386,-1.0152362028705042,-1.5836432615863245,-2.102980438862936,-1.0261347929583948,1.5708105564117432,-0.1757739225970667,0
227,1788171358.0398002,0.13692707583313812,-0.42751646597121734,0.07923346279362187,1.123330850141082,-2.9338468558467694,-0.0006747261103092272,-1.0152481237994593,-1.5882251898394983,-2.1078479925738733,-1.0167458693133753,1.5708345174789429,-0.17578584352602178,0
228,1788171358.0785077,0.1369723656413257,-0.4275842121903573,0.07670355392389827,-1.1233566053660873,2.9338617348068197,0.00024947659933588425,-1.0152481237994593,-1.5919793287860315,-2.1116846243487757,-1.0088771025287073,1.5708465576171875,-0.17579776445497686,0
229,1788171358.1158042,0.13695889699077826,-0.42757699096427126,0.07348846923739433,-1.1232658079414535,2.933886439157652,0.0002729053257681537,-1.0152719656573694,-1.5967052618609827,-2.116528336201803,-0.9993203322040003,1.5708585977554321,-0.17576200166811162,0
230,1788171358.15493,0.1369364144116658,-0.4275366698482561,0.0702476270167312,1.123350668570009,-2.9338462321985315,-0.000522613933204956,-1.0152481237994593,-1.601527516041891,-2.121335808430807,-0.9898594061480921,1.5708225965499878,-0.17579776445497686,0
231,1788171358.1927176,0.13698333756629866,-0.427611731699027,0.067106480225779,-1.1232763361570894,2.93386154494387,1.3366556585353199e-05,-1.0152600447284144,-1.6064098517047327,-2.125951592122213,-0.9800265471087855,1.5708465576171875,-0.17576200166811162,0
232,1788171358.2303982,0.13697074528409017,-0.4275914460582771,0.06385828369490179,-1.1233401784349302,2.9338712013752284,0.0002737497584970676,-1.0152600447284144,-1.6114714781390589,-2.130591694508688,-0.9704936186419886,1.5708465576171875,-0.17579776445497686,0
233,1788171358.2703502,0.1369919043346839,-0.4276208991879786,0.06137009179305564,-1.1233089747297706,2.9338420457515,-0.00014025283840548468,-1.0152481237994593,-1.6153820196734827,-2.1342480818377894,-0.9626606146441858,1.5708345174789429,-0.1757739225970667,0
234,1788171358.3116338,0.13729136166575592,-0.4274486690938746,0.05750142311202938,-1.1232081465691661,2.9338950292830477,0.00016924792027287014,-1.014468018208639,-1.6214998404132288,-2.13975173631777,-0.9512351194964808,1.5708585977554321,-0.17492181459535772,0
235,1788171358.3500776,0.13805395391378406,-0.427265370198679,0.0543834662387257,-1.1234948668042217,2.933747316220624,-0.0004134286478447037,-1.012740437184469,-1.6265977064715784,-2.1441996733294886,-0.9413183371173304,1.5708225965499878,-0.17339831987489873,0
236,1788171358.3916302,0.13896266119608963,-0.42693450331518856,0.051800231292553095,-1.1233865598573398,2.9337849285832887,-0.00024274211193339837,-1.0105813185321253,-1.6308444182025355,-2.147759739552633,-0.9336174170123499,1.5708465576171875,-0.1711662451373499,0
237,1788171358.4305308,0.1405455190478341,-0.42637414610121116,0.048158294547112845,-1.1236238395544802,2.9337217833465554,-0.00013143717376880494,-1.0068138281451624,-1.6369136015521448,-2.152747933064596,-0.9226344267474573,1.5708345174789429,-0.16755420366396123,0
238,1788171358.4714658,0.14185075861046245,-0.4259691055001227,0.04615241671138093,-1.1235272888671455,2.9337398302571676,-0.00017068637879384877,-1.0037911573993128,-1.6403926054583948,-2.1553853193866175,-0.9164899031268519,1.5708465576171875,-0.16447002092470342,0
239,1788171358.5107334,0.1437944095830082,-0.4253421572765709,0.044051312094501055,-1.1234235077842538,2.9338374541964627,5.6037695256014204e-05,-0.9992435614215296,-1.6441229025470179,-2.158010784779684,-0.9102862516986292,1.5708225965499878,-0.15983850160707647,0
240,1788171358.5491767,0.1450751147796308,-0.424975738957599,0.043390677389398224,-1.123075373223227,2.9339315636569383,-0.00021570877643218553,-0.9963167349444788,-1.6453588644610804,-2.1588380972491663,-0.9080460707293909,1.5708225965499878,-0.1566832701312464,0
241,1788171358.5872767,0.1466970759570482,-0.4245076060856201,0.04321423184117998,-1.1231722580676233,2.933872485411201,-0.00036107845669597084,-0.9926093260394495,-1.6458266417132776,-2.15892202058901,-0.9073994795428675,1.5708225965499878,-0.15304690996278936,0
242,1788171358.6269162,0.14778614594005102,-0.4241431392072614,0.04325246591834361,-1.1231994326924273,2.9338408081874534,-0.0004116538702899617,-0.990065876637594,-1.6457784811602991,-2.1588624159442347,-0.9074714819537562,1.5708345174789429,-0.15052682558168584,0
243,1788171358.6681492,0.14810809576849676,-0.4240572424740513,0.043258384584513226,-1.1234911052815957,2.9337081547774724,-0.00046238165154746056,-0.9893463293658655,-1.6458147207843226,-2.158814255391256,-0.907447640095846,1.5708465576171875,-0.15001088777651006,0
244,1788171358.7080064,0.14809445700239388,-0.4240598572018612,0.043077990860458576,-1.1235253171099937,2.933690677823786,-0.000403470038786608,-0.9893820921527308,-1.6461380163775843,-2.159030262623922,-0.9069441000567835,1.5708585977554321,-0.15007096925844365,0
245,1788171358.7488387,0.1480441063480596,-0.4239977031148374,0.041944232910297835,-1.1235324366699146,2.9338161409839705,0.00037095503942467627,-0.9893940130816858,-1.6481178442584437,-2.160360638295309,-0.9041412512408655,1.5708465576171875,-0.15005857149233037,0
246,1788171358.787626,0.14803737617643123,-0.42401175776552785,0.04017139561258498,-1.1235117265166812,2.933814406403781,0.00021325788334421286,-0.9894183317767542,-1.6512249151812952,-2.162710491810934,-0.8985841909991663,1.5708345174789429,-0.15007096925844365,0
247,1788171358.829517,0.1479879336005221,-0.42394096817731475,0.03750076167268748,1.1233041902678946,-2.9338526498539164,-0.0007111641738347226,-0.9894302527057093,-1.6558907667743128,-2.1661399046527308,-0.890810791646139,1.5708465576171875,-0.14995080629457647,0
248,1788171358.8681607,0.14805263062169988,-0.4240056691423281,0.03429167329986782,-1.1228207236997598,2.934064609083071,0.00029379446937975696,-0.9893940130816858,-1.6617687384234827,-2.170192066823141,-0.8806059996234339,1.5708585977554321,-0.14957887331117803,0
249,1788171358.90706,0.14807172802885957,-0.42406348001476923,0.03117820690992551,-1.1222256436912963,2.9342510507264654,1.7989918476466378e-05,-0.9894302527057093,-1.6675379912005823,-2.1740525404559534,-0.8707965056048792,1.5708585977554321,-0.14921886125673467,0
250,1788171358.9459467,0.14806252756397553,-0.42404057440199605,0.028084011349293087,-1.1217539748510712,2.9344960307666894,0.00028569245244825897,-0.9894064108477991,-1.673272434865133,-2.177805248891012,-0.8614891211139124,1.5708345174789429,-0.1488588492022913,0
251,1788171358.9845967,0.14807984136071636,-0.4240808321077753,0.025528605344852212,-1.1210325768587923,2.9346644937682425,-0.0003539827634251632,-0.9894302527057093,-1.678035084401266,-2.1810787359820765,-0.8530333677874964,1.5708465576171875,-0.1484153906451624,0
252,1788171359.0223835,0.1480502340201469,-0.4240025762925935,0.022578160854361984,-1.1205211799114427,2.93496298627885,0.0002461908049172928,-0.9893820921527308,-1.6835764090167444,-2.1845553557025355,-0.8444092909442347,1.5708345174789429,-0.14799529710878545,0
253,1788171359.061801,0.14803333656792966,-0.42401506710813264,0.02022116427279816,-1.11993766445464,2.93517968512069,0.00020596069652926302,-0.9894302527057093,-1.6881116072284144,-2.1873367468463343,-0.8370664755450647,1.5708345174789429,-0.14764720598329717,0
254,1788171359.1012094,0.1479879772049672,-0.4239509956504708,0.017155303006903433,1.119482291741003,-2.9353077988286698,-0.000567645726183371,-0.9894302527057093,-1.6939767042743128,-2.1909335295306605,-0.8278430143939417,1.5708225965499878,-0.1473472754107874,0
255,1788171359.1402922,0.14804159000795125,-0.4239894233336351,0.013923538489190118,1.1191600616408994,-2.9354676147792165,-0.00040856742513230407,-0.9893820921527308,-1.700430695210592,-2.194554630910055,-0.8176615873919886,1.5708345174789429,-0.1470711866961878,0
256,1788171359.178901,0.14796006710247298,-0.4238990686437787,0.01083766717457782,1.1187221068138418,-2.9355362392041227,-0.0009742597840637245,-0.9894183317767542,-1.7064526716815394,-2.1980555693255823,-0.8085101286517542,1.5708225965499878,-0.14683133760561162,0
257,1788171359.2161303,0.14805421384607706,-0.4240135875149575,0.008789250672838311,-1.1184611422006991,2.9357516504148573,0.00017852670744419863,-0.9893820921527308,-1.7107351461993616,-2.2003095785724085,-0.8014548460589808,1.5708225965499878,-0.14659101167787725,0
258,1788171359.2547944,0.14809061309572571,-0.42409822870678543,0.007504899388870112,-1.1182585072203797,2.9357499252234223,-0.0005199991666234367,-0.9894064108477991,-1.7134102026568812,-2.2017844359027308,-0.7968547979937952,1.570798635482788,-0.14649516740907842,0
259,1788171359.2932959,0.14808099082031634,-0.4240880891233482,0.006987737081867201,-1.1181736858268225,2.935792362557282,-0.00036603028893466335,-0.9894183317767542,-1.7144659201251429,-2.2023118177997034,-0.7953694502459925,1.5708105564117432,-0.1464470068560999,0
260,1788171359.333534,0.14811578513648876,-0.42411661164830283,0.007016989753770936,-1.1182420099561587,2.9357065794636874,-0.0005008268705906064,-0.9894064108477991,-1.7144659201251429,-2.2022398153888147,-0.7953456083880823,1.5708465576171875,-0.14649516740907842,0
261,1788171359.372785,0.14811452583033505,-0.42411469535348795,0.0070188443602760275,-1.118170398153156,2.935731092447459,-0.0005191054197801584,-0.9894064108477991,-1.7144539991961878,-2.20225173631777,-0.7953336874591272,1.5708465576171875,-0.1464470068560999,0
262,1788171359.411777,0.14810834086979058,-0.42411524441930815,0.007003259670287976,-1.118128970661398,2.9357801663998857,-0.0004723772512153574,-0.9894064108477991,-1.714489761983053,-2.20225173631777,-0.7953336874591272,1.5708225965499878,-0.14641124406923467,0
263,1788171359.4509013,0.14810651583087267,-0.42410250648233616,0.007008003753402631,-1.117929505005885,2.935839340647084,-0.0004093916180259949,-0.9894064108477991,-1.7144659201251429,-2.20225173631777,-0.7953932921039026,1.5708465576171875,-0.1462791601764124,0
264,1788171359.4916215,0.14812479305234524,-0.42410656854203765,0.0070043416371961265,-1.1178802672552772,2.935867896613,-0.0004317497253541846,-0.9893701712237757,-1.714489761983053,-2.2022398153888147,-0.7953694502459925,1.5708345174789429,-0.14620715776552373,0
265,1788171359.5299585,0.14809704242788377,-0.4241125155991888,0.0070050669688961065,-1.1178003920636246,2.9359233477249957,-0.00043988081384594026,-0.9894183317767542,-1.714477841054098,-2.20225173631777,-0.7953694502459925,1.5708105564117432,-0.14619523683656865,1
266,1788171359.5683753,0.14809560313093742,-0.4240909057113345,0.006992741723658796,-1.1177784528068468,2.9359204436616158,-0.00034033533315012195,-0.9894064108477991,-1.714477841054098,-2.20227557817568,-0.7954052130328577,1.5708345174789429,-0.1461709181415003,1
267,1788171359.607986,0.14806928952483417,-0.42405031127542947,0.006960419141913976,-1.1178177672007643,2.9359163574453895,-9.302776880773169e-05,-0.9894183317767542,-1.714489761983053,-2.2023237387286585,-0.7955010573016565,1.5708585977554321,-0.14620715776552373,1
268,1788171359.6461656,0.14806991585614615,-0.4240612748931936,0.0069684060175211615,-1.1177194809171147,2.93597606804803,-0.0001202053515689648,-0.9894183317767542,-1.714489761983053,-2.20229942003359,-0.7955129782306116,1.5708345174789429,-0.14613515535463506,1
269,1788171359.6838918,0.14808469518668796,-0.42405000832766865,0.006968952872953488,-1.1178035335731284,2.935931598490168,-0.00011538962237421406,-0.9893820921527308,-1.714477841054098,-2.2023118177997034,-0.7955129782306116,1.5708465576171875,-0.14615899721254522,1
270,1788171359.7225568,0.14804803432679073,-0.42402347553896746,0.006935005269312511,-1.1178037651794577,2.935986950355564,7.833216870406024e-05,-0.9894064108477991,-1.714501682912008,-2.2023595015155237,-0.7955730597125452,1.5708225965499878,-0.1461709181415003,1
271,1788171359.7614403,0.14804800360512327,-0.4240323818528074,0.006933554229529126,-1.117707940832795,2.9359983974561814,8.645773771515683e-05,-0.9894302527057093,-1.7145255247699183,-2.2023356596576136,-0.7955730597125452,1.5708465576171875,-0.14613515535463506,1
272,1788171359.7996147,0.1480594008130142,-0.4240209761653519,0.006924529800406587,-1.117777725196408,2.9359690773105305,6.817498751209797e-05,-0.9893940130816858,-1.7145255247699183,-2.202371899281637,-0.7955248991595667,1.5708465576171875,-0.14614707628359014,1
273,1788171359.8384073,0.14805428882646327,-0.4240374945172115,0.006941004248998434,-1.1177793775168308,2.9359755195314934,2.7523425363297554e-05,-0.9894183317767542,-1.7145136038409632,-2.2023356596576136,-0.7955492178546351,1.5708345174789429,-0.1461709181415003,1
274,1788171359.8761878,0.14805864393789211,-0.42401982445440284,0.006942365449514959,-1.1177786770092277,2.9359715787237692,8.718982540864365e-05,-0.9893940130816858,-1.714489761983053,-2.2023475805865687,-0.7955973784076136,1.5708465576171875,-0.14614707628359014,1
275,1788171359.9145846,0.14802832769042648,-0.4239785218931078,0.00701862588238783,-1.1177741222299906,2.9360143825330813,0.00045841030486869824,-0.9894064108477991,-1.7142980734454554,-2.2022278944598597,-0.7961481253253382,1.5708585977554321,-0.14614707628359014,1
276,1788171359.9530354,0.14800232847454797,-0.4239191655026563,0.007375288874188313,1.1177878649147848,-2.9359957925477254,-0.0007210425604669289,-0.9893940130816858,-1.7134822050677698,-2.2018922011004847,-0.7974656263934534,1.5708825588226318,-0.14614707628359014,1
277,1788171359.9930158,0.14804699939680924,-0.42403135754786897,0.008698884993064565,-1.1177120547552528,2.936009198341532,-5.7718031901102255e-06,-0.9894183317767542,-1.7109149138080042,-2.2004531065570276,-0.8010113875018519,1.5708225965499878,-0.14612323442567998,1
278,1788171360.0309749,0.14806335882497423,-0.42401309103933965,0.010730066262760046,-1.1178397530425963,2.9359741215354416,0.0001708683378987597,-0.9893701712237757,-1.7068246046649378,-2.1981633345233362,-0.8075040022479456,1.5708345174789429,-0.14615899721254522,1
279,1788171360.0704749,0.14805316008095903,-0.4240114798593425,0.012969609039685137,-1.1177980434964323,2.935969822042682,0.00012448792242000044,-0.9893940130816858,-1.7023261229144495,-2.195693318043844,-0.8144395987140101,1.5708465576171875,-0.14615899721254522,1
280,1788171360.111304,0.1481086756184456,-0.4241102469246166,0.0163436085766637,-1.1176881098668736,2.9358936181829343,-0.0005713008252596124,-0.9894183317767542,-1.695763889943258,-2.19188100496401,-0.8243578116046351,1.5708585977554321,-0.14613515535463506,1
281,1788171360.1506183,0.1480722924918375,-0.4240648915348876,0.020130087720323514,-1.1176623614521732,2.9359860188255835,-0.00019845554390211884,-0.9894183317767542,-1.6883390585528772,-2.1874688307391565,-0.8364432493792933,1.5708345174789429,-0.14609891573061162,1
282,1788171360.1906517,0.14808421009427178,-0.4240835296178422,0.022656461302301978,-1.1177295803194272,2.9359499654447796,-0.00044207042676551006,-0.9894064108477991,-1.6834805647479456,-2.184542957936422,-0.8440740744220179,1.5708105564117432,-0.14613515535463506,1
283,1788171360.230374,0.1480514658866134,-0.4240231882252492,0.025434952590763504,-1.1176991824730111,2.9359753839823486,-8.752804466033745e-07,-0.9894183317767542,-1.6781428495990198,-2.1811984221087855,-0.8530333677874964,1.5708585977554321,-0.14612323442567998,1
284,1788171360.2681687,0.14802845335117054,-0.42397388448005063,0.027414482582665017,-1.117754950093435,2.9360145297366445,0.0003124450894816525,-0.9893940130816858,-1.67436391512026,-2.178800408040182,-0.8594172636615198,1.5708465576171875,-0.14612323442567998,1
285,1788171360.3085184,0.14804814735346808,-0.42399884710449104,0.02869691801077412,-1.117679742124839,2.9359769449236186,-3.963250140183346e-05,-0.9893940130816858,-1.671964470540182,-2.177314106618063,-0.8630707899676722,1.5708585977554321,-0.14608699480165654,1
286,1788171360.347903,0.14799199366582297,-0.42372326358601353,0.029173219730414784,-1.1174856725993685,2.9361029792108564,0.0003062993756599485,-0.9891541639911097,-1.670525375996725,-2.1772902647601526,-0.8647592703448694,1.5708585977554321,-0.14570314088930303,1
287,1788171360.3865926,0.14793724881245138,-0.42319941526589944,0.029126773660312216,1.1173014316776995,-2.9361516266980554,-0.0004775799126009551,-0.9885786215411585,-1.6694939772235315,-2.178584877644674,-0.8646157423602503,1.5708225965499878,-0.14500695863832647,1
288,1788171360.4256663,0.14754199667581752,-0.42200257231129523,0.02915914631757302,-1.1171114116479208,2.936235629822655,0.0001530943757519728,-0.9878347555743616,-1.6665309111224573,-2.181917969380514,-0.8640287558185022,1.5708465576171875,-0.14413100877870733,1
289,1788171360.4646683,0.14691329279430768,-0.4203484366285708,0.0291877778163194,-1.1174131998573962,2.9361273217017496,0.00010880006950961668,-0.9869349638568323,-1.6624763647662562,-2.186425511037008,-0.8635495344745081,1.5708345174789429,-0.14343530336488897,1
290,1788171360.503225,0.14640243782581774,-0.4187376651332533,0.029141959823937774,1.117597600837615,-2.9360811889469294,-0.00019607434147146262,-0.9858549276935022,-1.6587579886065882,-2.190754238759176,-0.8629987875567835,1.5708225965499878,-0.14247543016542608,1
291,1788171360.5424585,0.14609846700820822,-0.4174914654041756,0.029146897497753482,-1.117546489757481,2.9360563886673035,-2.3360232962458037e-05,-0.984847370778219,-1.655806843434469,-2.194098774586813,-0.8624594847308558,1.5708345174789429,-0.1414430777179163,1
292,1788171360.5802655,0.145841409619376,-0.4159366451960327,0.029115022348733727,-1.1173388007911615,2.936146618817327,4.9047246465563e-05,-0.9833357969867151,-1.6523521582232874,-2.1980555693255823,-0.86200458208193,1.5708345174789429,-0.13978749910463506,1
293,1788171360.618189,0.14568391691220045,-0.4147039268153069,0.029189187656933985,-1.1174606134344451,2.936043414547746,-0.00014614854852575414,-0.9820521513568323,-1.6494010130511683,-2.201136891041891,-0.8617413679706019,1.5708585977554321,-0.13859969774355108,1
294,1788171360.657039,0.14559656004081767,-0.41428820301502695,0.02914721879909818,-1.117388541986137,2.9361193946273376,0.00016490270496620865,-0.9816802183734339,-1.6485851446734827,-2.2021201292621058,-0.8617771307574671,1.5708585977554321,-0.13816768327821904,1
295,1788171360.6956189,0.1456076910573411,-0.4143280599197984,0.02913474674699551,-1.1174140423494179,2.9361337575222577,0.00023440999076986053,-0.981704060231344,-1.648717228566305,-2.2019999662982386,-0.8618133703814905,1.5708465576171875,-0.13820344606508428,1
296,1788171360.7338057,0.14560938938866402,-0.414329882900036,0.029143366965879047,-1.1174047853764943,2.9361094393078795,0.0002245694406718701,-0.9817159811602991,-1.64870530763735,-2.2019880453692835,-0.8618252913104456,1.5708705186843872,-0.13821536699403936,1
297,1788171360.7734084,0.14559152041127765,-0.4143270622371494,0.029156021946307925,-1.1173968902005171,2.9361413259238516,0.0001564462114570863,-0.9817279020892542,-1.6486452261554163,-2.2020238081561487,-0.8618133703814905,1.5708345174789429,-0.13821536699403936,1
298,1788171360.812805,0.14580835898557848,-0.4143476971166866,0.029162378849374643,-1.1174041959353191,2.9361078788682407,0.00012915358646368674,-0.9813440481769007,-1.6488373915301722,-2.201796356831686,-0.8618252913104456,1.5708585977554321,-0.13784343401064092,1
299,1788171360.850639,0.14675798398172257,-0.4143709756831312,0.029186585041262147,-1.1174911943845942,2.9360711329679163,-6.240506860090573e-05,-0.9795082251178187,-1.6495211760150355,-2.2009928862201136,-0.8618252913104456,1.5708345174789429,-0.13606769243349248,1
300,1788171360.8892717,0.1484077101367963,-0.4144167947972517,0.02926211975591983,-1.1176429555849847,2.9358949938330743,-0.00038916644443743085,-0.9763897101031702,-1.650672737752096,-2.1995299498187464,-0.8619087378131312,1.570894479751587,-0.1330793539630335,1
301,1788171360.9287508,0.1498250048584667,-0.41439160829875826,0.029231474919020062,-1.1175923072839773,2.9359725044785563,-0.00034977390525045316,-0.973581616078512,-1.651776138936178,-2.1983912626849573,-0.8619807402240198,1.5708465576171875,-0.13022357622255498,1
302,1788171360.967118,0.15095037287343988,-0.41437293231385525,0.029203896808728702,-1.1179955741674803,2.935815006061031,-0.00028966983253683835,-0.9713862578021448,-1.6526759306537073,-2.197468105946676,-0.8620403448687952,1.5708585977554321,-0.1283038298236292,1
303,1788171361.0049226,0.1512133862406488,-0.4143308923320171,0.029154064476877017,-1.1178826368621282,2.9358909730921003,-8.785640804059252e-05,-0.9708226362811487,-1.6529281775103968,-2.1973117033587855,-0.8620765844928187,1.5708585977554321,-0.12765580812563115,1
304,1788171361.0443826,0.1511951024066767,-0.4143267733348225,0.02917683340484667,-1.1179085528556083,2.9358537826047053,-0.00017450751537413767,-0.9708588759051722,-1.652844254170553,-2.197347942982809,-0.8620646635638636,1.5708705186843872,-0.12771588960756475,1
305,1788171361.0825691,0.1511979948858154,-0.4143545828433937,0.0291967235830832,-1.117898503912996,2.9358800171416766,-0.0002794925109251085,-0.9708707968341272,-1.652844254170553,-2.1973002592669886,-0.8620522657977503,1.5708345174789429,-0.12771588960756475,1
306,1788171361.1217713,0.1511874357577935,-0.4143252545048523,0.029155327604053205,-1.1179567999371018,2.93587526293774,-9.228783203116287e-05,-0.9708588759051722,-1.6528919378863733,-2.197347942982809,-0.8620765844928187,1.5708465576171875,-0.1277397314654749,1
307,1788171361.1611588,0.15116178112300618,-0.4143106632991196,0.028983136215303212,-1.117900966295582,2.935939125607131,8.680082014857977e-05,-0.9708827177630823,-1.6532037893878382,-2.1975396315204065,-0.8616932074176233,1.5708345174789429,-0.12771588960756475,1
308,1788171361.1987245,0.15110964358186257,-0.4142434607544631,0.02787997470817477,1.1178375380095964,-2.935879937582204,-0.0009337077582377874,-0.9708946386920374,-1.6552909056292933,-2.198738400136129,-0.8589618841754358,1.5708345174789429,-0.12770349184145147,1
309,1788171361.237167,0.15112503305338834,-0.4142520700713247,0.02652638351503689,1.117882806266106,-2.9358914875454243,-0.0008391020411974196,-0.9708827177630823,-1.6578825155841272,-2.2004173437701624,-0.854626480733053,1.5708465576171875,-0.12771588960756475,1
310,1788171361.2750564,0.1511231894918769,-0.4142577280062124,0.02411244889873773,1.1178381669845576,-2.935934249678298,-0.0008428151956154213,-0.9709065596209925,-1.6625364462481897,-2.2033546606646937,-0.8470318953143519,1.5708705186843872,-0.12770349184145147,1
311,1788171361.313431,0.15116600131536798,-0.41431611830692416,0.021552147885076228,-1.1179080565283814,2.9359577746387036,0.0003789317601199223,-0.9708946386920374,-1.667574707661764,-2.2064717451678675,-0.8385756651507776,1.5708585977554321,-0.12772781053651983,1
312,1788171361.3510063,0.15114074311356193,-0.41426186348492,0.01927289060282064,1.117880606243579,-2.9358877974981312,-0.0007858836074052306,-0.9708588759051722,-1.6720011870013636,-2.2091572920428675,-0.831735912953512,1.5708345174789429,-0.1276915709124964,1
313,1788171361.390655,0.1511753516417108,-0.41432563418135915,0.01790891593725208,-1.117853239021038,2.9359737662001817,0.0002681858672560602,-0.9708827177630823,-1.6747596899615687,-2.2108119169818323,-0.8269808928119105,1.5708465576171875,-0.1276796499835413,1
314,1788171361.430972,0.15120135469272986,-0.41434909169720735,0.017391326001502755,-1.117765598766244,2.935901415452775,-0.0001351251294839622,-0.9708827177630823,-1.6757796446429651,-2.2115195433246058,-0.8249805609332483,1.5708825588226318,-0.12764388719667608,1
315,1788171361.469468,0.15122949382574769,-0.4143957633915317,0.01747859414342451,-1.1175641768921165,2.9359554368910605,-0.0005146212165068477,-0.9708707968341272,-1.6756475607501429,-2.2114480177508753,-0.8249443213092249,1.5708465576171875,-0.12749988237489873,1
316,1788171361.5102625,0.1512139058202594,-0.4143875326571537,0.017477554412908464,-1.1173846967927978,2.936067151631372,-0.000491442543085389,-0.9708707968341272,-1.6756232420550745,-2.2114718596087855,-0.8249686400042933,1.5708105564117432,-0.12736779848207647,1
317,1788171361.5485804,0.15120821954812116,-0.41438337529567837,0.017287462090079864,-1.1172728844673991,2.936091311332554,-0.0005226895092303693,-0.9708827177630823,-1.6759832541095179,-2.2117236296283167,-0.8243334929095667,1.5708225965499878,-0.12730771700014287,1
318,1788171361.5872223,0.15120634032640828,-0.4143667832850126,0.016514508953460544,-1.117230482146227,2.9361378358439496,-0.0002576181361462148,-0.9708707968341272,-1.6775429884540003,-2.212550465260641,-0.8221176306353968,1.5708345174789429,-0.12726003328432256,1
319,1788171361.625181,0.15117861244563544,-0.4143116892446431,0.014941616427479959,-1.1167683945659954,2.9363556379390268,0.00023987203650293156,-0.9708707968341272,-1.6806615034686487,-2.2143128553973597,-0.8175538221942347,1.5708705186843872,-0.12693578401674444,1
320,1788171361.6645966,0.15113022110772806,-0.4142596548304517,0.013150148029645675,1.1165441558379074,-2.936402384314739,-0.0008281252133093656,-0.9708827177630823,-1.6842482725726526,-2.2162793318377894,-0.8123915831195276,1.5708465576171875,-0.12680370012392217,1
321,1788171361.7011762,0.15115349355352956,-0.41430336769841836,0.012364006979609932,1.116590663420029,-2.936419282761335,-0.00045742603721551385,-0.9708827177630823,-1.6858795324908655,-2.2172144095050257,-0.8095882574664515,1.5708225965499878,-0.12682754198183233,1
322,1788171361.740932,0.15119848379734843,-0.41434140554106985,0.012302814547695828,-1.116684381058235,2.9364002094499018,0.00015605601342111652,-0.9708588759051722,-1.6860597769366663,-2.2172864119159144,-0.8091328779803675,1.5708465576171875,-0.12686378160585576,1
323,1788171361.7812119,0.15119305706178662,-0.4143605427710418,0.012351087290165375,-1.1166083781303269,2.9364110633218337,4.610404208715484e-05,-0.9708946386920374,-1.6859758535968226,-2.217238728200094,-0.8091924826251429,1.5708465576171875,-0.12685186067690069,1
324,1788171361.8193865,0.1511919969878429,-0.41434094565422624,0.012330155241811636,-1.1166463996609832,2.9364056894567727,0.00010144437844040479,-0.9708707968341272,-1.6859877745257776,-2.2172864119159144,-0.8091691176043909,1.5708465576171875,-0.12685186067690069,1
325,1788171361.8575776,0.1512123184014013,-0.4143651202751241,0.012368181800293893,-1.1166791876832145,2.936331749639709,-3.166577983268327e-05,-0.9708827177630823,-1.6859520117389124,-2.2172263304339808,-0.8091691176043909,1.5708825588226318,-0.1269000212298792,1
326,1788171361.8971689,0.1511930566054983,-0.4143563870148688,0.01235446302483878,-1.116769513550272,2.9363564498653463,5.990534227470039e-06,-0.9708827177630823,-1.6859520117389124,-2.217262570058004,-0.8091691176043909,1.5708345174789429,-0.12694818178285772,1
327,1788171361.9348655,0.15120162846544868,-0.4143460027067129,0.012361267245478619,-1.116783147019646,2.9363417299425616,2.862664165770663e-05,-0.9708588759051722,-1.6859281698810022,-2.217262570058004,-0.8092048803912562,1.5708465576171875,-0.12693578401674444,1
328,1788171361.9753773,0.15118100663014172,-0.4143435909071331,0.012304383377803929,-1.1167931601357697,2.9363659506797974,3.873963796679195e-05,-0.9708827177630823,-1.686024014149801,-2.217346493397848,-0.8090375105487269,1.5708225965499878,-0.1269601027118128,1
329,1788171362.013298,0.1512065756238365,-0.4143615932875935,0.012073463294281161,-1.1167259293454688,2.9362966075684045,-0.0002181343859515166,-0.9708827177630823,-1.6865037123309534,-2.2176578680621546,-0.8080666700946253,1.5708705186843872,-0.12693578401674444,1
330,1788171362.0536134,0.1511634801593026,-0.41431796778560315,0.011232350782948541,-1.116691074131464,2.9364178034702784,0.00011811045439776259,-0.9708827177630823,-1.6881592909442347,-2.218605343495504,-0.8056953589068812,1.5708225965499878,-0.12688762346376592,1
331,1788171362.090756,0.15115797270268538,-0.41429607322429784,0.01034854471127597,-1.1162713148259047,2.936586774188194,0.00025502392743462476,-0.9708707968341272,-1.68994647661318,-2.219600025807516,-0.8030002752887171,1.5708345174789429,-0.12658769289125615,1
332,1788171362.1309683,0.15124404234287925,-0.41442605771359825,0.010387405477477019,-1.116348436248266,2.936418614433842,-0.0005094420199354111,-0.9708827177630823,-1.6900542418109339,-2.219504181538717,-0.8024848143206995,1.5708465576171875,-0.12668353716005498,1
333,1788171362.1694167,0.151221884782979,-0.4143943286572094,0.010351319564119693,-1.1163666827809657,2.9364666349780517,-0.000335511843015103,-0.9708707968341272,-1.690078083668844,-2.2195637861834925,-0.802521053944723,1.5708225965499878,-0.1266716162310999,1
334,1788171362.2114496,0.15123011899865835,-0.4143966773477035,0.010372874544817001,-1.116318396620431,2.9364449898178164,-0.0004184252649016364,-0.9708707968341272,-1.6900303999530237,-2.2195637861834925,-0.8025086561786097,1.5708465576171875,-0.12664777437318975,1
335,1788171362.2511666,0.15122665862198376,-0.41441869384904684,0.010370463438895722,-1.1162833936472565,2.9364583030962352,-0.00041842960809271654,-0.9709065596209925,-1.690078083668844,-2.219516102467672,-0.8025086561786097,1.5708465576171875,-0.12665969530214483,1
336,1788171362.2893698,0.1512233145359097,-0.41440544366643856,0.01035793527271478,-1.1163111933283365,2.9364787526228224,-0.00039011929142266895,-0.9708827177630823,-1.690078083668844,-2.2195523420916956,-0.8024967352496546,1.5708225965499878,-0.12664777437318975,1
337,1788171362.3281386,0.1512211435915356,-0.41439258049589833,0.010363107240605907,-1.1163029211999722,2.9364569787600137,-0.00038129321269905053,-0.9708827177630823,-1.6900423208819788,-2.2195761839496058,-0.8025086561786097,1.5708465576171875,-0.12664777437318975,1
338,1788171362.3685796,0.15123055671146313,-0.41439382577684536,0.010361509751360215,-1.1163156405084795,2.9364925661771504,-0.0003763474791997289,-0.9708469549762171,-1.6900542418109339,-2.2195637861834925,-0.802521053944723,1.5708105564117432,-0.1266115347491663,1
339,1788171362.4073026,0.15123554611731607,-0.41441014423293254,0.010386954823413064,-1.1162571278369788,2.9364967304519087,-0.0004862898545206977,-0.9708588759051722,-1.6900184790240687,-2.2195399443255823,-0.8025086561786097,1.5708105564117432,-0.12658769289125615,1
340,1788171362.4459047,0.15121376613238433,-0.41439984449093803,0.010371074037747285,-1.1161109725147285,2.9365359153985158,-0.0003448811093338304,-0.9709065596209925,-1.6900423208819788,-2.2195399443255823,-0.8025687376605433,1.5708465576171875,-0.12653953233827764,1
341,1788171362.4834836,0.15118629341560316,-0.41437357153386517,0.010420234300612757,-1.1159881300387782,2.936634369568463,-0.00011049406619213287,-0.9709184805499476,-1.6899107138263147,-2.219468418751852,-0.8029282728778284,1.5708345174789429,-0.1264560858355921,1
342,1788171362.5213747,0.15122928569143074,-0.4143857699586757,0.010852583006957489,-1.1159913904917778,2.936592338153546,-0.0001176123824717393,-0.9708707968341272,-1.6890829245196741,-2.218917194996969,-0.8042939344989222,1.5708705186843872,-0.12641984621156865,1
343,1788171362.5616422,0.15122068093722357,-0.4143738553656145,0.01209834058054024,-1.1159816823997522,2.936619507268392,-0.00013517608232575638,-0.9708588759051722,-1.6865037123309534,-2.2175501028644007,-0.8082345167743128,1.5708465576171875,-0.1263960043536585,1
344,1788171362.602406,0.15120957773066565,-0.4143756715909001,0.014098968148260171,-1.1158813217450636,2.9366738001788057,-3.6881646579957166e-05,-0.9708827177630823,-1.6824610869037073,-2.215224568043844,-0.814667050038473,1.5708465576171875,-0.12634784380067998,1
345,1788171362.6410222,0.1512130279330792,-0.41438071567384566,0.01696584989589256,-1.115926589396128,2.9366326640282194,-0.00018250291992106857,-0.9708827177630823,-1.6766913572894495,-2.2119510809527796,-0.8236148993121546,1.5708465576171875,-0.12638408342470342,1
346,1788171362.6834977,0.15121692994683864,-0.4143670416470115,0.020250147189199486,-1.1159099272765771,2.9365888023298594,-0.0001670285390171869,-0.9708827177630823,-1.6701653639422815,-2.208102528248922,-0.8339880148517054,1.570894479751587,-0.12638408342470342,1
347,1788171362.7249372,0.15120538584451526,-0.41436051922348965,0.023418310818433014,-1.1159092985556671,2.9366419854092998,-0.00016575456862744084,-0.9708707968341272,-1.6639521757708948,-2.2043259779559534,-0.8439901510821741,1.5708465576171875,-0.12635976472963506,1
348,1788171362.7653236,0.15116829023717518,-0.41431464408038376,0.02661614127219375,-1.1158868231296788,2.936688303436398,0.0002245987242767003,-0.9708946386920374,-1.6577499548541468,-2.2003935019122522,-0.8543747107135218,1.5708705186843872,-0.12635976472963506,1
349,1788171362.808499,0.15121322343664528,-0.41438100149828183,0.02985808879658372,-1.115948780696881,2.9366383543529486,-9.658820435668945e-05,-0.9708827177630823,-1.6517041365252894,-2.1963170210467737,-0.8642924467669886,1.5708465576171875,-0.1263960043536585,1
350,1788171362.849048,0.15120282424282785,-0.4143609294583918,0.033669207502968646,-1.1159378410415204,2.936662295416997,0.00010443675626784123,-0.9708827177630823,-1.6445792357074183,-2.1914733091937464,-0.8763898054706019,1.5708585977554321,-0.12638408342470342,1
351,1788171362.8911133,0.1512146292933861,-0.4143691638207176,0.0369182581477151,-1.115876529208808,2.936661185602694,-4.40933803592648e-05,-0.9708707968341272,-1.6386049429522913,-2.1873367468463343,-0.8864033857928675,1.5708585977554321,-0.1263359228717249,1
352,1788171362.933672,0.15116718619362146,-0.41430954270977177,0.04007330815646118,1.1159325906000603,-2.9367033119671664,-0.0003307466838315373,-0.9708707968341272,-1.6328113714801233,-2.1832364241229456,-0.8965485731707972,1.5708345174789429,-0.12635976472963506,1
353,1788171362.9752128,0.1511764054143771,-0.4145230498500521,0.04329097535940879,-1.1158365140826325,2.9367161439250897,3.6576747375473544e-05,-0.9711349646197718,-1.6274855772601526,-2.178596798573629,-0.9063213507281702,1.5708345174789429,-0.126563851033346,1
354,1788171363.0182416,0.1511076015278852,-0.41505041490883327,0.047040599628150326,1.1154118912951743,-2.936817461841577,-0.0006817168845326873,-0.9719503561602991,-1.622171703969137,-2.1720860640155237,-0.9185741583453577,1.5708105564117432,-0.12710363069643194,1
355,1788171363.0590813,0.15118277234851707,-0.41649427817072127,0.05030312054232919,-1.1156506955392764,2.936807020249866,0.00016176161369757812,-0.9737141768084925,-1.6196888128863733,-2.1644137541400355,-0.9283831755267542,1.5708345174789429,-0.12901193300356084,1
356,1788171363.1013691,0.15119168774542152,-0.4180787828398562,0.053498077632286783,1.1155323062119835,-2.936864508295816,-0.00044522437444913324,-0.9757774511920374,-1.6178773085223597,-2.1561525503741663,-0.9386356512652796,1.5708585977554321,-0.13099176088442022,1
357,1788171363.1409092,0.15120297546521985,-0.4197212980922376,0.05671455401286099,1.1157357687491098,-2.93676309583841,-0.00018747447614741056,-0.9778531233416956,-1.6161378065692347,-2.1479161421405237,-0.9484570662127894,1.570798635482788,-0.13321143785585576,1
358,1788171363.1828408,0.15109651037439475,-0.4212585424114269,0.05988648902936919,1.115497809139103,-2.9368264031711186,-0.000527321445256379,-0.980048958455221,-1.6143987814532679,-2.13977557817568,-0.9585531393634241,1.5708225965499878,-0.13525134721864873,1
359,1788171363.2234328,0.15122437519503606,-0.4232747455901852,0.06384031661601669,-1.1155797829989336,2.936770076711692,-0.0002414372940095684,-0.9823878447162073,-1.6125157515155237,-2.129644219075338,-0.970062557850973,1.5708345174789429,-0.13765174547304326,1
360,1788171363.2610426,0.15118071339542935,-0.4245220668797049,0.06632345872926718,-1.1157899133740325,2.936736911841331,0.00022832864401344208,-0.9840672651873987,-1.6115072409259241,-2.1229661146747034,-0.9780505339251917,1.5708585977554321,-0.13946372667421514,1
361,1788171363.30159,0.1511403483359464,-0.42615859658116995,0.06954022684014768,-1.115769148367278,2.936734966217245,8.012052462917788e-05,-0.9862030188189905,-1.6101644674884241,-2.1145499388324183,-0.9877155462848108,1.5708465576171875,-0.14158755937685186,1
362,1788171363.3404434,0.15116637861551882,-0.4277438773822609,0.07274517453696328,-1.1162616211391407,2.9365465022616952,-1.477786951659506e-05,-0.9881346861468714,-1.6088927427874964,-2.10614520708193,-0.9973328749286097,1.5708345174789429,-0.14385492006410772,1
363,1788171363.3789854,0.15113406715296776,-0.4293805875153904,0.07601008028638967,-1.1161150824030028,2.9365804791857606,-0.000333860881559178,-0.9902218023883265,-1.607645336781637,-2.097633186970846,-1.0068896452533167,1.5708105564117432,-0.14584714571108037,1
364,1788171363.4209313,0.15102984316657256,-0.4309721594432824,0.07921176840004998,-1.115854419349639,2.9366894528212573,-0.00018221644350053617,-0.9923937956439417,-1.6065533796893519,-2.089121166859762,-1.0165899435626429,1.5708225965499878,-0.14783937135805303,1
365,1788171363.462435,0.15090294219725905,-0.43254429825716334,0.08233431190205165,-1.1160115030650648,2.936624188820367,-4.413357961092704e-05,-0.9945772329913538,-1.6056059042560022,-2.080752674733297,-1.0259907881366175,1.5708465576171875,-0.15013105074037725,1
366,1788171363.5036502,0.15066156915378945,-0.434196884396086,0.08555094473138738,-1.1156834668656206,2.936711873154768,-0.00029849988656037294,-0.9970482031451624,-1.6046107451068323,-2.0722764174090784,-1.0352967421161097,1.5708465576171875,-0.15238696733583623,1
367,1788171363.544777,0.1501952997660737,-0.43615911953970604,0.08948999199138985,-1.1154084010332772,2.936833558200578,-0.000366076180087844,-1.0002873579608362,-1.6033147017108362,-2.0620015303241175,-1.0468290487872522,1.5708225965499878,-0.1554349104510706,1
368,1788171363.5866792,0.14988964130899513,-0.4377698834697456,0.09271317498529366,-1.1155220203211673,2.9367086674686123,-0.0007627599498719233,-1.0028069655047815,-1.6023433844195765,-2.0536211172686976,-1.055918041859762,1.5708465576171875,-0.15805036226381475,1
369,1788171363.63031,0.14938765793559977,-0.43933152240137296,0.09586044456240259,-1.1157193558610365,2.9366945627976975,-0.00043266226784565565,-1.0056026617633265,-1.6014917532550257,-2.045253101979391,-1.06535512605776,1.5708345174789429,-0.16096669832338506,1
370,1788171363.6704838,0.1489642557480054,-0.4409633810017077,0.09911957715438918,-1.1161688617363363,2.936494264809278,-0.0006533388288039919,-1.0083254019366663,-1.600663963948385,-2.0366810003863733,-1.0746119658099573,1.5708345174789429,-0.16400224367250615,1
371,1788171363.71311,0.14820345813557034,-0.4428556587404841,0.10286941832140903,-1.1161565453145053,2.9365651831351443,-0.00027196109993401113,-1.011960808430807,-1.5998242537127894,-2.0266459623919886,-1.0857370535479944,1.5708225965499878,-0.16761428514589483,1
372,1788171363.7552493,0.14755730843516796,-0.44442814440452266,0.1059405792316721,-1.1160782421525335,2.9365657535557075,-0.0002995958248198212,-1.015007797871725,-1.5991762320147913,-2.0184934774981897,-1.0945151487933558,1.5708465576171875,-0.1706145445453089,1
373,1788171363.7986104,0.1467754873453477,-0.445982516897177,0.10872991955371397,-1.1155724382189736,2.9368267030415605,0.0002215119223198879,-1.018259350453512,-1.5989487806903284,-2.0106528441058558,-1.1029213110553187,1.5708465576171875,-0.17350608507265264,1
374,1788171363.838227,0.14612239265968277,-0.44759694765290386,0.11119628537770312,-1.1154799110702154,2.9368446693343526,0.00019325207533445746,-1.0213301817523401,-1.5992487112628382,-2.003315273915426,-1.1099384466754358,1.5708585977554321,-0.17651778856386358,1
375,1788171363.878162,0.14542914083181088,-0.44920260981779364,0.11286508461495715,-1.1153542362166537,2.936885037810874,3.4219177957705936e-05,-1.02443772951235,-1.6004241148578089,-1.9973810354815882,-1.1145966688739222,1.5708465576171875,-0.1795414129840296,1
376,1788171363.9199684,0.14472068154648107,-0.4507756179974339,0.11382477216166098,-1.115794017425484,2.9367118374214347,-0.00012046891228967898,-1.0275209585772913,-1.6023433844195765,-1.9926937262164515,-1.1172669569598597,1.5708345174789429,-0.18292552629579717,1
377,1788171363.9637222,0.14381083887561572,-0.4527054758361112,0.11387764708160072,-1.1159258106728627,2.9366812445323682,0.00014503890244572324,-1.0313714186297815,-1.6060741583453577,-1.988617245350973,-1.1177824179278772,1.5708465576171875,-0.18686134019960576,1
378,1788171364.007339,0.1431211515067179,-0.4543139246424741,0.11386931518347948,-1.1157861250621086,2.9367374648950486,-4.45856623149195e-05,-1.0344188849078577,-1.609180752431051,-1.9854281584369105,-1.117746655141012,1.5708225965499878,-0.1898129622088831,1
379,1788171364.0490484,0.14227179232345993,-0.4562536542862526,0.11384728834334001,-1.1154984283003415,2.936823787083113,-0.0001316686858400194,-1.0381258169757288,-1.6129711310016077,-1.9815319220172327,-1.1177943388568323,1.5708345174789429,-0.19332915941347295,1
380,1788171364.0904489,0.14157902596309363,-0.4578390439743927,0.11394183431597887,-1.1154123444726431,2.936810171734545,-0.00042422187715366845,-1.0411370436297815,-1.6158860365497034,-1.9782469908343714,-1.1179736296283167,1.5708465576171875,-0.19629222551454717,1
381,1788171364.1337001,0.14088758935394644,-0.45943504193102647,0.11389244747347799,-1.1154349968215251,2.9368677326889925,-7.535866510984757e-05,-1.0441244284259241,-1.6191609541522425,-1.9748662153827112,-1.1183088461505335,1.5708225965499878,-0.19928008714784795,1
382,1788171364.1737325,0.14017373938570002,-0.4609953683883323,0.1138575376421384,-1.115579750419206,2.9368206422377017,0.00022993867581900707,-1.0471232573138636,-1.6223157087909144,-1.9715688864337366,-1.1186445395099085,1.5708465576171875,-0.20237571397890264,1
383,1788171364.2158122,0.1394517651942554,-0.4626012232767017,0.11387179858183397,-1.1158294952982766,2.93673143042819,0.0002867643704376491,-1.0501588026629847,-1.6254461447345179,-1.9681881109820765,-1.1189315954791468,1.5708465576171875,-0.20558005968202764,1
384,1788171364.2577677,0.13863681864675548,-0.46453884423783964,0.113921560014043,-1.115774236544849,2.9367420250703264,-5.0715595504563634e-05,-1.0536859671222132,-1.6291168371783655,-1.9641841093646448,-1.1190512816058558,1.5708225965499878,-0.20907193819154912,1
385,1788171364.29848,0.13792505803545174,-0.4661202784248502,0.1138247249746033,-1.1139926943355383,2.9374095661417323,0.00023906520730023457,-1.0566609541522425,-1.6323912779437464,-1.9608991781817835,-1.1192429701434534,1.5708585977554321,-0.21083575883974248,1
386,1788171364.3381166,0.13722827938732504,-0.46773653651169034,0.11385388607787172,-1.1115193903219738,2.9383271887030746,5.5252451856254804e-05,-1.0596120993243616,-1.6354864279376429,-1.9575179258929651,-1.119410816823141,1.5708585977554321,-0.21210748354067022,1
387,1788171364.3763933,0.13646088699614545,-0.4693460775154113,0.11384431877572898,-1.1074564873483883,2.9398883976032355,7.027254544418601e-05,-1.0626590887652796,-1.6386168638812464,-1.9541614691363733,-1.1196501890765589,1.5708345174789429,-0.21238357225526983,1
388,1788171364.415461,0.13574913410731712,-0.470941800174189,0.11385983961452303,-1.1021961921432177,2.9418554447449905,-2.0181414378252362e-05,-1.0655863920794886,-1.6417000929461878,-1.9507926146136683,-1.1198776404010218,1.5708345174789429,-0.21173555055727178,1
389,1788171364.456671,0.13504349560873513,-0.4725633892865403,0.11385015824355732,-1.0962837936525824,2.944069520457147,3.6821532656297323e-05,-1.0685136953936976,-1.644914452229635,-1.947315518056051,-1.1201770941363733,1.5708345174789429,-0.21064359346498662,1
390,1788171364.4982538,0.13439386407638723,-0.47420089007930794,0.11392799021357064,-1.0892362043063257,2.946636747770219,-0.00031026034296659775,-1.0713451544391077,-1.6479981581317347,-1.9437912146197718,-1.1203926245318812,1.5708465576171875,-0.20870000520815069,1
391,1788171364.5390284,0.13364599920460377,-0.4757866500547545,0.11388539235103212,-1.0806628517012808,2.9498049438071434,-0.000177608258923694,-1.0742839018451136,-1.6511648336993616,-1.9404223600970667,-1.1206801573382776,1.5708465576171875,-0.2058199087726038,1
392,1788171364.5807936,0.13303911350288478,-0.47738772968882603,0.1139248337698856,-1.071207954817715,2.9531988801951448,-0.00031754159036081824,-1.0769832769977015,-1.6542952696429651,-1.9368975798236292,-1.120979134236471,1.5708825588226318,-0.2021239439593714,1
393,1788171364.621852,0.13227537382049845,-0.4789850293402124,0.11385596451120772,-1.0601155674484666,2.9572735399355823,-8.464862018843151e-05,-1.0799105803119105,-1.6575339476214808,-1.9334805647479456,-1.1213143507586878,1.5708345174789429,-0.19752818742860967,1
394,1788171364.664136,0.13155586012399195,-0.48053875481162933,0.11386311078194544,-1.0485918831664647,2.961368682664243,-6.0301181408092064e-05,-1.0827291647540491,-1.6605690161334437,-1.9300997892962855,-1.121673885975973,1.5708465576171875,-0.19256097475160772,1
395,1788171364.7063754,0.1300851429800846,-0.48223783664046516,0.11387763718439381,-1.034644015027606,2.966244335830262,6.216175801642779e-05,-1.0870478788958948,-1.6634958426104944,-1.9267914930926722,-1.1221287886248987,1.5708825588226318,-0.18747312227358037,1
396,1788171364.7481613,0.12885517619859185,-0.48362976118681195,0.11386726133903532,-1.0229762064972117,2.9703317781803653,0.00011014198495775132,-1.0905869642840784,-1.6658948103534144,-1.9241417090045374,-1.122415844594137,1.5708465576171875,-0.18314153352846319,1
397,1788171364.7890851,0.127481160473455,-0.4850193720433495,0.11382308609702099,-1.0104034496967733,2.9746304761524702,9.387333389546348e-05,-1.0943897406207483,-1.6682341734515589,-1.9216597715960901,-1.1225479284869593,1.5708465576171875,-0.17848521867860967,1
398,1788171364.8280995,0.12611392261843027,-0.4863967636175846,0.1138331019527632,-0.9983118769219825,2.9786991682774775,-1.6468108947638724e-05,-1.0981562773333948,-1.6704772154437464,-1.9191420714007776,-1.122751537953512,1.5708465576171875,-0.17412978807558233,1
399,1788171364.869343,0.12482511073564288,-0.4877794670072505,0.11388335500430949,-0.9867569666000968,2.9825351133697997,-0.0002599722142446443,-1.101767365132467,-1.6727083365069788,-1.9165404478656214,-1.1229670683490198,1.5708345174789429,-0.1699898878680628,1
400,1788171364.9114916,0.1234419193264975,-0.4891060838371717,0.1138574102682412,-0.9751271442070971,2.9863832774843417,-0.00013165779537355953,-1.1054862181292933,-1.6749513784991663,-1.9140709082232874,-1.1232779661761683,1.5708225965499878,-0.16591006914247686,1
401,1788171364.953037,0.12186227644182904,-0.4907287909469931,0.11395366039403304,-0.9605819023152871,2.9910780651168345,-0.00040994482132221036,-1.109816853200094,-1.677518669758932,-1.9109543005572718,-1.1236498991595667,1.5708105564117432,-0.16051036516298467,1
402,1788171364.9945629,0.12051544110623053,-0.4920675408819447,0.11386732449691842,-0.9483074084036496,2.994952805086135,-0.00017065297862348263,-1.1134880224811,-1.6799300352679651,-1.908436123524801,-1.123901669179098,1.5708705186843872,-0.15598708788026983,1
403,1788171365.0359342,0.11916520286858259,-0.49343477169336647,0.11388484042286195,-0.9363261677368291,2.99875371292716,-0.0002153944110171641,-1.1171343962298792,-1.6822212378131312,-1.9057987372027796,-1.1242244879352015,1.5708345174789429,-0.15163118044008428,1
404,1788171365.0789642,0.11787486070439487,-0.4947717863317329,0.11385034857591755,-0.9248378182995387,3.0023014500034586,-0.00011414718926573358,-1.1206610838519495,-1.6845844427691858,-1.9031975905047815,-1.124523941670553,1.5708585977554321,-0.14750320116151983,1
405,1788171365.120312,0.11619210978744018,-0.4963874752343295,0.11386192360772304,-0.9104035983359665,3.0067222839559364,-0.00011696380579387323,-1.1251118818866175,-1.6872952620135706,-1.9000800291644495,-1.1249306837665003,1.5708465576171875,-0.1423433462726038,1
406,1788171365.160785,0.11480806177896988,-0.4977089605839738,0.11387673053718789,-0.8980701423824005,3.010473054037486,6.616749092475684e-05,-1.1287468115436,-1.6895626227008265,-1.8974188009845179,-1.1254461447345179,1.5708225965499878,-0.13777143159975225,1
407,1788171365.2027113,0.1134512035996342,-0.4990407314923299,0.11387157787139018,-0.8856727409006897,3.014141036031374,0.00016378932836161005,-1.132345978413717,-1.6918776671039026,-1.8947694937335413,-1.1258414427386683,1.5708345174789429,-0.1331399122821253,1
408,1788171365.2458775,0.11200512209796938,-0.5003220515912024,0.11380043445652566,-0.8736799515460154,3.017647819355549,0.0003732154962768878,-1.13605243364443,-1.6941450277911585,-1.8923357168780726,-1.1261408964740198,1.5708465576171875,-0.12889177003969365,1
409,1788171365.2900286,0.11025986501536732,-0.501750097667259,0.11382114857706735,-0.8596203045183396,3.0216753744235767,5.139753709896185e-05,-1.1403949896441858,-1.6963642279254358,-1.8897817770587366,-1.1262720266925257,1.5708225965499878,-0.1239236036883753,1
410,1788171365.33323,0.10874642485787543,-0.5029204921843897,0.11384245933815962,-0.8472966902766556,3.0251202245891737,-3.387548750525499e-05,-1.144113842641012,-1.6981995741473597,-1.8876240889178675,-1.126535717641012,1.5708465576171875,-0.11949617067445928,1
411,1788171365.3738377,0.10725896207271399,-0.504048673319052,0.11382021944855839,-0.8348394455717499,3.0285789950242017,6.306514065240066e-05,-1.1477363745318812,-1.7000587622271937,-1.8855260054217737,-1.1268351713763636,1.5708585977554321,-0.11488801637758428,1
412,1788171365.4133942,0.10578882522731713,-0.5051878451012761,0.1139186018392778,-0.8228925749148084,3.0318314641000357,-0.0003327439518213207,-1.15131122270693,-1.7017024199115198,-1.883416000996725,-1.1270502249347132,1.5708345174789429,-0.11058026949037725,1
413,1788171365.4556055,0.10429475209006675,-0.5063450318394412,0.11390937095197148,-0.8111206801012059,3.035007936190965,-0.0002749925857520815,-1.1549456755267542,-1.7036216894732874,-1.8812101523028772,-1.127373997365133,1.5708345174789429,-0.1064522902118128,1
414,1788171365.4980383,0.10248295427726987,-0.5077061374125263,0.11380778617649961,-0.7965865009244811,3.0388754144495516,4.6175417003774214e-05,-1.1593125502215784,-1.7060325781451624,-1.8786447683917444,-1.1277335325824183,1.5708465576171875,-0.10124427476991826,1
415,1788171365.5399935,0.10098051932660783,-0.5088457891138825,0.11388712573133875,-0.7842214883604042,3.04209779004399,-0.00024151740260906882,-1.1629117170916956,-1.707747761403219,-1.876474682484762,-1.1280086676227015,1.5708105564117432,-0.09670859972109014,1
416,1788171365.5827494,0.09949781204974202,-0.5099297648610315,0.11386491937170637,-0.7718773644326198,3.04524823139849,-4.770053873647122e-05,-1.1664498488055628,-1.7095955053912562,-1.874352757130758,-1.1284039656268519,1.5708345174789429,-0.09213620821108037,1
417,1788171365.6247654,0.097743747326246,-0.5112478474992525,0.11382367284689038,-0.7576685535404901,3.048790627154865,0.00020602331944328875,-1.1706607977496546,-1.7118986288653772,-1.8717392126666468,-1.1288703123675745,1.5708825588226318,-0.08702451387514287,1
418,1788171365.6656308,0.09619812334220729,-0.5124151573271292,0.11390374591115146,-0.7455429356755128,3.051808859006399,-0.00010383976268227291,-1.1743195692645472,-1.7136862913714808,-1.8694732824908655,-1.1291583220111292,1.5708225965499878,-0.08272821107973272,1
419,1788171365.7070343,0.09473608517834149,-0.5135319342582004,0.11388432515360836,-0.7332470679095154,3.0547615440470826,1.7496058052773004e-05,-1.1778224150287073,-1.7156298796283167,-1.8672311941729944,-1.1295293013202112,1.5708585977554321,-0.07818061510194951,1
420,1788171365.748232,0.0932261327103349,-0.5146750342284354,0.11384212219757425,-0.7206804390417191,3.057799634176798,7.898780022160657e-06,-1.1813848654376429,-1.7176092306720179,-1.865025822316305,-1.1297567526446741,1.5708105564117432,-0.07351237932314092,1
421,1788171365.789882,0.09177055093962831,-0.515792281915512,0.11383176078865148,-0.7084110767353662,3.060616701620514,1.9818991379944082e-05,-1.1848633925067347,-1.7195399443255823,-1.8627837339984339,-1.1300681273089808,1.5708585977554321,-0.0689767042743128,1
422,1788171365.8304837,0.0902256555935215,-0.5169610195545129,0.11384889818099594,-0.6962997137960562,3.0633677092302656,-0.0002390016285227112,-1.1885102430926722,-1.72145921388735,-1.8605178038226526,-1.1302478949176233,1.5708585977554321,-0.06471664110292608,1
423,1788171365.871687,0.088709220990128,-0.5180646931990911,0.11381873916095417,-0.6842597476826748,3.066091312198689,-0.00012580113105537785,-1.1920488516436976,-1.7234028021441858,-1.8582881132708948,-1.1306069532977503,1.5708585977554321,-0.06039649644960576,1
424,1788171365.9098215,0.0872569000699827,-0.5192315664140501,0.11386535882424043,-0.6720266385882268,3.0688165820769933,-0.00028262402179609464,-1.1954916159259241,-1.725370232258932,-1.855854336415426,-1.1309779326068323,1.5708225965499878,-0.055860344563619435,1
425,1788171365.9500787,0.08570912585484888,-0.5203414245208072,0.11389583621638386,-0.6592607537538321,3.0715704718136743,-0.00029585098544073857,-1.1990779081927698,-1.7272418181048792,-1.8535526434527796,-1.131397549306051,1.5708345174789429,-0.05113250414003545,1
426,1788171365.9914067,0.08427111717505831,-0.5214915817149371,0.1138688157166737,-0.647220602965899,3.074121839761725,-0.00025432137207075274,-1.2024849096881312,-1.7293289343463343,-1.8511431852923792,-1.131744686757223,1.5708465576171875,-0.04670411745180303,1
427,1788171366.0335095,0.0824384156207493,-0.5227539228673934,0.11376040825081091,-0.6329533754315276,3.077159444937263,0.000510977064944156,-1.2066715399371546,-1.731811825429098,-1.8483617941485804,-1.1325348059283655,1.5708585977554321,-0.04160434404482061,1
428,1788171366.0751944,0.08091940871890055,-0.5238658248465806,0.11377563515987532,0.6204305056388675,-3.0796930948467423,-0.0006179896754918322,-1.2101619879352015,-1.733779255543844,-1.84595233598818,-1.133049790059225,1.5708345174789429,-0.036960903798238576,1
429,1788171366.118673,0.07946296736022514,-0.52501672662288,0.11379348237535114,0.6078598792515969,-3.0821901815349704,-0.0004647823199557948,-1.2135565916644495,-1.7357948462115687,-1.843518082295553,-1.1333735624896448,1.5708105564117432,-0.03219634691347295,1
430,1788171366.1624718,0.07765326926542113,-0.5263847547662805,0.11381840132918586,-0.5930096468173609,3.0851096765010784,0.00030531529700550267,-1.217743221913473,-1.7381818930255335,-1.8406170050250452,-1.1337807814227503,1.5708345174789429,-0.026748005543844044,1
431,1788171366.2038918,0.07613416785677288,-0.527518798852873,0.11386729531584544,-0.5808013948504166,3.0873857081375315,-5.678150743513196e-06,-1.2212336699115198,-1.7400897184955042,-1.83824330965151,-1.1340439955340784,1.5708465576171875,-0.022332493458883107,1
432,1788171366.245743,0.0746185877825589,-0.5286491187292036,0.1138346776774502,-0.5685198696462384,3.0896848619971746,0.00012515545083441483,-1.2247002760516565,-1.7422006765948694,-1.835773770009176,-1.1344869772540491,1.5708465576171875,-0.017844502125875294,1
433,1788171366.288283,0.07283811735804001,-0.5300161261974032,0.11380667222398716,-0.553255920796172,3.092442812943366,0.00013052752243581048,-1.228790585194723,-1.7447322050677698,-1.8328006903277796,-1.1349299589740198,1.5708585977554321,-0.012059990559713185,1
434,1788171366.3316693,0.07138241925663104,-0.5311427195221539,0.11381687721220232,-0.5410441947947352,3.0946068148709327,0.00016825178684260993,-1.2321255842791956,-1.7468069235431116,-1.830259148274557,-1.135421101246969,1.5708585977554321,-0.007499519978658498,1
435,1788171366.3726757,0.06983304559998216,-0.5322154320092658,0.1137386276334485,0.5289229178224102,-3.096736762374656,-0.0005758829213685891,-1.2355802694903772,-1.7489307562457483,-1.8278377691852015,-1.1359837690936487,1.5708465576171875,-0.0031192938434045914,1
436,1788171366.4133754,0.06836846061995384,-0.533359559798496,0.11384524474500374,-0.5167251745165664,3.0987466899290386,0.00026911135829924996,-1.2389386335956019,-1.750873867665426,-1.825235668812887,-1.1364386717425745,1.5708825588226318,0.0013924171216785908,1
437,1788171366.4524446,0.06689566532502882,-0.5344994501428529,0.11384431460122682,-0.5041942578666637,3.1008223123196386,0.00015286629442273243,-1.2422731558429163,-1.7529729048358362,-1.8227065245257776,-1.1367977301227015,1.5708585977554321,0.006144162267446518,1
438,1788171366.4928029,0.06546908668369435,-0.5356659804842958,0.11385604238367292,-0.4916130162845008,3.1028379477852632,3.5482027274290718e-06,-1.2455361525165003,-1.7551325003253382,-1.8200691382037562,-1.1371811071978968,1.5708465576171875,0.010992905125021935,1
439,1788171366.5339854,0.06392353192436334,-0.5368275778161318,0.11384128318376677,-0.4790971732213009,3.10477135843619,1.1387339433442951e-05,-1.249014679585592,-1.7573278586017054,-1.8174317518817347,-1.1376240889178675,1.5708705186843872,0.015576871111989021,1
440,1788171366.5745637,0.06241525076789116,-0.5379602093740982,0.11382136009467425,-0.4671053982670091,3.1066380622769705,3.8840001816285316e-05,-1.2523730436908167,-1.7594869772540491,-1.8148415724383753,-1.1380789915667933,1.5708345174789429,0.019944746047258377,1
441,1788171366.616315,0.06059641743348545,-0.5393220155493595,0.1138471280935609,-0.4518366425688515,3.10890738474975,-7.599838358933488e-05,-1.2564156691180628,-1.7620061079608362,-1.8117011229144495,-1.138630215321676,1.5708105564117432,0.025729382410645485,1
442,1788171366.658013,0.05910141145962094,-0.5404210651114344,0.11385923592513028,-0.43903274509156975,3.110696206453035,7.142376604097194e-05,-1.2597501913653772,-1.7641175428973597,-1.809051815663473,-1.1392529646502894,1.5708705186843872,0.03062531352043152,1
443,1788171366.7005296,0.05759923949683034,-0.5415028773012337,0.11388845909047274,-0.4267010348244429,3.112466219746222,0.00022937591279394008,-1.2630370298968714,-1.7661808172809046,-1.8064025084124964,-1.139947239552633,1.5708345174789429,0.03526957333087921,1
444,1788171366.740813,0.05611284557021794,-0.5426535276243726,0.1138052694036141,0.4145604341464036,-3.114100884187237,-0.0004128806577569272,-1.2663353125201624,-1.7685321013080042,-1.8037050406085413,-1.140414063130514,1.5708225965499878,0.03977002575993538,1
445,1788171366.7811983,0.054645427119767484,-0.5437731537587274,0.11379799930114629,-0.40237510167357865,3.1156774303482866,0.0003158583137694631,-1.2695978323565882,-1.7706792990313929,-1.80109149614443,-1.1408093611346644,1.5708705186843872,0.044329650700092316,1
446,1788171366.8210878,0.05312593974536392,-0.5449287688622344,0.1138437759162608,-0.3895487416961222,3.1173061312793027,8.808242164237161e-05,-1.2729323546039026,-1.7728145758258265,-1.7983577887164515,-1.1412647406207483,1.5708465576171875,0.04922632873058319,1
447,1788171366.8616,0.05170757998959446,-0.5460570238832592,0.11380013652109153,-0.37706769145511365,3.1188030252273675,8.245756085621928e-05,-1.2760871092425745,-1.7750700155841272,-1.795685116444723,-1.1416719595538538,1.5708825588226318,0.05407432094216347,1
448,1788171366.901375,0.050218611291210004,-0.5472445181811487,0.11394490998252221,-0.3649318372360402,3.1201749261725227,-0.0005473295381617282,-1.2793739477740687,-1.777097527180807,-1.7928674856769007,-1.142054859791891,1.5708825588226318,0.05856278911232948,1
449,1788171366.9414473,0.04868550883770016,-0.548331687783139,0.1138468603627509,-0.3524743511276514,3.1217034454669332,-1.8711829191600813e-05,-1.2826603094684046,-1.7794483343707483,-1.7901223341571253,-1.1427972952472132,1.5708465576171875,0.06326659768819809,1
450,1788171366.982829,0.0471178331784215,-0.5494611402735513,0.1138060911344029,-0.3396844105021312,3.123160650193445,0.00022062846145916656,-1.2860305945025843,-1.7817638556109827,-1.7873051802264612,-1.1434558073626917,1.5708345174789429,0.06809137016534805,1
451,1788171367.0244927,0.045348976499053076,-0.5508218190313249,0.11380729657870173,-0.32425648118457556,3.1247595026842023,7.98820049746447e-05,-1.2898810545550745,-1.7844269911395472,-1.7839959303485315,-1.1440065542804163,1.5708585977554321,0.0741153210401535,1
452,1788171367.0643098,0.04386415537204367,-0.5520014702696449,0.11385784828111672,-0.31204873064223415,3.1259802532552294,-0.00021753025816716515,-1.2931073347674769,-1.7866585890399378,-1.781107250844137,-1.1444733778582972,1.5708465576171875,0.07869965583086014,1
453,1788171367.1059859,0.042348952900371675,-0.553148132408176,0.11388051148363917,-0.2997595651942488,3.1271537406286365,-0.00036001805681791456,-1.2963703314410608,-1.7888897101031702,-1.7782662550555628,-1.1449888388263147,1.5708585977554321,0.08329598605632782,1
454,1788171367.147159,0.040829513572072124,-0.5542605965711989,0.1139011734397897,-0.2870567339491218,3.1283366122567227,-0.0004335744342738191,-1.2996085325824183,-1.7910731474505823,-1.7754729429828089,-1.1455510298358362,1.5708585977554321,0.08817993104457855,1
455,1788171367.1877716,0.03933099989862727,-0.5553573343784465,0.11383718931421066,-0.27431615802231135,3.129540984409238,-1.019949818145956e-05,-1.3027871290790003,-1.793448273335592,-1.772583309804098,-1.146341625844137,1.5708465576171875,0.09314851462841034,1
456,1788171367.2272835,0.03786407193054606,-0.5564363327205167,0.11377870604277143,0.26192464792849707,-3.1306282274162127,-0.00035096987773791704,-1.3058818022357386,-1.7957752386676233,-1.7697423140155237,-1.1470959822284144,1.5708105564117432,0.09797291457653046,1
457,1788171367.267203,0.036395704389398306,-0.5575989175162436,0.11384023721047581,-0.2497732304282438,3.1316401341891953,5.8504337243523215e-05,-1.3090241591082972,-1.7980073134051722,-1.7667935530291956,-1.147623364125387,1.5708105564117432,0.10259320586919785,1
458,1788171367.309883,0.03486593656067214,-0.5587116840646207,0.11379575959253405,-0.2371833040311503,3.1326104435468967,0.00019425075031567502,-1.3122509161578577,-1.8003461996661585,-1.7639277617083948,-1.148233715687887,1.5708345174789429,0.10740524530410767,1
459,1788171367.3511877,0.03335320108470764,-0.5598738091151502,0.11391763175445441,-0.22405691849957332,3.1334777023525153,-0.00033071456897419514,-1.315465275441305,-1.802469555531637,-1.7609790007220667,-1.148712460194723,1.5708705186843872,0.11256557703018188,1
460,1788171367.3934798,0.03160403747885119,-0.5612470438469306,0.11390031655325628,-0.20905388130639288,3.1345305709557083,-0.00029494554475143083,-1.3191598097430628,-1.8053248564349573,-1.7573822180377405,-1.1494792143451136,1.5708585977554321,0.11844608932733536,1
461,1788171367.435172,0.03007008326885484,-0.5623575744672165,0.11387552943927187,-0.19671869743483344,3.1353599063151303,-3.49867545782757e-05,-1.3223503271686,-1.807699982319967,-1.7543733755694788,-1.1502812544452112,1.5708585977554321,0.1231263056397438,1
462,1788171367.4738038,0.028621669620183122,-0.563499957808061,0.11388215126397566,-0.18449153742793165,3.136115822743822,-0.00013317715567715807,-1.3253849188434046,-1.8100393454181116,-1.7513764540301722,-1.1508796850787562,1.5708345174789429,0.12789078056812286,1
463,1788171367.5137105,0.02710381327003232,-0.5646336987555964,0.11384610350563965,-0.1714533907694656,3.13687939795899,-0.00013790495016302278,-1.3285272757159632,-1.8124263922320765,-1.7484152952777308,-1.1514552275287073,1.5708105564117432,0.13306309282779694,1
464,1788171367.5546749,0.02566498648677135,-0.5658050334421404,0.11395110956813956,-0.15908317185705817,3.1374326811485225,-0.0006437212833302906,-1.3315618673907679,-1.814646069203512,-1.7453582922564905,-1.1519578138934534,1.5708465576171875,0.13791146874427795,1
465,1788171367.5966136,0.024113150307024107,-0.5669368442274486,0.11397896696657228,-0.14664154427092635,3.138034166988249,-0.0006788712663669242,-1.3347519079791468,-1.8169735113727015,-1.7422898451434534,-1.1526759306537073,1.5708465576171875,0.14265160262584686,1
466,1788171367.6399868,0.022352202301495542,-0.5681595550161013,0.11379789175811958,-0.13201680755110148,3.1388006397637116,0.0003788398009528174,-1.3383386770831507,-1.819984261189596,-1.7387288252459925,-1.1539095083819788,1.5708585977554321,0.14838792383670807,1
467,1788171367.6813025,0.02083736844516188,-0.5693105328820964,0.11383420636551228,-0.11894704742071865,3.1393102230291823,0.00017305445942949324,-1.341445271168844,-1.8223236242877405,-1.735636059437887,-1.1545317808734339,1.5708465576171875,0.15360818803310394,1
468,1788171367.7209322,0.019352945121458777,-0.5704143081561835,0.11381000261726751,-0.1063848826000667,3.139768007726735,0.0003274294448709774,-1.3444793860064905,-1.8247230688678187,-1.73256761232485,-1.1552985350238245,1.5708585977554321,0.15857677161693573,1
469,1788171367.7598102,0.01777655433929898,-0.571589488376744,0.11389730723980881,-0.09389520903800173,3.140127762812072,-8.193216002776587e-05,-1.3476818243609827,-1.827026669179098,-1.7294018904315394,-1.1558974424945276,1.5708465576171875,0.1633288860321045,1
470,1788171367.7983365,0.016345249897126792,-0.5727190276483962,0.11389546046754939,-0.08161134904995518,3.1404803652514297,-6.875425265331784e-06,-1.3506086508380335,-1.829461399708883,-1.7262256781207483,-1.1566875616656702,1.5708465576171875,0.16822557151317596,1
471,1788171367.8404233,0.0148003104397996,-0.57381553553025,0.11376046688801528,-0.06863148002868542,3.140841985515455,0.0004972655556345606,-1.3537147680865687,-1.8320649305926722,-1.7231205145465296,-1.1575139204608362,1.5708585977554321,0.17338590323925018,1
472,1788171367.8810222,0.013379928390896422,-0.5749904725352373,0.11387022215972864,-0.05604200088671591,3.1410035073290796,-1.036321376300879e-05,-1.3566296736346644,-1.8343566099749964,-1.7199080626117151,-1.158100430165426,1.5708825588226318,0.17848630249500275,1
473,1788171367.922666,0.011810139408537874,-0.5761435508648274,0.1138860887971831,-0.04352996255705642,3.1412230128694563,-0.00013222913958806933,-1.3597601095782679,-1.8367913405047815,-1.7166946570025843,-1.158807102833883,1.5708465576171875,0.1833226978778839,1
474,1788171367.9625897,0.010345350694083922,-0.5772561359810677,0.11393362360348877,-0.03129973097049651,3.141352355738049,-0.00025916718305173824,-1.3626983801471155,-1.839118782673971,-1.7135303656207483,-1.1595614592181605,1.5708465576171875,0.18817105889320374,1
475,1788171368.0011764,0.0088322078221446,-0.5783176611500683,0.11390797670362032,-0.01871101292220183,3.141499932514688,0.00020651735553651088,-1.3656967321978968,-1.8415659109698694,-1.7103055159198206,-1.1606391111956995,1.5708585977554321,0.19318757951259613,1
476,1788171368.0416386,0.0073755540044424545,-0.5794644914035342,0.1138303599174304,0.005839155848317228,-3.1415717789625184,-0.00032672580182895034,-1.3685992399798792,-1.8441694418536585,-1.7070687452899378,-1.1613577047931116,1.5708225965499878,0.19847974181175232,1
477,1788171368.0838876,0.005871013721342101,-0.580583005724399,0.1138343128300226,-0.0063742106212519075,-3.1415658108539413,-0.0002686144721018894,-1.3715737501727503,-1.8465927282916468,-1.7038677374469202,-1.1621001402484339,1.5708105564117432,0.20328055322170258,1
478,1788171368.124206,0.004357664182795281,-0.5817223805666709,0.11379546630038809,0.01881252849349635,3.1415003982660203,0.0002118302915725219,-1.3745844999896448,-1.8491118589984339,-1.7006552855121058,-1.1627467314349573,1.5708585977554321,0.20818845927715302,1
479,1788171368.1652622,0.002831040956849246,-0.5828435871453321,0.1138247105211497,0.031344433718187174,3.141393467108543,0.00015833322103593766,-1.3775823752032679,-1.8515351454364222,-1.6973708311664026,-1.1635730902301233,1.5708585977554321,0.21316903829574585,1
480,1788171368.2061481,0.0013175373585987474,-0.5840073565184257,0.11390034110079694,0.044460710123665974,3.1412228285656987,-2.9511347724174835e-05,-1.380556885396139,-1.8539822737323206,-1.693941895161764,-1.1644352118121546,1.5708465576171875,0.21854545176029205,1
481,1788171368.2462769,-0.00012618378115269936,-0.5851728303977132,0.11384613394240983,0.05672821870547397,3.14101128520048,-4.169343119972675e-05,-1.383411709462301,-1.856610123311178,-1.6905973593341272,-1.1651414076434534,1.5708585977554321,0.22350168228149414,1
482,1788171368.2878964,-0.001660854882459667,-0.5863263082550488,0.113884717564247,0.06918289501024118,3.1407342861952934,-0.0003386990477316012,-1.3863981405841272,-1.8590567747699183,-1.6872771422015589,-1.1658242384540003,1.5708465576171875,0.22844630479812622,1
483,1788171368.3284395,-0.003386373499647181,-0.5876618006427764,0.11385752115975573,0.08427482130112719,3.1404068826445433,-0.00012032512519202793,-1.3897560278521937,-1.8621161619769495,-1.6832249800311487,-1.1669614950763147,1.5708345174789429,0.23469869792461395,1
484,1788171368.3697765,-0.004883085689001674,-0.5887556734590942,0.11391621264911489,0.09699104970042759,3.1400431437842378,-4.197414022983288e-06,-1.392646614705221,-1.864539925252096,-1.67979604402651,-1.168039623891012,1.5708465576171875,0.23990696668624878,1
485,1788171368.410943,-0.006338409977835332,-0.5898917676737853,0.11393918931753802,0.10912146388730946,3.139622604353775,-0.0001689314387007725,-1.3954651991473597,-1.8670228163348597,-1.6764276663409632,-1.1688178221331995,1.5708465576171875,0.2448156327009201,1
486,1788171368.4512882,-0.00788544329542906,-0.5910122165969602,0.11389835787714528,0.12164632044244063,3.1391958083986196,-0.00010199647318789669,-1.3984153906451624,-1.8696020285235804,-1.673058811818258,-1.1696561018573206,1.5708225965499878,0.2498437613248825,1
487,1788171368.4887218,-0.009374928946788465,-0.5920834886039051,0.1138822179301758,0.1342631366684164,3.138674990181201,-5.9901641483957866e-05,-1.4012578169452112,-1.872049633656637,-1.6697981993304651,-1.1704939047442835,1.5708345174789429,0.25504040718078613,1
488,1788171368.5283747,-0.01097927751000179,-0.5930886543607573,0.11387839135944727,0.14715799789279993,3.1380474749281633,-6.067640644908082e-05,-1.4042804876910608,-1.874340836201803,-1.666717831288473,-1.171272102986471,1.5708825588226318,0.2602367103099823,1
489,1788171368.57043,-0.01257692938660753,-0.5941199814170441,0.11394157002703029,0.15944672748804095,3.137413207169893,-0.0003931567334787673,-1.4072664419757288,-1.8765485922442835,-1.6636126677142542,-1.171955410634176,1.5708705186843872,0.2650846838951111,1
490,1788171368.61359,-0.014290956569601892,-0.5951174602405304,0.11394189705228269,0.17224595822917912,3.136758681568192,-0.0004972421808195135,-1.4104207197772425,-1.8788154760943812,-1.660555664693014,-1.172685448323385,1.5708345174789429,0.27008959650993347,1
491,1788171368.6560225,-0.016139458520035375,-0.5963380870224956,0.1138960454770368,0.18748534831698593,3.135868625069427,-0.0004325462676923153,-1.413874928151266,-1.8816826979266565,-1.6567795912372034,-1.1736310164081019,1.5708585977554321,0.27635398507118225,1
492,1788171368.6956322,-0.017785589344198625,-0.5972190603056535,0.11386080494176631,0.20022574714720823,3.135175828261192,0.00015447674523616576,-1.4168732802020472,-1.8839266935931605,-1.6537230650531214,-1.174828831349508,1.5708465576171875,0.2814783751964569,1
493,1788171368.7365446,-0.019306131358968432,-0.5981036769279647,0.113837993631492,0.21224160228012817,3.1343749347832732,0.0002540865534265766,-1.4196675459491175,-1.8860376516925257,-1.650893513356344,-1.1756070295916956,1.5708705186843872,0.28635069727897644,1
494,1788171368.7779827,-0.020986276535052296,-0.5989827336428094,0.11386781427508186,0.22487645106301993,3.13349676958806,0.00010120836317302903,-1.4227021376239222,-1.8880413214312952,-1.6481006781207483,-1.1763017813311976,1.5708465576171875,0.2913792133331299,1
495,1788171368.8181496,-0.022541156973535908,-0.599881032950266,0.11393777251737741,0.2374471738634318,3.1325246017268245,-0.00021077213577267874,-1.425532642995016,-1.890008274708883,-1.6452716032611292,-1.176960293446676,1.5708465576171875,0.29657548666000366,1
496,1788171368.8594043,-0.024163791761812266,-0.6007517939346962,0.11391466636726638,0.2502437175750387,3.1315287471494737,-3.5758184363414325e-05,-1.4284713904010218,-1.892144028340475,-1.6423824469195765,-1.1778224150287073,1.5708705186843872,0.30180811882019043,1
497,1788171368.9004817,-0.025730450287348463,-0.6015490497391331,0.11377647904494745,-0.262326663380157,-3.130616258827098,-0.0004759269682382881,-1.4312775770770472,-1.894315544758932,-1.6396973768817347,-1.1786726156817835,1.5708585977554321,0.30671602487564087,1
498,1788171368.9412746,-0.027360673848958295,-0.6024233969740229,0.11385243456519667,0.2748122788141842,3.129534401836572,7.92249224714098e-05,-1.4341915289508265,-1.8962352911578577,-1.6369159857379358,-1.1792834440814417,1.5708225965499878,0.31178048253059387,1
499,1788171368.98309,-0.02896763531605845,-0.6032664927211728,0.11385135822012302,0.2876507671098119,3.1283581668933658,1.0433761523697344e-05,-1.4370701948748987,-1.8982504049884241,-1.6341589132892054,-1.1799777189837855,1.5708345174789429,0.3171093463897705,1
500,1788171369.0240803,-0.030941415463632965,-0.6042320345228527,0.11392358695203339,0.3032195873506093,3.1268506096392703,-7.146680794812887e-05,-1.4405840078936976,-1.90051776567568,-1.630850617085592,-1.1809595266925257,1.5708585977554321,0.3235534727573395,1
501,1788171369.0656893,-0.0325246383330881,-0.6050190261500921,0.11396121177115087,0.31533589941595114,3.1256600265148764,-1.662028112043813e-05,-1.443390194569723,-1.9024251143084925,-1.6281049887286585,-1.181833569203512,1.5708585977554321,0.32849809527397156,1
502,1788171369.1063144,-0.03414080254566843,-0.605772249453576,0.11384766013194164,0.32767731064403177,3.1244433536203133,0.0002556609365723125,-1.4462326208697718,-1.9044645468341272,-1.6255515257464808,-1.182528320943014,1.5708465576171875,0.3335505723953247,1
503,1788171369.147236,-0.03574630231848499,-0.6065618361863525,0.11384397773097629,0.34049278564442564,3.1230594873469086,0.00016599197550117313,-1.4490626494037073,-1.906396214162008,-1.6229026953326624,-1.1831868330584925,1.5708465576171875,0.33892661333084106,1
504,1788171369.1882832,-0.03732233678421892,-0.607378831496227,0.11388061335308267,0.3531171594697989,3.121644979227402,-8.025039257100813e-05,-1.4518330732928675,-1.9083154837237757,-1.6201813856707972,-1.183833424245016,1.5708225965499878,0.34424349665641785,1
505,1788171369.229663,-0.03891669739124004,-0.608166453839432,0.11391724988378407,0.36518915414223363,3.1202240343139014,-0.00012543860857015555,-1.4546392599688929,-1.9102352301227015,-1.6174243132220667,-1.1846354643451136,1.5708465576171875,0.34917575120925903,1
506,1788171369.2693794,-0.04048591388839108,-0.6089051837008228,0.11387476443246564,0.37750776459824315,3.118794581201702,3.570680181750244e-05,-1.4573739210711878,-1.9121783415423792,-1.6148112455951136,-1.185413662587301,1.5708345174789429,0.35433608293533325,1
507,1788171369.3135586,-0.042439395602222874,-0.6098675059051364,0.11395778066050596,0.39305883429609045,3.116787509705114,-0.00035669149494712757,-1.4607918898211878,-1.914422337208883,-1.6115263144122522,-1.1861918608294886,1.5708585977554321,0.3609004616737366,1
508,1788171369.3539252,-0.04395141010521499,-0.6106549000125611,0.11392030687388885,0.40534045741948477,3.1152083602478373,-0.00039139637081040063,-1.4634307066546839,-1.9164255301104944,-1.6088412443744105,-1.1868508497821253,1.5708585977554321,0.3661450445652008,1
509,1788171369.3944435,-0.045581468810925285,-0.6114189184233833,0.11385395851615382,0.4175844798767007,3.1136452406608375,-0.0001197653742903342,-1.4662488142596644,-1.9185131231891077,-1.6060603300677698,-1.1877248922931116,1.5708465576171875,0.37118515372276306,1
510,1788171369.4355826,-0.04714405162154929,-0.6121432372736746,0.11386916434397756,0.4298033182742071,3.1120277158288276,0.00017217633673155942,-1.4689467589007776,-1.9204443136798304,-1.603267017995016,-1.1887782255755823,1.5708465576171875,0.37633389234542847,1
511,1788171369.4752297,-0.04882569060332466,-0.6129320693766437,0.11386796539181038,0.44286389380991725,3.110170200175973,8.725013006494091e-05,-1.47184926668276,-1.9224594275103968,-1.6004622618304651,-1.1895092169391077,1.5708585977554321,0.38182976841926575,1
512,1788171369.5150862,-0.050421862404199845,-0.6137269824021373,0.11386638622349268,0.45528709009193835,3.108370493378461,-2.6262615926150872e-05,-1.47459584871401,-1.9244750181781214,-1.5976570288287562,-1.1902273336993616,1.5708465576171875,0.387074738740921,1
513,1788171369.5531142,-0.05198891429621975,-0.6145520479192237,0.11396947304524971,0.4673147868824315,3.1064916333535395,-0.00045477077489654766,-1.4773057142840784,-1.926382843648092,-1.5947678724872034,-1.1909216086017054,1.5708705186843872,0.3921148478984833,1
514,1788171369.5927637,-0.05361549830455916,-0.6152991064347583,0.11396437310695673,0.4794514308819114,3.1046943371026265,-0.00027971948846384695,-1.4800761381732386,-1.9283979574786585,-1.5919149557696741,-1.1918800512896937,1.5708465576171875,0.3971553444862366,1
515,1788171369.6327543,-0.05516441462012777,-0.6160789525531046,0.11390410599367742,0.492189351329228,3.1027180500782015,-0.00016906474568803312,-1.4827263990985315,-1.930509392415182,-1.589085880910055,-1.1926701704608362,1.5708465576171875,0.40271154046058655,1
516,1788171369.674833,-0.056835238897576155,-0.6168573356197246,0.1139076207337987,0.5048202775516093,3.1006641592180286,-0.00031490287514374316,-1.4855688253985804,-1.9325249830829065,-1.5862563292132776,-1.1933882872210901,1.5708465576171875,0.40801605582237244,1
517,1788171369.7168612,-0.05839140862870773,-0.6176446916481424,0.11388482129476946,0.5168083547342547,3.098653300663065,-0.0002986558101221992,-1.4882314840899866,-1.9346125761615198,-1.583367649708883,-1.194190804158346,1.5708825588226318,0.41309213638305664,1
518,1788171369.7582595,-0.060038734235619576,-0.6183751837079272,0.11386269278101524,0.5292190979256183,3.09665618485365,7.238479528697223e-05,-1.4910014311419886,-1.936700169240133,-1.580407444630758,-1.1953161398517054,1.5708465576171875,0.418324738740921,1
519,1788171369.800283,-0.06187542606319167,-0.6192361035615549,0.11388349337455145,0.5443181207111091,3.0940563553958444,0.0002600345266057045,-1.4941070715533655,-1.9390395323382776,-1.5770023504840296,-1.1965020338641565,1.5708585977554321,0.4249729812145233,1
520,1788171369.8399072,-0.06349641471727388,-0.6200269223201377,0.11385057870456902,0.556724180853848,3.0918072815678923,0.00023931768693789937,-1.4968536535846155,-1.9411748091327112,-1.5740659872638147,-1.197280232106344,1.570894479751587,0.43025314807891846,1
521,1788171369.8843803,-0.06509247766588015,-0.620834556556549,0.11381852704938253,0.5685412903388135,3.0896948883874624,0.0002448890115421027,-1.4995277563678187,-1.9433582464801233,-1.5710447470294397,-1.1981309095965784,1.5708585977554321,0.4352213740348816,1
522,1788171369.9273808,-0.06672804199718381,-0.6215927779564382,0.11386172824119054,0.581088592974468,3.087380900040228,0.00029454313696066316,-1.5022619406329554,-1.945397679005758,-1.5680120627032679,-1.1991599241839808,1.5708465576171875,0.44060978293418884,1
523,1788171369.9712603,-0.06868892490369498,-0.6225428105981673,0.11383849458044173,0.5963069454924022,3.0844808651192834,0.0002368650734850686,-1.505535904561178,-1.947977368031637,-1.5644038359271448,-1.200153652821676,1.5708345174789429,0.4471984803676605,1
524,1788171370.0156684,-0.07024982518081492,-0.6233334175635065,0.11386369330171281,0.6082619243826003,3.082082037207377,1.1817642107610901e-05,-1.5081504026996058,-1.9500287214862269,-1.5614431540118616,-1.2009084860431116,1.5708585977554321,0.45234644412994385,1
525,1788171370.0566924,-0.0722252869812512,-0.6242387212082099,0.11389854286920012,0.6229390447018632,3.079167342922842,4.404548891404253e-05,-1.5114243666278284,-1.9525120894061487,-1.55778676668276,-1.2021058241473597,1.5708465576171875,0.4585988521575928,1
526,1788171370.0993288,-0.07377791519289499,-0.6249971498879426,0.11378442793351501,-0.6354615327899056,-3.076624765174711,-0.0005418887656764991,-1.5140026251422327,-1.954827610646383,-1.5546944777118128,-1.2032073179828089,1.5708585977554321,0.4641554057598114,1
527,1788171370.1427963,-0.07541606598156964,-0.6257346431792838,0.11378445695957651,-0.6478965111501256,-3.0740335814625914,-0.00044650016233500884,-1.5167010466205042,-1.9568670431720179,-1.5517810026751917,-1.2040217558490198,1.5708465576171875,0.46954345703125,1
528,1788171370.183126,-0.07727198040279883,-0.6266050621147732,0.11383306959118006,0.6621742112136589,3.070956308962118,0.00018924728622795133,-1.519770924245016,-1.959182087575094,-1.5483649412738245,-1.2049434820758265,1.5708825588226318,0.47577187418937683,1
529,1788171370.2261372,-0.07892435476136837,-0.6272345836306662,0.11381378658358998,0.6745728405243694,3.0682882422758704,0.00029502567218810924,-1.5224688688861292,-1.9610779921161097,-1.5456679503070276,-1.2058175245868128,1.5708705186843872,0.4811479151248932,1
530,1788171370.2673187,-0.08047150170226387,-0.6278533047628075,0.11390802184402726,0.6869486420985931,3.0655135032850502,-5.30712913086565e-06,-1.5249870459186,-1.9627211729632776,-1.5430906454669397,-1.206559960042135,1.5708465576171875,0.48670411109924316,1
531,1788171370.3078027,-0.08209455038120894,-0.6284770259585285,0.11392533714128855,0.6992600945887533,3.062705109606747,-0.00020811210227395042,-1.527625862752096,-1.964496914540426,-1.5405133406268519,-1.2072308699237269,1.5708345174789429,0.49210450053215027,1
532,1788171370.349413,-0.08367270011095766,-0.629130746531703,0.11388025827731763,0.710961063211107,3.060022639647529,-0.0003492999958263799,-1.5301802794085901,-1.9664047400103968,-1.5378997961627405,-1.207853142415182,1.570798635482788,0.4971925616264343,1
533,1788171370.3910415,-0.08524775463130972,-0.6297212732694073,0.11381427914203848,0.7234383856631877,3.057100641182019,-0.00011539283650818063,-1.5327461401568812,-1.9683001677142542,-1.5352986494647425,-1.208703343068258,1.5708345174789429,0.5027850866317749,1
534,1788171370.434468,-0.08726579830672161,-0.6303773524621953,0.11386018322529998,0.7387135856175856,3.053480159743342,0.00014524320966370624,-1.5360077063189905,-1.9703996817218226,-1.5320866743670862,-1.20998460451235,1.5708465576171875,0.5095175504684448,1
535,1788171370.4753249,-0.08878239529131211,-0.6310109839619101,0.11387055076788871,0.7504764381523222,3.0505667714006255,4.657343409448233e-05,-1.5384662787066858,-1.9722350279437464,-1.5294130484210413,-1.2107508818255823,1.5708705186843872,0.5147737860679626,1
536,1788171370.5176349,-0.09045579167309685,-0.631611295820462,0.11386785851461448,0.7627380707266886,3.047551806067708,-8.112553365687327e-05,-1.5411408583270472,-1.9740589300738733,-1.526788059865133,-1.2114809195147913,1.5708225965499878,0.5201378464698792,1
537,1788171370.5564446,-0.09197527094296197,-0.6322169684910581,0.11391022041185866,0.7750274859682573,3.0444173268250996,-0.00018543208479026755,-1.5435870329486292,-1.9758217970477503,-1.5241263548480433,-1.2123072783099573,1.5708345174789429,0.5257659554481506,1
538,1788171370.595965,-0.09358573129338373,-0.6327591453316049,0.11386270984079463,0.7872508827062009,3.0413272234678526,7.042490511850346e-05,-1.5461652914630335,-1.9776576201068323,-1.5215376059161585,-1.2132294813739222,1.5708345174789429,0.5312142372131348,1
539,1788171370.639162,-0.09518969959441706,-0.6333911889785813,0.11383706197576829,0.7991668238269022,3.0381805198642144,-0.00012751265782041683,-1.5487311522113245,-1.9795530478106897,-1.5188763777362269,-1.2138641516314905,1.5708345174789429,0.5364944338798523,1
540,1788171370.680939,-0.09710268849130531,-0.6340571242495638,0.11381080482261569,0.813769789332193,3.034281364700489,-9.741821662019712e-05,-1.5517895857440394,-1.9817007223712366,-1.5158074537860315,-1.2147982756244105,1.5708585977554321,0.543058454990387,1
541,1788171370.7210355,-0.09869344913010339,-0.6346076548654821,0.11381356475399895,0.8261444257222912,3.0309527748519636,-6.586550556512559e-06,-1.5543196837054651,-1.983487908040182,-1.5131705443011683,-1.215708080922262,1.5708585977554321,0.5486865043640137,1
542,1788171370.7646997,-0.10026378111038811,-0.6350909163114243,0.11371778178887801,-0.8381181335865624,-3.0276544268928522,-0.0006171081473147409,-1.5568020979510706,-1.9853599707232874,-1.5105813185321253,-1.2168458143817347,1.5708345174789429,0.5541108846664429,1
543,1788171370.8062165,-0.10187003306281509,-0.635698573559467,0.11378374112579304,-0.8499876215741552,-3.024409084583261,-0.0004112778172633992,-1.5593560377704065,-1.987159554158346,-1.5078004042254847,-1.2176836172686976,1.5708585977554321,0.559390664100647,1
544,1788171370.8467455,-0.1034600094560967,-0.6363118665425439,0.11390989971905383,0.8622268182522478,3.0208713388516757,-1.663729866105186e-05,-1.5618742148028772,-1.9888628164874476,-1.5050314108477991,-1.218461815510885,1.5708705186843872,0.5649831891059875,1
545,1788171370.8892581,-0.10542506523739954,-0.636973221876922,0.11386328296953299,0.8772169626559745,3.01660725424239,0.0001958143292842833,-1.5649679342852991,-1.9911420981036585,-1.5017707983600062,-1.2195876280414026,1.5708585977554321,0.5718111991882324,1
546,1788171370.931014,-0.10706154167626103,-0.637539688218273,0.11382353592257782,0.8890287180566063,3.013153656543928,0.00029237841711606585,-1.5675461927997034,-1.9930618445025843,-1.4990375677691858,-1.220461670552389,1.5708705186843872,0.5770674347877502,1
547,1788171370.97172,-0.10862154703418812,-0.6381573125437355,0.11387596774238748,0.9004683753660372,3.0097696858847134,-2.69900040647343e-05,-1.5699690024005335,-1.994885269795553,-1.4962571302997034,-1.2212279478656214,1.570798635482788,0.5822393298149109,1
548,1788171371.012932,-0.11027689867041462,-0.6387453860665097,0.1138442114590873,0.911345443589202,3.006419788829961,-7.081538888517358e-05,-1.5725825468646448,-1.996828858052389,-1.4934876600848597,-1.222006622944967,1.5708585977554321,0.5868712663650513,1
549,1788171371.0558305,-0.11212186509604709,-0.639335834636154,0.11379308210672756,-0.922223556989676,-3.003133475430283,-0.0005189348359060307,-1.5754607359515589,-1.9990604559527796,-1.490227524434225,-1.2234309355365198,1.5708465576171875,0.5912275314331055,1
550,1788171371.0964305,-0.11377337513745912,-0.6399089801477159,0.11384819245626954,-0.9301412833383857,-3.0007386282929347,-0.0003458689415015673,-1.5780389944659632,-2.0008838812457483,-1.487410847340719,-1.2243054548846644,1.5708585977554321,0.5939153432846069,1
551,1788171371.1370618,-0.1153032515834202,-0.6404892378685394,0.11384729073580466,-0.9365987280908546,-2.9987245850750477,-0.00030455122832332646,-1.5804131666766565,-2.0027673880206507,-1.4846294561969202,-1.2251794973956507,1.5708465576171875,0.5958474278450012,1
552,1788171371.177486,-0.11696521054624481,-0.6410915548881565,0.11381787270319943,0.9418267565925766,2.997074012236877,0.00017904030348526927,-1.5829914251910608,-2.004759136830465,-1.481776539479391,-1.22595721880068,1.5708465576171875,0.5967593789100647,1
553,1788171371.21726,-0.11855789540719991,-0.6416383784356205,0.11378861098129453,-0.9459797969983994,-2.9957761413624864,-0.0003838988480183698,-1.585461441670553,-2.006702725087301,-1.4789355436908167,-1.2269871870623987,1.5708585977554321,0.5970593690872192,1
554,1788171371.2580912,-0.12012241428328457,-0.6422585539081773,0.11381843940785047,0.948863647919134,2.994839432656117,0.00010934174214437996,-1.5878718535052698,-2.0086219946490687,-1.4760468641864222,-1.2277777830706995,1.5708465576171875,0.5965792536735535,1
555,1788171371.2993667,-0.12170801347593405,-0.6428816807936601,0.11387132781728229,0.9511349122047349,2.9940318614935375,-0.00026310468895585754,-1.5903175512896937,-2.010517422352926,-1.4731462637530726,-1.2285321394549769,1.5708585977554321,0.59566730260849,1
556,1788171371.3400557,-0.12329511458570716,-0.6434700964601874,0.1139248258825705,0.9522092817198742,2.993685177804139,-0.00035863283739261494,-1.5927522818194788,-2.012425247822897,-1.470173184071676,-1.2295377890216272,1.5708465576171875,0.5939512848854065,1
557,1788171371.3811712,-0.12492006317675401,-0.6439826312611431,0.11398197602223917,0.9522289417840003,2.9937580787098144,-0.00015775637352416098,-1.595234219227926,-2.014272991810934,-1.467224423085348,-1.2307828108416956,1.5708105564117432,0.5914672017097473,1
558,1788171371.4224384,-0.12661095926785915,-0.6445366738040171,0.11391428290903732,0.9522219022508711,2.993745522809415,-3.215288380895266e-05,-1.5978363196002405,-2.0163243452655237,-1.4643238226519983,-1.2317050139056605,1.5708465576171875,0.5888632535934448,1
559,1788171371.4638443,-0.1284698163193549,-0.6452501689913911,0.11381398523795325,-0.9521265354288015,-2.993828402170152,-5.78409565223761e-05,-1.600654427205221,-2.018832031880514,-1.4608238379107874,-1.2327707449542444,1.570798635482788,0.5859712958335876,1
560,1788171371.5048528,-0.13007509992949773,-0.6457969476197478,0.11389889386469862,0.9517991154578785,2.9938631022001916,1.5789364114791795e-05,-1.6031249205218714,-2.020679299031393,-1.4578388373004358,-1.2338603178607386,1.5708705186843872,0.583295464515686,1
561,1788171371.5462818,-0.13158725853055211,-0.6463939746621822,0.11387332789736893,0.9514918657588421,2.993966172158939,-2.488086222804312e-05,-1.6054146925555628,-2.0226948896991175,-1.4548900763141077,-1.2347701231585901,1.5708585977554321,0.580799400806427,1
562,1788171371.585331,-0.13328012503547948,-0.646967632941284,0.11393275222940313,0.9515726216005829,2.9939198275937837,-0.00034845385365951697,-1.607969109212057,-2.024601761494772,-1.4519174734698694,-1.2356322447406214,1.5708225965499878,0.5783029198646545,1
563,1788171371.624943,-0.13485107023084597,-0.6475529516505798,0.11393213872359029,0.9517687791628376,2.9937986307980764,-0.00045872123582624106,-1.6103552023517054,-2.0265935103045862,-1.4489448706256312,-1.236530605946676,1.5708585977554321,0.5760592222213745,1
564,1788171371.6668336,-0.1364414634158054,-0.6480733702645342,0.11388803909775111,0.9520303743377768,2.9938275400461056,8.066409046835037e-05,-1.6127527395831507,-2.0286815802203577,-1.4458277861224573,-1.2379191557513636,1.5708465576171875,0.5738148093223572,1
565,1788171371.708107,-0.13808263927388373,-0.6486460658160709,0.11381942280505031,0.9520370813314929,2.9938551051852804,0.0002461220945423974,-1.615223232899801,-2.0308287779437464,-1.4427474180804651,-1.2389615217791956,1.5708465576171875,0.5713430643081665,1
566,1788171371.7502732,-0.1396032183990819,-0.6492521436663238,0.11386610944551176,0.9518782119212459,2.9938631356912535,1.0185721516299584e-05,-1.6175015608416956,-2.0327962080584925,-1.439690891896383,-1.2398951689349573,1.5708465576171875,0.568966805934906,1
567,1788171371.79003,-0.14120905718410198,-0.6497599328363357,0.11382480529429911,-0.9520492560595121,-2.993849817449349,-0.0003742083059802402,-1.6199114958392542,-2.0348356405841272,-1.4366582075702112,-1.2411282698260706,1.5708465576171875,0.5666632056236267,1
568,1788171371.83094,-0.14286246632825098,-0.6503506543586719,0.1138527279587293,0.9518274866154259,2.9939081374151706,0.00017499739295572398,-1.6223819891559046,-2.036875073109762,-1.4335296789752405,-1.2420862356769007,1.5708465576171875,0.5640469193458557,1
569,1788171371.87253,-0.1447259363511087,-0.6511026760415484,0.11395641951601385,0.9513496364518526,2.993971511871981,-0.0003348485680435371,-1.6251519362079065,-2.039238754902975,-1.42975360551943,-1.2431634108172815,1.5708465576171875,0.5609748363494873,1
570,1788171371.9140394,-0.1464104654416199,-0.6515874112432823,0.11388517074681492,0.9515821577212582,2.9939674202748314,0.00014539566517467978,-1.627669636403219,-2.0413501898394983,-1.4266613165484827,-1.2444570700274866,1.5708585977554321,0.5585989952087402,1
571,1788171371.9533975,-0.1479813162169643,-0.6521269199827106,0.11376976805796588,-0.9516712276173441,-2.9939440974333156,-0.0005420666029336871,-1.6299966017352503,-2.0435455481158655,-1.4235685507403772,-1.2456181685077112,1.5708465576171875,0.5563305616378784,1
572,1788171371.993508,-0.14961509158523528,-0.652744028837405,0.11385096280030285,0.9517796933920155,2.993922830938786,0.00010101045975029159,-1.6324060598956507,-2.04556113878359,-1.4203560988055628,-1.246528450642721,1.5708345174789429,0.5539910197257996,1
573,1788171372.0355742,-0.15125157914719353,-0.6532923520976938,0.11380549401770473,0.9525156113004537,2.9936977635147275,0.0002341478141551114,-1.6348283926593226,-2.0476964155780237,-1.417203728352682,-1.2476299444781702,1.5708465576171875,0.5520585775375366,1
574,1788171372.0780535,-0.15278399718334992,-0.6538944364248195,0.11385045936308652,0.9537356482230258,2.9933125575165853,9.855449602962303e-05,-1.6370704809771937,-2.049760643635885,-1.413955036793844,-1.2487314383136194,1.5708225965499878,0.5506309866905212,1
575,1788171372.1189985,-0.15444472641866308,-0.6544985790971067,0.11394354640051332,0.9566348664000144,2.9922421020945404,-0.00039037681730733466,-1.6395285765277308,-2.0517638365374964,-1.4107306639300745,-1.2496174017535608,1.5708825588226318,0.5501384735107422,1
576,1788171372.1581695,-0.15628290121914912,-0.6552057720237336,0.11390104074142801,0.9614454486492215,2.990769833671073,-0.00020251578695407082,-1.6422026793109339,-2.0544026533709925,-1.4067752997027796,-1.251066033040182,1.5708465576171875,0.5506669282913208,1
577,1788171372.1970165,-0.15758257671163858,-0.655636931033798,0.1138974454245194,0.9654110967986577,2.9895040875692316,-4.966403925651241e-05,-1.64410907426943,-2.0561068693744105,-1.4041503111468714,-1.2520840803729456,1.5708585977554321,0.5514106750488281,1
578,1788171372.238095,-0.15924194439041772,-0.6561976833412588,0.11393567550908743,0.9717667761572553,2.9874203279696214,-0.00019597347640855437,-1.6465314070331019,-2.0581825415240687,-1.4008896986590784,-1.2531731764422815,1.5708585977554321,0.5532464981079102,1
579,1788171372.280946,-0.1610919828707296,-0.6568921656906372,0.11386226456873066,0.9801743643515092,2.9846995451390255,-2.9306410076491807e-05,-1.6492169539081019,-2.060845677052633,-1.3969700972186487,-1.2545388380633753,1.5708585977554321,0.5561867952346802,1
580,1788171372.322346,-0.16274134016314354,-0.6574895004088123,0.11394990623121168,0.9888930687689711,2.9817776652058345,-0.00038080848206133416,-1.6516030470477503,-2.062920872365133,-1.39360219637026,-1.255604092274801,1.5708465576171875,0.559654712677002,1
581,1788171372.3641958,-0.16433891197309777,-0.6580626989458569,0.11398435248404215,0.9990844540172487,2.9783267881940105,-0.0006125130155960699,-1.65391713777651,-2.0649965445147913,-1.3903539816485804,-1.2566216627704065,1.5708585977554321,0.5641907453536987,1
582,1788171372.407187,-0.1658552762335495,-0.6585825547521083,0.1138576077342085,1.010325604767339,2.974622958798082,1.5524107674767125e-05,-1.6561115423785608,-2.0672882238971155,-1.3870576063739222,-1.2580350081073206,1.5708705186843872,0.5695312023162842,1
583,1788171372.450251,-0.16791264727120161,-0.6592111853290311,0.11382491499249114,-1.0245042808598215,-2.9698429278716207,-0.00027682359979185853,-1.6590731779681605,-2.069963280354635,-1.382970158253805,-1.259627644215719,1.5708345174789429,0.5760951638221741,1
584,1788171372.4924831,-0.16946703178515266,-0.6598286510069327,0.11386284072174355,1.0344388333835046,2.9663393383242633,3.166702288825388e-05,-1.6613033453570765,-2.072134796773092,-1.3795540968524378,-1.260705296193258,1.5708585977554321,0.5805712938308716,1
585,1788171372.5332892,-0.17104257893267089,-0.660366928993501,0.11381678909701226,-1.0436561362001617,-2.963129054639894,-0.0003431972330455211,-1.6635454336749476,-2.074378315602438,-1.3761499563800257,-1.2620824019061487,1.5708105564117432,0.5845429301261902,1
586,1788171372.5758529,-0.17296786416356083,-0.6610980048822429,0.11398017752970285,1.053362873124722,2.959660118148658,-0.00027109297886956116,-1.6662915388690394,-2.0768383185016077,-1.372002903615133,-1.2633631865130823,1.5708225965499878,0.5883591771125793,1
587,1788171372.6149604,-0.17448718618836906,-0.6616738617126572,0.11388304125868307,1.0594911833318232,2.9574934681919505,8.771997008170563e-05,-1.6684616247760218,-2.079201046620504,-1.3685382048236292,-1.2646916548358362,1.5708585977554321,0.5903272032737732,1
588,1788171372.6552696,-0.17616554252185626,-0.6621714411173562,0.11379519188658235,-1.0650872717142923,-2.955517602707498,-0.000510499634625983,-1.6708596388446253,-2.0815046469317835,-1.3651226202594202,-1.2660811583148401,1.5708585977554321,0.5917072892189026,1
589,1788171372.6945994,-0.1777300691045203,-0.6627661053157887,0.11384086711760794,-1.068912213235281,-2.954130463869276,-0.00023644210541959635,-1.673054043446676,-2.0836642424212855,-1.3616822401629847,-1.2671940962420862,1.5708105564117432,0.592103123664856,1
590,1788171372.7343318,-0.17898578292299522,-0.6632409679286674,0.1138342124825954,1.0712118319115385,2.953290447738287,0.000219087308962276,-1.6748407522784632,-2.085487667714254,-1.3588650862323206,-1.2681644598590296,1.5708585977554321,0.5918750166893005,1
591,1788171372.776433,-0.18095357804208523,-0.6639190620463714,0.11396536909852845,1.0736930429726477,2.9523468853363077,-0.00019074181296594846,-1.677610222493307,-2.0879948774920862,-1.3546703497516077,-1.2695892492877405,1.5708345174789429,0.5907953381538391,1
592,1788171372.8173432,-0.18249903698081174,-0.6645601598985655,0.11394001827650241,1.0738905023353822,2.952236249446167,-0.00042668885709353107,-1.6797683874713343,-2.090334717427389,-1.3511222044574183,-1.2706430594073694,1.5708345174789429,0.5887793898582458,1
593,1788171372.858864,-0.1841396895132173,-0.6650851260620295,0.11384452240588847,1.0743165002501345,2.9521477338054622,5.419553384882267e-05,-1.682082478200094,-2.092746082936422,-1.3475263754474085,-1.272139851246969,1.5708465576171875,0.5867394208908081,1
594,1788171372.9003222,-0.18573213610818434,-0.665658904975272,0.1138132089476695,1.074030917984018,2.95225412669941,0.00015094817110712563,-1.68431264558901,-2.0950854460345667,-1.3439305464373987,-1.273456875477926,1.5708585977554321,0.5843152403831482,1
595,1788171372.9413292,-0.18728812658594515,-0.6661205999444995,0.11382142181883448,1.07358916179451,2.9523691338507,3.1228582516408766e-05,-1.6865070501910608,-2.097064797078268,-1.3408258597003382,-1.2744982878314417,1.5708825588226318,0.5818315148353577,1
596,1788171372.982645,-0.1889448033826155,-0.6663865252130396,0.11386604957824975,1.073860315778539,2.952301960242879,-1.8462271021077085e-05,-1.6888564268695276,-2.098672691975729,-1.338188950215475,-1.2755034605609339,1.5708465576171875,0.5796589851379395,1
597,1788171373.0235755,-0.19089721171644705,-0.6666764083900226,0.11390888026625517,1.0741302270774151,2.9521694845396844,-0.00023683903824175948,-1.6916382948504847,-2.1004841963397425,-1.3352645079242151,-1.2764738241778772,1.5708465576171875,0.5770674347877502,1
598,1788171373.0632546,-0.19250764712763543,-0.6668061981436975,0.11392787999901233,1.0741378960743322,2.952145939232431,-0.00028839488146364684,-1.6939523855792444,-2.1017916838275355,-1.3331669012652796,-1.2772277037249964,1.5708585977554321,0.5747630596160889,1
599,1788171373.1024735,-0.19419171165243218,-0.666846412689475,0.11387162459710817,1.0745674871208117,2.952012554083665,-0.00031322813851320067,-1.696374241505758,-2.103015724812643,-1.331393067036764,-1.2777670065509241,1.5708345174789429,0.5726272463798523,1
600,1788171373.142619,-0.19570350718178078,-0.6668211311069353,0.11379420282931146,1.0744760402462072,2.9521009886733522,0.00013125943282081795,-1.6985686461078089,-2.1041434446917933,-1.3297508398639124,-1.2785690466510218,1.5708465576171875,0.5703588724136353,1
601,1788171373.1831949,-0.19731158962242223,-0.6667622892818119,0.11374916829893092,-1.0743755385695362,-2.952164270827865,-0.0005037377814699173,-1.7009065786944788,-2.105223004017965,-1.328109089528219,-1.2793715635882776,1.5708585977554321,0.5679470300674438,1
602,1788171373.2244015,-0.1989198961333385,-0.6667779319734679,0.11383498715902285,1.0745137940053775,2.952057703994768,0.00019876710683122315,-1.7032325903521937,-2.106182877217428,-1.326418701802389,-1.2798979918109339,1.5708825588226318,0.5657269358634949,1
603,1788171373.2646477,-0.20045332006641498,-0.6667826834856383,0.11384150499083387,1.0740657754570364,2.952267787491309,0.0001649333247678046,-1.7054265181170862,-2.1072147528277796,-1.3247764746295374,-1.280496899281637,1.5708345174789429,0.5632192492485046,1
604,1788171373.3050747,-0.20212779283653629,-0.6667895888695077,0.11383698856848978,1.0738152654538418,2.9523051861684966,6.691446990921177e-05,-1.707848850880758,-2.10834247270693,-1.323026482258932,-1.2810476461993616,1.5708705186843872,0.5606389045715332,1
605,1788171373.348459,-0.20368548759165622,-0.6666870089410074,0.11383675174395438,1.0738411305413813,2.952328635806721,0.00011452933945755889,-1.7101028601275843,-2.109194580708639,-1.321672264729635,-1.281585995350973,1.5708465576171875,0.558395266532898,1
606,1788171373.3891459,-0.20523391559667076,-0.6664536772948029,0.11382320819074657,1.073893063239639,2.9523180125734516,0.00026562197404642453,-1.7123807112323206,-2.1097939650165003,-1.3207371870623987,-1.2820175329791468,1.5708585977554321,0.5561507940292358,1
607,1788171373.4300902,-0.20685822369811097,-0.6662012432591414,0.11386598830620609,1.0740539169639676,2.952217679273949,-2.8546550897660457e-05,-1.714766804371969,-2.1102379004107874,-1.31996995607485,-1.282149616871969,1.5708585977554321,0.5538827776908875,1
608,1788171373.4712052,-0.20872083730424015,-0.6657875762067406,0.11391360824506996,1.0741151447823722,2.952177320995979,-0.00025348736312881255,-1.7175243536578577,-2.110513989125387,-1.3194430510150355,-1.2822569052325647,1.5708465576171875,0.5511706471443176,1
609,1788171373.51472,-0.21035441136345664,-0.6653327681923702,0.1139383639721589,1.0743862619773699,2.9520511855199203,-0.00036162100835837943,-1.7199700514422815,-2.1105979124652308,-1.3192628065692347,-1.282280747090475,1.5708585977554321,0.5489146113395691,1
610,1788171373.5559475,-0.21200500117247956,-0.6648443345242052,0.11391181105354528,1.074408279257631,2.9520664995675605,-0.0002908446174131948,-1.7224400679217737,-2.110718075429098,-1.3191311995135706,-1.2823408285724085,1.5708465576171875,0.5464544296264648,1
611,1788171373.5969832,-0.21359516022987252,-0.6643291750588279,0.11393133162164695,1.0742741873088981,2.952093372266764,-0.00036099623651298995,-1.7248380819903772,-2.1106699148761194,-1.319167439137594,-1.2823050657855433,1.5708585977554321,0.5439703464508057,1
612,1788171373.6366065,-0.2152207936390723,-0.6636738008815042,0.1138231280183511,1.0740922517700648,2.952211030524658,0.00012147974742459786,-1.7273195425616663,-2.1105979124652308,-1.3194907347308558,-1.2823646704303187,1.5708705186843872,0.5413544178009033,1
613,1788171373.6753051,-0.21673934097761957,-0.6630678005778043,0.11377788556687043,1.0738650672777956,2.952310338977058,0.00025070424390584683,-1.7296341101275843,-2.110418144856588,-1.319874111806051,-1.2822449843036097,1.5708705186843872,0.538882315158844,1
614,1788171373.7161856,-0.21838161631538655,-0.6624789257727715,0.11373994105501309,1.0737859345577214,2.952380378469982,0.0003730288518332975,-1.7321155706988733,-2.1103699843036097,-1.3200300375567835,-1.2822211424456995,1.5708465576171875,0.5363382697105408,1
615,1788171373.7550285,-0.22002295070254027,-0.6619382858306995,0.11375659153728418,1.0742058111517998,2.9522213557985504,0.00043096619955695843,-1.7345975081073206,-2.1103819052325647,-1.3199580351458948,-1.2823165098773401,1.5708585977554321,0.5341421365737915,1
616,1788171373.7967045,-0.2215504571154062,-0.661589449551695,0.11383620279748713,1.0743332712771674,2.952140705043592,5.849003292047762e-05,-1.7368634382831019,-2.1105740706073206,-1.3195026556598108,-1.2823408285724085,1.5708465576171875,0.5319700241088867,1
617,1788171373.8366842,-0.2232478775588168,-0.661203775158182,0.11387881716435852,1.0744566816049435,2.952103653033319,1.7344498612468275e-05,-1.7393811384784144,-2.110946003590719,-1.3188074270831507,-1.2826398054706019,1.5708345174789429,0.5295342206954956,1
618,1788171373.877419,-0.22477994756805014,-0.6609279473116842,0.11393104662339085,1.0743109308545027,2.9520998758907884,-0.00023482084020737474,-1.7416470686541956,-2.111377541218893,-1.3180282751666468,-1.2828200499164026,1.5708585977554321,0.5271819233894348,1
619,1788171373.91692,-0.22640661990423386,-0.6606293563990084,0.11398111329843316,1.0745257752162372,2.952037556193285,-0.00042940363114163567,-1.744033161793844,-2.1118577162372034,-1.3171656767474573,-1.2830832640277308,1.5708225965499878,0.5249379277229309,1
620,1788171373.9570794,-0.228023119512359,-0.6603486067436439,0.1140401003245774,1.074231679603554,2.9521200211381737,-0.0004246758354366026,-1.7464192549334925,-2.1124332586871546,-1.3160985151873987,-1.2835739294635218,1.5708465576171875,0.5223579406738281,1
621,1788171373.9958994,-0.2295789586976304,-0.6601199260737315,0.11392720743968163,1.0738358562063464,2.952257468053439,-0.00015488879922232097,-1.7487085501300257,-2.1132853666888636,-1.31500751176943,-1.2839811483966272,1.5708825588226318,0.519801914691925,1
622,1788171374.0326388,-0.2312002250725644,-0.659934481653935,0.11386560628334716,1.0740268852286492,2.952295358778693,-0.00012445445129568574,-1.7510350386248987,-2.114185158406393,-1.3137372175799769,-1.2843878904925745,1.5707865953445435,0.5175814628601074,1
623,1788171374.071004,-0.23284403825038325,-0.6598208727295314,0.11375244940554843,1.0739401392487538,2.952232747236504,-0.00015804887281548082,-1.753432575856344,-2.115288559590475,-1.312298599873678,-1.284687344227926,1.5708705186843872,0.5151456594467163,1
624,1788171374.109852,-0.2344008414997913,-0.6598059496484111,0.11321766858714435,1.0739682816072615,2.9522651827705864,-0.0001262236615013378,-1.7556384245501917,-2.1168606917010706,-1.3112199942218226,-1.2842205206500452,1.5708345174789429,0.5129495859146118,1
625,1788171374.1490896,-0.235724251927424,-0.6596922964765523,0.11227474261775527,1.07442684085393,2.9521004939129463,0.00012588437027949323,-1.7575567404376429,-2.1183841864215296,-1.311268154774801,-1.2828076521502894,1.5708585977554321,0.5113414525985718,1
626,1788171374.1902914,-0.23730719743172798,-0.6596349722244088,0.1102575927245035,-1.0744378768620793,-2.952140108798893,-0.00046352103323622524,-1.759810749684469,-2.121023480092184,-1.3123825232135218,-1.2792757193194788,1.5708345174789429,0.5090854167938232,1
627,1788171374.2280498,-0.23885746885698525,-0.6596338976756987,0.1075755865164405,-1.074362799509394,-2.952164066033527,-0.00038219919380870986,-1.7620046774493616,-2.1241310278521937,-1.3145883719073694,-1.2739117781268519,1.5708225965499878,0.5068413615226746,1
628,1788171374.2665243,-0.24051373962948341,-0.6595585926812202,0.10431703906507916,-1.0746256723889067,-2.9520707862900886,-0.0006078435852494494,-1.7643783728228968,-2.1277063528644007,-1.3175366560565394,-1.2675297896014612,1.5708465576171875,0.5046452283859253,1
629,1788171374.3060324,-0.24205197565902223,-0.6596643344606333,0.10115998185290159,1.0742107944351291,2.9522093524825013,-7.288663297669705e-05,-1.7665122191058558,-2.1312931219684046,-1.3203414122210901,-1.260705296193258,1.5708105564117432,0.5022330284118652,1
630,1788171374.346763,-0.24365534703185607,-0.6596984949631228,0.09799108877556184,1.0739600001444531,2.95219015482196,-0.0003936165198380778,-1.7687905470477503,-2.1349404493915003,-1.323026482258932,-1.25415546098818,1.5708825588226318,0.4998088479042053,1
631,1788171374.3878925,-0.24531608116612721,-0.6595755083043265,0.0948195928770911,1.0740104343780623,2.9522830044897104,-0.00019433796091473016,-1.7711404005633753,-2.138491455708639,-1.3257830778705042,-1.2479890028582972,1.570798635482788,0.4974689483642578,1
632,1788171374.4267323,-0.24684875849394777,-0.6595668228806896,0.09176224002298122,1.0738453948034334,2.9523383124054563,1.3371751297994843e-05,-1.7733100096331995,-2.1421507040606897,-1.3280609289752405,-1.2421820799456995,1.5708225965499878,0.49518856406211853,1
633,1788171374.467147,-0.24846360089011776,-0.6595590516082691,0.08957051407037825,1.0740815196054894,2.952222491660433,-0.0001604395405570364,-1.775588337575094,-2.145125691090719,-1.3291752974139612,-1.2379792372332972,1.5708345174789429,0.49307671189308167,1
634,1788171374.5055926,-0.2500803191074687,-0.6596079219318048,0.08817767059053644,1.0742605599218746,2.952120391612727,-0.0006763600178549005,-1.777841869984762,-2.1475136915790003,-1.329139534627096,-1.2352970282184046,1.5708225965499878,0.4909525215625763,1
635,1788171374.5454304,-0.25160495420083023,-0.6595719142631659,0.08758722071480976,1.074127760488134,2.952149999753233,-0.0006135648332647181,-1.7800000349627894,-2.1491807142840784,-1.328012768422262,-1.2347939650165003,1.5708465576171875,0.4887084662914276,1
636,1788171374.5835428,-0.2532204417008825,-0.6595268440593042,0.08764333972005317,1.0743565705600464,2.9520729523620934,-0.0005575442261117502,-1.7822778860675257,-2.1503928343402308,-1.325878922139303,-1.2357519308673304,1.5708465576171875,0.48658427596092224,1
637,1788171374.6223974,-0.2545555702302059,-0.659471346514266,0.0875103467194926,1.0743684109245946,2.952115038479452,-0.00020418749917820752,-1.7841599623309534,-2.15159255663027,-1.3242252508746546,-1.2364347616778772,1.5708345174789429,0.48470011353492737,1
638,1788171374.6607296,-0.25644040571709464,-0.6594518515434428,0.08749201549104102,1.074244155586076,2.952170685484262,0.00019182931888991718,-1.78680926958193,-2.153260056172506,-1.3214924971209925,-1.237751309071676,1.5708585977554321,0.4819643497467041,1
639,1788171374.699578,-0.25779415678704526,-0.6594279764068904,0.08746771435824618,-1.074289916761694,-2.9521958316545356,-0.00025683052097805176,-1.7886913458453577,-2.1543877760516565,-1.3197062651263636,-1.238457981740133,1.5708105564117432,0.4801041781902313,1
640,1788171374.7381186,-0.25934634466370926,-0.6594475332570187,0.08743674958589204,1.073838415744031,2.952342110024018,0.0003220561754856689,-1.7908619085894983,-2.1557915846454065,-1.317488972340719,-1.2393086592303675,1.5708465576171875,0.47763165831565857,1
641,1788171374.7758555,-0.2609207930284598,-0.659497143094604,0.08750716799461267,1.0738349660169029,2.9523425088031625,1.927244752066488e-05,-1.7930315176593226,-2.1570995489703577,-1.315211598073141,-1.240086857472555,1.5708225965499878,0.47545990347862244,1
642,1788171374.8148258,-0.2625930355984485,-0.6594216972268695,0.0874769433731585,1.0742807901078293,2.952200864076103,0.00026222046532886026,-1.7953813711749476,-2.1584671179400843,-1.3130181471454065,-1.2410686651812952,1.5708225965499878,0.4734075963497162,1
643,1788171374.8535662,-0.26384850895906165,-0.6594271668181712,0.08749023541438622,-1.0742437135224645,-2.9522154811525443,-0.00024056273929807598,-1.7971199194537562,-2.159546677266256,-1.3112199942218226,-1.241774861012594,1.5708105564117432,0.47164368629455566,1
644,1788171374.8941338,-0.26543744484827464,-0.6594971362930749,0.08755190424785,1.0744686603860465,2.952071289878862,-0.00016233015952239386,-1.7993138472186487,-2.1609142462359827,-1.308883015309469,-1.242481533681051,1.5708465576171875,0.46961572766304016,1
645,1788171374.9355361,-0.2670916357720688,-0.6595059342124352,0.08762134359923601,1.074541067701837,2.952062179578753,-0.00043029074800537975,-1.8015912214862269,-2.162246052418844,-1.3065579573260706,-1.2433074156390589,1.5708105564117432,0.46738365292549133,1
646,1788171374.9777658,-0.2689429727574487,-0.6594427580016056,0.08755204846521106,1.0743497796190264,2.952155808332717,0.0001906355598464245,-1.804180924092428,-2.163973633443014,-1.3038128058062952,-1.2447202841388147,1.5708345174789429,0.4646591246128082,1
647,1788171375.0201364,-0.2705539906482134,-0.6594530463506872,0.0875078318409458,1.0746006522842515,2.9520811913558545,0.00024499223055362055,-1.806399170552389,-2.1654728094684046,-1.3014639059649866,-1.2456062475787562,1.5708225965499878,0.462607204914093,1
648,1788171375.0635605,-0.2721582184933,-0.6594990770381508,0.08746738622468156,1.0741964037901457,2.9521956658653306,0.00015757373049706168,-1.8086045424090784,-2.167008701954977,-1.2990668455706995,-1.246408764516012,1.5708465576171875,0.4601350724697113,1
649,1788171375.1035504,-0.27403653928625327,-0.6595638789921536,0.0875208034515626,1.073830884329502,2.952362374228255,9.618526898448412e-05,-1.8111580053912562,-2.1687729994403284,-1.2960341612445276,-1.2476418654071253,1.5708105564117432,0.45732665061950684,1
650,1788171375.1464207,-0.2756530176881664,-0.6595998077117028,0.08751236515979732,1.0739603176708237,2.9522843623835415,2.492941061681404e-05,-1.813376251851217,-2.1702964941607874,-1.2935646216021937,-1.2485397497760218,1.5708345174789429,0.4552028179168701,1
651,1788171375.1862693,-0.2773198753830334,-0.659655024797145,0.08749105074766256,1.0742287591091515,2.952153314407303,-8.22614789307046e-05,-1.8156536261187952,-2.171915833150045,-1.2909758726703089,-1.2494381109820765,1.5708585977554321,0.4531145691871643,1
652,1788171375.2271965,-0.27884200088476163,-0.6597367047242094,0.08753867093522266,1.0740769747524133,2.9521856450168498,-0.00023034436463879494,-1.8177159468280237,-2.173403565083639,-1.2884228865252894,-1.2504075209247034,1.5708705186843872,0.450954407453537,1
653,1788171375.2663245,-0.2804916225761836,-0.6597042639949118,0.08760939463424613,1.0745945913777646,2.952021721372284,-6.333356985435252e-05,-1.8199814001666468,-2.174843136464254,-1.2858336607562464,-1.2516654173480433,1.5708585977554321,0.44903430342674255,1
654,1788171375.3070977,-0.2821000515677878,-0.6597861091666734,0.08759701984205934,1.07454944418033,2.952070134544521,-0.00016300484918038743,-1.8221395651446741,-2.176486317311422,-1.283172909413473,-1.2526229063617151,1.5708225965499878,0.4468385875225067,1
655,1788171375.3479557,-0.2836568585692476,-0.6598830810121095,0.08752532413766417,1.07428919686526,2.952137335978481,-0.00019607073111232092,-1.8242376486407679,-2.178190056477682,-1.2805598417865198,-1.2535088698016565,1.5708465576171875,0.4445701837539673,1
656,1788171375.3880084,-0.28531895724830514,-0.6598342997877267,0.08758489859822252,1.0746501536233397,2.9519833209999593,-0.00015399314408217176,-1.8265274206744593,-2.179606262837545,-1.2780550161944788,-1.2546222845660608,1.5708705186843872,0.4425298869609833,1
657,1788171375.4279969,-0.28684127575610796,-0.6599154651248604,0.08761238921836015,1.074102630424954,2.952141187059452,-0.00041265952199279855,-1.8285773436175745,-2.181117836629049,-1.2755258719073694,-1.255472485219137,1.570894479751587,0.44011804461479187,1
658,1788171375.468296,-0.2884441620662859,-0.6599162521009102,0.08752594474347616,1.0737738753186532,2.952297012710174,-0.00024783956834011463,-1.8307469526873987,-2.182749096547262,-1.2730324904071253,-1.2564423719989222,1.5708705186843872,0.43771782517433167,1
659,1788171375.5102272,-0.2901160564913729,-0.6599124111092897,0.08755674946480102,1.0741090085790483,2.952183741256465,-0.00032363283561186954,-1.8330124060260218,-2.1842849890338343,-1.2704198996173304,-1.2574718634234827,1.5708585977554321,0.43567752838134766,1
660,1788171375.5524168,-0.291971551305633,-0.6598665306203157,0.08761546675206242,1.0738979311182268,2.952277192510022,-4.258833741372384e-05,-1.8355420271502894,-2.186000649129049,-1.2673752943622034,-1.2589805761920374,1.5708585977554321,0.4330012798309326,1
661,1788171375.5956357,-0.2935970695036277,-0.6598667719744832,0.08760231471724383,1.074093013762962,2.9522160189214857,-9.884737933737669e-05,-1.837735954915182,-2.1875599066363733,-1.2648347059832972,-1.2599270979510706,1.5708465576171875,0.43093737959861755,1
662,1788171375.6367855,-0.2952240112687475,-0.6598310824940079,0.0875397365113037,1.0744858701172693,2.952093100866622,3.086529181983317e-05,-1.8399418036090296,-2.189143959675924,-1.262353245412008,-1.2609084288226526,1.5708345174789429,0.4289933145046234,1
663,1788171375.6790988,-0.29673638288893706,-0.6598434465424703,0.08748568703630874,1.0742181348868625,2.952193630809059,0.00033389540312662606,-1.8419798056231897,-2.190775696431295,-1.259740177785055,-1.2620824019061487,1.5708465576171875,0.4267732501029968,1
664,1788171375.7179291,-0.2987032626600814,-0.6598690501598542,0.08753197278407393,1.0742971626303577,2.952148941795326,3.275889636810629e-05,-1.8446171919452112,-2.192634884511129,-1.256575886403219,-1.2631953398333948,1.5708465576171875,0.424192875623703,1
665,1788171375.7583911,-0.3000657765925553,-0.659860606094479,0.08754323202660366,1.0745749785843761,2.952040378052134,-0.00011602383912230775,-1.8464511076556605,-2.193907086049215,-1.2544544378863733,-1.2639496962176722,1.5708465576171875,0.4225488007068634,1
666,1788171375.7981815,-0.3015829502644445,-0.6598358903210223,0.08750360418626735,1.0741606672109614,2.952235866116033,0.00027632458968361313,-1.8484886328326624,-2.195502583180563,-1.2518418470965784,-1.2652190367328089,1.5708225965499878,0.42022085189819336,1
667,1788171375.8377054,-0.3035631581686039,-0.6597911137984328,0.08743436926047263,1.0739605367864151,2.9523050688122967,0.0004837876386772309,-1.8511622587787073,-2.197493855153219,-1.2486775557147425,-1.2665236631976526,1.5708345174789429,0.4174124300479889,1
668,1788171375.8801877,-0.30484981031921116,-0.6598082806489569,0.08751824345873485,1.0739882286245335,2.9522791932095136,0.0001466907462459646,-1.8528764883624476,-2.198657814656393,-1.2465680281268519,-1.2672541777240198,1.5708345174789429,0.4157204031944275,1
669,1788171375.923104,-0.30668338372327997,-0.6598780218356246,0.08760332204586735,1.0736608240187533,2.952384986250299,-0.00015242007109890506,-1.855297867451803,-2.200505081807272,-1.2433083693133753,-1.2684758345233362,1.5708345174789429,0.4130801260471344,1
670,1788171375.9651444,-0.3083758382630255,-0.6598419341819629,0.08749724178609039,1.074253594039745,2.9521503685482857,7.928480330129892e-07,-1.8575757185565394,-2.202268902455465,-1.2406232992755335,-1.2694934050189417,1.5708585977554321,0.41120797395706177,1
671,1788171376.0082963,-0.3102448879736645,-0.6598768374345282,0.08741980862571724,1.0743423508150995,2.9521308884323196,1.7164430913163112e-07,-1.8600452581988733,-2.2043083349811,-1.2374227682696741,-1.2706549803363245,1.5708465576171875,0.4087957739830017,1
672,1788171376.0495744,-0.31185389115739576,-0.6598677735130064,0.08745889419617792,1.0743284330188922,2.95216067850793,-2.0859608979050077e-05,-1.8621786276446741,-2.2059038321124476,-1.2346537748919886,-1.2718165556537073,1.5708225965499878,0.40664759278297424,1
673,1788171376.089664,-0.31346030091112276,-0.659818988471791,0.08744951797195363,1.0745632076013378,2.9520972598499466,0.00022255109542627908,-1.8643248716937464,-2.2075355688678187,-1.2319091002093714,-1.2730854193316858,1.5708105564117432,0.4046556055545807,1
674,1788171376.1304178,-0.3150312376130373,-0.6598645305519899,0.08746944531558967,1.0742963525869518,2.9521483593565203,1.9862550512901457e-05,-1.8663981596576136,-2.2091911474811,-1.2291167418109339,-1.2740910688983362,1.5708465576171875,0.402411550283432,1
675,1788171376.1712477,-0.3166119814410482,-0.6598627998354306,0.08757804678172967,1.0743536736038812,2.9520954934192143,-0.00016537054186090123,-1.8684962431537073,-2.210702721272604,-1.2263243834124964,-1.275252644215719,1.5708705186843872,0.40035927295684814,1
676,1788171376.2140057,-0.31825557076896027,-0.6598902806569277,0.08766313514034071,1.0741348769140187,2.952164091166616,-0.0005030374697516906,-1.8706544081317347,-2.21232253709902,-1.2234357039081019,-1.276306454335348,1.5708705186843872,0.3980552852153778,1
677,1788171376.2562423,-0.3201275623380476,-0.6599536073607453,0.08755643557896228,1.0736781179426347,2.9523572331850247,-0.000484954841165194,-1.873087231312887,-2.214517895375387,-1.220032040272848,-1.2775276342975062,1.5708465576171875,0.39530715346336365,1
678,1788171376.2968714,-0.32171111348379977,-0.6599159230456526,0.08748617568434067,1.0737685638768233,2.952338673463555,-3.3215516744474114e-05,-1.8751853148089808,-2.2163055578814905,-1.2171433607684534,-1.2789166609393519,1.5708465576171875,0.3932672142982483,1
679,1788171376.3358479,-0.32336713379084275,-0.6598399977274436,0.08744815879565762,1.0740509316541993,2.9522440927748366,0.00024873608524105743,-1.8773911635028284,-2.2180212179767054,-1.2143147627459925,-1.2802093664752405,1.5708465576171875,0.391250878572464,1
680,1788171376.3760924,-0.32492093138553285,-0.6598697061107864,0.08746064423598487,1.0739868929585366,2.95230277645726,0.0001527704418698805,-1.879404369984762,-2.21971303621401,-1.211449925099508,-1.2813227812396448,1.5708105564117432,0.3891865909099579,1
681,1788171376.4171724,-0.3265489333557712,-0.6598283775772031,0.08746522084793107,1.074421651674865,2.95207169933122,0.0003074995816280161,-1.8815749327289026,-2.2214282194720667,-1.2085254828082483,-1.2826278845416468,1.5708825588226318,0.3873264193534851,1
682,1788171376.4573336,-0.3282037460020917,-0.6598325789602086,0.08752125933412044,1.0744675206271137,2.952099213304715,4.103450660298175e-05,-1.8837202231036585,-2.223107639943258,-1.2055886427508753,-1.283717457448141,1.5708345174789429,0.3852025866508484,1
683,1788171376.4974356,-0.32971386185307777,-0.6598977364345304,0.0875448780499476,1.0741965689068125,2.952192581428447,-0.0001829066387727666,-1.8856623808490198,-2.224811379109518,-1.2026885191546839,-1.2847712675677698,1.5708345174789429,0.383078008890152,1
684,1788171376.5370593,-0.3313498100549156,-0.6597001237370744,0.08745648171915521,1.074376451564933,2.952090520476511,0.00047814236441919293,-1.8878920714007776,-2.226443115864889,-1.2000640074359339,-1.2861836592303675,1.5708825588226318,0.38097813725471497,1
685,1788171376.5792093,-0.3329889692749834,-0.6595291504818754,0.08735512192984693,1.0742616948585662,2.952174358116084,0.0007022984862136901,-1.890085522328512,-2.2280147711383265,-1.1976426283465784,-1.2871773878680628,1.5708465576171875,0.37869778275489807,1
686,1788171376.618225,-0.334505601504376,-0.6593592113082694,0.08743189142533772,1.073876149911145,2.9522819059781513,0.0003677755162791985,-1.8921354452716272,-2.229166809712545,-1.195545498524801,-1.2879088560687464,1.5708705186843872,0.37639379501342773,1
687,1788171376.6605735,-0.3361752452229491,-0.6589971169312989,0.0874856696915956,1.0737778767063293,2.952299756260336,0.00010293775149168567,-1.8944609800921839,-2.230114285145895,-1.193843189870016,-1.288494888936178,1.5708825588226318,0.37400558590888977,1
688,1788171376.7013714,-0.33779092517428405,-0.6585953479824946,0.08752693779313028,1.0737311224247232,2.9524050106982225,4.3458603061863145e-05,-1.8967021147357386,-2.230990235005514,-1.192261044179098,-1.2891653219806116,1.570798635482788,0.3717135787010193,1
689,1788171376.7392333,-0.33933062662696806,-0.6580309528133155,0.0875059406102191,1.073960103875945,2.952272806402552,0.00019702756116046985,-1.8989561239825647,-2.23155385652651,-1.191338841115133,-1.2896207014666956,1.5708465576171875,0.3696253299713135,1
690,1788171376.7784824,-0.3409852944073217,-0.6574158817664084,0.08754034609362721,1.0740430603885027,2.9522380950577185,-0.00014239205708663216,-1.9013655821429651,-2.231950108204977,-1.1906312147723597,-1.2897160688983362,1.5708465576171875,0.3672730624675751,1
691,1788171376.819404,-0.3425484876687361,-0.6566781108860533,0.08751933859624844,1.0742299832259794,2.9521579117392576,-0.00010407956834722775,-1.903714958821432,-2.2321422735797327,-1.1903556028949183,-1.2898238340960901,1.5708585977554321,0.3650529682636261,1
692,1788171376.8573859,-0.344106463735349,-0.6558636976273602,0.08753109428615855,1.0743148873235104,2.952125940908506,-0.00023687284980026624,-1.906088654194967,-2.232094113026754,-1.1904271284686487,-1.2897160688983362,1.5708585977554321,0.3627370297908783,1
693,1788171376.898152,-0.34577151570876535,-0.6548975843495408,0.08748012438549796,1.0743859009065928,2.9521149040540413,-2.9132971564363024e-05,-1.908665959035055,-2.2319982687579554,-1.1906912962542933,-1.289680306111471,1.5708465576171875,0.3602046072483063,1
694,1788171376.9386644,-0.3472962786718375,-0.6538377631594244,0.08738540258393238,1.0742044001357025,2.952183939054026,0.00047772431327486043,-1.9111107031451624,-2.2316740194903772,-1.1914103666888636,-1.2896083037005823,1.5708465576171875,0.3576362431049347,1
695,1788171376.97941,-0.3488895883477181,-0.6527546931018622,0.0874597957918482,1.0740499381858142,2.9522132733204978,0.00034518227248472064,-1.9136641661273401,-2.2310741583453577,-1.1922491232501429,-1.2892850081073206,1.5708705186843872,0.35498398542404175,1
696,1788171377.019194,-0.35031537550988245,-0.6517160568910842,0.08748030151915717,1.073809734705104,2.9523383125895,0.00030725440393738785,-1.9159653822528284,-2.230450455342428,-1.1932557264911097,-1.2888782660113733,1.5708345174789429,0.35251185297966003,1
697,1788171377.0606167,-0.35179810334163897,-0.6506729778373433,0.08748593538475702,1.073744289062235,2.952335872907636,0.0001566075618551666,-1.9183629194842737,-2.2298744360553187,-1.1942389647113245,-1.288375202809469,1.5708585977554321,0.35007569193840027,1
698,1788171377.101253,-0.35336999458000734,-0.649548811182258,0.08748659834446107,1.0741690728382458,2.9521939368298495,0.00011819611434562638,-1.9209039847003382,-2.229274574910299,-1.1952574888812464,-1.2879322210894983,1.5708465576171875,0.34781965613365173,1
699,1788171377.1425796,-0.3547833276285813,-0.6485140574104828,0.08748782655088014,1.0742889204536956,2.9521501038335662,0.0001359930410405931,-1.9232056776629847,-2.228710953389303,-1.1962040106402796,-1.287560764943258,1.5708465576171875,0.3455992043018341,1
700,1788171377.1827664,-0.35631466323876354,-0.647408608529291,0.08750111633771415,1.0742931438484984,2.9521737605695755,0.00015474306579890345,-1.9256871382342737,-2.2281349341021937,-1.197139088307516,-1.2872136274920862,1.5708225965499878,0.3431151211261749,1
701,1788171377.2244556,-0.35809581912859173,-0.6461186865655185,0.08749599800999006,1.0742519366831744,2.9521881071728506,0.00021154184799222135,-1.9285872618304651,-2.2274988333331507,-1.1982181707965296,-1.286806885396139,1.5708225965499878,0.3401872217655182,1
702,1788171377.2667854,-0.3595583034166272,-0.645045585720202,0.08745531326103095,1.0743817173299117,2.952114472892899,0.00028591393208360366,-1.9309852758990687,-2.226995293294088,-1.1991646925555628,-1.2864115873919886,1.5708465576171875,0.3378828763961792,1
703,1788171377.3088963,-0.3610746588308918,-0.6439331136604,0.08749470303168211,1.0741111147428306,2.9522126187330904,0.00026697848191858427,-1.9334662596331995,-2.2263954321490687,-1.200075928364889,-1.2860882917987269,1.5708465576171875,0.3352186381816864,1
704,1788171377.3500109,-0.36249109240599703,-0.6428807673244017,0.08750606991045068,1.0736161603788819,2.9523534823728683,0.00030329517412305444,-1.9358037153827112,-2.2258556524859827,-1.2009509245501917,-1.2857769171344202,1.5708825588226318,0.3325543999671936,1
705,1788171377.390034,-0.36433881415186975,-0.6416264715207621,0.08758783030326481,1.0737396259649146,2.952377170704596,-0.00011018127453637721,-1.9387643972979944,-2.2252195517169397,-1.2018736044513147,-1.2852261702166956,1.5708225965499878,0.3296624422073364,1
706,1788171377.430338,-0.36558830879756504,-0.6407988648204449,0.08760927873345123,1.0740477940197535,2.9522437306780622,-0.00039335926636578736,-1.9407780806170862,-2.2248714605914515,-1.202449146901266,-1.2848189512835901,1.5708465576171875,0.3278621733188629,1
707,1788171377.47104,-0.3670493832668929,-0.6397390287446764,0.08757370061926453,1.0740389837023283,2.9522338926464617,-0.000338558854089969,-1.9431751410113733,-2.2244394461261194,-1.2032635847674769,-1.2844718138324183,1.5708585977554321,0.3254619836807251,1
708,1788171377.5104206,-0.3689167531097286,-0.6382919437827023,0.08754031994065134,1.0743729750021693,2.9521211392867395,-7.402170231781228e-05,-1.9462798277484339,-2.2237561384784144,-1.2044623533831995,-1.2841246763812464,1.5708465576171875,0.3225816488265991,1
709,1788171377.5518,-0.3702433023616423,-0.6370842467176707,0.08752289095236157,1.0743152919149508,2.952138246197921,0.00013094142688450822,-1.9485815207110804,-2.2229040304767054,-1.2059124151812952,-1.2836573759662073,1.5708465576171875,0.3202417194843292,1
710,1788171377.593356,-0.37169466878955576,-0.6358038962845933,0.08747367581966867,1.074464356516133,2.9520673632619063,0.00030008674847457683,-1.9510863463031214,-2.2220762411700647,-1.2074111143695276,-1.2830947081195276,1.5708585977554321,0.317841500043869,1
711,1788171377.635594,-0.3730807255091188,-0.6345574931562178,0.08744658367552713,1.0740895582086512,2.95226442935541,0.0004152864921243236,-1.9534714857684534,-2.2212122122394007,-1.2089207808123987,-1.282520596181051,1.570798635482788,0.3151892423629761,1
712,1788171377.6770666,-0.37445698978391684,-0.6333191699378592,0.08744999565371459,1.0738170506932838,2.9523004796884544,0.0003556830495552248,-1.9558809439288538,-2.2203009764300745,-1.2104552427874964,-1.2818616072284144,1.5708585977554321,0.31260889768600464,1
713,1788171377.7189903,-0.37585990972793015,-0.632093007040761,0.0874518935820755,1.073854469708191,2.9522535438445745,0.00014741437690068463,-1.9583137671100062,-2.2194131056415003,-1.211977783833639,-1.2810958067523401,1.570894479751587,0.31020867824554443,1
714,1788171377.7573235,-0.37746878057758876,-0.6305754257504458,0.08747308747889856,1.0739444279985833,2.952295998718697,0.00018607350132356763,-1.961130444203512,-2.218236748372213,-1.2138951460467737,-1.2803767363177698,1.5708225965499878,0.30743658542633057,1
715,1788171377.7980998,-0.3785164224490742,-0.6295124211575558,0.08750257852159046,1.0739954655808328,2.9522262265365486,0.00018346557149744144,-1.96303636232485,-2.217313591633932,-1.2153690497027796,-1.2798264662372034,1.5708705186843872,0.3055763840675354,1
716,1788171377.8377855,-0.3798058727547527,-0.6281311937641055,0.08745346474038898,1.074317762206958,2.9521306485216967,0.0002978819961031562,-1.96539813676943,-2.2161253134356897,-1.2174790541278284,-1.2789767424212855,1.5708465576171875,0.3034282326698303,1
717,1788171377.8800652,-0.3810339161850724,-0.6268875729193787,0.08750794826271777,1.0741689727756076,2.952174797694157,-0.00019491126259764475,-1.9676278273211878,-2.2149017492877405,-1.2194684187518519,-1.27789813676943,1.5708705186843872,0.3010999262332916,1
718,1788171377.9205093,-0.382556432180208,-0.6251971378586999,0.08754644259761926,1.0742648789889364,2.9521811211821194,-0.0002679021554436477,-1.9704559485064905,-2.2132704893695276,-1.222116772328512,-1.2768328825580042,1.5708345174789429,0.29832780361175537,1
719,1788171377.9605346,-0.3836850798885909,-0.6237284351949217,0.08754955888852387,1.074359269471748,2.9521249502800653,-5.720556135697538e-06,-1.9726851622210901,-2.2117469946490687,-1.2246220747577112,-1.2760189215289515,1.5708465576171875,0.2961672842502594,1
720,1788171378.0023272,-0.38484868933882455,-0.6222239981029974,0.0875741189511621,1.0740808339407995,2.9521959380681237,0.00012213896637130298,-1.9749868551837366,-2.210151020680563,-1.2272113005267542,-1.2751086393939417,1.5708705186843872,0.29368355870246887,1
721,1788171378.0454795,-0.3860193622170729,-0.6209530500793355,0.08755046196587682,1.0738944228612035,2.952304789018405,4.8841015767255166e-05,-1.9771559874164026,-2.209022823964254,-1.2291768232928675,-1.2742226759540003,1.5708345174789429,0.2913792133331299,1
722,1788171378.088369,-0.3866904937441517,-0.6202696303113833,0.08743823629381556,1.0738225971028093,2.9523330054736485,0.0003138045545358821,-1.9783790747271937,-2.208639446889059,-1.2300756613360804,-1.2738755385028284,1.5708225965499878,0.29010701179504395,1
723,1788171378.130521,-0.3867280601273586,-0.620216427233065,0.08739161584268398,1.073977056182194,2.9522070771822304,0.00045929802093944367,-1.9784749189959925,-2.208663288746969,-1.230135742818014,-1.2738879362689417,1.5708825588226318,0.29013097286224365,1
724,1788171378.1723533,-0.38672701670012444,-0.6202080777030078,0.08740183842336605,1.074046879487226,2.9522334952729428,0.0004442999524325392,-1.9784629980670374,-2.208627525960104,-1.2301715056048792,-1.2738755385028284,1.5708345174789429,0.29017892479896545,1
725,1788171378.2145627,-0.3867179901960601,-0.6202158396294829,0.08727305584180536,1.0740445292831065,2.952226763090413,0.0003130886959490619,-1.9784510771380823,-2.2086876074420374,-1.2304351965533655,-1.2734687964068812,1.5708465576171875,0.2901909053325653,1
726,1788171378.2584767,-0.3866918889961629,-0.6201779972559328,0.08657597761583588,1.0742038947812869,2.9521694201949225,0.0002973932902822104,-1.978438679371969,-2.209083382283346,-1.2316339651690882,-1.2718642393695276,1.5708465576171875,0.29031112790107727,1
727,1788171378.2988544,-0.38671248314783163,-0.620167559830077,0.08514731639057985,1.0749577605044967,2.9519239803943096,0.00021213195444510314,-1.9784629980670374,-2.2101152578936976,-1.2337315718280237,-1.2686789671527308,1.5708225965499878,0.29079124331474304,1
728,1788171378.3403072,-0.3867327440441542,-0.6202065426446621,0.08347349463968468,1.0763721427348039,2.9514020511704744,-0.0002708248075706618,-1.9784749189959925,-2.2113269011126917,-1.2362483183490198,-1.264643971120016,1.5708465576171875,0.2917391061782837,1
729,1788171378.382633,-0.3867240766857847,-0.6202230004467998,0.08108185097310819,1.0785200494662175,2.950634396261727,-0.00037064761817181164,-1.9784510771380823,-2.2131264845477503,-1.2396400610553187,-1.259388271962301,1.5708345174789429,0.2932150363922119,1
730,1788171378.4209447,-0.3867203146194651,-0.6202064248459968,0.07774420451491212,1.0813733571942106,2.9495441246451044,0.0001492414542791786,-1.9784629980670374,-2.215813938771383,-1.2439788023578089,-1.2526949087726038,1.5708585977554321,0.29514750838279724,1
731,1788171378.4615028,-0.38670883464941147,-0.6201511806873037,0.07446553106839765,1.0842213017858977,2.948495934013822,0.0005594633196957531,-1.9784749189959925,-2.2183812300311487,-1.248390022908346,-1.2459772268878382,1.5708465576171875,0.2970675826072693,1
732,1788171378.5025778,-0.3866922375960138,-0.6201857380372506,0.07128436023511958,1.0867478624457605,2.947558133448212,0.0004246598474688647,-1.978438679371969,-2.2209366003619593,-1.2526572386371058,-1.2390692869769495,1.5708585977554321,0.29881954193115234,1
733,1788171378.5410535,-0.3867620896743155,-0.6202388324828934,0.06815575003485591,1.0895137838077225,2.946560603987307,-0.000219945062840884,-1.9784982840167444,-2.22349197069277,-1.2568758169757288,-1.2318843046771448,1.5708585977554321,0.3006317913532257,1
734,1788171378.5834734,-0.38676353821284076,-0.6202135246634589,0.06499512155285919,1.0919918958347075,2.945651938520434,-0.00011042323931399846,-1.9785102049456995,-2.2260950247394007,-1.2609871069537562,-1.225239102040426,1.5708465576171875,0.30230021476745605,1
735,1788171378.6246982,-0.38700657992222554,-0.6201337858671762,0.06103855347366596,1.0953194635898864,2.9443786941495405,0.0002257700763646741,-1.9788702170001429,-2.229682270680563,-1.2655537764178675,-1.2173007170306605,1.5708705186843872,0.30420830845832825,1
736,1788171378.6666572,-0.38815104508761705,-0.619853799178026,0.05789320793062444,1.0980921424898498,2.9433512054062234,7.085724846739637e-05,-1.9804766813861292,-2.2332094351397913,-1.268106762562887,-1.2111218611346644,1.5708705186843872,0.3044843375682831,1
737,1788171378.7098205,-0.38964798268272627,-0.6193613425071314,0.05465745764057933,1.1006959013800335,2.942363341784947,0.0004813024928459348,-1.9826458136187952,-2.237037007008688,-1.2703002134906214,-1.205362621937887,1.5708705186843872,0.30408811569213867,1
738,1788171378.751204,-0.3912190539418383,-0.6189559007264525,0.051538725677669706,1.103248462552107,2.9414522841181614,-4.7038844315264e-05,-1.9848511854754847,-2.2408040205584925,-1.2724335829364222,-1.1991241613971155,1.5708465576171875,0.3036080002784729,1
739,1788171378.7896795,-0.3931477672722843,-0.6182880431688129,0.04779350983384412,1.1065110851164894,2.9402357847156293,4.738130301333467e-05,-1.9876559416400355,-2.245291058217184,-1.2749388853656214,-1.1921914259540003,1.5708345174789429,0.30302000045776367,1
740,1788171378.829459,-0.3944035212227556,-0.6178693569795856,0.04599749328777536,1.1084427599473634,2.9394911948463376,0.00014790247728977855,-1.9894779364215296,-2.247702423726217,-1.2756817976581019,-1.1891019980060022,1.5708465576171875,0.3025159239768982,1
741,1788171378.8701973,-0.39598177142664587,-0.6174183869713818,0.044483163419207467,1.1104027733868354,2.938771510205956,-0.0003524280193996259,-1.9917190710650843,-2.2500417868243616,-1.2758734861956995,-1.1862519423114222,1.5708465576171875,0.3016040027141571,1
742,1788171378.9095497,-0.3975632970115659,-0.616849415817902,0.043572454203765015,1.1118714732414903,2.938190193304141,-2.998730825506792e-05,-1.9940326849566858,-2.25184137025942,-1.2752020994769495,-1.1853302160846155,1.5708585977554321,0.3002958595752716,1
743,1788171378.949424,-0.3991453044389741,-0.6162584328864319,0.04337038034553664,1.111983293420659,2.9381261669712853,0.00017639777859497312,-1.9963577429400843,-2.2529214064227503,-1.2738478819476526,-1.1857369581805628,1.5708705186843872,0.2980518043041229,1
744,1788171378.9892313,-0.40056338502411765,-0.6151870758068434,0.043309599773266955,1.1118201955914166,2.9381892951078186,0.00042096099795415633,-1.9987428824054163,-2.2527530829059046,-1.2742670218097132,-1.1856415907489222,1.5708585977554321,0.29555532336235046,1
745,1788171379.031471,-0.4021488514507758,-0.6140528077291065,0.04325613333560441,1.111684917596079,2.938271883197976,0.0005567771804500621,-2.0013678709613245,-2.2526453177081507,-1.2745793501483362,-1.185521427785055,1.5708225965499878,0.2928311824798584,1
746,1788171379.0736022,-0.40391385981138506,-0.6127897727407683,0.043293800045950154,1.1114031500672163,2.938342681004247,0.0004762632697018728,-2.0043161551104944,-2.2523930708514612,-1.274926487599508,-1.1853778998004358,1.5708585977554321,0.28969916701316833,1
747,1788171379.11708,-0.40546293866183836,-0.6116110320494568,0.043307232769071946,1.1115115178460557,2.938326451624402,0.0004802326115316446,-2.0069287459002894,-2.2520816961871546,-1.2754300276385706,-1.1851866880999964,1.5708345174789429,0.28715476393699646,1
748,1788171379.1594646,-0.40685921752795,-0.6105447193124397,0.04337381643936403,1.1115211743749285,2.9383121642168106,0.00017614337470725643,-2.0093019644366663,-2.2516735235797327,-1.2760055700885218,-1.1848271528827112,1.5708585977554321,0.2847905158996582,1
749,1788171379.2014477,-0.4086183842448328,-0.6091375089494836,0.04337529661120354,1.1119561021678344,2.9381472971012093,0.00017507527949050535,-2.012322250996725,-2.2512295881854456,-1.2767723242389124,-1.1845038572894495,1.5708585977554321,0.28206634521484375,1
750,1788171379.2423742,-0.4100431924932061,-0.6079218365962449,0.04345257949968975,1.1120478955697433,2.938134361184613,-0.00021933829321636364,-2.014815632496969,-2.2505577246295374,-1.2777913252459925,-1.1839049498187464,1.5708585977554321,0.27963054180145264,1
751,1788171379.2843006,-0.4112975578837014,-0.6066247690101959,0.0434116889220324,1.1117853480567321,2.9382565064792394,-0.0001603615075710851,-2.0171402136432093,-2.249753777180807,-1.2792895475970667,-1.1832464377032679,1.5708345174789429,0.2771221101284027,1
752,1788171379.3257694,-0.4125478206630687,-0.6054224091058612,0.04341188826256734,1.11208358173283,2.9381520940191184,-0.0005180348333939643,-2.0194175879107874,-2.2489860693561,-1.280680004750387,-1.1823962370501917,1.5708465576171875,0.27504584193229675,1
753,1788171379.3679185,-0.4132725547323224,-0.6046066536311515,0.042462967784946626,1.111594423200483,2.9383058958437416,1.0889110660392098e-05,-2.0208080450641077,-2.249406162892477,-1.2824776808368128,-1.180516544972555,1.5708465576171875,0.2733294665813446,1
754,1788171379.4089363,-0.41368084338109706,-0.6042746752315119,0.04135461679909727,1.1115292998157846,2.9383495581647705,-0.0003025049371117209,-2.021515194569723,-2.250258270894186,-1.284107510243551,-1.1778343359576624,1.5708465576171875,0.27257370948791504,1
755,1788171379.4503043,-0.4139120296424965,-0.6040288172768947,0.03926662283664764,1.1107893700866611,2.93863259494216,-0.0001419493597395596,-2.021946732197897,-2.2521055380450647,-1.2866366545306605,-1.1735594908343714,1.5708345174789429,0.27163782715797424,1
756,1788171379.4900599,-0.4139387483130824,-0.6040093466648835,0.03644905227395376,1.109803989312389,2.9389599108532294,-0.00024871739523787116,-2.0220068136798304,-2.254768673573629,-1.2898128668414515,-1.1676562468158167,1.5708825588226318,0.27091726660728455,1
757,1788171379.531157,-0.4139300393363994,-0.6039662208863702,0.03340546240300496,1.1088405492360351,2.939342590795985,0.0002787263412177171,-2.0220068136798304,-2.257756058369772,-1.2929537932025355,-1.161860767995016,1.5708345174789429,0.2702573835849762,1
758,1788171379.5717094,-0.41396237131521746,-0.6040194555392793,0.03081896105800891,1.1071890928204395,2.939985171898372,-0.000254869683885087,-2.0220187346087855,-2.260287586842672,-1.2958062330829065,-1.1561368147479456,1.5708465576171875,0.2691173851490021,1
759,1788171379.614481,-0.41395626725654283,-0.6040266531271796,0.028050620006137894,1.1039279122600505,2.941220056613238,-0.00039216428063192164,-2.0220068136798304,-2.262998882924215,-1.2987907568561,-1.1503532568561,1.5708465576171875,0.26690930128097534,1
760,1788171379.656054,-0.41390953793954793,-0.6039104226404134,0.02551140270479549,1.101158611908395,2.942212366980204,0.0003304358449339969,-2.0220187346087855,-2.265458408986227,-1.3014395872699183,-1.1457069555865687,1.5708465576171875,0.2650247812271118,1
761,1788171379.69937,-0.41395012972241996,-0.6038746552450547,0.024453782285050185,1.0995546295309753,2.9428201492015438,0.00020359742688930314,-2.022090737019674,-2.266477886830465,-1.3026259581195276,-1.1434200445758265,1.5708465576171875,0.2638607919216156,1
762,1788171379.7411528,-0.4139116289651554,-0.6036226923347756,0.023987099358229153,1.0988791726677298,2.9430581612039055,0.00022415797910635215,-2.022198502217428,-2.2664421240436,-1.303993050252096,-1.1421030203448694,1.5708585977554321,0.2632971704006195,1
763,1788171379.782798,-0.4140081826858334,-0.6025110937976994,0.023613017709502332,1.0990312049387847,2.9429855446146496,0.00046714417196215904,-2.022989575062887,-2.264954392110006,-1.3076241652118128,-1.1401150862323206,1.5708585977554321,0.2626129388809204,1
764,1788171379.822681,-0.41406240087133517,-0.6007444990245248,0.02377912865964041,1.0991814047502355,2.943018883265128,-0.00031565515085542426,-2.024115864430563,-2.261390988026754,-1.3135693709002894,-1.1372292677508753,1.5708225965499878,0.2615688145160675,1
765,1788171379.8615572,-0.4140410969743377,-0.599583002937825,0.02375004417025911,1.0990420585009069,2.9430264166396842,0.00016860781117634068,-2.024799172078268,-2.259387795125143,-1.3170936743365687,-1.1360190550433558,1.5708345174789429,0.26080071926116943,1
766,1788171379.9008708,-0.4139888733447326,-0.5990548678330597,0.023707235782719466,1.0988238363706613,2.943087158877218,9.11175035825044e-05,-2.0250633398639124,-2.2583797613727015,-1.3189995924579065,-1.1350739637957972,1.5708585977554321,0.2603928744792938,1
767,1788171379.9431505,-0.4139441101459004,-0.5990946355723247,0.023694314614394085,1.098844019303328,2.9430875448553286,0.00016675957301667653,-2.0249794165240687,-2.258427445088522,-1.318939510975973,-1.1351335684405726,1.5708465576171875,0.26048874855041504,1
768,1788171379.9823725,-0.41396963029824635,-0.5991336082935351,0.023734675833054775,1.0987744456060236,2.9431168280721662,-7.884763885033082e-05,-2.0249913374530237,-2.258427445088522,-1.3188675085650843,-1.1350496451007288,1.5708585977554321,0.2604288160800934,1
769,1788171380.023371,-0.4139661356876275,-0.5990943579738098,0.02368244598374794,1.0988844873961603,2.943088870704876,0.00011342177669577316,-2.025003258381979,-2.25845176378359,-1.318939510975973,-1.1350739637957972,1.5708345174789429,0.26048874855041504,1
770,1788171380.0634422,-0.4139589436663563,-0.5990991899111089,0.02368453859974226,1.0988128613633241,2.9431119667789183,0.000168587114287526,-2.0249913374530237,-2.258463684712545,-1.3189032713519495,-1.1351335684405726,1.5708345174789429,0.2604528069496155,1
771,1788171380.1030445,-0.41397046477128885,-0.5991023951087987,0.0237140153584805,1.0988554785065845,2.9430652445451004,5.054734025505603e-05,-2.025015179310934,-2.258427445088522,-1.3189032713519495,-1.1350978056537073,1.5708705186843872,0.26046478748321533,1
772,1788171380.1463602,-0.41397709818305345,-0.5991035130284096,0.023710799311450037,1.0988285158787365,2.9431007676893945,5.4187202304484425e-05,-2.025015179310934,-2.258439366017477,-1.3188913504229944,-1.1350978056537073,1.5708465576171875,0.26044079661369324,1
773,1788171380.1871738,-0.41397306147770646,-0.5990881517935241,0.023694483431034113,1.0988541658890814,2.9430619905896047,0.00010720245057006526,-2.025027100239889,-2.258439366017477,-1.3189275900470179,-1.1350978056537073,1.5708705186843872,0.2604528069496155,1
774,1788171380.2270036,-0.4139663119848155,-0.5991072490326474,0.02369767926698238,1.098841683440152,2.943081829309289,7.099647628443422e-05,-2.025003258381979,-2.25845176378359,-1.3189032713519495,-1.135085407887594,1.5708585977554321,0.26046478748321533,1
775,1788171380.267619,-0.4138622189045849,-0.5990575176975195,0.023695096945499566,1.0987793620707944,2.9430762858275012,0.00031371378659733834,-2.02490741411318,-2.2582958380328577,-1.3191431204425257,-1.135157887135641,1.5708705186843872,0.2605246901512146,1
776,1788171380.307773,-0.4135723005554623,-0.5988711680521147,0.023744978645441478,1.0988690035490913,2.94304817151872,0.0004273863517419538,-2.0246551672564905,-2.257564369832174,-1.3202698866473597,-1.134834114705221,1.5708585977554321,0.260836660861969,1
777,1788171380.34816,-0.4127617260878961,-0.5982505910828957,0.023810834077680254,1.0985756556232606,2.9431739118074063,0.00018217713817842668,-2.024020020161764,-2.25527269044985,-1.324153248463766,-1.1330855528460901,1.5708585977554321,0.26126885414123535,1
778,1788171380.3876908,-0.4118618846755649,-0.5970245659757617,0.023855342674819924,1.0986599342312793,2.9431821997562944,-0.0002290242305270495,-2.0236366430865687,-2.251745049153463,-1.3302901426898401,-1.130212132130758,1.5708465576171875,0.26170065999031067,1
779,1788171380.428419,-0.41087353750840355,-0.5959143318164645,0.023931395477409384,1.0987883432610097,2.9431439020129426,-0.00037960794873450655,-2.0230734984027308,-2.248361889516012,-1.336031738911764,-1.1277573744403284,1.5708465576171875,0.2623489201068878,1
780,1788171380.4695268,-0.40975197235516664,-0.5950485265407224,0.02384682655791817,1.0985952065949394,2.9431603016478975,8.518118403692513e-05,-2.022198502217428,-2.2455909887896937,-1.3410418669330042,-1.125817600880758,1.5708705186843872,0.2631050646305084,1
781,1788171380.5095005,-0.4088421015529872,-0.5944392985446804,0.023772107110384938,1.0982812223666516,2.9432854845434377,0.0001608401430399687,-2.021419350300924,-2.243443314229147,-1.3449972311602991,-1.1240571180926722,1.5708585977554321,0.26366907358169556,1
782,1788171380.5512404,-0.40869631483211816,-0.5942753569500012,0.023829713115332052,1.0982125853985265,2.943317134949616,6.613920913724605e-05,-2.0213354269610804,-2.2428796927081507,-1.3458359877215784,-1.1237214247332972,1.5708585977554321,0.2637050151824951,1
783,1788171380.5927734,-0.40873386167382153,-0.5942803745217347,0.02383628354936429,1.098192276848136,2.9433156052747647,8.456197051564727e-06,-2.021383587514059,-2.242915455495016,-1.345764462147848,-1.1237214247332972,1.5708705186843872,0.26364508271217346,1
784,1788171380.635425,-0.4087163510980356,-0.5942762562833002,0.023791258432062812,1.0981816806721987,2.943286921620889,0.00011754889836773236,-2.021371666585104,-2.2429636160479944,-1.345788304005758,-1.1237214247332972,1.570894479751587,0.2636570632457733,1
785,1788171380.6767666,-0.4087198260196934,-0.5942967068336309,0.023825926821867655,1.0982235680372803,2.943291135196486,6.695910586727503e-06,-2.0213597456561487,-2.242939297352926,-1.3457520643817347,-1.1237099806415003,1.5708825588226318,0.26369303464889526,1
786,1788171380.7173815,-0.4087285144093812,-0.5942825883553093,0.023807697607030803,1.0982486744743125,2.9433048555872925,4.749343734055415e-05,-2.021371666585104,-2.242951218281881,-1.345776383076803,-1.123697582875387,1.5708585977554321,0.26369303464889526,1
787,1788171380.7597027,-0.4087345151472323,-0.5942823686392827,0.023844782325840502,1.0982405896601914,2.943337024113133,-4.9075758308590625e-06,-2.021371666585104,-2.242903534566061,-1.345764462147848,-1.1237214247332972,1.5708345174789429,0.2636810541152954,1
788,1788171380.8016393,-0.408716066072446,-0.5942763725593238,0.023795835451263597,1.0982828440910668,2.9432884966465322,0.00010417146483374889,-2.0213597456561487,-2.242951218281881,-1.3458002249347132,-1.1237099806415003,1.5708585977554321,0.2637289762496948,1
789,1788171380.840061,-0.4087232929623574,-0.5942982050695479,0.02384292476822991,1.098276416088887,2.94332484264547,-2.354892525999049e-05,-2.0213478247271937,-2.242915455495016,-1.3457520643817347,-1.1237099806415003,1.5708345174789429,0.2637289762496948,1
790,1788171380.8791845,-0.4086832899088964,-0.594221821220427,0.023791859300605872,1.098496421350113,2.94321437686732,0.0002192956010261956,-2.0213478247271937,-2.2428434530841272,-1.345980469380514,-1.1237099806415003,1.5708465576171875,0.2638847827911377,1
791,1788171380.920423,-0.4084176151654204,-0.5940142909003384,0.023709042405029107,1.0986928767403532,2.943148737051311,0.0005032273047312416,-2.0211313406573694,-2.2422917524920862,-1.347131077443258,-1.1232903639422815,1.5708225965499878,0.2642330527305603,1
792,1788171380.9623706,-0.4077736737156387,-0.5933808660140499,0.023782388141635663,1.098561088643116,2.943222847265016,0.0003155836614941443,-2.020700279866354,-2.240216080342428,-1.3505824247943323,-1.121793572102682,1.5708105564117432,0.2645690143108368,1
793,1788171381.0050452,-0.40725178525284655,-0.592214643346728,0.02382882024223651,1.0984516588307,2.943253636414208,6.822009958362246e-05,-2.0207603613482874,-2.2373488585101526,-1.355497185383932,-1.1195901075946253,1.5708345174789429,0.264436811208725,1
794,1788171381.0453818,-0.4069105897368643,-0.5911819610609385,0.02399136230995247,1.0983434057284946,2.9432892667315977,-0.0006704013357788004,-2.020975891743795,-2.23470908800234,-1.3597644011126917,-1.1174948851214808,1.5708825588226318,0.2641488015651703,1
795,1788171381.0878468,-0.4069758765875682,-0.5901080193709543,0.023824009468169288,1.0988206455678817,2.9431162394538215,-0.00014016816224988974,-2.0217068831073206,-2.233161274586813,-1.362845245991842,-1.1162975470172327,1.5708465576171875,0.2637409567832947,1
796,1788171381.127308,-0.4071527434461825,-0.5898300156143585,0.023701614785076625,1.098917702684398,2.9430536220693346,0.00027217871111707525,-2.022102657948629,-2.2331135908709925,-1.3632047812091272,-1.1162493864642542,1.5708465576171875,0.26341700553894043,1
797,1788171381.165781,-0.40711411647551154,-0.5898991706528148,0.023728740773607065,1.0989477220425006,2.943026563697393,0.00011877506310229092,-2.0220187346087855,-2.2331255117999476,-1.3631327787982386,-1.116213623677389,1.5708705186843872,0.2635248601436615,1
798,1788171381.2027721,-0.40712051310174724,-0.5898935232106896,0.023760600345709093,1.0989610550864601,2.943062278908608,8.60447566901858e-05,-2.0220187346087855,-2.233077351246969,-1.3631327787982386,-1.1162374655352991,1.5708345174789429,0.2635248601436615,1
799,1788171381.243546,-0.4070776877336135,-0.5899153525813858,0.023746489123214837,1.0988634623395075,2.9430706966714983,0.0001205335346771756,-2.021958653126852,-2.2330897490130823,-1.3631446997271937,-1.1162374655352991,1.5708585977554321,0.2635248601436615,1
800,1788171381.2846355,-0.407128961156629,-0.589891592052673,0.02374680048936062,1.0989970361927544,2.9430511811246456,4.9505119680511244e-05,-2.0220306555377405,-2.2330897490130823,-1.3631566206561487,-1.1161778608905237,1.5708345174789429,0.26353687047958374,1
801,1788171381.3264623,-0.40710972055467975,-0.5899026434252806,0.023770174098885932,1.0989056954471021,2.9430216113527754,3.993035607884458e-05,-2.0220187346087855,-2.233065430318014,-1.3631327787982386,-1.116225544606344,1.570894479751587,0.2635008990764618,1
802,1788171381.3659236,-0.4071107984801175,-0.5898923232640291,0.023710766314280846,1.0988764220462026,2.94305079746795,0.00015605672447398236,-2.0220187346087855,-2.2331374327289026,-1.3631566206561487,-1.1162017027484339,1.5708705186843872,0.2634769380092621,1
803,1788171381.4078634,-0.4071565871879125,-0.5898771882678906,0.02372562453861407,1.0989160608973925,2.943102104177211,0.00012760149482347037,-2.022066895161764,-2.2331374327289026,-1.3631208578692835,-1.116213623677389,1.5708105564117432,0.2634409964084625,1
804,1788171381.4487796,-0.40714605741345866,-0.5898806097976497,0.02376592984700207,1.0986177811559787,2.9431660329572327,6.38401109129639e-05,-2.022066895161764,-2.233077351246969,-1.3631208578692835,-1.1162374655352991,1.5708585977554321,0.26324886083602905,1
805,1788171381.491054,-0.40715081771349954,-0.5898778266350554,0.023732941265398128,1.0985015156904148,2.9432313823664584,0.0001240610758323958,-2.022066895161764,-2.2331255117999476,-1.3631208578692835,-1.116225544606344,1.5708345174789429,0.2631649672985077,1
806,1788171381.5336232,-0.4071520188902546,-0.5898860906316528,0.023766242215579297,1.0985580236270656,2.9431676543446583,-1.4266008838978034e-05,-2.022078816090719,-2.233077351246969,-1.3631327787982386,-1.1161778608905237,1.5708825588226318,0.26320093870162964,1
807,1788171381.5732737,-0.4071829332243943,-0.589872942720504,0.023780015876160354,1.098588663104988,2.943196865692671,-4.624293505438835e-05,-2.0221145788775843,-2.233065430318014,-1.3631208578692835,-1.1161778608905237,1.5708465576171875,0.26317694783210754,1
808,1788171381.6140583,-0.40718019839213315,-0.5898353967821409,0.023744399763094115,1.0985929873585958,2.9432087100199085,0.0001444607957875397,-2.0221264998065394,-2.233077351246969,-1.363169018422262,-1.1162374655352991,1.5708225965499878,0.2631649672985077,1
809,1788171381.654655,-0.4071764936060355,-0.5898533541403792,0.023764843908062272,1.0985905075297804,2.943201800241947,6.738730907198844e-05,-2.0221145788775843,-2.233065430318014,-1.3631446997271937,-1.116225544606344,1.5708345174789429,0.26317694783210754,1
810,1788171381.6953976,-0.4071754950472585,-0.5898638985131897,0.023776718726531393,1.0987958812073726,2.9431043723976615,-1.1473486908478612e-05,-2.0221145788775843,-2.233053509389059,-1.3631446997271937,-1.1161893049823206,1.5708585977554321,0.2633211314678192,1
811,1788171381.737046,-0.40716556124716546,-0.5898559452199306,0.023784849045914658,1.0996161338506223,2.942770105552363,2.3062968568769937e-05,-2.0221145788775843,-2.2330296675311487,-1.3631566206561487,-1.116225544606344,1.5708825588226318,0.2638847827911377,1
812,1788171381.7782223,-0.40718422882592703,-0.5898494348034236,0.0238016956724606,1.1013858707445192,2.9421222000592624,6.257881861799284e-06,-2.0221384207354944,-2.2330177466021937,-1.3631327787982386,-1.1162493864642542,1.5708705186843872,0.2650607228279114,1
813,1788171381.8190572,-0.4071851196832356,-0.5898455501240102,0.023781562294830083,1.104898096383988,2.940855939206025,1.4056099392727998e-05,-2.0221264998065394,-2.2330296675311487,-1.363169018422262,-1.1162017027484339,1.5708225965499878,0.2674493193626404,1
814,1788171381.8582938,-0.4071794534091381,-0.5898270411288763,0.023756002179072117,1.1095621582164024,2.9390681556328353,0.0001039701126771993,-2.0221384207354944,-2.233041588460104,-1.3632047812091272,-1.116213623677389,1.5708465576171875,0.27061727643013,1
815,1788171381.895894,-0.40718048368586757,-0.5898291666756181,0.023709037569574598,1.115558058748428,2.9368022702345935,2.879661052150064e-05,-2.0221384207354944,-2.233077351246969,-1.363288704548971,-1.1160457769977015,1.5708465576171875,0.2746979296207428,1
816,1788171381.9348834,-0.40717727243522617,-0.5898675656354587,0.02362073701585496,1.1225170850693678,2.9341542133669027,-0.0002726189785303298,-2.0221145788775843,-2.233161274586813,-1.3634446302997034,-1.1156142393695276,1.5708585977554321,0.2794620096683502,1
817,1788171381.9752607,-0.4071587631830531,-0.5898554953498121,0.023245260730026612,1.1303031948183277,2.931186605627936,-0.00022971468923435714,-2.022090737019674,-2.2335217634784144,-1.363875691090719,-1.1148479620562952,1.5708345174789429,0.2847905158996582,1
818,1788171382.0152733,-0.4071614248223814,-0.589834868704296,0.022685838820092397,1.1390118274478682,2.927784110899599,-0.00017364414701796194,-2.0221145788775843,-2.2340973059283655,-1.3644512335406702,-1.113734547291891,1.5708585977554321,0.2907189428806305,1
819,1788171382.0538433,-0.407167187553137,-0.5898205792328082,0.02204732722902314,1.1494304763674712,2.9236812253022317,-0.00013440958546611653,-2.0221384207354944,-2.2347691694842737,-1.365086857472555,-1.1124537626849573,1.5708825588226318,0.2978237271308899,1
820,1788171382.0954115,-0.40718546827836655,-0.5898713531285966,0.02126163518075208,1.1607835729610245,2.9192243829158793,-0.0005232328974033457,-2.0221264998065394,-2.2356212774859827,-1.365901295338766,-1.1105378309832972,1.5708705186843872,0.3056003749370575,1
821,1788171382.1367023,-0.40718896450772346,-0.589866024460126,0.020393268715022783,1.1722902682689027,2.914644186337521,-0.0004612989974947197,-2.0221264998065394,-2.2365568319903772,-1.3667286078082483,-1.1088126341449183,1.5708465576171875,0.3134848475456238,1
822,1788171382.1789997,-0.40718740362453804,-0.5898233085751332,0.01949738829032835,1.184202325187047,2.9098073773309676,-0.00010009270240897167,-2.0221508185016077,-2.237528626118795,-1.3675196806537073,-1.1072800795184534,1.5708465576171875,0.3216453790664673,1
823,1788171382.2192674,-0.4071920716528495,-0.5898405320271758,0.018865362690881127,1.1943829648067124,2.905668112165705,-7.659786907822425e-05,-2.0221384207354944,-2.2382481733905237,-1.368058983479635,-1.1060345808612269,1.5708225965499878,0.3286542594432831,1
824,1788171382.2608647,-0.407159095830373,-0.5898044010199257,0.0182817192081334,1.2033416830575823,2.901927350146356,0.00031986597378954733,-2.0221264998065394,-2.2388723532306116,-1.3685625235186976,-1.1051610151873987,1.5708465576171875,0.33484673500061035,1
825,1788171382.3012516,-0.40717603439515626,-0.5898456499006874,0.01783866995758196,1.2116580406423993,2.898459565874929,0.0001328829811613123,-2.0221264998065394,-2.2394002119647425,-1.368934456502096,-1.1041424910174769,1.5708585977554321,0.34058305621147156,1
826,1788171382.342459,-0.40721885317429196,-0.5898881895676802,0.017543125830983886,1.2184646856511139,2.895631060755461,-0.0002218931612962577,-2.0221508185016077,-2.2397597471820276,-1.3692095915423792,-1.1032808462726038,1.5708465576171875,0.34525129199028015,1
827,1788171382.3826745,-0.4072085943120758,-0.589879566620075,0.01734136984299145,1.2247767359256445,2.892940560080181,-0.0002236577638524981,-2.0221508185016077,-2.2399519125567835,-1.3694489637957972,-1.10284930864443,1.5708705186843872,0.3496195375919342,1
828,1788171382.425469,-0.40719607814148995,-0.589861339339695,0.01724781302520248,1.228879553208728,2.891221360612583,-8.84889251833444e-05,-2.0221384207354944,-2.2400363127337855,-1.3695452849017542,-1.1027534643756312,1.5708465576171875,0.3524639308452606,1
829,1788171382.4658632,-0.4071991249281889,-0.5898537916710141,0.01723951194914669,1.2320493931964087,2.88985889010134,-9.006974469159009e-05,-2.0221508185016077,-2.2400363127337855,-1.3695691267596644,-1.1027291456805628,1.5708585977554321,0.35464805364608765,1
830,1788171382.5058005,-0.4069087783500443,-0.5896891207408723,0.017088793666011542,1.234433885813739,2.8888176231699996,0.00022936024434641337,-2.0218871275531214,-2.2396281401263636,-1.370660130177633,-1.1022504011737269,1.5708705186843872,0.3565681576728821,1
831,1788171382.5471807,-0.40592131302071605,-0.5893050361329011,0.01685956466285571,1.2356552331735564,2.888314935511882,0.0008531530311633872,-2.020855728779928,-2.2381284872638147,-1.3738368193255823,-1.100969139729635,1.5708345174789429,0.3584403097629547,1
832,1788171382.5846584,-0.40441896151586176,-0.5889309888681914,0.016953411991923267,1.2360341709603284,2.8881346654323568,0.0006249371462491352,-2.0191782156573694,-2.2354653517352503,-1.3782714048968714,-1.099053208027975,1.5708585977554321,0.3603847622871399,1
833,1788171382.6217368,-0.40296377669141564,-0.589092605898388,0.016985247339860732,1.2354435847846204,2.8884242490025547,0.0002877648477289968,-2.017212216054098,-2.2338574568377894,-1.381052319203512,-1.0976641813861292,1.5708345174789429,0.36193257570266724,1
834,1788171382.6624992,-0.40244314749575016,-0.5891065147339385,0.016914227461636733,1.235461218267967,2.8883646344067992,0.0002846728817162435,-2.0165532271014612,-2.2333295981036585,-1.382179085408346,-1.097065273915426,1.5708825588226318,0.36261680722236633,1
835,1788171382.703459,-0.402460668104397,-0.5891236864375268,0.01697471081618368,1.2355842427194077,2.88831743351246,9.684272146169726e-05,-2.0165651480304163,-2.233269516621725,-1.3821433226214808,-1.097041432057516,1.5708825588226318,0.36268872022628784,1
836,1788171382.74344,-0.40246680086980197,-0.5891628242806225,0.01700588105699566,1.2355955849183977,2.888343487616721,-7.071902546518135e-05,-2.016541306172506,-2.233269516621725,-1.3820832411395472,-1.0969937483416956,1.5708585977554321,0.36271268129348755,1
837,1788171382.784369,-0.40245624470650815,-0.5891407318407196,0.016969481455617386,1.2355594203955707,2.888354630543527,7.969887120223383e-05,-2.016541306172506,-2.2332938353167933,-1.3821190039264124,-1.0970295111285608,1.5708585977554321,0.36268872022628784,1
838,1788171382.8252835,-0.4024423171239791,-0.5891644766050529,0.016997206481348087,1.2354952971378892,2.888397319772917,4.901371489031485e-06,-2.0165050665484827,-2.233269516621725,-1.3820951620685022,-1.0970295111285608,1.5708465576171875,0.362676739692688,1
839,1788171382.8648121,-0.4024394892205482,-0.5891509696724527,0.01697251433860275,1.235398951279858,2.8884097743745203,9.762629089357422e-05,-2.016517464314596,-2.2332938353167933,-1.3821070829974573,-1.097053352986471,1.5708705186843872,0.3626048266887665,1
840,1788171382.9032068,-0.40246461896555547,-0.589138761879521,0.016957959822827412,1.235507233027054,2.8883764134178302,9.840462574975013e-05,-2.0165532271014612,-2.2333176771747034,-1.3821070829974573,-1.0970295111285608,1.5708585977554321,0.3626407980918884,1
841,1788171382.9415083,-0.4022290781905642,-0.5891032078011486,0.01698141557071542,1.2354117452685835,2.888438612360254,0.00026837485777728317,-2.0162656942950647,-2.23298150697817,-1.3825987021075647,-1.0969813505755823,1.5708345174789429,0.3628568649291992,1
842,1788171382.9824197,-0.40141552621226473,-0.5891890071312539,0.01708053255473929,1.2351344807015074,2.888551634396797,4.996772899195704e-06,-2.015175167714254,-2.231974426900045,-1.3841207663165491,-1.0962989966021937,1.5708465576171875,0.36375680565834045,1
843,1788171383.023447,-0.39962861022482676,-0.5892034936326471,0.017186468943577476,1.2347569698492031,2.888714537500746,-5.171416777932694e-05,-2.0128734747516077,-2.229706589375631,-1.3877890745746058,-1.0948622862445276,1.5708465576171875,0.3657967448234558,1
844,1788171383.064487,-0.3983977095481442,-0.5892024335393413,0.017193757430426726,1.2349856124035794,2.88861724626906,-7.179583017421926e-05,-2.0112913290606897,-2.2282069365130823,-1.3903897444354456,-1.0937483946429651,1.5708465576171875,0.36753708124160767,1
845,1788171383.1033561,-0.3979737279271137,-0.5891720053629841,0.017121086222548737,1.2349691215402359,2.888623805040015,-5.3043022151968045e-05,-2.010763947163717,-2.227726761494772,-1.391433064137594,-1.0931971708880823,1.5708465576171875,0.3680531680583954,1
846,1788171383.1437485,-0.3980071520690843,-0.5891563242564226,0.01708002992129501,1.235025779657532,2.888609850867644,6.0661414060903986e-05,-2.010812584553854,-2.2278106848346155,-1.3913849035846155,-1.0932334105121058,1.5708345174789429,0.36804118752479553,1
847,1788171383.1856031,-0.3980120549828926,-0.5891599820833167,0.01707772905417093,1.2349812285700577,2.888603173978932,4.1333301313297635e-05,-2.010824505482809,-2.227823082600729,-1.3913729826556605,-1.0932214895831507,1.5708585977554321,0.36800485849380493,1
848,1788171383.2287617,-0.3980116889402835,-0.5891592046173382,0.017069353705586127,1.23503353040014,2.888580346158944,6.004794977483287e-05,-2.010824505482809,-2.227835003529684,-1.3913729826556605,-1.0932214895831507,1.5708585977554321,0.36804118752479553,1
849,1788171383.270512,-0.39801806253811073,-0.5892593626362721,0.017112158766135477,1.234977092930969,2.8885948207344674,-7.310915387916974e-05,-2.010775868092672,-2.227942768727438,-1.3910849730121058,-1.0933173338519495,1.5708705186843872,0.3680531680583954,1
850,1788171383.311611,-0.3981691987550002,-0.5896133777102424,0.017180601817195162,1.2350375550032127,2.88859218400336,-0.0004863632180227083,-2.010752026234762,-2.2285788694964808,-1.3898499647723597,-1.0936525503741663,1.5708585977554321,0.36811307072639465,1
851,1788171383.3538482,-0.3985871779981516,-0.5905471266560868,0.017107129098713147,1.2350639889197539,2.8885576455398,-7.235177678319751e-05,-2.010728184376852,-2.2309301535235804,-1.3858826796161097,-1.0955327192889612,1.5708705186843872,0.36816102266311646,1
852,1788171383.3964438,-0.39957221156659506,-0.591706859176841,0.017072617548851227,1.235218506684823,2.8884915611436317,-7.091286795044325e-05,-2.0112913290606897,-2.234229389821188,-1.3802130858050745,-1.0979040304767054,1.5708705186843872,0.3677048683166504,1
853,1788171383.4369395,-0.4008112676988644,-0.5920839294559307,0.017116597951271545,1.235494881525717,2.888421580876601,8.222035401642812e-05,-2.012634579335348,-2.2363889853106897,-1.3762815634356897,-1.099771801625387,1.5708225965499878,0.36654090881347656,1
854,1788171383.4778,-0.40170407102743133,-0.5922354328021533,0.01722282142604653,-1.2354496075543697,-2.888468342872392,0.0002179957571945451,-2.013676468526022,-2.2375524679767054,-1.3739922682391565,-1.1007054487811487,1.570798635482788,0.3654608130455017,1
855,1788171383.5188258,-0.4016452012756207,-0.5922548843371617,0.01707529563970231,1.235238443965699,2.8884995837570764,0.0002880340919596465,-2.0136049429522913,-2.237804714833395,-1.3738845030414026,-1.1008852163897913,1.5708465576171875,0.36540091037750244,1
856,1788171383.5610363,-0.4016810412962579,-0.5922517552804637,0.01711377502903838,1.2352912844343422,2.8884805252280232,0.00015630637063464964,-2.0136526266681116,-2.2377684752093714,-1.3738606611834925,-1.1008613745318812,1.5708465576171875,0.3653889298439026,1
857,1788171383.6024723,-0.40167594235690235,-0.5922479132487214,0.017104309082654506,1.2353006022943678,2.888502079302994,0.00017647672528026324,-2.0136407057391565,-2.2377684752093714,-1.3738845030414026,-1.100849453602926,1.5708225965499878,0.36540091037750244,1
858,1788171383.6437194,-0.40164856746377936,-0.5922614883322019,0.017101960676047384,1.2352074220176896,2.8884752518404455,0.00022895944927842418,-2.0136168638812464,-2.2377803961383265,-1.3738606611834925,-1.1008971373187464,1.5708825588226318,0.36537691950798035,1
859,1788171383.6853516,-0.40165820501161026,-0.5922753958112481,0.01709569783147946,1.2351609596780035,2.888510195650476,0.0001555954169469022,-2.0136168638812464,-2.237804714833395,-1.3738487402545374,-1.100837532673971,1.5708705186843872,0.3653409779071808,1
860,1788171383.7270825,-0.40164151159982464,-0.5922931015660339,0.017130888357045126,1.2351173375162796,2.888505343337952,5.9836605805246064e-05,-2.013592545186178,-2.2377565542804163,-1.3738487402545374,-1.100825611745016,1.570894479751587,0.3653409779071808,1
861,1788171383.7673817,-0.40167273612056303,-0.5922735941953892,0.017143626143436536,1.235206175358955,2.888520460140415,2.458058803708631e-05,-2.0136287848102015,-2.237732712422506,-1.3738606611834925,-1.1008132139789026,1.5708465576171875,0.36535295844078064,1
862,1788171383.8101742,-0.4016932552794828,-0.5923232760058595,0.016981641488622246,1.2351875746389487,2.8885248523701565,-0.00033166103313819403,-2.0136287848102015,-2.237936321889059,-1.37402850786318,-1.100215260182516,1.5708585977554321,0.3653409779071808,1
863,1788171383.851275,-0.4016707790544408,-0.592269467500853,0.015890558963035095,1.2352052109763527,2.8885181985806336,0.0001241230066284205,-2.0136287848102015,-2.239112202321188,-1.3750107924090784,-1.098347012196676,1.5708465576171875,0.36535295844078064,1
864,1788171383.893508,-0.40169986933709106,-0.5922786883557289,0.01418644418483428,1.235215286099531,2.8885422421877656,3.950948971580972e-05,-2.0136526266681116,-2.241007630025045,-1.3765814940081995,-1.0948260466205042,1.5708225965499878,0.36532899737358093,1
865,1788171383.932494,-0.401696524297597,-0.5922514656151288,0.01201245786007385,1.235182098541042,2.8885129567713212,0.0001989763524326286,-2.013676468526022,-2.2433956305133265,-1.3785951773272913,-1.090527359639303,1.5708585977554321,0.36529305577278137,1
866,1788171383.9727197,-0.4017064705593227,-0.5922591122481069,0.009954700740809425,1.2351777513310904,2.8885031493165965,0.00015034834195335454,-2.013688389454977,-2.2456987539874476,-1.3804648558246058,-1.0863240400897425,1.5708705186843872,0.36528104543685913,1
867,1788171384.0132313,-0.4017269976309933,-0.5922101461266648,0.00824416146961024,1.2350115980627816,2.888593925960332,0.00038456278320738493,-2.0137365500079554,-2.24760610262026,-1.3819873968707483,-1.0830424467669886,1.5708465576171875,0.36511290073394775,1
868,1788171384.054949,-0.40174171630282945,-0.5922603501361121,0.007476610457183619,1.23498359626789,2.8885763220268657,2.910145707251579e-05,-2.0137365500079554,-2.2484939734088343,-1.3826945463763636,-1.0812223593341272,1.5708825588226318,0.3651009202003479,1
869,1788171384.0962367,-0.4017666165970943,-0.5922872505605544,0.007455143525433888,1.2349179142824076,2.8886621782688526,-0.00017453252515820298,-2.0137365500079554,-2.248542610798971,-1.3827064673053187,-1.0810301939593714,1.5708345174789429,0.36504098773002625,1
870,1788171384.1340685,-0.40176156349747894,-0.5922765984939226,0.007427769666329159,1.2349864444630203,2.8886308628251687,-9.968732873201991e-05,-2.0137365500079554,-2.248566452656881,-1.3827303091632288,-1.0810301939593714,1.5708345174789429,0.36508893966674805,1
871,1788171384.1741347,-0.40176925264909386,-0.5922864575391331,0.007452100405180434,1.2349920294726506,2.888643927784426,-0.00019176582453607108,-2.0137365500079554,-2.248542610798971,-1.3827183882342737,-1.0810068289386194,1.5708225965499878,0.36508893966674805,1
872,1788171384.2145257,-0.40176486648782817,-0.5922703017086334,0.007439378475914582,1.2350510236755636,2.888590670433,-0.00011913293990722617,-2.0137484709369105,-2.248542610798971,-1.3827422300921839,-1.0810301939593714,1.5708465576171875,0.3651248812675476,1
873,1788171384.2548003,-0.40175116951500206,-0.5922807741195893,0.007420390153788897,1.23494736030533,2.8886349514214964,-0.00011763696558402858,-2.0137246290790003,-2.248566452656881,-1.3827546278582972,-1.0809949080096644,1.5708465576171875,0.3650769591331482,1
874,1788171384.2962072,-0.4017614184146755,-0.5922822094842252,0.007438414142021121,1.2349507188177344,2.888595421229182,-0.0001580084030179425,-2.0137484709369105,-2.248554531727926,-1.3827303091632288,-1.0810068289386194,1.5708825588226318,0.36506497859954834,1
875,1788171384.3368843,-0.401777820098812,-0.5922779345692301,0.0074322388417426555,1.2349822624358586,2.888621563627589,-0.0001745198607629099,-2.0137603918658655,-2.248566452656881,-1.3827303091632288,-1.0809829870807093,1.5708465576171875,0.36506497859954834,1
876,1788171384.3763378,-0.4017688442693027,-0.5922786867182771,0.007438413581220243,1.2349648629984729,2.888628497990111,-0.00015580852182341131,-2.0137484709369105,-2.248554531727926,-1.3827303091632288,-1.0810068289386194,1.5708465576171875,0.36506497859954834,1
877,1788171384.4189646,-0.4017599150921995,-0.5922795369994307,0.00744463347426963,1.2349128206818407,2.8886502638182074,-0.0001378465078895854,-2.0137365500079554,-2.248542610798971,-1.3827303091632288,-1.0810301939593714,1.5708465576171875,0.36504098773002625,1
878,1788171384.4606545,-0.40175408722469086,-0.5922741613214562,0.007415345280325253,1.2349739026326738,2.8886491591808365,-9.821033319556787e-05,-2.0137246290790003,-2.248566452656881,-1.382766071950094,-1.0809949080096644,1.5708225965499878,0.36508893966674805,1
879,1788171384.5012918,-0.40176786553514154,-0.5922633644444331,0.007402398282271655,1.2349937380709592,2.8886005280100226,-6.224174134032434e-05,-2.0137603918658655,-2.2485902945147913,-1.3827546278582972,-1.0810068289386194,1.5708585977554321,0.3650769591331482,1
880,1788171384.5416248,-0.40176274723925903,-0.5922461625418144,0.00739824270762901,1.2349981041621465,2.8886107368356586,-2.4083920845994424e-05,-2.0137603918658655,-2.248566452656881,-1.3828023115741175,-1.0810068289386194,1.5708465576171875,0.3650769591331482,1
881,1788171384.5808103,-0.40174982049297603,-0.5922449985588465,0.007404596610615877,1.2349588534664029,2.888614433380236,-2.482014950419866e-05,-2.0137484709369105,-2.248542610798971,-1.3828261534320276,-1.0810068289386194,1.5708585977554321,0.36506497859954834,1
882,1788171384.6217153,-0.40175321959426125,-0.5922590093269043,0.007403497235058676,1.2349512770063742,2.8886443456516124,-4.205827378115429e-05,-2.0137365500079554,-2.248566452656881,-1.3827903906451624,-1.0810068289386194,1.5708345174789429,0.36506497859954834,1
883,1788171384.6610553,-0.40175531288092864,-0.5922565763004202,0.007403497511205087,1.2349416887289733,2.888622276424343,-4.3531521742497744e-05,-2.0137484709369105,-2.248566452656881,-1.3827903906451624,-1.0810068289386194,1.5708585977554321,0.3650529682636261,1
884,1788171384.70129,-0.40176215245918023,-0.5922449088069891,0.0073928542545690645,1.2350323544609658,2.8885951040391813,1.259031367798145e-05,-2.0137603918658655,-2.2485783735858362,-1.3827903906451624,-1.0810301939593714,1.5708465576171875,0.3651009202003479,1
885,1788171384.7415967,-0.4017593556234161,-0.5922459220647792,0.007409850895707892,1.2349904812715427,2.8886405396587223,-4.1329497785794745e-05,-2.0137484709369105,-2.248542610798971,-1.3828142325030726,-1.0810068289386194,1.5708225965499878,0.3650769591331482,1
886,1788171384.7825348,-0.4017606975443142,-0.5922551005108527,0.0074119288403854955,1.2350378908335622,2.8886078186296134,-6.0768168339767905e-05,-2.0137365500079554,-2.248566452656881,-1.382766071950094,-1.0810545126544397,1.5708465576171875,0.3650769591331482,1
887,1788171384.8230276,-0.4017442141263146,-0.5922464389511909,0.007376304263777833,1.2350152159376815,2.8886024116119526,1.334017331267192e-05,-2.0137365500079554,-2.2485783735858362,-1.3828380743609827,-1.0809829870807093,1.5708465576171875,0.36511290073394775,1
888,1788171384.8644,-0.401752411302631,-0.5922440466595396,0.00739185981364579,1.2350151298083556,2.8886024483289656,1.333922290219969e-05,-2.0137484709369105,-2.248566452656881,-1.3828142325030726,-1.0810187498675745,1.5708465576171875,0.3651009202003479,1
889,1788171384.9046485,-0.40176716449305583,-0.5922427110215709,0.007402547764673945,1.2351115198758185,2.8885887877459355,-4.1328310937826506e-05,-2.0137603918658655,-2.248554531727926,-1.3828142325030726,-1.0809949080096644,1.5708225965499878,0.3651488423347473,1
890,1788171384.9434147,-0.40177021662509693,-0.5922491445999194,0.007411928752668828,1.23509439849017,2.8885966127327345,-6.003958686102993e-05,-2.0137603918658655,-2.248554531727926,-1.3827903906451624,-1.0810068289386194,1.5708225965499878,0.36513686180114746,1
891,1788171384.9814553,-0.40176427338803866,-0.5922754647031659,0.007404138919038156,1.235064133361805,2.8885734699701717,-0.0001752518072656002,-2.0137484709369105,-2.2485783735858362,-1.3827903906451624,-1.0809109846698206,1.5708585977554321,0.36513686180114746,1
892,1788171385.0209715,-0.4017715715455466,-0.5922386788693219,0.007391118472603209,1.235072143844503,2.8885926695732116,-4.205791605847371e-05,-2.0137723127948206,-2.248566452656881,-1.3828261534320276,-1.0809710661517542,1.5708345174789429,0.36511290073394775,1
893,1788171385.0628772,-0.4017863595231336,-0.5922438288466044,0.0073930169304136095,1.235128651292168,2.8885814630896665,-4.132901969814898e-05,-2.0137842337237757,-2.2485902945147913,-1.3827784697162073,-1.0809949080096644,1.5708225965499878,0.36513686180114746,1
894,1788171385.1033728,-0.401772768395603,-0.5922343566556774,0.007387037682462655,1.2351145144901101,2.888548403406485,-4.427763671867773e-05,-2.0137842337237757,-2.248566452656881,-1.3828380743609827,-1.080958668385641,1.5708585977554321,0.36513686180114746,1
895,1788171385.144677,-0.4017587080395178,-0.5922573199375788,0.007405978413626224,1.2350681380334467,2.888582828692224,-9.967314589656114e-05,-2.0137484709369105,-2.248554531727926,-1.3828142325030726,-1.080958668385641,1.5708465576171875,0.36513686180114746,1
896,1788171385.1854458,-0.40176407666171704,-0.5922489648267144,0.007409155264285511,1.2350334456875784,2.8885976634629333,-9.96749444513281e-05,-2.0137603918658655,-2.248542610798971,-1.3828261534320276,-1.080958668385641,1.5708465576171875,0.3651009202003479,1
897,1788171385.2268426,-0.40175001694697093,-0.5922586714494623,0.0073963732230809265,1.234964032807728,2.8886263119478555,-6.150473212048639e-05,-2.0137365500079554,-2.248566452656881,-1.3828142325030726,-1.0809710661517542,1.5708465576171875,0.3650769591331482,1
898,1788171385.267748,-0.40176860964257705,-0.5922388485803586,0.00739546902957447,1.2349983893856757,2.888611644558915,-6.225499606406961e-05,-2.0137723127948206,-2.248554531727926,-1.3828380743609827,-1.080958668385641,1.5708465576171875,0.36506497859954834,1
899,1788171385.307947,-0.4017753033865683,-0.5922534539016544,0.007411232928745959,1.2350131646693843,2.888645963504278,-0.00011618639765531955,-2.0137603918658655,-2.248554531727926,-1.3828023115741175,-1.080958668385641,1.5708105564117432,0.3650769591331482,1
900,1788171385.3514786,-0.40176884995288975,-0.5922590264303277,0.007400932293508661,1.2350165057890172,2.8886059143991734,-0.00013709718017297556,-2.0137603918658655,-2.248566452656881,-1.3828142325030726,-1.0809229055987757,1.5708465576171875,0.36508893966674805,1
901,1788171385.3934197,-0.40174953852716244,-0.5922576629279446,0.0074007236922673525,1.2350161322461792,2.888604560817118,-8.096269441055659e-05,-2.0137365500079554,-2.248554531727926,-1.3828261534320276,-1.080958668385641,1.5708465576171875,0.36511290073394775,1
902,1788171385.4359953,-0.4017644348192703,-0.5922438658587477,0.007382686791679777,1.2350343192573845,2.888647331982868,-2.1153481392340035e-05,-2.0137484709369105,-2.2485783735858362,-1.3828261534320276,-1.0809710661517542,1.570798635482788,0.3651009202003479,1
903,1788171385.4785807,-0.40175749835862457,-0.592261183202959,0.007394370004428136,1.235028619585468,2.8885861376217297,-8.169871005411668e-05,-2.0137484709369105,-2.2485783735858362,-1.3828023115741175,-1.080958668385641,1.5708585977554321,0.36511290073394775,1
904,1788171385.5194554,-0.4017703449871063,-0.5922489192980169,0.007405978568247207,1.2350286296139614,2.8885866388657124,-0.00010041178098437141,-2.0137723127948206,-2.248554531727926,-1.3828142325030726,-1.080958668385641,1.5708585977554321,0.36508893966674805,1
905,1788171385.5612593,-0.40175829882176173,-0.5922495483721888,0.007392292472184481,1.2350236687969882,2.88857479588026,-6.371759369402794e-05,-2.0137603918658655,-2.248566452656881,-1.3828261534320276,-1.080958668385641,1.5708705186843872,0.3651009202003479,1
906,1788171385.60272,-0.4017480233675471,-0.5922475600165625,0.007373127612294361,1.2349538071060215,2.8886026265369518,1.187233886699827e-05,-2.0137484709369105,-2.2485902945147913,-1.3828261534320276,-1.0809829870807093,1.5708705186843872,0.36506497859954834,1
907,1788171385.6445236,-0.40176002185541887,-0.5922600894107254,0.007418491210297418,1.234981795780942,2.888620230317777,-0.00011763785035965967,-2.0137484709369105,-2.248542610798971,-1.3828023115741175,-1.0809710661517542,1.5708465576171875,0.3650769591331482,1
908,1788171385.6864746,-0.4017583629750911,-0.5922501793291487,0.007393599608314982,1.2349517012302373,2.8886456979541406,-9.89402313364755e-05,-2.0137484709369105,-2.248554531727926,-1.3828499952899378,-1.0809229055987757,1.5708345174789429,0.3650529682636261,1
909,1788171385.7263074,-0.40178177174830165,-0.5922730049860321,0.0076519182426015575,1.2345793458240748,2.8887823223570224,-0.00023439518149807293,-2.0137723127948206,-2.2483018080340784,-1.3825743834124964,-1.0813658873187464,1.5708585977554321,0.36477696895599365,1
910,1788171385.7663655,-0.4018067565875065,-0.5923713673740225,0.008859629612315345,1.2345816037343493,2.8887871987433096,-0.0009349071542863381,-2.0137484709369105,-2.2469823996173304,-1.3815434614764612,-1.0832703749286097,1.5708705186843872,0.36480093002319336,1
911,1788171385.8074098,-0.40181254963622093,-0.5923182062283057,0.010715113847094143,1.234582132084863,2.888789103590221,-0.0005300264616119098,-2.0137842337237757,-2.2449186483966272,-1.3797696272479456,-1.087365452443258,1.5708585977554321,0.3647649884223938,1
912,1788171385.8465087,-0.4018151099342742,-0.5923031432806649,0.013496940896578435,1.2345467769535294,2.888800470399302,-0.0003908201337433184,-2.013796631489889,-2.241847817097799,-1.3771570364581507,-1.093137566243307,1.5708585977554321,0.36472904682159424,1
913,1788171385.8873172,-0.40179243578091567,-0.5923087429094706,0.016753755754206207,1.2345521410772782,2.8888142146151417,-0.0005000993041825934,-2.0137603918658655,-2.2382362524615687,-1.3741839567767542,-1.099652115498678,1.5708465576171875,0.3647649884223938,1
914,1788171385.9281418,-0.40175906418621926,-0.5922251412641442,0.018873701447830626,1.2345592325705297,2.888783122857945,5.3748927260836244e-05,-2.0137723127948206,-2.2358854452716272,-1.372145954762594,-1.104394261037008,1.5708585977554321,0.3647649884223938,1
915,1788171385.9712,-0.40175985235299977,-0.5922007199025238,0.020234727191940582,1.2345621087066156,2.8887900804089344,0.0002348585504891356,-2.0137842337237757,-2.2344210783587855,-1.3707917372332972,-1.1073277632342737,1.5708465576171875,0.36475300788879395,1
916,1788171386.0105367,-0.4017553798962633,-0.5922109624968465,0.020778102233110052,1.2345095466514526,2.8888105066500565,0.0003097005895718548,-2.0137723127948206,-2.2338698546039026,-1.370192829762594,-1.10852557817568,1.5708465576171875,0.36472904682159424,1
917,1788171386.049721,-0.4017323282458128,-0.5921559605963912,0.020664985023744087,1.2345448117097813,2.8887972352386675,0.0007243219354473994,-2.0137723127948206,-2.2339656988727015,-1.3702767531024378,-1.1086095015155237,1.5708345174789429,0.36475300788879395,1
918,1788171386.0925748,-0.4017602415425763,-0.5922408807862891,0.02063694795352361,1.2345473776052147,2.888803036930369,-1.0624350538709401e-05,-2.0137603918658655,-2.2340014616595667,-1.370420281087057,-1.107962433491842,1.5708465576171875,0.3647649884223938,1
919,1788171386.1352582,-0.40173212731236246,-0.592194381534106,0.019570158910649615,1.2344836049375487,2.888797449229737,0.00023862380544813688,-2.0137603918658655,-2.235093418751852,-1.3715112845050257,-1.1059392134295862,1.5708705186843872,0.36472904682159424,1
920,1788171386.1756477,-0.40175857107240226,-0.5921980192632865,0.0174378557518797,1.2346337575780664,2.8887662014124427,-1.361759393723299e-05,-2.0137842337237757,-2.237372700368063,-1.3736565748797815,-1.1013529936419886,1.5708465576171875,0.36480093002319336,1
921,1788171386.2180133,-0.40174586275888163,-0.5922041587369972,0.014587694664601525,1.234585698330054,2.8887969253273553,9.414769326079799e-05,-2.0137603918658655,-2.2405040899859827,-1.376305882130758,-1.0956404844867151,1.5708345174789429,0.3647889494895935,1
922,1788171386.2573183,-0.40175453336515865,-0.5921767467288438,0.011202687906414294,1.2346230117938133,2.88878893328569,0.0002789938007737377,-2.0137842337237757,-2.2442472616778772,-1.3794100920306605,-1.0889104048358362,1.5708225965499878,0.3647889494895935,1
923,1788171386.2999668,-0.4017448610612929,-0.5922212229640075,0.008093769876416829,1.2345541558685311,2.888770999947782,0.00010241401091017958,-2.0137603918658655,-2.2477505842791956,-1.3822148481952112,-1.082491699849264,1.5708705186843872,0.36477696895599365,1
924,1788171386.3423388,-0.401754291811736,-0.5921894937885545,0.005026480471516576,1.2346442927617893,2.888790605845754,0.0003650563335542066,-2.0137723127948206,-2.2512295881854456,-1.3848760763751429,-1.0765164534198206,1.5708105564117432,0.3648129105567932,1
925,1788171386.3830185,-0.4017654567865954,-0.592271546037951,0.002579115837001572,1.2345488502108388,2.8888062536343515,-0.0001528252813183488,-2.0137484709369105,-2.2540610472308558,-1.3870332876788538,-1.0711992422686976,1.5708465576171875,0.36477696895599365,1
926,1788171386.4209454,-0.4018114818968756,-0.5922826713249512,0.0013644476594143196,1.2346085279327097,2.8888012915584116,-0.00042826110445904177,-2.013796631489889,-2.2554648558246058,-1.3881123701678675,-1.068540398274557,1.5708345174789429,0.3647649884223938,1
927,1788171386.459781,-0.401788279784419,-0.5922999825066704,0.0009942001502018794,1.2345508839254073,2.8888112646504704,-0.000370620086203728,-2.0137603918658655,-2.255908791218893,-1.3883879820453089,-1.0678580443011683,1.5708465576171875,0.3647649884223938,1
928,1788171386.4994364,-0.40180864506617,-0.5923364973473012,0.0011195401860800702,1.2346452908549002,2.8887926239425665,-0.0006909614552043634,-2.0137603918658655,-2.2557762304889124,-1.3883159796344202,-1.0678580443011683,1.5708345174789429,0.36482492089271545,1
929,1788171386.5401819,-0.4017891807106033,-0.5923215551537971,0.0010098515060842916,1.2345686437408854,2.888804698374451,-0.00040878910028805835,-2.0137484709369105,-2.255920712147848,-1.3883279005633753,-1.0678818861590784,1.5708465576171875,0.3647889494895935,1
930,1788171386.5826983,-0.4018062078136848,-0.5923111884006013,0.0010399496750891635,1.2346116202802262,2.888762334091338,-0.0004858496796394109,-2.0137842337237757,-2.2558720747577112,-1.3883402983294886,-1.0678699652301233,1.5708705186843872,0.3647889494895935,1
931,1788171386.6227179,-0.4017872529665906,-0.5923174915438857,0.0010566045630074905,1.2345690214717886,2.8888055847364895,-0.00044770772775319667,-2.0137484709369105,-2.255848232899801,-1.3883279005633753,-1.0679295698748987,1.5708465576171875,0.3647889494895935,1
932,1788171386.6654108,-0.40178174452398085,-0.5922994667337688,0.0010328757750576734,1.2345203694849665,2.8888353903481994,-0.00029578701918864687,-2.0137484709369105,-2.2558720747577112,-1.3883279005633753,-1.0680020491229456,1.5708345174789429,0.36475300788879395,1
933,1788171386.7075555,-0.4017849676212141,-0.5922728317727521,0.0010217973508925282,1.2346039693077577,2.8887444065794394,-0.00018572022722038552,-2.0137842337237757,-2.2558720747577112,-1.3883402983294886,-1.068061653767721,1.5708825588226318,0.3647889494895935,1
934,1788171386.7465317,-0.4018005859334987,-0.5922661184865176,0.001029072635168965,1.234583929365717,2.888791610013694,-0.0001655512414602529,-2.013796631489889,-2.2558720747577112,-1.3883159796344202,-1.0680974165545862,1.5708465576171875,0.36475300788879395,1
935,1788171386.7837365,-0.4017758575915414,-0.5922802108749398,0.0010491423589177873,1.234561828414264,2.888788979120755,-0.0002037090453397349,-2.0137603918658655,-2.255836311970846,-1.3883279005633753,-1.0680974165545862,1.5708585977554321,0.36477696895599365,1
936,1788171386.8213327,-0.40178725883408434,-0.5922584863798912,0.001008513424733709,1.234617190707251,2.888775327904819,-8.920951775251251e-05,-2.0137842337237757,-2.2558844725238245,-1.3883402983294886,-1.0681093374835413,1.5708465576171875,0.3647889494895935,0
937,1788171386.862651,-0.4017778187999801,-0.5922582599362315,0.0010193596968359198,1.234617283828747,2.8887753076114806,-8.995704509620243e-05,-2.0137723127948206,-2.255860153828756,-1.3883522192584437,-1.0681212584124964,1.5708465576171875,0.36480093002319336,0
938,1788171386.9032774,-0.40177384197363064,-0.5922626397692682,0.0010234577260065103,1.2345559604236764,2.888775479041519,-9.142915884818482e-05,-2.0137723127948206,-2.255860153828756,-1.3883402983294886,-1.0681331793414515,1.5708705186843872,0.3647649884223938,0
939,1788171386.944491,-0.4017952557036615,-0.592261296540173,0.0010454750729415874,1.2345788284585208,2.888779673906322,-0.00012812052138661526,-2.013796631489889,-2.255848232899801,-1.3883040587054651,-1.0681574980365198,1.5708585977554321,0.36475300788879395,0
940,1788171386.9877615,-0.4017948092878261,-0.5922679882323084,0.001039345091415289,1.23451861131423,2.888832102758732,-0.00014610194960325396,-2.0137842337237757,-2.255860153828756,-1.3883040587054651,-1.0681331793414515,1.5708345174789429,0.364717036485672,0
941,1788171387.0276296,-0.4017658129056881,-0.5922787099499276,0.0010414224168942277,1.2345438810092322,2.8887946261926323,-0.00012886560305212647,-2.0137484709369105,-2.255848232899801,-1.3883159796344202,-1.0681451002704065,1.5708585977554321,0.36477696895599365,0
942,1788171387.0682135,-0.4017749914988052,-0.5922714756783751,0.001041422823074123,1.2345516035941912,2.888765289885603,-0.00013033772033236026,-2.0137723127948206,-2.255848232899801,-1.3883159796344202,-1.0681451002704065,1.5708825588226318,0.3647649884223938,0
943,1788171387.109031,-0.4017941744676565,-0.5922526050449266,0.001054855283557532,1.2346179834476927,2.888775516377068,-0.00010866962941801157,-2.013796631489889,-2.255824391041891,-1.3883159796344202,-1.06818133989443,1.5708465576171875,0.36477696895599365,0
944,1788171387.1481397,-0.40177887108613597,-0.5922604779782158,0.0010379916726519223,1.234599796926126,2.8887822753929906,-7.124673007713647e-05,-2.0137723127948206,-2.255848232899801,-1.3883159796344202,-1.06818133989443,1.5708465576171875,0.3647889494895935,0
945,1788171387.1885715,-0.4017811003123599,-0.592271589715311,0.001042550965855954,1.2345611963181098,2.8887877338618866,-0.00014757796971206523,-2.0137723127948206,-2.255848232899801,-1.3883159796344202,-1.0681331793414515,1.5708585977554321,0.3647649884223938,0
946,1788171387.2312427,-0.40177750693655934,-0.5922772744586852,0.0010338373624098895,1.2345656386860926,2.888797885794752,-0.00010866827591829991,-2.0137603918658655,-2.2558720747577112,-1.38829213777651,-1.0681574980365198,1.5708465576171875,0.36477696895599365,0
947,1788171387.2717168,-0.4017888978461718,-0.5922811157700167,0.0010655341155156317,1.2346041585136636,2.8887448514282617,-0.0002051792353350898,-2.0137842337237757,-2.255836311970846,-1.388280216847555,-1.0681451002704065,1.5708825588226318,0.3647889494895935,0
948,1788171387.31087,-0.4017714591619451,-0.5922709394407268,0.0010432180749406494,1.2345607278431847,2.88878639489831,-9.069631369315705e-05,-2.0137603918658655,-2.255848232899801,-1.3883040587054651,-1.06818133989443,1.5708585977554321,0.36477696895599365,0
949,1788171387.351001,-0.40179208684670853,-0.5922559007115505,0.0010391650524347318,1.2346093111538865,2.888804774106275,-8.923606397070734e-05,-2.0137842337237757,-2.255848232899801,-1.3883159796344202,-1.0681689421283167,1.5708225965499878,0.36477696895599365,0
950,1788171387.393689,-0.4017471860485939,-0.5922522082094757,0.0011705233173713303,1.2344963801413624,2.8887792144407602,0.00022665961308138163,-2.0137484709369105,-2.255716625844137,-1.3881123701678675,-1.0687077681170862,1.5708825588226318,0.36475300788879395,0
951,1788171387.434357,-0.4017394594890491,-0.5921709920649755,0.0021310083720526285,1.2345975768461257,2.888777045205682,0.0006382546980002829,-2.0137723127948206,-2.2545531431781214,-1.3873208204852503,-1.070923153554098,1.5708345174789429,0.3647889494895935,0
952,1788171387.4758139,-0.40173361562320403,-0.5921390062624672,0.003879805538444525,1.234577649972042,2.8887785305646068,0.0008949622677497782,-2.0137842337237757,-2.252549473439352,-1.3857629934894007,-1.0746482054339808,1.5708345174789429,0.3647649884223938,0
953,1788171387.5195,-0.4017545716634272,-0.5922092588846694,0.00715122645436525,1.2345083932861243,2.888807800208872,0.0004272032406835326,-2.0137723127948206,-2.248877827321188,-1.3828862349139612,-1.0808990637408655,1.5708465576171875,0.36472904682159424,0
954,1788171387.5613837,-0.40180933864835633,-0.5923379593421997,0.01061393270881078,1.2345407510446558,2.8888354487380488,-0.0006213577326627006,-2.0137603918658655,-2.2450383345233362,-1.3798659483539026,-1.087090317402975,1.5708345174789429,0.36475300788879395,0
955,1788171387.6030405,-0.40178066953198943,-0.5922706816968099,0.01364699875438366,1.2345260475948736,2.8888012577248863,-9.219542713736558e-05,-2.0137723127948206,-2.2416556517230433,-1.3770125547992151,-1.0936644713031214,1.5708585977554321,0.3647410273551941,0
956,1788171387.6412418,-0.4017672815637375,-0.5922365447251102,0.016862748350316453,1.2345771710113655,2.888824860963546,0.00015998462827346226,-2.0137603918658655,-2.2381165663348597,-1.3739684263812464,-1.1004064718829554,1.5708105564117432,0.36477696895599365,0
957,1788171387.6828887,-0.4017605575844549,-0.5922086191084798,0.02011787515823832,1.234609648202867,2.8887576583209214,0.00019819560411634345,-2.0137842337237757,-2.234553639088766,-1.370899502431051,-1.1070645491229456,1.5708585977554321,0.3647889494895935,0
958,1788171387.7251875,-0.4017649663353375,-0.5922705121757252,0.023320217344935418,1.2344962140859361,2.8888267452711807,-7.873195008286656e-05,-2.0137484709369105,-2.23118240038027,-1.367711369191305,-1.1134470144854944,1.5708465576171875,0.3647410273551941,0
959,1788171387.7673032,-0.40176867703773556,-0.5922180383531963,0.027143400891734448,1.23460134042015,2.888736551447593,0.00014582867345213268,-2.013796631489889,-2.2271273771869105,-1.363875691090719,-1.1214821974383753,1.5708825588226318,0.36477696895599365,0
960,1788171387.8069503,-0.40177587903340495,-0.5922345004009077,0.030412840775715544,1.234669722958946,2.888754472966744,-0.0001483342543391633,-2.0137842337237757,-2.2236960569964808,-1.3606274763690394,-1.1279729048358362,1.5708465576171875,0.36482492089271545,0
961,1788171387.846189,-0.40178925126086457,-0.5922562731925938,0.033584395281692075,1.234587850724838,2.8888024497401936,-0.0001438553405265441,-2.0137842337237757,-2.2205050627337855,-1.357199494038717,-1.1345942656146448,1.5708345174789429,0.3647649884223938,0
962,1788171387.8877358,-0.40175368302138015,-0.5922142934613163,0.03605426607873374,1.2346230168583974,2.8887884680926574,0.000296208996050859,-2.0137603918658655,-2.217997376118795,-1.3545025030719202,-1.1400788466082972,1.5708225965499878,0.3648129105567932,0
963,1788171387.9308789,-0.40175322843837674,-0.5922452735781762,0.039928356141142846,1.2345324598701646,2.8887681214440044,6.724631071966803e-05,-2.0137603918658655,-2.2141340414630335,-1.3503192106830042,-1.1479819456683558,1.5708825588226318,0.3647649884223938,0
964,1788171387.972409,-0.4017946174821409,-0.5922804094155627,0.04317285590215275,1.2345793769677302,2.888782634410682,-0.0002463711134167582,-2.0137842337237757,-2.2109788099872034,-1.3467114607440394,-1.1545441786395472,1.5708585977554321,0.3647649884223938,0
965,1788171388.0146065,-0.40178416692370456,-0.5922913130003641,0.04640135796575845,1.2345669290320822,2.888800913592645,-0.00024114071148776612,-2.0137603918658655,-2.207859818135397,-1.343043629323141,-1.1613338629352015,1.5708465576171875,0.36477696895599365,0
966,1788171388.052736,-0.4017533182609838,-0.592213029806842,0.04942781803773816,1.234590076457417,2.888759491491797,0.00043844006188113456,-2.0137723127948206,-2.204968277608053,-1.339447323475973,-1.1682551542865198,1.5708585977554321,0.3647889494895935,0
967,1788171388.0915537,-0.401762226890184,-0.5922450656781537,0.05271031019774444,1.2345817750241737,2.8887877489963265,1.1081063012923632e-05,-2.0137603918658655,-2.201836887990133,-1.3357442061053675,-1.174816910420553,1.5708465576171875,0.3647889494895935,0
968,1788171388.1327639,-0.40179487642888084,-0.592260497116718,0.055998604661478296,1.2345619763502849,2.888788131755162,-0.0001745235907783127,-2.013796631489889,-2.1988137404071253,-1.3318122068988245,-1.1816542784320276,1.5708585977554321,0.3647410273551941,0
969,1788171388.1749005,-0.401770630516412,-0.5922298504800436,0.05977694785670851,1.2346107092020544,2.8887601494656843,8.967397357462198e-05,-2.0137842337237757,-2.1953585783587855,-1.3271978537188929,-1.1898921171771448,1.5708585977554321,0.3647889494895935,0
970,1788171388.2148526,-0.4017648234084192,-0.5922111977071941,0.0628720635821843,1.2346481712365467,2.8887520229577066,0.0002820120818154517,-2.0137842337237757,-2.192599121724264,-1.3233140150653284,-1.1966574827777308,1.5708465576171875,0.3648129105567932,0
971,1788171388.2567506,-0.4017706738269182,-0.5921903110724728,0.06612881882588195,1.234553194352998,2.8888154427479313,0.0004009860348736157,-2.013796631489889,-2.1897318998919886,-1.3191912809955042,-1.2037223021136683,1.5708225965499878,0.36472904682159424,0
972,1788171388.2979136,-0.4017432647830718,-0.5922444376810531,0.06935469623285356,1.2344765019166184,2.8888282522017605,0.0001764828039908714,-2.0137365500079554,-2.186948601399557,-1.3150795141803187,-1.210475269948141,1.5708465576171875,0.3647410273551941,0
973,1788171388.3373876,-0.40178985536523415,-0.5922836309543458,0.0726435705882279,1.2346024713181385,2.8887885506263196,-0.00034592136773232653,-2.0137723127948206,-2.184140984212057,-1.3108966986285608,-1.217132870350973,1.5708465576171875,0.3647889494895935,0
974,1788171388.3775425,-0.4017698551354785,-0.5922611452184717,0.07570660953697556,1.2345802684007798,2.888784213793334,0.00016525741302206523,-2.0137603918658655,-2.181657139454977,-1.3066299597369593,-1.2242091337787073,1.5708465576171875,0.3647889494895935,0
975,1788171388.4181702,-0.4017622995268855,-0.5921994652035641,0.07886659289336781,1.2345464788380227,2.8888013831894575,0.0005461959136738072,-2.0137842337237757,-2.179042164479391,-1.3023503462420862,-1.2313459555255335,1.5708345174789429,0.3647410273551941,0
976,1788171388.4580877,-0.40176823397194894,-0.5922316437905422,0.08208500782596442,1.2345666066156284,2.8888003690433717,0.000267782349445763,-2.0137723127948206,-2.176438633595602,-1.298011604939596,-1.2381108442889612,1.5708345174789429,0.3647649884223938,0
977,1788171388.499003,-0.4017691110729744,-0.5922266478355267,0.08535299833641516,1.2345583196324237,2.8887812181837744,0.0001383197669456036,-2.0137842337237757,-2.1738112608539026,-1.2935646216021937,-1.24510366121401,1.5708585977554321,0.36475300788879395,0
978,1788171388.541218,-0.40176307984183113,-0.5922271926528664,0.0885542075224271,1.2346148279981732,2.888769545341398,0.00016151528446831938,-2.0137723127948206,-2.1713278929339808,-1.2890461126910608,-1.2521198431598108,1.5708465576171875,0.36480093002319336,0
979,1788171388.5817904,-0.4017717026977503,-0.5922650396808111,0.09169317585961828,1.2345465807763747,2.888801167165432,7.09544377742723e-05,-2.0137603918658655,-2.1690004507647913,-1.2844670454608362,-1.2589686552630823,1.5708465576171875,0.3647649884223938,0
980,1788171388.6214454,-0.4017462861452477,-0.5922178772824727,0.09558334499465079,1.2345215965868976,2.8887905672783267,0.00037182914600185596,-2.0137603918658655,-2.1660731474505823,-1.2788098494159144,-1.267745319996969,1.5708585977554321,0.36475300788879395,0
981,1788171388.664988,-0.4017706785410209,-0.5922633770678842,0.09876271379309726,1.2345776973398868,2.888825855138265,0.00011507872323825867,-2.0137484709369105,-2.1638053099261683,-1.2740753332721155,-1.2745822111712855,1.5708105564117432,0.3647889494895935,0
982,1788171388.7073717,-0.40180388691483276,-0.5922935344464048,0.10206855107598264,1.2346372489200945,2.8887743933116057,-0.0003721165660156471,-2.0137842337237757,-2.1614182631122034,-1.2692449728595179,-1.2814906279193323,1.5708465576171875,0.36480093002319336,0
983,1788171388.7493112,-0.4017776355157814,-0.5922509646127386,0.105171481976259,1.2345541731701708,2.8887715187471836,8.295215005440213e-05,-2.0137842337237757,-2.15928298631777,-1.2644031683551233,-1.2887585798846644,1.5708705186843872,0.36475300788879395,0
984,1788171388.7916436,-0.40174054919211727,-0.5922254549663185,0.10889942671201519,1.234503328536753,2.8887954612041007,0.00047885411552773253,-2.0137484709369105,-2.1567752997027796,-1.2585299650775355,-1.2973912397967737,1.5708585977554321,0.36475300788879395,0
985,1788171388.8334644,-0.4017778064925804,-0.5922779058385795,0.11217759007140882,1.2345300363565037,2.888810346444191,-6.882673216179975e-06,-2.0137603918658655,-2.1546157042132776,-1.2534359137164515,-1.3043349424945276,1.5708465576171875,0.36475300788879395,0
986,1788171388.8746235,-0.40177209396209457,-0.5922786270481014,0.11540559880874945,1.2345038337877605,2.88879692534643,-6.074443644482638e-05,-2.0137603918658655,-2.1525161902057093,-1.2483180204974573,-1.311518971120016,1.5708705186843872,0.3647410273551941,0
987,1788171388.9186885,-0.4017828330565043,-0.5923081744879454,0.11864028253695263,1.2345850682460031,2.888795237595447,-0.0003182281301134904,-2.0137484709369105,-2.1504767576800745,-1.2431281248675745,-1.3185833136187952,1.5708465576171875,0.36480093002319336,0
988,1788171388.9608588,-0.40175697573082686,-0.592227583679679,0.12251112685008636,1.2345343179984332,2.8888203632408875,3.951104994436643e-05,-2.0137603918658655,-2.148029152547018,-1.236835781727926,-1.3275507132159632,1.5708345174789429,0.36475300788879395,0
989,1788171389.0034952,-0.4017536326532478,-0.5922200418658964,0.1255949713756101,1.2345349641394157,2.888774200073793,0.00028652347077447106,-2.0137723127948206,-2.1462658087359827,-1.2315381209002894,-1.3347705046283167,1.5708705186843872,0.36475300788879395,0
990,1788171389.045495,-0.40178951282183684,-0.592275999191626,0.1287673698515467,1.2346075469609976,2.8887527636904173,-6.673046066316788e-05,-2.0137842337237757,-2.1444900671588343,-1.2261326948748987,-1.3417266050921839,1.5708705186843872,0.3647889494895935,0
991,1788171389.0837128,-0.40179558532178083,-0.5922760366106739,0.13205243677920459,1.2346005503445932,2.888784282014732,-0.00015731718294246795,-2.0137842337237757,-2.142630402241842,-1.2205351034747522,-1.3491252104388636,1.5708465576171875,0.36477696895599365,0
992,1788171389.1247983,-0.40178478133819395,-0.5922596770748442,0.1352539618499704,1.2345775613967735,2.8887783713962576,-6.0012484800601425e-05,-2.0137842337237757,-2.140878979359762,-1.2149618307696741,-1.3565123716937464,1.5708585977554321,0.3647649884223938,0
993,1788171389.1664767,-0.4017931435062992,-0.5922504320227384,0.13843847457882805,1.2346343968012867,2.8887660296776154,-1.7360697278021655e-05,-2.013796631489889,-2.1392114798175257,-1.2093165556537073,-1.3638518492328089,1.5708465576171875,0.3647889494895935,0
994,1788171389.2076092,-0.4017815869619867,-0.5922726154231167,0.14241338775030624,1.2345637801221399,2.8887938008500904,-0.0004132705799676145,-2.0137723127948206,-2.137099568043844,-1.2024009863482874,-1.3726275602923792,1.5708585977554321,0.3647649884223938,0
995,1788171389.2501516,-0.4017778704801691,-0.5922451105935322,0.1455052795282803,1.2345612710961047,2.888788148384695,-0.00016404448905066394,-2.0137842337237757,-2.1356123129474085,-1.196695629750387,-1.3799789587603968,1.5708585977554321,0.36475300788879395,0
996,1788171389.2927873,-0.40176814148042,-0.5922506240190143,0.14862537140955628,1.2345710085730965,2.888762782162159,0.00013983441619082592,-2.0137723127948206,-2.1342442671405237,-1.1907270590411585,-1.3875096479998987,1.5708705186843872,0.36477696895599365,0
997,1788171389.3348398,-0.40175577126332185,-0.5922245496831958,0.1518370928116235,1.2346037440350934,2.8887435897118325,0.00033143176983480797,-2.0137723127948206,-2.1327808539019983,-1.1846984068499964,-1.3951237837420862,1.5708705186843872,0.36480093002319336,0
998,1788171389.3768637,-0.4017852417093282,-0.5922739061049589,0.15573015426373876,1.234530856199581,2.8888125090712027,-9.968889708416974e-05,-2.0137723127948206,-2.1310890356646937,-1.1773751417743128,-1.403863255177633,1.5708465576171875,0.3647410273551941,0
999,1788171389.4169462,-0.40176966238632816,-0.592213702533674,0.15889868808831828,1.234570894752054,2.888761080325847,0.00020419568572582495,-2.013796631489889,-2.129733387623922,-1.1712868849383753,-1.411501709614889,1.5708705186843872,0.36475300788879395,0
1000,1788171389.4578788,-0.40173581409648906,-0.5921692275331477,0.1620444977090634,1.2345622149223758,2.888742397377876,0.0005454831561344016,-2.0137842337237757,-2.1284616629229944,-1.165126148854391,-1.4191520849811,1.5708825588226318,0.3647649884223938,0
1001,1788171389.5002131,-0.40175126338206557,-0.5922416268117544,0.16535344422347692,1.2345640522707404,2.8887939244916705,6.272318129130806e-05,-2.0137484709369105,-2.127214256917135,-1.1586421171771448,-1.4265745321856897,1.5708465576171875,0.3647889494895935,0
1002,1788171389.5389183,-0.4017703565722749,-0.5922420350101686,0.16861250121524138,1.2344823740131716,2.8887952024137613,-0.00014231714862273994,-2.0137842337237757,-2.1260021368609827,-1.1521943251239222,-1.4341052214251917,1.5708825588226318,0.36470505595207214,0
1003,1788171389.5787168,-0.40177761338792833,-0.592251413976834,0.17181094097841093,1.2346058900329122,2.8887965381212273,-0.00021046506670358193,-2.0137723127948206,-2.124911133443014,-1.1456978956805628,-1.4416473547564905,1.5708345174789429,0.3647889494895935,0
1004,1788171389.6190526,-0.4017594066548966,-0.5922386253689377,0.17499628043247084,1.2345341608642721,2.888772360097309,-0.00011611847814660574,-2.0137723127948206,-2.123866860066549,-1.139141861592428,-1.4493096510516565,1.5708825588226318,0.36475300788879395,0
1005,1788171389.6604114,-0.4017397156928565,-0.5921976143448073,0.17806080274560077,1.234577437297526,2.888777570842027,0.0004541499661850981,-2.0137603918658655,-2.1230152289019983,-1.1325262228595179,-1.4571388403521937,1.5708465576171875,0.3647889494895935,0
1006,1788171389.70005,-0.40179262960920903,-0.592283065637745,0.1813275348381449,1.2345536703807232,2.8888180081923007,-0.00017903174719986805,-2.0137723127948206,-2.122115437184469,-1.1256592909442347,-1.464501682912008,1.5708345174789429,0.36475300788879395,0
1007,1788171389.7367575,-0.4017742716717044,-0.5922571960030955,0.1844803953416526,1.234540698711605,2.8887876317588157,0.00017948373025889193,-2.0137723127948206,-2.1213234106646937,-1.1187670866595667,-1.4724152723895472,1.5708585977554321,0.36475300788879395,0
1008,1788171389.777948,-0.40174302803548767,-0.5922173590494504,0.1876766641762746,1.2345857711805854,2.8887491755787833,0.00040851980815579075,-2.0137603918658655,-2.120483700429098,-1.11186391512026,-1.4803045431720179,1.5708705186843872,0.36480093002319336,0
1009,1788171389.8201754,-0.4017362530286525,-0.5921903154010273,0.19087228067084713,1.234593661742158,2.8887676410787906,0.0005641688849138547,-2.0137603918658655,-2.119739834462301,-1.1048286596881312,-1.4881818930255335,1.5708465576171875,0.36480093002319336,0
1010,1788171389.8614788,-0.4017645769465928,-0.5922234401529136,0.19410064614925052,1.2345871728004234,2.8887529468377044,0.0002476063761160767,-2.0137842337237757,-2.119067970906393,-1.0976737181292933,-1.495807949696676,1.5708705186843872,0.36477696895599365,0
1011,1788171389.9031467,-0.40178535970284324,-0.5922805676988095,0.19808038260122962,1.2345806917219657,2.888785482591625,-0.0003728547950745436,-2.0137723127948206,-2.118251625691549,-1.0888765493976038,-1.5050256888019007,1.5708585977554321,0.36477696895599365,0
1012,1788171389.9432983,-0.4017659171067994,-0.5922789295060142,0.20129818666246985,1.234545111858651,2.8887975163716315,-0.00025535016481849826,-2.0137484709369105,-2.1177361647235315,-1.0814459959613245,-1.5130465666400355,1.5708585977554321,0.36477696895599365,0
1013,1788171389.9846647,-0.4017504008025561,-0.5922333952828233,0.20442705176376474,1.234498952568694,2.8888331424985285,0.00012558065199999908,-2.0137484709369105,-2.1173041502581995,-1.0740750471698206,-1.5210912863360804,1.5708345174789429,0.3647410273551941,0
1014,1788171390.026922,-0.401806676222129,-0.5923126735194906,0.20764648400555213,1.234590188238395,2.8888076922909542,-0.0003751212824359204,-2.0137723127948206,-2.116980854664938,-1.0664413611041468,-1.528729263936178,1.5708345174789429,0.36477696895599365,0
1015,1788171390.0690455,-0.40177036139730643,-0.592301557987487,0.210871358249987,1.2345669177684495,2.8888004095554347,-0.00022242822590657778,-2.0137365500079554,-2.1166322867022913,-1.058735195790426,-1.5368817488299769,1.5708465576171875,0.36480093002319336,0
1016,1788171390.1085117,-0.4017730291978936,-0.5922742488120604,0.2139882259697256,1.234541195159659,2.8887885585102118,0.00013757319336612326,-2.0137603918658655,-2.116464440022604,-1.0509923140155237,-1.5450223127948206,1.5708585977554321,0.3647649884223938,0
1017,1788171390.1470497,-0.4017852163073987,-0.5922209621750646,0.21708024629510497,1.234587002570913,2.8887987743998322,0.00048256551891133454,-2.013796631489889,-2.1163085142718714,-1.0432985464679163,-1.5530903975116175,1.5708225965499878,0.36475300788879395,0
1018,1788171390.1894064,-0.40177967166670314,-0.5922754243159797,0.2203065892818793,1.2345498211450048,2.888808743273873,0.00022362542628521814,-2.0137603918658655,-2.1162007490741175,-1.0352805296527308,-1.5610516707049769,1.5708345174789429,0.3647649884223938,0
1019,1788171390.2310493,-0.4018027873864053,-0.5923167408239065,0.22360756683826263,1.234548123938878,2.8887574044190543,-0.0002635414025349133,-2.0137842337237757,-2.1160929838763636,-1.0271075407611292,-1.569024387990133,1.570894479751587,0.36475300788879395,0
1020,1788171390.272473,-0.4017620340011446,-0.5922185752267514,0.22736773792548898,1.2345815087600545,2.8887873400738258,0.0005125186812541581,-2.0137723127948206,-2.116140667592184,-1.0173280874835413,-1.5792482534991663,1.5708345174789429,0.36477696895599365,0
1021,1788171390.3160076,-0.4017672190347661,-0.59223641281822,0.23062994886358495,1.2345948279545058,2.888818290085958,0.00012405981730577228,-2.0137603918658655,-2.116140667592184,-1.0090706984149378,-1.587257210408346,1.5708105564117432,0.3647889494895935,0
1022,1788171390.3587537,-0.4017903376033979,-0.5922572796367344,0.23394389398070337,1.2346288966220091,2.8887531988989883,-0.0004207369532713562,-2.013796631489889,-2.1162007490741175,-1.0006096998797815,-1.5953133741961878,1.5708705186843872,0.3647889494895935,0
1023,1788171390.4006076,-0.40178738616484494,-0.5922587546503816,0.23726203815844382,1.2345886831881292,2.888804436405773,-0.0007171465872305934,-2.0137842337237757,-2.1163442770587366,-0.9919684568988245,-1.6036213080035608,1.5708465576171875,0.3647649884223938,0
1024,1788171390.438356,-0.4017498178346401,-0.5922194034367828,0.24112747885953822,1.2345664508169056,2.8888474380358766,-0.0005061272466628157,-2.0137484709369105,-2.116692368184225,-0.9815304915057581,-1.6138442198382776,1.5708105564117432,0.36477696895599365,0
1025,1788171390.4790497,-0.40175824927337506,-0.592223423457264,0.24426201215059884,1.2345464470073009,2.888801129358618,-0.0004102773474357931,-2.0137723127948206,-2.1171844641314905,-0.9727457205401819,-1.622199837361471,1.5708585977554321,0.36475300788879395,0
1026,1788171390.521281,-0.40177831740024905,-0.592259310783706,0.24745040834020063,1.234587201543131,2.8888007209321147,-0.0005554835491682838,-2.0137723127948206,-2.1177480856524866,-0.963745419179098,-1.6305435339557093,1.5708465576171875,0.36477696895599365,0
1027,1788171390.562541,-0.40176188663295204,-0.5921973135404979,0.25048287577976913,1.2346456483694572,2.8887445047051825,-0.00036385578278549734,-2.013796631489889,-2.118215862904684,-0.9552367369281214,-1.638707462941305,1.5708705186843872,0.36480093002319336,0
1028,1788171390.6032035,-0.40173228251039916,-0.5921686898902221,0.2525096021480815,1.2345402006278867,2.8887864622189308,0.00023037655983596957,-2.0137723127948206,-2.118768040333883,-0.9491007963763636,-1.6446693579303187,1.5708585977554321,0.36475300788879395,0
1029,1788171390.6437273,-0.4017502163540666,-0.592193665604323,0.2538813662375904,1.2345854362403361,2.888796549427223,0.00011210928062933908,-2.0137723127948206,-2.119103733693258,-0.9450863043414515,-1.6482718626605433,1.5708345174789429,0.36477696895599365,0
1030,1788171390.6861188,-0.40175931875222065,-0.5922453485926199,0.25456254876010087,1.2345289370817736,2.888807803744945,-0.00038033960881340474,-2.0137603918658655,-2.119187657033102,-0.9432886282550257,-1.649672810231344,1.5708585977554321,0.36475300788879395,0
1031,1788171390.7282736,-0.40177888985235655,-0.5922541045093163,0.2544712197224115,1.2345714489771347,2.8888117239239057,-0.0002276796781033465,-2.0137723127948206,-2.1192835013019007,-0.9433487097369593,-1.6496132055865687,1.5708345174789429,0.3647649884223938,0
1032,1788171390.768825,-0.40178097777877403,-0.592245247259371,0.25451562980277914,1.2346021606523518,2.888788060468314,-0.00032272071569308555,-2.0137842337237757,-2.1192358175860804,-0.9433243910418909,-1.6496251265155237,1.5708465576171875,0.36477696895599365,0
1033,1788171390.810656,-0.4017753904224339,-0.5922467283004061,0.25446783374851145,1.23460551080239,2.8887956488766147,-0.00017154644015824954,-2.0137723127948206,-2.1192835013019007,-0.9433487097369593,-1.6496489683734339,1.5708345174789429,0.3647889494895935,0
1034,1788171390.8489163,-0.40176566784840945,-0.592239060559126,0.2544861649019323,1.2345789233725346,2.8887813304229613,-0.00019098628663002639,-2.0137723127948206,-2.1192477385150355,-0.9433606306659144,-1.6496613661395472,1.5708585977554321,0.36477696895599365,0
1035,1788171390.8900008,-0.40176994617880213,-0.592248078559039,0.2545049406799847,1.2345623619435369,2.888790470832873,-0.0002673266096930187,-2.0137723127948206,-2.1192477385150355,-0.9433243910418909,-1.6496489683734339,1.5708585977554321,0.3647649884223938,0
1036,1788171390.9311638,-0.40177780615019815,-0.5922454708381021,0.254490724510229,1.2345591915924705,2.888830927860131,-0.0002643705579913523,-2.0137723127948206,-2.1192477385150355,-0.9433606306659144,-1.6496132055865687,1.5708225965499878,0.36475300788879395,0
1037,1788171390.971368,-0.4017754667534571,-0.5922400440462826,0.25445625403183236,1.2345436895447754,2.888794893447149,-0.00013560478079889637,-2.0137842337237757,-2.1192835013019007,-0.9433725515948694,-1.6496489683734339,1.5708585977554321,0.3647410273551941,0
1038,1788171391.0106285,-0.4017752399283869,-0.5922528239879618,0.25447009115352853,1.2346011462338562,2.8887854414151786,-0.00020970655177872337,-2.0137723127948206,-2.1192835013019007,-0.9433487097369593,-1.6496251265155237,1.5708465576171875,0.3647889494895935,0
1039,1788171391.049197,-0.4017835432509698,-0.5922506546762648,0.2544479915684582,1.2345830197844687,2.8887911473629058,-0.0001341162575906684,-2.0137842337237757,-2.119319740925924,-0.9433367888080042,-1.6496489683734339,1.5708465576171875,0.3647649884223938,0
1040,1788171391.0903218,-0.4017857540487063,-0.592242552529549,0.2544594020219917,1.2345926203379867,2.888813608282559,-0.00015210494771221984,-2.0137842337237757,-2.1192954222308558,-0.9433487097369593,-1.6496489683734339,1.5708225965499878,0.3647649884223938,0
1041,1788171391.129647,-0.40176235494715357,-0.5922517485772468,0.2544620440142221,1.2345613475667057,2.88878785005338,-0.0001543127243910513,-2.0137603918658655,-2.1192835013019007,-0.9433606306659144,-1.6496489683734339,1.5708585977554321,0.36477696895599365,0
