frame_index,timestamp,tcp_x,tcp_y,tcp_z,tcp_rx,tcp_ry,tcp_rz,joint_0,joint_1,joint_2,joint_3,joint_4,joint_5,suction_on
0,1788170764.0512762,-0.10911209811956091,-0.48686338579528954,0.2858925406780806,-1.2022617543826841,2.9023965909839835,-9.560828137254145e-05,-1.5707476774798792,-1.5706761519061487,-1.5708406607257288,-1.5708320776568812,1.5708585977554321,-0.7853787581073206,0
1,1788170764.094533,-0.10912393761800943,-0.4868751790150225,0.285869325589312,-1.2022367785322823,2.902387188728652,-2.6409924012390908e-05,-1.5707719961749476,-1.5707357565509241,-1.5708287397967737,-1.5708320776568812,1.5708585977554321,-0.7853906790362757,0
2,1788170764.1341422,-0.10910662658928587,-0.4868884352673165,0.28588070273238414,-1.2022497206167009,2.902367542436703,-7.471761591990504e-05,-1.5707476774798792,-1.5707481543170374,-1.5707929770099085,-1.5708320776568812,1.5708825588226318,-0.7853787581073206,0
3,1788170764.176037,-0.1091120973801,-0.486878585577387,0.2858831902641124,-1.2022790541320758,2.902389425229426,-9.560867363823993e-05,-1.5707476774798792,-1.570711914693014,-1.5708287397967737,-1.570808235798971,1.5708585977554321,-0.7853906790362757,0
4,1788170764.216118,-0.1091035722509648,-0.48687209819116717,0.28588206158313517,-1.202238493669026,2.9023893668846266,-8.547144887212696e-05,-1.5707357565509241,-1.5706999937640589,-1.5708406607257288,-1.570820156727926,1.5708705186843872,-0.7853549162494105,0
5,1788170764.2580636,-0.10912121613614975,-0.48687245748923313,0.28586352151158945,-1.202248808776265,2.902365346912461,-1.6276304617204932e-05,-1.5707719961749476,-1.5707357565509241,-1.5708406607257288,-1.5708320776568812,1.5708705186843872,-0.785403076802389,0
6,1788170764.2988012,-0.10911813398683003,-0.4868659701446275,0.2858717447109911,-1.2022505855125627,2.9023715943575787,8.190204297244841e-06,-1.5707600752459925,-1.570723835621969,-1.5708287397967737,-1.5708678404437464,1.5708585977554321,-0.7853906790362757,0
7,1788170764.3404598,-0.1091093756038752,-0.4868832752019807,0.2858809343991692,-1.202289338567191,2.9023633698248945,-6.817426432582883e-05,-1.5707476774798792,-1.5707357565509241,-1.5708048979388636,-1.5708320776568812,1.5708705186843872,-0.785403076802389,0
8,1788170764.3816705,-0.10913577775491017,-0.48685967039152744,0.28587754854449493,-1.202165141749613,2.902411923843538,-9.110185759780699e-06,-1.570796314870016,-1.570711914693014,-1.5708287397967737,-1.5708678404437464,1.5708585977554321,-0.7853668371783655,0
9,1788170764.4220574,-0.10912393774393146,-0.486870003598419,0.2858739561048368,-1.2022367086828318,2.9023870201621165,-2.5717927761046835e-05,-1.5707719961749476,-1.570723835621969,-1.5708287397967737,-1.5708444754229944,1.5708585977554321,-0.7853906790362757,0
10,1788170764.4634206,-0.1091148459528598,-0.4868825074417955,0.28586211612732676,-1.2022207960124638,2.9023955793990877,1.681346188590909e-05,-1.5707476774798792,-1.5707600752459925,-1.5708168188678187,-1.5708444754229944,1.5708465576171875,-0.7853549162494105,0
11,1788170764.5060306,-0.10910598796983043,-0.486864858388345,0.28586706805299783,-1.2022597922538572,2.902391861768971,2.2667037150595444e-05,-1.570723835621969,-1.570711914693014,-1.5708525816546839,-1.5708559195147913,1.5708345174789429,-0.7853549162494105,0
12,1788170764.5442142,-0.10910629419714732,-0.48686552550631373,0.2858543325498022,-1.202280637317836,2.9023443328925733,6.009075882141527e-05,-1.5707357565509241,-1.5707357565509241,-1.5708525816546839,-1.5708678404437464,1.5708585977554321,-0.7853906790362757,0
13,1788170764.5862267,-0.10911179134893945,-0.48687172223958525,0.2858751288744881,-1.2022823298007999,2.902397337717013,-2.9234405152707483e-05,-1.5707357565509241,-1.570711914693014,-1.5708406607257288,-1.5708320776568812,1.5708345174789429,-0.7853787581073206,0
14,1788170764.6281512,-0.10911266329421393,-0.48687647964083025,0.285869325995492,-1.202263597396637,2.9023521180084053,-4.0812257724373664e-05,-1.5707600752459925,-1.5707357565509241,-1.5708287397967737,-1.5708320776568812,1.5708825588226318,-0.785403076802389,0
15,1788170764.6671562,-0.10911813424187439,-0.48685893483732745,0.28588915612763577,-1.2022039252038395,2.902405733815733,-4.370764438925243e-05,-1.5707600752459925,-1.5706880728351038,-1.5708287397967737,-1.5708678404437464,1.5708585977554321,-0.7853549162494105,0
16,1788170764.7078102,-0.10911484621236951,-0.48687717308034556,0.28584587691005736,-1.202234673132317,2.902380153555604,5.0720633861590496e-05,-1.5707476774798792,-1.5707600752459925,-1.5708525816546839,-1.5708320776568812,1.5708465576171875,-0.7853668371783655,0
17,1788170764.7497752,-0.10910629417433446,-0.4868659021805593,0.2858659405124618,-1.2022322318787535,2.9023742597857876,2.5493402943774218e-05,-1.5707357565509241,-1.570723835621969,-1.5708406607257288,-1.5708678404437464,1.5708585977554321,-0.7853549162494105,0
18,1788170764.789077,-0.10910662757975598,-0.4868680758838991,0.28588093342725257,-1.202215191244419,2.9023820421810087,-7.540823618925573e-05,-1.5707476774798792,-1.5706999937640589,-1.5708406607257288,-1.5708320776568812,1.5708825588226318,-0.7853549162494105,0
19,1788170764.8292546,-0.10911451280151767,-0.4868732989338302,0.28585050734479317,-1.2022603757222108,2.9023932708956397,6.581523942007931e-05,-1.5707357565509241,-1.5707481543170374,-1.5708525816546839,-1.5708444754229944,1.5708225965499878,-0.7853668371783655,0
20,1788170764.8673317,-0.10912363152758678,-0.4868655938560931,0.2858554604229171,-1.2022556077462803,2.9023837189242365,5.726392123447647e-05,-1.5707600752459925,-1.5707357565509241,-1.5708525816546839,-1.5708559195147913,1.5708345174789429,-0.7853906790362757,0
21,1788170764.907631,-0.10910629387404402,-0.4868708598541365,0.2858516807291198,-1.202266760864802,2.902359759109296,2.6184010718426687e-05,-1.5707357565509241,-1.5707357565509241,-1.5708649794207972,-1.5708320776568812,1.5708585977554321,-0.7853787581073206,0
22,1788170764.9491446,-0.10911209804737303,-0.4868648695138487,0.28586328842149417,-1.202252953903447,2.902375353304401,-8.416318853186993e-06,-1.5707476774798792,-1.570711914693014,-1.5708649794207972,-1.5708320776568812,1.5708585977554321,-0.7853787581073206,0
23,1788170764.9896033,-0.10911484643206294,-0.4868726573399429,0.28587395595021586,-1.2022762568332164,2.902382678300885,-1.8479921622775076e-05,-1.5707476774798792,-1.570723835621969,-1.5708287397967737,-1.5708444754229944,1.5708465576171875,-0.7853906790362757,0
24,1788170765.032281,-0.10910629355490044,-0.48687612886881915,0.2858610329843703,-1.2022667608648014,2.902359759109296,2.6184013065374393e-05,-1.5707357565509241,-1.5707481543170374,-1.5708287397967737,-1.5708559195147913,1.5708585977554321,-0.7853787581073206,0
25,1788170765.0707445,-0.10911209782769489,-0.48686938499979654,0.2858494246872342,-1.2022286693988045,2.9023656625168703,6.078353150224574e-05,-1.5707476774798792,-1.5707481543170374,-1.5708525816546839,-1.5708559195147913,1.5708585977554321,-0.7853668371783655,0
26,1788170765.1109679,-0.10911813407183354,-0.486863625326657,0.2858728725601174,-1.2022523317988656,2.9023758085707265,-9.109550226345523e-06,-1.5707600752459925,-1.570711914693014,-1.5708406607257288,-1.5708559195147913,1.5708585977554321,-0.7853906790362757,0
27,1788170765.1496465,-0.10909229688257364,-0.4868883151712519,0.28586554668752584,-1.2022610584690034,2.902345986732305,-6.458010880315456e-05,-1.570723835621969,-1.5707481543170374,-1.5708287397967737,-1.570808235798971,1.570894479751587,-0.7853668371783655,0
28,1788170765.1919181,-0.1091148465774981,-0.4868696678665581,0.2858706166792916,-1.2022537886394202,2.902377370366582,3.272822027928642e-05,-1.5707476774798792,-1.5707357565509241,-1.5708168188678187,-1.5708797613727015,1.5708465576171875,-0.7853787581073206,0
29,1788170765.2363877,-0.10913215670273049,-0.48687478750544916,0.28586211570422193,-1.2021939765992868,2.9024306493648,3.1214539200599564e-05,-1.5707719961749476,-1.5707481543170374,-1.5708287397967737,-1.5708444754229944,1.5708225965499878,-0.7853549162494105,0
30,1788170765.2779853,-0.10911813409337037,-0.4868630311386973,0.2858563112485924,-1.202248699483875,2.90236704291206,2.6873884132873374e-05,-1.5707600752459925,-1.570723835621969,-1.5708649794207972,-1.5708444754229944,1.5708585977554321,-0.7853906790362757,0
31,1788170765.3207927,-0.10910904169902169,-0.48688635565111416,0.2858514490659815,-1.2022882478890207,2.902362701037778,3.411219905137235e-05,-1.5707357565509241,-1.5707724730121058,-1.5708287397967737,-1.5708320776568812,1.5708465576171875,-0.7853906790362757,0
32,1788170765.3613365,-0.10912943502873299,-0.48687996274322853,0.28585748515055587,-1.2022244309327828,2.9024063111939817,2.335635666428974e-05,-1.5707719961749476,-1.5707600752459925,-1.5708287397967737,-1.5708320776568812,1.5708345174789429,-0.7853787581073206,0
33,1788170765.4051461,-0.10912910164191328,-0.48687103693700917,0.2858717446285366,-1.2022329730213293,2.902426931893145,3.706754796572908e-05,-1.5707600752459925,-1.5707357565509241,-1.5708168188678187,-1.5708678404437464,1.5708105564117432,-0.7853668371783655,0
34,1788170765.4450903,-0.10912943507890298,-0.486877900802492,0.2858657776402646,-1.202229738838153,2.90241912268145,-2.923536730856952e-05,-1.5707719961749476,-1.5707357565509241,-1.5708406607257288,-1.570808235798971,1.5708345174789429,-0.7853787581073206,0
35,1788170765.4858153,-0.10910937624754435,-0.48687004437273107,0.28587287314328,-1.202231509188632,2.9023725125307718,-1.6272681423923136e-05,-1.5707476774798792,-1.570723835621969,-1.5708287397967737,-1.5708559195147913,1.5708705186843872,-0.7853668371783655,0
36,1788170765.5314631,-0.10912088266537061,-0.48686831531211955,0.2858612647105303,-1.2021838983350384,2.902406320355037,3.272937373070545e-05,-1.5707600752459925,-1.5707357565509241,-1.5708406607257288,-1.5708559195147913,1.5708465576171875,-0.7853429953204554,0
37,1788170765.5698967,-0.10910870910395794,-0.4868705689103911,0.2858855635072046,-1.2023408117906198,2.902389772882473,-3.8677730876653506e-05,-1.570723835621969,-1.5706999937640589,-1.5708287397967737,-1.5708444754229944,1.5708225965499878,-0.785403076802389,0
38,1788170765.608793,-0.10911209855338579,-0.4868544683332108,0.28587529162588926,-1.202302121280712,2.9023453083187274,2.5489214146337466e-05,-1.5707476774798792,-1.5706999937640589,-1.5708406607257288,-1.5708916823016565,1.5708585977554321,-0.785414997731344,0
39,1788170765.6497738,-0.10911541262241563,-0.48686090381071945,0.2858670685148399,-1.202246370376353,2.9023614193015908,1.0248555367870554e-06,-1.5707600752459925,-1.570711914693014,-1.5708525816546839,-1.5708559195147913,1.5708705186843872,-0.7853906790362757,0
40,1788170765.6905804,-0.10910937676410809,-0.48685942621329953,0.2858610321490427,-1.2022279467522214,2.902363915961916,1.9018927293473805e-05,-1.5707476774798792,-1.570711914693014,-1.5708649794207972,-1.5708559195147913,1.5708705186843872,-0.7853668371783655,0
41,1788170765.73097,-0.10910904239774347,-0.4868748200320773,0.2858831896516283,-1.202266010900011,2.902406867691451,-8.837115940722125e-05,-1.5707357565509241,-1.5706999937640589,-1.5708406607257288,-1.570808235798971,1.5708465576171875,-0.7853668371783655,0
42,1788170765.7717938,-0.10910904296069916,-0.4868655256727972,0.2858543323951812,-1.2022675957079816,2.9023617758071776,6.732842609581131e-05,-1.5707357565509241,-1.5707357565509241,-1.5708525816546839,-1.5708678404437464,1.5708465576171875,-0.7853787581073206,0
43,1788170765.8118365,-0.10911484682396001,-0.4868646017350951,0.2858612643734595,-1.2022710880880723,2.9023702042100616,3.272763257973669e-05,-1.5707476774798792,-1.570723835621969,-1.5708525816546839,-1.5708559195147913,1.5708465576171875,-0.7853906790362757,0
44,1788170765.8531282,-0.10910357261003846,-0.48686616992519816,0.2858681516309465,-1.2023186282806784,2.9023362269078077,-1.558285928456698e-05,-1.5707357565509241,-1.570711914693014,-1.5708525816546839,-1.5708444754229944,1.5708705186843872,-0.785414997731344,0
45,1788170765.8945954,-0.10910629413531465,-0.48686654643480626,0.28587975954406686,-1.2023436356749262,2.902347663697448,-4.301774482611132e-05,-1.5707357565509241,-1.5706999937640589,-1.5708406607257288,-1.5708444754229944,1.5708585977554321,-0.7854269186602991,0
46,1788170765.9370525,-0.10911484646414009,-0.48687199788676444,0.2858505075540353,-1.2022692021157058,2.902365652662198,5.1411356765859835e-05,-1.5707476774798792,-1.5707481543170374,-1.5708525816546839,-1.5708444754229944,1.5708465576171875,-0.7853906790362757,0
47,1788170765.9793031,-0.10912121612699274,-0.4868728339443941,0.28587512973379725,-1.2022170103071141,2.902388393183504,-5.087440687266648e-05,-1.5707719961749476,-1.570723835621969,-1.5708287397967737,-1.5708320776568812,1.5708705186843872,-0.7853787581073206,0
48,1788170766.0195556,-0.10911484619933644,-0.4868774410470001,0.28586211591346405,-1.2022726946245352,2.9023740813758603,1.681181456828982e-05,-1.5707476774798792,-1.5707481543170374,-1.5708287397967737,-1.5708444754229944,1.5708465576171875,-0.7853906790362757,0
49,1788170766.0622494,-0.10910048990548267,-0.4868722691891282,0.2858659408495326,-1.202266830790108,2.9023599278531544,2.549340529649332e-05,-1.570723835621969,-1.5707357565509241,-1.5708287397967737,-1.5708678404437464,1.5708585977554321,-0.7853668371783655,0
50,1788170766.105044,-0.10912668645466703,-0.486872174543364,0.2858657088141308,-1.2022011280147216,2.9023989858087917,3.3419596257609076e-05,-1.5707719961749476,-1.5707481543170374,-1.5708168188678187,-1.5708678404437464,1.5708465576171875,-0.7853668371783655,0
51,1788170766.1459923,-0.10911484646414009,-0.48687199788676444,0.2858505075540353,-1.202234603284395,2.9023799849810903,5.1412630269032204e-05,-1.5707476774798792,-1.5707481543170374,-1.5708525816546839,-1.5708444754229944,1.5708465576171875,-0.7853668371783655,0
52,1788170766.1884623,-0.10911759522240286,-0.4868721068490355,0.2858599045278163,-1.2022043314545816,2.9024047622751907,5.795858379936788e-05,-1.5707476774798792,-1.5707481543170374,-1.5708287397967737,-1.5708678404437464,1.5708345174789429,-0.7853429953204554,0
53,1788170766.2285438,-0.10910906543153258,-0.4864945375059022,0.28580367623048497,-1.2022904511189723,2.902317146800285,0.0001904994523755525,-1.5707357565509241,-1.5699084440814417,-1.5717881361590784,-1.5708444754229944,1.5708465576171875,-0.785403076802389,0
54,1788170766.2694395,-0.10911490772087928,-0.48561284875475375,0.28583282226298445,-1.2022313203822002,2.9023720618585234,8.393617355549276e-05,-1.5707476774798792,-1.5677974859820765,-1.5738380591021937,-1.5708320776568812,1.5708465576171875,-0.7853668371783655,0
55,1788170766.310009,-0.10910676474500117,-0.48404860678696143,0.28590431163684465,-1.202279872211861,2.902391386939324,-0.00020204673474354072,-1.5707476774798792,-1.564019028340475,-1.5774582068072718,-1.570808235798971,1.5708825588226318,-0.7853906790362757,0
56,1788170766.351093,-0.10910960572897216,-0.4821529909157673,0.2859122328241235,-1.2022673174663745,2.9024100097555157,-0.0001996542850754916,-1.5707476774798792,-1.55955678621401,-1.5818575064288538,-1.5708678404437464,1.5708705186843872,-0.7853787581073206,0
57,1788170766.3942637,-0.10910968385625827,-0.48054706298113653,0.2858734601817384,-1.2022958345442214,2.902379044561153,-0.00013253016756985413,-1.5707476774798792,-1.5558026472674769,-1.5856459776507776,-1.5708797613727015,1.5708705186843872,-0.785403076802389,0
58,1788170766.4369092,-0.10909834328922405,-0.47894120942828183,0.28585136973994046,-1.2022866904276317,2.9023589362670013,-4.879587882007089e-05,-1.570723835621969,-1.5520485083209437,-1.5893738905536097,-1.5709636847125452,1.5708705186843872,-0.7853787581073206,0
59,1788170766.4792905,-0.10910414925873829,-0.47734584014431747,0.2858759893230556,-1.2022941643424023,2.902376970770554,-0.00012284122893214215,-1.5707357565509241,-1.5482695738421839,-1.593017880116598,-1.571047608052389,1.5708705186843872,-0.7853906790362757,0
60,1788170766.522105,-0.10912129784836902,-0.4754154808205186,0.2859030062639238,-1.202272931626554,2.9024255269449513,-0.00016380118449374094,-1.5707600752459925,-1.5437119642840784,-1.5973933378802698,-1.5711916128741663,1.5708465576171875,-0.7853906790362757,0
61,1788170766.5647862,-0.1091182307423541,-0.47380882011724706,0.285856766661445,-1.202234830124363,2.90242945445092,-7.283063031255851e-05,-1.5707476774798792,-1.5399578253375452,-1.6011336485492151,-1.5712631384478968,1.5708345174789429,-0.7853549162494105,0
62,1788170766.6048963,-0.10896848645960355,-0.4719078387822011,0.2859070244339734,1.2024395163608446,-2.9023344738627332,0.00022760703543990912,-1.5704243818866175,-1.535339657460348,-1.6054847876178187,-1.571418587361471,1.5708225965499878,-0.7851751486407679,0
63,1788170766.6453862,-0.10872340623267167,-0.47069028256356055,0.28589167455264153,1.2025169272656935,-2.902323671357497,0.000202250555852919,-1.5699084440814417,-1.5323527495013636,-1.6083858648883265,-1.571526829396383,1.5708345174789429,-0.7847073713885706,0
64,1788170766.6864996,-0.10775239652050073,-0.46911209350565913,0.2858711551804105,-1.2025194422607828,2.902231921354124,9.433369834237082e-06,-1.5678580443011683,-1.5282028357135218,-1.612366024647848,-1.5718620459186,1.5708825588226318,-0.7826808134662073,0
65,1788170766.72996,-0.10630605606294058,-0.4680508532992018,0.2858764237629763,-1.2022703719868584,2.9023723893132924,2.7078221644598004e-05,-1.5647404829608362,-1.5249159971820276,-1.6154826323138636,-1.5720294157611292,1.5708465576171875,-0.7793825308429163,0
66,1788170766.7709482,-0.1047236738144794,-0.46801607816151714,0.28570402337184514,-1.202401045891138,2.9021947071217418,0.00032090257851145936,-1.5613706747638147,-1.5241125265704554,-1.6166332403766077,-1.5718982855426233,1.5708825588226318,-0.776132885609762,0
67,1788170766.8144052,-0.1031780862185963,-0.46825529237468544,0.2852433162236824,-1.2021717786023636,2.902283147346657,0.0005006998871229465,-1.5580490271197718,-1.5239203611956995,-1.6179640928851526,-1.5708678404437464,1.5708465576171875,-0.7726548353778284,0
68,1788170766.8573604,-0.10120377577311893,-0.4686705138148199,0.2835808608538004,-1.2018871527256918,2.9023358169399587,0.0006956306131522442,-1.5538399855243128,-1.523968521748678,-1.6221235434161585,-1.5667975584613245,1.5708585977554321,-0.7682655493365687,0
69,1788170766.8987389,-0.09962904582861877,-0.46902498681920224,0.28137123041440376,-1.2010426918807593,2.902661269305262,0.0008970492183425072,-1.5504701773272913,-1.5241125265704554,-1.627589527760641,-1.561314884816305,1.5708345174789429,-0.7643197218524378,0
70,1788170766.9409444,-0.09798506888020954,-0.4695362046432554,0.27838670589882003,-1.199953127148454,2.9030838782510293,0.0009603087100465963,-1.5469806830035608,-1.524627987538473,-1.634698216115133,-1.5537374655352991,1.5708465576171875,-0.7600863615619105,0
71,1788170766.9817116,-0.0964650809690703,-0.4704415030506809,0.2757391051264151,-1.1986660057316088,2.903867858258299,1.1712688995472472e-05,-1.5437787214862269,-1.525815788899557,-1.6404765287982386,-1.5461238066302698,1.5708465576171875,-0.7559364477740687,0
72,1788170767.0242155,-0.09473531429661956,-0.47179499004423836,0.2735244905582057,1.1971863203110376,-2.9044290255736787,0.0005423705442285509,-1.5401571432696741,-1.528130356465475,-1.6440132300006312,-1.5398862997638147,1.5708225965499878,-0.7513077894793909,0
73,1788170767.0672798,-0.09339049663157377,-0.4730065715677827,0.2722956282895393,1.196457535399471,-2.904836736255786,0.00012956483531707566,-1.5373747984515589,-1.5306137243853968,-1.644707981740133,-1.5369890371905726,1.5708225965499878,-0.7479975859271448,0
74,1788170767.1111577,-0.09212622502189503,-0.474327419560569,0.27196768793232573,1.1960380856416684,-2.905008221214366,0.0002437921759607113,-1.5347965399371546,-1.5331562201129358,-1.6431258360492151,-1.5359600226031702,1.5708465576171875,-0.7451308409320276,0
75,1788170767.1534808,-0.09090783960677122,-0.4759797135984576,0.27186172510058515,-1.1958877701730646,2.9049421953381476,0.000348358556247595,-1.5323384443866175,-1.5367425123797815,-1.639853302632467,-1.5360434691058558,1.5708345174789429,-0.7426002661334437,0
76,1788170767.1977284,-0.08978939773213586,-0.4774431871434806,0.2718727253089317,-1.195903529137902,2.9048821292887843,0.0003440183996844621,-1.5301201979266565,-1.539729420338766,-1.6369403044330042,-1.5359838644610804,1.5708825588226318,-0.7404058615313929,0
77,1788170767.241579,-0.08848340228551797,-0.47912439844589355,0.2718876078325888,-1.1957768019770334,2.9049697371095577,0.0004267610841996229,-1.5274937788592737,-1.5431602636920374,-1.6335714499102991,-1.5359600226031702,1.5708345174789429,-0.7376835981952112,0
78,1788170767.2831173,-0.08725132146277378,-0.48045640215413177,0.2718560417246393,-1.1958114030309759,2.9049082078735364,0.000565399909246961,-1.5250352064715784,-1.5458467642413538,-1.6310184637652796,-1.535924259816305,1.5708465576171875,-0.735260311757223,0
79,1788170767.3264937,-0.08593441841415539,-0.48175792871387585,0.27193848364278445,-1.1959759917988821,2.9049144903522763,0.00032484372799043313,-1.5223973433123987,-1.548281494771139,-1.6284764448748987,-1.5358641783343714,1.5708345174789429,-0.7327178160296839,0
80,1788170767.3693626,-0.08432968552629633,-0.48328299896877036,0.27192204562315464,-1.19624026245189,2.9048146790226137,0.00023434732422428247,-1.5192073027240198,-1.551208798085348,-1.625671688710348,-1.5356844107257288,1.5708465576171875,-0.7297075430499476,0
81,1788170767.4087856,-0.08298792092487878,-0.48451666063328125,0.2720017691710151,-1.196206780128335,2.904880873391344,-9.508168227006849e-05,-1.5165565649615687,-1.5534756819354456,-1.623298470173971,-1.535576645527975,1.5708705186843872,-0.7270210425006312,0
82,1788170767.450229,-0.08170633527431935,-0.4857486864935955,0.2719411016418297,-1.1957948850626374,2.905019557290445,9.104225770474098e-05,-1.5140264670001429,-1.5559585730182093,-1.6209843794452112,-1.5355289618121546,1.5708585977554321,-0.7242148558246058,0
83,1788170767.4953966,-0.08032842670111691,-0.4869937842422776,0.2717615162922089,-1.1958364686977518,2.9050733273317078,-0.00020751323508124764,-1.5113161245929163,-1.5582855383502405,-1.6191986242877405,-1.5347865263568323,1.5708585977554321,-0.7215159575091761,0
84,1788170767.5385597,-0.07870780080623324,-0.4884542267249026,0.2704210772208297,-1.195668064194164,2.9051108911744783,-0.00013188665626693563,-1.5081504026996058,-1.56128436723818,-1.6196420828448694,-1.5313990751849573,1.5708705186843872,-0.7182419935809534,0
85,1788170767.581537,-0.07733421982671239,-0.48959278377089577,0.26862540752640945,-1.1961069986673858,2.9049395286301363,-5.507446534702164e-05,-1.5054519812213343,-1.5636714140521448,-1.621847931538717,-1.5268495718585413,1.5708465576171875,-0.7158435026751917,0
86,1788170767.6214466,-0.07571899512436653,-0.49095012012405703,0.2653542918640015,-1.1959784571398304,2.9049263800804925,0.00023216558474891988,-1.5023101011859339,-1.5667780081378382,-1.6270626227008265,-1.5187209288226526,1.5708465576171875,-0.7126291433917444,0
87,1788170767.659716,-0.07476880051391359,-0.49208014697158836,0.2627319972285461,-1.1956966967602032,2.9050879816749418,9.410567666850624e-05,-1.50051194826235,-1.5694168249713343,-1.6311505476581019,-1.511897389088766,1.5708345174789429,-0.7106259504901331,0
88,1788170767.701574,-0.07381866808398944,-0.49359791366976863,0.25955879761579126,-1.1957771533078325,2.9050827172626246,-0.00014876343844561705,-1.498796288167135,-1.573087517415182,-1.6356213728534144,-1.5036008993731897,1.5708585977554321,-0.708958927785055,0
89,1788170767.745152,-0.07296944600731436,-0.4951111025072354,0.25637704955476254,-1.1954648658319713,2.9051662526184496,4.989237182687016e-05,-1.4972851912127894,-1.5769975821124476,-1.6397932211505335,-1.4956520239459437,1.5708585977554321,-0.7072437445269983,0
90,1788170767.7872927,-0.07208805784994106,-0.497031993385099,0.25253803881398906,-1.1954397527848557,2.9052075672709723,-2.6660071706985777e-05,-1.4957745710956019,-1.581963841115133,-1.6446121374713343,-1.4858115355121058,1.5708465576171875,-0.7057083288775843,0
91,1788170767.8295636,-0.07152410112919819,-0.4986719020740604,0.24934011102913464,1.1951930747537372,-2.9053481535117824,0.0003700680172521483,-1.4948867003070276,-1.586233917866842,-1.648520294819967,-1.4774072805987757,1.5708585977554321,-0.7046411673175257,0
92,1788170767.8701642,-0.07120547964850664,-0.5002090028962615,0.24612888749913203,-1.195179256922687,2.905265389173756,0.00013287406640755117,-1.494479004536764,-1.5906956831561487,-1.652116600667135,-1.4696858564959925,1.5708585977554321,-0.7042453924762171,0
93,1788170767.9120724,-0.07095801911634123,-0.502128344910793,0.24256244257851742,-1.1950646558454328,2.9052348996892894,0.0003585219553928421,-1.4942873159991663,-1.5961540381061,-1.655628506337301,-1.460874382649557,1.5708825588226318,-0.7039936224566858,0
94,1788170767.9554348,-0.07081749189170641,-0.5037531390977247,0.2404425439893279,-1.195197147166191,2.905310835195853,7.983130014621595e-05,-1.494227711354391,-1.6004241148578089,-1.6567195097552698,-1.4553073088275355,1.5708225965499878,-0.7039936224566858,0
95,1788170767.9992094,-0.07064116670755481,-0.5053615624220407,0.23907997406840695,-1.1953148735344032,2.9052504991263874,-0.00011081919016815795,-1.4941437880145472,-1.6045149008380335,-1.6560123602496546,-1.4518116156207483,1.5708705186843872,-0.7039936224566858,0
96,1788170768.0438554,-0.07046270421178916,-0.5073249909228885,0.23832501724432645,-1.1952645132689441,2.9052737732964053,-6.157534993373179e-05,-1.4940832296954554,-1.6093485991107386,-1.6529195944415491,-1.4500997702227991,1.5708585977554321,-0.703897778187887,0
97,1788170768.0870395,-0.07030440771474039,-0.5089194745201137,0.23837415742314078,-1.1952912356171717,2.9052894817973596,-0.0003033146630281909,-1.4940231482135218,-1.6129949728595179,-1.6490238348590296,-1.4501951376544397,1.5708825588226318,-0.7038496176349085,0
98,1788170768.1316829,-0.07011885053262336,-0.5108192425957514,0.23843756906814093,-1.1952122210076292,2.9053454729753034,-0.0003473573124752634,-1.4939397017108362,-1.6174095312701624,-1.644240681325094,-1.4505303541766565,1.5708705186843872,-0.7037060896502894,0
99,1788170768.1754398,-0.06998745235646009,-0.5123581985986755,0.23833653420067538,-1.1951251372849143,2.9052814899181896,0.00022215459023527156,-1.4939034620868128,-1.6212356726275843,-1.6403806845294397,-1.450937573109762,1.5708465576171875,-0.7036340872394007,0
100,1788170768.2184904,-0.06980941496961884,-0.5142721831544909,0.23833494282509318,-1.1950867377799892,2.90528855360042,0.00026135433672073814,-1.4938433806048792,-1.6257341543780726,-1.6356213728534144,-1.4512246290790003,1.5708465576171875,-0.7035496870623987,0
101,1788170768.260007,-0.06949080746276269,-0.5158815468471333,0.23843070840582684,-1.1950888027573707,2.905293559002187,-9.035315013892407e-06,-1.493483845387594,-1.6293447653399866,-1.6315816084491175,-1.4514883200274866,1.570894479751587,-0.7031901518451136,0
102,1788170768.3032417,-0.06914122216635697,-0.5175332644549463,0.2383967843289901,-1.1952357318367026,2.905256974824871,6.1637563222487235e-06,-1.4930403868304651,-1.6331594626056116,-1.6276019255267542,-1.451655689870016,1.5708705186843872,-0.7028420607196253,0
103,1788170768.3476403,-0.06879363089861384,-0.5194700066615189,0.23839904693843292,-1.1952331007595818,2.905248602958515,-7.377743108653632e-05,-1.4926684538470667,-1.6376217047320765,-1.6228306929217737,-1.451918903981344,1.570894479751587,-0.7024706045733851,0
104,1788170768.3907948,-0.06853231525182048,-0.5210510027776781,0.23828244556305536,-1.195005136449721,2.9054366702004764,-0.00026094068983351803,-1.492380444203512,-1.6412442366229456,-1.6192706266986292,-1.4517157713519495,1.5708465576171875,-0.7020028273211878,0
105,1788170768.434234,-0.06815855940160676,-0.5229387632392555,0.23730572484072288,-1.1947396628840887,2.90543709456482,5.257474990471501e-05,-1.4919608275042933,-1.6459944883929651,-1.6165974775897425,-1.449859921132223,1.5708825588226318,-0.7014268080340784,0
106,1788170768.4767396,-0.06785619108781171,-0.524482080488946,0.23560364305265147,-1.1947150662587778,2.9053773166831984,0.00036851308495369463,-1.4916132132159632,-1.6501567999469202,-1.6164053122149866,-1.4461010138141077,1.5708825588226318,-0.7010791937457483,0
107,1788170768.518851,-0.06749323366710469,-0.5261337233980148,0.23318723461394736,-1.1950107288026002,2.905304600742153,0.00027100278963762016,-1.491157356892721,-1.6546433607684534,-1.6177480856524866,-1.4401987234698694,1.5708585977554321,-0.7008150259601038,0
108,1788170768.5618956,-0.0670063161828636,-0.5279944834764221,0.22955639490237226,-1.1940627633324146,2.9056225251284378,0.0005978965440842087,-1.4905098120318812,-1.66016132036318,-1.6209967772113245,-1.431650463734762,1.5708585977554321,-0.6995323340045374,0
109,1788170768.606222,-0.0664935800132987,-0.5295584161168166,0.2262418469937534,-1.1923877817430224,2.9062559005787194,0.000910877335214875,-1.4897664229022425,-1.6649234930621546,-1.6242449919330042,-1.423845116292135,1.5708465576171875,-0.6976493040667933,0
110,1788170768.6488924,-0.06575931444694554,-0.5315714447123395,0.22246824053372047,-1.1911943631530086,2.9068732166198368,0.00026672077572126665,-1.4886868635760706,-1.6705973784076136,-1.6278060118304651,-1.4141834417926233,1.5708585977554321,-0.6957176367389124,0
111,1788170768.6887333,-0.06518573618197031,-0.5331562960699111,0.2192958130244311,-1.1896625031345913,2.907504295007375,0.0002505472488974071,-1.487847153340475,-1.6753595511065882,-1.6307066122638147,-1.4065097014056605,1.5708585977554321,-0.6938231627093714,0
112,1788170768.7295642,-0.06454513606944356,-0.5347859019742224,0.21617604518907194,-1.188678448838394,2.907984954217671,-4.726422443919113e-05,-1.4868877569781702,-1.6801460425006312,-1.6334756056415003,-1.3987515608416956,1.5708465576171875,-0.6921680609332483,0
113,1788170768.7713194,-0.06385568819385179,-0.5363642982784377,0.2128147292786832,-1.1872141589436436,2.908438868609856,0.0005606263814107239,-1.4858444372760218,-1.685256306325094,-1.6363409201251429,-1.3911851088153284,1.5708585977554321,-0.6901524702655237,0
114,1788170768.8149135,-0.06319450063955001,-0.5380247165126265,0.20971435572531463,-1.1862057739715268,2.908961106604906,-1.818294019565844e-05,-1.4848735968219202,-1.6901262442218226,-1.6389783064471644,-1.3832953611956995,1.5708705186843872,-0.6884616057025355,0
115,1788170768.8581734,-0.06240874589383561,-0.5399173126961714,0.2058441293103567,-1.184469576326005,2.909642588561226,0.00023143856949505917,-1.4836981932269495,-1.69617206255068,-1.6421306769000452,-1.3742559591876429,1.5708465576171875,-0.686098877583639,0
116,1788170768.9010007,-0.06176035918777438,-0.5414506494557445,0.20262164937422644,-1.1828876193208862,2.9102022275280395,0.0006297364890404404,-1.4827383200274866,-1.7012346426593226,-1.6446722189532679,-1.3669169584857386,1.5708465576171875,-0.6840718428241175,0
117,1788170768.9440773,-0.06105263498603666,-0.5430952883273794,0.1994120178984307,-1.1816718456075677,2.910715860830336,0.00034572536105513036,-1.4817073980914515,-1.7063806692706507,-1.647177521382467,-1.3590872923480433,1.5708825588226318,-0.6822007338153284,0
118,1788170768.982879,-0.06017886744786686,-0.5449694455483538,0.19557607910795657,-1.180023847117758,2.911363486824393,0.0005778589489627002,-1.4803879896747034,-1.7125466505633753,-1.6500428358661097,-1.3502028624164026,1.5708585977554321,-0.6797540823565882,0
119,1788170769.0248933,-0.05964519900840286,-0.5465511279191076,0.19233697905907998,-1.1786222040394776,2.911919008590455,0.0007698049658902547,-1.4796565214740198,-1.717860523854391,-1.6523202101336878,-1.342731777821676,1.5708345174789429,-0.6780627409564417,0
120,1788170769.0680418,-0.05918276522509128,-0.5481629981587388,0.18915257159648,-1.1771057254623571,2.912542169682396,0.0006599705864887042,-1.4790809790240687,-1.723199192677633,-1.654454533253805,-1.335189167653219,1.5708465576171875,-0.6764434019671839,0
121,1788170769.1107957,-0.05880362263724053,-0.5497690009067463,0.18599442879999825,-1.1760954373292112,2.9129566851522526,0.0005650811941459085,-1.4786608854876917,-1.7285850683795374,-1.6564438978778284,-1.327754322682516,1.5708585977554321,-0.6753280798541468,0
122,1788170769.1528606,-0.05842295079291793,-0.5517445390559823,0.1820671639815962,-1.174218216295824,2.9136906421923587,0.0004838985483588767,-1.4783132711993616,-1.7353389898883265,-1.6588175932513636,-1.3185833136187952,1.570894479751587,-0.6736972967730921,0
123,1788170769.1975265,-0.058108670365295836,-0.5532909058023062,0.17887438371764205,-1.1730032666287895,2.914154331279051,0.0006104341746591966,-1.4780014196978968,-1.7407968680011194,-1.6607354323016565,-1.311291519795553,1.570894479751587,-0.6725576559649866,0
124,1788170769.2421405,-0.05772315921949188,-0.55517262973172,0.1750395426053687,-1.171504172343693,2.9147705037149603,0.0008780918001528592,-1.477593723927633,-1.747491184865133,-1.6628335157977503,-1.3026588598834437,1.5708345174789429,-0.6711180845843714,0
125,1788170769.286458,-0.05740955791105229,-0.5568806862525594,0.1719027662141911,-1.1700331883420918,2.9154527555577134,0.0002325229508099009,-1.4773295561419886,-1.7531645933734339,-1.6644280592547815,-1.2949727217303675,1.5708705186843872,-0.6698229948626917,0
126,1788170769.3294585,-0.05707502890978674,-0.5587402304954783,0.16802335689368428,-1.1686688829225236,2.9159504636273508,0.0006096413479359211,-1.477030102406637,-1.76001483598818,-1.666382137929098,-1.2864115873919886,1.5708465576171875,-0.6685994307147425,0
127,1788170769.3742306,-0.05677910150610279,-0.5603689241263726,0.16498883413848425,-1.1674099994770761,2.9164534426326085,0.000550592219808027,-1.4767778555499476,-1.7657130400287073,-1.667532745991842,-1.2795270125018519,1.5708585977554321,-0.6674841086017054,0
128,1788170769.4167063,-0.056526301998156524,-0.5620470730767984,0.16292170698095804,-1.165818227164518,2.9172435145310076,-7.446390339112614e-05,-1.476598087941305,-1.7707274595843714,-1.6670172850238245,-1.2746060530291956,1.5708345174789429,-0.6661766211139124,0
129,1788170769.4591415,-0.056262398709669585,-0.5638892783323419,0.16131899467415933,-1.1647435414481029,2.9175999955775653,0.00021992190039776813,-1.4764421621905726,-1.7760899702655237,-1.6646555105792444,-1.271804157887594,1.5708465576171875,-0.6653011480914515,0
130,1788170769.4972274,-0.056051995556498035,-0.5654900093082643,0.16081746861782403,-1.1644542916313074,2.917689568404569,0.00021510604475690734,-1.476346794758932,-1.7800605932818812,-1.6610954443561,-1.2713974157916468,1.5708705186843872,-0.665013615285055,0
131,1788170769.537054,-0.05590370211339685,-0.5671261194654748,0.1608604566352152,-1.1647537554602991,2.9175771026928525,0.0001798696336953208,-1.476358715687887,-1.7837312857257288,-1.6564438978778284,-1.2723549048053187,1.5708705186843872,-0.6652291456805628,0
132,1788170769.5781238,-0.05583326165952572,-0.5687398490852934,0.16086726137760085,-1.1648745838866983,2.917572691053591,0.0001627139551670556,-1.476490322743551,-1.7873900572406214,-1.651888672505514,-1.2732294241534632,1.5708345174789429,-0.6654332319842737,0
133,1788170769.6187758,-0.05582182651016929,-0.5703356534233508,0.16086963895775924,-1.1647217101346417,2.917646305128399,3.303927871728333e-05,-1.4767420927630823,-1.7910011450396937,-1.6474054495440882,-1.2740190664874476,1.5708465576171875,-0.6655772368060511,0
134,1788170769.6609223,-0.05580085984011579,-0.5719858624994276,0.1608918857630637,-1.1646702579665518,2.917672951622124,-0.000197790340460347,-1.4769943396197718,-1.7946956793414515,-1.6427658239947718,-1.2748215834247034,1.5708825588226318,-0.6657927672015589,0
135,1788170769.699517,-0.055836943537425555,-0.5735416635891579,0.16083800090798586,-1.1645206400381924,2.9177022279992406,8.65714513226022e-05,-1.4773057142840784,-1.7983787695514124,-1.6382468382464808,-1.2758391539203089,1.5708585977554321,-0.6660087744342249,0
136,1788170769.7383451,-0.0558373032788881,-0.575157413896492,0.16086807220421898,-1.164451700911649,2.917733564022066,-6.563433397472993e-05,-1.477581802998678,-1.8020136992083948,-1.6336196104632776,-1.2767375151263636,1.5708825588226318,-0.666236702595846,0
137,1788170769.780241,-0.0558387435462949,-0.5768301770112465,0.1610240958706583,1.1643740155653661,-2.917793434684292,0.0007488797539501984,-1.4778578917132776,-1.8055289427386683,-1.6288846174823206,-1.277503792439596,1.5708825588226318,-0.666452709828512,0
138,1788170769.822206,-0.055853446055481204,-0.5783673128476604,0.16092926112624653,-1.164281259259655,2.91781569750391,-0.0001353756388656201,-1.478133503590719,-1.8092954794513147,-1.6242688337909144,-1.2787602583514612,1.5708825588226318,-0.6666682402240198,0
139,1788170769.8639402,-0.05586229432570361,-0.5802437287952169,0.16092516532119655,-1.1642785995536715,2.9178070333117305,0.00017904258770147158,-1.4784329573260706,-1.813674275075094,-1.6186712423907679,-1.2801736036883753,1.5708345174789429,-0.6669681707965296,0
140,1788170769.9058275,-0.05587876764157491,-0.581844103638962,0.1608603470836048,-1.1642243611019107,2.917875194816014,-0.0002500186013308088,-1.4787328878985804,-1.817261044179098,-1.6143434683429163,-1.2806404272662562,1.5708705186843872,-0.6672199408160608,0
141,1788170769.949319,-0.05584132787160967,-0.5834533268962645,0.1602697550163933,-1.164531532203177,2.9177294975551544,-0.000135840695666106,-1.4789250532733362,-1.8213642279254358,-1.6106513182269495,-1.2803052107440394,1.5708705186843872,-0.6676281134234827,0
142,1788170769.9909818,-0.05585181000053377,-0.5853331428542975,0.15854542679875577,-1.1646371976344394,2.917638654425232,0.0001696182246571697,-1.479236904774801,-1.8269184271441858,-1.6080620924579065,-1.2775395552264612,1.5708585977554321,-0.6680238882647913,0
143,1788170770.0328891,-0.05586557743446534,-0.5869142204401155,0.1562480239793663,-1.1646147680160968,2.9176329757136856,0.0003742088886057865,-1.4795005957232874,-1.832160774861471,-1.6073907057391565,-1.273097340260641,1.5708345174789429,-0.6682756582843226,0
144,1788170770.0710588,-0.0558743339705874,-0.5884526844845862,0.15317544584073273,-1.164408354246403,2.9176209474438535,0.0009028990507758494,-1.4797523657428187,-1.8379672209369105,-1.6079781691180628,-1.2670510450946253,1.5708225965499878,-0.668408219014303,0
145,1788170770.1113029,-0.055855890132799235,-0.5901478105814536,0.15004890308636923,-1.1636755123033176,2.918021542078113,0.0001074989759256142,-1.48000413576235,-1.8438218275653284,-1.6088412443744105,-1.2598193327533167,1.5708705186843872,-0.6681321302997034,0
146,1788170770.1517215,-0.05585001666522454,-0.591788030223055,0.14678329240404409,-1.163002859289884,2.918320414534,2.2361072419063406e-05,-1.480243984852926,-1.849891487752096,-1.6096566359149378,-1.2528741995440882,1.5708585977554321,-0.6679037253009241,0
147,1788170770.1915338,-0.05587219690012724,-0.5933461603052569,0.14361302349251492,-1.1621127386466772,2.9186826177408682,0.00018350125858564094,-1.4805081526385706,-1.8558180967914026,-1.6103399435626429,-1.2463606039630335,1.5708225965499878,-0.667556111012594,0
148,1788170770.2343788,-0.055871347128099394,-0.5949353247467793,0.1403686009670147,-1.160784159034123,2.91916451458846,0.00028123740304004686,-1.4807599226581019,-1.8619001547442835,-1.6109989325152796,-1.2396915594684046,1.5708465576171875,-0.6669085661517542,0
149,1788170770.2753844,-0.055869764441843515,-0.5966026051862785,0.13727811201019205,1.1591370839845345,-2.9199177799572595,0.00034994407149828774,-1.481011692677633,-1.8678625265704554,-1.611502472554342,-1.2328065077411097,1.5708465576171875,-0.6660087744342249,0
150,1788170770.317557,-0.05603944292760216,-0.5981313445828118,0.13410269934973862,-1.1570988892533376,2.920705023013696,-0.0002342360384836837,-1.4815390745746058,-1.8738730589496058,-1.6120179335223597,-1.2263644377337855,1.5708705186843872,-0.665145222340719,0
151,1788170770.3588412,-0.05640975988764615,-0.5994431482267814,0.130889843930917,-1.1547652169710438,2.9216187906043123,-0.00012047571852983246,-1.4823549429522913,-1.8794992605792444,-1.6131327787982386,-1.2196953932391565,1.5708585977554321,-0.6643655935870569,0
152,1788170770.400491,-0.05728788165918812,-0.600184418660328,0.12701492501363185,-1.1511455690988024,2.9230179743913838,-0.00011037608956094707,-1.4839499632464808,-1.8845260779010218,-1.6168606917010706,-1.210954491292135,1.5708825588226318,-0.663490120564596,0
153,1788170770.4413142,-0.058346537753073774,-0.6001386546092715,0.12382165822090746,-1.1478907148947137,2.924264039406695,0.00018745315722878706,-1.4857128302203577,-1.8874052206622522,-1.621608082448141,-1.2035186926471155,1.5708585977554321,-0.6630342642413538,0
154,1788170770.480132,-0.05924776714076086,-0.6001976312350354,0.12068102294756436,1.1442954149231888,-2.925774452636212,0.0003732621632942297,-1.4872353712665003,-1.8902605215655726,-1.6264031569110315,-1.195495907460348,1.5708585977554321,-0.6620748678790491,0
155,1788170770.5206516,-0.05977926219683219,-0.60016143805019,0.11737659296537456,-1.1407633166361404,2.927088863150069,5.10102352059992e-06,-1.4881232420550745,-1.8932836691485804,-1.6312702337848108,-1.1878569761859339,1.5708585977554321,-0.6605637709247034,0
156,1788170770.5728366,-0.059724760951123175,-0.6001605750606296,0.1135508916911174,-1.1358271592014026,2.929001959793274,0.0001011511766919677,-1.4880269209491175,-1.8967025915728968,-1.6370957533465784,-1.1786726156817835,1.5708465576171875,-0.6570971647845667,0
157,1788170770.6151407,-0.059709239590478844,-0.6002621281330771,0.11045910622124264,1.131811201797224,-2.9305783505997436,0.0005504851372658688,-1.4880150000201624,-1.899557892476217,-1.6418188253985804,-1.170661751423971,1.5708465576171875,-0.6543386618243616,0
158,1788170770.6565533,-0.059726303807230784,-0.600197685305885,0.10663083909957105,-1.1270240854722335,2.9324639044937757,-0.00028343098495590816,-1.4880393187152308,-1.9030488173114222,-1.6475613752948206,-1.1616089979754847,1.5708585977554321,-0.6510875860797327,0
159,1788170770.6977448,-0.05972451705665345,-0.6001530499116777,0.10332073102518022,-1.1229589399035587,2.933912358131861,0.00013908341534428847,-1.4880393187152308,-1.9062045256244105,-1.6523202101336878,-1.1539815107928675,1.5708825588226318,-0.6483410040484827,0
160,1788170770.7361019,-0.059724942343230635,-0.6001479226613728,0.10014937998797532,-1.1189814409934757,2.9354322155558723,0.00013717071366995686,-1.4880393187152308,-1.9092515150653284,-1.6569355169879358,-1.1463177839862269,1.5708825588226318,-0.645630184804098,0
161,1788170770.7745178,-0.059740211638132985,-0.6001155484447428,0.09693147778967084,-1.114735447072746,2.9370404444031704,0.0003090690951411475,-1.4880512396441858,-1.9123829046832483,-1.6615508238421839,-1.1386778990374964,1.5708585977554321,-0.6427515188800257,0
162,1788170770.814805,-0.05972050720745674,-0.6002013925118789,0.09385196172291585,-1.1103538860996438,2.938823767734086,-0.0004636217406872969,-1.4880393187152308,-1.9154418150531214,-1.6660578886615198,-1.1306069532977503,1.5708825588226318,-0.6397288481341761,0
163,1788170770.8560402,-0.05972793242882788,-0.6001780506520995,0.09057958920365089,-1.105662841443925,2.940532196511555,-1.9588506519121747e-05,-1.4880393187152308,-1.9188249746905726,-1.67045766512026,-1.1231110731707972,1.5708585977554321,-0.6365507284747522,0
164,1788170770.8973784,-0.05973411768882229,-0.6001560992135663,0.08738458008356231,-1.1010844602187793,2.942220617762183,6.268282979443218e-05,-1.4880512396441858,-1.9220998922931116,-1.6748688856707972,-1.1154826323138636,1.5708705186843872,-0.633456055318014,0
165,1788170770.9368804,-0.0597284931316005,-0.6001817532091773,0.08416944324445655,-1.0965064903688218,2.944017206838236,-0.00011649339484534209,-1.4880269209491175,-1.9254711310016077,-1.6792686621295374,-1.107579533253805,1.5708225965499878,-0.6303013006793421,0
166,1788170770.9771817,-0.05971931210050431,-0.6001407300132569,0.08102543787988523,-1.091720854697585,2.9457435347734786,1.5531734837208885e-05,-1.4880150000201624,-1.928769890462057,-1.6835244337665003,-1.1001189390765589,1.5708465576171875,-0.6270507017718714,0
167,1788170771.018498,-0.059725523245604685,-0.600118138307375,0.07779312136858274,-1.0861343041508265,2.947748100442036,0.00026327459420153246,-1.4880269209491175,-1.9322856108294886,-1.6877201239215296,-1.092574421559469,1.5708585977554321,-0.6232841650592249,0
168,1788170771.0566604,-0.05973282776643077,-0.6001522853841671,0.07477964204025753,-1.0794615919801303,2.950238377437966,0.00012133766937053523,-1.4880393187152308,-1.9356325308429163,-1.6916163603412073,-1.0852339903460901,1.5708465576171875,-0.6187623182879847,0
169,1788170771.0961797,-0.05974570285911889,-0.600082594399706,0.07184295091293671,-1.0723069746744223,2.9527803299862554,0.0004808033316275866,-1.4880512396441858,-1.9388473669635218,-1.695404354725973,-1.078468147908346,1.5708465576171875,-0.6139405409442347,0
170,1788170771.1381254,-0.05970631564112187,-0.6001124587199357,0.06903400486431477,-1.0656284736367674,2.9551978626434714,0.000264087876327165,-1.4880030790912073,-1.9420269171344202,-1.6989887396441858,-1.0715706984149378,1.5708825588226318,-0.6093705336200159,0
171,1788170771.179017,-0.059726394775587395,-0.6001965884950813,0.06673975816801717,-1.0581000935503417,2.9579837073463042,-4.119361315007285e-05,-1.4880393187152308,-1.9447501341449183,-1.7017701307879847,-1.0658581892596644,1.5708585977554321,-0.6042965094195765,0
172,1788170771.220519,-0.05971269826807439,-0.6003617131817786,0.06509855514389232,-1.050542212197766,2.9606877817520685,-0.0001054142982901311,-1.4880393187152308,-1.9469693342791956,-1.7033408323871058,-1.0620258490191858,1.5708585977554321,-0.5991862455951136,0
173,1788170771.2629204,-0.05967703756779923,-0.6011048562287395,0.0637604740947316,-1.0429647635712396,2.9632779815856463,0.00031611762575681625,-1.4880874792682093,-1.9501727263080042,-1.7025015989886683,-1.0599420706378382,1.5708705186843872,-0.5941365400897425,0
174,1788170771.303065,-0.05953529532867705,-0.6027582317678994,0.06290702837629461,-1.034507318092695,2.9662595370928018,0.0002894769472854549,-1.488075081502096,-1.9545872847186487,-1.698545281087057,-1.059462849293844,1.5708585977554321,-0.5884149710284632,0
175,1788170771.3461375,-0.059203569405514106,-0.6043986000292026,0.062590916203244,-1.0283895615347793,2.96840110326483,0.00035804892780857614,-1.487739388142721,-1.9583304564105433,-1.6939662138568323,-1.0603373686419886,1.5708345174789429,-0.5839527289019983,0
176,1788170771.387466,-0.058920310860315024,-0.6060562235003375,0.062467549377511866,-1.023152475308943,2.9702639237304203,-0.000182624297609588,-1.4875114599811,-1.961761776600973,-1.6893742720233362,-1.0611518065081995,1.5708705186843872,-0.5801861921893519,0
177,1788170771.4271083,-0.05859372230510645,-0.6077292355264414,0.062390854224113196,1.0191351374993,-2.9716180152327345,0.0006959830042607046,-1.48718768755068,-1.9651568571673792,-1.6846869627581995,-1.0620978514300745,1.5708345174789429,-0.5771635214435022,0
178,1788170771.4679008,-0.058269968014092795,-0.6093104212062311,0.062231916157032524,1.016159859173329,-2.9727021688196467,0.000389773581755876,-1.4868758360492151,-1.9686597029315394,-1.679915730153219,-1.0635703245746058,1.5708465576171875,-0.5748360792743128,0
179,1788170771.5078137,-0.05800293121015186,-0.6108791995096929,0.062202437985280856,-1.0142544622825727,2.9733618597236733,-0.00023623105022956757,-1.4866483847247522,-1.971959416066305,-1.6750848929034632,-1.0651992003070276,1.5708345174789429,-0.5733249823199671,0
180,1788170771.5485127,-0.057863921272098925,-0.6124826489402567,0.062243829450509436,-1.0139564456509276,2.97342313555617,-0.0003075465819499297,-1.4866603056537073,-1.975234333668844,-1.67011005083193,-1.066864315663473,1.5708825588226318,-0.5731447378741663,0
181,1788170771.5875082,-0.0580477664019833,-0.6141454923276566,0.06228680979823473,1.0142999912770445,-2.9733166286097252,0.0006677575850037235,-1.48718768755068,-1.9786174933062952,-1.6650150457965296,-1.0683367888080042,1.5708705186843872,-0.5739010016070765,0
182,1788170771.6264763,-0.058794093760402656,-0.6157117807656007,0.062195509865909215,1.0145731084704075,-2.9732450105660067,0.0003824903089653167,-1.4886153380023401,-1.9822166601764124,-1.6598604361163538,-1.07007342973818,1.5708465576171875,-0.575507942830221,0
183,1788170771.6671457,-0.059898916312487074,-0.6171383540096149,0.06216386697151666,-1.0145259183556414,2.9731577817417643,3.7499861129982176e-05,-1.4906294981585901,-1.9855755011187952,-1.6548498312579554,-1.0720132032977503,1.570894479751587,-0.5775116125689905,0
184,1788170771.7079618,-0.06120763201360897,-0.6184480899985392,0.06217743994701491,-1.014656737206459,2.973130655754264,0.0001621104196802875,-1.492920223866598,-1.9885991255389612,-1.6502588430987757,-1.073653523121969,1.5708585977554321,-0.5798867384540003,0
185,1788170771.7477918,-0.06257103142341686,-0.6197862988924874,0.062229132585966906,-1.0146466638914853,2.973159099396968,1.675545008639906e-05,-1.4953067938434046,-1.9915984312640589,-1.6456311384784144,-1.075186554585592,1.5708585977554321,-0.5822613875018519,0
186,1788170771.7866611,-0.06406801431624258,-0.6209275534638327,0.06217008434443083,-1.0144441926703114,2.973203540295778,7.688642078246874e-06,-1.4978850523578089,-1.9943812529193323,-1.6416152159320276,-1.0764201323138636,1.5708825588226318,-0.5847085157977503,0
187,1788170771.8257852,-0.06566480128774198,-0.6215773191518554,0.062086183373154,-1.0142946181824732,2.973113178518557,0.000654422069365266,-1.500559155141012,-1.9963491598712366,-1.6387742201434534,-1.0777257124530237,1.5709065198898315,-0.587311093007223,0
188,1788170771.867893,-0.06732080367820871,-0.6219797554935074,0.06211712511881415,-1.0141459841470528,2.9732573387346823,0.000418966075589753,-1.5032694975482386,-1.9974644819842737,-1.637048069630758,-1.0781691710101526,1.5708585977554321,-0.5899022261248987,0
189,1788170771.9079778,-0.0686110147187464,-0.6221947466910602,0.062163197567250444,-1.0142209716769461,2.9733008234226275,0.000251721677184021,-1.5053685347186487,-1.9981125036822718,-1.6359694639789026,-1.078480068837301,1.5708225965499878,-0.5920375029193323,0
190,1788170771.9478538,-0.06916816702384651,-0.6221985795461786,0.06221528712333391,-1.0144591237143967,2.9732380195835777,5.362597060344899e-06,-1.506279770527975,-1.998136345540182,-1.6358254591571253,-1.0784443060504358,1.5708465576171875,-0.5931051413165491,0
191,1788170771.989536,-0.06979638802309865,-0.6222047230720414,0.062229649838872386,-1.014240589211325,2.9732956719288484,-0.00011796219105206217,-1.50731069246401,-1.9982569853412073,-1.6356213728534144,-1.078456226979391,1.5708825588226318,-0.5939925352679651,0
192,1788170772.030858,-0.07042962566112795,-0.6222079775602798,0.06223913664536665,-1.0139934158159665,2.9734457126114724,-0.000189266285250761,-1.5083182493792933,-1.9983766714679163,-1.6354296843158167,-1.078468147908346,1.5708345174789429,-0.5948203245746058,0
193,1788170772.0718162,-0.07091182235287488,-0.6222294521341905,0.06209797588147711,-1.0141273889360596,2.9733721327072957,-0.0001804694833108424,-1.5091097990619105,-1.9987004438983362,-1.635345760975973,-1.078240696583883,1.5708585977554321,-0.5957077185260218,0
194,1788170772.1109772,-0.07088066202127188,-0.622182346326284,0.06123312711786161,-1.0136806307209292,2.9734057069602358,0.0005368963644373262,-1.509050194417135,-1.9997323195086878,-1.6361611525165003,-1.0768635908709925,1.5708465576171875,-0.5953720251666468,0
195,1788170772.1520445,-0.07087290748419489,-0.62226322861252,0.05981234444092989,-1.0128787142155167,2.9737390251811395,0.0001389232908789565,-1.509050194417135,-2.001399819050924,-1.637827221547262,-1.073270622883932,1.5708585977554321,-0.5948203245746058,0
196,1788170772.1942365,-0.07087041622328592,-0.6223035241498532,0.05750445634515167,-1.0114203526001988,2.9742498378407123,6.022408906772074e-05,-1.509050194417135,-2.004075352345602,-1.6404884497271937,-1.0678818861590784,1.5708585977554321,-0.5938366095172327,0
197,1788170772.2355072,-0.07084810285365627,-0.6222276908801557,0.054489143624284725,-1.0092733479707554,2.9748990478486372,0.0005704921541235016,-1.5090020338641565,-2.007482353840963,-1.644001309071676,-1.0612953344928187,1.5708465576171875,-0.5923612753497522,0
198,1788170772.2765405,-0.07087879855555275,-0.6221238374901588,0.05115525636785703,-1.0062786313736944,2.9758069994607874,0.0010127026583816637,-1.509050194417135,-2.011249367390768,-1.6479209105121058,-1.0539067427264612,1.5708705186843872,-0.5904181639300745,0
199,1788170772.3185666,-0.07087610756446973,-0.6221814361608551,0.04804664767779629,-1.0036098635040338,2.976858122969777,0.0004066480867156669,-1.50903827348818,-2.014872376118795,-1.6516130606280726,-1.0461819807635706,1.5708345174789429,-0.5885823408709925,0
200,1788170772.358512,-0.07087808124640833,-0.6221495184958764,0.04414833356722114,-1.0001835179168665,2.977955382251104,0.0007171608503588538,-1.50903827348818,-2.019527260457174,-1.6558926741229456,-1.0374520460711878,1.5708345174789429,-0.5862920920001429,0
201,1788170772.4003432,-0.07089074056335581,-0.6221384428969865,0.04095093711798392,-0.9976093176235986,2.9788137588689345,0.0006741386572792165,-1.5090621153460901,-2.0233662764178675,-1.6594412962542933,-1.030039135609762,1.5708465576171875,-0.5845883528338831,0
202,1788170772.4401953,-0.07086953472894317,-0.6221545598720611,0.037808512555863344,-0.9946832073232466,2.9798076888204443,0.0004439789663338285,-1.50903827348818,-2.027193848286764,-1.6628935972796839,-1.022613827382223,1.5708705186843872,-0.5825970808612269,0
203,1788170772.480694,-0.07087178559076455,-0.6221181597588817,0.03451889132772684,-0.9918363687341912,2.980679427497108,0.0008778045250387343,-1.50903827348818,-2.0312965551959437,-1.6662500540362757,-1.0154402891742151,1.5708705186843872,-0.5807021299945276,0
204,1788170772.5197072,-0.07087273821532608,-0.6222218619675188,0.03137675149396543,-0.9888974776678614,2.9817536521975683,0.00033003460821861023,-1.509050194417135,-2.0353272596942347,-1.6694749037372034,-1.0078237692462366,1.5708705186843872,-0.5787227789508265,0
205,1788170772.5605185,-0.07085744109193547,-0.6221864959376332,0.02835971287544653,-0.9861309369646851,2.9826292779190537,0.0004861987760888169,-1.509026352559225,-2.039119068776266,-1.672579590474264,-1.001033131276266,1.5708825588226318,-0.5768516699420374,0
206,1788170772.603104,-0.07088742159707172,-0.6221921367205534,0.026155484572553928,-0.983785244578798,2.9834583204707674,0.0004008000727249318,-1.5090621153460901,-2.0419376532184046,-1.6748212019549769,-0.9959071318255823,1.5708465576171875,-0.5753038565265101,0
207,1788170772.641477,-0.07087130116201401,-0.6222146265496515,0.024611457939432646,-0.98208937025944,2.9840315385240737,0.00031903924431748754,-1.50903827348818,-2.0439537207232874,-1.6763318220721644,-0.9923265616046351,1.5708465576171875,-0.5741403738604944,0
208,1788170772.6832483,-0.07087522508224357,-0.6222257419033094,0.023970615979890503,-0.9806835026245045,2.9845228524427756,7.955189506279788e-05,-1.509050194417135,-2.0447571913348597,-1.6770508925067347,-0.9906495253192347,1.5708585977554321,-0.5732043425189417,0
209,1788170772.7231522,-0.07087401833342331,-0.6222757521662897,0.02394523266564544,-0.9806764472244487,2.984561319326851,-0.00027562395588609707,-1.5090621153460901,-2.044816795979635,-1.6770990530597132,-0.9903143087970179,1.5708825588226318,-0.5732043425189417,0
210,1788170772.7642252,-0.07085618406831933,-0.6222954358476676,0.02396790378186439,-0.9807593529141154,2.984571292210792,-0.0003392960721091087,-1.509026352559225,-2.04480487505068,-1.6770628134356897,-0.9903143087970179,1.5708585977554321,-0.573216740285055,0
211,1788170772.8027482,-0.07085142109232292,-0.6222931121701106,0.023990438567161515,0.980797681122963,-2.984563174973281,0.0003337880611675339,-1.5090139547931116,-2.0447691122638147,-1.6770508925067347,-0.9903624693499964,1.5708465576171875,-0.5732291380511683,0
212,1788170772.8402476,-0.07084509279886171,-0.622276339647561,0.023781465846504812,-0.9807925377446344,2.98454993347148,-0.0002047980468128602,-1.5090020338641565,-2.0450332800494593,-1.6772430578814905,-0.9899910132037562,1.5708465576171875,-0.573216740285055,0
213,1788170772.8802857,-0.07088186291435611,-0.6221488433915836,0.022676945670482063,-0.9806713432439982,2.9844211382660593,0.0005337774282368417,-1.5090621153460901,-2.046389404927389,-1.6783102194415491,-0.9880631605731409,1.5708825588226318,-0.5732291380511683,0
214,1788170772.9213614,-0.07087512982110572,-0.6222272827194528,0.02101878471640417,-0.979980614439418,2.9847350851262116,0.00018610755070000673,-1.509050194417135,-2.0486324469195765,-1.6798680464373987,-0.9840272108661097,1.5708585977554321,-0.5727370421039026,0
215,1788170772.9619517,-0.07086597044555641,-0.6222122000766154,0.018569657792519845,-0.9789184547838079,2.9850631600984463,0.00022926857979009547,-1.50903827348818,-2.051835838948385,-1.6822417418109339,-0.9784815947162073,1.5708705186843872,-0.5720174948321741,0
216,1788170773.0029898,-0.07088625130028436,-0.6221224026116879,0.016014440707408317,-0.9785353233333666,2.98510389675941,0.0007148571448751743,-1.5090621153460901,-2.0551589171039026,-1.6846750418292444,-0.9730446974383753,1.5708705186843872,-0.5718014875995081,0
217,1788170773.0446336,-0.07087270668280639,-0.6222059622729417,0.014280291702592984,-0.9786673300658449,2.9852059439303473,0.00025667574417413024,-1.509026352559225,-2.0575345198260706,-1.686293903981344,-0.9687331358539026,1.5708105564117432,-0.5718253294574183,0
218,1788170773.0851176,-0.07084596781787907,-0.6222926676861243,0.013316917343597162,-0.9786798805100272,2.9852417768358044,-0.00034545917217276395,-1.5090139547931116,-2.058877770100729,-1.6872170607196253,-0.9660862127887171,1.5708705186843872,-0.5718134085284632,0
219,1788170773.125893,-0.07087157359381419,-0.6223293492910922,0.013179124653260682,0.9786549110764303,-2.9852281197468025,0.0005541197233651571,-1.509050194417135,-2.059093777333395,-1.6873367468463343,-0.965606991444723,1.5708465576171875,-0.5718372503863733,0
220,1788170773.1650844,-0.07085322011984936,-0.6223433584129044,0.013185570247119721,0.9786931940929235,-2.985224665107939,0.0005770126792064041,-1.509026352559225,-2.05910569826235,-1.687300984059469,-0.965618912373678,1.5708585977554321,-0.5718372503863733,0
221,1788170773.2049153,-0.07086421323781551,-0.622359751364589,0.01323089753238868,0.9786171431135305,-2.985233088718517,0.0007455331417541023,-1.509050194417135,-2.0590460936175745,-1.6872885862933558,-0.9655831495868128,1.5708705186843872,-0.5718134085284632,0
222,1788170773.2475855,-0.07085244444879754,-0.6223558998505161,0.0132311563582867,0.9786697768178467,-2.9852133327368984,0.0006857261709484451,-1.509026352559225,-2.0590460936175745,-1.6872771422015589,-0.9656308333026331,1.5708585977554321,-0.5718253294574183,0
223,1788170773.289362,-0.07085179769680724,-0.6223222694280584,0.01319929222999569,0.9785744149887967,-2.985285514945317,0.0005259327420469766,-1.509026352559225,-2.0590580145465296,-1.6873248259173792,-0.9656794706927698,1.5708705186843872,-0.5717533270465296,0
224,1788170773.3316243,-0.07087176675977659,-0.6223262248781684,0.013173186050378233,0.9784128923220158,-2.9853362359847853,0.0003896007549586759,-1.509050194417135,-2.0591300169574183,-1.6872647444354456,-0.9657509962665003,1.5708465576171875,-0.5716694037066858,0
225,1788170773.3719656,-0.07085285980802222,-0.6223050966827788,0.013193517387474901,-0.9782136709305782,2.985394545118726,-0.00034545481980253237,-1.509026352559225,-2.0590699354754847,-1.6872885862933558,-0.9658225218402308,1.5708705186843872,-0.5715134779559534,0
226,1788170773.4131126,-0.07087969177908987,-0.6222726347566037,0.013181011182661295,-0.9782246860146213,2.9853680524384707,-0.00013996226122020406,-1.5090621153460901,-2.0590699354754847,-1.6872885862933558,-0.965954605733053,1.5708585977554321,-0.5715611616717737,0
227,1788170773.455742,-0.07085590709635357,-0.6222863079867551,0.01318745701850721,-0.9782148116466444,2.985337907795132,-0.00017229027911858913,-1.50903827348818,-2.0590818564044397,-1.6872528235064905,-0.9659665266620081,1.570894479751587,-0.5715373198138636,0
228,1788170773.497161,-0.07085594223265021,-0.6222412028849137,0.013082301470130286,-0.9781830112012132,2.9853010264177304,2.371089080717772e-05,-1.50903827348818,-2.0591777006732386,-1.6873849073993128,-0.9658706823932093,1.5709065198898315,-0.5715253988849085,0
229,1788170773.5371592,-0.07087376354830852,-0.6222052773914734,0.012699769759489582,-0.9781106193956701,2.985323063231541,0.0002575815875247933,-1.509050194417135,-2.059669796620504,-1.6877320448504847,-0.9651759306537073,1.5708705186843872,-0.5714891592608851,0
230,1788170773.577784,-0.0708706924899524,-0.6220608563892202,0.011275965026346146,-0.9781583211460817,2.9851656511952203,0.0011428710371555878,-1.509026352559225,-2.061493221913473,-1.6890271345721644,-0.9626367727862757,1.5708585977554321,-0.5715253988849085,0
231,1788170773.6186244,-0.07086979983472465,-0.6220752892808626,0.009929071798950528,-0.9781430069168641,2.9851790413681196,0.0010950420859869277,-1.509026352559225,-2.06334096590151,-1.690225903187887,-0.9595587889300745,1.5708585977554321,-0.5715134779559534,0
232,1788170773.6597817,-0.07087479240422302,-0.6222027043168982,0.009677532717069115,-0.9782347905857806,2.985338777848488,0.00015877158911592595,-1.50903827348818,-2.0637367407428187,-1.6905491987811487,-0.9582174460040491,1.5708345174789429,-0.5715492407428187,0
233,1788170773.701452,-0.07086807806692627,-0.6222526931953073,0.00974702207479089,-0.9781950275654794,2.9853376830205627,-5.957480430505027e-05,-1.509050194417135,-2.0637009779559534,-1.6904295126544397,-0.9582417646991175,1.5708825588226318,-0.5715373198138636,0
234,1788170773.7413192,-0.070872430030791,-0.622226846706175,0.009729896895581125,-0.9781771525565455,2.985343275611306,1.694921819348655e-05,-1.509050194417135,-2.06368858018984,-1.6904891172992151,-0.9582417646991175,1.5708705186843872,-0.5715253988849085,0
235,1788170773.7831054,-0.070884649563561,-0.6222369823202043,0.009718584665787344,-0.9781302409768168,2.9853829194955286,2.716449994631587e-05,-1.5090621153460901,-2.0637248198138636,-1.690465275441305,-0.9582298437701624,1.5708465576171875,-0.5715010801898401,0
236,1788170773.8210692,-0.07086362811605061,-0.6222500793309617,0.009735844493909074,-0.9782155128093126,2.9853400684529294,-3.668578620625097e-05,-1.50903827348818,-2.0637128988849085,-1.6904414335833948,-0.9582298437701624,1.5708705186843872,-0.5715373198138636,0
237,1788170773.8587687,-0.07087340799484619,-0.6222551328069421,0.00975666917268439,-0.9781519724479232,2.985389091799098,-0.00012401407245031128,-1.509050194417135,-2.063676659260885,-1.69045335451235,-0.958193604146139,1.5708585977554321,-0.5715010801898401,0
238,1788170773.8995676,-0.07086634447570406,-0.6222502473016516,0.009735844308213448,-0.9781472163092078,2.9853745852418334,-3.196239026792484e-05,-1.50903827348818,-2.0637128988849085,-1.6904414335833948,-0.9582298437701624,1.5708585977554321,-0.5714891592608851,1
239,1788170773.9394453,-0.07086501241854183,-0.622241751231756,0.009727937673354697,-0.9782807169240936,2.985358652533551,-4.127308195151475e-05,-1.509026352559225,-2.0637009779559534,-1.6904891172992151,-0.9581816832171839,1.5708345174789429,-0.5715611616717737,1
240,1788170773.97996,-0.0708551450565123,-0.622268147630855,0.009720840834728739,-0.9782052466063633,2.985368855140397,-0.000182370280056914,-1.509026352559225,-2.0637367407428187,-1.6904776732074183,-0.95807391801943,1.5708705186843872,-0.5715134779559534,1
241,1788170774.020678,-0.07085541015127748,-0.6222943443866635,0.009732219139826581,-0.9781533703050345,2.985393313753586,-0.00037451128013892075,-1.50903827348818,-2.0637367407428187,-1.6904776732074183,-0.9579537550555628,1.570894479751587,-0.5714891592608851,1
242,1788170774.0620673,-0.070857354095407,-0.6222765182171988,0.009697951215448614,-0.9782116833318374,2.9853884966228375,-0.00023273614381270365,-1.509026352559225,-2.063772503529684,-1.6905015150653284,-0.9579780737506312,1.5708585977554321,-0.5715134779559534,1
243,1788170774.1012962,-0.07087465950857627,-0.6222794353516203,0.009671680749965716,-0.9781246899946414,2.985426098719542,-0.00020984803961230663,-1.509050194417135,-2.0638206640826624,-1.6905015150653284,-0.9579418341266077,1.5708465576171875,-0.57147723833193,1
244,1788170774.141509,-0.07085364665102743,-0.6222923745998746,0.009667719805180358,-0.9782080550076544,2.985377419360978,-0.0002367314695283193,-1.509026352559225,-2.0638449827777308,-1.6904776732074183,-0.9579299131976526,1.5708705186843872,-0.5715134779559534,1
245,1788170774.18305,-0.0708588777040557,-0.622296412056884,0.009676494303706346,-0.9781808805437618,2.9854171708549173,-0.0002642098584082465,-1.509026352559225,-2.0638325850116175,-1.6904776732074183,-0.9579179922686976,1.5708465576171875,-0.5714891592608851,1
246,1788170774.2239263,-0.0708429505890523,-0.6222969225419885,0.00967395129605697,-0.9781716841117206,2.985386680521133,-0.0002965834087838663,-1.5090139547931116,-2.0638325850116175,-1.6904891172992151,-0.9578946272479456,1.5708825588226318,-0.57147723833193,1
247,1788170774.2638037,-0.07086206875120993,-0.6222752968003336,0.00965555471187829,-0.9781324212876632,2.985389553558992,-0.000164249002258194,-1.50903827348818,-2.0638449827777308,-1.6905015150653284,-0.9579537550555628,1.5708705186843872,-0.57147723833193,1
248,1788170774.3058197,-0.07086616634954236,-0.6222976647825023,0.009778808445485732,-0.9781984518913722,2.985408255456572,-0.0002460894410545868,-1.50903827348818,-2.0637009779559534,-1.6903694311725062,-0.9581697622882288,1.5708465576171875,-0.5715134779559534,1
249,1788170774.3466349,-0.07085472988683346,-0.6223634760434376,0.010723953665786379,0.9782219229780644,-2.9853595824989423,0.0006142873336425629,-1.509026352559225,-2.062465492879049,-1.6895063559161585,-0.9600260893451136,1.5708465576171875,-0.5715253988849085,1
250,1788170774.3866315,-0.07085360257805434,-0.6222930872030257,0.01246138120413462,-0.9782087664198483,2.9853795888251304,-0.0002505030382237132,-1.509026352559225,-2.0600536505328577,-1.6879480520831507,-0.9642418066607874,1.5708705186843872,-0.5715134779559534,1
251,1788170774.428634,-0.07086093986056613,-0.6222935528190591,0.015096622138921989,-0.978169358289435,2.9853820053757554,-0.00019034322073038546,-1.50903827348818,-2.056526486073629,-1.6854785124408167,-0.9702780882464808,1.5708705186843872,-0.5715010801898401,1
252,1788170774.4696946,-0.07086334846315409,-0.6222546018027034,0.018419610222557614,-0.9781607819486067,2.9853558507443707,-2.4362137489358655e-05,-1.50903827348818,-2.052063767110006,-1.6823857466327112,-0.9779427687274378,1.5708705186843872,-0.5715010801898401,1
253,1788170774.5114431,-0.07085722543692127,-0.6222785984739646,0.022347778388869838,-0.978189732451811,2.9853840539675973,-0.0001660525261756382,-1.509026352559225,-2.0469167868243616,-1.6786096731769007,-0.9867695013629358,1.5708585977554321,-0.5715010801898401,1
254,1788170774.5542235,-0.07087698739221024,-0.6222722731328458,0.025564012555331084,-0.9781373646889199,2.9854046296724657,-0.0002599263023927372,-1.5090621153460901,-2.042717758809225,-1.675504509602682,-0.9940150419818323,1.5708705186843872,-0.5715010801898401,1
255,1788170774.5949802,-0.07087277995296254,-0.6222211868625586,0.02874546518664453,-0.9780884441223741,2.9853756298012977,-1.8918791590160135e-06,-1.509050194417135,-2.038590733204977,-1.6723397413836878,-1.0014765898333948,1.5708705186843872,-0.5714653174029749,1
256,1788170774.6361766,-0.0708729537696611,-0.6223070253419171,0.03202324721920924,0.9781390572686989,-2.985409785511197,0.0004823764647932507,-1.509050194417135,-2.034499470387594,-1.668983284627096,-1.0086019674884241,1.5708465576171875,-0.5714891592608851,1
257,1788170774.6780095,-0.07086750970954547,-0.6222314036567058,0.03513466797570605,-0.9781029758831515,2.9853598554427068,0.00013546802894670197,-1.50903827348818,-2.03058892885317,-1.6656506697284144,-1.016254727040426,1.5708585977554321,-0.5714653174029749,1
258,1788170774.7166944,-0.07088789709515787,-0.622273111215894,0.03904504951190413,0.9781460618735601,-2.9854311949361896,0.00019746028451047158,-1.5090621153460901,-2.0257657209979456,-1.6615508238421839,-1.0249493757831019,1.5708225965499878,-0.5715010801898401,1
259,1788170774.756806,-0.07084456870882432,-0.6223152847241121,0.041649010411561244,0.9782138664720083,-2.9853951136255232,0.0005752210592418021,-1.5090139547931116,-2.0225866476642054,-1.6588056723224085,-1.030637566243307,1.5708705186843872,-0.5715010801898401,1
260,1788170774.798434,-0.07086660910116435,-0.6222905048839209,0.044798495561721774,-0.9781428585833137,2.9854214096999665,-0.00021709609992679965,-1.50903827348818,-2.0188196341144007,-1.6552332083331507,-1.0382064024554651,1.5708465576171875,-0.57147723833193,1
261,1788170774.8374546,-0.07090389050448609,-0.6222691366445077,0.047989878767977556,-0.9781082303544673,2.9853734612370024,-0.00010161651505083012,-1.5091097990619105,-2.0150163809405726,-1.6516488234149378,-1.0456793943988245,1.5708825588226318,-0.5715373198138636,1
262,1788170774.8755045,-0.07107222817103309,-0.6223506153494713,0.0512415891901466,0.9781215182552578,-2.9854139529617436,0.0006397115865868388,-1.50938588777651,-2.0112736860858362,-1.6479328314410608,-1.0527809301959437,1.5708705186843872,-0.5718134085284632,1
263,1788170774.9129832,-0.07151515494541628,-0.6222981759706451,0.05437906002957438,-0.9778147988005209,2.9855026679235004,-0.00014146921442747737,-1.5100930372821253,-2.0077465216266077,-1.6440489927874964,-1.060516659413473,1.5708585977554321,-0.5723174254046839,1
264,1788170774.9539924,-0.07188393046152597,-0.6223757750418331,0.05756544948448203,-0.9777361656950201,2.9855657854213233,-0.00027944420227050097,-1.5106928984271448,-2.004315201436178,-1.6400092283831995,-1.0678938070880335,1.5708465576171875,-0.5728572050677698,1
265,1788170774.995773,-0.07226246973333433,-0.6223637635358504,0.06075353977525319,-0.9776563793211049,2.9855628325487693,-0.00011355593524880717,-1.5113042036639612,-2.0008237997638147,-1.636017147694723,-1.0754864851581019,1.5708465576171875,-0.5734208265887659,1
266,1788170775.0381784,-0.07245083131856836,-0.6223771193065359,0.06402523640794094,-0.977752207501024,2.9854920299368475,-0.00018560653517112023,-1.5116279760943812,-1.997248951588766,-1.631965462361471,-1.0830782095538538,1.570894479751587,-0.5738166014300745,1
267,1788170775.0797477,-0.07256201707346661,-0.6224416670704579,0.06781497842631024,0.9779161250050513,-2.9855088144131265,0.00033015552994327665,-1.5117962996112269,-1.9932177702533167,-1.6271465460406702,-1.09182054201235,1.5708465576171875,-0.574080769215719,1
268,1788170775.120957,-0.07273275430528622,-0.6223886266774563,0.07103820014907372,-0.9781525073409196,2.985381106724015,-7.859455271904444e-05,-1.5120719114886683,-1.9897387663470667,-1.62307054201235,-1.0995443503009241,1.5708585977554321,-0.5745247046100062,1
269,1788170775.1621475,-0.07292595288330316,-0.6223442800500905,0.07428976786666075,-0.9782960744381449,2.985335771533072,5.9938675631104666e-05,-1.5123713652240198,-1.9862712065326136,-1.6189349333392542,-1.107232395802633,1.5708345174789429,-0.5749200026141565,1
270,1788170775.2032127,-0.07309430280263861,-0.6223688712738548,0.07743667087833572,-0.9783617153440934,2.985293146598416,-4.216114259149636e-05,-1.5126593748675745,-1.983056370412008,-1.6147754828082483,-1.1145489851581019,1.5708705186843872,-0.5752561728106897,1
271,1788170775.2439547,-0.07330186510467028,-0.6223252900431409,0.08060988845823852,-0.9779877681983943,2.9853642642065403,0.0001738108999820793,-1.5129955450641077,-1.9798052946673792,-1.6105559507953089,-1.1221650282489222,1.5708825588226318,-0.5753520170794886,1
272,1788170775.2843437,-0.07343670953336326,-0.622344815012143,0.08383603164345083,-0.9774613150188106,2.9855712669156578,5.26618563645738e-05,-1.5132110754596155,-1.9765780607806605,-1.6062281767474573,-1.1296370665179651,1.5708705186843872,-0.5752080122577112,1
273,1788170775.3267753,-0.073635482885149,-0.6223736125467816,0.08710034399719077,-0.9765595968387231,2.98590793264868,-0.00018193339145709488,-1.5135353247271937,-1.9733746687518519,-1.6017926375018519,-1.1371215025531214,1.5708705186843872,-0.5749200026141565,1
274,1788170775.369792,-0.07381935443363968,-0.6223470452107916,0.09080263307766867,-0.9750133835500054,2.9863268947076085,0.00023104133057962108,-1.5138347784625452,-1.9698479811297815,-1.5965059439288538,-1.146210018788473,1.5708825588226318,-0.5742009321795862,1
275,1788170775.4115975,-0.07397022807473698,-0.6224460110961967,0.0940377970372468,-0.9725791678635279,2.9872501477112974,-0.0002801818541149507,-1.5140746275531214,-1.9668481985675257,-1.5919392744647425,-1.1534302870379847,1.5708465576171875,-0.5727852026568812,1
276,1788170775.4528978,-0.07414685586618794,-0.6223744199151956,0.09723129816768816,-0.9697814001757888,2.98809007018959,-3.4065611349003485e-05,-1.514362637196676,-1.9637888113604944,-1.5874550978290003,-1.1611421743976038,1.5708705186843872,-0.5712140242206019,1
277,1788170775.4957187,-0.0742991039439383,-0.6223522018081624,0.10044756565943666,-0.9656552843565027,2.989415279063,0.00010122437100569132,-1.5146024862872522,-1.9608257452594202,-1.5828045050250452,-1.1688416639911097,1.5708585977554321,-0.5686948935138147,1
278,1788170775.53722,-0.07449160521356928,-0.6223673317252522,0.10423787581069674,-0.9593187804748536,2.991497857762953,7.872185486984232e-05,-1.5149019400226038,-1.9574430624591272,-1.5772183577166956,-1.1777861754046839,1.5708225965499878,-0.5647481123553675,1
279,1788170775.5800412,-0.07464851993522746,-0.6223290549224494,0.10742044566753725,-0.9528913809118449,2.993483269737534,0.00024819176740074623,-1.5151656309710901,-1.9546111265765589,-1.5724952856646937,-1.1854618231402796,1.5708585977554321,-0.5607293287860315,1
280,1788170775.6216722,-0.07482105706815374,-0.6223792059813892,0.1103894146102565,-0.9448018394251336,2.9960867241506257,-6.155708447954072e-05,-1.5154536406146448,-1.952080551777975,-1.568023983632223,-1.1922629515277308,1.5708705186843872,-0.5556071440326136,1
281,1788170775.6641836,-0.07500901984000224,-0.6223826920273369,0.11345319472903687,-0.9335572001621458,2.999648769767922,-0.00021932268057020106,-1.5157535711871546,-1.9494527021991175,-1.56342059770693,-1.1993873755084437,1.5708585977554321,-0.5483978430377405,1
282,1788170775.7058036,-0.07521365763924492,-0.6223169401511219,0.11540509099226565,-0.9233670901155868,3.0027299398742504,0.0004428377766689986,-1.5160654226886194,-1.9478815237628382,-1.5602200667010706,-1.2045844236956995,1.5708225965499878,-0.5419324080096644,1
283,1788170775.7450838,-0.07533746283988464,-0.6223790859069508,0.11712651959594123,-0.911796223359069,3.006255941825102,0.00010161675309339122,-1.5162933508502405,-1.9465253988849085,-1.5575111548053187,-1.20844012895693,1.5708825588226318,-0.534459416066305,1
284,1788170775.7852232,-0.07552277661671683,-0.6224022541910408,0.1182402664441494,-0.8994089164505353,3.0100768933005755,1.3650542213756912e-05,-1.5165684858905237,-1.9456623236285608,-1.5557249228106897,-1.2110140959369105,1.5708105564117432,-0.5264819304095667,1
285,1788170775.825866,-0.07565359431524071,-0.6224425076842591,0.11845046582306482,-0.8875822663956318,3.0135433117146153,3.643552112155264e-05,-1.516796890889303,-1.9456260840045374,-1.5551980177508753,-1.2116006056415003,1.5708465576171875,-0.5188644568072718,1
286,1788170775.8647265,-0.07582144314927187,-0.6224959367084442,0.11854770515357874,-0.8752883774796681,3.0171568084453044,-9.088838437264567e-05,-1.5170729796039026,-1.945674244557516,-1.5548861662494105,-1.211780850087301,1.5708465576171875,-0.5109828154193323,1
287,1788170775.9031506,-0.07601288881310402,-0.6225522590322109,0.11860286260988889,-0.8630092416468407,3.0206814961795425,-0.00019178443083823506,-1.5173962751971644,-1.9457820097552698,-1.5545981566058558,-1.21190053621401,1.5708705186843872,-0.5031731764422815,1
288,1788170775.9438474,-0.07621821209957202,-0.6227042884975437,0.11864022686075615,0.8512909271551338,-3.0240483735514196,0.0004032071427447686,-1.5177324453936976,-1.9460814634906214,-1.5541070143329065,-1.2119486967669886,1.5708465576171875,-0.4957473913775843,1
289,1788170775.9971821,-0.07654811875917127,-0.6229214271670769,0.11866011322672651,-0.8390585483115528,3.0274666125315703,-0.0003301082791948581,-1.5182841459857386,-1.9466574827777308,-1.5532200972186487,-1.2123072783099573,1.5708465576171875,-0.4882133642779749,1
290,1788170776.0389185,-0.07719485989788363,-0.6233260923321496,0.11862350087059664,-0.8246215926463782,3.031387773598843,-3.585300653931118e-05,-1.519362751637594,-1.9478452841388147,-1.551577393208639,-1.2129538694964808,1.5708465576171875,-0.47976810136903936,1
291,1788170776.080835,-0.07800599776728051,-0.6239167491071862,0.11862953693006464,-0.8099081790798442,3.0353039575702168,-0.0001461188352516671,-1.5207422415362757,-1.9493568579303187,-1.5494197050677698,-1.2135408560382288,1.5709065198898315,-0.4714544455157679,1
292,1788170776.1203167,-0.07936176160395872,-0.6247750913908955,0.11868106566463532,0.7975614085189373,-3.0386569354537305,0.0004560551264065218,-1.52297288576235,-1.9515045324908655,-1.5462668577777308,-1.2143314520465296,1.5708465576171875,-0.4655402342425745,1
293,1788170776.1629126,-0.08095468468238744,-0.6258265595312592,0.11865927271190588,-0.7856930924773642,3.041751240645804,-0.0005180699414043077,-1.5256231466876429,-1.9542997519122522,-1.542335335408346,-1.2154324690448206,1.5708705186843872,-0.4603822867022913,1
294,1788170776.2047524,-0.08255589789147735,-0.6267243916354583,0.11853546699205492,-0.7738475435569003,3.044711118626924,0.00021030976254707078,-1.5282490889178675,-1.9570587317096155,-1.5385955015765589,-1.216882054005758,1.5708465576171875,-0.4552353064166468,1
295,1788170776.2444077,-0.0841319826618108,-0.6276832190497195,0.11856065367105645,-0.7616224648361936,3.047784848789085,0.0002654855239308202,-1.5308392683612269,-1.9596503416644495,-1.53479510942568,-1.2181265989886683,1.5708465576171875,-0.44980031648744756,1
296,1788170776.2861278,-0.08575167582989464,-0.6286775196897809,0.11862556056544557,-0.7490224905835456,3.0509091466803397,5.708884570157164e-05,-1.533501450215475,-1.9622414747821253,-1.5309236685382288,-1.219276253377096,1.5708705186843872,-0.44419795671571904,1
297,1788170776.3276699,-0.08771963967942148,-0.629854467944343,0.11866994081729543,-0.7346502898471715,3.0544044654449922,-5.657515921751454e-05,-1.5367158094989222,-1.9653967062579554,-1.5262721220599573,-1.220701042805807,1.5708825588226318,-0.437995735798971,1
298,1788170776.3693764,-0.0892878646990465,-0.6308359801905075,0.11851425645520819,-0.7226786100573661,3.0572435499640584,0.0002490916596539259,-1.539257828389303,-1.968276325856344,-1.5224841276751917,-1.2218030134784144,1.5708585977554321,-0.4327047506915491,1
299,1788170776.410101,-0.09092179544305687,-0.631805277266761,0.118567104100711,-0.7098331432599259,3.060237265211889,0.0002647101358263262,-1.541908089314596,-1.9709156195269983,-1.5185168425189417,-1.2231434027301233,1.5708705186843872,-0.42695790926088506,1
300,1788170776.45118,-0.0924405766036858,-0.6326696117015072,0.11849883992086313,-0.6978450715164616,3.0629184364537894,0.0006467970968904603,-1.5443666617022913,-1.973494831715719,-1.5148966948138636,-1.2244370619403284,1.570894479751587,-0.4215958754168909,1
301,1788170776.4931877,-0.09409246179334584,-0.6334410196170921,0.11855259850465136,-0.685813015208676,3.0656618220877467,0.00044442118117384537,-1.547016445790426,-1.9756539503680628,-1.5116484800921839,-1.2253945509540003,1.570894479751587,-0.4163888136493128,1
302,1788170776.5344722,-0.09597526079701206,-0.6344076507060536,0.1185882840727086,-0.6709770852430265,3.0689957040760523,0.00013617597605291293,-1.5500262419330042,-1.9783175627337855,-1.507728401814596,-1.2264483610736292,1.5708825588226318,-0.4097178618060511,1
303,1788170776.576961,-0.0976192578691157,-0.6350952013445994,0.11848479246343269,-0.6583774344641566,3.0717022911821243,0.00040100070415781375,-1.552640740071432,-1.9805610815631312,-1.5046957174884241,-1.2274068037616175,1.5708705186843872,-0.40412789980043584,1
304,1788170776.6172476,-0.09916447462257494,-0.6357147098799024,0.11857401981347657,-0.6463550151954452,3.0743186870531023,9.375168194208949e-05,-1.555086914693014,-1.9823125044452112,-1.5019505659686487,-1.2281964460956019,1.5708465576171875,-0.39874107042421514,1
305,1788170776.6603544,-0.1007637357350376,-0.6363147264290637,0.11856440476942098,-0.6344221032083421,3.076816205266612,-0.00020743010078713242,-1.557629410420553,-1.98413592973818,-1.4993613401996058,-1.2287715117083948,1.5708705186843872,-0.39352208772768194,1
306,1788170776.703158,-0.10236783784759455,-0.6368318176784533,0.11855851454502106,-0.6219937813104418,3.079336721591772,1.9856639772434876e-05,-1.5601595083819788,-1.9859240690814417,-1.4967244307147425,-1.2297652403460901,1.5708585977554321,-0.3879788557635706,1
307,1788170776.7470412,-0.1042618717303565,-0.6374457579004292,0.11862496547788365,-0.6069515097697679,3.0823300664876645,7.598632099370877e-05,-1.5631454626666468,-1.987939182912008,-1.4935839811908167,-1.230926815663473,1.5708585977554321,-0.3812006155597132,1
308,1788170776.7885559,-0.10595169624872658,-0.6379835717315757,0.11864403899150106,-0.5947650093880026,3.0847107872778703,-7.455005799104356e-05,-1.5658076445208948,-1.9897025267230433,-1.4909709135638636,-1.2316811720477503,1.5708705186843872,-0.3759577910052698,1
309,1788170776.8302424,-0.10755418680603647,-0.638358766998488,0.11853297086540882,-0.5825124921685004,3.087054037781718,8.049709424904439e-05,-1.5683139006244105,-1.9912622610675257,-1.4889567534076136,-1.2322314421283167,1.5708465576171875,-0.3705223242389124,1
310,1788170776.8708136,-0.10948781278697951,-0.6386159117405816,0.11857864526553971,-0.5670835668004003,3.0899333236581934,-8.848024844482989e-05,-1.5713475386248987,-1.992485825215475,-1.4870627562152308,-1.2327945868121546,1.5708585977554321,-0.3635638395892542,1
311,1788170776.9095185,-0.11075214041829821,-0.6387150919416082,0.11855956083490735,-0.5572943974514132,3.091709360572549,-5.080535079435038e-05,-1.5733264128314417,-1.9932177702533167,-1.4860318342791956,-1.2331178824054163,1.5708585977554321,-0.35920888582338506,1
312,1788170776.9476988,-0.1123082432143055,-0.6388349453738048,0.1185947786403379,-0.5455133559367875,3.093796601556507,6.1337343498707e-05,-1.5757601896869105,-1.9940937201129358,-1.4846294561969202,-1.2337167898761194,1.5708585977554321,-0.3540256659137171,1
313,1788170776.9881482,-0.11396340256499861,-0.6389730990859628,0.11859189991737026,-0.5328887697547755,3.095990670628964,2.8990344911521783e-06,-1.578350845967428,-1.9950416723834437,-1.483250919972555,-1.2341116110431116,1.5708705186843872,-0.3484585920916956,1
314,1788170777.0289555,-0.11549205552636757,-0.6391348754546787,0.1185600012217875,-0.5203709347556266,3.098133990635814,-0.00012520857470918223,-1.5807369391070765,-1.9960015455829065,-1.4819443861590784,-1.234375301991598,1.5708705186843872,-0.34275943437685186,1
315,1788170777.0717602,-0.11713242280164465,-0.6392705104367395,0.11858881907759733,-0.507938434937591,3.1002211062546223,-0.00023392319276463005,-1.5832913557635706,-1.9969127813922327,-1.480542008076803,-1.2347939650165003,1.5708585977554321,-0.3372882048236292,1
316,1788170777.1145265,-0.11901550874477403,-0.6394420695690639,0.1185710750761487,-0.4934154662221669,3.1025955424391016,-0.00028190518591148796,-1.5862167517291468,-1.9980648199664515,-1.4788997809039515,-1.235248867665426,1.5708345174789429,-0.3308451811419886,1
317,1788170777.1556406,-0.12061223067572654,-0.6395850053926576,0.11863021147277533,-0.4806647536130539,3.1045929095234195,-0.0004743230194962367,-1.5887106100665491,-1.9989522139178675,-1.4774611631976526,-1.2356799284564417,1.5708585977554321,-0.3251226584063929,1
318,1788170777.196985,-0.12221869976515554,-0.6397112042546411,0.11867210014038446,0.467905050821431,-3.106541979212005,0.0005626370422356793,-1.5912049452411097,-1.9998520056353968,-1.4760344664203089,-1.236147705708639,1.5708465576171875,-0.31939965883363897,1
319,1788170777.2384045,-0.12407155841230602,-0.6398787736134565,0.11864046845230125,-0.4535472059910292,3.108636486394088,-6.125947974012915e-05,-1.5940831343280237,-2.001183811818258,-1.4740689436541956,-1.2371051947223108,1.5708465576171875,-0.3130405584918421,1
320,1788170777.2794888,-0.12576701789691425,-0.6400562293617694,0.11863212989688979,-0.4409511745396323,3.110410199164574,6.258701636927829e-05,-1.5967214743243616,-2.002359692250387,-1.4723308722125452,-1.237751309071676,1.5708705186843872,-0.3075807730304163,1
321,1788170777.3190818,-0.12736538953845192,-0.640274733898014,0.11860605284695167,-0.4280573450468095,3.1122167867881387,0.00012202945763952711,-1.5991914908038538,-2.0035832563983362,-1.4705808798419397,-1.2383139769183558,1.5708585977554321,-0.3017619291888636,1
322,1788170777.3589752,-0.12895361480311426,-0.6405260319152399,0.11857758362849752,-0.4158073619120228,3.1138671625397487,0.00010215877773750888,-1.601649586354391,-2.004866902028219,-1.4687588850604456,-1.2388413588153284,1.5708705186843872,-0.2963507811175745,1
323,1788170777.4010048,-0.1305702618316218,-0.6407828193264956,0.11858992678389979,-0.40385289161620525,3.1154558495285634,-4.623035156358097e-05,-1.6041439215289515,-2.0061143080340784,-1.466900650654928,-1.2393563429461878,1.5708705186843872,-0.29116756120790654,1
324,1788170777.4417512,-0.13211720156493637,-0.6410448374040573,0.11857147578447377,-0.39120217633255944,3.1170991940310997,-9.547945404981611e-05,-1.6065180937396448,-2.0073979536639612,-1.4650548140155237,-1.239882771168844,1.5708465576171875,-0.2854202429400843,1
325,1788170777.48428,-0.13377856291170673,-0.6412104078532705,0.11855917542593072,-0.3782350875189506,3.1186449172500095,0.00031207889002283216,-1.609084431325094,-2.008658234273092,-1.4631488958941858,-1.2407930533038538,1.5708585977554321,-0.279672924672262,1
326,1788170777.5248885,-0.13530566596525093,-0.6414835559178682,0.11854208527477927,-0.3660685534221328,3.120050890252525,0.0002827476799957878,-1.6114462057696741,-2.009989563618795,-1.4612191359149378,-1.2413800398456019,1.5709065198898315,-0.2742374579059046,1
327,1788170777.5677574,-0.1372994465114812,-0.6418049335914398,0.11858465156944031,-0.35109972017585933,3.121836874382464,-6.2869031888292825e-06,-1.6144922415362757,-2.0115249792682093,-1.4588692823993128,-1.242002312337057,1.5708705186843872,-0.26768619218935186,1
328,1788170777.6087034,-0.13885616277528298,-0.6420817394154461,0.11867007170592114,-0.33833190241086303,3.123294022362113,-0.00024012123953598115,-1.616866413746969,-2.0127490202533167,-1.4568560759173792,-1.2426369825946253,1.5708465576171875,-0.2618792692767542,1
329,1788170777.6489353,-0.1404194580052316,-0.6423439825876641,0.11871337747707075,0.32583519418175655,-3.124641419522162,0.000479272881895469,-1.6192525068866175,-2.013984505330221,-1.4549382368670862,-1.2431634108172815,1.5708345174789429,-0.256263558064596,1
330,1788170777.69112,-0.14202790185097103,-0.6425340955980966,0.11862853964423356,-0.3136248146984277,3.125830106308981,5.632466770832719e-05,-1.6217230002032679,-2.0154126326190394,-1.4529479185687464,-1.2440741697894495,1.5708585977554321,-0.2509239355670374,1
331,1788170777.7331011,-0.14361599131919778,-0.6427431144572535,0.11851110603262482,-0.30137714680003774,3.127003698298829,0.0005059083674679382,-1.6241448561297815,-2.0168760458575647,-1.4510062376605433,-1.2448399702655237,1.5708465576171875,-0.24551278749574834,1
332,1788170777.772922,-0.14525758450667137,-0.642993370233729,0.11849546682990653,-0.28830116939929745,3.128231866472072,0.0004307827723686097,-1.626650635396139,-2.0182436148272913,-1.4490168730365198,-1.2454150358783167,1.5708585977554321,-0.23965722719301397,1
333,1788170777.814357,-0.14687858888971833,-0.6431627605950496,0.11858437840653022,-0.2756903132360985,3.1293733012711944,0.00012618847756090998,-1.6291325728045862,-2.019287411366598,-1.447265926991598,-1.2459295431720179,1.5708825588226318,-0.2340777556048792,1
334,1788170777.8550234,-0.14853030202078227,-0.643363314867441,0.11861770697229512,-0.26108845296199185,3.1306887579566487,-0.00029354699760718414,-1.6316388289081019,-2.0204270521747034,-1.445540730153219,-1.2462413946734827,1.5708585977554321,-0.22725040117372686,1
335,1788170777.8975863,-0.1490974827447543,-0.6434235065405207,0.11861695131562822,-0.24807034948735152,3.131748302631849,-0.00031264175841672114,-1.6325023810016077,-2.0208471457110804,-1.4449170271502894,-1.2464326063739222,1.5708585977554321,-0.21979886690248662,1
336,1788170777.9354262,-0.14906485781047327,-0.6434460138079928,0.11865862270562821,0.23552077882705333,-3.1327487352142227,0.00047570683744932565,-1.632441822682516,-2.020798985158102,-1.444904629384176,-1.2463849226581019,1.5708345174789429,-0.2117236296283167,1
337,1788170777.975079,-0.14904474657301323,-0.6434311884453514,0.11862805053153255,-0.22355852752523547,3.1335355735291888,-0.00036176895368143503,-1.632441822682516,-2.02082330385317,-1.4449289480792444,-1.246420685444967,1.5709184408187866,-0.20409185091127569,1
338,1788170778.0154552,-0.14906767160599282,-0.6434125058656586,0.11863051008746064,-0.21066171676914253,3.1344607334153967,-0.00031754042100288576,-1.6324661413775843,-2.020798985158102,-1.4449527899371546,-1.2464445273028772,1.5708825588226318,-0.1958845297442835,1
339,1788170778.055796,-0.14906760024410068,-0.6434090215818048,0.11861236625879706,-0.19838283696313413,3.135290758515474,-0.00023431992173088092,-1.632453743611471,-2.02082330385317,-1.4449527899371546,-1.2464688459979456,1.5708465576171875,-0.18803722063173467,1
340,1788170778.0971844,-0.14909228490562218,-0.6434207247995163,0.11863945761013894,-0.18587159260431121,3.1360683716127515,-0.00038431632014168426,-1.6324904600726526,-2.020798985158102,-1.4449408690081995,-1.246408764516012,1.5708465576171875,-0.1800935904132288,1
341,1788170778.1390274,-0.14907102161436794,-0.6434221581366603,0.11861026146163914,-0.17305496642563148,3.136768492539497,-0.00027623087543217795,-1.6324661413775843,-2.0208471457110804,-1.4449289480792444,-1.2464445273028772,1.5708705186843872,-0.1718977133380335,1
342,1788170778.177489,-0.14908127306129376,-0.643418025687882,0.11862135908477722,-0.1608223282163724,3.1374333079747228,-0.000311002129254833,-1.6324780623065394,-2.02082330385317,-1.4449408690081995,-1.2464326063739222,1.5708585977554321,-0.16411048570741826,1
343,1788170778.218157,-0.1490689535478573,-0.6434332666919234,0.11863050073790926,-0.1480572436324484,3.1380395902455387,-0.00035280009657062206,-1.6324661413775843,-2.0208352247821253,-1.444904629384176,-1.2464326063739222,1.5708825588226318,-0.15596276918520147,1
344,1788170778.2597268,-0.14908415170227077,-0.6434200438215459,0.11861026112132253,-0.13561238500425302,3.1386319401801317,-0.0002712611404811859,-1.6324780623065394,-2.0208471457110804,-1.4449289480792444,-1.2464445273028772,1.5708465576171875,-0.14804298082460576,1
345,1788170778.2996874,-0.14907462300867869,-0.6433990924516494,0.11860572220554222,-0.12338839855908426,3.1390949399426327,-0.00020223956815513646,-1.6324780623065394,-2.02082330385317,-1.4449647108661097,-1.2464802900897425,1.5708825588226318,-0.14025527635683233,1
346,1788170778.3414495,-0.14906081725980894,-0.6434251700172713,0.11863374994553366,-0.11048834674985684,3.1396165853547595,-0.00029022699552635307,-1.632441822682516,-2.02082330385317,-1.444904629384176,-1.2464802900897425,1.5708465576171875,-0.13199979463686162,1
347,1788170778.3835404,-0.14906253976918798,-0.6433716610379645,0.11859649468088215,-0.09820437289865216,3.1399909598303095,6.469930604443835e-05,-1.632453743611471,-2.0208352247821253,-1.4449289480792444,-1.2466719786273401,1.5708585977554321,-0.12418777147401983,1
348,1788170778.4270434,-0.1490547310124635,-0.6433339513869802,0.11856515739344328,-0.08271601299368697,3.1403987315078243,0.0003237826587762918,-1.632453743611471,-2.0208471457110804,-1.4449527899371546,-1.2468035856830042,1.5708825588226318,-0.11432391801942998,1
349,1788170778.470595,-0.14903689003464346,-0.6433341894845779,0.11858281687365599,-0.07044953615717674,3.1407225070375375,0.0003283372357253863,-1.6324179808246058,-2.02082330385317,-1.4449408690081995,-1.2468398253070276,1.5708585977554321,-0.10647613206972295,1
350,1788170778.5137525,-0.1490440778185225,-0.6433246128592152,0.11857166992638496,-0.055392478637657276,3.141021360059219,0.0004035991057268346,-1.6324299017535608,-2.0208352247821253,-1.4449408690081995,-1.2468755880938929,1.5708585977554321,-0.0969002882586878,1
351,1788170778.5557306,-0.1490617105547436,-0.6433136198560547,0.11857274604443938,-0.04259614530249596,3.1412331036158494,0.0004242177496315485,-1.632453743611471,-2.02082330385317,-1.4449527899371546,-1.246887509022848,1.5708465576171875,-0.08877641359438115,1
352,1788170778.5969849,-0.14905201203383428,-0.6433271326184321,0.11856172883186447,-0.03028861999936148,3.141366638654502,0.00038594812245745845,-1.632441822682516,-2.0208471457110804,-1.4449527899371546,-1.2468398253070276,1.5708585977554321,-0.08092862764467412,1
353,1788170778.639041,-0.14904623833561878,-0.6433223860455209,0.11855171014445368,-0.017527473413626784,3.141438440594136,0.000439971191452374,-1.632441822682516,-2.0208590666400355,-1.4449527899371546,-1.2468636671649378,1.5708825588226318,-0.07280427614320928,1
354,1788170778.6787384,-0.14907806364503798,-0.643321467893546,0.11857722981550756,-0.0024294849808220035,3.1415259047406363,0.0003882246872004689,-1.6324780623065394,-2.0208352247821253,-1.4449289480792444,-1.2468755880938929,1.5708465576171875,-0.06322843233217412,1
355,1788170778.7195199,-0.14902865942823398,-0.6433338139744775,0.11857835827681679,0.009765555463778613,3.1414655001334806,0.00036552870660275125,-1.6324179808246058,-2.0208352247821253,-1.4449289480792444,-1.2468636671649378,1.570894479751587,-0.05540448824037725,1
356,1788170778.7615511,-0.1490477297409137,-0.6433391632470266,0.11858950468970667,0.022526982461269537,3.1414513081463546,0.00029555266356515777,-1.6324299017535608,-2.02082330385317,-1.4449289480792444,-1.2468279043780726,1.5708465576171875,-0.04729205766786748,1
357,1788170778.8016047,-0.14903629546203812,-0.6433245529396561,0.11857500140092295,0.03460768619524776,3.1413271238054956,0.000388464117958377,-1.6324179808246058,-2.02082330385317,-1.4449527899371546,-1.2468636671649378,1.5708585977554321,-0.039588753377096,1
358,1788170778.8413293,-0.14904226853247848,-0.6433320908786778,0.11857389816506159,0.04765069532198278,3.141180876281359,0.0004094134338777989,-1.6324179808246058,-2.0208471457110804,-1.4449170271502894,-1.246887509022848,1.5708345174789429,-0.031284634266988576,1
359,1788170778.880402,-0.14903717097154467,-0.6433387427738747,0.11858061301627273,0.0603717034253825,3.1409411604748323,0.00033329187077113206,-1.6324179808246058,-2.0208352247821253,-1.4449289480792444,-1.2468398253070276,1.5708585977554321,-0.02318460146059209,1
360,1788170778.9207535,-0.14903761373733201,-0.6433459189073594,0.1185950381495082,0.07279105063289638,3.1406791853213796,0.00031502134088868893,-1.6324179808246058,-2.0208352247821253,-1.4448931852923792,-1.2468636671649378,1.5708585977554321,-0.015276257191793263,1
361,1788170778.9599516,-0.1490560517173565,-0.6433479623603059,0.11861781456739967,0.08568059429463408,3.140369337158587,0.00020233804564022441,-1.632441822682516,-2.020798985158102,-1.444904629384176,-1.2468159834491175,1.5708465576171875,-0.007091824208394826,1
362,1788170778.9991982,-0.14906124906602145,-0.643609754707902,0.11863350509882817,0.09785081262204146,3.139972087024264,-9.908529096592794e-05,-1.632441822682516,-2.0212910811053675,-1.4441741148578089,-1.2468636671649378,1.570894479751587,0.0006602559005841613,1
363,1788170779.0387511,-0.14903262844993276,-0.6442355140644406,0.1186224545674964,0.11056911971585995,3.139597621562419,-9.572538927356078e-05,-1.632322136555807,-2.0226710478412073,-1.4421361128436487,-1.2475221792804163,1.5708465576171875,0.0088803106918931,1
364,1788170779.07969,-0.14903773413661486,-0.6451670954338663,0.11868027090836805,0.12305790640591946,3.139111380006891,-0.0002857020434402968,-1.6322506109820765,-2.0246499220477503,-1.4390433470355433,-1.2485154310809534,1.5708705186843872,0.016908617690205574,1
365,1788170779.1216657,-0.1490409605224542,-0.6468375651885662,0.11872213921039357,0.13560185605408992,3.1386116531272807,-0.0008076214411713727,-1.632094685231344,-2.028189484273092,-1.433697525654928,-1.249988857899801,1.5708585977554321,0.02505676820874214,1
366,1788170779.161346,-0.1490398252614372,-0.6483617641080377,0.11852929639524959,0.1486137040442623,3.138012541633273,7.872659890151622e-05,-1.6319506804095667,-2.031980339680807,-1.4283631483661097,-1.2520964781390589,1.5708585977554321,0.0334932878613472,1
367,1788170779.2033796,-0.14905764007036557,-0.6499907212487581,0.11855792980705604,0.16077553066392827,3.1374030838245526,-0.00022139628777715866,-1.6318305174456995,-2.0355194250689905,-1.422993008290426,-1.2537363211261194,1.5708705186843872,0.04136580228805542,1
368,1788170779.2471895,-0.14904525376080222,-0.6515528243193388,0.11854883838730584,0.17342643006231065,3.1367399481788625,-4.8542169062551295e-05,-1.6316631476031702,-2.0390589872943323,-1.4176352659808558,-1.2556641737567347,1.5708585977554321,0.04959821328520775,1
369,1788170779.2886374,-0.14904950425375216,-0.6535371426976747,0.1185698318029772,0.18844445676388039,3.1358855662282896,-0.00034764531225578985,-1.6314829031573694,-2.043401543294088,-1.4110425154315394,-1.257723633443014,1.5708465576171875,0.05935487151145935,1
370,1788170779.3321042,-0.14904606117365793,-0.6550998392130961,0.11856168918563348,0.20084190498366591,3.1351038819527774,4.9713510045395265e-05,-1.631338898335592,-2.0470245520221155,-1.4054930845843714,-1.2599027792560022,1.5708585977554321,0.06740714609622955,1
371,1788170779.3705685,-0.14901684422546038,-0.6566369367478849,0.11856035584384428,0.21372599765277875,3.13424138333798,0.0003146643547238779,-1.6311591307269495,-2.050539795552389,-1.4000991026507776,-1.2619498411761683,1.5708705186843872,0.07580771297216415,1
372,1788170779.4107566,-0.14902765804806764,-0.6582689224031424,0.11859737471632323,0.22594908354780432,3.1333827905613023,5.2991128709164754e-05,-1.6310275236712855,-2.054114643727438,-1.3945849577533167,-1.2637222448932093,1.5708705186843872,0.08374014496803284,1
373,1788170779.4530265,-0.14907013793359125,-0.6595942493814997,0.1185477122856001,0.23863932558410964,3.1324583110043625,0.0004875359342787303,-1.6309674421893519,-2.057282272969381,-1.3898022810565394,-1.265613857899801,1.5708585977554321,0.09190065413713455,1
374,1788170779.4953642,-0.14925217523797646,-0.6603536634690597,0.11856651309372562,0.25346520772704556,3.131292053454389,0.00026403440172988174,-1.6311710516559046,-2.059009853993551,-1.387141529713766,-1.2664044539081019,1.5708585977554321,0.10116484016180038,1
375,1788170779.5366223,-0.14920741867640427,-0.6603639515028507,0.11854229975530434,0.26576921505785805,3.130249269798499,0.00032222366961777936,-1.6311114470111292,-2.0590460936175745,-1.387141529713766,-1.2664044539081019,1.5708825588226318,0.10908566415309906,1
376,1788170779.5767689,-0.1492233621858978,-0.6603636920760075,0.11861644075974728,0.2785007443058957,3.1291406668138144,0.00019021861325554698,-1.6311352888690394,-2.0589621702777308,-1.3870933691607874,-1.2664521376239222,1.5708825588226318,0.11719785630702972,1
377,1788170779.6185396,-0.1492409903306478,-0.6603457406210976,0.1186059532912355,0.29089250108804576,3.1280290849541905,0.000359303147461549,-1.6311591307269495,-2.058986012135641,-1.3870576063739222,-1.2665718237506312,1.5708705186843872,0.1250947117805481,1
378,1788170779.6604989,-0.14924253655179862,-0.6603713249646354,0.11865235205218522,0.3036523093570528,3.126813211227775,0.0001898185772124899,-1.6311591307269495,-2.0589621702777308,-1.3869975248919886,-1.2665475050555628,1.5708705186843872,0.13325484097003937,1
379,1788170779.7004168,-0.14925111804707916,-0.660381279264437,0.11885270087282529,0.31610799925448,3.125576604170529,9.595617465804549e-05,-1.6311710516559046,-2.0588181654559534,-1.386698071156637,-1.266930882130758,1.5708705186843872,0.1412116289138794,1
380,1788170779.7403011,-0.14924244667313866,-0.6603698377979673,0.11903846980414706,0.3281090177935549,3.1243440375073743,0.0002452945027591974,-1.6311591307269495,-2.0586980024920862,-1.3863619009601038,-1.267482105885641,1.5708705186843872,0.1489039957523346,1
381,1788170779.7796166,-0.14922646526746927,-0.6603694741183491,0.11923648936538589,0.3410235704459379,3.122960867996849,0.00022702927678662884,-1.6311352888690394,-2.058542076741354,-1.3860748449908655,-1.2679131666766565,1.5708705186843872,0.15719670057296753,1
382,1788170779.8208733,-0.14924053143186153,-0.6603837125493885,0.1194392438621241,0.35316218629286195,3.1215967204977986,0.0001326831594610893,-1.6311591307269495,-2.0584099928485315,-1.3857510725604456,-1.2683079878436487,1.5708825588226318,0.16494937241077423,1
383,1788170779.8617418,-0.1492581057446611,-0.6603606602804085,0.11960202486442162,0.36835493618611703,3.1198946341612444,0.000279303144397411,-1.6311710516559046,-2.0582903067218226,-1.3854754606830042,-1.268799130116598,1.5708345174789429,0.17467008531093597,1
384,1788170779.9003098,-0.14924267675576108,-0.6603736448270376,0.11980318753013527,0.3808899553378175,3.118346930191184,0.00011173303052714428,-1.6311591307269495,-2.058121983204977,-1.385223690663473,-1.2691100279437464,1.5708705186843872,0.18272273242473602,1
385,1788170779.9394634,-0.1492417332748457,-0.6603993961853315,0.11993666744055839,0.390601813138972,3.117164983842922,-3.2073996142878113e-06,-1.6311472097979944,-2.058049980794088,-1.3849957625018519,-1.2693379561053675,1.5708465576171875,0.1889631450176239,1
386,1788170779.9790106,-0.14924937871532865,-0.6604394240126296,0.12023313056718246,0.40318353393623146,3.1155388855989545,-0.00026537556855625116,-1.6311591307269495,-2.0578582922564905,-1.3845403830157679,-1.2698167006122034,1.5708585977554321,0.1970277726650238,1
387,1788170780.01765,-0.14926391318428886,-0.6604567332892038,0.12054159764433142,0.4154642175253928,3.113938023198521,-0.0004940033726725883,-1.6311710516559046,-2.0576184431659144,-1.3841207663165491,-1.2703316847430628,1.5708345174789429,0.20490029454231262,1
388,1788170780.058653,-0.1492597044602122,-0.6604326640291298,0.12085081757437541,0.42782992248914853,3.1122616685081446,-0.000250953853278597,-1.6311710516559046,-2.0574143568622034,-1.383569065724508,-1.2712414900409144,1.5708465576171875,0.21284471452236176,1
389,1788170780.1006284,-0.14927282623706528,-0.660380432850092,0.12155968813660559,0.4405276333984886,3.1104995437336664,-4.897494630957126e-05,-1.631195370350973,-2.056862179433004,-1.3824904600726526,-1.2730010191546839,1.5708465576171875,0.220981627702713,1
390,1788170780.1412573,-0.14924837481567885,-0.6604265587754158,0.12306460279828954,0.4527186205931832,3.108668289015542,-0.000628924457670449,-1.6311710516559046,-2.055734936391012,-1.3802970091449183,-1.2759469191180628,1.570894479751587,0.22885413467884064,1
391,1788170780.1843708,-0.1492557564044915,-0.6604538215067233,0.12532093805523256,0.46779415394025026,3.1064954468505213,-0.0006094427673986266,-1.6311591307269495,-2.0542472044574183,-1.3765576521502894,-1.2811911741839808,1.5708345174789429,0.23856285214424133,1
392,1788170780.2262964,-0.14928261661676775,-0.6604103645785694,0.1277195609806484,0.47972189779351904,3.10468068698263,-0.000300739276753638,-1.631207291279928,-2.0526278654681605,-1.3726018110858362,-1.2869623343097132,1.5708465576171875,0.2461956888437271,1
393,1788170780.2669153,-0.1492554666897993,-0.6604081142213003,0.13042597342378817,0.490818419758484,3.102923910987457,-0.00044315397865165185,-1.6311710516559046,-2.05076772371401,-1.368274990712301,-1.2930567900287073,1.5708585977554321,0.2533843517303467,1
394,1788170780.3088865,-0.14927598625722735,-0.6603871504845783,0.13305495117365423,0.5023262287289478,3.1011101264203766,-0.00036667706948355583,-1.631195370350973,-2.04904014268984,-1.3639233748065394,-1.2991870085345667,1.5708345174789429,0.26077672839164734,1
395,1788170780.3516915,-0.14927848890024625,-0.6603876491741535,0.13616611155104424,0.5151232140423072,3.0990028566734003,-9.639617301116062e-05,-1.631207291279928,-2.0471447149859827,-1.3585298697101038,-1.3066461722003382,1.5708585977554321,0.26902151107788086,1
396,1788170780.3921368,-0.1492684869143548,-0.6603579696013144,0.13884842238353504,0.5263290312340317,3.097099003636845,0.00013941597508592693,-1.631207291279928,-2.0454772154437464,-1.3539388815509241,-1.3130515257464808,1.570894479751587,0.2762577533721924,1
397,1788170780.432703,-0.14927941306990392,-0.660402928586021,0.141665614435317,0.5374779163898442,3.095190827824667,-0.00027201942309814894,-1.631207291279928,-2.0437496344195765,-1.3491924444781702,-1.3192656675921839,1.5708585977554321,0.28345876932144165,1
398,1788170780.474703,-0.14926714858219783,-0.6603771693095486,0.14440834281237314,0.5480427055583889,3.0933393862650407,-7.746330504752343e-05,-1.631195370350973,-2.0421178976642054,-1.3444097677813929,-1.3258031050311487,1.5708705186843872,0.29029911756515503,1
399,1788170780.5169926,-0.14926627875787557,-0.6603176986592947,0.14708497396091944,0.5589795275094257,3.0914256827716344,0.00033727106358803684,-1.631195370350973,-2.040558640156881,-1.339663330708639,-1.3323758284198206,1.5708585977554321,0.29736757278442383,1
400,1788170780.5578082,-0.14928284279875295,-0.6604141040007111,0.150478585400758,0.5721911154134726,3.088955268955687,-0.00048398384251445,-1.631207291279928,-2.0386269728290003,-1.3338020483600062,-1.3396433035479944,1.5708465576171875,0.3059123158454895,1
401,1788170780.5998383,-0.14927067294715204,-0.6603903627789314,0.15317733104498854,0.5828826449605018,3.086955127113472,-0.0003265652897220344,-1.631195370350973,-2.0371392408954065,-1.3289478460894983,-1.3460844198810022,1.5708585977554321,0.3128489553928375,1
402,1788170780.641661,-0.14928304822628677,-0.6603311044340539,0.15574347050042567,0.5944427361131323,3.084781288228392,5.346696483864343e-05,-1.631219212208883,-2.035759750996725,-1.3242490927325647,-1.3524063269244593,1.5708585977554321,0.32031363248825073,1
403,1788170780.6841466,-0.14928638234816005,-0.6603406972571938,0.15784378372151242,0.6065682479533558,3.0824524051846387,0.00028216002356686915,-1.631219212208883,-2.0347636381732386,-1.3202217260943812,-1.3575781027423304,1.5708465576171875,0.3281741440296173,1
404,1788170780.7232685,-0.14926811324687322,-0.6603931213541356,0.15955080268306157,0.618668719679016,3.0799955036143927,-1.891272052132868e-05,-1.631195370350973,-2.0339115301715296,-1.3170936743365687,-1.361361328755514,1.5708705186843872,0.336058646440506,1
405,1788170780.7654116,-0.14926706767096845,-0.6603758312726549,0.16064601414123925,0.6313442381986326,3.0774339106765187,0.00010763161418700671,-1.631195370350973,-2.033360306416647,-1.3150437513934534,-1.3640435377704065,1.5708705186843872,0.34429144859313965,1
406,1788170780.8096986,-0.14927796665198692,-0.6603790146806757,0.16192491802704187,0.6458352759207778,3.0744371848035987,9.870690765090837e-05,-1.631207291279928,-2.032736126576559,-1.3126466909991663,-1.3670604864703577,1.5708585977554321,0.353700190782547,1
407,1788170780.8508654,-0.14927341181718715,-0.6603487869131683,0.16302217640434039,0.6582807370625137,3.0717915762564827,0.00017146654320072163,-1.631207291279928,-2.0321486631976526,-1.3106568495379847,-1.3696826140033167,1.5708705186843872,0.3618004024028778,1
408,1788170780.8912728,-0.149258705553268,-0.6603747886246527,0.16408454006452786,0.6705862450802161,3.0691191715872503,7.340833082667675e-05,-1.6311829725848597,-2.031656567250387,-1.3086431662188929,-1.372124973927633,1.5708705186843872,0.36984142661094666,1
409,1788170780.9317684,-0.1492697927853793,-0.6604208948818242,0.16518801344428152,0.682819990524833,3.066383483171519,-0.00028338490066435237,-1.631195370350973,-2.031128708516256,-1.3066180388080042,-1.3744476477252405,1.5708705186843872,0.3778098225593567,1
410,1788170780.9731815,-0.1492893195689356,-0.660389249120342,0.16621115574613746,0.6954450967820807,3.063587588518548,-0.00010921766137440826,-1.631219212208883,-2.0306370894061487,-1.3046634832965296,-1.377009693776266,1.5708465576171875,0.3860182762145996,1
411,1788170781.0115545,-0.14926675818065316,-0.660416251122809,0.16729062321494298,0.7071006566491863,3.060858704819568,-0.0003084871935628338,-1.631195370350973,-2.0301206747638147,-1.302662197743551,-1.379392449055807,1.5708825588226318,0.39366307854652405,1
412,1788170781.049967,-0.1492725105220788,-0.6604244923892486,0.16835307225616072,0.7193584001106016,3.05797933638431,-0.0003835240906775143,-1.631207291279928,-2.0296290556537073,-1.3006485144244593,-1.3818467299090784,1.570894479751587,0.40166741609573364,1
413,1788170781.0875187,-0.14928213600776993,-0.6603610946258445,0.16931995561228155,0.7318107731862664,3.0551015804985813,8.73206084273587e-05,-1.631219212208883,-2.0291970411883753,-1.2987068335162562,-1.3845284620868128,1.5708705186843872,0.4097919762134552,1
414,1788170781.1263893,-0.14925444929926665,-0.660349938003666,0.17038655758593843,0.7435895792650125,3.0522456824709505,0.0001043474093840515,-1.6311829725848597,-2.0286815802203577,-1.2967050711261194,-1.3870542685138147,1.5708825588226318,0.41754427552223206,1
415,1788170781.1652558,-0.14926810908469534,-0.6603066448000559,0.17138620634246368,0.7560080398935005,3.049219994968622,0.0003213726415909563,-1.631207291279928,-2.0282133261310022,-1.2947753111468714,-1.38959247270693,1.5708825588226318,0.4256572127342224,1
416,1788170781.2030606,-0.14928073243224269,-0.6602928245928851,0.17212648199247338,0.7657277524618407,3.046829522627938,0.00040300491637434055,-1.631219212208883,-2.027889076863424,-1.2933247725116175,-1.3914244810687464,1.5708585977554321,0.4320174753665924,1
417,1788170781.2439466,-0.14927997052881423,-0.6603252995169294,0.17314051386201337,0.7776649888255526,3.043748729535258,5.1344847937742904e-05,-1.631219212208883,-2.027409378682272,-1.291467014943258,-1.393531624470846,1.5708705186843872,0.43986600637435913,1
418,1788170781.2841446,-0.14927340261546002,-0.6603899639045355,0.1740235266600956,0.7899834012046462,3.0405631183925164,-0.0002354858528922431,-1.631195370350973,-2.02708608308901,-1.2897051016436976,-1.3954351584063929,1.5708465576171875,0.44799017906188965,1
419,1788170781.3241172,-0.14927846673186707,-0.660345961722383,0.17490759875473624,0.8017255845995979,3.037481988716081,1.1118316461256364e-05,-1.631219212208883,-2.0266898314105433,-1.2879675070392054,-1.3977215925799769,1.5708825588226318,0.45569491386413574,1
420,1788170781.3657546,-0.14926790102978202,-0.6603896119887305,0.17584811432864383,0.8139446203088122,3.0342124025669013,-0.00021739870779732433,-1.631195370350973,-2.026317898427145,-1.286121670399801,-1.3997929731952112,1.5708705186843872,0.4637715518474579,1
421,1788170781.404927,-0.14928490697943217,-0.6604482313085666,0.1768883682836523,0.8286394306808975,3.03020929015777,-0.0005608002684830732,-1.631207291279928,-2.0259221235858362,-1.2840717474566858,-1.4020198027240198,1.5708465576171875,0.47345590591430664,1
422,1788170781.4437952,-0.14928213862205958,-0.6604024616540342,0.17744406100915722,0.8381039553507112,3.0276606479084864,-0.0001579928214518341,-1.631207291279928,-2.0257180372821253,-1.2828734556781214,-1.4036839644061487,1.5708465576171875,0.4796959459781647,1
423,1788170781.483136,-0.1492757139762342,-0.6603868487900219,0.17817564968866778,0.8504675861673413,3.024206627751378,-7.5422773528285945e-06,-1.631207291279928,-2.0254300276385706,-1.281386677418844,-1.4055512587176722,1.5708705186843872,0.48786845803260803,1
424,1788170781.52496,-0.14927544279846733,-0.6603410455643559,0.1788220133834749,0.862311378501068,3.020855950455609,0.00020217199485545446,-1.631219212208883,-2.025130097066061,-1.2801287809955042,-1.4072402159320276,1.570894479751587,0.495692640542984,1
425,1788170781.5661285,-0.14927232811568444,-0.6603763986221526,0.17938229792490612,0.8743571803658361,3.0173870663283946,8.452164179081587e-05,-1.631207291279928,-2.0249503294574183,-1.2789657751666468,-1.408508602772848,1.5708825588226318,0.5036849975585938,1
426,1788170781.60891,-0.1492732077879515,-0.6603454136106366,0.1800018254941273,0.8891534674041939,3.0131142627986374,0.00035310324713916055,-1.631207291279928,-2.024722401295797,-1.2776597181903284,-1.4102204481707972,1.5708705186843872,0.5134896039962769,1
427,1788170781.6514254,-0.14928125077784013,-0.6603422540283292,0.180564941326778,-0.9009746931991525,-3.0096144892839107,-0.00033668815709331045,-1.631207291279928,-2.024493996297018,-1.2765443960772913,-1.4115617910968226,1.5708345174789429,0.521338164806366,1
428,1788170781.693636,-0.14926708339541336,-0.660376091228969,0.1811420460806781,0.9134340034948302,3.005817641422068,0.00018439006997994733,-1.631195370350973,-2.024290386830465,-1.2753823439227503,-1.4128192106830042,1.5708705186843872,0.5296421051025391,1
429,1788170781.7351604,-0.14927785772530197,-0.6603772137126482,0.18176439656578586,0.9275295814488858,3.0015069138856316,0.0001570196071141108,-1.631207291279928,-2.0240500609027308,-1.2741354147540491,-1.4142912069903772,1.5708585977554321,0.5390141010284424,1
430,1788170781.775794,-0.14949293927893959,-0.6604452288455791,0.18234957587851472,0.9397619077333771,2.997617934042503,-0.00018191091205738483,-1.6315305868731897,-2.0239904562579554,-1.2727692762957972,-1.4154885450946253,1.5708825588226318,0.5468623042106628,1
431,1788170781.8179774,-0.1505823791749845,-0.660480935834947,0.18293849446409466,0.9521110556513976,2.9937238468895906,-0.00022527807926768094,-1.6331499258624476,-2.0244339148150843,-1.270599667225973,-1.4171889464007776,1.5708705186843872,0.5534865856170654,1
432,1788170781.8583066,-0.15208094923076845,-0.6606722618492936,0.18348355230732644,0.9637664213699578,2.9898931175038745,-0.000577862231608838,-1.6353800932513636,-2.025393788014547,-1.2678311506854456,-1.4187567869769495,1.5709065198898315,0.5590671300888062,1
433,1788170781.8991203,-0.1536796387856385,-0.660962784787738,0.18363379945055724,0.975807824260366,2.9860337336201854,-0.00036349204934659895,-1.6377304236041468,-2.02700120607485,-1.2650263945208948,-1.4200976530658167,1.570894479751587,0.5647671222686768,1
434,1788170781.9387453,-0.15529058312821228,-0.6613231192553716,0.18369282362338427,0.9879986626245143,2.982087687356471,2.0043995944326702e-05,-1.6400921980487269,-2.0288851896869105,-1.262017552052633,-1.4214742819415491,1.570894479751587,0.5705629587173462,1
435,1788170781.9797893,-0.15681535904645896,-0.6617865491744901,0.18392782105764174,0.9980035960981565,2.9787314300956576,-0.00033837046322218197,-1.6422985235797327,-2.030660931264059,-1.258829418812887,-1.4226601759540003,1.5708585977554321,0.5750750303268433,1
436,1788170782.021881,-0.1584641033806476,-0.6620689316891694,0.1840289198733519,1.0069067355272174,2.9758254418205117,0.00026693640809467265,-1.6447203795062464,-2.0324600378619593,-1.2557972113238733,-1.4242880980121058,1.5708705186843872,0.5786152482032776,1
437,1788170782.0599694,-0.1604046962201278,-0.6625295238800893,0.18429676619044,1.0164071662549492,2.972567879430404,-3.399081280555928e-05,-1.6475384871112269,-2.034499470387594,-1.2521174589740198,-1.4257367292987269,1.5708465576171875,0.5821910500526428,1
438,1788170782.1004508,-0.16161265393062998,-0.6628313002847958,0.18438379713614514,1.0215905786591823,2.9707818214272765,6.679439712085005e-05,-1.6493008772479456,-2.0359395186053675,-1.2497323195086878,-1.426741902028219,1.5708705186843872,0.5839189887046814,1
439,1788170782.1415694,-0.16325617198563602,-0.6631817822372024,0.18451409505778946,1.0275851035166457,2.9686892159757616,7.687677932567858e-05,-1.6516988913165491,-2.037715260182516,-1.2467473188983362,-1.4279516378985804,1.570894479751587,0.5855631232261658,1
440,1788170782.1839411,-0.16514573120644563,-0.6636812262560654,0.1847093974123609,1.0324309553795274,2.9669659156384776,-0.0003142285437207195,-1.6544211546527308,-2.0398500601397913,-1.2431166807757776,-1.4291966597186487,1.5708705186843872,0.5861151218414307,1
441,1788170782.2254586,-0.166730155002138,-0.6640581258515957,0.18459654284441668,1.0351089974836982,2.966127126703113,0.00023269623150253024,-1.6567109266864222,-2.0419495741473597,-1.2401793638812464,-1.4303939978228968,1.5708705186843872,0.5856110453605652,1
442,1788170782.267231,-0.1684037438714077,-0.6643919628020785,0.18457757551356185,-1.037145982605423,-2.9654509676520777,-0.0005070495283532357,-1.659133259450094,-2.0438817183123987,-1.2372906843768519,-1.431530777608053,1.5708705186843872,0.58455491065979,1
443,1788170782.3086853,-0.16997803181543072,-0.6648301432410755,0.18465681400865994,1.0375593339987264,2.9652704748554126,0.00015670734914035204,-1.6613872686969202,-2.045764748250143,-1.2343185583697718,-1.4323928991900843,1.5708585977554321,0.5825872421264648,1
444,1788170782.352082,-0.17192655579485785,-0.6652752387267197,0.18457532153149145,1.0376542172989431,2.9652677658149695,0.0004183930096584645,-1.6641929785357874,-2.048176113759176,-1.2308667341815394,-1.4336021582232874,1.5708705186843872,0.5798391103744507,1
445,1788170782.3917668,-0.17349528226461428,-0.6656931326812184,0.184672117811365,1.0374404801736778,2.9652908228653523,0.00010994321218543405,-1.6664355436908167,-2.0500362555133265,-1.227870289479391,-1.4345362822162073,1.5708705186843872,0.5774632692337036,1
446,1788170782.4333506,-0.17505029497753927,-0.6661123273085807,0.18472994478776486,1.0374569986123527,2.965236858890795,-0.00018282000098687013,-1.6686533133136194,-2.0519192854510706,-1.224933926259176,-1.4353979269610804,1.5708705186843872,0.5752667784690857,1
447,1788170782.47106,-0.17673095139355274,-0.6665513137099014,0.1847108020108744,1.037939972909645,2.9650263397536913,-0.00035933113543836073,-1.671051327382223,-2.054006878529684,-1.2218659559832972,-1.4362600485431116,1.5708825588226318,0.5732032656669617,1
448,1788170782.5112727,-0.17828928719319467,-0.6668840350884513,0.18471277545654777,1.0377534502563117,2.9651877043986294,7.145644275041665e-05,-1.6732695738421839,-2.055974785481588,-1.2188213507281702,-1.437624756489889,1.5708585977554321,0.570838987827301,1
449,1788170782.5530362,-0.17992805434500972,-0.6672785490036331,0.18471048824319375,1.0378574100376536,2.9651520135849916,-5.976780784270281e-06,-1.6755955854998987,-2.0579779783831995,-1.2158125082599085,-1.438582722340719,1.5708465576171875,0.5685829520225525,1
450,1788170782.594279,-0.18152307848130755,-0.6676940112860233,0.18467320588500297,1.037988308393512,2.9650759614698656,-3.2599040973363934e-05,-1.6778619925128382,-2.0600417296039026,-1.21279222169985,-1.4395163694964808,1.5708705186843872,0.5664111971855164,1
451,1788170782.6359959,-0.18310452699516036,-0.6679810129205067,0.1846632086163049,1.0376026525501354,2.9652369448809566,0.00013347704579227127,-1.6801164785968226,-2.0618532339679163,-1.210048023854391,-1.4405577818499964,1.5708705186843872,0.5638911128044128,1
452,1788170782.6761515,-0.18472804611626487,-0.6683296736152038,0.18478827425640165,1.0372340313984392,2.9652808455506943,-0.0004165251351370718,-1.682418171559469,-2.063556973134176,-1.2072308699237269,-1.4413121382342737,1.5708705186843872,0.5613586902618408,1
453,1788170782.7167544,-0.1863516087723975,-0.6687241678081116,0.1847727715043609,1.0374590391007033,2.9651916969135454,-0.0004893166861800548,-1.6847079435931605,-2.065596405659811,-1.204186741505758,-1.4422696272479456,1.5708705186843872,0.5592228770256042,1
454,1788170782.7571647,-0.18787797737365844,-0.6692258271101476,0.1846563536626648,1.0371537434611537,2.965353559822281,-0.0002162010098163728,-1.6868303457843226,-2.067995850239889,-1.2007949987994593,-1.4434431234942835,1.5708585977554321,0.5568829774856567,1
455,1788170782.7984135,-0.1898759347182907,-0.6697325859059429,0.18459949647393048,-1.037640999276993,-2.9652731047502376,-0.0003463887197276224,-1.6896241346942347,-2.070827309285299,-1.1965401808368128,-1.4452388922320765,1.5708345174789429,0.5543988943099976,1
456,1788170782.8387456,-0.19144418932724463,-0.6702902954592509,0.1846436435220991,1.0379075183437991,2.965131339046538,0.00023525965366329437,-1.6918061415301722,-2.0732267538653772,-1.1927884260760706,-1.4465082327472132,1.5708825588226318,0.5524068474769592,1
457,1788170782.881561,-0.19301475865464632,-0.6707913431445891,0.18462426970628745,1.0378467381925671,2.9651971414687264,0.00045286100771274167,-1.6939762274371546,-2.0756381193744105,-1.1891210714923304,-1.4479087034808558,1.5708705186843872,0.5501863956451416,1
458,1788170782.9236665,-0.19470773837206498,-0.6713065448729711,0.18471654937797316,1.038128967025636,2.9650969104845726,8.842553744008603e-05,-1.6963027159320276,-2.0779412428485315,-1.1854174772845667,-1.4490821997271937,1.5708225965499878,0.548050582408905,1
459,1788170782.965218,-0.19621219147149374,-0.6719069974575621,0.18461621937241848,1.0380158301104747,2.9651230950024674,0.00026790291827500707,-1.6983650366412562,-2.080581013356344,-1.1816061178790491,-1.4503629843341272,1.5708585977554321,0.5459147691726685,1
460,1788170783.008312,-0.19814576494964709,-0.6724745305859879,0.1845989985247411,1.037747699722611,2.965225631395969,0.0005166904052925579,-1.701038662587301,-2.0834601561175745,-1.1771958510028284,-1.4520509878741663,1.5708825588226318,0.543058454990387,1
461,1788170783.049814,-0.19973862730825293,-0.6730095433045101,0.1846136708051947,1.037360364117284,2.965329986484259,0.0003913214791533015,-1.7032201925860804,-2.085883442555563,-1.173455540333883,-1.4532840887652796,1.570894479751587,0.5406222343444824,1
462,1788170783.088982,-0.2012842909962891,-0.673536389037235,0.1847239375837616,1.0374099257850604,2.9653066816149525,0.0001642120432258102,-1.7053187529193323,-2.088198963795797,-1.1696446577655237,-1.4546368757831019,1.5708705186843872,0.5385583639144897,1
463,1788170783.1283221,-0.20295792365904236,-0.6739079476150128,0.18468949620726888,1.0374465701589348,2.9653062278945517,0.00025651432635446716,-1.707632843648092,-2.0903943220721644,-1.1663363615619105,-1.4558098951922815,1.5708705186843872,0.5362663865089417,1
464,1788170783.169356,-0.20456220787552867,-0.6743011216029771,0.1846672179026328,1.0377126867782076,2.965163362851805,-0.00010937125055613176,-1.709839169179098,-2.0924342314349573,-1.163304630910055,-1.4565642515765589,1.5708705186843872,0.534250020980835,1
465,1788170783.2106876,-0.2061143603884339,-0.6746418479252272,0.18467143644740705,1.0377839372118292,2.965146161517291,-0.00014930734879513633,-1.7119734922992151,-2.0944255034076136,-1.1602242628680628,-1.4576299826251429,1.5708585977554321,0.5321621298789978,1
466,1788170783.2527883,-0.20775254249458328,-0.6748986803755676,0.1846831566357062,1.0377979438780456,2.9651983477420565,8.423645769062535e-05,-1.7142389456378382,-2.096381489430563,-1.1571319738971155,-1.4589226881610315,1.5708345174789429,0.5298941135406494,1
467,1788170783.2928507,-0.2093137182970232,-0.6752011924136817,0.1846740225802366,1.0378402373570945,2.965153674225246,5.529065887157514e-05,-1.7163975874530237,-2.0983126799212855,-1.1541717688189905,-1.459928337727682,1.5708585977554321,0.5277702808380127,1
468,1788170783.333103,-0.21085916535561464,-0.675496730497989,0.1847352275496465,1.037604893640413,2.9651779111908283,-0.00019458805662388203,-1.7185314337359827,-2.1001246611224573,-1.1512473265277308,-1.460874382649557,1.5708825588226318,0.5254899263381958,1
469,1788170783.3740623,-0.21290965287292488,-0.6757652676391612,0.18475324099382978,1.0378269776675775,2.965140465688912,-0.00018639935908593835,-1.72136098543276,-2.1023796240436,-1.1476996580706995,-1.4621794859515589,1.5708465576171875,0.5228016972541809,1
470,1788170783.414528,-0.2144890092275935,-0.676111245296998,0.1846803791661337,1.0377804121386274,2.9651307185139335,-0.00029290560033211333,-1.7235191504107874,-2.104455296193258,-1.144679371510641,-1.463053051625387,1.5708585977554321,0.5206176042556763,1
471,1788170783.4571812,-0.21612023426192054,-0.6763525200954555,0.18462510909630667,1.039230035640362,2.9646591206551727,-0.00010950849621216588,-1.7257612387286585,-2.1064232031451624,-1.141731087361471,-1.4641545454608362,1.5708465576171875,0.519345760345459,1
472,1788170783.4953852,-0.21770566425967822,-0.6765187958587355,0.1846730727434652,1.0422275271892698,2.9636456156441104,0.0002049725250947481,-1.7279556433307093,-2.1081984678851526,-1.1387947241412562,-1.4655192534076136,1.5708465576171875,0.5191656351089478,1
473,1788170783.5358365,-0.21924563624486476,-0.6767614111656928,0.1845724950282434,-1.0459819843138118,-2.9623415647832854,-0.0005203261825683803,-1.730065647755758,-2.110177818928854,-1.1359179655658167,-1.4666207472430628,1.5708465576171875,0.5195858478546143,1
474,1788170783.5773268,-0.22089082237820296,-0.6770389586708709,0.18469201129469714,1.0506909011749035,2.9605750088435503,7.580053294992219e-05,-1.7323311010943812,-2.1120017210589808,-1.1328380743609827,-1.4675782362567347,1.5709065198898315,0.5205217003822327,1
475,1788170783.6189468,-0.22250719113701653,-0.6772627969925832,0.1848303497305414,1.0570402024290015,2.9583540613800063,-0.0001252605795922932,-1.734525505696432,-2.113765064870016,-1.1297581831561487,-1.4687755743609827,1.5708465576171875,0.5226095914840698,1
476,1788170783.6613977,-0.22404963816267734,-0.6775366331555422,0.18473063108037438,1.0644098413025305,2.955681092574563,5.699679444020901e-05,-1.736635986958639,-2.115804974232809,-1.1267975012408655,-1.4698055426227015,1.570894479751587,0.5254899263381958,1
477,1788170783.7030041,-0.22571779803002287,-0.6777830951293644,0.18471243096477,1.0727936694649391,2.952659790862285,-6.0935098206936885e-05,-1.738901440297262,-2.1177600065814417,-1.123801056538717,-1.4707749525653284,1.5708705186843872,0.5288979411125183,1
478,1788170783.743412,-0.2275742592526415,-0.6780552260574307,0.18473014645776908,1.084103808915973,2.9485833652948643,0.0001924788689450464,-1.7414191404925745,-2.120075527821676,-1.1200855414019983,-1.4723432699786585,1.5708465576171875,0.5340339541435242,1
479,1788170783.784374,-0.22914582830507263,-0.6783168168805702,0.1846520430290975,1.094682134284679,2.9446970526368856,0.0002826342028030464,-1.7435415426837366,-2.1221030394183558,-1.11708909669985,-1.473372761403219,1.5708345174789429,0.5390860438346863,1
480,1788170783.8248374,-0.23078624646224766,-0.6785785977176573,0.18472309973588277,1.1065365454635332,2.9401880801473417,-1.4434882930524392e-06,-1.7457712332354944,-2.1240227858172815,-1.1139372030841272,-1.4744141737567347,1.5708705186843872,0.5449305772781372,1
481,1788170783.865129,-0.23234080688755404,-0.6788282697560886,0.18472808993247775,1.1170735554386997,2.9362460354490665,4.4923777103031254e-05,-1.747857395802633,-2.1259902159320276,-1.1108210722552698,-1.4755995909320276,1.5708345174789429,0.550006628036499,1
482,1788170783.9067845,-0.23390807288558726,-0.6791133616744646,0.1847227447298095,1.1258773317065411,2.932835138652782,-0.0001113510380311968,-1.7499678770648401,-2.127993885670797,-1.1077054182635706,-1.4766057173358362,1.5708585977554321,0.5539067983627319,1
483,1788170783.9488518,-0.23557684846591517,-0.679387470994076,0.18465143475948237,1.133665315557095,2.929781309430687,-0.00021188725204519148,-1.752221409474508,-2.1301053206073206,-1.1045768896686,-1.4775508085833948,1.570894479751587,0.5569788813591003,1
484,1788170783.9901347,-0.2371599160819538,-0.6795561547292757,0.18464287803205007,1.140219509642976,2.9272970478545597,0.000252427811149013,-1.7543676535235804,-2.13208514848818,-1.101401154194967,-1.4790476004229944,1.570894479751587,0.5592948198318481,1
485,1788170784.0306125,-0.23911018668708953,-0.6798795440557134,0.1846475453757057,1.1469436641302615,2.9246800129105206,0.00013573378342616633,-1.7569692770587366,-2.134568516408102,-1.0974820295916956,-1.4804123083697718,1.5708705186843872,0.5612868070602417,1
486,1788170784.07288,-0.24075698420049715,-0.6801105161513175,0.1846782976786061,1.1509748481083435,2.923094084510969,2.1047762505320068e-05,-1.7591751257525843,-2.136559788380758,-1.0942700544940394,-1.481561009083883,1.5708585977554321,0.5618388056755066,1
487,1788170784.1111457,-0.24225206126526194,-0.6803808325248487,0.18477145518676813,1.1534849162085887,2.922066050294809,-0.00017656746656662822,-1.7611654440509241,-2.138479534779684,-1.0910223166095179,-1.4827588240252894,1.5708705186843872,0.561575174331665,1
488,1788170784.1498275,-0.24392387691924955,-0.680648331163495,0.1847305988264779,1.1553310261810654,2.921310100641127,-0.0002830623671942568,-1.7633956114398401,-2.1406272093402308,-1.087738339100973,-1.4838240782367151,1.5708825588226318,0.5606149435043335,1
489,1788170784.189666,-0.24553046343460208,-0.6809266756312269,0.18466161960150548,1.156339905233852,2.9209484959599665,-0.0001959410415086794,-1.765517536793844,-2.1428349653827112,-1.0843947569476526,-1.485020939503805,1.5708585977554321,0.5591749548912048,1
490,1788170784.2309525,-0.24706546920538197,-0.6810211795477402,0.18470223544012795,1.1559081032434988,2.9211486022888282,-6.993561520750995e-05,-1.7675913015948694,-2.1445139090167444,-1.081601921712057,-1.4862187544452112,1.5708465576171875,0.5567986965179443,1
491,1788170784.2703764,-0.2487178644960325,-0.6810596846489466,0.18464730885541444,1.1561795273031392,2.9210718944838274,0.0002855870404902843,-1.7698457876788538,-2.146277729664938,-1.07888108888735,-1.487403694783346,1.5708585977554321,0.5547228455543518,1
492,1788170784.3119838,-0.250315461017774,-0.681165860824896,0.18467087481757,1.1563910808104054,2.920950563396246,8.669336758843929e-05,-1.772003475819723,-2.147945229207174,-1.0761969725238245,-1.4882896582232874,1.5708705186843872,0.5527188181877136,1
493,1788170784.3518782,-0.2518735994978563,-0.6812675832062933,0.18480115340469527,1.1563072307850835,2.9209524412566505,-0.00017320699216061646,-1.7741015593158167,-2.1495288054095667,-1.0733802954303187,-1.4893549124347132,1.5708705186843872,0.5505706667900085,1
494,1788170784.3937545,-0.2535008872704207,-0.6813660577411809,0.1847954885033413,1.156528578140698,2.920854576306092,-0.0001511050537920757,-1.7762954870807093,-2.15131646791567,-1.0705397764789026,-1.490420166646139,1.5708825588226318,0.5485306978225708,1
495,1788170784.4359932,-0.25509289924085427,-0.6815384388511441,0.1847090112771897,1.1563036800608664,2.9209607697207054,-0.00023015775887345844,-1.778405491505758,-2.153248135243551,-1.0676873365985315,-1.4912942091571253,1.5708585977554321,0.5462626814842224,1
496,1788170784.4776268,-0.2566254730494522,-0.6816400634014231,0.18468669277703548,1.1561023162414044,2.9210773129577374,-2.828300348563089e-05,-1.7804554144488733,-2.1550477186786097,-1.0648353735553187,-1.49247914949526,1.5708465576171875,0.5440662503242493,1
497,1788170784.5198407,-0.25861401666398687,-0.6816986224338408,0.18465521453060374,1.1559946685673894,2.921170910853307,0.00018994967647368056,-1.7831295172320765,-2.1571953932391565,-1.0614436308490198,-1.4938681761371058,1.5708225965499878,0.5413064956665039,1
498,1788170784.55882,-0.26021790997716043,-0.6818329770214048,0.18471334202635706,1.1558951275511893,2.9211364270447437,-0.000116556194868861,-1.7852748076068323,-2.1589587370501917,-1.05851918855776,-1.4948256651507776,1.5708585977554321,0.5391103625297546,1
499,1788170784.5998254,-0.2617903231742389,-0.6819567655341318,0.18477182120570934,1.1558056679884168,2.921122081942369,-0.000331881121610574,-1.7873733679400843,-2.16071063676943,-1.0555947462665003,-1.4958556334124964,1.5708825588226318,0.5369622111320496,1
500,1788170784.640654,-0.263477586047769,-0.6819796945244061,0.1847767645114559,1.1562902190743316,2.92097458072635,-0.0001703098985255848,-1.7896388212787073,-2.162485424672262,-1.0527070204364222,-1.4970768133746546,1.5708585977554321,0.5350181460380554,1
501,1788170784.6813676,-0.26496757453419767,-0.6821523843396334,0.1847742697658065,1.1560085903651813,2.921038980166699,-0.00036744676550662484,-1.7916048208819788,-2.1643217245685022,-1.0497944990741175,-1.4980223814593714,1.5708825588226318,0.532870352268219,1
502,1788170784.7241268,-0.2666034625463127,-0.6822911901793447,0.18468972457059984,1.156238420216565,2.9209633017174914,-0.00035225006373233036,-1.7937629858600062,-2.1663249174701136,-1.0467856566058558,-1.4990399519549769,1.5708705186843872,0.5308659672737122,1
503,1788170784.765065,-0.2682559500841539,-0.682282933718308,0.1846699437730386,1.1564923583696671,2.9208973493391635,9.742731634977613e-05,-1.795992676411764,-2.1681364218341272,-1.0438497702227991,-1.5004523436175745,1.5708825588226318,0.5288020372390747,1
504,1788170784.805675,-0.2697643684442587,-0.6824528299461197,0.18471121813305696,1.1561110016099556,2.921018365164962,-6.593539005370013e-05,-1.7979705969439905,-2.170020405446188,-1.0407336393939417,-1.5015776793109339,1.570894479751587,0.5265700221061707,1
505,1788170784.8451118,-0.27171995791103454,-0.6826247258349141,0.1846737682498996,1.1564811173772251,2.9208885563860023,-3.0561713658210246e-05,-1.8005364576922815,-2.1724675337420862,-1.0368745962726038,-1.5030143896686,1.5708825588226318,0.5242536664009094,1
506,1788170784.8866858,-0.27339247302326025,-0.6827463878387826,0.1848046269232069,1.156208917662902,2.9209772972081116,-0.00048174186656427227,-1.8027303854571741,-2.174291435872213,-1.0336630980121058,-1.504115406666891,1.5708585977554321,0.5218778252601624,1
507,1788170784.9295921,-0.2749447291592905,-0.6829634003533264,0.18484984218936365,1.155728283856415,2.921102404572644,-0.0008852266077171932,-1.8047445456134241,-2.1762827078448694,-1.030391041432516,-1.5051334539996546,1.5708825588226318,0.5195498466491699,1
508,1788170784.970373,-0.2765391848028711,-0.6829868747816725,0.18471536292630159,1.1559941092386201,2.921118366129708,-5.424532035584286e-05,-1.806854550038473,-2.1783464590655726,-1.0272629896747034,-1.50673753419985,1.5708465576171875,0.5175934433937073,1
509,1788170785.011416,-0.27813912641743616,-0.6830969778338528,0.18474072524010415,1.1558327841841167,2.921180653282346,-7.149503562841571e-05,-1.8089521566974085,-2.1802900473224085,-1.0240510145770472,-1.5079949537860315,1.5708465576171875,0.5153857469558716,1
510,1788170785.0513175,-0.27966004391032073,-0.6833109115701569,0.18479904223535243,1.1559478086121815,2.9210688322713954,-0.000361501266389401,-1.8109186331378382,-2.18231708208193,-1.0206597487079065,-1.5091679731952112,1.5708825588226318,0.5135135650634766,1
511,1788170785.0921736,-0.2813056942185852,-0.6833538251924487,0.18467211070058556,1.1562844779130594,2.921007857205698,0.00027091221009176007,-1.8130882422076624,-2.1844409147845667,-1.0174358526812952,-1.5106762091266077,1.5708705186843872,0.5115575194358826,1
512,1788170785.1310604,-0.28300851551757145,-0.6834817475065313,0.1847681048578994,1.1565108026829192,2.92087199449914,-0.0002318876410751069,-1.8153060118304651,-2.1863725821124476,-1.0141280333148401,-1.5117295424090784,1.5708705186843872,0.509505569934845,1
513,1788170785.1688502,-0.28454405313113174,-0.6836036805673685,0.18472975187453064,1.1565561284032349,2.9208440373832643,-5.796587543518868e-05,-1.8173077742206019,-2.1884120146380823,-1.0108802954303187,-1.5130465666400355,1.570894479751587,0.5075371861457825,1
514,1788170785.2079718,-0.2861782319256326,-0.6835605630974846,0.18465320400763646,-1.1564682819619554,-2.920988613423833,-0.0004897347255094351,-1.8194659391986292,-2.1902955214129847,-1.0079200903521937,-1.5144828001605433,1.5708345174789429,0.5052931308746338,1
515,1788170785.2497337,-0.28783035489894243,-0.6835969587354881,0.18465419035081868,1.1567090262116084,2.9208369793723366,0.00025610384095146486,-1.8216479460345667,-2.1920951048480433,-1.0050199667560022,-1.5154288450824183,1.5708705186843872,0.5032891631126404,1
516,1788170785.2916157,-0.28930395973117845,-0.6836861550867029,0.1847026804872437,1.1561499096149201,2.9210212608221777,-2.11922194831906e-05,-1.8235657850848597,-2.193822685872213,-1.0021193663226526,-1.5164225737201136,1.5708825588226318,0.5009971857070923,1
517,1788170785.3337896,-0.2909478684907625,-0.6836395170712808,0.18465733911422896,1.1558551777335333,2.9211568089462414,0.00020375377195652622,-1.8257477919207972,-2.1956103483783167,-0.9992793242083948,-1.5176194349872034,1.5708825588226318,0.49860894680023193,1
518,1788170785.3745692,-0.2928787649863176,-0.6837047190474893,0.18463982929665204,1.1559498140918516,2.9210991782020606,-3.821603847937339e-05,-1.8282654921161097,-2.197829548512594,-0.9957316557513636,-1.5187929312335413,1.5708825588226318,0.4961607754230499,1
519,1788170785.4149716,-0.29440581114048053,-0.6837609436111423,0.1848066228109878,1.1559427958352757,2.9210395445933135,-0.0006514473235557304,-1.8302553335772913,-2.199413601552145,-0.992807690297262,-1.519738499318258,1.570894479751587,0.4941807687282562,1
520,1788170785.4577646,-0.2960823937643862,-0.6836625784372543,0.18477665153177603,1.1561827737804244,2.9209909851781517,-0.00024191753095160895,-1.8324850241290491,-2.2012131849872034,-0.9898713270770472,-1.5211394468890589,1.5708825588226318,0.49210450053215027,1
521,1788170785.499596,-0.297696946306779,-0.683654683648366,0.18461333424368767,1.1565330044064108,2.9209118776833867,0.00018513899875013373,-1.834595028554098,-2.2032163778888147,-0.9869354406939905,-1.522348705922262,1.5708585977554321,0.4902203381061554,1
522,1788170785.540502,-0.29925159571196597,-0.6837201563050065,0.18465021060300427,1.1563769221227216,2.9209364403674156,-0.0001300487427177538,-1.8366087118731897,-2.2050283590899866,-0.9839151541339319,-1.5233538786517542,1.5708705186843872,0.4881085157394409,1
523,1788170785.5790975,-0.3008882213120277,-0.6836950673805772,0.18467655106608022,1.1564427299106705,2.9209064435832697,-0.00018542450256777107,-1.838754955922262,-2.206815544758932,-0.9809191862689417,-1.524527374898092,1.5708705186843872,0.48600825667381287,1
524,1788170785.6208456,-0.30246873299322724,-0.683706650092776,0.1846278645446951,1.1565369709355002,2.9208992855910454,-0.00013163550637316395,-1.840804402028219,-2.2086995283709925,-0.9779351393329065,-1.5256646315204065,1.5708465576171875,0.4840162694454193,1
525,1788170785.6611893,-0.3043203165972373,-0.6837189579697371,0.18477308248298258,1.1560672484156287,2.9210537415466105,-0.0003921113150105706,-1.8432143370257776,-2.210762325917379,-0.9742081801043909,-1.527160946522848,1.5708585977554321,0.48129209876060486,1
526,1788170785.7027993,-0.306006635842267,-0.683648343278882,0.184861515770125,1.1559945343087625,2.9210844837050725,-0.00037305109982592395,-1.8454321066485804,-2.212550465260641,-0.9710319677935999,-1.5285614172564905,1.5708585977554321,0.47902408242225647,1
527,1788170785.7431319,-0.3076144872415214,-0.6836616736469265,0.1847453974364363,1.1560444282335538,2.921068062601709,-0.00014565297608628482,-1.8475177923785608,-2.2145898977862757,-0.9679282347308558,-1.5297701994525355,1.5708705186843872,0.4769717752933502,1
528,1788170785.785237,-0.3091818120511092,-0.6836435855338401,0.18463850891773562,1.1559291729554695,2.921143035720326,0.00028715133251553234,-1.849555794392721,-2.216593567525045,-0.9648245016681116,-1.531147305165426,1.5708705186843872,0.4748479723930359,1
529,1788170785.823645,-0.3108689124760237,-0.6836249166251498,0.18462824085030033,1.1563924227799314,2.92094020378453,0.00019484253726207394,-1.8517497221576136,-2.218524758015768,-0.9616721312152308,-1.5323084036456507,1.5708825588226318,0.47297579050064087,1
530,1788170785.8617778,-0.3123880307599341,-0.6836961089714518,0.18464474959060878,1.156266942024367,2.921041931552941,1.5822501773451885e-06,-1.8536675612079065,-2.220456902180807,-0.9584606329547327,-1.5334699789630335,1.5708225965499878,0.4709598422050476,1
531,1788170785.899185,-0.3139350858420601,-0.6835814026105793,0.18459994277524003,1.15629688826281,2.9210234202244765,0.0005123720079977721,-1.85571796098818,-2.2222440878497522,-0.955536190663473,-1.5349305311786097,1.5708585977554321,0.46893149614334106,1
532,1788170785.9400294,-0.31533483065465423,-0.683501814559574,0.18465831372753097,1.1565503412590974,2.920906319617254,0.00025119596698294273,-1.8575518766986292,-2.223624054585592,-0.953139607106344,-1.5357802549945276,1.5708585977554321,0.46727505326271057,1
533,1788170785.9807663,-0.31684950898750847,-0.6833931833273796,0.18465550266766936,1.1563763002249874,2.9209364757109513,0.0002567482268789127,-1.859553639088766,-2.2251957098590296,-0.9505389372455042,-1.5368097464190882,1.570894479751587,0.4651632010936737,1
534,1788170786.0227678,-0.3187793398100226,-0.683176770331993,0.18460698969634892,1.1565922431992521,2.9209320432388046,0.0003228773538237206,-1.8620947043048304,-2.2270310560809534,-0.9476030508624476,-1.5379589239703577,1.5708225965499878,0.46275100111961365,1
535,1788170786.064262,-0.3204107711976995,-0.6829643329070416,0.18457063063400403,1.156250416592107,2.9209983742704106,0.0002567938704254795,-1.864288632069723,-2.228471104298727,-0.9453137556659144,-1.5387609640704554,1.5708825588226318,0.46033918857574463,1
536,1788170786.10593,-0.32199131310424145,-0.6827907088107116,0.18458691501181942,1.1559359882864102,2.921135603214087,2.8783668885681596e-05,-1.8663743177997034,-2.2298863569842737,-0.9429529348956507,-1.539563004170553,1.5708585977554321,0.4580352306365967,1
537,1788170786.1467948,-0.3235874296331382,-0.6825846737817669,0.1846847189227053,1.1560525585162653,2.921030630056351,-0.0003410287384496533,-1.8685086409198206,-2.23118240038027,-0.9406040350543421,-1.5403769651996058,1.570894479751587,0.45599451661109924,1
538,1788170786.18472,-0.32520785453571827,-0.6822650020981819,0.18461255714153302,1.1560119634700965,2.921092713865651,0.0002769549680822857,-1.870702091847555,-2.232645813618795,-0.9382551352130335,-1.5416582266436976,1.5708825588226318,0.4537624716758728,1
539,1788170786.226474,-0.32675714185237265,-0.6820645281299437,0.18454881085882066,1.156055718192987,2.9211095123334574,0.000445695828494266,-1.8727520147906702,-2.2341578642474573,-0.9358709494220179,-1.5426400343524378,1.5708585977554321,0.4517345130443573,1
540,1788170786.266632,-0.328331327210013,-0.6818371803205859,0.18462427910542575,1.156397459071593,2.9209595461818942,0.00016319490941364538,-1.8748496214496058,-2.235441033040182,-0.9335816542254847,-1.5434659163104456,1.5708585977554321,0.4498743414878845,1
541,1788170786.3064263,-0.33001876460474316,-0.6815250873527209,0.18477008461290167,1.1565051427120692,2.9208847833562754,-0.00022941190265169363,-1.8771269957171839,-2.2366045157061976,-0.9313285986529749,-1.5443041960345667,1.5708705186843872,0.44767823815345764,1
542,1788170786.3473153,-0.33157647318165134,-0.6812640805772799,0.18466620369196812,1.156507893220454,2.920899073063246,9.012695299476064e-05,-1.8792131582843226,-2.238068405781881,-0.9290993849383753,-1.5452736059771937,1.5708705186843872,0.4455903470516205,1
543,1788170786.3884308,-0.3331969813559068,-0.6809982627715939,0.1845919611287847,1.1565009158644637,2.920892249222672,0.00016737054934279832,-1.8813827673541468,-2.2395084539996546,-0.9268701712237757,-1.5461114088641565,1.5708825588226318,0.4434182047843933,1
544,1788170786.429287,-0.334894464840223,-0.680724981377646,0.18459586147261797,1.15652394733272,2.920910006477399,-9.814578863136875e-05,-1.8836362997638147,-2.2408879438983362,-0.9245932737933558,-1.5468419233905237,1.5708465576171875,0.44117414951324463,1
545,1788170786.4701364,-0.336654012891392,-0.6804194386296858,0.18469147220121707,1.1558988151995953,2.9211367007903966,1.758382598893312e-05,-1.8859975973712366,-2.2424357573138636,-0.9217413107501429,-1.5482185522662562,1.5708705186843872,0.43838968873023987,1
546,1788170786.5114605,-0.3383336192455714,-0.6800370567445408,0.18458835812288235,1.156069133745614,2.921064887006086,0.0005451749989299612,-1.888287369404928,-2.243875328694479,-0.9195120970355433,-1.5493434111224573,1.570894479751587,0.4362175464630127,1
547,1788170786.5542095,-0.3399377170566692,-0.6798067082682966,0.18456046358942765,1.1559417864062544,2.9211108859729107,0.00045293310959255414,-1.890409294758932,-2.2453630606280726,-0.9171035925494593,-1.5502055327044886,1.570894479751587,0.43400946259498596,1
548,1788170786.5960476,-0.3414433550540586,-0.6796862330468165,0.1845826049385138,1.1560142396865365,2.9210974607522644,0.00018885939330047939,-1.8923514525042933,-2.246946636830465,-0.9144309202777308,-1.5511277357684534,1.5708705186843872,0.4321133494377136,1
549,1788170786.6355217,-0.34306021866953557,-0.679447335517831,0.18464229881818217,1.156104098118165,2.921079241473679,0.0003200270008147849,-1.894484821950094,-2.248542610798971,-0.9115789572345179,-1.5524681250201624,1.5708585977554321,0.4300374388694763,1
550,1788170786.676022,-0.3447065546546491,-0.6793268624366277,0.18469465667396948,1.1563766975585599,2.920959767713315,1.952872267627332e-06,-1.8966062704669397,-2.2503178755389612,-0.9085114637957972,-1.5535576979266565,1.5708585977554321,0.42810535430908203,1
551,1788170786.7153842,-0.3462732542347808,-0.6793369041376834,0.18469242144430897,1.1563506801609753,2.920953450934263,-0.00011028142002284734,-1.8985727469073694,-2.2524412314044397,-0.9049633185016077,-1.5549104849444788,1.5708705186843872,0.4261249601840973,1
552,1788170786.7547598,-0.34786722726643976,-0.6792994529438237,0.18458094362871494,1.156265809394689,2.9210024038737257,0.0003608139692053863,-1.9005869070636194,-2.254744831715719,-0.9012964407550257,-1.5565741697894495,1.5708705186843872,0.4240490794181824,1
553,1788170786.7935784,-0.34951302645154836,-0.679288298300853,0.1846277014161998,1.1565084552402627,2.9209123141076545,0.00015400642202004626,-1.9026477972613733,-2.256903950368063,-0.8975694815265101,-1.5580108801471155,1.5708585977554321,0.42215293645858765,1
554,1788170786.8314862,-0.3510431736531488,-0.6793450390832491,0.18462938015541872,1.1559885057870305,2.921090578651113,0.00010156004407092018,-1.9045422712909144,-2.259171787892477,-0.8937466780291956,-1.5595315138446253,1.5708825588226318,0.41990891098976135,1
555,1788170786.8726106,-0.3526916957645342,-0.6793521296653355,0.1846316937078548,1.1558816713643256,2.921139825795289,-0.00010678633250131398,-1.9065917173968714,-2.2614148298846644,-0.8899834791766565,-1.5609195868121546,1.5708705186843872,0.4177846908569336,1
556,1788170786.9115999,-0.35431534425294026,-0.6792863462748439,0.18472640889423186,1.1558436176406528,2.9211540946306096,-0.0001422118876145972,-1.9086421171771448,-2.2635143438922327,-0.8861969153033655,-1.5625842253314417,1.5708705186843872,0.41570842266082764,1
557,1788170786.9530332,-0.35588548218093463,-0.6792998972854032,0.18460066863079735,1.1558512321834917,2.9211346170290717,0.00021821288224360263,-1.9105952421771448,-2.2659505049334925,-0.8823378721820276,-1.5642359892474573,1.570894479751587,0.4137643575668335,1
558,1788170786.993287,-0.3575267503257625,-0.6792915496700164,0.18456671354608822,1.1561290365003123,2.9210772579239297,0.00027218444607750346,-1.91262132326235,-2.268301312123434,-0.8784311453448694,-1.5658281485186976,1.5708465576171875,0.41191616654396057,1
559,1788170787.0320175,-0.35920246735343236,-0.6793101338121651,0.1846219723796127,1.1562405022689872,2.920959006090094,-0.0001365739412380124,-1.9147070089923304,-2.270592991505758,-0.8744648138629358,-1.5672405401812952,1.5709065198898315,0.409924179315567,1
560,1788170787.0713072,-0.36068628124788354,-0.679376895748478,0.18466139667327777,1.1563857642280113,2.920925847839675,-0.00021142748031321296,-1.9165051619159144,-2.2728965918170374,-0.8704622427569788,-1.568892780934469,1.5708825588226318,0.4082197844982147,1
561,1788170787.111458,-0.36228595862245755,-0.679300899513637,0.18481584137657325,1.1561636520876395,2.921039080734372,-0.00025025620049940524,-1.918506924306051,-2.275008026753561,-0.8664835135089319,-1.5707362333880823,1.5708585977554321,0.40606001019477844,1
562,1788170787.1517286,-0.36396153665952957,-0.679247301758686,0.18463847966237176,1.1565705791776177,2.920900088644574,0.00022221731116273602,-1.9205926100360315,-2.2775395552264612,-0.8625529448138636,-1.5724366346942347,1.5708465576171875,0.4042477607727051,1
563,1788170787.1908045,-0.3654704547671768,-0.6793111750900207,0.1845726751842243,1.1562825951645874,2.920951312836529,0.0003390118479001672,-1.9224384466754358,-2.280011002217428,-0.858490292225973,-1.5741007963763636,1.5709065198898315,0.4022194445133209,1
564,1788170787.2285922,-0.36708688391292504,-0.6792963586069681,0.18450339396518062,1.1563678336945358,2.9209710381641125,0.00048819557047221474,-1.9244163672076624,-2.2824462095843714,-0.8544877211200159,-1.5757644812213343,1.5708585977554321,0.40028735995292664,1
565,1788170787.2665188,-0.3683843038565285,-0.679221800724585,0.18445741797090734,1.156164680710575,2.921082570759121,0.0008841158078820499,-1.9260342756854456,-2.284365955983297,-0.8512643019305628,-1.5773208777057093,1.5708345174789429,0.3985230624675751,1
566,1788170787.3056297,-0.36997010472679454,-0.6792554017533843,0.18462132408792403,1.1558216233713108,2.921197203203882,0.000358696196572483,-1.9279645125018519,-2.286621395741598,-0.8470700422870081,-1.5789249579059046,1.5708465576171875,0.39636290073394775,1
567,1788170787.3470805,-0.37154174651864963,-0.6792862969484377,0.1846470109821785,1.1559974707316325,2.9210868831850973,0.00022925698573252843,-1.9298823515521448,-2.2890446821795862,-0.8428757826434534,-1.5806129614459437,1.5708825588226318,0.39457499980926514,1
568,1788170787.38975,-0.3731948420843278,-0.6793313396367877,0.18455324523958289,1.1558788377004199,2.9211580893703557,0.00011756147632242499,-1.9318717161761683,-2.2916482130633753,-0.8386691252337855,-1.5821455160724085,1.5708585977554321,0.3924987316131592,1
569,1788170787.4303231,-0.37512148744216095,-0.6793170480991939,0.1845760178149553,1.156177244207102,2.9210532903752457,0.0001747591575440338,-1.934221092854635,-2.2946112791644495,-0.8335164229022425,-1.5843718687640589,1.5708465576171875,0.3903505504131317,1
570,1788170787.47018,-0.3766389901855237,-0.6793724112666749,0.18457997869943352,1.156082328319335,2.9210766683532694,4.6016607233636415e-05,-1.9360435644732874,-2.2970712820636194,-0.8292983214007776,-1.5860479513751429,1.5708585977554321,0.38846641778945923,1
571,1788170787.511424,-0.37824927552209786,-0.6793654290596867,0.18457014992539106,1.1566268137499158,2.9208738948480666,2.8432319187043273e-05,-1.9379971663104456,-2.2995665709124964,-0.8250325361834925,-1.5878074804889124,1.5708465576171875,0.38688263297080994,1
572,1788170787.55297,-0.3799215961743419,-0.6793566399665998,0.184659791434237,1.158063838043804,2.9203150974321717,-0.00036655716510856917,-1.9400232473956507,-2.3020013014422815,-0.8206704298602503,-1.5894835630999964,1.5708345174789429,0.385838121175766,1
573,1788170787.5942662,-0.38143289388203994,-0.6793305965863683,0.18453047567508013,1.160824999525139,2.919158064339618,0.0003695786897372031,-1.9418805281268519,-2.3046768347369593,-0.8162725607501429,-1.5916741530047815,1.570894479751587,0.38588643074035645,1
574,1788170787.6355782,-0.383090897949639,-0.6793133416240523,0.18464716411265858,1.1645249064658376,2.9177079763487637,-5.27112408639204e-06,-1.9438827673541468,-2.307112518941061,-0.8118265310870569,-1.5934460798846644,1.5708705186843872,0.386414110660553,1
575,1788170787.6787264,-0.38475627028597525,-0.6792765325956005,0.1844376407374088,1.1694001831847667,2.9157964570830073,5.275241367108841e-05,-1.9458959738360804,-2.3097036520587366,-0.8078721205340784,-1.594846550618307,1.5708345174789429,0.38773462176322937,1
576,1788170787.7206695,-0.3865590385255684,-0.6793701965474628,0.18400927007008994,1.176010515189732,2.913096913842257,-0.0001490995696637686,-1.9480298201190394,-2.312775437031881,-0.8036778608905237,-1.5958402792560022,1.5708705186843872,0.3901464641094208,1
577,1788170787.7594934,-0.3882389601426748,-0.6792741669465101,0.183358311510904,1.1833287805386143,2.9101339454397768,0.00030558352904881886,-1.9500916639911097,-2.3154142538653772,-0.8006938139544886,-1.5964749495135706,1.5708705186843872,0.39311105012893677,1
578,1788170787.7989807,-0.38987028609482566,-0.6792680442897768,0.18268333340031775,1.19167093519871,2.9067404754004604,0.0002149164140875561,-1.9520452658282679,-2.317981545125143,-0.7979734579669397,-1.5965703169452112,1.5708585977554321,0.39689093828201294,1
579,1788170787.8378453,-0.39137861489311054,-0.6792399974715961,0.18209926459087025,1.1990160889889185,2.903743756053043,8.658864390179163e-05,-1.953855339680807,-2.320284668599264,-0.795481030141012,-1.5966780821429651,1.5708345174789429,0.4001311957836151,1
580,1788170787.8774834,-0.3929834044567274,-0.6790272277974824,0.18156852195905274,1.2053083184988016,2.9011125358203946,0.0002599373618157629,-1.9558809439288538,-2.3223841826068323,-0.7931564489947718,-1.597013298665182,1.5708585977554321,0.40244752168655396,1
581,1788170787.9163544,-0.39463562746672065,-0.6786887737116511,0.18122384187492227,1.2098810864996372,2.8992083034411373,0.00024490462536075385,-1.9580143133746546,-2.324136559163229,-0.7909873167621058,-1.5974205175982874,1.5708585977554321,0.40346765518188477,1
582,1788170787.9556553,-0.39620505993165134,-0.6783147559309971,0.18099942860113674,1.2132343645516295,2.897805950154404,0.0001324719350636686,-1.9600642363177698,-2.3256238142596644,-0.7889860312091272,-1.5978630224811,1.5708585977554321,0.40373170375823975,1
583,1788170787.9967551,-0.3974850880245338,-0.6780015652249104,0.1808584444927963,1.2149821161360252,2.897059624533111,-8.996496836678991e-05,-1.9617422262774866,-2.326763931904928,-0.7873924414264124,-1.5981748739825647,1.5708705186843872,0.40326356887817383,1
584,1788170788.0397701,-0.39946835130694697,-0.6773201627698675,0.18064257948154802,1.2171204639718833,2.8961752339003275,4.100920293971063e-06,-1.9644272963153284,-2.32819110551943,-0.7854393164264124,-1.5987609068499964,1.5708585977554321,0.4020516574382782,1
585,1788170788.0818202,-0.4010042080589029,-0.6767101968250001,0.180596186403446,1.217342046069757,2.8960820442461994,-3.205095535534673e-05,-1.9665487448321741,-2.329031292592184,-0.7840970198260706,-1.5992401281939905,1.5708585977554321,0.4000832438468933,1
586,1788170788.1252992,-0.40253193173607493,-0.6756389555591656,0.18054808123547994,1.2169948304532705,2.8962410638157747,6.133917369486343e-05,-1.9688857237445276,-2.3285988012896937,-0.7849600950824183,-1.5988691488849085,1.5708465576171875,0.3975032567977905,1
587,1788170788.1670952,-0.40450475461579055,-0.6743877159795276,0.18050621994092397,1.217005566216104,2.8961839262273954,0.000286304066876515,-1.971858326588766,-2.328502957020895,-0.7851994673358362,-1.5988691488849085,1.570894479751587,0.39455103874206543,1
588,1788170788.2094162,-0.4059856680875467,-0.6732457645076705,0.1804914780839826,1.2167720133826212,2.8963194342379626,0.0005498963316403905,-1.9741719404803675,-2.3279035727130335,-0.7862423102008265,-1.598593537007467,1.5708585977554321,0.39206692576408386,1
589,1788170788.2476683,-0.4074689111136144,-0.671851019223921,0.18059899607977284,1.217201653367091,2.896137717050389,0.0006035878583788299,-1.9766290823565882,-2.3265116850482386,-0.7883871237384241,-1.597874943410055,1.5708585977554321,0.38990676403045654,1
590,1788170788.2885888,-0.40853856713945663,-0.6704543582885518,0.18067033296911478,1.217192204508665,2.896129136309215,0.000432432654665609,-1.9786060492144983,-2.324303929005758,-0.7920783201800745,-1.5962827841388147,1.5708705186843872,0.3879263699054718,1
591,1788170788.3315427,-0.4096077321004842,-0.6690010735264503,0.18079755902310046,1.217282888728691,2.8961091265816683,-0.0002655993944212732,-1.9806082884417933,-2.3217008749591272,-0.79639178911318,-1.5941279570208948,1.5708585977554321,0.38598230481147766,1
592,1788170788.3769586,-0.41071401678849045,-0.6673992046150263,0.18060910798798754,1.2175859147816324,2.895963559602826,0.00031736059813539314,-1.9827421347247522,-2.3193615118609827,-0.800849739705221,-1.5923808256732386,1.5708705186843872,0.3840622007846832,1
593,1788170788.4206638,-0.41184696009923816,-0.6656312190651004,0.18063180908873755,1.2170948443520555,2.896170556094009,0.0002197102163001623,-1.984995190297262,-2.3163140455829065,-0.8060982863055628,-1.5901177565204065,1.5708705186843872,0.38146987557411194,1
594,1788170788.4613757,-0.4131908004075533,-0.6637910865105069,0.18064469114728318,1.2171861216237,2.8961085409157334,1.1261323327476678e-05,-1.9875481764422815,-2.3134105841266077,-0.811131779347555,-1.587855641041891,1.570894479751587,0.37898576259613037,1
595,1788170788.5051074,-0.41431177065407176,-0.662256536337406,0.18069858816176243,1.2170349660807278,2.896197247741523,6.563359438415886e-05,-1.9896696249591272,-2.3111193815814417,-0.8149541060077112,-1.5863588492022913,1.5708705186843872,0.37675371766090393,1
596,1788170788.54896,-0.41534683959946234,-0.6607693203604744,0.18064632466267413,1.2166217455079602,2.8963423562494324,0.00021501181621124888,-1.991683308278219,-2.308876339589254,-0.8189447561847132,-1.5847070852862757,1.570894479751587,0.37446171045303345,1
597,1788170788.593198,-0.4165960477419083,-0.6589368114467601,0.18063795191773338,1.2166701485526348,2.896372013568473,0.0003071574287506228,-1.9941166082965296,-2.306044403706686,-0.8238456884967249,-1.582695786152975,1.5708465576171875,0.3720495104789734,1
598,1788170788.634029,-0.4176736396430069,-0.6573831297762486,0.18073757092230652,1.2170069846869374,2.896213092189617,-0.0001649965467086386,-1.996225659047262,-2.30345327058901,-0.8281357924090784,-1.5806968847857874,1.5708705186843872,0.37017735838890076,1
599,1788170788.6769333,-0.4185484460992966,-0.6558755755095202,0.18067778256093106,1.2167362364166585,2.896308636251969,9.77589769202124e-05,-1.9980714956866663,-2.3009942213641565,-0.8324864546405237,-1.578973118458883,1.5708825588226318,0.3681490421295166,1
600,1788170788.7187874,-0.41987871380781094,-0.6539835637397678,0.18078170572958666,1.2171914693572576,2.8961382064838994,-0.0002628046832084227,-2.0006607214557093,-2.298018757496969,-0.8373993078814905,-1.57680589357485,1.5708705186843872,0.36586904525756836,1
601,1788170788.7614708,-0.42094298033513755,-0.6524656180749514,0.18075928095702165,1.2171659337430831,2.8961384769015335,-0.00035799288038052614,-2.0027459303485315,-2.295739475880758,-0.8413899580584925,-1.5750344435321253,1.5708825588226318,0.3637687861919403,1
602,1788170788.8027322,-0.4219085243044101,-0.6508821206307916,0.1806331386872592,1.2171113219374436,2.896164711784454,5.486884321265159e-05,-2.0047476927386683,-2.29336387315859,-0.8457282225238245,-1.5733345190631312,1.5708705186843872,0.3617284893989563,1
603,1788170788.8430965,-0.422919653210144,-0.6492592640915706,0.18078119037115836,1.2174242324549447,2.8960435955690107,-0.0003442923364054557,-2.0068333784686487,-2.2906158606158655,-0.8501260916339319,-1.571430508290426,1.5708705186843872,0.35985633730888367,1
604,1788170788.8843818,-0.42365840779441694,-0.6477079883260661,0.18075521104706824,1.2171638602736803,2.8961622751981673,-0.0001940528649617966,-2.008559052144186,-2.2878568808185022,-0.8548958937274378,-1.5695150534259241,1.5708585977554321,0.35794857144355774,1
605,1788170788.9274473,-0.42454411313672874,-0.6458650360171792,0.18083339737277596,1.2169524271008578,2.8962543001836525,-0.0007420690519398158,-2.010632340108053,-2.2842939535724085,-0.860875431691305,-1.5667498747455042,1.5708705186843872,0.35572850704193115,1
606,1788170788.968493,-0.42527617072803575,-0.6441215543145309,0.18063039184222332,1.216825940320357,2.8962557753385116,0.00013758795973559503,-2.0124781767474573,-2.2814024130450647,-0.8661959807025355,-1.5648825804339808,1.570894479751587,0.35380804538726807,1
607,1788170789.0114045,-0.42590609683828556,-0.6425436395129865,0.18063666921251037,1.2170137787972264,2.8961755703763297,0.0001732509960505431,-2.014108482991354,-2.2784035841571253,-0.871289078389303,-1.5628111998187464,1.570894479751587,0.3523077666759491,1
608,1788170789.0522463,-0.4265476364381932,-0.6409588601407,0.18062923204475223,1.2168325403148281,2.8962898570463844,0.00019209496138056865,-2.015750233327047,-2.2754157225238245,-0.8763940970050257,-1.560704533253805,1.5708585977554321,0.3505314588546753,1
609,1788170789.0954244,-0.42728292177247024,-0.639314906231721,0.18070212619585302,1.2171651493512097,2.8961636242339863,0.000171892573132729,-2.017548386250631,-2.272440258656637,-0.8812716642962855,-1.558789078389303,1.5708465576171875,0.34895965456962585,1
610,1788170789.1385262,-0.42822924200428286,-0.637443269849298,0.18067535004964747,1.2171386717603943,2.896113553120382,5.3187732884796874e-05,-2.0197532812701624,-2.2692373434649866,-0.8867962996112269,-1.5563948790179651,1.5709065198898315,0.3467515707015991,1
611,1788170789.1828794,-0.4289855426499084,-0.6358437255613872,0.1806421030193918,1.2174302147694662,2.896038814742737,0.00016755885312096693,-2.021550957356588,-2.2665141264544886,-0.8914817015277308,-1.5545032660113733,1.5708585977554321,0.3451434373855591,1
612,1788170789.2250752,-0.4300464863458846,-0.6339887563194814,0.18070606119978505,1.2172045983936721,2.896146356996562,-0.00017297388846379758,-2.023876492177145,-2.2634905020343226,-0.8964908758746546,-1.552300755177633,1.5708585977554321,0.34265896677970886,1
613,1788170789.264943,-0.4312537436310924,-0.632465286081179,0.1807902709664161,1.2172200717248758,2.8961460934757586,-0.00032347826302796056,-2.026189629231588,-2.2616551558123987,-0.8994033972369593,-1.5511277357684534,1.5708585977554321,0.3403549790382385,1
614,1788170789.3030972,-0.43241897461414824,-0.6310902767307953,0.18067971217723205,1.2173323389870612,2.8960855242051586,1.2803823906951804e-05,-2.0283706823932093,-2.2603591124164026,-0.9018238226519983,-1.5502179304706019,1.5708585977554321,0.33825474977493286,1
615,1788170789.3442206,-0.4337292794740754,-0.6297880512765588,0.18066717332757012,1.2169128373169562,2.896265875668031,-8.237855333025917e-05,-2.030684296284811,-2.259315315877096,-0.9036334196673792,-1.5493915716754358,1.5708585977554321,0.3356504440307617,1
616,1788170789.3850305,-0.4351524684309225,-0.6285069501857403,0.18056641525718248,1.216685936778858,2.896322809512952,0.00019673784112908814,-2.0331290403949183,-2.2587035338031214,-0.9048798719989222,-1.54893666902651,1.5708825588226318,0.3330584764480591,1
617,1788170789.4279091,-0.43648565409851575,-0.6272952688100096,0.1805246212525823,1.2167501277021102,2.8962954973497776,0.0004794031951419935,-2.0354178587542933,-2.258116070424215,-0.9059346357928675,-1.5486491362201136,1.5708705186843872,0.33081406354904175,1
618,1788170789.4714258,-0.43801007942020315,-0.6259767780020865,0.1805994771870771,1.217106352844377,2.8961827222886467,0.00023656821908970074,-2.037994686757223,-2.2573722044574183,-0.9070366064654749,-1.5481346289264124,1.5708465576171875,0.32847413420677185,1
619,1788170789.5134225,-0.43965351160876337,-0.6245740315140367,0.18069757467629396,1.2170379822617723,2.89622887141086,-0.0003843708359699425,-2.0407756010638636,-2.256484333668844,-0.9083793799029749,-1.5472844282733362,1.5708585977554321,0.3256417214870453,1
620,1788170789.5561948,-0.44110797157830933,-0.6233004380882252,0.18069878492670094,1.217534520551258,2.8960626424760267,-0.0004370961133767957,-2.043244187031881,-2.255848232899801,-0.9094575087176722,-1.5468061606036585,1.5708225965499878,0.32350555062294006,1
621,1788170789.5967538,-0.44244634934098365,-0.6219700128100771,0.18064346479943247,1.21762225551639,2.8959407225092924,-5.077815455791922e-05,-2.0456417242633265,-2.255092446004049,-0.910811726246969,-1.5464590231524866,1.5708825588226318,0.3211895823478699,1
622,1788170789.6385064,-0.44398908562378137,-0.6204278167890529,0.18070665750046142,1.2173288797565518,2.8960859914729356,2.5757181636691095e-05,-2.0483859221087855,-2.2540367285357874,-0.9124177137957972,-1.5459559599505823,1.5708585977554321,0.3182373642921448,1
623,1788170789.682968,-0.4452872775366237,-0.6189673023674934,0.18059191040226721,1.2173269004745542,2.8960440234607927,0.0005487455724898099,-2.050807301198141,-2.2529810110675257,-0.9144070784198206,-1.5453575293170374,1.5708705186843872,0.3158251643180847,1
624,1788170789.723456,-0.44643593240834456,-0.6176061044462742,0.18066810986716103,1.2170366911956976,2.896193481503511,0.00028575524286170856,-2.052988354359762,-2.2515652815448206,-0.916635815297262,-1.5443757216082972,1.5708585977554321,0.31343692541122437,1
625,1788170789.7652707,-0.4476346665990524,-0.6162018175882157,0.1807529481322084,1.2168081195540326,2.8962953197086025,-3.4774790849348976e-05,-2.055265251790182,-2.2501257101642054,-0.91888934770693,-1.5433581511126917,1.5708705186843872,0.3110007643699646,1
626,1788170789.8059685,-0.4490210836623294,-0.6144562047697554,0.1807528954991927,1.216872869408147,2.896268272933769,-3.6572820302745206e-05,-2.057974163685934,-2.248349968587057,-0.9218733946429651,-1.5421488920794886,1.5708705186843872,0.3083365261554718,1
627,1788170789.8479238,-0.45000506956409864,-0.6129737015139501,0.1806779411218621,1.217059910620386,2.896142629105838,0.00029465220919167446,-2.060059372578756,-2.2466700712787073,-0.9248331228839319,-1.5410831610309046,1.570894479751587,0.3063920736312866,1
628,1788170789.8899927,-0.45105878000783184,-0.6115032535748515,0.18059210134965714,1.2171944719227026,2.8961328669357576,0.0001690359141387529,-2.062204662953512,-2.2449548880206507,-0.9279492537127894,-1.5395987669574183,1.5708585977554321,0.30432817339897156,1
629,1788170789.932871,-0.45209129070685466,-0.6099388756835619,0.18059511481827112,1.2173475161860088,2.8960221733326468,0.00027449195738176634,-2.0644100348102015,-2.2430952231036585,-0.9310410658465784,-1.5384376684771937,1.570894479751587,0.30223992466926575,1
630,1788170789.974497,-0.4533326101095667,-0.6080834868370925,0.18068061023429924,1.2175424705956728,2.895965449032776,8.728460404338156e-05,-2.0670345465289515,-2.2407920996295374,-0.9347079435931605,-1.5369532744037073,1.5708825588226318,0.2997438311576843,1
631,1788170790.016074,-0.4545423330836938,-0.6065429825815839,0.1806824230727554,1.2176272166461266,2.8959388730571725,-4.495961022376755e-05,-2.0694311300860804,-2.239232365285055,-0.9373324553119105,-1.5358040968524378,1.5708825588226318,0.2974035441875458,1
632,1788170790.0567605,-0.45558224075483505,-0.605141057252229,0.18066813161226977,1.2173460608293076,2.896058237448522,0.0001235798564857477,-2.071540657673971,-2.23784047762026,-0.939669434224264,-1.5349658171283167,1.5708705186843872,0.29509955644607544,1
633,1788170790.0990183,-0.45678551595588274,-0.6036566520057824,0.18074813632501324,1.2171718212373142,2.896144960335953,-6.443769542262067e-05,-2.0739014784442347,-2.236400906239645,-0.9418986479388636,-1.5340560118304651,1.5708705186843872,0.2926150858402252,1
634,1788170790.1410146,-0.45808895569284575,-0.6023101015517753,0.18079770209722842,1.2171379813857484,2.896222753599575,-0.0005655502850708472,-2.0762866179095667,-2.235345188771383,-0.9436124006854456,-1.533074680958883,1.5708465576171875,0.2901909053325653,1
635,1788170790.1831317,-0.4595148321229248,-0.6007055211774824,0.18066927012377804,1.216875503384425,2.896245302488744,-8.777010118684435e-05,-2.0790069738971155,-2.23436147371401,-0.9455059210406702,-1.5324762503253382,1.570894479751587,0.287310928106308,1
636,1788170790.224959,-0.46082861200786257,-0.5992763120261727,0.1806208204198196,1.217134011970333,2.8961436585954354,0.0001587423476791865,-2.0814641157733362,-2.233486000691549,-0.9470518271075647,-1.5319612661944788,1.5708705186843872,0.2850305736064911,1
637,1788170790.266991,-0.4620954873383652,-0.5979264353970001,0.1806594796800408,1.217411408519983,2.89603733351452,2.6740565640205818e-05,-2.0838249365436,-2.2325618902789515,-0.9485138098346155,-1.5313389937030237,1.5708705186843872,0.28285878896713257,1
638,1788170790.3062382,-0.4633501205543425,-0.5965298466904541,0.18067560238954805,1.2173748710785048,2.8960617808249878,0.00023541918901484474,-2.0861976782428187,-2.231662098561422,-0.9499400297748011,-1.5309436956988733,1.5708465576171875,0.28045856952667236,1
639,1788170790.3462691,-0.46465721341617344,-0.5951792396300136,0.1806280212409866,1.21737483585355,2.8960278560250132,0.0003236073715967997,-2.088618580495016,-2.2309420744525355,-0.9512460867511194,-1.530417267476217,1.5708705186843872,0.27804601192474365,1
640,1788170790.3881252,-0.4659339836065118,-0.5939125584637448,0.18061414272834753,1.2174259536462362,2.896015382906333,0.00021099189864084137,-2.0909436384784144,-2.2302826086627405,-0.9523966948138636,-1.5298541227923792,1.5708705186843872,0.27575403451919556,1
641,1788170790.4309943,-0.46727675874769536,-0.5925976490905817,0.18069227811451521,1.2171553421767671,2.896165919418296,-6.796245888043738e-05,-2.0933759848224085,-2.229562584553854,-0.9534390608416956,-1.529351536427633,1.5708585977554321,0.2731257379055023,1
642,1788170790.4733727,-0.4688140939147757,-0.5910058063214825,0.18065507129112562,1.2166914661326225,2.896294521219549,9.006959135824988e-05,-2.0962403456317347,-2.2287824789630335,-0.9548056761371058,-1.5288727919207972,1.5709065198898315,0.26995739340782166,1
643,1788170790.5161111,-0.470081094073592,-0.5896741515748355,0.18059967788590808,1.2167886075171328,2.8962479874932083,0.0002970627508126392,-2.0986011664019983,-2.2281349341021937,-0.9559920469867151,-1.5284655729876917,1.570894479751587,0.2676650583744049,1
644,1788170790.5582957,-0.47145004014890207,-0.5882562185128835,0.18059647536006698,1.2172883429005004,2.8960873868036434,0.0003243652147203482,-2.1011298338519495,-2.227402989064352,-0.9572141806231897,-1.5279868284808558,1.5708465576171875,0.2654693126678467,1
645,1788170790.6015956,-0.47288730119542155,-0.5867332069667381,0.1806696954296123,1.2171664246231513,2.8961538518292236,0.00015555710857972333,-2.103826347981588,-2.2264912764178675,-0.9585683981524866,-1.5274360815631312,1.5708465576171875,0.2626848518848419,1
646,1788170790.6431992,-0.47426674914732325,-0.5853738339208583,0.18073868491591674,1.217580490192734,2.8960316250456497,-0.0002516359335248114,-2.1063435713397425,-2.225759808217184,-0.9596708456622522,-1.526801888142721,1.5708345174789429,0.26044079661369324,1
647,1788170790.6855423,-0.4755188826098301,-0.5841046014918228,0.18081157942363202,1.2175784488100008,2.895993632880189,-0.0006598133458518899,-2.108680073414938,-2.225027386342184,-0.960761849080221,-1.5261910597430628,1.5709065198898315,0.25811249017715454,1
648,1788170790.729859,-0.4770291807730977,-0.582449700504742,0.1807090575969809,1.2175491302887431,2.895988830043744,-0.00034078443826892284,-2.111556355153219,-2.2242239157306116,-0.9623077551471155,-1.5256522337542933,1.570894479751587,0.2552201747894287,1
649,1788170790.772988,-0.47830456220797585,-0.5810090397716527,0.1806662877167325,1.217369519114652,2.8960145081675845,2.7502583001715493e-05,-2.1140249411212366,-2.223503891621725,-0.9635537306415003,-1.525365177785055,1.5709065198898315,0.2526398301124573,1
650,1788170790.815371,-0.47978890838077687,-0.5793970792773706,0.18069178067000222,1.216874606631276,2.896262975412277,1.680271985848078e-05,-2.1168411413775843,-2.2226279417621058,-0.9649441877948206,-1.5248387495623987,1.5708705186843872,0.24947187304496765,1
651,1788170790.8602655,-0.4810223492079024,-0.5779316995365582,0.18060655460486763,1.216967748509443,2.8962066171186907,0.0004309224638403848,-2.1192739645587366,-2.2218244711505335,-0.9664300123797815,-1.5244196097003382,1.5708465576171875,0.2471076101064682,1
652,1788170790.9012613,-0.48217473880205686,-0.5765030157792445,0.18055253997450818,1.2171797720663529,2.8960930892197316,0.000653405443628027,-2.121598545704977,-2.2208884398089808,-0.9680841604815882,-1.5238450209247034,1.5708465576171875,0.24493546783924103,1
653,1788170790.9431667,-0.48353750040728993,-0.5748251113805638,0.18056862156229977,1.2171815222725497,2.8961112807726885,0.0004671876228298195,-2.124343220387594,-2.2196291128741663,-0.9701574484454554,-1.5229113737689417,1.5708465576171875,0.24218733608722687,1
654,1788170790.9843001,-0.48467059711032945,-0.5732952933548034,0.18060496674775553,1.2174310845782534,2.895990787560247,0.0004816090743362386,-2.126727883015768,-2.2183693091021937,-0.9721468130694788,-1.5221932570086878,1.5708585977554321,0.2399788647890091,1
655,1788170791.0268574,-0.4857258414495849,-0.5718592807287323,0.18062398704668844,1.2175374336404672,2.8959642632344913,0.0003119012067527654,-2.1289566198932093,-2.217109505330221,-0.9742081801043909,-1.5212824980365198,1.5708585977554321,0.23781909048557281,1
656,1788170791.0685408,-0.48685145396543306,-0.5702710510969061,0.18063409073607145,1.2175980641145947,2.8959255992619326,0.00042314659243715446,-2.1313779989825647,-2.215778175984518,-0.9763653914081019,-1.5205286184894007,1.5708585977554321,0.23544283211231232,1
657,1788170791.1104214,-0.48789873543270984,-0.5687866431938038,0.1806883349283284,1.2175056268826285,2.8960110001019417,-0.00010193236994250092,-2.1336429754840296,-2.214278046284811,-0.9787858168231409,-1.5192716757403772,1.5708705186843872,0.23310254514217377,1
658,1788170791.153149,-0.4890251120234239,-0.5671190120266625,0.18074400412947927,1.2170960411160685,2.8962220726925385,-0.00020817988715103236,-2.136123005543844,-2.2127063910113733,-0.9812548796283167,-1.518301788960592,1.5708465576171875,0.23033006489276886,1
659,1788170791.197109,-0.4898285559859471,-0.5659554265434663,0.18073628163472694,1.2171878237507947,2.8961555497713225,-8.149928777590808e-05,-2.1378849188434046,-2.2117469946490687,-0.9828365484820765,-1.5177634398089808,1.5708585977554321,0.2286384254693985,1
660,1788170791.2408252,-0.49014596235959806,-0.565545578830195,0.18071029140575914,1.217194767329483,2.8961286193139686,0.00012145446475546878,-2.1385439077960413,-2.2115424315081995,-0.9832084814654749,-1.5177272001849573,1.5708585977554321,0.22799015045166016,1
661,1788170791.282738,-0.4901296997939798,-0.5655750399135192,0.18072854292488783,1.2172605113771822,2.8960903460430987,0.0001005794922479234,-2.138507668172018,-2.211566750203268,-0.9831245581256312,-1.5177753607379358,1.5708705186843872,0.22807441651821136,1
662,1788170791.3274562,-0.49012476744651484,-0.5655673058623053,0.1805090470584486,1.2172786088432601,2.8960848382968667,8.286306701080025e-05,-2.138507668172018,-2.211566750203268,-0.983687702809469,-1.517200771962301,1.5708705186843872,0.22808639705181122,1
663,1788170791.3667846,-0.49014251930185526,-0.565573008374044,0.17927567359632768,1.2173095383835748,2.896108184153316,-0.00011329379918071222,-2.138520065938131,-2.211722199116842,-0.9866116682635706,-1.5139926115619105,1.5708585977554321,0.22808639705181122,1
664,1788170791.408187,-0.4901401477075481,-0.5655692897538409,0.1774073253276285,1.2172672641807634,2.8961533873219523,-0.000345100848521106,-2.138520065938131,-2.2119267622577112,-0.9910820166217249,-1.5091679731952112,1.5708585977554321,0.22805044054985046,1
665,1788170791.4486074,-0.49016046690181275,-0.5655683205204903,0.1745493099434489,1.217341598094929,2.896087804611998,-5.4974751895090805e-05,-2.1385439077960413,-2.2125986258136194,-0.9972298781024378,-1.502535645161764,1.5708585977554321,0.22808639705181122,1
666,1788170791.4916742,-0.49011079992296347,-0.5655403429934146,0.1712313937377134,1.2173036816057057,2.8960473330740557,0.0004211784755448069,-2.138507668172018,-2.213306252156393,-1.0044682661639612,-1.494897190724508,1.5708585977554321,0.22811035811901093,1
667,1788170791.5342386,-0.4901511068649794,-0.5656137188124633,0.16744939405739517,1.2172778486130589,2.8960830382317235,-1.113417971675036e-05,-2.138507668172018,-2.2142179648028772,-1.0127022902118128,-1.485476318989889,1.5708825588226318,0.22808639705181122,1
668,1788170791.5771205,-0.4901703267595223,-0.5656551607617083,0.16425019433029778,1.217260559351663,2.896138825728092,-0.0003091363738569644,-2.138495747243063,-2.2150099913226526,-1.0196288267718714,-1.477563206349508,1.5708705186843872,0.22807441651821136,1
669,1788170791.6197708,-0.4901521317496458,-0.5655880805412653,0.1609532050576789,1.2172817046190951,2.8960905098746563,0.00013474887429042813,-2.138520065938131,-2.215885941182272,-1.0265558401690882,-1.4700449148761194,1.5708585977554321,0.22807441651821136,1
670,1788170791.6619473,-0.4902922758191367,-0.5655704366160125,0.15774448234738417,1.217222473865884,2.8960968613481106,6.856207454796495e-05,-2.1386998335467737,-2.217001263295309,-1.0329440275775355,-1.4625027815448206,1.5708825588226318,0.22785831987857819,1
671,1788170791.7040522,-0.49085646819552875,-0.5651516064265375,0.1538683341103731,1.2171508157346587,2.896080603350959,0.00045663603874298724,-2.139646355305807,-2.2184889952289026,-1.0403626600848597,-1.4538472334491175,1.5708825588226318,0.2268737405538559,1
672,1788170791.7450094,-0.4916662339968962,-0.5646104594914918,0.15077685648181552,1.2173591758295348,2.896047300742445,-0.00010764927006725633,-2.1409648100482386,-2.2196291128741663,-1.0464986006366175,-1.4462087790118616,1.570894479751587,0.22568580508232117,1
673,1788170791.7872078,-0.4930566364235825,-0.5634040168212947,0.14758004275922393,1.2181353794362633,2.895720783341937,2.255187713080172e-06,-2.143420998250143,-2.220792595540182,-1.0527671019183558,-1.4388459364520472,1.5708825588226318,0.22376571595668793,1
674,1788170791.8289983,-0.49449958316810677,-0.5621709716741794,0.1443801768813216,1.2188479012183853,2.8954348305591964,0.00021096080070499913,-2.145949665700094,-2.222100559865133,-1.0587948004352015,-1.4316390196429651,1.5708465576171875,0.22172576189041138,1
675,1788170791.8716512,-0.4962149072234954,-0.5609582803849338,0.1405530880655124,1.219519380148459,2.895104016646777,6.340497570584383e-05,-2.148801628743307,-2.224139992390768,-1.0652788321124476,-1.4230311552630823,1.5709065198898315,0.21934951841831207,1
676,1788170791.9128938,-0.4977904789799645,-0.5599447705035913,0.13738462880720612,1.2206140785993684,2.894705171543805,-0.00011759545250894026,-2.151318375264303,-2.226119343434469,-1.0701802412616175,-1.4160268942462366,1.5708705186843872,0.2175736129283905,1
677,1788170791.9548917,-0.49925338522947355,-0.5590160709622097,0.13413188145672011,1.221362105466179,2.8943592930605506,0.00012006560463212319,-2.1536553541766565,-2.2283266226397913,-1.0748546759234827,-1.4092991987811487,1.5708705186843872,0.2157609909772873,1
678,1788170791.997795,-0.5007986802707209,-0.558023731425985,0.13086101584413404,1.2236178146681178,2.8934156042933337,0.00025191056392406645,-2.156123940144674,-2.230582062398092,-1.0795167128192347,-1.4024627844439905,1.5708465576171875,0.2148490697145462,1
679,1788170792.039392,-0.5026563036160436,-0.5568671433669723,0.12707992429424583,1.2260552591383287,2.892373681674254,0.0003244938784547167,-2.159071747456686,-2.233353916798727,-1.0846460501300257,-1.3946087996112269,1.5708465576171875,0.21358884871006012,1
680,1788170792.0827665,-0.5042406384977971,-0.5559383771364391,0.12403365035769143,1.227948754381946,2.8915419199560524,0.0002348869480256797,-2.1615522543536585,-2.235764805470602,-1.0885050932513636,-1.3882878462420862,1.5708825588226318,0.2124248892068863,1
681,1788170792.1258152,-0.5059250601972788,-0.5549820949681219,0.12127933185371298,1.2304213537485214,2.890580015415741,-0.000436109833747157,-2.16415244737734,-2.2379964033709925,-1.0920046011554163,-1.3821218649493616,1.5708825588226318,0.2115129679441452,1
682,1788170792.1687045,-0.5077042346736584,-0.5539514062565398,0.1177484385002858,1.231928405760719,2.8898543774646144,0.00028556658239177967,-2.166908566151754,-2.241187874470846,-1.0956843535052698,-1.375716511403219,1.5708705186843872,0.20982056856155396,1
683,1788170792.2112658,-0.5093405239060276,-0.5529929176032852,0.11601394833601619,1.2327742728096602,2.889545282100173,1.5267139612038692e-06,-2.1694491545306605,-2.243035141621725,-1.0971224943744105,-1.372244660054342,1.5708585977554321,0.2078525274991989,1
684,1788170792.2540064,-0.5108613283759001,-0.552163517012379,0.11490316564695144,1.2329068206693066,2.8894853721109843,0.0001217857669419488,-2.1717618147479456,-2.244762722645895,-1.0970748106585901,-1.3706405798541468,1.5708465576171875,0.20563244819641113,1
685,1788170792.2980204,-0.5127601806993096,-0.5510719693335805,0.11460451793214219,1.2332429281809718,2.8893312455959155,0.00010084128859942462,-2.1746977011310022,-2.24620229402651,-1.0954206625567835,-1.3708441893206995,1.5708585977554321,0.20293188095092773,1
686,1788170792.3408058,-0.514275716389482,-0.5500352648457928,0.11471740267266459,1.233379765111678,2.8892808689026217,-4.99499351251358e-05,-2.17716628709902,-2.246815029774801,-1.094114128743307,-1.3714426199542444,1.5708705186843872,0.20055601000785828,1
687,1788170792.3807259,-0.5161023112531578,-0.5487728838653726,0.11470923882356643,1.2334542769256602,2.8892799638145887,-7.92370296732983e-05,-2.1801384131061,-2.247666660939352,-1.0927003065692347,-1.3719809691058558,1.5708465576171875,0.1976277381181717,1
688,1788170792.419041,-0.5173522785922389,-0.5479253263051612,0.11472186922349759,1.2334082430825213,2.88928303569806,-0.0002390803171910363,-2.1821749846087855,-2.248242203389303,-1.0917170683490198,-1.3722923437701624,1.5708825588226318,0.1955634504556656,1
689,1788170792.461903,-0.5188464424942861,-0.5469416920623337,0.11467934217623749,1.2333927142693255,2.8892599124106613,-0.00030526056364942077,-2.1845834890948694,-2.2490699926959437,-1.0904348532306116,-1.372711483632223,1.5709184408187866,0.19315163791179657,1
690,1788170792.5034015,-0.520643425680208,-0.545587186329208,0.1147673836292473,-1.2330326271955898,-2.889489219284311,0.0005617323964678847,-2.187579933797018,-2.2495978514300745,-1.0893562475787562,-1.373082462941305,1.5708585977554321,0.18988704681396484,1
691,1788170792.5461566,-0.5219893002097934,-0.5442245379889926,0.11472529350130056,1.2329034213957166,2.8895390484628076,-0.0003224403042429523,-2.190108124409811,-2.2495620886432093,-1.0894878546344202,-1.3731425444232386,1.5708585977554321,0.18727074563503265,1
692,1788170792.5870283,-0.5232200508559235,-0.5429061211337373,0.11459521971830766,1.2326349538746564,2.8895495786462786,1.0687160235992263e-05,-2.1924923102008265,-2.2495020071612757,-1.0898717085467737,-1.3730467001544397,1.5709065198898315,0.18472671508789062,1
693,1788170792.6305475,-0.524424582989657,-0.5413576237337782,0.11455520389827684,1.233204846381957,2.8893157028579375,0.0003802248217023496,-2.1949966589557093,-2.2489145437823694,-1.090914551411764,-1.3728192488299769,1.5708465576171875,0.1826145052909851,1
694,1788170792.673919,-0.5251452704337134,-0.5401149456748585,0.11459030686131672,1.2331477592207696,2.889286146604999,0.00038010667437462283,-2.196770493184225,-2.2478821913348597,-1.0925682226764124,-1.3722088972674769,1.570894479751587,0.18081462383270264,1
695,1788170792.71622,-0.5253442846938051,-0.5397515205006651,0.11434847977871437,1.2334351200055342,2.8891465588949856,0.0007416191859271543,-2.197261635457174,-2.247810188923971,-1.0932629744159144,-1.3718140761004847,1.5708585977554321,0.18052662909030914,1
696,1788170792.7578151,-0.525329538012601,-0.5398173804830677,0.11397883868588982,1.233575265695392,2.8891856969979837,0.0001972654028706833,-2.1971901098834437,-2.24790603319277,-1.0941503683673304,-1.3704727331744593,1.5708465576171875,0.18067044019699097,1
697,1788170792.7987368,-0.5252845334599768,-0.5398152769530196,0.11255098091460175,1.2334422924151336,2.889163009856813,0.00044772622035476196,-2.19715387025942,-2.248674217854635,-1.0965231100665491,-1.3675034681903284,1.5708825588226318,0.1806344836950302,1
698,1788170792.8403594,-0.5253022722560818,-0.5398047926804938,0.11045107672606264,1.2334901153235678,2.8891796715805866,0.0002970507283192257,-2.1971777121173304,-2.24976617494692,-1.1001666227923792,-1.3626669088946741,1.5708705186843872,0.1806344836950302,1
699,1788170792.881593,-0.5253520789917843,-0.5398671941677631,0.10752441042804634,1.2335944457855126,2.88918272684663,-0.00017657191773077298,-2.1971901098834437,-2.2514331976519983,-1.1050446669207972,-1.3558180967914026,1.570894479751587,0.18068242073059082,1
700,1788170792.9241145,-0.525341977307824,-0.5398089489243523,0.10415937241919865,1.233557628882986,2.889144904077129,0.00041952099879160156,-2.197213951741354,-2.253424946461813,-1.1103537718402308,-1.3488982359515589,1.5708585977554321,0.18064646422863007,1
701,1788170792.9634647,-0.5252939823756737,-0.5398178229382731,0.10097685992394834,1.2334399193788286,2.8891576875152727,0.00040340898691530665,-2.1971657911883753,-2.2552250067340296,-1.115615193043844,-1.3418343702899378,1.570894479751587,0.18062250316143036,1
702,1788170793.0050275,-0.5253236008934423,-0.5397987093020098,0.0977301709223034,1.2334532699655985,2.8891878461084373,0.0004297424539897845,-2.1972020308123987,-2.2572043577777308,-1.1207450071917933,-1.3347342650042933,1.5708585977554321,0.1805865466594696,1
703,1788170793.045936,-0.5253152480441352,-0.5398069636021787,0.09387262937638288,1.233206503107173,2.8892807517079486,0.00042412507888468624,-2.1971901098834437,-2.2596033255206507,-1.1267736593829554,-1.3263056913958948,1.5708705186843872,0.18043075501918793,1
704,1788170793.0840018,-0.5253252607446444,-0.5398470765139582,0.09075009604373524,1.2330568784045346,2.889412653355519,7.546132698082657e-05,-2.1971657911883753,-2.261571232472555,-1.1316755453692835,-1.3192055861102503,1.5708585977554321,0.18033450841903687,1
705,1788170793.1238873,-0.5253644583516736,-0.5398598139834409,0.08833333373005917,1.2331259317266867,2.889429471111069,-0.00030413491750563295,-2.1972020308123987,-2.263118569050924,-1.1354506651507776,-1.3136380354510706,1.5708705186843872,0.18033450841903687,1
706,1788170793.1659765,-0.5253562396022755,-0.539828657973066,0.08437421049189303,1.2330666438267022,2.8893866862521476,0.0002142386226829599,-2.197213951741354,-2.2658665815936487,-1.1410959402667444,-1.3055804411517542,1.5708585977554321,0.1802985519170761,1
707,1788170793.20752,-0.5253467390098238,-0.5396424230567543,0.08107725112879058,1.2326403417836698,2.889494868576048,0.0005126126561964147,-2.197357479725973,-2.267881695424215,-1.1462972799884241,-1.2985642592059534,1.5708825588226318,0.1798783540725708,1
708,1788170793.2483654,-0.525715475293749,-0.5388336244179784,0.07793036292972638,1.232388403746522,2.889680213837874,0.00018628117550836102,-2.19838792482485,-2.269177261983053,-1.1524580160724085,-1.2908895651446741,1.5708585977554321,0.17865408957004547,1
709,1788170793.2905216,-0.5260245964029376,-0.537861161796853,0.07461989769477734,1.232644294342984,2.8894695803155237,0.0005721160965730669,-2.1995022932635706,-2.2704971472369593,-1.1589058081256312,-1.2833822409259241,1.570894479751587,0.17774216830730438,1
710,1788170793.3317711,-0.5263968095036197,-0.5368081370575499,0.07141983489771725,1.2329804496054089,2.889397702283278,0.00045588531576064826,-2.2007249037372034,-2.2715891043292444,-1.1655576864825647,-1.2755516211139124,1.5708465576171875,0.17673437297344208,1
711,1788170793.3724678,-0.5270068626113559,-0.5353719340810209,0.06840187615306481,1.23289039937411,2.889440486412238,0.0002588010421051867,-2.202534023915426,-2.272332493458883,-1.1723535696612757,-1.2678893248187464,1.5708705186843872,0.1748618334531784,1
712,1788170793.41115,-0.5276398262887991,-0.5335961741176177,0.06470850791830962,1.2332559549957864,2.889395370677476,-0.0003447071243964095,-2.2046311537372034,-2.272980515156881,-1.1812108198748987,-1.257986847554342,1.5708585977554321,0.17299003899097443,1
713,1788170793.4487598,-0.5280407731003327,-0.5322797840605628,0.062160198608395056,1.2329843232211088,2.8894418931365164,-0.0001630661977039391,-2.2061288992511194,-2.2734606901751917,-1.1871793905841272,-1.2516654173480433,1.570894479751587,0.17132161557674408,1
714,1788170793.4878283,-0.5285115337094618,-0.5306654124900967,0.05920529911437747,1.2328476913142838,2.8894696406097227,0.00018569386380607296,-2.207926098500387,-2.273964230214254,-1.194190804158346,-1.2443731466876429,1.5708705186843872,0.1694374680519104,1
715,1788170793.5288084,-0.5290987034939012,-0.5291916744351444,0.05730852932355493,1.232590412135076,2.8896926017406326,-0.0005006672837755295,-2.209748093281881,-2.2737844626056116,-1.1997283140765589,-1.2385662237750452,1.5708705186843872,0.16740913689136505,1
716,1788170793.5680566,-0.5297115669928362,-0.5275697328095169,0.05584153013209392,1.2329490490694643,2.889536515859091,-0.0005553467078399573,-2.2117250601397913,-2.273268524800436,-1.2045939604388636,-1.2341836134540003,1.5708825588226318,0.1656811684370041,1
717,1788170793.608835,-0.529943772413697,-0.5259143620942792,0.05501493116272266,1.2328184600015946,2.88952860183584,6.420273601212789e-05,-2.213306252156393,-2.2717326323138636,-1.209400478993551,-1.2313101927386683,1.5708465576171875,0.1640254706144333,1
718,1788170793.649451,-0.5299066823914927,-0.5243794758568127,0.05499261948518411,1.23325947510819,2.8892719689927784,0.00038768569251142854,-2.2145169417010706,-2.269201103840963,-1.21381122270693,-1.2296460310565394,1.5708585977554321,0.16313713788986206,1
719,1788170793.6912758,-0.52988157066239,-0.5236701377057265,0.05502218495231134,1.2330208114608303,2.8894365496599117,0.00025486147977937654,-2.2150562445269983,-2.2678940931903284,-1.2160285154925745,-1.2286399046527308,1.5708225965499878,0.1624169647693634,1
720,1788170793.7327435,-0.5298422430308268,-0.5237289259698169,0.055042294514254075,1.232920223848043,2.889441037289058,8.619403085484354e-05,-2.2149842421161097,-2.26786977449526,-1.2160409132586878,-1.228555981312887,1.5708825588226318,0.16242894530296326,1
721,1788170793.7754855,-0.5298152806778803,-0.5233312255324568,0.055082762494173876,1.2328287058269067,2.8894681981424526,0.0003133245365557806,-2.215271774922506,-2.267185990010397,-1.2170832792865198,-1.2283404509173792,1.5708585977554321,0.1620810329914093,1
722,1788170793.8150477,-0.5296872222266397,-0.5223718876078621,0.055109796929484534,1.2329409480747744,2.8893510778517095,0.00040353498344189995,-2.215930763875143,-2.265374008809225,-1.2201398054706019,-1.2271669546710413,1.5709065198898315,0.16151702404022217,1
723,1788170793.857919,-0.5292083026290741,-0.5211036049562479,0.05511568996314958,1.2331267603074294,2.8893572496900735,0.0004524964679687956,-2.216421906148092,-2.262435261403219,-1.2252214590655726,-1.2250354925738733,1.5708225965499878,0.16113315522670746,1
724,1788170793.895913,-0.5283273341061626,-0.5196952158872642,0.055293774307146604,1.2333514952172335,2.889358339745346,-0.00027130190623213355,-2.216625515614645,-2.258235756550924,-1.2321370283709925,-1.2218506971942347,1.5708465576171875,0.1610608696937561,1
725,1788170793.9351523,-0.5269262360725853,-0.5187570761072208,0.055215258802004674,1.2331992187580043,2.88933229864141,-5.295267483940377e-05,-2.2158826033221644,-2.2544568220721644,-1.2388489882098597,-1.2190726439105433,1.570894479751587,0.1617211252450943,1
726,1788170793.9745746,-0.525412489706697,-0.5184959987457063,0.05516931696562788,1.2333487932212652,2.8892876613277547,-8.134084952601123e-06,-2.214433495198385,-2.251529041920797,-1.2440269629107874,-1.2168458143817347,1.5708705186843872,0.16326896846294403,1
727,1788170794.0150387,-0.523836827009457,-0.5185553007941316,0.05524104874511146,1.2331850331688459,2.8894217024987334,-0.0004694664816390407,-2.2126596609698694,-2.248793903981344,-1.2486298719989222,-1.2146785894977015,1.5708825588226318,0.16491343080997467,1
728,1788170794.0551977,-0.5222471506747822,-0.5186387961894203,0.055245180916734776,1.2333192279086809,2.88934314962097,-0.0002647444453356308,-2.2108381430255335,-2.2463348547564905,-1.252824608479635,-1.213074032460348,1.5708705186843872,0.16683314740657806,1
729,1788170794.0936315,-0.5205179664054368,-0.5187620926698681,0.05510848273257221,1.2329459866116448,2.8894151014403517,0.0003414238682861303,-2.2088249365436,-2.2439592520343226,-1.2571871916400355,-1.2114809195147913,1.5708585977554321,0.16860981285572052,1
730,1788170794.131519,-0.5189741457865712,-0.5187583181168209,0.05520876682151274,1.2331940867630173,2.88936217951118,0.00018578302699738815,-2.207111660634176,-2.2412598768817347,-1.2615864912616175,-1.2096732298480433,1.5708345174789429,0.1704815924167633,1
731,1788170794.1738772,-0.5177652247068065,-0.5188215523988313,0.055277810045772396,1.2331603384532832,2.8893710155843753,-0.0001076841126929473,-2.205733601246969,-2.239232365285055,-1.2649300734149378,-1.2081764380084437,1.5708825588226318,0.1718376874923706,1
732,1788170794.2140975,-0.5163038839385296,-0.518777922254504,0.055252484938437346,1.2333863174526534,2.889219533630971,6.625181487246265e-05,-2.204151455556051,-2.236832920704977,-1.2690890471087855,-1.206536118184225,1.5709065198898315,0.17359000444412231,1
733,1788170794.255713,-0.5159757481219478,-0.5187952117812061,0.05530844340449112,1.2334136202851933,2.8892793943325663,-4.491513544840271e-05,-2.203756634389059,-2.236232582722799,-1.2699883619891565,-1.2061532179461878,1.5708585977554321,0.17398585379123688,1
734,1788170794.29757,-0.516006295391777,-0.5187738791282601,0.055278411126271354,1.2334807229321483,2.8892458031684622,6.878917489059095e-05,-2.203804318104879,-2.236304585133688,-1.269928280507223,-1.2062128225909632,1.5708465576171875,0.17398585379123688,1
735,1788170794.338759,-0.5160038306772547,-0.5187751665158363,0.05526944128238828,1.2334403980837154,2.889247202407728,8.344811259191698e-05,-2.203804318104879,-2.236316982899801,-1.269928280507223,-1.2062128225909632,1.5708585977554321,0.17396189272403717,1
736,1788170794.3797643,-0.516008483786902,-0.5187953558159069,0.05529715888599038,1.2334158009464822,2.889237524154299,-3.9507993293100826e-05,-2.203804318104879,-2.236304585133688,-1.2698925177203577,-1.206188980733053,1.570894479751587,0.17394991219043732,1
737,1788170794.4228203,-0.5160354389016912,-0.5187838548357151,0.055297348169183885,1.2334735547682183,2.889275522078592,-9.60484449668983e-05,-2.2038286367999476,-2.236304585133688,-1.2699044386493128,-1.2061288992511194,1.5708465576171875,0.17394991219043732,1
738,1788170794.4618843,-0.5160338057864021,-0.518801438886567,0.0551514994438132,1.2334259375868426,2.8893095174812413,-0.00026372940481182434,-2.2038162390338343,-2.2364128271686,-1.270144287739889,-1.2056739966021937,1.5708585977554321,0.17392593622207642,1
739,1788170794.499177,-0.5160258362454022,-0.5187892616064222,0.0540667768312213,1.2333986485250104,2.8892439035504385,-3.367773182792468e-05,-2.2038286367999476,-2.2374089399920862,-1.2713545004474085,-1.2036264578448694,1.570894479751587,0.17391395568847656,1
740,1788170794.5397644,-0.5160514480228405,-0.5188300832682822,0.05278230347345375,1.2333893167137062,2.889319604741767,-0.0003117517866710972,-2.2038162390338343,-2.23857289949526,-1.2729128042804163,-1.200716797505514,1.5708705186843872,0.1739019751548767,1
741,1788170794.5813966,-0.5160123916483572,-0.5187663385821438,0.04982257555360717,1.233376234009978,2.8892393095050863,0.00013614228197876996,-2.2038286367999476,-2.241187874470846,-1.2764366308795374,-1.1948736349688929,1.5708825588226318,0.1739019751548767,1
742,1788170794.6240692,-0.5160189223550186,-0.5187659920401965,0.046792452438805504,1.23385684172936,2.889069155206937,8.492123621450292e-05,-2.2038286367999476,-2.2439354101764124,-1.280020538960592,-1.1885030905352991,1.5708585977554321,0.17422591149806976,1
743,1788170794.6650953,-0.5159982477965157,-0.5188013183821826,0.04385064457281901,1.2344376645484172,2.8887974628195923,0.00014853291826168465,-2.203780476246969,-2.2466943899737757,-1.2833288351642054,-1.1824801603900355,1.5708705186843872,0.17468206584453583,1
744,1788170794.7060452,-0.5160084971378573,-0.5187656314229684,0.041107216705719096,1.2350118458460122,2.888509951130498,0.0002435906820382333,-2.2038286367999476,-2.2492497603045862,-1.2864449659930628,-1.1768763701068323,1.570894479751587,0.17504197359085083,1
745,1788170794.7479122,-0.5160409585182175,-0.5188495963722152,0.03924988699795279,1.2349694863845366,2.8886515546693188,-0.0004392968590343551,-2.203792397175924,-2.2510016600238245,-1.2886503378497522,-1.1724699179278772,1.5708825588226318,0.17501799762248993,1
746,1788170794.7908823,-0.5160420953700527,-0.5188358307361486,0.03785822976377479,1.234980195679528,2.888581329843293,-0.0002806647087585571,-2.2038162390338343,-2.252357308064596,-1.2901127974139612,-1.1697638670550745,1.5709184408187866,0.17501799762248993,1
747,1788170794.8316453,-0.5160605624607618,-0.5188379045343257,0.03695134289230223,1.2350049845257585,2.888639294273234,-0.00029142778392421604,-2.2038162390338343,-2.25324517885317,-1.2910836378680628,-1.1678841749774378,1.5708585977554321,0.17501799762248993,1
748,1788170794.8744786,-0.5160294928321076,-0.5188293228385552,0.03568070193005218,1.235006990519029,2.888595566113424,-0.00010820432169212525,-2.203792397175924,-2.2544568220721644,-1.2924616972552698,-1.1654170195208948,1.5708705186843872,0.17505395412445068,1
749,1788170794.9161823,-0.5160033286050892,-0.5187783965500269,0.0336486292625805,1.2349581071510365,2.888529595933267,0.00018094193858392618,-2.2038162390338343,-2.256388489400045,-1.2946789900409144,-1.1614654699908655,1.5709065198898315,0.17501799762248993,1
750,1788170794.9596493,-0.5160110392220049,-0.5188141519551783,0.03036108234692056,1.2350914609238286,2.888553480560285,1.130337659621015e-05,-2.203780476246969,-2.259627644215719,-1.2981913725482386,-1.1545918623553675,1.5708585977554321,0.175125852227211,1
751,1788170794.9998891,-0.5159802894512641,-0.5188159827549013,0.027268201538375503,1.2354389493552569,2.8883584052131703,0.00029946237953358063,-2.203744713460104,-2.262735191975729,-1.301319424306051,-1.1485446135150355,1.5708585977554321,0.1754138469696045,1
752,1788170795.0414371,-0.5156384356112258,-0.5192740399255072,0.0251880597354594,1.2357263587241032,2.8883075962758973,-0.00014838239718634115,-2.20298940340151,-2.2648943106280726,-1.3034175078021448,-1.1439946333514612,1.5708585977554321,0.17635011672973633,1
753,1788170795.0851986,-0.5149552758575935,-0.5198671654005362,0.023511057898635362,1.236051563523025,2.8881000179374645,0.0002794027266982222,-2.2017434279071253,-2.266573731099264,-1.3050830999957483,-1.1409290472613733,1.5708585977554321,0.17783841490745544,1
754,1788170795.1283937,-0.5138055952787083,-0.5209936553237405,0.022689975646530663,1.2355991455858655,2.888372820956855,-0.00013372380610523913,-2.199538532887594,-2.2672818342791956,-1.3062098662005823,-1.1388214270221155,1.5708465576171875,0.17971019446849823,1
755,1788170795.1686766,-0.5126152192784778,-0.5221970782123311,0.02271200037545809,1.2357552888958991,2.888340561926748,-0.0005269284873622791,-2.197237793599264,-2.267209831868307,-1.3063419500934046,-1.1385100523578089,1.5708705186843872,0.18211041390895844,1
756,1788170795.2111745,-0.511847359980494,-0.5236369519416261,0.02272439521472494,1.2353829816232216,2.8884621097585255,-0.0002879134978627657,-2.1952131430255335,-2.2683613936053675,-1.304232422505514,-1.1396239439593714,1.5708705186843872,0.18388670682907104,1
757,1788170795.252748,-0.5118197950738171,-0.5250110023157214,0.02258687203040982,1.2353224692424836,2.888411108211235,0.00020928748478287376,-2.1940744558917444,-2.270796600972311,-1.3002293745623987,-1.1415160338031214,1.5708705186843872,0.18500272929668427,1
758,1788170795.2946482,-0.5120744223732561,-0.5258823701865355,0.022661398222755813,1.235307575446705,2.888469700285388,-4.321372242149096e-05,-2.1936548391925257,-2.2724526564227503,-1.2971366087542933,-1.142785374318258,1.5708585977554321,0.18539896607398987,1
759,1788170795.3373213,-0.512206493485115,-0.5260399035344039,0.02276197778488348,1.2353100214802266,2.8884264407964775,-0.00011584955623667858,-2.193691078816549,-2.2728002707110804,-1.2962496916400355,-1.1432879606830042,1.5709065198898315,0.18537499010562897,1
760,1788170795.3800285,-0.5122322028166234,-0.5260225580628471,0.02277176052214555,1.235369507534342,2.8884702892811824,-0.00013196977354949454,-2.1937149206744593,-2.2727883497821253,-1.2962496916400355,-1.1432760397540491,1.5708465576171875,0.18537499010562897,1
761,1788170795.4229853,-0.5122152789679187,-0.5260232100314496,0.022776960063697144,1.2353593369845075,2.888446272747372,-0.00012112619477865876,-2.193702999745504,-2.272764507924215,-1.2962740103351038,-1.1432879606830042,1.5708705186843872,0.18538697063922882,1
762,1788170795.463663,-0.5122325416618599,-0.5260214874315043,0.02276423507564393,1.2354455720228323,2.888361434369065,-0.0001564698800577237,-2.1937387625323694,-2.2728002707110804,-1.2962496916400355,-1.143264118825094,1.5709184408187866,0.18542292714118958,1
763,1788170795.501503,-0.5122470171169164,-0.5260525579533337,0.022749364975630598,1.2353256628802307,2.8884634898111874,-0.00013940716114211108,-2.1937149206744593,-2.2728846708880823,-1.2961419264422815,-1.1432879606830042,1.5708705186843872,0.18535102903842926,1
764,1788170795.538867,-0.5122950653410033,-0.5261585014545025,0.022800858227109283,1.2354510794377194,2.8884211774892568,-0.00038665736078505954,-2.193691078816549,-2.2730162779437464,-1.2958062330829065,-1.1433361212359827,1.570894479751587,0.18545888364315033,1
765,1788170795.5800338,-0.512325117716364,-0.526354827945941,0.022784047007196745,1.2357197048617061,2.8883288405510896,-0.00036020552349318294,-2.193559471760885,-2.2734001318561,-1.29517108598818,-1.1435993353473108,1.5708705186843872,0.18577083945274353,1
766,1788170795.6218374,-0.5123385492663488,-0.5276144902451703,0.022670518958891606,1.23587174183509,2.8882493273687473,-0.00026727885263738623,-2.192564312611715,-2.275595490132467,-1.2915871779071253,-1.1450484434710901,1.5708705186843872,0.1868748962879181,1
767,1788170795.6633797,-0.5125737172503324,-0.5290324125031933,0.02257496103456197,1.2359845567939916,2.8881741116070163,-4.244187153558512e-06,-2.1916893164264124,-2.2784274260150355,-1.2867925802813929,-1.147179905568258,1.5708585977554321,0.1878347545862198,1
768,1788170795.7056572,-0.5127689980816844,-0.5305165027357186,0.02260316112826652,1.2355168698893153,2.888365513789901,-0.00012269871091602076,-2.1907313505755823,-2.2810905615436,-1.2820099035846155,-1.1492274443255823,1.5708825588226318,0.18847104907035828,1
769,1788170795.748569,-0.5130081987606616,-0.531696934215548,0.022560110436932346,1.2353146037784546,2.888464877346045,5.700810214488138e-05,-2.1900480429278772,-2.283478085194723,-1.2778633276568812,-1.1510956923114222,1.5708465576171875,0.1890110820531845,1
770,1788170795.791686,-0.5133473124881485,-0.532167101173892,0.022651902326774886,1.2352704612879186,2.888505561057633,-0.00026348093134501144,-2.1900599638568323,-2.2846058050738733,-1.2756579558001917,-1.1519697348224085,1.5708705186843872,0.1889631450176239,1
771,1788170795.833864,-0.5133462187415578,-0.532164707343067,0.02266990642242342,1.2350519244711058,2.8885692949076867,-0.0003319035469740267,-2.1900718847857874,-2.28456956544985,-1.2756817976581019,-1.1519454161273401,1.5709065198898315,0.18880735337734222,1
772,1788170795.8756726,-0.5133688210188824,-0.5321483878205566,0.022641388215516117,-1.2351595680442329,-2.8885818575829796,0.0002847297903623797,-2.1900838057147425,-2.2846058050738733,-1.275693718587057,-1.151909653340475,1.5708225965499878,0.18885529041290283,1
773,1788170795.9159913,-0.5134923712800439,-0.5322239170058685,0.02272721147233986,-1.2351793849689718,-2.888578615686691,0.0006904669477018755,-2.1901801268206995,-2.2847378889666956,-1.2752860228167933,-1.1519339720355433,1.5708825588226318,0.18877139687538147,1
774,1788170795.958886,-0.5140242721159822,-0.5322196757784463,0.022707322023968607,1.2352520474849005,2.8885133085139016,-0.0004376653342567966,-2.1907790342914026,-2.285661522542135,-1.273656193410055,-1.1528075377093714,1.570894479751587,0.18823136389255524,1
775,1788170795.9999437,-0.514757138990426,-0.532330459269675,0.022662842322035276,1.2356813906513069,2.888276909947993,8.537779566149163e-05,-2.191498104725973,-2.287185017262594,-1.2709835211383265,-1.154292408620016,1.5708705186843872,0.18782277405261993,1
776,1788170796.0382912,-0.51519455055593,-0.5331538849094025,0.022638038030452085,1.2357296875130805,2.8882450146576955,0.00015928927077588637,-2.1913302580462855,-2.289272133504049,-1.267327610646383,-1.1559093634234827,1.5708705186843872,0.18802687525749207,1
777,1788170796.0778272,-0.515661253848832,-0.5337554830083093,0.022516893294639156,1.2357443893565367,2.888134836429569,0.0006661919621793059,-2.191378418599264,-2.2912638823138636,-1.264031235371725,-1.1575496832477015,1.570894479751587,0.1880148947238922,1
778,1788170796.118666,-0.5161677864501046,-0.5344697899373753,0.022519916316421362,1.2355987364859633,2.8882727369780663,0.0003450836854728416,-2.191366497670309,-2.293147865925924,-1.2607234160052698,-1.1587589422809046,1.5708705186843872,0.18790704011917114,1
779,1788170796.159741,-0.5167904366368787,-0.5350427431585204,0.022569763349313043,1.2356480715673979,2.8882472639690735,0.000285383231772473,-2.191605869923727,-2.295018974934713,-1.2572591940509241,-1.1603158156024378,1.5708825588226318,0.18770292401313782,1
780,1788170796.2013779,-0.517320783484683,-0.5354099097247905,0.02254221989056729,1.2354406154191913,2.8882923296616556,0.0004838798137825779,-2.1919053236590784,-2.2965543905841272,-1.2545626799212855,-1.1616089979754847,1.570894479751587,0.18727074563503265,1
781,1788170796.2429771,-0.5176402728431669,-0.5352856876880059,0.0226010693598018,1.2358040186088817,2.8881844675560973,0.0003463684417410467,-2.1923487822162073,-2.2967589537249964,-1.254059139882223,-1.1618130842791956,1.5708705186843872,0.18706701695919037,1
782,1788170796.284245,-0.5175843186848458,-0.5353382034682553,0.022567118965787697,1.2357226518778244,2.888185573417262,0.00039239216462319033,-2.1922529379474085,-2.2968066374408167,-1.254059139882223,-1.1618006865130823,1.570894479751587,0.18711495399475098,1
783,1788170796.3259265,-0.5179752620434847,-0.5353442760821883,0.022639147921035663,1.2355215290273254,2.8883418644406746,0.00010714750774253292,-2.192672077809469,-2.2972868124591272,-1.2530525366412562,-1.1621359030352991,1.5708705186843872,0.186538964509964,1
784,1788170796.3677294,-0.5189494778641448,-0.5353276766768763,0.02266537519766798,1.2353024078501864,2.8884595321065394,-0.00013620576708928698,-2.1937626043902796,-2.2987263838397425,-1.250451389943258,-1.1631415526019495,1.5708825588226318,0.18529072403907776,1
785,1788170796.4086905,-0.519634224721334,-0.5352953399786411,0.022677699101156912,1.235408368307203,2.8883744078735027,0.0001217608696094659,-2.1945417563067835,-2.2998302618609827,-1.248401943837301,-1.164255444203512,1.5708825588226318,0.18459489941596985,1
786,1788170796.4498158,-0.519960759633675,-0.5353518482357085,0.022713274960380198,1.235599301180338,2.8883921099362646,-0.0001746836918918948,-2.194841210042135,-2.30032188097109,-1.2474787870990198,-1.164482895527975,1.5708345174789429,0.18440277874469757,1
787,1788170796.4914296,-0.520032050669445,-0.5353485255069568,0.02272720696907382,1.2354972903873231,2.88839313654192,-0.0002452392746762184,-2.194937054310934,-2.300405804310934,-1.2472994963275355,-1.1645429770099085,1.5708825588226318,0.1842469722032547,1
788,1788170796.5316255,-0.521202677983539,-0.5346372276442608,0.022651438121065653,1.2355425685972534,2.8883666701341175,-0.00011190590027199905,-2.19678241411318,-2.3012221495257776,-1.2460292021380823,-1.1650813261615198,1.5708705186843872,0.18243473768234253,1
789,1788170796.5704813,-0.5222812160210268,-0.5338856939992488,0.022616864081744487,1.2355647094578188,2.8882851192273518,-7.817594649950075e-05,-2.1985800901996058,-2.3017738501178187,-1.2451298872577112,-1.1654647032367151,1.5709304809570312,0.18067044019699097,1
790,1788170796.6121974,-0.5232025774431788,-0.5329976847126189,0.02263356626363583,1.2359964678221635,2.8882039172235596,-0.00014032470687567135,-2.2002695242511194,-2.3017500082599085,-1.2451418081866663,-1.1654170195208948,1.5708465576171875,0.17925405502319336,1
791,1788170796.6549122,-0.5231945552612867,-0.5328504446981479,0.02253108665617934,1.235668797677207,2.888253710657865,0.00017628726700528161,-2.2003892103778284,-2.301689926777975,-1.245477024708883,-1.1653569380389612,1.5708825588226318,0.1789301037788391,1
792,1788170796.6969347,-0.5232092018972162,-0.5328921729323385,0.02257895312575764,1.235648515083732,2.888349139781792,5.1322736251306924e-05,-2.200353447590963,-2.301689926777975,-1.2453692595111292,-1.1653693358050745,1.5708225965499878,0.1789301037788391,1
793,1788170796.7371264,-0.5232223478866234,-0.5328793052686116,0.02256251268744655,1.235668053646134,2.8882998314113095,5.6207213899494944e-05,-2.2003892103778284,-2.301713768635885,-1.2453692595111292,-1.1653569380389612,1.5708585977554321,0.17891812324523926,1
794,1788170796.7785165,-0.523227363887698,-0.5328861907325516,0.022587805037465297,1.23567429457275,2.8883144280458612,-5.2572188709866124e-05,-2.2003892103778284,-2.30167800584902,-1.2453816572772425,-1.165309254323141,1.5708585977554321,0.17891812324523926,1
795,1788170796.8202584,-0.5232331436985429,-0.532869830850791,0.022562512411300112,1.235711802308287,2.8883066437782268,6.465898490321664e-05,-2.2004011313067835,-2.301713768635885,-1.2453692595111292,-1.1653569380389612,1.5708345174789429,0.1789301037788391,1
796,1788170796.8632076,-0.5232125493703236,-0.5328648103632393,0.02245134111304492,1.2356715135600072,2.8882603100289477,4.3612469087310264e-05,-2.2004011313067835,-2.3017857710467737,-1.2455490271197718,-1.16510516801943,1.570894479751587,0.17891812324523926,1
797,1788170796.9016426,-0.5232080043441691,-0.5328446593574948,0.021983548914738166,1.2356819175666258,2.888284627274087,0.00011461105786673184,-2.2004011313067835,-2.3022177855121058,-1.2460649649249476,-1.1641953627215784,1.5708585977554321,0.17891812324523926,1
798,1788170796.9414625,-0.5231407537655746,-0.532821457289342,0.020598585400061875,1.235560945550527,2.888240127579346,0.0005522562388477218,-2.200353447590963,-2.303561512623922,-1.2474311033831995,-1.1617768446551722,1.5708825588226318,0.1789061278104782,1
799,1788170796.981645,-0.5231534254113984,-0.5328238967660388,0.01871628431551242,1.2356218814742297,2.8882392318539156,0.00039384167169866866,-2.2003653685199183,-2.305408779774801,-1.2493842283831995,-1.1578729788409632,1.5708825588226318,0.1789301037788391,1
800,1788170797.023688,-0.5231948279080796,-0.5328508189623244,0.016894899630902405,1.2356563551356146,2.888272479480942,9.160057559840418e-05,-2.2003892103778284,-2.307256523762838,-1.2511947790728968,-1.1540172735797327,1.5708825588226318,0.17891812324523926,1
801,1788170797.0652065,-0.5232096899897773,-0.5328907994926183,0.015015929053195709,1.235682445444418,2.888285410202774,-0.00014400920457050665,-2.2003772894488733,-2.3091757933246058,-1.2530282179461878,-1.1501134077655237,1.570894479751587,0.17894208431243896,1
802,1788170797.1032982,-0.5231996866652965,-0.5328528202874899,0.013047681297072594,1.235659001566909,2.8882786639489586,0.00013013901595452525,-2.2003892103778284,-2.31116754213442,-1.2548978964435022,-1.1464255491839808,1.5708705186843872,0.17891812324523926,1
803,1788170797.1460316,-0.5231741853426697,-0.5328131925554641,0.01117901996237533,1.2355780797491211,2.8882809243199143,0.0004175758535050215,-2.2003892103778284,-2.3130510489093226,-1.2566841284381312,-1.1429408232318323,1.5708585977554321,0.17887018620967865,1
804,1788170797.1894283,-0.5232067833203883,-0.5328568955099553,0.009897048209694254,1.2355980553422676,2.8882800278406484,0.00011734290320812094,-2.2004011313067835,-2.314418617879049,-1.2578585783587855,-1.1402109305011194,1.570894479751587,0.17887018620967865,1
805,1788170797.2299206,-0.5232439534800171,-0.5329228757011754,0.009503641452536848,1.235573427076655,2.8883658781187735,-0.0003571951252094188,-2.2003892103778284,-2.3148625532733362,-1.258242432271139,-1.1390731970416468,1.570894479751587,0.17884621024131775,1
806,1788170797.2717211,-0.5232547969373247,-0.5329480971994285,0.009548354056714947,1.2356027708684432,2.8883863376907533,-0.00048150545468591654,-2.2003772894488733,-2.314838711415426,-1.2581823507892054,-1.1390731970416468,1.5708825588226318,0.17887018620967865,1
807,1788170797.3142037,-0.5232644808175796,-0.5329324728498632,0.009534169002469062,-1.235639907310597,-2.8883776677218327,0.0004323665280123468,-2.2003892103778284,-2.314850632344381,-1.2581942717181605,-1.1390731970416468,1.5708465576171875,0.1788821667432785,1
808,1788170797.3548641,-0.5232595839281059,-0.532915460875789,0.009483370566040594,1.2356206186949976,2.8883807210287733,-0.0003256215354698865,-2.2004011313067835,-2.3148987928973597,-1.2582305113421839,-1.1390612761126917,1.5708585977554321,0.1788581907749176,1
809,1788170797.3953204,-0.5232639779082208,-0.5329467413503008,0.009529877473519716,-1.2356195444123885,-2.8883776803215286,0.00048712089952149045,-2.2003772894488733,-2.3148625532733362,-1.2581942717181605,-1.1390255133258265,1.5708465576171875,0.1788821667432785,1
810,1788170797.4366863,-0.523262545819138,-0.5329195265613748,0.009386269228444155,-1.2356250520875,-2.88839109638881,0.00047236693175271155,-2.2004011313067835,-2.3149707953082483,-1.2583983580218714,-1.1387255827533167,1.5708585977554321,0.1788581907749176,1
811,1788170797.4783585,-0.5232008074808291,-0.5328786061707416,0.008446450686222323,1.2356041749130773,2.8882938698777076,1.3680339144002955e-05,-2.2003772894488733,-2.315918270741598,-1.2592371145831507,-1.1372650305377405,1.570894479751587,0.17889414727687836,1
812,1788170797.5182905,-0.5231826288745403,-0.532819117542028,0.0068971734951298325,1.235640115596722,2.8882347864626534,0.00037266397052113646,-2.2004011313067835,-2.3175018469439905,-1.2606633345233362,-1.1344869772540491,1.5708825588226318,0.1789061278104782,1
813,1788170797.5563436,-0.5231897724297645,-0.5328392110207396,0.004639209448735776,1.2355488201217155,2.888308288025911,0.00024036995441320495,-2.2003892103778284,-2.3198774496661585,-1.2627366224872034,-1.12994891801943,1.5708705186843872,0.17884621024131775,1
814,1788170797.596502,-0.5231564829228017,-0.5327991793054848,0.003127645708225213,1.235518311772606,2.8882845606899763,0.0006400798641044602,-2.2003772894488733,-2.321461025868551,-1.264055077229635,-1.1273024717914026,1.5708465576171875,0.17884621024131775,1
815,1788170797.6350615,-0.5231979644004336,-0.5328308778802529,0.0022702988634652477,1.2355852653037602,2.888298029101617,0.00029054773467813164,-2.2004011313067835,-2.3223965803729456,-1.2648347059832972,-1.125361744557516,1.5708585977554321,0.1788581907749176,1
816,1788170797.674109,-0.5232398751214976,-0.5329136546322479,0.0022195327320603253,1.2356237536712944,2.88838750706399,-0.00029219279753591766,-2.2003772894488733,-2.3224924246417444,-1.2649062315570276,-1.1248109976397913,1.5708465576171875,0.1788821667432785,1
817,1788170797.7159667,-0.5232600558774338,-0.5329217304461893,0.0022512304828715968,-1.235584077465685,-2.8883907539510174,0.0004157273056466958,-2.2003892103778284,-2.3224685827838343,-1.2648823896991175,-1.124775234852926,1.5708345174789429,0.17884621024131775,1
818,1788170797.7568753,-0.5232681274026078,-0.532920921810435,0.002260798392131058,1.2356187282467626,2.888374658272323,-0.0004508429113842483,-2.200413529072897,-2.3224685827838343,-1.2648585478412073,-1.1247871557818812,1.5708825588226318,0.17884621024131775,1
819,1788170797.7983894,-0.5232534517088105,-0.5329126649048822,0.0022348168673062274,-1.2355882732086796,-2.888400558629582,0.0003427217759805557,-2.2003892103778284,-2.3224805037127894,-1.2648943106280726,-1.1247990767108362,1.5708345174789429,0.17884621024131775,1
820,1788170797.8383925,-0.5232503056325337,-0.5329223049402503,0.0022474293344927065,1.2356002531722101,2.8883807308323135,-0.0003546272902728922,-2.2003892103778284,-2.3224805037127894,-1.2648585478412073,-1.1248353163348597,1.5708705186843872,0.1788581907749176,1
821,1788170797.8783724,-0.5232508830421634,-0.5329334339497327,0.002279414358331955,1.235574533715524,2.888416067110829,-0.0004241829142490559,-2.2003772894488733,-2.322444740925924,-1.264846150075094,-1.1248353163348597,1.5708585977554321,0.17884621024131775,1
822,1788170797.9202323,-0.5232529157183752,-0.5329046637171408,0.0022666162287885983,1.235644553933273,2.8883392724082215,-0.00038128756489497445,-2.200413529072897,-2.322432819996969,-1.2648943106280726,-1.1248353163348597,1.570894479751587,0.17887018620967865,1
823,1788170797.9606326,-0.5232339055026435,-0.5329343773159382,0.0022731381934019412,1.235512477039907,2.8884143159876756,-0.0004143384588522093,-2.2003653685199183,-2.322432819996969,-1.2648823896991175,-1.1248229185687464,1.5708825588226318,0.17882224917411804,1
824,1788170798.0013819,-0.5232555553571941,-0.5329099309980979,0.002300700015981788,1.2355906195185107,2.8884062963154475,-0.0004059306395438609,-2.2004011313067835,-2.3223965803729456,-1.2648704687701624,-1.124871079121725,1.5708585977554321,0.1788342297077179,1
825,1788170798.041767,-0.5232402485414791,-0.5329028320661356,0.002232218858341989,1.235567399332402,2.8883520120020263,-0.00025352646962388195,-2.2004011313067835,-2.3224805037127894,-1.2648823896991175,-1.12488300005068,1.570894479751587,0.1788342297077179,1
826,1788170798.0814219,-0.5232453334420849,-0.5328958997281825,0.0022578809997005345,1.235618902382966,2.88837670656545,-0.0002956883513053781,-2.2004011313067835,-2.322432819996969,-1.2649062315570276,-1.124871079121725,1.5708585977554321,0.1788581907749176,1
827,1788170798.1227317,-0.5232307978797924,-0.5329058623596594,0.002231458838895639,1.2355640278036877,2.888391492428843,-0.0002409324281672105,-2.2003772894488733,-2.3224685827838343,-1.2649062315570276,-1.124871079121725,1.5708585977554321,0.17884621024131775,1
828,1788170798.1632302,-0.5232404657351714,-0.5328829525837547,0.00223116371303983,1.235620292463534,2.8883304374546466,-0.00017633573645963745,-2.200413529072897,-2.3224685827838343,-1.2648943106280726,-1.1249306837665003,1.5708825588226318,0.1788581907749176,1
829,1788170798.2035427,-0.5232180123084347,-0.5328779758989423,0.002226000040915971,1.2355692623998997,2.8883561098412356,-0.00011589451316481042,-2.2003892103778284,-2.322444740925924,-1.264942471181051,-1.1249430815326136,1.5708705186843872,0.17884621024131775,1
830,1788170798.242908,-0.5232228067157849,-0.532879935110421,0.002219449787204869,1.235540275936861,2.8883840452279457,-0.00012996292732459194,-2.2003892103778284,-2.322456661854879,-1.264942471181051,-1.1249192396747034,1.5708585977554321,0.17882224917411804,1
831,1788170798.2802868,-0.5232250772644541,-0.532887673963052,0.0022127445813457103,1.2355184238618582,2.8883808710327283,-0.00013487774475912591,-2.2003892103778284,-2.3224805037127894,-1.2649181524859827,-1.1249192396747034,1.5708705186843872,0.178810253739357,1
832,1788170798.3186834,-0.5232189196687337,-0.5328941788790741,0.002224642236153457,1.2356050618720666,2.8883438057658135,-0.00013487402473494532,-2.2003772894488733,-2.3224685827838343,-1.2649062315570276,-1.1249430815326136,1.5708705186843872,0.1788821667432785,1
833,1788170798.3551095,-0.5232282309633599,-0.5328724237461587,0.002227173487432843,1.235626763070781,2.8883471620467063,-0.00013069172520970818,-2.2004011313067835,-2.322444740925924,-1.264942471181051,-1.1249306837665003,1.5708585977554321,0.17887018620967865,1
834,1788170798.3928785,-0.5232289324492347,-0.5328780086467618,0.0022327351058823997,1.235588655916306,2.888353839331321,-0.00015385831792481158,-2.2004011313067835,-2.322444740925924,-1.2649300734149378,-1.1249306837665003,1.5708705186843872,0.17884621024131775,1
835,1788170798.4305468,-0.5232450508541024,-0.5328799562020564,0.0022564113482036185,1.235631532103605,2.8883567090746745,-0.00020369932475140153,-2.200413529072897,-2.322432819996969,-1.2648943106280726,-1.1249430815326136,1.5708585977554321,0.1788581907749176,1
836,1788170798.467691,-0.5232219274522348,-0.5328880185077745,0.0022204685913161937,1.2356004015807862,2.8883331517341544,-0.00013983073660383432,-2.2003892103778284,-2.3224685827838343,-1.2649181524859827,-1.1249306837665003,1.5708825588226318,0.17887018620967865,1
837,1788170798.5059648,-0.5232123737220762,-0.5328991519161705,0.0022380834527209736,1.2354895397244323,2.8883609678828965,-0.0001847461778296505,-2.2003772894488733,-2.322444740925924,-1.2649181524859827,-1.1249306837665003,1.5709065198898315,0.178810253739357,1
838,1788170798.541511,-0.5232319280364071,-0.5328924559459146,0.002231163306859907,1.2355424534767265,2.888389138845688,-0.00016792632496225745,-2.2003892103778284,-2.3224685827838343,-1.2648943106280726,-1.1249306837665003,1.5708585977554321,0.17882224917411804,1
839,1788170798.579861,-0.5232322219531974,-0.5328779020401098,0.0022235135572969966,1.2355737890451863,2.8883669283761138,-0.00011244140068555309,-2.2004011313067835,-2.3224685827838343,-1.2649062315570276,-1.1249550024615687,1.5708585977554321,0.1788342297077179,1
840,1788170798.6174574,-0.5232247593986186,-0.5328872376286595,0.0022292755267304676,1.235606064812146,2.888346390126938,-0.0001538568031837437,-2.2003892103778284,-2.322456661854879,-1.2649181524859827,-1.1249306837665003,1.5708705186843872,0.17887018620967865,1
841,1788170798.657892,-0.5232087853514266,-0.5328952247162252,0.0022269733662673985,1.235552173859311,2.8883635342710656,-0.00011662291379395439,-2.2003653685199183,-2.322456661854879,-1.2649181524859827,-1.1249550024615687,1.5708705186843872,0.1788581907749176,1
842,1788170798.695391,-0.5232220710522058,-0.5328928376982162,0.0022422570771667427,1.2355632571798236,2.888342081518152,-0.00017978887140073036,-2.2003892103778284,-2.322444740925924,-1.2649062315570276,-1.1249430815326136,1.570894479751587,0.17884621024131775,1
843,1788170798.735774,-0.5232272235921083,-0.532880331172702,0.002228102079912503,1.2356521788829211,2.888310884926548,-0.0001391000321124094,-2.2004011313067835,-2.322456661854879,-1.2649181524859827,-1.1249430815326136,1.5708825588226318,0.17889414727687836,1
844,1788170798.776135,-0.5232282768794043,-0.5328874440032206,0.0022453469398571735,1.2355413647315465,2.8883865920885485,-0.0001489446079346133,-2.2003892103778284,-2.322444740925924,-1.2648943106280726,-1.1249669233905237,1.5708585977554321,0.17882224917411804,1
845,1788170798.8163924,-0.5232112223491499,-0.5328892794838588,0.0022423302236780074,1.2358388114429493,2.888266299316998,-0.0001082081688196744,-2.2003653685199183,-2.322432819996969,-1.2649181524859827,-1.1249788443194788,1.5708465576171875,0.17905031144618988,1
846,1788170798.8574858,-0.5232145185862603,-0.5328928057303667,0.002228102079912503,1.237038935055234,2.8877171724309187,-0.00013904604538414112,-2.2003772894488733,-2.322456661854879,-1.2649181524859827,-1.1249430815326136,1.5708825588226318,0.1798783540725708,1
847,1788170798.8988407,-0.5232214774634479,-0.5328781104459316,0.0022170376625804122,1.2396955913047305,2.886594366052021,-7.58187959737533e-05,-2.2003892103778284,-2.3224685827838343,-1.2649181524859827,-1.1249669233905237,1.5708585977554321,0.18170256912708282,1
848,1788170798.9387434,-0.5232236901532473,-0.5328811478048955,0.002226973180571745,1.243265261447318,2.8850643646448084,-0.00011224140695424565,-2.2003892103778284,-2.322456661854879,-1.2649181524859827,-1.1249550024615687,1.5708585977554321,0.18417507410049438,1
849,1788170798.9814138,-0.5232259118889292,-0.5328795292896339,0.0022269730259507625,1.2480627771622599,2.8830049023022704,-0.00010797067114364935,-2.2003892103778284,-2.322456661854879,-1.2649181524859827,-1.1249550024615687,1.5708465576171875,0.18749882280826569,1
850,1788170799.0232923,-0.5232203673981909,-0.5328709199120368,0.002240028759028845,1.2555332457651553,2.8797151218075383,-8.27873759351447e-05,-2.2004011313067835,-2.322432819996969,-1.2649181524859827,-1.1250031630145472,1.5708825588226318,0.19268350303173065,1
851,1788170799.065004,-0.5232190827051747,-0.5328794452323997,0.002205140241538117,1.2623424006779898,2.876749610997134,-7.917812616182413e-05,-2.2003892103778284,-2.3224805037127894,-1.2649300734149378,-1.1249430815326136,1.5708705186843872,0.19742363691329956,1
852,1788170799.1069474,-0.5232157148190689,-0.5328897794722081,0.002222385282274336,1.268296427008618,2.874132230618843,-9.726359922551087e-05,-2.2003772894488733,-2.3224685827838343,-1.2649062315570276,-1.1249669233905237,1.5708705186843872,0.20157617330551147,1
853,1788170799.1455698,-0.5232284400731357,-0.5328727107839282,0.0022258447198534315,1.2739548410365418,2.871641244354076,-9.313191007687508e-05,-2.2004011313067835,-2.322456661854879,-1.2649181524859827,-1.1249669233905237,1.5708585977554321,0.20548826456069946,1
854,1788170799.1851242,-0.5232063636438603,-0.5328919002720632,0.0022183666200889796,1.2798587625063542,2.8690046171546575,-0.00011518042243695753,-2.2003653685199183,-2.322456661854879,-1.264942471181051,-1.1249306837665003,1.5708705186843872,0.20964042842388153,1
855,1788170799.2245238,-0.5232198879599339,-0.5328805506054837,0.0022258449055490848,1.286516795679155,2.8660223277312857,-9.663990465164358e-05,-2.2003892103778284,-2.322456661854879,-1.2649181524859827,-1.1249669233905237,1.5708705186843872,0.21426109969615936,1
856,1788170799.266858,-0.5232173800809609,-0.5328827749198831,0.0022304326051026946,1.2941586897361896,2.8626079618167237,-0.00010704780420103195,-2.2003772894488733,-2.322444740925924,-1.2649300734149378,-1.1249550024615687,1.5708465576171875,0.219601571559906,1
857,1788170799.3098052,-0.5232205983670184,-0.5328758589501393,0.002208231274749506,1.3025123773804765,2.85875694282744,-6.695323206347229e-05,-2.2004011313067835,-2.3224805037127894,-1.2649181524859827,-1.1249669233905237,1.570894479751587,0.22543376684188843,1
858,1788170799.3508654,-0.5232148766263146,-0.5328783398400546,0.0022204976920351394,1.3139495574545466,2.8535334960129464,-8.105041570468346e-05,-2.2003892103778284,-2.322456661854879,-1.2649300734149378,-1.1249669233905237,1.5708825588226318,0.23345045745372772,1
859,1788170799.3942604,-0.5232186342282159,-0.5328685408494593,0.0022270478810771377,1.3227431808889232,2.8494651824213335,-6.230550791617443e-05,-2.2004011313067835,-2.322444740925924,-1.2649300734149378,-1.1249907652484339,1.5708825588226318,0.23960697650909424,1
860,1788170799.4345598,-0.5231995565691944,-0.5328918463998917,0.0022235885528320842,1.329762106152754,2.8461834008129108,-6.557264902876452e-05,-2.2003653685199183,-2.322456661854879,-1.2649181524859827,-1.1249907652484339,1.570894479751587,0.24457556009292603,1
861,1788170799.4777203,-0.5232236032732175,-0.5328753616859622,0.0022289357275145083,1.3358441590134669,2.8433492155651257,-8.01126140654261e-05,-2.2004011313067835,-2.322456661854879,-1.2649062315570276,-1.1249907652484339,1.5708825588226318,0.24881161749362946,1
862,1788170799.5208707,-0.5232210989889318,-0.5328868812763071,0.0022533949300163336,1.3419028320121007,2.840507092952816,-0.00017182092674642834,-2.2003892103778284,-2.322420899068014,-1.2649181524859827,-1.1249550024615687,1.5708825588226318,0.2530840039253235,1
863,1788170799.5621068,-0.5232177085724898,-0.5328775589606536,0.002229304484701017,1.3459248915049513,2.8386066424608085,-9.456265572565493e-05,-2.2003892103778284,-2.322444740925924,-1.2649300734149378,-1.1249669233905237,1.5708705186843872,0.255916029214859,1
864,1788170799.6028705,-0.5232089560957228,-0.5328805015412476,0.002247752243728529,1.3482405053210995,2.837505041774811,-7.607718917299496e-05,-2.2003772894488733,-2.322420899068014,-1.2649181524859827,-1.125014607106344,1.5708705186843872,0.25756046175956726,1
865,1788170799.6407661,-0.5232176417776696,-0.5328774672714229,0.0022025143975036576,1.3497697702111588,2.8367705750193895,-2.0810743505285465e-05,-2.2003892103778284,-2.3224924246417444,-1.2649062315570276,-1.1249907652484339,1.5708705186843872,0.25862857699394226,1
866,1788170799.6803975,-0.5232144364268928,-0.532889023224642,0.002234651513333824,1.3499938179248008,2.836715310803686,-0.00010239809310172895,-2.2003653685199183,-2.322444740925924,-1.2649181524859827,-1.1249669233905237,1.5708345174789429,0.2587963342666626,1
867,1788170799.7193336,-0.5232189469358841,-0.5328643018773697,0.002213807838012255,1.3500085308922753,2.8366592926863303,-3.847034805475408e-05,-2.2004011313067835,-2.322456661854879,-1.264942471181051,-1.1249788443194788,1.5708705186843872,0.25878435373306274,1
868,1788170799.760107,-0.5232377271660504,-0.5328595687213071,0.0022365690035159036,1.3500449102493552,2.8366468464651637,-7.527972005305399e-05,-2.200425450001852,-2.322444740925924,-1.2649062315570276,-1.1250031630145472,1.5708705186843872,0.25878435373306274,1
869,1788170799.8014128,-0.5232110613885288,-0.5328731026637024,0.0022094339969037924,1.3499686395126145,2.8366628354659125,-2.428886191255612e-05,-2.2003892103778284,-2.3224685827838343,-1.2649300734149378,-1.1249907652484339,1.5708825588226318,0.2587723731994629,1
870,1788170799.8416586,-0.5232173035779937,-0.5328713363069983,0.002232815590097359,1.3498945694066946,2.836682577861687,-8.606248244576434e-06,-2.2004011313067835,-2.322456661854879,-1.2648823896991175,-1.1250627676593226,1.570894479751587,0.2587124705314636,1
871,1788170799.8797991,-0.5232362667890054,-0.53286789893329,0.0022434588714598525,1.3498829323263961,2.8367443079496306,-0.00012778002943997845,-2.200413529072897,-2.322432819996969,-1.2649181524859827,-1.1249669233905237,1.5708585977554321,0.2586764991283417,1
872,1788170799.9205875,-0.523202045177302,-0.5328710146869154,0.002219229771037029,1.3497178515840937,2.836792746026357,-1.6715704394896736e-06,-2.2003772894488733,-2.322444740925924,-1.264942471181051,-1.125014607106344,1.5708705186843872,0.25860458612442017,1
873,1788170799.9594045,-0.5232184546757429,-0.5328646244826619,0.002220157495494729,1.349749962192483,2.8368166525217555,8.757314477306664e-06,-2.2003892103778284,-2.322456661854879,-1.2649181524859827,-1.1250270048724573,1.5708345174789429,0.25860458612442017,1
874,1788170800.0004895,-0.5231921622217491,-0.5328621163833406,0.0022104530203886086,1.349657974389967,2.836798291787427,6.918831742870873e-05,-2.2003772894488733,-2.322444740925924,-1.2649543921100062,-1.1250508467303675,1.5708825588226318,0.2585686445236206,1
875,1788170800.0408335,-0.5232086640594031,-0.532880100653001,0.0022224145841906184,1.3497027462460451,2.836804802232674,-3.8479697650459174e-05,-2.2003772894488733,-2.322456661854879,-1.2649181524859827,-1.1250031630145472,1.5708705186843872,0.2585926055908203,1
876,1788170800.081527,-0.5232117164559449,-0.5328610413856504,0.0022167726551622358,1.3496718134128443,2.836872607615103,7.091027061845134e-05,-2.2003772894488733,-2.322456661854879,-1.2649181524859827,-1.1250627676593226,1.5708105564117432,0.2585562765598297,1
877,1788170800.1235292,-0.5232028755086701,-0.5328824896474442,0.002207891210485091,1.3496710459351222,2.8368255552817017,2.018493670472684e-05,-2.2003653685199183,-2.3224805037127894,-1.2649062315570276,-1.1250270048724573,1.5708585977554321,0.25858062505722046,1
878,1788170800.1663365,-0.5232151644083952,-0.532885400352721,0.00224537549378645,1.3496749190959911,2.836877504447373,-7.980936713851934e-05,-2.2003653685199183,-2.322432819996969,-1.2649062315570276,-1.1250031630145472,1.5708225965499878,0.2585686445236206,1
879,1788170800.208078,-0.5232115741328403,-0.5328738065077459,0.0022048008997385127,1.349644160774829,2.836814701737758,-5.164394658328376e-06,-2.2003892103778284,-2.3224805037127894,-1.2649181524859827,-1.1250031630145472,1.5708825588226318,0.25854429602622986,1
880,1788170800.2488368,-0.5229767223449804,-0.5327835658242144,0.002132983148698392,1.3497002987384321,2.836799425369905,0.0004193230482488715,-2.2001856009112757,-2.3221448103534144,-1.2656615416156214,-1.1248591581927698,1.5708225965499878,0.25878435373306274,1
881,1788170800.2896013,-0.5220449855785444,-0.5328253680563745,0.001982094808893081,1.3494311446709677,2.83679846899301,0.001093062167551045,-2.1991427580462855,-2.3210890928851526,-1.267890755330221,-1.1241286436664026,1.5708585977554321,0.25967270135879517,1
882,1788170800.332174,-0.5211385399984448,-0.5330853710767903,0.001977232256440281,1.3490586772922786,2.836973208136287,0.0010155930729030139,-2.197944943104879,-2.320069138203756,-1.2697728315936487,-1.1232183615313929,1.5708705186843872,0.26060858368873596,1
883,1788170800.3737185,-0.5211372727767287,-0.5330733260778189,0.0020739871758533313,1.349203187421036,2.836925253169477,0.0007536760625722961,-2.1979568640338343,-2.3198774496661585,-1.2698925177203577,-1.1231229940997522,1.5708825588226318,0.26069286465644836,1
884,1788170800.4168274,-0.5211118532672817,-0.5330981752333935,0.0020739871758533313,1.3491185167122355,2.8369655293370175,0.0007536810114204903,-2.197909180318014,-2.3198774496661585,-1.2698925177203577,-1.1231229940997522,1.5708825588226318,0.2606808543205261,1
885,1788170800.45992,-0.5211434392698584,-0.53304719032791,0.002061051133111752,1.349203806095478,2.8369284115259803,0.0008307595858105687,-2.1979807058917444,-2.3198774496661585,-1.2699163595782679,-1.1231468359576624,1.5708705186843872,0.2606685161590576,1
886,1788170800.4993043,-0.5211420455614796,-0.5330556096749136,0.0020530239741818057,1.3491909925010461,2.836945076352278,0.0008525867007456848,-2.1979687849627894,-2.3199012915240687,-1.2698925177203577,-1.1231587568866175,1.5708585977554321,0.2606685161590576,1
887,1788170800.5404358,-0.5211215142611072,-0.5330712010801869,0.002048810514917343,1.3491935747646608,2.8369048012903466,0.0008423162194270529,-2.197944943104879,-2.3199012915240687,-1.2699044386493128,-1.1231468359576624,1.570894479751587,0.2607048451900482,1
888,1788170800.5809257,-0.5211391273553363,-0.533080522481026,0.0021106309227150177,1.349236854319456,2.836908413905779,0.0006574768172166428,-2.1979568640338343,-2.31982928911318,-1.2698925177203577,-1.1231110731707972,1.570894479751587,0.26071682572364807,1
889,1788170800.6229055,-0.5211286104567581,-0.5330979695956907,0.0020712383114136756,1.3494375693414733,2.83689126061528,0.000678081705767577,-2.197909180318014,-2.3198774496661585,-1.2699163595782679,-1.1230390707599085,1.5708225965499878,0.2608846127986908,1
890,1788170800.6620202,-0.5212015717560025,-0.5331227565456469,0.002102284317812314,1.3497328801317585,2.8367672218314537,0.00024211245150009298,-2.1979807058917444,-2.3198893705951136,-1.2698805967914026,-1.1227873007403772,1.5708585977554321,0.2610167860984802,1
891,1788170800.7014475,-0.5211780177577929,-0.5331191995244171,0.0020763394675706592,1.3497301851980534,2.836717410025404,0.00032390950886075425,-2.1979687849627894,-2.3199012915240687,-1.2699163595782679,-1.1227992216693323,1.570894479751587,0.2610407769680023,1
892,1788170800.7408764,-0.5211862458221698,-0.5331062492342336,0.0020962451129141746,1.3497751375164149,2.8367245174381828,0.00031235192918058023,-2.1979807058917444,-2.3198655287372034,-1.269928280507223,-1.1228111425982874,1.5708705186843872,0.2610527575016022,1
893,1788170800.7789795,-0.5211031541386086,-0.5333028134816951,0.002137768076445473,1.3501518006838515,2.836592020210918,5.730138088193152e-05,-2.1977294127093714,-2.319937531148092,-1.2697246710406702,-1.1227753798114222,1.5708585977554321,0.26155683398246765,1
894,1788170800.8195086,-0.52068296182321,-0.5338437137766562,0.00222619098548843,1.3502809787170609,2.836595259108829,-0.0002326372091293457,-2.1968305746661585,-2.3199732939349573,-1.2694609800921839,-1.1228111425982874,1.5708345174789429,0.26252904534339905,1
895,1788170800.8605921,-0.5201056323514827,-0.5344884822676611,0.0022614746651945516,1.3497713364276878,2.836835129530193,-0.0004236214529227538,-2.1956918875323694,-2.320021454487936,-1.2693055311786097,-1.1227992216693323,1.5708585977554321,0.26330915093421936,1
896,1788170800.9017305,-0.5202092908498442,-0.5343951056286214,0.002291359966876294,1.3498857463224645,2.836770405966411,-0.0004476230599735064,-2.195883576069967,-2.3199971357928675,-1.269268814717428,-1.1228469053851526,1.5708705186843872,0.26320093870162964,1
897,1788170800.94533,-0.5201715648467125,-0.5344185735886282,0.0022515511921862297,1.3497976532765459,2.836804911592625,-0.0003901519333246606,-2.1958234945880335,-2.320033375416891,-1.2693055311786097,-1.1228111425982874,1.5708705186843872,0.26320093870162964,1
898,1788170800.9873192,-0.5202021017233978,-0.5343898404984517,0.002274072057317361,1.3498805811526937,2.8367595573488775,-0.00044955122242263654,-2.195883576069967,-2.3199971357928675,-1.2693174521075647,-1.1227992216693323,1.5708825588226318,0.26320093870162964,1
899,1788170801.0295186,-0.5201984599354582,-0.5343754455195316,0.002254655909474379,1.3497822000589352,2.8368156783754923,-0.0003123707756986132,-2.195895496998922,-2.3199971357928675,-1.2693055311786097,-1.1228230635272425,1.570894479751587,0.26315298676490784,1
900,1788170801.0704691,-0.5201777552968582,-0.5344068703709856,0.002258042560745216,1.3497173237334044,2.83685366187695,-0.0003676288851813917,-2.195835892354147,-2.320021454487936,-1.2693055311786097,-1.1228354612933558,1.5708585977554321,0.26312902569770813,1
901,1788170801.1111348,-0.5202055744279943,-0.5343899554987751,0.002264774685952181,1.349815820625503,2.8367987504464747,-0.0004093109416331813,-2.195883576069967,-2.320021454487936,-1.2692931334124964,-1.1228230635272425,1.5708705186843872,0.26315298676490784,1
902,1788170801.1529987,-0.5201944971476521,-0.5343896340321858,0.002232833056407202,1.349795193472677,2.8367989744116415,-0.00033489527429606577,-2.195871655141012,-2.320057217274801,-1.2693055311786097,-1.1228230635272425,1.5708705186843872,0.26315298676490784,1
903,1788170801.194518,-0.5202087562164543,-0.5343990621381891,0.0022370471406639725,1.3500984252273036,2.836646466868714,-0.0003766038386278883,-2.195883576069967,-2.3200810591327112,-1.269256893788473,-1.1228230635272425,1.5708825588226318,0.26335710287094116,1
904,1788170801.2365265,-0.5202132077205933,-0.5344015174558708,0.0022216305076016574,1.351084006632356,2.8362174900370176,-0.0002701936105970767,-2.195871655141012,-2.3201292196856897,-1.2691968123065394,-1.1228950659381312,1.5708345174789429,0.2640529274940491,1
905,1788170801.2790043,-0.5201769123673808,-0.5343943400020931,0.0022015059891941635,1.3543782227823147,2.834541131165403,-8.69375805615233e-05,-2.195859734212057,-2.320141140614645,-1.2691968123065394,-1.1230147520648401,1.5709065198898315,0.2664172053337097,1
906,1788170801.319193,-0.5201686348926109,-0.5343781711490876,0.002187175119796575,1.3569974901479158,2.8332892935778258,1.0178490294748028e-05,-2.195859734212057,-2.320141140614645,-1.2692211310016077,-1.1230509916888636,1.570894479751587,0.26826539635658264,1
907,1788170801.3613546,-0.520187669790415,-0.5343811558726262,0.002179441960154127,1.358827734990878,2.832484450709952,-2.8355671900720244e-05,-2.195859734212057,-2.320164982472555,-1.2692092100726526,-1.1230033079730433,1.5708345174789429,0.2695375978946686,1
908,1788170801.4030561,-0.5201892665593857,-0.5343777344641794,0.002195947871352938,1.3590219909855417,2.8323673931213076,-5.420568233670647e-05,-2.195871655141012,-2.320141140614645,-1.2692092100726526,-1.1230147520648401,1.5708585977554321,0.26966941356658936,1
909,1788170801.4436378,-0.5201787440584992,-0.5343781812763382,0.002188152164697338,1.3589505644846296,2.832392315077442,1.9513576467833542e-05,-2.195859734212057,-2.3201530615436,-1.2691968123065394,-1.1230629126178187,1.5708585977554321,0.2696334719657898,1
910,1788170801.4849033,-0.5201938457432648,-0.5343887313086597,0.002211018676132215,1.3589678370072877,2.8323850373752366,-9.43775579758094e-05,-2.195871655141012,-2.320141140614645,-1.2691729704486292,-1.1230271498309534,1.5708705186843872,0.2696334719657898,1
911,1788170801.52821,-0.5201759303871453,-0.5343789329976923,0.0021793580121122202,1.3589785115887778,2.8323635550961344,3.463474353756916e-05,-2.195859734212057,-2.320164982472555,-1.2691968123065394,-1.1230629126178187,1.5708705186843872,0.2696574330329895,1
912,1788170801.567893,-0.520178842013104,-0.5343632880105911,0.002168457771010379,1.358981643419766,2.832370296863504,7.554076426760687e-05,-2.195871655141012,-2.320164982472555,-1.2692211310016077,-1.1230629126178187,1.5708585977554321,0.26964545249938965,1
913,1788170801.6076896,-0.5201913072172436,-0.534374881726127,0.0021944104430044464,1.3589928794977457,2.832350435945648,-2.326350189267856e-05,-2.195883576069967,-2.3201530615436,-1.2691853682147425,-1.1230509916888636,1.5708825588226318,0.26964545249938965,1
914,1788170801.64984,-0.5201932470168424,-0.5343832506269367,0.002192301015864845,1.358953171173981,2.832398076760344,-3.57777536568749e-05,-2.195871655141012,-2.320164982472555,-1.2691729704486292,-1.1230390707599085,1.5708585977554321,0.26962146162986755,1
915,1788170801.6887686,-0.5201839613306138,-0.5343647019694837,0.002170714547089919,1.359041046071715,2.8323203123592102,3.202874944780997e-05,-2.195883576069967,-2.320164982472555,-1.2692211310016077,-1.1230390707599085,1.5708825588226318,0.2696813941001892,1
916,1788170801.728696,-0.5201852762678966,-0.5343918849498271,0.002201095717880991,1.3592720817469544,2.8322343626795288,-5.750444742153698e-05,-2.195859734212057,-2.3201530615436,-1.2691729704486292,-1.1230390707599085,1.5708705186843872,0.26986151933670044,1
917,1788170801.7659605,-0.5201821724892473,-0.534387583590364,0.002225938432161012,1.3605652170564215,2.8316181208966222,-9.505638446733792e-05,-2.195859734212057,-2.3201049009906214,-1.2691968123065394,-1.1230390707599085,1.5708705186843872,0.2707734704017639,1
918,1788170801.8041737,-0.5201945669978433,-0.5343840499363657,0.002193430037638916,1.3632199066783712,2.8303100591016923,-6.395379145531825e-05,-2.195883576069967,-2.320164982472555,-1.2691729704486292,-1.1230271498309534,1.570894479751587,0.2726336419582367,1
919,1788170801.8416731,-0.5201948319053975,-0.5343750687640348,0.002198839020949611,1.3660132927283246,2.828984465494677,-2.0373064350319367e-05,-2.195883576069967,-2.3201530615436,-1.2691729704486292,-1.1230629126178187,1.5708705186843872,0.2746020555496216,1
920,1788170801.882261,-0.5201679983711256,-0.5343819865753884,0.002188303672203573,1.368508561778903,2.8277364421805045,-1.0897963587869988e-05,-2.195859734212057,-2.320141140614645,-1.2692211310016077,-1.1230390707599085,1.5709065198898315,0.27640193700790405,1
921,1788170801.9234765,-0.5201810497682666,-0.5343803469318704,0.002181614985773933,1.369396291460507,2.827319910802695,-8.308819457556566e-06,-2.195871655141012,-2.320164982472555,-1.2691968123065394,-1.1230390707599085,1.570894479751587,0.27701425552368164,1
922,1788170801.9651043,-0.5201847669050043,-0.5343658183154905,0.0021913898834242107,1.369281791277864,2.827386024933239,1.4105536725953368e-05,-2.195883576069967,-2.320141140614645,-1.2692092100726526,-1.1230629126178187,1.5708825588226318,0.2769183814525604,1
923,1788170802.004881,-0.520184557553315,-0.5343805570999675,0.002210870966765338,1.3692676362544143,2.8273997621324924,-4.1219185306505796e-05,-2.195871655141012,-2.3201292196856897,-1.2691853682147425,-1.1230629126178187,1.5708825588226318,0.2769183814525604,1
924,1788170802.048104,-0.5201921599775979,-0.5343516866470407,0.002163878502641964,1.3693053309211678,2.8273916668613257,9.439147510778358e-05,-2.195895496998922,-2.32017690340151,-1.2692092100726526,-1.1230748335467737,1.5708585977554321,0.2769183814525604,1
925,1788170802.0916245,-0.5201950409343806,-0.5343603297150363,0.0021793580121122202,1.369251590213434,2.8274116232081736,3.5082466001777673e-05,-2.195895496998922,-2.320164982472555,-1.2691968123065394,-1.1230629126178187,1.5708705186843872,0.2768820524215698,1
926,1788170802.1329777,-0.5201966904529437,-0.5343786276404207,0.002186592975588736,1.3692864964940124,2.827438704030868,7.996890608316256e-06,-2.195871655141012,-2.32017690340151,-1.2691610495196741,-1.1230629126178187,1.5708345174789429,0.2769183814525604,1
927,1788170802.1739986,-0.5201957593196799,-0.5343810513448116,0.0021877219577157714,1.3692153304904837,2.827422890833414,-2.3519002173502548e-05,-2.195883576069967,-2.32017690340151,-1.2691610495196741,-1.1230509916888636,1.5708825588226318,0.27687007188796997,1
928,1788170802.2170126,-0.5201986612043967,-0.5343710270413937,0.0021900442291990785,1.3692129053078197,2.827461166457096,4.7183183504583686e-06,-2.195883576069967,-2.320164982472555,-1.2691729704486292,-1.1230629126178187,1.5708465576171875,0.27685806155204773,1
929,1788170802.2591772,-0.5201880844387007,-0.5343797639504991,0.002211999867409359,1.3691728912124344,2.8274217190851094,-6.618624196115983e-05,-2.195883576069967,-2.3201292196856897,-1.2691853682147425,-1.1230509916888636,1.5709065198898315,0.2768460810184479,1
930,1788170802.3012402,-0.5201933738770725,-0.5343683973796522,0.0021859799836224103,1.3691747262825527,2.8274686821328245,-1.626332825423999e-05,-2.195883576069967,-2.3201530615436,-1.2692092100726526,-1.1230271498309534,1.5708585977554321,0.276834100484848,1
931,1788170802.3395972,-0.5201999042858196,-0.5343680522824279,0.002197710259306901,1.3692011361062835,2.8274800409665146,7.994267080010587e-06,-2.195883576069967,-2.3201530615436,-1.2691729704486292,-1.1230748335467737,1.5708345174789429,0.2768460810184479,1
932,1788170802.3797646,-0.5201915805299485,-0.534379911359503,0.002203054580238506,1.369176297285104,2.8274287481842806,-2.6764430631883132e-05,-2.195883576069967,-2.3201530615436,-1.2691610495196741,-1.1230748335467737,1.570894479751587,0.2768460810184479,1
933,1788170802.4231958,-0.5201936235526966,-0.5343931208639869,0.0021823575739751133,1.3692003119906269,2.8274348435546552,-6.113949830961041e-05,-2.195871655141012,-2.320188824330465,-1.2691610495196741,-1.1230147520648401,1.5708825588226318,0.27687007188796997,0
934,1788170802.4631412,-0.5202004145927821,-0.534382805120698,0.002222899923753241,1.36915630553314,2.8274738267634127,-9.401289426643658e-05,-2.195883576069967,-2.3201292196856897,-1.2691610495196741,-1.1230509916888636,1.5708705186843872,0.27682211995124817,0
935,1788170802.5033708,-0.5201793172409056,-0.5343779459759536,0.0021668992547049792,1.3691049998323046,2.8274540019269683,4.773769771197793e-05,-2.195871655141012,-2.320188824330465,-1.2691853682147425,-1.1230629126178187,1.570894479751587,0.2768101394176483,0
936,1788170802.5450652,-0.5201834434872553,-0.5344090723455663,0.002229372261002366,1.3691871028673182,2.8274503216030245,-0.00013416731017919204,-2.195847813283102,-2.3201292196856897,-1.269149128590719,-1.1230390707599085,1.5708825588226318,0.2768820524215698,0
937,1788170802.5883071,-0.5201835886234528,-0.5343988947182566,0.0021930656046325325,1.3690926791304296,2.8274715331023113,-4.520700475923595e-05,-2.195859734212057,-2.32017690340151,-1.269149128590719,-1.1230509916888636,1.570894479751587,0.2768101394176483,0
938,1788170802.6290402,-0.5202013706343078,-0.5343888273724297,0.0022251571007120274,1.3691698722944756,2.8274586693791455,-0.000134172077458074,-2.195883576069967,-2.3201292196856897,-1.2691610495196741,-1.1230271498309534,1.5708825588226318,0.276834100484848,0
939,1788170802.6719015,-0.520193615205537,-0.5343987903970616,0.002207203041375172,1.3691098795171615,2.8275070575100925,-7.232664555996562e-05,-2.195859734212057,-2.320164982472555,-1.269137207661764,-1.1230509916888636,1.5708585977554321,0.2768101394176483,0
940,1788170802.7104747,-0.5202014383668858,-0.5343748755677503,0.002195387592765441,1.3692138049464666,2.827463025310571,-1.3723622672488897e-05,-2.195883576069967,-2.320164982472555,-1.2691610495196741,-1.1230629126178187,1.5708465576171875,0.27685806155204773,0
941,1788170802.749252,-0.5201998458000562,-0.5343726686261527,0.0021942592929647953,1.3691620933237019,2.8274857718035387,4.7168615801256595e-06,-2.195883576069967,-2.320164982472555,-1.2691610495196741,-1.1230748335467737,1.5708465576171875,0.27682211995124817,0
942,1788170802.790178,-0.5202012758043566,-0.5343980442342865,0.0022182555948848937,1.369125712073211,2.8274538341949915,-0.00014069338498802212,-2.195883576069967,-2.3201530615436,-1.269137207661764,-1.1230271498309534,1.5709065198898315,0.2768101394176483,0
943,1788170802.8310041,-0.5201958290733109,-0.5343961772992618,0.002246184833194137,1.3691200798412035,2.8274851664825804,-0.00015335228646044173,-2.195871655141012,-2.3201049009906214,-1.269149128590719,-1.1230509916888636,1.5708825588226318,0.2768101394176483,0
944,1788170802.871388,-0.5202027626955055,-0.5343964375615499,0.002212546607108512,1.3691276322436499,2.8275007558883605,-9.076906557459709e-05,-2.195871655141012,-2.320164982472555,-1.2691252867328089,-1.1230509916888636,1.5708585977554321,0.2768101394176483,0
945,1788170802.914153,-0.5201964618959085,-0.5343830083730271,0.002184634689525955,1.3691809141633846,2.827481246980533,-3.2165582454559845e-05,-2.195871655141012,-2.32017690340151,-1.2691729704486292,-1.1230271498309534,1.5708465576171875,0.2768460810184479,0
946,1788170802.9559548,-0.5201900417979934,-0.5344135191936018,0.002235844311182289,1.369092404597688,2.827513942888832,-0.00016777945303276225,-2.195847813283102,-2.3201292196856897,-1.269137207661764,-1.1230271498309534,1.5708705186843872,0.2768101394176483,0
947,1788170802.9970396,-0.5201978737313941,-0.5343849649105278,0.0022141050182714894,1.3691144159377955,2.8275180366592743,-6.905121277614909e-05,-2.195871655141012,-2.320141140614645,-1.2691610495196741,-1.1230509916888636,1.5708465576171875,0.2767977714538574,0
948,1788170803.0378907,-0.5201922246377717,-0.5343864847624219,0.0021965162653261594,1.369136754414063,2.8274764108839894,-3.868678347875517e-05,-2.195871655141012,-2.320164982472555,-1.2691610495196741,-1.1230509916888636,1.5708705186843872,0.27682211995124817,0
949,1788170803.0766416,-0.5201975879124584,-0.5343892662889541,0.0021853987074787196,1.3691249339790212,2.827495179459656,-3.544341656758706e-05,-2.195871655141012,-2.320188824330465,-1.269149128590719,-1.1230390707599085,1.5708585977554321,0.2768101394176483,0
950,1788170803.1177664,-0.5201948779016083,-0.5343751325044581,0.0023190995729095998,1.3691400751302372,2.8274402802582013,0.00023867418337765724,-2.195883576069967,-2.3200929800616663,-1.2688973585711878,-1.123565975819723,1.5708705186843872,0.27682211995124817,0
951,1788170803.158915,-0.5202092734844922,-0.5343997789556758,0.003308185061318275,1.3691015659176573,2.8274485061685843,0.0002132649529864862,-2.195883576069967,-2.3190978209124964,-1.2679145971881312,-1.1255295912372034,1.5708825588226318,0.2767977714538574,0
952,1788170803.1983883,-0.5202154540903253,-0.5344384043126195,0.005164506813943592,1.3690603516856796,2.8274925208459676,1.9999238751745356e-05,-2.195859734212057,-2.3171542326556605,-1.2662366072284144,-1.129026238118307,1.5708825588226318,0.27678579092025757,0
953,1788170803.2399974,-0.5202265102494554,-0.5344386956165987,0.007887437597244862,1.3691083117064475,2.8275054516789693,-0.000270643563210692,-2.195871655141012,-2.3142383734332483,-1.2638991514789026,-1.1340916792498987,1.5708825588226318,0.2767977714538574,0
954,1788170803.2819817,-0.520181187094569,-0.5343805372370467,0.011195897636732732,1.3690546114281612,2.82748087856608,2.781790649196049e-05,-2.195871655141012,-2.310723606740133,-1.2609031836139124,-1.1407974402057093,1.570894479751587,0.2767738103866577,0
955,1788170803.3262117,-0.5202156142039096,-0.5344038683794913,0.014390688179170524,1.3691418861506461,2.827487232774464,-0.00014565073587569766,-2.195883576069967,-2.3074963728534144,-1.25779897371401,-1.1470125357257288,1.5708705186843872,0.2768101394176483,0
956,1788170803.3665168,-0.5202137771261512,-0.5344313827467173,0.01821322445178386,1.369112638095864,2.8275127693069693,-0.00023712195346934368,-2.195859734212057,-2.303657356892721,-1.2540352980243128,-1.1545560995685022,1.5708705186843872,0.2768101394176483,0
957,1788170803.4091113,-0.5202142132176132,-0.5344066243151175,0.021444063789502477,1.369139198605072,2.8274816894429127,-0.000199826460500997,-2.195883576069967,-2.300417725239889,-1.2508347670184534,-1.1610224882708948,1.5708825588226318,0.2768101394176483,0
958,1788170803.449116,-0.5201983411999862,-0.5343903101954114,0.02466572059073921,1.369162621920856,2.8274866566801244,-0.00011363611822136963,-2.195871655141012,-2.2972267309771937,-1.2475751082049769,-1.1675246397601526,1.5708585977554321,0.276834100484848,0
959,1788170803.489967,-0.5202016858191877,-0.5344146260530693,0.0278256637598977,1.3690409970469348,2.8275389293585245,-0.00016851979674456779,-2.195859734212057,-2.294203583394186,-1.244218651448385,-1.173870865498678,1.5708705186843872,0.27676182985305786,0
960,1788170803.5303855,-0.520193236587049,-0.5343728579993524,0.03099814788327443,1.369151556763273,2.8274640115573684,3.3597497886674962e-06,-2.195883576069967,-2.2911441961871546,-1.2408631483661097,-1.180396858845846,1.5708705186843872,0.27682211995124817,0
961,1788170803.572989,-0.5201972205078393,-0.5343783788217982,0.0342509718548544,1.369190683325691,2.827458463464232,-0.00010433914205511121,-2.195883576069967,-2.2880733648883265,-1.2373626867877405,-1.1868985334979456,1.5708705186843872,0.2768460810184479,0
962,1788170803.6151786,-0.5202129498559078,-0.5344245544198684,0.038103817811420415,1.369160948447483,2.8274832370165353,-0.0004051924127454722,-2.195871655141012,-2.2845338026629847,-1.2330840269671839,-1.194526497517721,1.570894479751587,0.276834100484848,0
963,1788170803.6571374,-0.5201840370955728,-0.5343751383605969,0.0411943858182528,1.3690632756258172,2.8274987712146933,6.753443483890064e-05,-2.195871655141012,-2.2817261854754847,-1.2294881979571741,-1.2012313047992151,1.5708705186843872,0.2767738103866577,0
964,1788170803.699926,-0.5201689476482665,-0.5343448788040932,0.04438725998500673,1.3691343686400728,2.8274714681812227,0.0002274935522080612,-2.195871655141012,-2.278835121785299,-1.2258208433734339,-1.2078889052020472,1.5708465576171875,0.27682211995124817,0
965,1788170803.7395446,-0.5202084168163189,-0.5344333027559265,0.04762560981644809,1.3691050825411273,2.8274971779224396,-0.0002997042914693857,-2.195859734212057,-2.2760518232928675,-1.2219613234149378,-1.2141993681537073,1.570894479751587,0.2768101394176483,0
966,1788170803.7786105,-0.5202281247145639,-0.5344118568626585,0.0509251151039109,1.3691824508544541,2.8275278369730272,-0.0004128132779859405,-2.195883576069967,-2.273148838673727,-1.2180898825274866,-1.2208922545062464,1.5708465576171875,0.27682211995124817,0
967,1788170803.820541,-0.5202012626236803,-0.534388677675667,0.054091157916690086,1.3691371849254133,2.8274775267368053,-0.0001585166635456161,-2.195883576069967,-2.2704489866839808,-1.2141707579242151,-1.2276819388019007,1.5708825588226318,0.2768101394176483,0
968,1788170803.8631535,-0.5201802930340086,-0.5343549211190597,0.057783597330084174,1.3691030596185603,2.8274515877597275,0.0002917832976055859,-2.195883576069967,-2.2674015204059046,-1.2094128767596644,-1.2357762495623987,1.5708705186843872,0.2767977714538574,0
969,1788170803.9015937,-0.5201955965544626,-0.5344005060113122,0.0610630268515934,1.3691121575853928,2.827468800788691,-9.905760040314792e-05,-2.195871655141012,-2.264702622090475,-1.205313507710592,-1.2423260847674769,1.570894479751587,0.2768101394176483,0
970,1788170803.942794,-0.5201727054350195,-0.5343687832391673,0.0642275855380238,1.369065827729252,2.8274608487358464,0.00014510638927464357,-2.195871655141012,-2.262134853993551,-1.2012022177325647,-1.2491629759417933,1.570894479751587,0.27678579092025757,0
971,1788170803.984211,-0.5202119375827686,-0.5343837440812303,0.06751702826794073,1.369163055089605,2.827487992350743,-0.00023417260113010427,-2.195895496998922,-2.259507481251852,-1.1969712416278284,-1.2557719389544886,1.5708705186843872,0.2768101394176483,0
972,1788170804.02598,-0.5201885374155981,-0.534376723984545,0.07056713836651934,1.3690629558583138,2.8274981039397096,0.00018216630328326687,-2.195871655141012,-2.257216278706686,-1.1926806608783167,-1.26262075105776,1.5708585977554321,0.2767738103866577,0
973,1788170804.0688748,-0.5201637599281888,-0.5343574155530926,0.07376971563156665,1.3690873088186077,2.827460410601395,0.0003901889514658385,-2.195859734212057,-2.254768673573629,-1.1882942358600062,-1.2695892492877405,1.5708585977554321,0.2768101394176483,0
974,1788170804.1105509,-0.5202205737904297,-0.5344408018563727,0.07769024120439663,1.369082026752558,2.827537315802141,-0.00031531727447654736,-2.195859734212057,-2.2518776098834437,-1.1829126516925257,-1.2774079481707972,1.5708705186843872,0.27678579092025757,0
975,1788170804.151957,-0.5202182916515821,-0.5344075787000682,0.08097353618512632,1.369136158380657,2.8275200014809077,-0.0003868731989223177,-2.195883576069967,-2.249406162892477,-1.178417984639303,-1.284327809010641,1.5708705186843872,0.2767977714538574,0
976,1788170804.1959412,-0.5201794387028151,-0.5343641148811926,0.08409989944137794,1.3690731780428171,2.8275192308147905,-2.7330725234738235e-05,-2.195871655141012,-2.247150246297018,-1.1739113966571253,-1.2913206259356897,1.5708585977554321,0.2767738103866577,0
977,1788170804.237208,-0.5201846461144124,-0.5343910116243318,0.08711437285117965,1.3690902267586054,2.8275110536206562,-0.0001360604117814799,-2.195859734212057,-2.245075050984518,-1.1694768110858362,-1.2977622191058558,1.5708705186843872,0.2767977714538574,0
978,1788170804.2780662,-0.5201763629385012,-0.5343692008799038,0.08950826963187422,1.3690692156242341,2.82746784441577,0.00018375877808230314,-2.195871655141012,-2.2434914747821253,-1.1657856146441858,-1.3032458464251917,1.5708825588226318,0.27678579092025757,0
979,1788170804.322043,-0.5201868262585193,-0.5343593238130552,0.09074928953668177,1.369066399288762,2.8275054356694405,0.00010987401397195544,-2.195883576069967,-2.2426274458514612,-1.1639874617206019,-1.3058560530291956,1.5708585977554321,0.27676182985305786,0
980,1788170804.3628385,-0.5201587320383755,-0.5343250423875142,0.09113113274833931,1.3690967924503308,2.8274386338058686,0.00042013419752157637,-2.195883576069967,-2.242363754902975,-1.1633761564837855,-1.3069337050067347,1.5708705186843872,0.2767977714538574,0
