frame_index,timestamp,tcp_x,tcp_y,tcp_z,tcp_rx,tcp_ry,tcp_rz,joint_0,joint_1,joint_2,joint_3,joint_4,joint_5,suction_on
0,1788173640.9853232,-0.10911813292546936,-0.4868952477184375,0.28585584460307867,-1.2022627389044622,2.902400923444419,-0.00011221713600822107,-1.5707600752459925,-1.5707481543170374,-1.5708649794207972,-1.5707243124591272,1.5708585977554321,-0.7853906790362757,0
1,1788173641.0275304,-0.10911759406287207,-0.48689594128588737,0.28585128600095167,-1.2022475907693728,2.9024113327142804,-2.7850403443324446e-05,-1.5707476774798792,-1.5707724730121058,-1.5708406607257288,-1.5707724730121058,1.5708345174789429,-0.7853668371783655,0
2,1788173641.0698187,-0.10911759377901463,-0.4869017760934072,0.28586075270282546,-1.2022720137605178,2.902421359335626,-9.84354098662505e-05,-1.5707476774798792,-1.5707600752459925,-1.5708406607257288,-1.5707362333880823,1.5708345174789429,-0.7853787581073206,0
3,1788173641.1094427,-0.10912635234160466,-0.486885842787048,0.2858174018358155,-1.2022250842309465,2.902407888914638,6.581436998023456e-05,-1.5707600752459925,-1.5707839171039026,-1.5709012190448206,-1.5707600752459925,1.5708225965499878,-0.7853668371783655,0
4,1788173641.152111,-0.10910904053852427,-0.48690551517666003,0.2858500403963336,-1.2023185323159467,2.9023849147699363,-8.768003866409738e-05,-1.5707357565509241,-1.5707724730121058,-1.5708525816546839,-1.5707243124591272,1.5708465576171875,-0.785403076802389,0
5,1788173641.1941278,-0.1091148451845209,-0.4868983007699813,0.2858410832359122,-1.202259027079088,2.9023900128690574,-1.917146804909987e-05,-1.5707476774798792,-1.5707839171039026,-1.5708525816546839,-1.5707600752459925,1.5708465576171875,-0.7853787581073206,0
6,1788173641.2369256,-0.10910357071749738,-0.4868974152362296,0.2858440040114091,-1.2022902529182837,2.902367532531986,-8.408907128701033e-05,-1.5707357565509241,-1.5707600752459925,-1.5708773771869105,-1.5707243124591272,1.5708705186843872,-0.7853906790362757,0
7,1788173641.281089,-0.10911209680587582,-0.48689038872879686,0.28583944555325386,-1.202252814205226,2.9023750161788824,-7.032328790929748e-06,-1.5707476774798792,-1.5707724730121058,-1.5708649794207972,-1.5707724730121058,1.5708585977554321,-0.7853787581073206,0
8,1788173641.325902,-0.10911179017462151,-0.48689110978298933,0.2858278369435894,-1.2022578366164227,2.9023871416842346,4.204212370317739e-05,-1.5707357565509241,-1.5707839171039026,-1.5708773771869105,-1.5707724730121058,1.5708345174789429,-0.7853668371783655,0
9,1788173641.3672278,-0.10910629144529028,-0.48691095798999934,0.2858522974633071,-1.2022478762740398,2.902412014121666,-0.00012951567985359678,-1.5707357565509241,-1.5707724730121058,-1.5708525816546839,-1.570700470601217,1.5708585977554321,-0.7853549162494105,0
10,1788173641.4059157,-0.10910662634278717,-0.48689350197683634,0.28584778401620436,-1.202197821723186,2.9023890390873617,-7.471554500512656e-05,-1.5707476774798792,-1.5707600752459925,-1.5708649794207972,-1.5707481543170374,1.5708825588226318,-0.7853429953204554,0
11,1788173641.4424117,-0.10910904041933127,-0.4869074829811018,0.28583730342328373,-1.2022953024591045,2.9023797260335304,-3.577945467112917e-05,-1.5707357565509241,-1.570796314870016,-1.5708525816546839,-1.5707362333880823,1.5708465576171875,-0.7853906790362757,0
12,1788173641.4829507,-0.10910290282515105,-0.4868993725017844,0.28583504659339487,-1.2023528733014577,2.9023699640534826,1.3222848672986065e-05,-1.570711914693014,-1.5707839171039026,-1.5708649794207972,-1.5707600752459925,1.5708225965499878,-0.785403076802389,0
13,1788173641.5255244,-0.10911209678680267,-0.4868907808333907,0.2858515182911546,-1.2022391466281352,2.9023909470257365,-4.301562423854824e-05,-1.5707476774798792,-1.5707600752459925,-1.5708525816546839,-1.5707724730121058,1.5708585977554321,-0.7853668371783655,0
14,1788173641.5675364,-0.10910323770310486,-0.48688559407733933,0.28584085060435305,-1.2022935562800245,2.9023755119296215,-1.8478532414315084e-05,-1.570723835621969,-1.5707481543170374,-1.5708888212787073,-1.5707600752459925,1.5708465576171875,-0.7853787581073206,0
15,1788173641.6070335,-0.10911484555037973,-0.48689078042519734,0.28583730314402167,-1.2022434036211191,2.9024012241593034,-3.577903220564855e-05,-1.5707476774798792,-1.5707600752459925,-1.5708888212787073,-1.5707362333880823,1.5708465576171875,-0.7853668371783655,0
16,1788173641.647812,-0.1091090397428041,-0.48691865235118137,0.28585833406633887,-1.2022712484245301,2.9024195079845776,-0.00014027214561655596,-1.5707357565509241,-1.5707839171039026,-1.5708287397967737,-1.570700470601217,1.5708465576171875,-0.7853668371783655,0
17,1788173641.689412,-0.10911759428712527,-0.4868913317189913,0.2858558440404467,-1.2022546439840431,2.902428356488908,-9.774323824124206e-05,-1.5707476774798792,-1.5707357565509241,-1.5708773771869105,-1.5707243124591272,1.5708345174789429,-0.7853668371783655,0
18,1788173641.729604,-0.10910325532078864,-0.4866425618428817,0.285801940473955,-1.2022846856554201,2.902354104197507,6.940508020533585e-05,-1.570723835621969,-1.5702088514911097,-1.571512524281637,-1.5707362333880823,1.5708465576171875,-0.7853787581073206,0
19,1788173641.7713802,-0.10918232877590912,-0.48568898628699575,0.2858735543409927,-1.20246168979426,2.902339066326306,-0.00018419174830044813,-1.5708921591388147,-1.5679171721087855,-1.573658291493551,-1.5707123915301722,1.5708585977554321,-0.7856548468219202,0
20,1788173641.8095868,-0.10964391228066364,-0.4842744424295808,0.2858637846754193,-1.2024930210815103,2.902314886483828,-0.00019348041845539433,-1.5718510786639612,-1.5648348967181605,-1.5767510573016565,-1.570700470601217,1.5708705186843872,-0.7866380850421351,0
21,1788173641.8521192,-0.11014565425070014,-0.48265113659436487,0.2859766723757589,1.2024919610566598,-2.902263390995773,0.0004956859635172185,-1.5728824774371546,-1.561164681111471,-1.5801551977740687,-1.5707481543170374,1.5708465576171875,-0.7876814047442835,0
22,1788173641.9021454,-0.11050297973736753,-0.4810881685096906,0.28587774853205394,1.2027598039509801,-2.9022191156362633,0.00021392704781104236,-1.5736258665667933,-1.5577815214740198,-1.583703343068258,-1.5707724730121058,1.5708345174789429,-0.7885931173907679,0
23,1788173641.9417331,-0.11090890909466533,-0.4791715232526559,0.2858685681517731,1.202671186997364,-2.9022517842483246,0.0002764820189111125,-1.5744894186602991,-1.5534756819354456,-1.587971035634176,-1.5707724730121058,1.5708465576171875,-0.7893965880023401,0
24,1788173641.9811487,-0.11121619451330517,-0.47778064626823713,0.28592857616323664,1.2022358272874532,-2.902333975736553,0.000566845466297583,-1.575136963521139,-1.5502613226519983,-1.5910161177264612,-1.5707362333880823,1.5708345174789429,-0.7897680441485804,0
25,1788173642.0199854,-0.11122217352228997,-0.47716776561714824,0.285899412926678,1.2022003925979408,-2.902395218390641,0.00045466987760884973,-1.5751608053790491,-1.5488694349872034,-1.5924304167376917,-1.570796314870016,1.5708465576171875,-0.7897561232196253,0
26,1788173642.0606766,-0.11121647060750973,-0.4771657316499259,0.2858659790629583,1.2022790343720116,-2.902387401418082,0.00036902153006237694,-1.575148884450094,-1.5488932768451136,-1.592478100453512,-1.5707839171039026,1.5708465576171875,-0.7897923628436487,0
27,1788173642.1020765,-0.11121931050455373,-0.4771415935861482,0.28587562723828064,1.2022290715525197,-2.9024155235622278,0.00039222329804312835,-1.5751608053790491,-1.5488336722003382,-1.5925143400775355,-1.570796314870016,1.5708585977554321,-0.7897680441485804,0
28,1788173642.1412256,-0.11141478904337747,-0.4772972026568592,0.2858740184087477,1.2020744826451903,-2.9024846524806684,0.00037424679042145133,-1.5755685011493128,-1.5493133703814905,-1.5920470396624964,-1.570796314870016,1.5708585977554321,-0.7900679747210901,0
29,1788173642.1827137,-0.11228688855743625,-0.4778390781246496,0.28588822747851705,-1.2019644941505758,2.902563603436908,-0.00029379203344389064,-1.5773914496051233,-1.551101032887594,-1.5902484099017542,-1.5708678404437464,1.5708705186843872,-0.7918069998370569,0
30,1788173642.225863,-0.11352759990367399,-0.47886616731892817,0.2858492322496431,-1.201908252624439,2.902527655765395,-4.1746708198602026e-05,-1.5799577871905726,-1.554291073475973,-1.5871794859515589,-1.570916000996725,1.5708585977554321,-0.7943490187274378,0
31,1788173642.269456,-0.11449269054714878,-0.4807861992844306,0.2857485605929926,-1.2020839290450647,2.902356799071655,0.0002914261511367245,-1.581923786793844,-1.5594609419452112,-1.5822885672198694,-1.5708678404437464,1.5708585977554321,-0.796459976826803,0
32,1788173642.3129776,-0.11519790470908979,-0.482365587853465,0.2857960784736145,-1.2017909966911422,2.9024853131897097,0.0002183469470648067,-1.583350960408346,-1.5635388533221644,-1.5781415144549769,-1.5708916823016565,1.5708705186843872,-0.7976835409747522,0
33,1788173642.3566425,-0.11615634973950993,-0.48425828120724135,0.2857902816664253,-1.2021252717848316,2.9023567888272703,0.00023081602969574535,-1.5852692762957972,-1.568517033253805,-1.573202912007467,-1.5708559195147913,1.5708585977554321,-0.7998297850238245,0
34,1788173642.3992348,-0.1169690275704779,-0.485849885869585,0.28584777139762846,-1.2018814567301832,2.902507982083259,6.142550762648981e-05,-1.586888615285055,-1.5726435820208948,-1.5689590612994593,-1.5708559195147913,1.5708585977554321,-0.8012688795672815,0
35,1788173642.4438417,-0.11780693683634154,-0.48742601238156913,0.2858429463952319,-1.2022494623003679,2.902361058871466,9.002509296125066e-05,-1.5885432402240198,-1.576817814503805,-1.5647757689105433,-1.5708797613727015,1.5708465576171875,-0.8031757513629358,0
36,1788173642.4880872,-0.11882500825678759,-0.48932215102712084,0.28583867388077716,-1.2023446232294797,2.9023461368601784,8.11594660337882e-06,-1.590545956288473,-1.5818074385272425,-1.5597646872149866,-1.5708444754229944,1.5708465576171875,-0.8052380720721644,0
37,1788173642.5310557,-0.1195344721295159,-0.49091508526242317,0.2858659343281711,-1.2025313458721478,2.902252812885441,-7.990547342753275e-05,-1.5919368902789515,-1.5859220663653772,-1.555533234273092,-1.570916000996725,1.5708825588226318,-0.8067615667926233,0
38,1788173642.5696547,-0.12011859969056658,-0.49286643334766905,0.28582652807460207,-1.2022807485162263,2.9023856918992452,-3.528636368407803e-05,-1.5930159727679651,-1.5908282438861292,-1.5506303946124476,-1.57092792192568,1.5708465576171875,-0.8076608816729944,0
39,1788173642.6092262,-0.12049219512096582,-0.4941340767570119,0.28580905810729595,-1.2021839840639215,2.9023986999231832,5.374769716181688e-05,-1.5937112013446253,-1.5940426031695765,-1.5473702589618128,-1.5710356871234339,1.5708465576171875,-0.808296028767721,0
40,1788173642.6538293,-0.12109275273836366,-0.49603966922881687,0.2857877957152063,-1.2024645260688482,2.9022363600930925,0.00011165335421793664,-1.5948384443866175,-1.5988767782794397,-1.542443577443258,-1.571179215108053,1.5708705186843872,-0.8096278349505823,0
41,1788173642.6972382,-0.12137053489921046,-0.49764658999126243,0.2858454103261735,-1.2022762888527283,2.9024238535311073,-6.128162273825734e-05,-1.5952943007098597,-1.602715317402975,-1.5383675734149378,-1.5712750593768519,1.5708225965499878,-0.8099272886859339,0
42,1788173642.7399666,-0.12125124996953107,-0.4995390295771038,0.28549885690647725,-1.202035447967198,2.9024315488402928,0.00019413424392245588,-1.5949700514422815,-1.6071775595294397,-1.5345795790301722,-1.5707839171039026,1.5708345174789429,-0.8094595114337366,0
43,1788173642.7832491,-0.12086330203923135,-0.5011005915106174,0.2843167943366717,-1.2021144407425133,2.9022797677461605,0.0005387378193174628,-1.594130818043844,-1.6107519308673304,-1.5338118712054651,-1.5682223478900355,1.5708465576171875,-0.8087037245379847,0
44,1788173642.8286557,-0.12030668187436666,-0.5026851229697433,0.2824662243535202,-1.2018570885295015,2.902398263540504,0.000501448686955091,-1.5929563681231897,-1.6141589323626917,-1.5349753538714808,-1.5636256376849573,1.5708465576171875,-0.8073490301715296,0
45,1788173642.8731456,-0.11939828882165188,-0.5045058466035672,0.2793085111749537,-1.2020162215215322,2.9023381718473447,0.00048485614631662676,-1.5910852591144007,-1.6179969946490687,-1.5390027205096644,-1.5557482878314417,1.5708465576171875,-0.8055861631976526,0
46,1788173642.9171975,-0.1181822029217779,-0.5063516566719806,0.2754621880641377,-1.201890596978932,2.9025770299134144,-8.717255445254522e-05,-1.5886152426349085,-1.621620003377096,-1.5450924078570765,-1.5456326643573206,1.5708345174789429,-0.8029840628253382,0
47,1788173642.9633482,-0.11721785499493753,-0.507601001808154,0.2722775006678794,1.2019128782652035,-2.902581884337256,0.00021492523656606722,-1.586684528981344,-1.6241987387286585,-1.5505107084857386,-1.5375521818744105,1.5708465576171875,-0.8010652701007288,0
48,1788173643.0029204,-0.11676420647584304,-0.5083862610826403,0.26846398329687426,1.2020347807957679,-2.902484735485323,0.00018233922352440336,-1.5857494513141077,-1.6261299292193812,-1.5581944624530237,-1.5279391447650355,1.570798635482788,-0.8002255598651331,0
49,1788173643.044995,-0.11676562649547348,-0.5085831088933158,0.26522820844839157,-1.2020500613483691,2.902470736551893,-4.776627315060804e-05,-1.5857732931720179,-1.6270178000079554,-1.5654824415790003,-1.5198825041400355,1.5708585977554321,-0.8002617994891565,0
50,1788173643.0882285,-0.11677527688715184,-0.5085805493528194,0.26208721792758516,1.202103368343271,-2.9025015474417413,0.0003151192395334286,-1.5857976118670862,-1.6273296515094202,-1.5732148329364222,-1.511658016835348,1.5708705186843872,-0.8003099600421351,0
51,1788173643.1315758,-0.11677610309680178,-0.5086356211989572,0.2582323236699866,1.202078142687574,-2.902491526416004,0.00038388051556327563,-1.5857976118670862,-1.6280129591571253,-1.582348648701803,-1.5017932097064417,1.5708705186843872,-0.8002975622760218,0
52,1788173643.1762915,-0.11678664723431359,-0.5085682793847256,0.2549512860996064,-1.2020217560761879,2.902453295272266,9.794060798036595e-05,-1.5858095327960413,-1.6285889784442347,-1.5900452772723597,-1.4938443342791956,1.5708465576171875,-0.8002856413470667,0
53,1788173643.2199836,-0.11677850076127129,-0.5086140121121667,0.25106515579817035,-1.2020390869721091,2.9024951272490704,-0.00011446840292231955,-1.5857976118670862,-1.6293686071978968,-1.5991914908038538,-1.4837763945208948,1.5708585977554321,-0.8002737204181116,0
54,1788173643.2638428,-0.11677842949714429,-0.5086092619773824,0.2478708027872886,-1.2020356144559543,2.902486745287233,-8.146184075574803e-05,-1.5857976118670862,-1.6300528685199183,-1.6066353956805628,-1.475671116505758,1.5708585977554321,-0.8002737204181116,0
55,1788173643.3074574,-0.11677438907117478,-0.5086193340032589,0.24470050950461644,-1.2020873139171755,2.9025117461219816,-9.480107052770773e-05,-1.5857732931720179,-1.630796257649557,-1.613972012196676,-1.4675663153277796,1.5708225965499878,-0.8002737204181116,0
56,1788173643.3514762,-0.11678385023907006,-0.5085650878359884,0.24082367855674458,-1.2020055083395969,2.9024629984559844,4.0247481088241824e-05,-1.5858095327960413,-1.6317198912249964,-1.6229026953326624,-1.4578211943255823,1.5708585977554321,-0.8002737204181116,0
57,1788173643.3945453,-0.11676567385474426,-0.5085291616477222,0.23695597689018594,-1.2020306077640939,2.90237681721606,0.00019997902120685927,-1.5857856909381312,-1.6327632109271448,-1.6316893736468714,-1.4481123129474085,1.5708825588226318,-0.8002856413470667,0
58,1788173643.436778,-0.11677082759010585,-0.5085632770763296,0.23379317801240976,-1.2021190072278956,2.902439510953728,5.6618430524514706e-05,-1.5857732931720179,-1.6337230841266077,-1.6388219038592737,-1.439899746571676,1.5708345174789429,-0.8003099600421351,0
59,1788173643.4788766,-0.11677708577790441,-0.5085587039479792,0.23065051486871588,-1.2020676769030822,2.9024662951549542,3.8053091839728886e-05,-1.5857856909381312,-1.6347067991839808,-1.6458585898028772,-1.431866470967428,1.5708345174789429,-0.8002856413470667,0
60,1788173643.5208302,-0.11663217304168805,-0.5086985511807033,0.22737988295554504,-1.2021240611656976,2.902355818644696,0.0003310280356982844,-1.5854976812945765,-1.6361578146563929,-1.652679745350973,-1.4237974325763147,1.5708345174789429,-0.8000577131854456,0
61,1788173643.5647967,-0.11607735342326815,-0.5093085831045008,0.22353713852810703,-1.2023742742390051,2.9023179085168898,0.00011039822941441209,-1.5843942801104944,-1.6385811010943812,-1.6600282827960413,-1.413872543965475,1.5708345174789429,-0.7991107145892542,0
62,1788173643.6080444,-0.11501901538727227,-0.510377170643974,0.22034290522646696,-1.2023841446564025,2.9022458627877747,0.00014980505758089603,-1.5823195616351526,-1.641747776662008,-1.6648591200457972,-1.4059227148639124,1.5708825588226318,-0.7970593611346644,0
63,1788173643.651079,-0.11374831395914028,-0.5117102892087507,0.21708668654037552,-1.202412636629425,2.9022167982353944,0.0003063649912608044,-1.579801384602682,-1.6455267111407679,-1.6691754500018519,-1.3979252020465296,1.5708585977554321,-0.7945650259601038,0
64,1788173643.6950245,-0.11230358322248148,-0.5132050098808385,0.21329772117240026,-1.202416671736507,2.9022265320221408,0.0003185239225696785,-1.5769594351397913,-1.6498449484454554,-1.6743057409869593,-1.3884795347796839,1.5708465576171875,-0.7917230764972132,0
65,1788173643.736768,-0.11109589263211242,-0.514528338917422,0.21010887765310954,-1.2024023182618686,2.902293624039118,1.1584593573697416e-05,-1.5746095816241663,-1.65361196199526,-1.678525749837057,-1.3802903334247034,1.5708705186843872,-0.7893484274493616,0
66,1788173643.7795508,-0.10963679391722679,-0.5160116022031529,0.20622425022425755,-1.2021694010736392,2.902271543798285,0.0004749630154179094,-1.5717671553241175,-1.6582658926593226,-1.6834529081927698,-1.3710234800921839,1.5708585977554321,-0.7863743940936487,0
67,1788173643.8220882,-0.10849068993309188,-0.5172109286890514,0.2029867666035806,-1.202180771422421,2.902203116146323,0.0007020028013704165,-1.5695489088641565,-1.6621163527118128,-1.6876123587237757,-1.3631694952594202,1.5708585977554321,-0.7841795126544397,0
68,1788173643.8642094,-0.1071683975620512,-0.5184112957552225,0.19982355143264754,-1.2021977514059354,2.902293001688445,0.0004142738568520371,-1.5669944922076624,-1.665738884602682,-1.6919158140765589,-1.3550398985492151,1.5708465576171875,-0.7816131750689905,0
69,1788173643.9072428,-0.10597156545932106,-0.5192776174837541,0.19654420777271006,-1.20193183319035,2.9022421243632768,0.0008911005386574533,-1.5647042433368128,-1.6690381209002894,-1.696747128163473,-1.3472464720355433,1.5708705186843872,-0.7791789213763636,0
70,1788173643.9496243,-0.1050513726955587,-0.5197322133151904,0.1928499692089238,-1.2022655427255886,2.9022629132813367,0.000276056058793268,-1.562941853200094,-1.6714490095721644,-1.70384389558901,-1.337320629750387,1.5708825588226318,-0.7776077429400843,0
71,1788173643.9945114,-0.10495662211930482,-0.5197097588579013,0.1896146230941769,-1.2021507132512048,2.9022812149598827,0.0005821273386277711,-1.562737766896383,-1.6732481161700647,-1.7102811972247522,-1.3292749563800257,1.5708345174789429,-0.7773316542254847,0
72,1788173644.0341768,-0.10496884348746927,-0.5197283453034616,0.1857997349534037,-1.20211734900283,2.9023963686865626,0.0002190437393003819,-1.5627616087542933,-1.6753953138934534,-1.7179778257953089,-1.3191817442523401,1.5708345174789429,-0.7773078123675745,0
73,1788173644.0776742,-0.10496572254586017,-0.5196857189715971,0.18260293739369907,-1.2021526845493649,2.902383813211576,0.00026147739826994304,-1.5627496878253382,-1.6772311369525355,-1.7243436018573206,-1.3110044638263147,1.5708225965499878,-0.7773197332965296,0
74,1788173644.1218355,-0.10474976614025745,-0.5196477010700663,0.1793307380747843,-1.201985633754238,2.902274143658343,0.000702696902562416,-1.5623539129840296,-1.6792338530169886,-1.7306612173663538,-1.3030064741717737,1.5708705186843872,-0.7768524328814905,0
75,1788173644.164995,-0.1035670272667102,-0.5197488414186705,0.1755458669455089,-1.2023250404091383,2.9022597544872157,0.0002518724629177667,-1.560075585042135,-1.6812132040606897,-1.7385371367083948,-1.2928412596331995,1.5708705186843872,-0.7747772375689905,0
76,1788173644.2082708,-0.10198353107923161,-0.5197500199535632,0.17243307338094568,-1.2023086385867254,2.902317993321783,0.00021991301900645255,-1.5570057074176233,-1.682545010243551,-1.7453106085406702,-1.2846992651568812,1.5708345174789429,-0.7716835180865687,0
77,1788173644.2509067,-0.10031295120477539,-0.5197306500649158,0.1691129409093773,-1.2024621821502124,2.902197453454662,0.0003284312158621624,-1.5537918249713343,-1.68406850496401,-1.7524073759662073,-1.2761624495135706,1.5708585977554321,-0.7685893217669886,0
78,1788173644.2942638,-0.09840043106622329,-0.5196989772074091,0.16524882074235178,-1.2023249608482611,2.902212598472147,0.000591445476726359,-1.550086800252096,-1.6859639326678675,-1.7605355421649378,-1.266308609639303,1.5708345174789429,-0.7647998968707483,0
79,1788173644.338531,-0.0967975818817589,-0.5197909427531296,0.162145765844536,-1.2021651580807786,2.9024197898797106,-3.671903319732493e-05,-1.547004524861471,-1.6875594297992151,-1.7671406904803675,-1.2576878706561487,1.5708585977554321,-0.7615731398211878,0
80,1788173644.38216,-0.09516326550636739,-0.5198903333106627,0.158325093613712,-1.2020595028339143,2.902458301402935,-1.6844414247851367e-05,-1.5438507238971155,-1.6899703184710901,-1.7746575514422815,-1.2477734724627894,1.5708585977554321,-0.7583478132831019,0
81,1788173644.4246817,-0.09406371618033806,-0.5199746428950626,0.1550215237690011,-1.2023016614600817,2.9022092199487717,0.0004445497523769522,-1.5417402426349085,-1.6924055258380335,-1.7806995550738733,-1.239619557057516,1.5708825588226318,-0.7564404646502894,0
82,1788173644.4686642,-0.09337072620254372,-0.5200084222448067,0.15122836825131858,-1.2021587636258302,2.9024043538736324,-2.0343086935511658e-05,-1.5403969923602503,-1.695068661366598,-1.7879884878741663,-1.2293461004840296,1.5708705186843872,-0.7549656073199671,0
83,1788173644.5122418,-0.09270232439708392,-0.51996698350143,0.14798563512611967,-1.2024038507728712,2.9022112546028676,0.00033153810326681885,-1.5391019026385706,-1.6974557081805628,-1.7939828077899378,-1.2212041060077112,1.5708705186843872,-0.7538617292987269,0
84,1788173644.5567656,-0.09164828066571842,-0.5200551066659552,0.14424204681586203,-1.2023093675446535,2.902376489061288,-0.00010033577569358531,-1.5370634237872522,-1.7002390066729944,-1.8010433355914515,-1.2110617796527308,1.5708585977554321,-0.7517274061786097,0
85,1788173644.5996478,-0.09055713369578565,-0.5199676022933328,0.14100947717418963,-1.202537626197346,2.9021897305743374,0.00031203383960241285,-1.5349410215960901,-1.702505890523092,-1.8071816603290003,-1.2029321829425257,1.5708465576171875,-0.7497847715960901,0
86,1788173644.6412687,-0.08906006622152957,-0.5199931923141459,0.1377646290494319,-1.2024969560270855,2.902240272346908,0.00012832097895609177,-1.5320504347430628,-1.704785172139303,-1.8134635130511683,-1.1942504088031214,1.5708585977554321,-0.7468579451190394,0
87,1788173644.6849182,-0.08714357480738698,-0.5199816978126964,0.13393150611969137,-1.20228898645244,2.9023292659282904,0.00017407795975188243,-1.5283330122577112,-1.707496468220846,-1.82084829012026,-1.1841805616961878,1.5708465576171875,-0.7429965178119105,0
88,1788173644.7283242,-0.08554102489543225,-0.5199703577299966,0.13073428635881734,-1.2020349078171162,2.902408721995697,0.0002794909823064897,-1.5252273718463343,-1.7098591963397425,-1.8269026915179651,-1.1758344809161585,1.5708465576171875,-0.7397220770465296,0
89,1788173644.7695487,-0.08388292817557377,-0.5200927673336341,0.12764503434276472,1.2023315179134764,-2.9023868875625407,0.0003411504318436968,-1.5220254103290003,-1.7122710386859339,-1.832752529774801,-1.1671527067767542,1.5708465576171875,-0.7366998831378382,0
90,1788173644.8136244,-0.08207784821513497,-0.5200633868360283,0.1237614652138686,-1.202364837541019,2.902320571006115,8.726517661111165e-05,-1.5185235182391565,-1.7154372374164026,-1.8397658506976526,-1.1572626272784632,1.5708465576171875,-0.7332337538348597,0
91,1788173644.859089,-0.08076503662442631,-0.5201597596150951,0.12049661187481334,-1.2025108081665359,2.902230658695373,0.00015264438369154852,-1.5159934202777308,-1.7184489409076136,-1.8453286329852503,-1.148736302052633,1.5708585977554321,-0.7308114210711878,0
92,1788173644.9013655,-0.0802824064301945,-0.5201746196505246,0.11663066137221667,-1.2025657124230666,2.9021186265172827,0.00040892188486694634,-1.5150697867022913,-1.7223108450519007,-1.851562801991598,-1.1388214270221155,1.5708825588226318,-0.7299473921405237,0
93,1788173644.9443104,-0.08032315683590513,-0.5202574188089034,0.11346351842637104,-1.2026580546095214,2.902241628543416,-8.765063847274245e-05,-1.51514178911318,-1.7256458441363733,-1.856621567402975,-1.1300800482379358,1.5708465576171875,-0.7300437132464808,0
94,1788173644.9871721,-0.08029672992068589,-0.5202409108235895,0.11042555880826307,-1.202731075262202,2.9021732848268105,1.2825021063810022e-05,-1.5150941053973597,-1.7288373152362269,-1.8613932768451136,-1.1221888701068323,1.5708585977554321,-0.7300556341754358,0
95,1788173645.0307813,-0.08031196167886098,-0.5202002572447929,0.10691372622881817,-1.2025949471052835,2.902089405049662,0.00047957838362635717,-1.515129868184225,-1.732663933430807,-1.8667038122760218,-1.1133750120746058,1.5708825588226318,-0.7300317923175257,0
96,1788173645.069434,-0.08033543599538309,-0.5203071796216298,0.1050765886420173,1.202564390454219,-2.9022621054760114,0.0004079459575155985,-1.5151656309710901,-1.7346671263324183,-1.8697012106524866,-1.1077588240252894,1.5708345174789429,-0.7300074736224573,0
97,1788173645.1131513,-0.08031848668737965,-0.5202308870642308,0.1038298111268652,-1.2026616402025991,2.9022013795079995,7.279888899132485e-05,-1.515129868184225,-1.7359989325152796,-1.8715713659869593,-1.1048854033099573,1.5708465576171875,-0.7300437132464808,0
98,1788173645.1572134,-0.08031845872996675,-0.5202313887747192,0.10342503451146168,-1.202657873153219,2.9022411908009524,-8.552949884941756e-05,-1.515129868184225,-1.736406151448385,-1.8722670714007776,-1.103675667439596,1.5708465576171875,-0.7300317923175257,0
99,1788173645.2000883,-0.08032241308177912,-0.5202707687358553,0.10349026998954994,1.2026673436824273,-2.902264031411275,0.0002806165605199858,-1.51514178911318,-1.7363703886615198,-1.8721593062030237,-1.103687588368551,1.5708465576171875,-0.7300437132464808,0
100,1788173645.2441523,-0.08032907872674551,-0.5202614891189674,0.10349302293297469,1.20256518698369,-2.9023149074331696,0.00024527566902723475,-1.515153710042135,-1.7363584677325647,-1.8721593062030237,-1.1037233511554163,1.5708465576171875,-0.729983154927389,0
101,1788173645.2846293,-0.08032950865210525,-0.5202537705465379,0.1035083000251722,1.2025433591515846,-2.9023111415795078,0.00029828762529336293,-1.515153710042135,-1.7363103071795862,-1.8721831480609339,-1.1037119070636194,1.5708465576171875,-0.7299712339984339,0
102,1788173645.3273754,-0.08032357283311639,-0.5202379334385088,0.10348482879033241,1.202251367801717,-2.9024419760880202,0.00014376316957201126,-1.515129868184225,-1.7363346258746546,-1.872195068989889,-1.1037715117083948,1.5708225965499878,-0.729743782673971,0
103,1788173645.3694482,-0.08031225637003198,-0.5202323589975452,0.10349200323548433,-1.201877613988637,2.9025730819100217,-0.00012156656755767204,-1.5151179472552698,-1.7363222281085413,-1.8721831480609339,-1.1038191954242151,1.5708465576171875,-0.7294800917254847,0
104,1788173645.4133558,-0.08032470887672331,-0.5202295605217866,0.10348557427033975,-1.201541418127756,2.90269503763521,-5.016334797893538e-05,-1.51514178911318,-1.7363465468036097,-1.8721593062030237,-1.1038668791400355,1.5708465576171875,-0.7292764822589319,0
105,1788173645.457938,-0.08032865916932697,-0.5202195957235428,0.10349154240160949,-1.2015671527542928,2.9026592951703774,-3.396904162916915e-06,-1.515153710042135,-1.7363346258746546,-1.8721469084369105,-1.103926960621969,1.5708585977554321,-0.7293122450457972,0
106,1788173645.502063,-0.08002919220419322,-0.5203801918312658,0.10351360759735165,-1.2016049459133187,2.9026565909479407,-5.707604236163009e-05,-1.5145905653582972,-1.7365501562701624,-1.8718350569354456,-1.1039870421039026,1.5708585977554321,-0.728771988545553,0
107,1788173645.545009,-0.07902192852615635,-0.5208812484854587,0.10350346034833441,-1.2020961473981886,2.9024136863010908,0.00022291157079379968,-1.5126836935626429,-1.7374022642718714,-1.8707922140704554,-1.1043580214129847,1.5708345174789429,-0.727213207875387,0
108,1788173645.5895867,-0.07722951797021065,-0.5219144562042811,0.10355611210151078,-1.202146689305639,2.9023360857176743,0.00017503383711315495,-1.5093610922442835,-1.7390454451190394,-1.8686698118792933,-1.1048253218280237,1.570894479751587,-0.7239392439471644,0
109,1788173645.6329157,-0.07578620867081641,-0.5228355840672051,0.1035224411722526,-1.2019087224832148,2.902454422972554,0.00032612957762709246,-1.5066631476031702,-1.7406891028033655,-1.8667638937579554,-1.1051724592791956,1.5708465576171875,-0.7210724989520472,0
110,1788173645.6765304,-0.07426399383735578,-0.5238116257158875,0.10342658508725461,-1.2018822848576467,2.902490411613802,0.00028092856641949643,-1.5038450399981897,-1.7424643675433558,-1.8649056593524378,-1.1052206198321741,1.5708345174789429,-0.7182300726519983,0
111,1788173645.7196374,-0.07377353938249252,-0.5241629908571851,0.10344272732674947,-1.2019963380718437,2.9024721781755436,0.0001568453456764865,-1.5029457251178187,-1.7430403868304651,-1.8641865889178675,-1.1052802244769495,1.5708345174789429,-0.7174022833453577,0
112,1788173645.7629185,-0.0737891599351504,-0.5241590503978543,0.10346661836948917,-1.2021485471727933,2.9024462372700714,5.563057455568999e-05,-1.502970043812887,-1.7429803053485315,-1.8642104307757776,-1.1052444616900843,1.5708225965499878,-0.7175224463092249,0
113,1788173645.8054438,-0.07376530248051492,-0.5241525895082761,0.10342488701141761,-1.2021821941448532,2.9023787278251105,0.0001685481634466039,-1.5029338041888636,-1.7430403868304651,-1.8642342726336878,-1.1052444616900843,1.5708465576171875,-0.7175224463092249,0
114,1788173645.84728,-0.07377812594620996,-0.5241496653959841,0.1034464602343422,-1.2020972253269127,2.9024221592162673,0.00013305803844276535,-1.502958122883932,-1.7430046240436,-1.8642223517047327,-1.1052683035479944,1.5708465576171875,-0.7174862066852015,0
115,1788173645.8865695,-0.0737673719516215,-0.5241626772742993,0.10344479798735848,-1.2021765447140496,2.9024140123168864,8.585725829436416e-05,-1.5029338041888636,-1.743016544972555,-1.8642223517047327,-1.1052206198321741,1.5708345174789429,-0.7175105253802698,0
116,1788173645.924861,-0.07376565402921112,-0.5241474171561172,0.10342554308846641,-1.20212954587249,2.9024003718440867,0.00016926052311976833,-1.5029338041888636,-1.74302846590151,-1.864246670399801,-1.1052444616900843,1.5708465576171875,-0.7174862066852015,0
117,1788173645.9632885,-0.07377773388073097,-0.5241554359476561,0.10343636749722299,-1.2021152168788063,2.9024147070160193,0.0001330572456073227,-1.502958122883932,-1.74302846590151,-1.8642223517047327,-1.1052444616900843,1.5708465576171875,-0.7174986044513147,0
118,1788173646.0032065,-0.07377792991143155,-0.5241525507018298,0.10344141388301983,-1.202097225325502,2.9024221592153774,0.0001330580405817419,-1.502958122883932,-1.743016544972555,-1.8642223517047327,-1.1052563826190394,1.5708465576171875,-0.7174862066852015,0
119,1788173646.0448818,-0.07376564699308923,-0.5241579045254778,0.1034467204184488,-1.2020906833906764,2.9024044099724904,0.0001033021110688148,-1.5029457251178187,-1.743016544972555,-1.8642104307757776,-1.1052563826190394,1.5708705186843872,-0.7174742857562464,0
120,1788173646.0832832,-0.07377244910969166,-0.5241525194794976,0.1034290654289167,-1.2020683215856434,2.9024013153090573,0.00015653740497197327,-1.502958122883932,-1.7430403868304651,-1.8642223517047327,-1.1052563826190394,1.5708705186843872,-0.7174742857562464,0
121,1788173646.1227102,-0.07376023695121847,-0.5241464482413318,0.10343498010774346,-1.2021389038422452,2.902372081718062,0.00015653740341274483,-1.5029338041888636,-1.743016544972555,-1.8642342726336878,-1.1052683035479944,1.5708705186843872,-0.7174986044513147,0
122,1788173646.164438,-0.0737735973702099,-0.5241621375308385,0.10343244899827031,-1.2021736315263079,2.9024069808795647,0.00012134735341177303,-1.5029457251178187,-1.7430403868304651,-1.8642223517047327,-1.1052206198321741,1.5708345174789429,-0.7175224463092249,0
123,1788173646.2069175,-0.07362004295097305,-0.5243255886363242,0.10351701827351259,-1.2021372246840507,2.9024678181936427,-0.00019452279167781727,-1.5026820341693323,-1.7431839148150843,-1.8638628164874476,-1.1052325407611292,1.5708585977554321,-0.7172225157367151,0
124,1788173646.2486486,-0.07273676553721893,-0.5248833537748293,0.10352815719198358,-1.2026480019320287,2.902272144858074,-0.0002047995274746597,-1.5010507742511194,-1.744131867085592,-1.8626883665667933,-1.105448071156637,1.5708465576171875,-0.7159393469439905,0
125,1788173646.2908146,-0.0714525538254949,-0.5257120402676577,0.10353634215598514,-1.2023963094570214,2.902355422182728,-0.0001744709092612467,-1.4987004438983362,-1.7455838362323206,-1.8609016577350062,-1.105807129536764,1.5708585977554321,-0.7134206930743616,0
126,1788173646.3291304,-0.07030449375626598,-0.5264715243155039,0.10345864972302768,-1.2021303216686972,2.902404190792754,-2.5395162089748128e-05,-1.4966138044940394,-1.7470586935626429,-1.859307114277975,-1.1060345808612269,1.5708825588226318,-0.711165730153219,0
127,1788173646.372021,-0.06973345639819742,-0.5269616117227772,0.10349009259620934,-1.2023217912929245,2.9023731812869324,-0.0002986599476809514,-1.495594326649801,-1.7478745619403284,-1.8582761923419397,-1.106070343648092,1.570894479751587,-0.710266415272848,0
128,1788173646.4148524,-0.06970630332275364,-0.5269820718302344,0.10351966638486435,-1.2024559261154544,2.902354489847208,-0.0003409907726778283,-1.4955347220050257,-1.7478626410113733,-1.8582161108600062,-1.1061061064349573,1.5708705186843872,-0.7102902571307581,0
129,1788173646.4581003,-0.06970301968162328,-0.5269760344783478,0.10349432944737855,-1.2024191149252486,2.9023615397181457,-0.00024477377475826996,-1.4955223242389124,-1.7478988806353968,-1.8582280317889612,-1.1061185042010706,1.5708585977554321,-0.7102544943438929,0
130,1788173646.500937,-0.06971887592402966,-0.5269608406149227,0.10349084069016673,1.2023824406023766,-2.9023747890374048,0.00020933017439369163,-1.4955347220050257,-1.7478745619403284,-1.8582642714129847,-1.1061185042010706,1.5708225965499878,-0.7102420965777796,0
131,1788173646.5436804,-0.06973581103129309,-0.5269836950257224,0.10349569394365474,1.2023262670593844,-2.902385967560005,0.00026269669983738475,-1.495570484791891,-1.7479108015643519,-1.8582161108600062,-1.1060946623431605,1.5708225965499878,-0.7102420965777796,0
132,1788173646.5876467,-0.06972869632771461,-0.5269593643970099,0.10335181419208445,1.202367375370832,-2.902385386980458,0.00025004310591785574,-1.4955585638629358,-1.748019043599264,-1.8584917227374476,-1.1057232061969202,1.5708345174789429,-0.7102544943438929,0
133,1788173646.6310651,-0.06971423206936891,-0.5268639128753267,0.10197097375139971,-1.2023533464384202,2.9022537170355807,0.0004122078938555376,-1.4955223242389124,-1.7495062986956995,-1.8605058828936976,-1.1026695410357874,1.5708465576171875,-0.7102420965777796,0
134,1788173646.6751194,-0.06970710392850699,-0.5268856892022656,0.10012303554408686,-1.2023408462075764,2.9022724637994397,0.00023182352467987177,-1.4955223242389124,-1.7515695730792444,-1.8633111158954065,-1.0976880232440394,1.5708705186843872,-0.7102301756488245,0
135,1788173646.7192361,-0.06972200038148668,-0.5269291250738766,0.09680133592466347,-1.2022665923243607,2.902339790397842,0.0001909204515071064,-1.4955466429339808,-1.7554085890399378,-1.8681662718402308,-1.0889585653888147,1.5708465576171875,-0.7101944128619593,0
136,1788173646.7637818,-0.06972449814849967,-0.5268959946858299,0.09416092679066343,-1.2022959099607433,2.9022638044304245,0.0004726862381620283,-1.4955466429339808,-1.7584431807147425,-1.872002903615133,-1.0822761694537562,1.5708465576171875,-0.7102301756488245,0
137,1788173646.80806,-0.06971940000635218,-0.52688113763666,0.09221463626287241,-1.2023237019837532,2.9022819585744952,0.0003417660289473524,-1.4955347220050257,-1.7606390158282679,-1.8749526182757776,-1.0770428816424769,1.5708465576171875,-0.7102301756488245,0
138,1788173646.8499231,-0.0697174390336528,-0.5269168626469651,0.09144351123182001,-1.2022165257452668,2.9023657033589085,4.753490485089471e-05,-1.4955466429339808,-1.761550251637594,-1.8761151472674769,-1.0747798124896448,1.5708705186843872,-0.710158650075094,0
139,1788173646.8927612,-0.06971036242969372,-0.5270009929894693,0.09153179723259411,1.2022358308413996,-2.90241423039065,0.0004238792969942379,-1.4955347220050257,-1.7615025679217737,-1.8760069052325647,-1.0746119658099573,1.5708465576171875,-0.7101462523089808,0
140,1788173646.9377344,-0.06970685650169153,-0.5269747355987475,0.09148649527126954,-1.2021695375147285,2.902449916030026,-0.00023851846014818714,-1.4955347220050257,-1.761550251637594,-1.8760431448565882,-1.0746601263629358,1.5708705186843872,-0.7100985685931605,0
141,1788173646.979235,-0.06970722637444177,-0.5269698303866958,0.09147505241603998,-1.2021140967943593,2.9024648242562434,-0.00020293745410886475,-1.4955347220050257,-1.7615621725665491,-1.8760550657855433,-1.0746601263629358,1.5708705186843872,-0.710062328969137,0
142,1788173647.0224814,-0.06971876483302226,-0.5269720413731724,0.09149478592341995,1.2021276646706978,-2.9024956266487028,0.0002623529908724134,-1.4955466429339808,-1.7615264097796839,-1.8760550657855433,-1.0746482054339808,1.5708465576171875,-0.7100747267352503,0
143,1788173647.0653296,-0.069718802128517,-0.5269715466857506,0.09149776972497428,-1.202074483362121,2.902517946463859,-0.0002445631203478783,-1.4955466429339808,-1.7615264097796839,-1.8760431448565882,-1.074672047291891,1.5708465576171875,-0.7100380102740687,0
144,1788173647.1069772,-0.06971314849432927,-0.5269640445044806,0.09151294347036262,-1.2020744258688743,2.9025178072768956,-0.00024385129263095731,-1.4955347220050257,-1.7614906469928187,-1.8760431448565882,-1.0747082869159144,1.5708465576171875,-0.7100260893451136,0
145,1788173647.1469147,-0.06971375607007625,-0.5269559869012161,0.09149095286599476,-1.2020485841596207,2.9025043556509864,-0.00013710940570890203,-1.4955347220050257,-1.7615264097796839,-1.8760431448565882,-1.0747440497027796,1.5708465576171875,-0.7100141684161585,0
146,1788173647.1864827,-0.06971657766001511,-0.526964488965724,0.09151083061782456,-1.2020824056363661,2.902486182547099,-0.0001793039900338823,-1.4955466429339808,-1.7615144888507288,-1.8760069052325647,-1.0747678915606897,1.5708585977554321,-0.7100504080401819,0
147,1788173647.228961,-0.06971639130068231,-0.5269307597768703,0.09149021603820928,-1.202066623852449,2.902448088828367,-4.2117052271587846e-05,-1.4955466429339808,-1.7615025679217737,-1.8760550657855433,-1.0748274962054651,1.5708705186843872,-0.7100504080401819,0
148,1788173647.2722595,-0.06973014614197069,-0.5269035621180208,0.09128976314389464,-1.202006962862242,2.902452814115768,0.0001667383601137789,-1.4955585638629358,-1.7617304960833948,-1.8763187567340296,-1.07446796098818,1.5708465576171875,-0.7100260893451136,0
149,1788173647.3150823,-0.06971338318689599,-0.5268516221208759,0.0906148147570921,-1.2019490470772392,2.9023619533324982,0.000492776589579718,-1.4955347220050257,-1.7624982039081019,-1.877265755330221,-1.0729835669146937,1.5708825588226318,-0.7099903265582483,0
150,1788173647.3589227,-0.06972831113928744,-0.5268913366090722,0.0901241104131216,-1.2020077697144635,2.9024547600191557,9.608212411679626e-05,-1.4955585638629358,-1.763061825429098,-1.8780692259417933,-1.0713427702533167,1.5708585977554321,-0.7100260893451136,0
151,1788173647.4038417,-0.0697044664101658,-0.5269109458627643,0.08939434957512424,-1.2020413601563131,2.90248496165241,-3.819492126388501e-05,-1.4955104033099573,-1.7639253775226038,-1.8791478315936487,-1.0693066755877894,1.5708465576171875,-0.7099903265582483,0
152,1788173647.4476726,-0.06971980044853418,-0.5268758270029696,0.08737401524786828,-1.2020138939495315,2.9024206215185,0.00029624701884103314,-1.4955347220050257,-1.7663491407977503,-1.881965462361471,-1.064289395009176,1.5708465576171875,-0.7100141684161585,0
153,1788173647.4911733,-0.06974398584614863,-0.5267927387088869,0.08479499190175327,-1.2015967925642408,2.9024450423642825,0.0010715117837728854,-1.4955585638629358,-1.7694795767413538,-1.8854664007769983,-1.0581696669207972,1.5708225965499878,-0.7097867170916956,0
154,1788173647.53415,-0.06971793280783532,-0.5268513934250432,0.08204475477769699,-1.2002159332042417,2.9030981168298204,0.0006516949367129789,-1.4955223242389124,-1.772862736378805,-1.8893864790545862,-1.0505889097796839,1.5708345174789429,-0.7087791601764124,0
155,1788173647.5765722,-0.06971609749226806,-0.5269249351847236,0.08009483299936174,-1.1992349720687236,2.9035855444804466,0.00022808771463867888,-1.4955347220050257,-1.7753341833697718,-1.8921077887164515,-1.0451162497149866,1.5708465576171875,-0.7080958525287073,0
156,1788173647.6207802,-0.06972434777642667,-0.5269804838349478,0.07894694343594749,1.1990057274466626,-2.903770167292848,0.0003363863504502241,-1.4955585638629358,-1.7767499128924769,-1.89382249513735,-1.041607681904928,1.5708465576171875,-0.7079399267779749,0
157,1788173647.6649575,-0.06971911910666141,-0.5269673422529338,0.078737455043977,-1.1991127203245688,2.903734914374104,-0.00021039121355056914,-1.4955466429339808,-1.7770136038409632,-1.8940861860858362,-1.0411647001849573,1.5708465576171875,-0.7079995314227503,0
158,1788173647.708256,-0.06971085833977513,-0.5269578589601797,0.07877039823320103,-1.1990420088229463,2.9037599105103955,-0.0002525780972545792,-1.4955347220050257,-1.7769416014300745,-1.8940861860858362,-1.0412123839007776,1.5708585977554321,-0.7079399267779749,0
159,1788173647.7508168,-0.0695183838839268,-0.5269833097617636,0.07875838280027647,-1.1991263095154658,2.9037167888850037,-0.00027618815743239955,-1.4951747099505823,-1.7769535223590296,-1.8941100279437464,-1.0411647001849573,1.5708705186843872,-0.7076399962054651,0
160,1788173647.795281,-0.06895348867559198,-0.5270316224395692,0.07875007731893513,1.1993070061342421,-2.903661821033736,0.000205224835504217,-1.4940832296954554,-1.7769172827350062,-1.89417010942568,-1.0411766211139124,1.5708345174789429,-0.7066682020770472,0
161,1788173647.8368526,-0.06825188536400148,-0.5270988418274163,0.07872538543697205,-1.1993247010588617,2.903606559528194,-0.00015142954002200396,-1.4927642981158655,-1.7769172827350062,-1.8942297140704554,-1.0411647001849573,1.5708705186843872,-0.7053731123553675,0
162,1788173647.878921,-0.06779693846560401,-0.527066427387772,0.07870845422989248,-1.1990251186254433,2.903722952838368,3.470611125794336e-06,-1.4918769041644495,-1.776773754750387,-1.894433323537008,-1.0412004629718226,1.5708465576171875,-0.7042811552630823,0
163,1788173647.924449,-0.06759956169558759,-0.5270737517346465,0.07869492152465968,-1.1990711992524965,2.903683444445903,3.403990292797317e-05,-1.491504971181051,-1.776761833821432,-1.8944814840899866,-1.0411885420428675,1.5708585977554321,-0.7039459387408655,0
164,1788173647.968572,-0.06760837528203413,-0.5270789349721285,0.07871602493544741,-1.19915185139234,2.9036825091063503,-4.9959671190072976e-05,-1.4915173689471644,-1.7767255941974085,-1.8944814840899866,-1.0411647001849573,1.5708465576171875,-0.7040060202227991,0
165,1788173648.0108802,-0.067605837470654,-0.5270641753385964,0.07869079389244193,-1.1991477767379541,2.9036726486355446,6.347977199559718e-05,-1.491504971181051,-1.7767499128924769,-1.8945053259478968,-1.0411885420428675,1.5708345174789429,-0.7039936224566858,0
166,1788173648.053187,-0.06757837531707314,-0.5270620184705738,0.07867011808058472,-1.1991578571930364,2.9036480060569394,9.402300212371294e-05,-1.4914572874652308,-1.776773754750387,-1.8945296446429651,-1.0411647001849573,1.5708465576171875,-0.7039578596698206,0
167,1788173648.097224,-0.06758848386767219,-0.5270222853145031,0.07848496681327863,-1.1991476966199028,2.903623408972014,0.00010098608031976095,-1.491481129323141,-1.7769296805011194,-1.8948772589312952,-1.040673557912008,1.5708705186843872,-0.7039817015277308,0
168,1788173648.1395183,-0.06760731628921285,-0.5269326123354154,0.07710751594065113,-1.1990860757371489,2.9035723337517707,0.0005672752365523718,-1.491493050252096,-1.7785852591144007,-1.8967836538897913,-1.0374158064471644,1.5708465576171875,-0.7039697805987757,0
169,1788173648.1779761,-0.06762072113230304,-0.5269582430487519,0.07511563980788385,-1.1991201883498201,2.903556820671825,0.0006350845852467066,-1.4915173689471644,-1.7811878363238733,-1.8993962446795862,-1.0322421232806605,1.5708345174789429,-0.7040179411517542,0
170,1788173648.2207716,-0.06759097624361575,-0.5269909275338687,0.07243224508635715,-1.1988818564007104,2.9036704069298906,0.00038325015490730104,-1.491481129323141,-1.7846429983722132,-1.903053108845846,-1.024973217641012,1.5708705186843872,-0.7038138548480433,0
171,1788173648.265023,-0.06759578694365463,-0.5269304018247831,0.06930943883989518,-1.1980955174830559,2.90388740394466,0.000867290389165748,-1.491481129323141,-1.7886980215655726,-1.9071419874774378,-1.0171530882464808,1.5708705186843872,-0.7032983938800257,0
172,1788173648.3074443,-0.06759313028138242,-0.5270073703801987,0.06577850615151026,-1.197480456279539,2.9042759299014165,0.00019935004102528475,-1.491493050252096,-1.7933762709247034,-1.9119012991534632,-1.0072725454913538,1.5708825588226318,-0.7028539816485804,0
173,1788173648.350029,-0.06761093517092974,-0.5269653163686642,0.06283804286616484,-1.1971407302717183,2.9043381473174925,0.0007342568419121762,-1.491504971181051,-1.7973592917071741,-1.9155696074115198,-0.9999674002276819,1.5708465576171875,-0.7026508490191858,0
174,1788173648.3931756,-0.06759217193669378,-0.5270013828096924,0.0608960211891304,-1.1970759680384457,2.904430608262041,0.0004998399856527016,-1.4914692083941858,-1.8000105063067835,-1.9180873076068323,-0.9946377913104456,1.5708345174789429,-0.7025545279132288,0
175,1788173648.4331944,-0.0675886673476572,-0.5270543258924022,0.05981858477290164,-1.197091394426358,2.9045171480130407,-4.216264131265298e-05,-1.491481129323141,-1.8014739195453089,-1.9195740858661097,-0.9913328329669397,1.5708585977554321,-0.7025545279132288,0
176,1788173648.4762638,-0.06759307100886403,-0.5271026555460733,0.059513049041136606,1.197057674266041,-2.904533599865681,0.0003998256173087181,-1.491481129323141,-1.801905934010641,-1.9200175444232386,-0.990206543599264,1.5708225965499878,-0.7025306860553187,0
177,1788173648.518226,-0.06758148556196082,-0.5271446833468706,0.059498063946801544,1.1970670378427157,-2.9045071359753627,0.0006859326918331309,-1.491481129323141,-1.8019536177264612,-1.9200533072101038,-0.9899433294879358,1.5708585977554321,-0.7025426069842737,0
178,1788173648.5632632,-0.06760240192039862,-0.5271194147273617,0.059172558789591184,1.1965991029962875,-2.9047083920613104,0.00064816264367535,-1.4915173689471644,-1.802361790333883,-1.920509163533346,-0.9891045729266565,1.5708585977554321,-0.702254597340719,0
179,1788173648.6051042,-0.06758630649429462,-0.5270751675799014,0.05750493224886111,-1.1946175351484607,2.905585181361144,-0.00014319547308315608,-1.4914692083941858,-1.8046773115741175,-1.9224990049945276,-0.9851291815387171,1.5708345174789429,-0.7008274237262171,0
180,1788173648.646125,-0.06758749274421738,-0.5270347550496993,0.055495634642929975,-1.1928868489791487,2.9061817764402202,0.0001897613206983438,-1.491481129323141,-1.807472054158346,-1.9249451796161097,-0.9801223913775843,1.5708705186843872,-0.6996758619891565,0
181,1788173648.6893153,-0.06759912187116174,-0.5270010279304846,0.053282168129402036,-1.1903587881158295,2.907164953447051,0.0004938266869271616,-1.491493050252096,-1.8105791250811976,-1.9276297728167933,-0.974530045186178,1.5708585977554321,-0.6979611555682581,0
182,1788173648.7329757,-0.06757623320986739,-0.5270634791973136,0.05104296514332607,-1.1883303107352816,2.9080774994544596,-6.225369070352816e-06,-1.4914692083941858,-1.813770596181051,-1.9304474035846155,-0.9681943098651331,1.5708825588226318,-0.6965220610248011,0
183,1788173648.7751355,-0.06759402906613779,-0.5270906017473512,0.049725472171805146,1.1876816068992437,-2.908384915725974,0.00038225803253613753,-1.491481129323141,-1.81561786333193,-1.932174030934469,-0.9643500486956995,1.5708225965499878,-0.6960776487933558,0
184,1788173648.8168092,-0.06759932848091078,-0.5270678236117847,0.049142812876191405,1.1875244418180981,-2.9084973393759967,0.0002238011549279111,-1.491493050252096,-1.8164456526385706,-1.9328573385821741,-0.9629486242877405,1.5708345174789429,-0.6959698835956019,0
185,1788173648.8607376,-0.06757283899794836,-0.5271408643030343,0.04925734086704031,1.1875750760520747,-2.9084231527554585,0.000654178688079256,-1.4914692083941858,-1.8163378874408167,-1.9327252546893519,-0.9629123846637171,1.5708705186843872,-0.695993725453512,0
186,1788173648.9049218,-0.06743592543175021,-0.5271201510329729,0.049239254972954644,1.1872813879941848,-2.9085499713300993,0.0004993372391531184,-1.4911931196795862,-1.8163135687457483,-1.9327853361712855,-0.9629724661456507,1.5708465576171875,-0.6955140272723597,0
187,1788173648.9467561,-0.06685773574333113,-0.5271853556895362,0.049223219793549405,1.1868478609707767,-2.9087345407305825,0.00040375282485757656,-1.4900897184955042,-1.8163378874408167,-1.9327853361712855,-0.9630082289325159,1.5708345174789429,-0.6941106955157679,0
188,1788173648.989912,-0.06640385346803991,-0.5272712379715327,0.0492214037713154,1.1868716395609085,-2.908745231004043,0.0003737924065914767,-1.4892385641681116,-1.8164094130145472,-1.9326894919024866,-0.9630563894854944,1.5708465576171875,-0.6932709852801722,0
189,1788173649.0343318,-0.06468636778145198,-0.5277119979378491,0.049219613738406914,-1.1871687220927827,2.9086247761751283,-0.0002186764040124192,-1.4860242048846644,-1.816925350819723,-1.9319818655597132,-0.9633553663836878,1.5708585977554321,-0.6902607123004358,0
190,1788173649.0774522,-0.06306438290641733,-0.5281110753383731,0.04912940676077618,-1.1872181710458565,2.908549723070513,-2.587589362809848e-05,-1.482990566884176,-1.8175252119647425,-1.9314301649676722,-0.9634392897235315,1.5708705186843872,-0.6872742811786097,0
191,1788173649.121289,-0.06247563589524526,-0.5281466980295088,0.04912206740128461,-1.1873977794648722,2.908440766501155,7.820039912286666e-05,-1.481875244771139,-1.8174894491778772,-1.9314788023578089,-0.9634993712054651,1.5708825588226318,-0.6862910429583948,0
192,1788173649.165585,-0.0624942628476164,-0.5281700780141716,0.049131682346666705,-1.1874888880669234,2.908463772235151,-1.3969066144232172e-05,-1.4818990866290491,-1.8175013701068323,-1.9314544836627405,-0.9634392897235315,1.5708465576171875,-0.6863630453692835,0
193,1788173649.2040076,-0.06248885808159018,-0.5281136322838916,0.048932341253773354,-1.187605838134629,2.9084034538421335,0.00023746449470743753,-1.4818633238421839,-1.8177169005023401,-1.9317424933062952,-0.9630921522723597,1.5708105564117432,-0.6864107290851038,0
194,1788173649.2463486,-0.062495558962341734,-0.5280467417157511,0.04783876300653969,-1.187444681996225,2.908306011858272,0.0008799012005611152,-1.481875244771139,-1.819300953541891,-1.9329169432269495,-0.960769001637594,1.5708345174789429,-0.6863511244403284,0
195,1788173649.29081,-0.06248811098160273,-0.5280377272419696,0.04613811448143104,-1.186750829187763,2.908550374596526,0.0008719307828985333,-1.481875244771139,-1.8217480818377894,-1.934967343007223,-0.9562771956073206,1.5708705186843872,-0.6858833471881312,0
196,1788173649.3339212,-0.06249575479855883,-0.5281144135515856,0.043751677272627354,-1.1847530602497343,2.909490746367454,0.0004699536605037981,-1.481887165700094,-1.825299088154928,-1.937784496937887,-0.949630085621969,1.5708345174789429,-0.6844914595233362,0
197,1788173649.376653,-0.062473889315747565,-0.528166288121922,0.04192751314777171,-1.1820629153107127,2.910627772489184,9.030281259905108e-06,-1.481875244771139,-1.8279979864703577,-1.9399908224688929,-0.944432560597555,1.5708825588226318,-0.6826203505145472,0
198,1788173649.4191496,-0.06248462317976091,-0.5282083283190103,0.04082184011177184,-1.178931529615596,2.911978467335547,-0.0001835447518959631,-1.481887165700094,-1.8296778837787073,-1.9412615934955042,-0.9413426558123987,1.5708465576171875,-0.6804617086993616,0
199,1788173649.4591928,-0.06248476272320763,-0.5281678352426439,0.04030904680837141,-1.1773683248096851,2.9125362574997737,0.00023831352827218314,-1.481875244771139,-1.8304455916034144,-1.9417651335345667,-0.9403484503375452,1.5708345174789429,-0.6793940703021448,0
200,1788173649.501195,-0.06248588214109097,-0.5281942055628643,0.04025598227545826,-1.1770933148497087,2.912661340045649,0.00010670153270528313,-1.481887165700094,-1.8305533568011683,-1.941812817250387,-0.9401090780841272,1.5708465576171875,-0.679213825856344,0
201,1788173649.5442674,-0.06268208527003795,-0.5284856760850619,0.04028478439241226,-1.177350007113052,2.9125888599533325,2.18753916203307e-05,-1.4823067823993128,-1.8311408201800745,-1.9409497419940394,-0.9403246084796351,1.5708345174789429,-0.6798022429095667,0
202,1788173649.5869718,-0.0629207651198771,-0.5291215498898236,0.04024285024980273,-1.177190962025599,2.9126490847154622,4.118262640467955e-05,-1.4828704039203089,-1.832580868397848,-1.9391396681415003,-0.9407075087176722,1.5708345174789429,-0.6802576223956507,0
203,1788173649.629271,-0.06326841832126218,-0.529897349243791,0.040311752060468414,-1.1768586658373692,2.91283431020472,-0.0003309245138677616,-1.4836743513690394,-1.8340919653521937,-1.9369571844684046,-0.9411385695086878,1.5708585977554321,-0.6808212439166468,0
204,1788173649.674418,-0.06356620362894896,-0.5305207077729127,0.040280157125666766,-1.1772207253967162,2.9126687356109917,-0.0002385496920340204,-1.4843452612506312,-1.835520092641012,-1.935110870991842,-0.9416182676898401,1.5708585977554321,-0.6817453543292444,0
205,1788173649.7199473,-0.06367685668890656,-0.5312833913387307,0.040257549806550885,-1.1774089861083104,2.9125848535540144,-0.0002013295968817564,-1.4846814314471644,-1.8371637503253382,-1.932953182850973,-0.9421570936786097,1.5708585977554321,-0.6822126547442835,0
206,1788173649.7651598,-0.06395818222360486,-0.532049964217144,0.04034791275216765,1.1773262066438321,-2.9126318754883207,0.00039964610910516314,-1.4853413740741175,-1.8386390844928187,-1.9307110945331019,-0.942791763936178,1.5708585977554321,-0.682812515889303,0
207,1788173649.8098056,-0.06438618327722272,-0.5326912323613555,0.04032052082547247,-1.1772042934892224,2.912680055900769,-0.0001950942769438629,-1.4862521330462855,-1.8401506582843226,-1.9287093321429651,-0.9434145132647913,1.5708465576171875,-0.6836398283587855,0
208,1788173649.8540647,-0.06515371041431917,-0.5334989563535797,0.04022931072934882,-1.1769526123036653,2.912758942919507,-8.7112868946218e-05,-1.4878352324115198,-1.842165772114889,-1.9262397925006312,-0.9439409414874476,1.5708465576171875,-0.6850555578814905,0
209,1788173649.8983598,-0.06557119240113554,-0.5340970543411876,0.04020026859867096,-1.177247581365922,2.9125832958203994,-1.317397928713138e-05,-1.488734547291891,-1.8435691038714808,-1.9244053999530237,-0.944432560597555,1.5708825588226318,-0.6861708799945276,0
210,1788173649.9427965,-0.06623364208825132,-0.5348233923049115,0.0402413812755561,-1.1770863933789453,2.9127361511426515,-0.0001687989104444721,-1.4900777975665491,-1.8451293150531214,-1.922187630330221,-0.9449713865863245,1.5708345174789429,-0.6873825232135218,0
211,1788173649.985151,-0.06706720400691261,-0.5354534118580095,0.040236941954802485,-1.1771333718089054,2.9127004632552906,-0.00021661058108933366,-1.4917567412005823,-1.846640412007467,-1.9201491514789026,-0.9454744497882288,1.5708585977554321,-0.6890977064715784,0
212,1788173650.0286634,-0.06783726184157987,-0.5360658025534419,0.040250416505098446,-1.1770682187108854,2.9126911772686754,-0.00011377110308902181,-1.4933040777789515,-1.8481043020831507,-1.9180873076068323,-0.9461448828326624,1.5708705186843872,-0.6906088034259241,0
213,1788173650.0670645,-0.06852676814271258,-0.5366950134517559,0.040190728714126545,-1.1769123333690392,2.9126572982750556,0.000454253751959283,-1.494683090840475,-1.849783722554342,-1.9158690611468714,-0.9470556418048304,1.5708465576171875,-0.6919038931476038,0
214,1788173650.1071177,-0.0684677015437909,-0.537136958977611,0.04021674297924646,-1.1770481007570366,2.9126414240312846,0.0002758184803993089,-1.4946354071246546,-1.8505995909320276,-1.9147065321551722,-0.9472830931292933,1.5708465576171875,-0.6919401327716272,0
215,1788173650.1467817,-0.06847161450996578,-0.5375846763221409,0.04009385955472988,1.1769457333971187,-2.91278788631369,0.00031519008265668886,-1.494706932698385,-1.8515713850604456,-1.9138792196856897,-0.9467437903033655,1.5708465576171875,-0.6919162909137171,0
216,1788173650.1875336,-0.06844552370173983,-0.5378907507672689,0.03894449727004967,-1.1769891722459416,2.9127454542493387,-0.00015389634377421257,-1.494706932698385,-1.8539107481585901,-1.91425067583193,-0.9441445509540003,1.5708585977554321,-0.6919520537005823,0
217,1788173650.225827,-0.0684497536938811,-0.5380852359078107,0.0370088836555415,-1.176923369798618,2.912632643905975,0.00048419059412644277,-1.4947426954852503,-1.857293430958883,-1.9155696074115198,-0.9398692289935511,1.5708585977554321,-0.6919758955584925,0
218,1788173650.26563,-0.06845581651220815,-0.5382448024220738,0.03495517994230196,-1.1766557060648606,2.9127239041738417,0.0006862387694927315,-1.4947665373431605,-1.8607009092914026,-1.9173195997821253,-0.9348390738116663,1.5708345174789429,-0.6918199698077601,0
219,1788173650.3067586,-0.06847188515062672,-0.5384296547730778,0.03120504454691153,-1.175804120430818,2.9130813827351645,0.0004379067244628599,-1.4948385397540491,-1.8666508833514612,-1.9210241476642054,-0.9250300566302698,1.5708705186843872,-0.6913040320025843,0
220,1788173650.3494692,-0.06845810958131401,-0.5386465282877495,0.028100217643700742,-1.1752709297264827,2.913469305960578,-0.0002923667419542364,-1.4948385397540491,-1.8716414610492151,-1.9241297880755823,-0.9164422194110315,1.5708585977554321,-0.6908968130694788,0
221,1788173650.392924,-0.06848327241968831,-0.5386897136584932,0.02484618563055574,-1.1746416423796566,2.913673224179597,-1.0752309636704902e-06,-1.4948867003070276,-1.8767879644977015,-1.9273064772235315,-0.9083097616778772,1.5708465576171875,-0.6905248800860804,0
222,1788173650.435085,-0.06851842660998171,-0.5388196557467165,0.021297358461232707,-1.173750412884731,2.9140867385079283,-0.00025094768153066205,-1.4949711004840296,-1.8825224081622522,-1.9307354132281702,-0.8989794890033167,1.5708465576171875,-0.6899846235858362,0
223,1788173650.4779408,-0.06860013075995557,-0.5389084508417628,0.01864136004233491,-1.1731521067628723,2.9142632571145346,0.00016953788883549917,-1.4951265493976038,-1.8869736830340784,-1.932965103779928,-0.8925717512713831,1.5708225965499878,-0.6897447744952601,0
224,1788173650.5160658,-0.06878867809746178,-0.5392242697440817,0.016590494314710935,-1.1726244862957933,2.9145190435657273,-0.00015456619194965766,-1.4955347220050257,-1.8908360640155237,-1.9342120329486292,-0.8872535864459437,1.5708465576171875,-0.6897805372821253,0
225,1788173650.5593739,-0.06906099337605377,-0.5397079595623508,0.015207500694178089,-1.1720968233586966,2.9147205647805854,-0.00022950881738103293,-1.4961226622210901,-1.8940518538104456,-1.9341400305377405,-0.8840673605548304,1.5708705186843872,-0.6900089422809046,0
226,1788173650.6011872,-0.06940131060705787,-0.5403767245943424,0.01475722556561107,1.171704989347945,-2.9148040962251285,0.0007533775521597795,-1.4968417326556605,-1.896066967641012,-1.9328215757953089,-0.8830130735980433,1.5708465576171875,-0.6904767195331019,0
227,1788173650.642734,-0.06989468729933836,-0.5411799805478407,0.01477625303682431,1.171519415551993,-2.914948945169885,0.0004307486111687231,-1.4978731314288538,-1.8978059927569788,-1.9301717917071741,-0.884139362965719,1.5708465576171875,-0.6913641134845179,0
228,1788173650.6832495,-0.0706838094723813,-0.5429657624998944,0.014743775819526156,-1.1716756414745082,2.9148817449494775,-0.00012910193252648475,-1.4995878378497522,-1.901633087788717,-1.924657169972555,-0.8860324064837855,1.5708585977554321,-0.6931870619403284,0
229,1788173650.72435,-0.07103218431658972,-0.5445100336027316,0.014688539186646227,-1.1714093551106712,2.9149262025119884,0.000277396314172063,-1.500427548085348,-1.9049204031573694,-1.91996938387026,-0.8876970450030726,1.5708345174789429,-0.6938589254962366,0
230,1788173650.7660625,-0.0711612257952277,-0.5460304272558981,0.014669026065777357,-1.1712967073164255,2.9149994083354387,0.00021180888809900782,-1.5008590857135218,-1.9079554716693323,-1.9156172911273401,-0.8889663855182093,1.5708225965499878,-0.6942065397845667,0
231,1788173650.8072069,-0.07145585071063178,-0.5472380810555139,0.014725524103550214,-1.1711853569491506,2.9150738257772324,-0.00016704509312925246,-1.5015786329852503,-1.9102471510516565,-1.9121530691729944,-0.8899009863482874,1.5708705186843872,-0.6948426405536097,0
232,1788173650.8497827,-0.07185207002556647,-0.547527590188055,0.014685932420714948,-1.1715914410566293,2.9148711015842705,1.1003866456861964e-05,-1.5023458639727991,-1.9110143820392054,-1.9111221472369593,-0.8902838865863245,1.5708705186843872,-0.6958978811847132,0
233,1788173650.8908148,-0.07200187199029773,-0.5474873205803185,0.01470196619023248,-1.1715023515998897,2.9149025001239455,-3.0486894831365536e-05,-1.5026219526873987,-1.910942856465475,-1.9111817518817347,-0.8902719656573694,1.5708825588226318,-0.6961138884173792,0
234,1788173650.932291,-0.07210119260578916,-0.5475015905694657,0.014714359936059573,-1.1715851158714987,2.9149055592585444,-0.00013223308071330777,-1.5028017202960413,-1.91095477739443,-1.9111459890948694,-0.8902238051043909,1.5708705186843872,-0.6963418165790003,0
235,1788173650.9746366,-0.07251917095145978,-0.547535720402713,0.014718521968150877,-1.1714987585474355,2.9149437515982815,-0.00020865531547185505,-1.5035813490497034,-1.9111107031451624,-1.9109185377704065,-0.8902481237994593,1.5708825588226318,-0.6970613638507288,0
236,1788173651.0163364,-0.0737511333709993,-0.5476357056943709,0.014722980057604557,-1.171394200803923,2.9149869017210137,-3.1064455518096915e-05,-1.505848232899801,-1.9116509596454065,-1.9100788275348108,-0.8906548658954065,1.5708465576171875,-0.6992562452899378,0
237,1788173651.0565634,-0.07528837727205076,-0.5477423300169816,0.014690759983212759,-1.1715369137122902,2.9148358823774614,0.00026116693657588213,-1.5087021032916468,-1.9123829046832483,-1.9090479055987757,-0.8911579290973108,1.5708705186843872,-0.7022302786456507,0
238,1788173651.0947092,-0.07662576951543457,-0.5479072955110776,0.014759526913349807,-1.1717061670618758,2.9148492523959626,2.252815026472716e-05,-1.5111725966082972,-1.912910286580221,-1.9081009070025843,-0.8914096991168421,1.5708465576171875,-0.7047975699054163,0
239,1788173651.1362014,-0.07715184717893384,-0.5479995563895099,0.014808008041159865,1.1718994467814265,-2.914825978764184,0.00034148556235312884,-1.512155834828512,-1.9130900541888636,-1.907752815877096,-0.8913376967059534,1.5708585977554321,-0.7059004942523401,0
240,1788173651.1788592,-0.07708763798501043,-0.5479853400637527,0.014805529151951546,-1.1720547166810436,2.914758393926163,-0.0002512975475250472,-1.512036148701803,-1.9130662123309534,-1.9077771345721644,-0.891397778187887,1.5708585977554321,-0.7058885733233851,0
241,1788173651.2220361,-0.0770944113408398,-0.5479803258010544,0.014811187369097395,-1.17200542402716,2.9147863803791734,-0.0002868053918426406,-1.512048069630758,-1.9130423704730433,-1.9078009764300745,-0.8913739363299769,1.5708585977554321,-0.7058647314654749,0
242,1788173651.2606797,-0.0770910713750718,-0.5479907602926749,0.014793707516895432,-1.1720534433276923,2.914755219670468,-0.0002941786564534178,-1.512048069630758,-1.9130900541888636,-1.9077885786639612,-0.8913376967059534,1.5708705186843872,-0.7059004942523401,0
243,1788173651.301852,-0.07707448417942304,-0.5479886866108282,0.01479521715922405,-1.1721270943893798,2.914737619555221,-0.0002875155990274839,-1.5120123068438929,-1.9130781332599085,-1.9078009764300745,-0.8913376967059534,1.5708585977554321,-0.7059124151812952,0
244,1788173651.3439991,-0.07706947291039132,-0.5480061368342003,0.014823978582507641,1.171982121398779,-2.9147806281788635,0.000334763526588543,-1.5119999090777796,-1.9130542914019983,-1.907752815877096,-0.8913739363299769,1.5708465576171875,-0.7058041731463831,0
245,1788173651.3880537,-0.07708610453316507,-0.5479779216476396,0.014426444410832628,1.1720046454488904,-2.914784464567675,0.00010089929595939658,-1.5120123068438929,-1.913666073475973,-1.9081128279315394,-0.8905471006976526,1.5708105564117432,-0.7058289686786097,0
246,1788173651.4293606,-0.07707919724787421,-0.5479340292987545,0.013110574486091403,-1.1719018113421424,2.914731505916051,0.00031065598928728595,-1.5119999090777796,-1.915729824696676,-1.909311596547262,-0.8875649611102503,1.5708225965499878,-0.7057684103595179,0
247,1788173651.4738972,-0.07707402234839268,-0.5479502098628163,0.011140648988047869,-1.1718167626141283,2.914722779792518,0.0002604523077202162,-1.5120123068438929,-1.9188726584063929,-1.9111698309527796,-0.8825462500201624,1.5708705186843872,-0.7057326475726526,0
248,1788173651.5186398,-0.07709407426365814,-0.548032872612758,0.009700570534193514,1.1717785816293256,-2.9148807695793457,0.0002552276460739149,-1.512048069630758,-1.9212239424334925,-1.9125602881061,-0.8784502188311976,1.5708465576171875,-0.7057083288775843,0
249,1788173651.5586514,-0.07709929609491789,-0.548007426494592,0.009271879786609427,-1.1717164339530213,2.9148266001531784,4.342109823559315e-05,-1.5120599905597132,-1.9219196478473108,-1.9128840605365198,-0.8776353041278284,1.5708585977554321,-0.7056964079486292,0
250,1788173651.602336,-0.0770778313352653,-0.5480588915515788,0.009353340306868546,-1.1717682681608108,2.9148551001287197,-0.0002895337600546245,-1.512036148701803,-1.921823803578512,-1.9128239790545862,-0.877575699483053,1.5708825588226318,-0.7056964079486292,0
251,1788173651.644791,-0.07707715522927336,-0.5480703844995194,0.009346726136391287,-1.171749423886601,2.9148584289037247,-0.00027106887395309903,-1.512036148701803,-1.9218600432025355,-1.912788216267721,-0.8775876204120081,1.5708825588226318,-0.7056844870196741,0
252,1788173651.6879878,-0.07707542696549845,-0.5480662415922544,0.009353762066169696,1.1717919244880561,-2.914863761361008,0.0002463747470160089,-1.5120123068438929,-1.9218362013446253,-1.912800137196676,-0.8776000181781214,1.5708345174789429,-0.7056844870196741,0
253,1788173651.7314484,-0.07708653505392653,-0.5480339090047877,0.00931054035546336,-1.171759204808513,2.914882784700861,-9.767899409476797e-05,-1.512024227772848,-1.9218719641314905,-1.9128602186786097,-0.8776000181781214,1.5708225965499878,-0.705672566090719,0
254,1788173651.7757735,-0.07709978104633151,-0.5480460048478104,0.009327633271722924,-1.1717216948085047,2.9148898744959464,-0.0001813692731458556,-1.5120599905597132,-1.9218600432025355,-1.9128363768206995,-0.8775876204120081,1.5708465576171875,-0.7056844870196741,1
255,1788173651.818369,-0.07709297629419948,-0.5480515405015671,0.009341697971986529,-1.171743308467212,2.9148934331919185,-0.00023463243153130475,-1.512048069630758,-1.9218362013446253,-1.9128363768206995,-0.877575699483053,1.5708465576171875,-0.7056844870196741,1
256,1788173651.8606946,-0.07707887415506327,-0.548007667544362,0.009314428054308543,-1.1717161141585282,2.914876000837342,-5.178663097426791e-05,-1.5120123068438929,-1.921823803578512,-1.91290790239443,-0.8776353041278284,1.5708345174789429,-0.7056368033038538,1
257,1788173651.8998902,-0.07710082234447224,-0.5479984577131966,0.009304105630646958,-1.1716107866299736,2.9148650001826155,-5.73081850473354e-05,-1.5120719114886683,-1.9218362013446253,-1.912919823323385,-0.8776233831988733,1.5708825588226318,-0.7056368033038538,1
258,1788173651.9371805,-0.07709022311972154,-0.5479753445216599,0.009281018153849852,-1.1716458941536605,2.9148017384142904,3.7960647879693256e-05,-1.5120599905597132,-1.9218481222735804,-1.9129560629474085,-0.8776472250567835,1.5709065198898315,-0.705660645161764,1
259,1788173651.9772246,-0.07709105988793066,-0.5479909555799972,0.009273510778833732,-1.1716246545190554,2.914851312064731,3.747460247764059e-05,-1.512048069630758,-1.9218838850604456,-1.9129317442523401,-0.8776233831988733,1.5708705186843872,-0.7056244055377405,1
260,1788173652.0162168,-0.07708863063895674,-0.5479854423652869,0.009272550768394394,-1.1716571397662963,2.9148297076731686,1.5128363399494522e-05,-1.512048069630758,-1.9218719641314905,-1.9129560629474085,-0.8776000181781214,1.5708825588226318,-0.7056487242328089,1
261,1788173652.0583675,-0.0771108383298566,-0.5479851222377423,0.009287998754785282,-1.1716454942320655,2.9148509391424358,2.6717249112597672e-06,-1.5120838324176233,-1.9218481222735804,-1.9129441420184534,-0.8776233831988733,1.5708705186843872,-0.705672566090719,1
262,1788173652.0998666,-0.07710719805610108,-0.547983218328765,0.009284401794464353,-1.1715621448025682,2.9148966223176,8.628246111957646e-06,-1.5120719114886683,-1.9218481222735804,-1.9129560629474085,-0.8776114622699183,1.5708585977554321,-0.7056005636798304,1
263,1788173652.143258,-0.07709528031055687,-0.547965551389871,0.009309266316509607,-1.1716071988321746,2.914858095432025,9.73986120554749e-05,-1.512048069630758,-1.9217880407916468,-1.9129441420184534,-0.8777430693255823,1.5708585977554321,-0.7056124846087855,1
264,1788173652.1832366,-0.07710759781733728,-0.5479130755534481,0.00948991796610979,-1.1712413296326767,2.9149560253777107,0.00037044579189191034,-1.5120599905597132,-1.9214518705951136,-1.912788216267721,-0.8784144560443323,1.5708465576171875,-0.7053850332843226,1
265,1788173652.228293,-0.07709775041558756,-0.5479703699677954,0.010957009644929933,-1.1697442249916499,2.9156778806334227,-0.00015507134628451954,-1.512048069630758,-1.9191244284259241,-1.9114936033831995,-0.881683651600973,1.5708465576171875,-0.7043173948871058,1
266,1788173652.2699485,-0.07711271796271109,-0.5479361643890434,0.01291259794096794,-1.1679015607539698,2.916345164222328,0.00015612989315935864,-1.5120719114886683,-1.9160292784320276,-1.9095514456378382,-0.8869298140155237,1.5708465576171875,-0.7030943075763147,1
267,1788173652.3085983,-0.07711172570986279,-0.5479360649883468,0.015823180086147526,-1.1650424262246273,2.9175163591570326,0.00015393376009120024,-1.5120599905597132,-1.9114587942706507,-1.9067218939410608,-0.894320313130514,1.5708225965499878,-0.7011154333697718,1
268,1788173652.350087,-0.07709446675597693,-0.5479793836370299,0.019077744730328167,-1.1622565939658573,2.9186187118867415,1.2523683416740185e-05,-1.512048069630758,-1.9064682165728968,-1.9034250418292444,-0.9025247732745569,1.5708585977554321,-0.6991961638080042,1
269,1788173652.3926966,-0.07708646297334817,-0.5479759452273631,0.022264688235090868,-1.1603844254251092,2.9193146496245217,4.8925000751556617e-05,-1.512048069630758,-1.9015854040728968,-1.9001758734332483,-0.9106929937945765,1.570894479751587,-0.6979249159442347,1
270,1788173652.435416,-0.07711024282469639,-0.5479149208026296,0.0260601213330722,-1.1601327202732115,2.919395167551842,0.0004347700767531829,-1.5120599905597132,-1.8957908789264124,-1.8962438742267054,-0.9206584135638636,1.5708345174789429,-0.6977689901935022,1
271,1788173652.4781916,-0.07716774361565654,-0.5480519114328704,0.02927269708647584,-1.1596729769953387,2.9195646450067696,7.338023489687537e-05,-1.5122159163104456,-1.8912203947650355,-1.8925870100604456,-0.9286711851703089,1.5709184408187866,-0.6976130644427698,1
272,1788173652.5221949,-0.07763608365130875,-0.5487306624215336,0.032527452890986436,-1.1592544575574086,2.9197344376393084,0.0001767581720817297,-1.513139549885885,-1.8879335562335413,-1.8869169394122522,-0.9376896063434046,1.570894479751587,-0.6982491652118128,1
273,1788173652.566126,-0.07886976503589076,-0.550272428191984,0.03638120119453225,-1.1582661901601294,2.920257444665074,-9.933592319355671e-05,-1.5155375639544886,-1.885737721120016,-1.877949062977926,-0.9486482779132288,1.5708345174789429,-0.6999395529376429,1
274,1788173652.6076925,-0.07989772201344424,-0.5516662419685331,0.03961647118838371,-1.1568238603243504,2.9207591714155896,-3.180041576057341e-05,-1.5175765196429651,-1.8842738310443323,-1.8698809782611292,-0.9582417646991175,1.5708825588226318,-0.7010071913348597,1
275,1788173652.6479325,-0.08103950911973637,-0.5531639268416941,0.042823425591174,-1.1550779134436464,2.921515348507976,-0.0003729703930167793,-1.5198066870318812,-1.8830865065204065,-1.8616569677936,-0.9674280325519007,1.570894479751587,-0.702026669179098,1
276,1788173652.6906185,-0.08246860874704053,-0.5548077742741426,0.046637568177869654,-1.1532042717392188,2.922205350570622,0.0001373689950358006,-1.5225289503680628,-1.88171893755068,-1.8517182509051722,-0.9790571371661585,1.5708345174789429,-0.7034781614886683,1
277,1788173652.734452,-0.08351941720743718,-0.5563731320123536,0.04985813938158609,1.1513982834705492,-2.922968769567814,0.0002880836208095204,-1.5245679060565394,-1.8807948271380823,-1.8432305494891565,-0.9881828466998499,1.5708345174789429,-0.7042692343341272,1
278,1788173652.7769349,-0.08450285501744322,-0.5578521736681613,0.05305333273746568,-1.1495500590908332,2.923669985239622,-0.00020410856974400056,-1.5264862219439905,-1.8799188772784632,-1.8347066084491175,-0.9976556936847132,1.5708825588226318,-0.7049291769610804,1
279,1788173652.81847,-0.08573657958663015,-0.5596925234340716,0.056903880100421245,1.1477990755882905,-2.92436671358906,0.000416639126870491,-1.528837029133932,-1.879019562398092,-1.8243606726275843,-1.0087454954730433,1.5708465576171875,-0.7060802618609827,1
280,1788173652.863651,-0.08674115439334319,-0.5612083233011924,0.06017545800964619,-1.1463571552118799,2.9249694083659716,-0.0003968502692566609,-1.5307672659503382,-1.8783000151263636,-1.8155253569232386,-1.0183261076556605,1.5708825588226318,-0.7070158163653772,1
281,1788173652.9084537,-0.08803369401625212,-0.5630905479417279,0.06404192537062559,1.1440711263316274,-2.9257417469590026,0.0008286567184397683,-1.5332015196429651,-1.8776639143573206,-1.8049514929400843,-1.0292366186725062,1.5708585977554321,-0.7079156080829065,1
282,1788173652.9527593,-0.08910576942910435,-0.5645553668692999,0.06724847216302074,1.1421809157091853,-2.9264978444003718,0.0006942014431718374,-1.5352047125445765,-1.877148453389303,-1.7961285750018519,-1.038661305104391,1.5708465576171875,-0.7086227575885218,1
283,1788173652.9977643,-0.09027946314528712,-0.5664213418597762,0.07107368514897416,1.140752437210617,-2.9270319943594267,0.0008429197875988835,-1.5374110380755823,-1.8767879644977015,-1.785374943410055,-1.0496791044818323,1.5708585977554321,-0.7098582426654261,1
284,1788173653.0423539,-0.09134527956930859,-0.567940589097835,0.07426934064072882,1.138927061521153,-2.927739960806522,0.0007375466717107172,-1.539377514516012,-1.8765724341021937,-1.776287857686178,-1.0590441862689417,1.5708345174789429,-0.7105782667743128,1
285,1788173653.085109,-0.09259188237822805,-0.5697702613065426,0.07808543307616828,1.1364206004712407,-2.92872784514856,0.0008451128612195755,-1.54169208208193,-1.876404110585348,-1.7654145399676722,-1.0700257460223597,1.5708705186843872,-0.7111776510821741,1
286,1788173653.126403,-0.09356680598093034,-0.5712282817966665,0.08123053462974003,1.1345174100244082,-2.929550179064183,0.00032640597897090493,-1.543466869984762,-1.8763683477984827,-1.7562559286700647,-1.0795577208148401,1.5708345174789429,-0.7116335074054163,1
287,1788173653.16991,-0.09466388341917878,-0.5727763779091324,0.08448042275417786,1.132318749030756,-2.9303395432517227,0.0006317315336916565,-1.5454695860492151,-1.8763321081744593,-1.746988598500387,-1.0886591116534632,1.5708465576171875,-0.7121494452105921,1
288,1788173653.2121236,-0.0959345100495769,-0.574465437165237,0.0882500179953844,-1.1302247216106651,2.9312439657593155,-0.0001810533712722675,-1.547760311757223,-1.8763683477984827,-1.7360437552081507,-1.099868122731344,1.5708345174789429,-0.7129891554461878,1
289,1788173653.2562678,-0.09691134091465083,-0.5758968164723637,0.09143252285994422,-1.1280751056308909,2.9319500358941517,0.0001555939040265699,-1.5495346228228968,-1.8764641920672815,-1.726764980946676,-1.1092918554889124,1.5708705186843872,-0.7133248488055628,1
290,1788173653.302046,-0.09819394710515011,-0.5778045649990463,0.09543024806974795,1.1251367712149392,-2.933127717881782,0.0004204656740112188,-1.5518134276019495,-1.8766682783709925,-1.7152445952044886,-1.1202009359942835,1.5708225965499878,-0.7135885397540491,1
291,1788173653.3419542,-0.0992135087823516,-0.5792465931803765,0.09854767907551543,-1.1229037267279873,2.934036278818322,-0.00014666953142990688,-1.5536358992206019,-1.8770282904254358,-1.7058938185321253,-1.129385773335592,1.5708465576171875,-0.7138765493976038,1
292,1788173653.384908,-0.10024525492540898,-0.580724534471125,0.10158469965177533,-1.1209232184702769,2.9347644346459862,-0.0001391849562082858,-1.5554707686053675,-1.8775556723224085,-1.6966269651996058,-1.1381390730487269,1.5708705186843872,-0.7143681685077112,1
293,1788173653.4280488,-0.10132158423764119,-0.5821866995796318,0.10383420414064981,-1.1200565769354895,2.9350291213552056,0.00023584140548765933,-1.5573533217059534,-1.878995720540182,-1.6882956663714808,-1.145275894795553,1.5708465576171875,-0.715675179158346,1
294,1788173653.4715977,-0.10277479065435374,-0.5839632422879902,0.10576821546359325,1.1199196613525977,-2.9351934131597397,0.0001894672810238048,-1.5598834196673792,-1.8813946882831019,-1.6797001997577112,-1.151179615651266,1.5708345174789429,-0.7180865446673792,1
295,1788173653.512988,-0.10406811887103745,-0.5852903251056072,0.10645009465380509,-1.1197603731387173,2.93525498756753,-0.000213593970386979,-1.5621264616595667,-1.884106461201803,-1.6741026083575647,-1.1540535132037562,1.5708465576171875,-0.7202208677874964,1
296,1788173653.5576208,-0.10585920551200144,-0.5866015370512331,0.10636552524120468,-1.119842072534701,2.935095148173945,0.00023768180890507422,-1.5652077833758753,-1.8878491560565394,-1.6691392103778284,-1.1555855909930628,1.5708585977554321,-0.7233870665179651,1
297,1788173653.6032796,-0.10739103345913288,-0.5877436870429008,0.10655155842989078,1.1198299451658558,-2.935166259715954,0.0004770356216776483,-1.567822281514303,-1.890548054371969,-1.665051285420553,-1.1564839521991175,1.5708465576171875,-0.7259781996356409,1
298,1788173653.6423628,-0.10917701721694228,-0.5890160297182241,0.10639649510059701,-1.1198629876360688,2.9350953265877187,4.364266544344356e-05,-1.5708802382098597,-1.894315544758932,-1.6602080504046839,-1.1579325834857386,1.570894479751587,-0.7290719191180628,1
299,1788173653.6818035,-0.1107167314200568,-0.5901395215632672,0.10647503689523083,1.1197217890300235,-2.9352484020415526,0.0003136049386495222,-1.5734699408160608,-1.8971827665912073,-1.6561086813556116,-1.158902947102682,1.5708465576171875,-0.7315428892718714,1
300,1788173653.7207446,-0.11219971369667649,-0.5912191964038411,0.10648780358877316,1.1196062779470186,-2.935313358149621,0.0002847280976658547,-1.5759761969195765,-1.9001219908343714,-1.6520088354693812,-1.1600878874408167,1.5708585977554321,-0.7339656988727015,1
301,1788173653.7629826,-0.11344612139554844,-0.5920150656176252,0.10646749254722934,-1.1193949825002507,2.93534158992483,4.586043380256037e-05,-1.5780628363238733,-1.902461353932516,-1.6487720648394983,-1.1612017790423792,1.5708345174789429,-0.7359202543841761,1
302,1788173653.8067858,-0.11517487412697122,-0.5933241005099802,0.10651415898296407,-1.1195129181345091,2.9351737377987996,0.00040051696648563616,-1.5809648672686976,-1.9060724417315882,-1.643569294606344,-1.1630457083331507,1.5708585977554321,-0.7389305273639124,1
303,1788173653.8496404,-0.11675519278723154,-0.5944498618067945,0.10746863707149057,-1.1193956638488982,2.9353391621463665,-0.00010076636984366527,-1.5836027304278772,-1.90814716020693,-1.6381266752826136,-1.1660755316363733,1.5708705186843872,-0.7414611021624964,1
304,1788173653.89304,-0.11852048001601315,-0.5957903070960407,0.10956921416119583,-1.119322312764951,2.935407456689586,-0.00024847559612185176,-1.5865286032306116,-1.9098270575152796,-1.6299994627581995,-1.1724217573748987,1.5708705186843872,-0.7443278471576136,1
305,1788173653.9360874,-0.12003778209674533,-0.5969246586412189,0.11225917612272968,1.1185566719347566,-2.935621561582064,0.0005604105743112997,-1.5890229384051722,-1.910414997731344,-1.6218121687518519,-1.1797974745379847,1.5708465576171875,-0.7463181654559534,1
306,1788173653.9796228,-0.12186861026548784,-0.5979098888614496,0.11613859317894568,-1.117591882207673,2.936049291012668,-0.00023279501444357012,-1.5920565764056605,-1.9100311438189905,-1.611610237752096,-1.190622631703512,1.5708825588226318,-0.7486808935748499,1
307,1788173654.0247073,-0.12344703963968573,-0.5984672003173949,0.11917643428261235,-1.1164630867264353,2.9364188314487385,0.0002834948134658204,-1.5946348349200647,-1.9094556013690394,-1.6039980093585413,-1.1991360823260706,1.5708105564117432,-0.7505038420306605,1
308,1788173654.0707266,-0.1254631526244359,-0.5986277882887988,0.123024176878158,-1.1148385321560097,2.936965890428083,0.00038282649989781933,-1.597992245350973,-1.9075120131122034,-1.5961583296405237,-1.2090027968036097,1.5708465576171875,-0.7527707258807581,1
309,1788173654.1128106,-0.12694210269849487,-0.5987315214238639,0.12632472833066222,1.1139636562388266,-2.9374216760700858,0.0003039919854364471,-1.600438419972555,-1.9054964224444788,-1.590081040059225,-1.2166178862201136,1.5708345174789429,-0.7545931974994105,1
310,1788173654.1520934,-0.1282466662444065,-0.5985138286729498,0.1293950684802615,-1.1126599191448088,2.937754206050712,0.00036432018414348595,-1.6026328245746058,-1.903360668812887,-1.584566895161764,-1.224748436604635,1.5708825588226318,-0.7559364477740687,1
311,1788173654.1959174,-0.12904771942296858,-0.5980922238650781,0.1327178631285908,-1.1118599230516812,2.9381393273354113,0.00017109523310185118,-1.603976074849264,-1.9001219908343714,-1.5800593535052698,-1.2323516050921839,1.5708585977554321,-0.756716553364889,1
312,1788173654.2397883,-0.13070079137081833,-0.596827026927666,0.13646919218337822,-1.1108204228623426,2.9385286138711617,0.0003292877169731856,-1.606781307850973,-1.8952630201922815,-1.5765593687640589,-1.2408049742328089,1.5708225965499878,-0.7588151136981409,1
313,1788173654.2829843,-0.13221439453844416,-0.5957756680841522,0.13970673409957776,-1.1094883692337387,2.9390527104824407,0.0003031367661129648,-1.6093595663653772,-1.8912203947650355,-1.5733588377581995,-1.2480252424823206,1.5708105564117432,-0.760482136403219,1
314,1788173654.3256717,-0.13397544922550955,-0.5946364656005448,0.14358073705117494,-1.1085533812580413,2.939455933403327,-1.7843109463084794e-05,-1.6123817602740687,-1.886625115071432,-1.5692465941058558,-1.256526295338766,1.5708465576171875,-0.7628567854510706,1
315,1788173654.3651435,-0.13551471218128247,-0.5935915139038783,0.14675388651682722,-1.1076643926474055,2.9397115675969525,0.00015925489784248767,-1.6150315443622034,-1.8828585783587855,-1.5658066908465784,-1.2638657728778284,1.5708705186843872,-0.7649195829974573,1
316,1788173654.4076018,-0.13696062686632715,-0.5925774780226671,0.14991023521515395,-1.1066352725828492,2.940026392166197,0.0003583978807671796,-1.617525879536764,-1.8791874090777796,-1.562281910573141,-1.271205250416891,1.5708825588226318,-0.7667301336871546,1
317,1788173654.4521356,-0.13876742815792775,-0.5914683132126037,0.15388034326176528,1.1055879595569829,-2.9405564692305686,0.0004327203543489662,-1.6206195990191858,-1.874676529561178,-1.5578950087176722,-1.279538933430807,1.5708465576171875,-0.769080940877096,1
318,1788173654.4972184,-0.14026868269196302,-0.5904305894411022,0.1570110958517192,-1.1044575965562664,2.9410255750641534,-1.9307854153148527e-05,-1.623209301625387,-1.871185604725973,-1.5541670958148401,-1.2870343367206019,1.5708225965499878,-0.7708919684039515,1
319,1788173654.5417342,-0.14205124407404113,-0.5891833920647378,0.1608209459491352,-1.1032324941770524,2.941406395451625,0.00015124178710595697,-1.626314942036764,-1.866938892995016,-1.5496833960162562,-1.295893971120016,1.5708465576171875,-0.7731822172748011,1
320,1788173654.5830865,-0.14364438713427277,-0.5882809153256214,0.1640673197818008,1.1020821236117209,-2.9418776073707398,0.00031400227276723536,-1.6290610472308558,-1.863580052052633,-1.5456317106830042,-1.3029702345477503,1.5708225965499878,-0.7751372496234339,1
321,1788173654.6279957,-0.14518208774105754,-0.5873410449417829,0.16725593468375652,-1.101244416637082,2.942216350274398,-0.00011237878051562593,-1.631747070943014,-1.860436741505758,-1.541328255330221,-1.3105734030352991,1.5708585977554321,-0.7772482077227991,1
322,1788173654.6708753,-0.14712658207460372,-0.5864236186897575,0.17113223724352422,1.100339172152081,-2.942481431230304,0.00046857688603072937,-1.6350920836078089,-1.8570297400103968,-1.535670582448141,-1.3193734327899378,1.5708225965499878,-0.7799943129168909,1
323,1788173654.713693,-0.14869588628245825,-0.5857595523211974,0.17434971725117168,1.0998113814082426,-2.942733737148156,0.00019536802225323475,-1.6377900282489222,-1.8546541372882288,-1.530288044606344,-1.3273113409625452,1.570798635482788,-0.7823212782489222,1
324,1788173654.7586317,-0.15063190666987372,-0.5851917370415892,0.17821175434927367,1.0992387553567047,-2.9429773374745634,0.00027949103850779546,-1.6411235968219202,-1.8523266951190394,-1.5232155958758753,-1.3366740385638636,1.5708465576171875,-0.7852590719806116,1
325,1788173654.8033388,-0.15219278555330623,-0.5849756654018186,0.18146613533641934,1.0985113718067323,-2.943127613694679,0.000712046190891287,-1.643773380910055,-1.8508637587176722,-1.5166824499713343,-1.344372574483053,1.5708585977554321,-0.7874415556537073,1
326,1788173654.8477197,-0.15415968167329114,-0.5848140656821263,0.18508997644814304,-1.097736941717035,2.943471070684719,0.00015762854625808514,-1.6470826307879847,-1.8500712553607386,-1.5081003347979944,-1.3543456236468714,1.5708345174789429,-0.7902124563800257,1
327,1788173654.891802,-0.15570871843883477,-0.584981430728347,0.188433781469179,1.09715508487328,-2.9436899135718457,0.0004794750574554721,-1.6496604124652308,-1.8495076338397425,-1.5002244154559534,-1.3623436133014124,1.5708465576171875,-0.7923944632159632,1
328,1788173654.9338903,-0.15766200227224736,-0.5851513982142066,0.1922506897829248,1.0959259179430116,-2.9442181032485464,0.00029995569021310414,-1.652910057698385,-1.8493278662311,-1.4904912153827112,-1.3723881880389612,1.5708585977554321,-0.7947934309588831,1
329,1788173654.9773884,-0.15919053513610654,-0.585393892304587,0.19546007730520884,1.0955236821333827,-2.9442732844902735,0.00046066510244851627,-1.6554163138019007,-1.8492916266070765,-1.482231918965475,-1.3805535475360315,1.5708225965499878,-0.7970474402057093,1
330,1788173655.019993,-0.16116912357209356,-0.5855488234802262,0.19930532096898573,-1.0944762987355412,2.944697283813425,-1.6939914488674414e-05,-1.6587136427508753,-1.8493755499469202,-1.4720671812640589,-1.3909695784198206,1.5708705186843872,-0.7996256987201136,1
331,1788173655.0638628,-0.16278241381156336,-0.5859058592712988,0.20258227150170324,1.093697273360402,-2.944974718705226,0.00047261280542014813,-1.6613391081439417,-1.8496878782855433,-1.463257137929098,-1.3991344610797327,1.5708465576171875,-0.8017247358905237,1
332,1788173655.104877,-0.16438037032635677,-0.5861653282536193,0.20582437692191052,1.0933549951324704,-2.945079284273528,0.0004951028138665877,-1.6639531294452112,-1.8500116507159632,-1.4544585386859339,-1.4075873533831995,1.5708345174789429,-0.8041113058673304,1
333,1788173655.1480298,-0.16624380661783786,-0.5865092516931489,0.2096227971784038,1.0930350600512675,-2.9452978659569933,0.0002319438308664583,-1.6669986883746546,-1.8506839911090296,-1.4437301794635218,-1.4178350607501429,1.5708465576171875,-0.8069174925433558,1
334,1788173655.1907363,-0.16788148051999335,-0.586912141309344,0.2129136165946057,1.0919213355082047,-2.945599058414401,0.0005684609374100236,-1.6696489492999476,-1.8514030615436,-1.4343684355365198,-1.426239315663473,1.5708465576171875,-0.8088362852679651,1
335,1788173655.2337081,-0.16948783025560485,-0.5875088241555789,0.2161451141834435,1.0908232741905377,-2.94599621568111,0.0007652648517174313,-1.6722267309771937,-1.852711025868551,-1.4243720213519495,-1.4348114172564905,1.570894479751587,-0.8106706778155726,1
336,1788173655.278108,-0.17138555172323253,-0.5882602321762108,0.21988122426470805,1.089385052061878,-2.9465554912326257,0.0005949704879694744,-1.6752236525165003,-1.8546064535724085,-1.4122656027423304,-1.4451311270343226,1.5708705186843872,-0.8126853148089808,1
337,1788173655.319409,-0.17304660038594885,-0.5888421057435778,0.22307739259483952,1.0879371939920695,-2.9471471279367774,0.00033905203109268984,-1.677850071583883,-1.8562377134906214,-1.4018848578082483,-1.454050366078512,1.5708465576171875,-0.8143165747271937,1
338,1788173655.3617198,-0.17457902369809125,-0.5895001946582064,0.22620436066664892,1.0863710477832431,-2.9477428278875175,0.0002419850190732298,-1.6802480856524866,-1.8580010573016565,-1.391540829335348,-1.46269399324526,1.5708345174789429,-0.8156479040728968,1
339,1788173655.4007866,-0.17653155017947086,-0.5902442083874236,0.23006377999790256,1.084153493114525,-2.9485875811026134,0.00028328251361528907,-1.6833294073687952,-1.8601248900042933,-1.3788707892047327,-1.4732287565814417,1.5708705186843872,-0.8172186056720179,1
340,1788173655.4395492,-0.17780876818860092,-0.590758994005857,0.2326391041845293,-1.0819040902010295,2.9494043869889217,-0.00016712512449243522,-1.6853202025042933,-1.8616722265826624,-1.3702285925494593,-1.4804003874408167,1.5708585977554321,-0.8176859060870569,1
341,1788173655.4831004,-0.1793924914691444,-0.5914879441265886,0.23583902738213647,-1.0782107437250465,2.950760825289117,-0.00013723719848633955,-1.6877654234515589,-1.8638318220721644,-1.3592012564288538,-1.4892833868609827,1.5708465576171875,-0.8176263014422815,1
342,1788173655.525855,-0.18141618829309863,-0.5923993013216649,0.2397582128301034,1.0722147505804096,-2.952844476693972,0.00046354349092557826,-1.690882984791891,-1.8665550390826624,-1.345656696950094,-1.4998658339129847,1.5708345174789429,-0.8167031447040003,1
343,1788173655.5693855,-0.18295770779474274,-0.5932722804915099,0.2429051889388855,1.0664519690266756,-2.9549091811912724,0.0005675697988462894,-1.6932209173785608,-1.8691704908954065,-1.3341859022723597,-1.5086529890643519,1.5708465576171875,-0.8151438871966761,1
344,1788173655.6129482,-0.18491801306604444,-0.5941107847372693,0.24638090455285397,-1.0577170252546226,2.9580625238942395,0.0001734355445171636,-1.696230713521139,-1.872373406087057,-1.3209527174579065,-1.5192120710956019,1.5708465576171875,-0.8122413794146937,1
345,1788173655.6535273,-0.1864723436821694,-0.5950251825349648,0.24910178723729798,1.0492632221747984,-2.9611575145437086,0.0002722655305890959,-1.6985567251788538,-1.8751805464373987,-1.3103693167315882,-1.526670281087057,1.5708465576171875,-0.8088362852679651,1
346,1788173655.6981673,-0.1881061486718089,-0.5958199454064126,0.25163314415082716,1.0391532382253124,-2.9646603309370025,0.0004495043811443744,-1.701026741658346,-1.8779519240008753,-1.300265137349264,-1.5338767210589808,1.5708465576171875,-0.8044946829425257,1
347,1788173655.7395203,-0.18997137561668076,-0.5967969225599774,0.25406488532057014,-1.0257366828435037,2.9693190839654724,0.00012916023321933893,-1.703820530568258,-1.8816946188556116,-1.2889860312091272,-1.5418255964862269,1.5708465576171875,-0.7982466856585901,1
348,1788173655.783555,-0.1914930296675679,-0.5977422968657049,0.25574820160835987,1.0140548270816647,-2.973403000836871,0.0003043852899915097,-1.7060626188861292,-1.8848136107074183,-1.2806080023394983,-1.5467818419085901,1.5708585977554321,-0.7926104704486292,1
349,1788173655.8268776,-0.19323920160627092,-0.5988548019484783,0.25655166849270655,-0.9998364040864066,2.9781592532504315,0.00011605786476973757,-1.7086041609393519,-1.8889043966876429,-1.2730210463153284,-1.5505650679217737,1.5708345174789429,-0.7856071631060999,1
350,1788173655.8683581,-0.19456334945969692,-0.599893979559839,0.25706890647473596,-0.9878613600644685,2.98220332069617,-3.5385804973212633e-05,-1.7104862372027796,-1.8923118750201624,-1.2671597639666956,-1.552911106740133,1.5708345174789429,-0.7794426123248499,1
351,1788173655.9120061,-0.19600921715440264,-0.6009567276683405,0.2573445166659589,-0.9760204523997559,2.986054550781808,0.00010110736827786695,-1.712548557912008,-1.8960068861590784,-1.2614663282977503,-1.5550063292132776,1.5708345174789429,-0.7735779921161097,1
352,1788173655.956105,-0.19781080096869477,-0.6021888295189278,0.25791910878691277,-0.9619523191462711,2.9906714672127754,-6.679981622690949e-05,-1.7151268164264124,-1.9002659956561487,-1.254287068043844,-1.5578072706805628,1.5708345174789429,-0.7667301336871546,1
353,1788173655.9985974,-0.19928312051867336,-0.6032637283939829,0.258360226899304,0.9498388158303506,-2.9945315018391696,0.0002783483586801183,-1.7172125021563929,-1.903900448475973,-1.2482817808734339,-1.5600341002093714,1.5708465576171875,-0.7607219854937952,1
354,1788173656.0429766,-0.20078329524825334,-0.6043113114960951,0.2586199783326251,-0.9376581863646188,2.9983104062965413,9.557686285364553e-05,-1.719334904347555,-1.9077394644366663,-1.2423489729510706,-1.562392536793844,1.5708465576171875,-0.7547252813922327,1
355,1788173656.086985,-0.20266133092193422,-0.6055169282183707,0.25917852281486276,-0.9234049949059953,3.002779276327448,-9.85471133765585e-05,-1.7220085302936,-1.912046257649557,-1.2350977102862757,-1.5652053991900843,1.5708585977554321,-0.7478893438922327,1
356,1788173656.130721,-0.20410152330161102,-0.6066009818661068,0.2595526842520452,0.9114887481616765,-3.0063904918242264,0.0003514689473719588,-1.7239988485919397,-1.9156935850726526,-1.229213062916891,-1.5672524611102503,1.5708345174789429,-0.7419527212726038,1
357,1788173656.1757884,-0.20594395519309155,-0.6078211540476847,0.2598673412937017,-0.8967388441317132,3.0108444441619313,-3.673685072212202e-05,-1.726588551198141,-1.9202521483050745,-1.222116772328512,-1.5700181166278284,1.5708465576171875,-0.7347334066974085,1
358,1788173656.2168076,-0.20770262016429686,-0.6091075236393179,0.2602025443794985,-0.8826321354830192,3.0149541689451995,5.284964809738493e-05,-1.7290223280536097,-1.924835507069723,-1.214949909840719,-1.5726760069476526,1.5708705186843872,-0.7278130690204065,1
359,1788173656.256524,-0.20924563194312906,-0.6101658502572769,0.2604596947426554,-0.8704841261241664,3.0185812741124427,-0.00012522832801068989,-1.7311442534076136,-1.9285782019244593,-1.2091730276690882,-1.5745676199542444,1.5708345174789429,-0.7218640486346644,1
360,1788173656.299409,-0.21085038861544247,-0.6111715233465407,0.26061265940483314,-0.8579317856596672,3.022098729853749,0.00015662798204625457,-1.7333744207965296,-1.932453457509176,-1.2033832708941858,-1.576674763356344,1.5708225965499878,-0.7157953421222132,1
361,1788173656.343873,-0.21233365684314098,-0.6122539261523497,0.26054505075307155,-0.8459692101153764,3.025345959582031,0.00046727116914129906,-1.7354005018817347,-1.9364479223834437,-1.1979664007769983,-1.5783265272723597,1.5708465576171875,-0.7099302450763147,1
362,1788173656.3881907,-0.21423014973734283,-0.6133043909963518,0.26060677010103206,-0.8314666893204338,3.0293674000336344,0.0003691971483836218,-1.7380622068988245,-1.9405630270587366,-1.1921051184283655,-1.5800145308123987,1.5708705186843872,-0.703010384236471,1
363,1788173656.4271073,-0.21591461859281894,-0.6139463008810591,0.26060999671030266,-0.8189401395989329,3.0329103347456097,7.12803385420225e-05,-1.740472141896383,-1.9434178511248987,-1.1881745497332972,-1.5808642546283167,1.5708345174789429,-0.6971328894244593,1
364,1788173656.4708924,-0.21744304240490114,-0.6142364866555269,0.260587765332865,-0.8070714509509015,3.0360670312227174,5.765342941102247e-05,-1.7427499930011194,-1.9454339186297815,-1.1854174772845667,-1.581606690083639,1.5708585977554321,-0.691592041646139,1
365,1788173656.5150793,-0.2191000603401962,-0.6143591904361695,0.26062095645802685,0.7950752477825456,-3.039260133148074,0.00029363559903808166,-1.7452438513385218,-1.947005573903219,-1.1832001844989222,-1.581989590321676,1.5708225965499878,-0.6861828009234827,1
366,1788173656.5580876,-0.22099202250721744,-0.614323738065221,0.2605923131220834,-0.7805249102688543,3.043036663821397,-1.8523513788735222e-05,-1.7481573263751429,-1.9486849943744105,-1.1808746496783655,-1.582839314137594,1.5708465576171875,-0.6795261541949671,1
367,1788173656.5994873,-0.222548224256142,-0.6142696182891092,0.26061202972169034,-0.7682823610335646,3.0461028356896005,9.581575193447972e-05,-1.7505548636065882,-1.9499691168414515,-1.1790054480182093,-1.5835097471820276,1.5708585977554321,-0.6738889853106897,1
368,1788173656.6440074,-0.22447126361872555,-0.6142552827734901,0.2606865960612682,0.7536540329736678,-3.049804243034172,0.0001309097873180242,-1.7534683386432093,-1.9515164534198206,-1.176692310963766,-1.5840843359576624,1.5707865953445435,-0.6671960989581507,1
369,1788173656.6877463,-0.22592298050576765,-0.6142262315009172,0.2605956634613512,-0.7414398717592318,3.052753768570594,0.00012188856027075277,-1.7557104269610804,-1.9528597036944788,-1.1749900023089808,-1.584647003804342,1.5708465576171875,-0.6614387671100062,1
370,1788173656.730844,-0.22735197531717707,-0.6142034526330776,0.260504663602801,-0.7287821667042188,3.0557897887118752,0.00015839206393121228,-1.7578924337970179,-1.9540956656085413,-1.1734798590289515,-1.5849464575396937,1.5708465576171875,-0.6553338209735315,1
371,1788173656.770957,-0.2285624020883076,-0.6142399338804344,0.26055914751209563,-0.7144070430981665,3.0592615620844916,-0.00015887636482371216,-1.7597268263446253,-1.9551509062396448,-1.1719096342669886,-1.585245434437887,1.5708585977554321,-0.6477535406695765,1
372,1788173656.815665,-0.22870866102138834,-0.6142631463478392,0.26060271308126925,0.7027336162169747,-3.0619627483054233,0.0003301210246719123,-1.759942356740133,-1.955271069203512,-1.1716583410846155,-1.585257355366842,1.5708585977554321,-0.6403411070453089,1
373,1788173656.859397,-0.22865612492787157,-0.6142771942723582,0.2605864289649028,0.6901508787606456,-3.0648340115778674,0.00029594206633537886,-1.7598584334002894,-1.955271069203512,-1.1716941038714808,-1.585245434437887,1.5708585977554321,-0.6320408026324671,1
374,1788173656.9030845,-0.22865311197565447,-0.6142878181696202,0.2606173508693516,0.6756693314088461,-3.0680245940688544,0.00037459530324941595,-1.7598465124713343,-1.955259148274557,-1.1716464201556605,-1.585245434437887,1.5708465576171875,-0.6225884596454065,1
375,1788173656.9444802,-0.22867667566914318,-0.614259971107844,0.26061771942917317,0.6629546200150379,-3.0708239865579117,0.0003299048545349638,-1.7598946730243128,-1.9552353064166468,-1.1716702620135706,-1.5852816740619105,1.5708585977554321,-0.6143482367144983,1
376,1788173656.9873486,-0.22865316937762584,-0.6142762293944501,0.2606123180472122,0.6506669381666615,-3.0734582342572336,0.00035524618105787803,-1.7598584334002894,-1.9552472273456019,-1.1716702620135706,-1.585257355366842,1.5708705186843872,-0.6063116232501429,1
377,1788173657.0310698,-0.2286545885304565,-0.614269164912227,0.26061724696896477,0.6359469907277376,-3.0765229286727362,0.000365478762676391,-1.7598584334002894,-1.9552233854876917,-1.1716941038714808,-1.585245434437887,1.5708585977554321,-0.5967395941363733,1
378,1788173657.073994,-0.2286504641447089,-0.6142739794576816,0.26062305124215546,0.6235574663466809,-3.0790429499044585,0.0003758147887715319,-1.7598465124713343,-1.9552233854876917,-1.1716821829425257,-1.585245434437887,1.5708465576171875,-0.5886786619769495,1
379,1788173657.1180086,-0.22865246002310713,-0.6142287892848823,0.26060234655429737,-0.6092050861208507,3.0819271187790935,-3.712019792639904e-05,-1.7598584334002894,-1.9552472273456019,-1.1716464201556605,-1.5854852835284632,1.5708345174789429,-0.5793708006488245,1
380,1788173657.1611052,-0.2286185987721638,-0.6142040492377422,0.2605871616618884,-0.5966540153537808,3.0843091246406518,0.00014032143420062793,-1.7598226706134241,-1.9552353064166468,-1.1716702620135706,-1.585604492818014,1.5708585977554321,-0.5712021032916468,1
381,1788173657.2055182,-0.22864399880479366,-0.6141991960693248,0.2605763846975497,-0.581681575884519,3.0871706152731853,0.00018356930479110874,-1.7598584334002894,-1.955259148274557,-1.1716583410846155,-1.5856168905841272,1.5708465576171875,-0.561533276234762,1
382,1788173657.249395,-0.22863620875887605,-0.6141875915758626,0.260574901603523,-0.569375883358276,3.0894284365764704,0.00022288100106608604,-1.7598584334002894,-1.9552472273456019,-1.1716702620135706,-1.5856526533709925,1.5708705186843872,-0.553568188344137,1
383,1788173657.2947762,-0.2286519388055181,-0.6141861795724676,0.26055014367612805,-0.5544323243045679,3.092137183183626,0.0002588586865461591,-1.7598827520953577,-1.955271069203512,-1.1716941038714808,-1.5856288115130823,1.5708705186843872,-0.5439236799823206,1
384,1788173657.3387287,-0.228660342883826,-0.6141718876370801,0.2605761932118492,-0.5423433083826222,3.094322264500335,0.00030394366245247486,-1.7598827520953577,-1.9552472273456019,-1.1716583410846155,-1.5857003370868128,1.5708225965499878,-0.536102596913473,1
385,1788173657.3821857,-0.2286590980531937,-0.6141535036818148,0.26058539628858435,-0.527261960544049,3.0969015137276923,0.00030977438043037375,-1.7598946730243128,-1.9552114645587366,-1.1716821829425257,-1.5857246557818812,1.5708465576171875,-0.5263736883746546,1
386,1788173657.4247973,-0.22865247271717923,-0.6141479873587957,0.2605561290581573,-0.5150836139389161,3.098903180053013,0.00040290070983240475,-1.7598946730243128,-1.9552353064166468,-1.1717060248004358,-1.5857484976397913,1.5708705186843872,-0.5185163656817835,1
387,1788173657.4624708,-0.22865383065754433,-0.6141669619358738,0.2605946279070049,-0.5023387952108387,3.1010600780511135,0.00024030765973763064,-1.7598827520953577,-1.9552114645587366,-1.1716702620135706,-1.5856884161578577,1.5708465576171875,-0.5102751890765589,1
388,1788173657.5053146,-0.22866293068435872,-0.6141735294478889,0.2605861523475988,-0.48976140531901413,3.1030719504840576,0.00024099951898871785,-1.7598946730243128,-1.9552353064166468,-1.1716583410846155,-1.5856764952289026,1.5708465576171875,-0.5021780172931116,1
389,1788173657.5481203,-0.22865344677862015,-0.6141795800755343,0.2605779293811826,-0.47531070438924,3.1053115413409333,0.0002178218448009099,-1.7598827520953577,-1.9552353064166468,-1.1716821829425257,-1.5856407324420374,1.5708585977554321,-0.49285632768739873,1
390,1788173657.5907223,-0.22867374882026117,-0.614162716394135,0.260565714904648,-0.46276893846323536,3.1071859569262195,0.0003069007052587714,-1.759918514882223,-1.9552472273456019,-1.1716821829425257,-1.5856884161578577,1.5708585977554321,-0.48481876054872686,1
391,1788173657.6339173,-0.22867990214229203,-0.6141656211187811,0.260589180133441,-0.45073201350569314,3.1089983185147476,0.00023161019476414284,-1.759918514882223,-1.9552233854876917,-1.1716702620135706,-1.5856645742999476,1.5708345174789429,-0.47706920305360967,1
392,1788173657.6780608,-0.22864933357252362,-0.6141580868980215,0.26056886247317185,-0.43544523336931135,3.111122716148892,0.00036263601192373685,-1.7598827520953577,-1.9552353064166468,-1.1716821829425257,-1.5857365767108362,1.5708585977554321,-0.46720773378481084,1
393,1788173657.719732,-0.22865643294097127,-0.6141686798052662,0.26056571509034365,-0.42312525965734554,3.1128233851382903,0.0003036066014014706,-1.7598946730243128,-1.9552472273456019,-1.1716821829425257,-1.5856884161578577,1.5708705186843872,-0.45930177370180303,1
394,1788173657.7629843,-0.22865418915899807,-0.6141834593154518,0.26057187343093025,-0.41091441721879784,3.1144823636404952,0.00025706896790210796,-1.7598827520953577,-1.955259148274557,-1.1716583410846155,-1.5856645742999476,1.5708585977554321,-0.45144445100893194,1
395,1788173657.8067276,-0.22866272718439892,-0.6141724661463961,0.2605497881210016,-0.39564656439949575,3.116459861910618,0.0003172560250185627,-1.7598946730243128,-1.955259148274557,-1.1717060248004358,-1.5856526533709925,1.5708465576171875,-0.4416549841510218,1
396,1788173657.8477826,-0.2286549958682999,-0.614173050636794,0.26056684245933026,-0.38343625328077807,3.1179901970122144,0.00030016297570174745,-1.7598827520953577,-1.9552472273456019,-1.1716821829425257,-1.5856764952289026,1.5708465576171875,-0.43380862871278936,1
397,1788173657.8925183,-0.22865947717486168,-0.6141701077715971,0.2605626870475358,-0.3706380022644016,3.1195193823468976,0.00033086571160103836,-1.7598946730243128,-1.955259148274557,-1.1716702620135706,-1.5857003370868128,1.5708585977554321,-0.42561465898622686,1
398,1788173657.9367583,-0.22866051331185946,-0.6141755216599301,0.2605602669515888,-0.3558520132750794,3.1212487878019135,0.00029609930791961697,-1.7598946730243128,-1.955259148274557,-1.1716821829425257,-1.5856645742999476,1.5708585977554321,-0.41613704362978154,1
399,1788173657.9817445,-0.22867297776480824,-0.6141704217026509,0.26057680126594895,-0.3406289676723504,3.122981413607409,0.0002544412111000017,-1.7599065939532679,-1.9552353064166468,-1.1716821829425257,-1.5856526533709925,1.5708345174789429,-0.4063947836505335,1
400,1788173658.0263557,-0.22866857299208912,-0.6141739093793439,0.2605649420698326,-0.32824418860853466,3.1243091074651343,0.0003141893325999805,-1.7598946730243128,-1.955259148274557,-1.1716702620135706,-1.5856764952289026,1.5708225965499878,-0.39845306078066045,1
401,1788173658.0720112,-0.22868156535478054,-0.6141889317293907,0.2605769933031227,-0.31351043937943357,3.1258305612139647,0.00014257445614060662,-1.759918514882223,-1.9552472273456019,-1.1716821829425257,-1.585569206868307,1.5708465576171875,-0.3890469709979456,1
402,1788173658.1140194,-0.2286782420381909,-0.6141979261235468,0.26059695815364137,-0.30077900254274526,3.127113625806726,3.9864355048839216e-05,-1.7599065939532679,-1.9552233854876917,-1.1716821829425257,-1.5855210463153284,1.5708345174789429,-0.38088876405824834,1
403,1788173658.1585839,-0.22866473780563343,-0.6142093321646738,0.2605785223245731,-0.2861424722297663,3.128477058784996,9.419542741583943e-05,-1.7598827520953577,-1.955259148274557,-1.1716702620135706,-1.5855329672442835,1.5708345174789429,-0.37150651613344365,1
404,1788173658.2024078,-0.22868411831723975,-0.6142022694144857,0.2605920298853401,-0.27319029263554107,3.129629835724877,5.337401322893574e-05,-1.759918514882223,-1.9552472273456019,-1.1716583410846155,-1.5855329672442835,1.5708465576171875,-0.36326390901674444,1
405,1788173658.2440534,-0.22868308093962028,-0.614211471074752,0.26060424695471185,-0.25854355849785804,3.1308784129857474,-4.1439241824910514e-05,-1.759918514882223,-1.9552353064166468,-1.1716583410846155,-1.5854852835284632,1.5708585977554321,-0.3539055029498499,1
406,1788173658.2861388,-0.22872963591657589,-0.6142071763528109,0.2605669897901367,-0.24571201603739912,3.1318923630848494,6.79999355305786e-05,-1.7599905172931116,-1.9553077856646937,-1.1716340223895472,-1.5855091253863733,1.5708585977554321,-0.3457830587970179,1
407,1788173658.3279293,-0.22877394066704207,-0.6142044953345245,0.260636020262921,-0.23312698668409892,3.1329091583887316,-0.00010390500716307152,-1.760050121937887,-1.955271069203512,-1.1715386549579065,-1.5855210463153284,1.5708345174789429,-0.3378046194659632,1
408,1788173658.3692787,-0.22881113843635612,-0.614235968755398,0.26065929033932167,-0.22096384907771155,3.1337737837616086,-0.00022687834726068854,-1.7601102034198206,-1.9553435484515589,-1.1713946501361292,-1.5855210463153284,1.5708705186843872,-0.3301017920123499,1
409,1788173658.411933,-0.2288510192891111,-0.6142377524853162,0.26061803973224495,-0.2052995007857313,3.1348290901891147,-0.00017149040032933554,-1.7601702849017542,-1.9554036299334925,-1.1714065710650843,-1.5854852835284632,1.5708705186843872,-0.3201668898211878,1
410,1788173658.454002,-0.2288595765751166,-0.6142270106936116,0.26062847099013786,-0.19298127833631906,3.135619805640496,-0.00014913112991758536,-1.7601822058307093,-1.9553912321673792,-1.1713946501361292,-1.5855210463153284,1.5708585977554321,-0.3123205343829554,1
411,1788173658.4917676,-0.22886792343357568,-0.6142296279844721,0.2606307281334803,-0.18033905832523317,3.1363777446645567,-0.00018519312938669586,-1.7601941267596644,-1.9553912321673792,-1.1713946501361292,-1.5854972044574183,1.5708585977554321,-0.3042696158038538,1
412,1788173658.5331438,-0.22889012738556191,-0.6142199508384426,0.2606295991817249,-0.16767655717674482,3.1371118406117415,-0.0001532028493297589,-1.7602179686175745,-1.9553912321673792,-1.1713946501361292,-1.5855091253863733,1.5708225965499878,-0.29621869722475225,1
413,1788173658.575691,-0.22907091143127506,-0.6143140279346686,0.2606820618143818,-0.15559268094956138,3.137727099275549,-0.00042643790622767173,-1.760482136403219,-1.9556916395770472,-1.1708787123309534,-1.5855572859393519,1.5708705186843872,-0.2887800375567835,1
414,1788173658.6177666,-0.23015300665601482,-0.6143430292189563,0.2606237643458852,-0.14233930677281392,3.138316481640395,-9.21577629948891e-05,-1.7621124426471155,-1.9568670431720179,-1.1693208853351038,-1.5861557165728968,1.5708585977554321,-0.28196460405458623,1
415,1788173658.6611073,-0.23211488943115238,-0.6146450237263243,0.26064854100020707,-0.12711007384759493,3.138980434046642,-0.00024059596400796297,-1.7650015989886683,-1.9593384901629847,-1.165797535573141,-1.5871132055865687,1.5708705186843872,-0.27514917055238897,1
416,1788173658.703663,-0.233626157157478,-0.6151113345455086,0.2607156788946623,0.11521003212214916,-3.139426408797318,0.0006100312526251554,-1.7671359221087855,-1.9617136160479944,-1.1623337904559534,-1.5879514853106897,1.5708345174789429,-0.26970225969423467,1
417,1788173658.747515,-0.2352479133030253,-0.6155475576005778,0.2608226467648007,0.10240411397129252,-3.139856004686345,0.0008740130983727642,-1.769461456929342,-1.9641850630389612,-1.1586063543902796,-1.5890405813800257,1.5708585977554321,-0.26387054124941045,1
418,1788173658.7910182,-0.23715361867557128,-0.6161012728246745,0.260656966313826,-0.08695982486275886,3.1403409363578687,-2.453394654552727e-05,-1.7721594015704554,-1.967628304158346,-1.154015843068258,-1.5907405058490198,1.5708465576171875,-0.25673133531679326,1
419,1788173658.8334095,-0.23870637356442867,-0.6167366368151527,0.2606369638475201,-0.07490447660060047,3.1406655732647715,-3.5467392712186884e-05,-1.7742932478534144,-1.9706276098834437,-1.1498091856585901,-1.5919378439532679,1.5708345174789429,-0.25118762651552373,1
420,1788173658.8735204,-0.24063367117370363,-0.617458194825944,0.26065706690200063,-0.05998412411563213,3.140954025848224,1.3871112373107394e-05,-1.7769668737994593,-1.974238697682516,-1.1446078459369105,-1.5935657660113733,1.5708585977554321,-0.2443607489215296,1
421,1788173658.9159348,-0.24220914895429188,-0.6180773398344866,0.2606425949350544,-0.04702240328567085,3.141178436662032,7.450404151337672e-05,-1.7791245619403284,-1.9772737661944788,-1.1403048674212855,-1.594870392476217,1.5708465576171875,-0.23826533952821904,1
422,1788173658.959394,-0.2437616351115124,-0.6187562564976369,0.2605472163530379,-0.0347558983871236,3.141298572661423,0.00017966704685663551,-1.7812345663653772,-1.9804652372943323,-1.1359661261187952,-1.5960915724383753,1.5708705186843872,-0.2325657049762171,1
423,1788173659.0014296,-0.2454217377264205,-0.6193258122687533,0.2605324808224815,-0.02222628456818786,3.141373077676979,0.00045623918002564597,-1.7835243383990687,-1.9835718313800257,-1.131507698689596,-1.597623650227682,1.5708705186843872,-0.22687846819032842,1
424,1788173659.0452557,-0.2473458243584492,-0.620130464206797,0.2605723390664113,-0.006642591564171473,3.141514882767996,0.00013724203022264344,-1.7861140410052698,-1.98729116121401,-1.1261141935931605,-1.599084202443258,1.5708465576171875,-0.21954662004579717,1
425,1788173659.0873404,-0.24897141088081962,-0.6207140021077613,0.2606561084051895,0.006058167261174338,3.141528774192542,4.745114456156366e-05,-1.7883322874652308,-1.9902904669391077,-1.1215956846820276,-1.6005447546588343,1.5708465576171875,-0.21367913881410772,1
426,1788173659.1307125,-0.25059843999533876,-0.6213706006331633,0.2606709425758241,0.01817401254753672,3.1415032285019193,-0.0001942892203979825,-1.7905257383929651,-1.9934213797198694,-1.1170771757708948,-1.6017773787127894,1.5708585977554321,-0.20815927187074834,1
427,1788173659.1737406,-0.25246070019095823,-0.6221790328042667,0.2605999727856817,0.03313466850622649,3.141360903939751,-0.0001380419948899981,-1.7930076758014124,-1.9972847143756312,-1.1116603056537073,-1.6033700148211878,1.5708705186843872,-0.20111638704408819,1
428,1788173659.216985,-0.25410732879503617,-0.6227412241864974,0.2605908221630102,0.0461539452152793,3.141175520165978,0.00010631563032298757,-1.7952373663531702,-2.000415627156393,-1.1071060339557093,-1.6049497763263147,1.5708585977554321,-0.19505674043764287,1
429,1788173659.2584004,-0.2556916050033351,-0.6234017597065287,0.26065004759852156,0.05828842465909683,3.14102487439954,-0.0001812418010954873,-1.797335449849264,-2.0035350958453577,-1.1024678389178675,-1.6062787214862269,1.5708465576171875,-0.1894291082965296,1
430,1788173659.3023777,-0.2575854133875636,-0.6241624463133149,0.2606119724157778,0.07311385980954851,3.1406754269523858,2.02846771230356e-05,-1.7998531500445765,-2.0074222723590296,-1.0968707243548792,-1.6081221739398401,1.5708585977554321,-0.18250590959657842,1
431,1788173659.3449328,-0.2592459485345544,-0.6248350336044516,0.2606646409565636,0.08615135690616374,3.1404050864274695,-0.00043721998838041297,-1.802047077809469,-2.010613266621725,-1.0921490828143519,-1.6093552748309534,1.5708585977554321,-0.1763981024371546,1
432,1788173659.38351,-0.2610936410187395,-0.6254875969754049,0.26068369392432245,0.10093517518057742,3.139906463407776,-8.796557263905125e-05,-1.804516617451803,-2.014284912739889,-1.0866716543780726,-1.6113904158221644,1.5708705186843872,-0.16945058504213506,1
433,1788173659.4247923,-0.26236511573427196,-0.6258820781008434,0.2606970256545337,0.11084360907006843,3.1396027297759916,-0.00013465744533736274,-1.8062189261065882,-2.0165641943561,-1.0833037535296839,-1.612443749104635,1.5708465576171875,-0.16484195390810186,1
434,1788173659.4683673,-0.26432879602062376,-0.6259712183215742,0.2605991767055118,0.12641307453442288,3.1389526921969044,5.922084411071165e-05,-1.8090480009662073,-2.0189154783831995,-1.0800679365741175,-1.6134613196002405,1.5708825588226318,-0.15775043169130498,1
435,1788173659.5074077,-0.26585678628871473,-0.6260009732545042,0.26067621398534807,0.13872493344989706,3.138425692372933,1.909601165134511e-05,-1.811253849660055,-2.020594898854391,-1.077407185231344,-1.6144188086139124,1.570894479751587,-0.15211087862123662,1
436,1788173659.547117,-0.26752485656892094,-0.6259929615816264,0.2605712131584975,0.15109304140896493,3.1378804093696937,0.00020292377653565962,-1.8136518637286585,-2.0223949591266077,-1.0749982039081019,-1.6151374022113245,1.5708465576171875,-0.14662725130190069,1
437,1788173659.588227,-0.2691209287331469,-0.6260213633448894,0.26069829014346085,0.1634036830488764,3.137304593129116,-0.00032159954653648143,-1.815953556691305,-2.023978058491842,-1.0724213759051722,-1.6157954374896448,1.5708705186843872,-0.14108306566347295,1
438,1788173659.6295857,-0.27068121659182537,-0.6260407756911806,0.2607662271916265,0.17636868066339687,3.1366291786229676,-0.00054136827671288,-1.8181951681720179,-2.0256217161761683,-1.0698569456683558,-1.6165736357318323,1.5708705186843872,-0.13505965868105108,1
439,1788173659.6725163,-0.27227776999175907,-0.6259419023105254,0.2606873386178823,0.18925183611880295,3.135833224815775,2.1866853988701742e-05,-1.8205207029925745,-2.027313534413473,-1.0674718062030237,-1.6176274458514612,1.5708465576171875,-0.12916785875429326,1
440,1788173659.7139206,-0.2735902635308432,-0.625973843915335,0.26054352561392874,0.20371118461618626,3.1348543903498456,0.00042283571194341637,-1.8224032560931605,-2.028969113026754,-1.0653265158282679,-1.6183813253985804,1.5708705186843872,-0.12182408968080694,1
441,1788173659.7574098,-0.2738279842389763,-0.626011818679379,0.2605601926384338,0.21636904458494774,3.1340384337809026,0.00026200928494317106,-1.8227265516864222,-2.029257122670309,-1.0648835341082972,-1.6184294859515589,1.5708585977554321,-0.11407214799989873,1
442,1788173659.799564,-0.27376826292377676,-0.6260391472808184,0.2605600198258314,0.22874078335608283,3.133164701568351,0.00022575433103107535,-1.8226307074176233,-2.029245201741354,-1.0649073759662073,-1.6183937231646937,1.5708585977554321,-0.10608035722841436,1
443,1788173659.8429005,-0.2737570406967408,-0.6260490384477897,0.2605208023415141,0.24118436749912703,3.1322356121739348,0.0003026235854311327,-1.8226068655597132,-2.029280964528219,-1.0649431387530726,-1.6183694044696253,1.5708465576171875,-0.09811240831484014,1
444,1788173659.8859534,-0.27378549477936426,-0.6260292606687966,0.2605357561511165,0.2565168487101802,3.1310202012439747,0.00028481348233652546,-1.8226550261126917,-2.029257122670309,-1.0649431387530726,-1.6183813253985804,1.5708465576171875,-0.08836871782411748,1
445,1788173659.9282348,-0.2738056300656815,-0.6260319474423975,0.26055427964656885,0.2687277538044501,3.130016361753432,0.0002145752228869383,-1.8226788679706019,-2.029257122670309,-1.0649073759662073,-1.6183694044696253,1.5708345174789429,-0.08059245744814092,1
446,1788173659.9707868,-0.27378328273286867,-0.6260431910466124,0.2605370700098141,0.2814389659234095,3.128893791643135,0.0002704079718191518,-1.8226426283465784,-2.029280964528219,-1.0649073759662073,-1.6183813253985804,1.5708345174789429,-0.07243234315981084,1
447,1788173660.0127835,-0.2737705507849037,-0.6260480391945598,0.2605323995531369,0.29620787234186635,3.1275071300424564,0.0002649709228261718,-1.8226307074176233,-2.029280964528219,-1.0649192968951624,-1.6183694044696253,1.5708585977554321,-0.06297666231264287,1
448,1788173660.054625,-0.27378467893362846,-0.6260260901534026,0.260543924728284,0.3086111078477344,3.1263164743812846,0.0003061665458684556,-1.8226550261126917,-2.029257122670309,-1.0649192968951624,-1.6184175650226038,1.5708465576171875,-0.055068318043844044,1
449,1788173660.0970922,-0.2737721167742709,-0.6260320631150172,0.2605439246067586,0.3212521001558177,3.125055582266699,0.0003094975979938988,-1.8226307074176233,-2.029257122670309,-1.0649192968951624,-1.6184175650226038,1.5708345174789429,-0.04695636430849248,1
450,1788173660.138735,-0.2737683085338539,-0.6260502465244444,0.26054606658841023,0.33332170967240166,3.1237667307667625,0.0001898044167741725,-1.8226307074176233,-2.029257122670309,-1.0649312178241175,-1.61833364168276,1.5708705186843872,-0.03922874132265264,1
451,1788173660.1828136,-0.27379231551185274,-0.6260235016664263,0.2605890066798041,0.34887814880234097,3.1220971691221546,0.0001394353477292952,-1.8226669470416468,-2.0291970411883753,-1.0649192968951624,-1.6183694044696253,1.5708465576171875,-0.029304329548970998,1
452,1788173660.227275,-0.27379095016732186,-0.6260292256108108,0.2605600198258314,0.3611053296377754,3.120686624477807,0.00023148152277581563,-1.8226669470416468,-2.029245201741354,-1.0649073759662073,-1.6183937231646937,1.5708585977554321,-0.021468464528219044,1
453,1788173660.271558,-0.27379295165087414,-0.6260156600299526,0.26055440166332244,0.3763037296556078,3.1188778051427413,0.00024672884969667737,-1.8226788679706019,-2.0292208830462855,-1.0649550596820276,-1.6183813253985804,1.5708705186843872,-0.011736218129293263,1
454,1788173660.3155181,-0.2737960019927431,-0.6260158771683652,0.26055902672690795,0.3912397892224003,3.1170880190673955,0.00025772900151584225,-1.8226669470416468,-2.0292208830462855,-1.0649431387530726,-1.6183937231646937,1.5708225965499878,-0.0021474997149866226,1
455,1788173660.3586652,-0.2737989829079718,-0.6260171471404621,0.26055085846705794,0.4034651270046617,3.115507403956906,0.00023406882635581882,-1.8226788679706019,-2.0292208830462855,-1.0649669806109827,-1.6183574835406702,1.5708465576171875,0.005688387434929609,1
456,1788173660.3993835,-0.2738266029940436,-0.6260166553044413,0.26053351377640044,0.4162865443728168,3.1138284918350694,0.00029327689739871076,-1.822714630757467,-2.029269043599264,-1.0649312178241175,-1.6183813253985804,1.5708345174789429,0.013884848915040493,1
457,1788173660.4431102,-0.2738150758400093,-0.6260041275633297,0.2605578989742394,0.4309110783584464,3.111840627170691,0.00027512078842574484,-1.822702709828512,-2.0292208830462855,-1.0649431387530726,-1.6184056440936487,1.5708345174789429,0.023292839527130127,1
458,1788173660.4844139,-0.2738098983587505,-0.6260162705776977,0.26055309311416713,0.44388486817202966,3.1100171938451435,0.00027624754276843016,-1.822690788899557,-2.029245201741354,-1.0649192968951624,-1.6184056440936487,1.5708345174789429,0.03164546936750412,1
459,1788173660.5268838,-0.2738070687192929,-0.6260163043681534,0.2605566571037087,0.45612215362410274,3.1082385546356206,0.00021725004348827347,-1.822690788899557,-2.0292208830462855,-1.0649550596820276,-1.6183574835406702,1.5708465576171875,0.03951798379421234,1
460,1788173660.567346,-0.27380814683756655,-0.6260204934984778,0.26058245345355013,0.4682223898052193,3.106441826879025,0.00018039355537770657,-1.822690788899557,-2.0292208830462855,-1.064894978200094,-1.6183937231646937,1.5708465576171875,0.04730585590004921,1
461,1788173660.6097307,-0.273803695586217,-0.6260251457902757,0.26056938281064523,0.4834792022985901,3.104081489959119,0.00015857545226387643,-1.822690788899557,-2.0292208830462855,-1.0649312178241175,-1.6183455626117151,1.5708705186843872,0.057134419679641724,1
462,1788173660.6514926,-0.27381683138823865,-0.6260109485748497,0.26056145545087106,0.4955679097884399,3.1022054852569494,0.00025833203395554357,-1.822702709828512,-2.0292328039752405,-1.0649192968951624,-1.6184056440936487,1.5708345174789429,0.06491068005561829,1
463,1788173660.693406,-0.27380610861443133,-0.6260125737900349,0.26059124860586746,0.5082765744181204,3.100143655313861,0.00014434092021534643,-1.822690788899557,-2.02918512025942,-1.0649312178241175,-1.6183694044696253,1.5708465576171875,0.07311912626028061,1
464,1788173660.735312,-0.27382895049462463,-0.6260045455112916,0.26058787864344957,0.5206051154627043,3.098096505041253,0.000163359757587163,-1.8227265516864222,-2.0291970411883753,-1.0649192968951624,-1.6183813253985804,1.5708465576171875,0.08103957772254944,1
465,1788173660.779385,-0.2738014339597972,-0.6260163580272619,0.26059704772919723,0.5354122499921272,3.0955501179889864,0.00012344636988902228,-1.822690788899557,-2.02918512025942,-1.0649192968951624,-1.6183694044696253,1.5708705186843872,0.09064044058322906,1
466,1788173660.8235931,-0.27379516782866653,-0.6260133516900205,0.2605994170291365,0.5478728942620165,3.093379556051907,0.00016347777502602503,-1.8226788679706019,-2.02918512025942,-1.0649073759662073,-1.6184056440936487,1.5708585977554321,0.09870470315217972,1
467,1788173660.8670654,-0.2738142480570238,-0.6260229675150515,0.2605660125324948,0.5624189167113208,3.0907676459490725,0.00018192331515572117,-1.822702709828512,-2.0292328039752405,-1.0649192968951624,-1.6183574835406702,1.5708585977554321,0.10808946937322617,1
468,1788173660.9109082,-0.2738164472064103,-0.6259992531304146,0.26057852331239617,0.5752472423031492,3.0884054505001353,0.000201063952264585,-1.822714630757467,-2.02918512025942,-1.0649550596820276,-1.6183813253985804,1.5708585977554321,0.11638180911540985,1
469,1788173660.9528563,-0.27380830383242827,-0.6260107907314973,0.26055098662010184,0.5874893600346184,3.0860853842738285,0.0002758065834505667,-1.822702709828512,-2.0292328039752405,-1.0649431387530726,-1.6183937231646937,1.5708705186843872,0.12432622164487839,1
470,1788173660.9931135,-0.27380724099741005,-0.6260169737710172,0.2605890066798041,0.6024506727145057,3.083229913480247,0.00014708049879554058,-1.822690788899557,-2.0291970411883753,-1.0649192968951624,-1.6183694044696253,1.5708465576171875,0.13403494656085968,1
471,1788173661.036039,-0.2737954927708367,-0.6260138983431028,0.2605670673589154,0.6145872346658446,3.0808550631688374,0.00024372776707315112,-1.8226669470416468,-2.0292089621173304,-1.0649431387530726,-1.6183937231646937,1.5708225965499878,0.14193180203437805,1
472,1788173661.0782673,-0.27378685472543357,-0.6260133108126812,0.2605659398499476,0.6265547307662894,3.078406830685787,0.00025974913023657286,-1.8226669470416468,-2.0292089621173304,-1.0649431387530726,-1.6184056440936487,1.5708585977554321,0.14970843493938446,1
473,1788173661.1192932,-0.273809730737328,-0.6260156192688308,0.2605566569821832,0.6392068048492666,3.0758310555150237,0.00022382348334012574,-1.822690788899557,-2.0292208830462855,-1.0649550596820276,-1.6183574835406702,1.5708345174789429,0.1579045206308365,1
474,1788173661.1595662,-0.2738055980817545,-0.6260105900671574,0.2605405621207457,0.6511037140935895,3.0733208274358845,0.0002981090599086409,-1.822690788899557,-2.0292328039752405,-1.0649669806109827,-1.6183813253985804,1.5708465576171875,0.16564521193504333,1
475,1788173661.1979322,-0.27379710537527663,-0.626010567525148,0.2605717388511066,0.6636316334762283,3.070605402687934,0.00024088759208394978,-1.822690788899557,-2.0292089621173304,-1.0649312178241175,-1.6184056440936487,1.5708825588226318,0.1738061010837555,1
476,1788173661.2376332,-0.2738020436833169,-0.6260180115268411,0.2605521591129353,0.6761286276089911,3.067927254136889,0.00026208378756074387,-1.8226788679706019,-2.0292328039752405,-1.0649431387530726,-1.6183813253985804,1.5708345174789429,0.18195462226867676,1
477,1788173661.2806942,-0.2738049749157553,-0.6260081686968345,0.2605347636085956,0.6879762603041114,3.06527937209999,0.00031790691941800144,-1.822690788899557,-2.0292328039752405,-1.0649789015399378,-1.6183813253985804,1.5708465576171875,0.1896713376045227,1
478,1788173661.3212187,-0.27378851040445595,-0.6260094314279102,0.260573980831331,0.7003778296130416,3.0624348120135836,0.00024260914349854743,-1.8226788679706019,-2.0291970411883753,-1.0649431387530726,-1.6184056440936487,1.5708825588226318,0.19778352975845337,1
479,1788173661.3637154,-0.2738130603637913,-0.6260183528487615,0.2605729253431882,0.7146724726312683,3.0591566627817124,0.00018720189782336374,-1.822702709828512,-2.0292208830462855,-1.0649192968951624,-1.6183694044696253,1.5708585977554321,0.2070963978767395,1
480,1788173661.4059932,-0.27380289431054694,-0.6260213168824741,0.26058563654169975,0.7271179389898992,3.056247936901715,0.00016959001403437144,-1.8226788679706019,-2.0292089621173304,-1.0649073759662073,-1.6183813253985804,1.5708345174789429,0.21525691449642181,1
481,1788173661.448742,-0.2737974565250425,-0.6260222450751289,0.26057179737172353,0.7394489616379039,3.053263252429707,0.0002067484051469576,-1.8226788679706019,-2.0292208830462855,-1.0649192968951624,-1.6183813253985804,1.5708585977554321,0.22333389520645142,1
482,1788173661.489109,-0.2738166474444723,-0.6260212619902099,0.26054268253226476,0.7538248815011197,3.0497584525308508,0.00026432204314231724,-1.822702709828512,-2.029257122670309,-1.0649312178241175,-1.6183694044696253,1.5708465576171875,0.23273028433322906,1
483,1788173661.5312366,-0.27381716055652117,-0.6259909970457137,0.26058893341013556,0.7663183687765762,3.0466440379940094,0.00022720319427902677,-1.822714630757467,-2.029173199330465,-1.0649431387530726,-1.6184175650226038,1.5708465576171875,0.24091550707817078,1
484,1788173661.5720947,-0.2738026545263221,-0.6260101812263044,0.26057628138633276,0.7782103827424993,3.0436163346702725,0.00020801193683316852,-1.822690788899557,-2.0291970411883753,-1.0649431387530726,-1.6183813253985804,1.5708585977554321,0.248751699924469,1
485,1788173661.6107259,-0.2738105352521576,-0.6260194606953378,0.2605635840819439,0.7906384287691465,3.0403998061255,0.00018973134131490302,-1.822702709828512,-2.0292208830462855,-1.0649431387530726,-1.6183455626117151,1.5708705186843872,0.25691258907318115,1
486,1788173661.6509888,-0.2738120183259287,-0.6260032760013011,0.2605797788953106,0.8028247367510878,3.037230172102904,0.00022814974796497978,-1.822702709828512,-2.0291970411883753,-1.0649312178241175,-1.6184056440936487,1.5708465576171875,0.2649289071559906,1
487,1788173661.6949234,-0.2738104211807299,-0.6260073826243623,0.26059024805486336,0.8147626027183055,3.034074808702582,0.0002093373365247146,-1.822690788899557,-2.0291970411883753,-1.0649073759662073,-1.6184175650226038,1.5708225965499878,0.27280178666114807,1
488,1788173661.7368338,-0.2738091109387077,-0.6260132109827579,0.26057403912996197,0.8274237302937212,3.030634682071294,0.0002090229613464887,-1.822690788899557,-2.0292089621173304,-1.0649312178241175,-1.6183813253985804,1.5708345174789429,0.28115442395210266,1
489,1788173661.7809227,-0.2738357074177844,-0.6259985399865728,0.26058670552005847,0.8417770591111801,3.026667292022251,0.00019167977145287765,-1.8227384726153772,-2.0291970411883753,-1.0649192968951624,-1.6183937231646937,1.5708465576171875,0.2905871272087097,1
490,1788173661.8230796,-0.27378741333139933,-0.6260264019824362,0.26056712683527095,0.8538602341039728,3.023256605421857,0.00021083402423721236,-1.8226669470416468,-2.0292208830462855,-1.0649312178241175,-1.6183694044696253,1.5708705186843872,0.2986517548561096,1
491,1788173661.866246,-0.2737931792482368,-0.6260165444246498,0.26058208026299723,0.868363293390565,3.0191232059526465,0.0001926487091514481,-1.8226788679706019,-2.0291970411883753,-1.0649312178241175,-1.6183813253985804,1.5708705186843872,0.3082406520843506,1
492,1788173661.9107578,-0.2738107721120498,-0.6259984339587586,0.26056818167555096,0.880446403444304,3.0156487042783007,0.0002674910998829552,-1.822702709828512,-2.0291970411883753,-1.0649550596820276,-1.6184056440936487,1.5708465576171875,0.3162209987640381,1
493,1788173661.9510393,-0.2738102393880425,-0.6260286243009265,0.2605809800171347,0.892888037674907,3.0119859360762025,0.0001360421605184498,-1.822690788899557,-2.0292208830462855,-1.0649073759662073,-1.6183455626117151,1.5708465576171875,0.3244897425174713,1
494,1788173661.9942863,-0.2738234252933284,-0.6260050250001645,0.2605602002648857,0.9046586857656462,3.0084498796869776,0.0002500978073509916,-1.8227265516864222,-2.0292208830462855,-1.0649431387530726,-1.6183813253985804,1.5708705186843872,0.33227837085723877,1
495,1788173662.0361452,-0.2738134527062817,-0.626008849146378,0.26054149619713296,0.9192241445670809,3.004059582343195,0.0003252419579637386,-1.822702709828512,-2.029245201741354,-1.0649431387530726,-1.6184056440936487,1.5708465576171875,0.34198710322380066,1
496,1788173662.0792692,-0.2738185159542957,-0.6260072906517433,0.2605648256883936,0.9310735926192366,3.000393934189459,0.0002508587205234928,-1.822714630757467,-2.0292208830462855,-1.0649312178241175,-1.6183937231646937,1.5708585977554321,0.34987160563468933,1
497,1788173662.1228874,-0.2738156310493675,-0.6259960821883727,0.2605866916928543,0.9455019032173339,2.995878629227719,0.00023256999250391037,-1.822714630757467,-2.02918512025942,-1.0649312178241175,-1.6184175650226038,1.5708585977554321,0.35949641466140747,1
498,1788173662.1657922,-0.2738257332502556,-0.6260132761665915,0.2605590856210725,0.9578336003022885,2.9919846439319335,0.00022998473203080246,-1.822714630757467,-2.0292328039752405,-1.0649312178241175,-1.6183694044696253,1.5708345174789429,0.36772921681404114,1
499,1788173662.2099037,-0.27382121520530567,-0.6260074658560346,0.2605923772354676,0.969604858425173,2.988137040118853,0.00014138078269051814,-1.8227265516864222,-2.02918512025942,-1.0649312178241175,-1.6183574835406702,1.5708825588226318,0.3756013512611389,1
500,1788173662.2521,-0.27381619027251314,-0.6260091733040661,0.26058787898376623,0.9841396526854043,2.9833963725741537,0.00017810490579202285,-1.822714630757467,-2.0291970411883753,-1.0649192968951624,-1.6183813253985804,1.5708705186843872,0.385346382856369,1
501,1788173662.2951841,-0.2738278179542912,-0.6260001455708094,0.260590120569513,0.9956509317610015,2.979600126308653,0.00017585493511301404,-1.8227265516864222,-2.02918512025942,-1.0649312178241175,-1.6183813253985804,1.5708465576171875,0.3930511176586151,1
502,1788173662.3370552,-0.27381509926829134,-0.6260152467025473,0.26056712649495434,1.0073542032928606,2.9756661641514386,0.00021346360019339455,-1.822702709828512,-2.0292208830462855,-1.0649312178241175,-1.6183694044696253,1.5708465576171875,0.40093526244163513,1
503,1788173662.3798752,-0.27382780429872,-0.6260104042101398,0.2605717970078604,1.021884122048531,2.9707336961290776,0.00021078577519630375,-1.822714630757467,-2.0292208830462855,-1.0649192968951624,-1.6183813253985804,1.5708225965499878,0.41069191694259644,1
504,1788173662.4210992,-0.27379486513476375,-0.6260127822865637,0.26054985928355356,1.0335126100245458,2.96663819052878,0.00031432129134048977,-1.822690788899557,-2.0292328039752405,-1.0649431387530726,-1.6184056440936487,1.570894479751587,0.41856440901756287,1
505,1788173662.4623604,-0.27382889203001937,-0.6260043183752163,0.2605693685293392,1.0458540576320572,2.9623558148003633,0.0002142636300940282,-1.8227265516864222,-2.0292089621173304,-1.0649431387530726,-1.6183694044696253,1.5708465576171875,0.42684513330459595,1
506,1788173662.5066688,-0.2738292874847266,-0.626005854724204,0.26054748850438403,1.0573299823420288,2.9582832492372195,0.0002704377567701472,-1.8227265516864222,-2.0292328039752405,-1.0649550596820276,-1.6183694044696253,1.5708465576171875,0.4345974326133728,1
507,1788173662.5481503,-0.2738010374339406,-0.6260148172886372,0.2605602002648857,1.0714748755861025,2.953163769377769,0.00025567030655966356,-1.822690788899557,-2.0292208830462855,-1.0649431387530726,-1.6183813253985804,1.5708705186843872,0.44420990347862244,1
508,1788173662.5886314,-0.2738016911647107,-0.6260064379937959,0.26058769187917685,1.083128964008664,2.948917591637942,0.00017963726598519203,-1.822690788899557,-2.029173199330465,-1.0649550596820276,-1.6183694044696253,1.5708585977554321,0.45210638642311096,1
509,1788173662.6265967,-0.2738323797477767,-0.6260068411348273,0.2605672540458502,1.094631777522845,2.9446984941349674,0.0002512635636772625,-1.8227265516864222,-2.0292328039752405,-1.0649073759662073,-1.6184056440936487,1.5708345174789429,0.45987066626548767,1
510,1788173662.6674697,-0.27382436916221126,-0.6260073699065131,0.2605833352822574,-1.1067828257468069,-2.9401633249899435,-0.00020808963014802342,-1.822702709828512,-2.0292089621173304,-1.0649073759662073,-1.6184056440936487,1.570798635482788,0.46815139055252075,1
511,1788173662.709245,-0.27380342739583263,-0.6260344174705764,0.26061019196593543,1.1182827811957654,2.9357739245475707,8.468718389535451e-05,-1.8226788679706019,-2.0292089621173304,-1.0648592154132288,-1.6183694044696253,1.5708465576171875,0.4760115444660187,1
512,1788173662.7517214,-0.27381158401622996,-0.6260345636767554,0.2606264610615402,1.129834192260768,2.9313066938294416,5.430520893594243e-05,-1.822702709828512,-2.0292089621173304,-1.0648234526263636,-1.6183813253985804,1.5708825588226318,0.4838724434375763,1
513,1788173662.793592,-0.27383091465026005,-0.6260334069969892,0.2606614265740357,1.1402367705747192,2.9273211451286523,-2.8598514874020222e-05,-1.822714630757467,-2.0291970411883753,-1.06476337114443,-1.6184056440936487,1.5708345174789429,0.4909525215625763,1
514,1788173662.835724,-0.273825885688334,-0.6260461281751756,0.2607174231420209,1.1506948245350448,2.923216388262185,-0.00014135588136600946,-1.822702709828512,-2.02918512025942,-1.064655605946676,-1.6184528509723108,1.5708345174789429,0.4981168210506439,1
515,1788173662.8806198,-0.27383448184616777,-0.6260472663044399,0.2607617315494024,1.1587564914042425,2.920023431416189,-0.00021544856278259733,-1.822714630757467,-2.029173199330465,-1.0645716826068323,-1.6185010115252894,1.5708345174789429,0.5036250948905945,1
516,1788173662.922915,-0.2738198101720011,-0.6260335504595499,0.26076928539138633,1.166864158712675,2.916792990942034,-6.347159942417089e-05,-1.822702709828512,-2.02918512025942,-1.0645116011248987,-1.6186450163470667,1.5708465576171875,0.5091932415962219,1
517,1788173662.9660234,-0.2738157697666587,-0.6260178518584208,0.2607809804662877,1.1718524708327103,2.914799136583675,1.1685871987483419e-05,-1.822702709828512,-2.029173199330465,-1.0644877592669886,-1.6187289396869105,1.5708465576171875,0.5126132369041443,1
518,1788173663.0087926,-0.2738113593792144,-0.6260329761321755,0.2608195937734318,1.1755917494027137,2.913284463598817,-8.251292655997062e-05,-1.822690788899557,-2.029173199330465,-1.0644038359271448,-1.6187523047076624,1.5708465576171875,0.5151935815811157,1
519,1788173663.05099,-0.27382023452514187,-0.6260139676613037,0.2608017718134503,1.178773827727857,2.9120024663023276,0.0001056899503434806,-1.822714630757467,-2.0292089621173304,-1.0643675963031214,-1.6188719908343714,1.5708585977554321,0.5173537731170654,1
520,1788173663.0914712,-0.2738175858434493,-0.6260138799368262,0.26080981228128713,1.1806518311379854,2.91126564064642,8.215730636203992e-05,-1.822702709828512,-2.0291970411883753,-1.0643675963031214,-1.6188719908343714,1.5708345174789429,0.5186499357223511,1
521,1788173663.1338174,-0.27383352736586747,-0.6260223267418902,0.26082609519226907,1.180766862100445,2.9111992690129807,1.0438089463557365e-05,-1.8227265516864222,-2.0292089621173304,-1.064319912587301,-1.6188600699054163,1.5708465576171875,0.5187098383903503,1
522,1788173663.1762333,-0.27423687168085975,-0.6263549876105498,0.2610167834187894,1.1808092044037914,2.9111547247152827,-0.00028729311281241836,-1.8231824080096644,-2.0303848425494593,-1.0621383825885218,-1.6196745077716272,1.5708465576171875,0.5182896256446838,1
523,1788173663.217859,-0.275197698155981,-0.6273431632494366,0.26106594659524274,1.1808492998589801,2.911106384007186,-0.0003552195273183521,-1.8242014090167444,-2.0338876883136194,-1.0568297545062464,-1.6214335600482386,1.5708705186843872,0.517305850982666,1
524,1788173663.2612185,-0.27678314050046876,-0.6289892004989137,0.2609430790212644,1.1808311166227194,2.9111213272215912,-0.00027603069705527865,-1.825855557118551,-2.039778534566061,-1.048368279133932,-1.6240552107440394,1.5708705186843872,0.5156373977661133,1
525,1788173663.3031561,-0.27811504312994967,-0.6301345910190491,0.2608405439510504,1.1810826117738127,2.9110451191910154,0.00015774148995150304,-1.8273299376117151,-2.0443013350116175,-1.0418122450457972,-1.6263654867755335,1.5708825588226318,0.5143296122550964,1
526,1788173663.3468525,-0.2800270444542536,-0.6311000183892359,0.2608361895922964,1.1810413326679696,2.9110537227946396,-8.268250791377241e-05,-1.8296797911273401,-2.048776451741354,-1.0351608435260218,-1.6283891836749476,1.5708705186843872,0.5119533538818359,1
527,1788173663.3885427,-0.2816264038134444,-0.6317977950907779,0.26095267372103115,1.1811295274977303,2.910978041337075,-0.0005474220860064312,-1.831682030354635,-2.05217153230776,-1.029839817677633,-1.630017105733053,1.5708705186843872,0.5100212693214417,1
528,1788173663.430715,-0.2832544842966881,-0.6324164404213461,0.26091318878379766,1.1811930782593263,2.9109929417156644,-0.0002296995817890241,-1.8337438742267054,-2.055711094533102,-1.0245664755450647,-1.6319564024554651,1.5708585977554321,0.5079933404922485,1
529,1788173663.4736536,-0.28479180474437726,-0.6331220781169213,0.26086287081655046,1.1808659533730814,2.911148407313021,-0.00011771979435540932,-1.8356378714190882,-2.0592978636371058,-1.0192692915545862,-1.633740250264303,1.5708465576171875,0.5058691501617432,1
530,1788173663.5162044,-0.2867090100964445,-0.6338769302112984,0.26081309188450497,1.1810766824791818,2.911074834197496,0.00018626471703338775,-1.8380478064166468,-2.063545052205221,-1.0129297415362757,-1.6360262076007288,1.5708585977554321,0.5036011338233948,1
531,1788173663.5579123,-0.288315055736512,-0.6344125301307814,0.26082701887016524,1.1808042750207326,2.9111664539963793,0.00011535934210188422,-1.8400972525226038,-2.0667484442340296,-1.0080516974078577,-1.6376541296588343,1.5708705186843872,0.501369059085846,1
532,1788173663.597496,-0.289836217169478,-0.6347177015547181,0.26074934200006306,1.1802989948283753,2.9114336942279953,0.0005804253798337636,-1.8420994917498987,-2.0694835821734827,-1.0040252844439905,-1.6392462889300745,1.5708465576171875,0.4990047812461853,1
533,1788173663.6396713,-0.29146256980727797,-0.6348046914273983,0.2607709345027086,1.1804616807411936,2.911342569315983,0.00043437478202773777,-1.8443411032306116,-2.071559254323141,-1.0008371512042444,-1.64026385942568,1.5708585977554321,0.4968809485435486,1
534,1788173663.678811,-0.29313533707525957,-0.6348421945117817,0.26081435100607914,1.180578292485099,2.9112393867086936,4.674592154227103e-05,-1.8466666380511683,-2.0734785238849085,-0.9978650251971644,-1.6410658995257776,1.5708825588226318,0.49464890360832214,1
535,1788173663.7213933,-0.29468744817816134,-0.6346580543672857,0.2608258679832101,1.1807265639003022,2.9112142166467265,0.0003438065234701094,-1.848896328602926,-2.0749781767474573,-0.9955037275897425,-1.6421192328082483,1.5708705186843872,0.49251270294189453,1
536,1788173663.7629285,-0.29637701017382173,-0.6343954274738004,0.26094051115184846,1.1812072034312842,2.910955812218933,-0.0003448970407052482,-1.851353947316305,-2.0760582129107874,-0.9936702887164515,-1.642430607472555,1.5708825588226318,0.490400493144989,1
537,1788173663.8058078,-0.2982409690948481,-0.6336267539254737,0.26084766277852967,1.1812571659646998,2.9109883849828138,2.6300520748216235e-05,-1.854243580495016,-2.076465908681051,-0.9932273069964808,-1.6427062193499964,1.5708585977554321,0.48753252625465393,1
538,1788173663.8483992,-0.2998291514474336,-0.6326495350044773,0.2608433673860763,1.1811824908601003,2.911019864815346,4.393649698576399e-05,-1.8568442503558558,-2.0758903662311,-0.9941137472735804,-1.6424067656146448,1.5708585977554321,0.484880268573761,1
539,1788173663.8928306,-0.30160023925335233,-0.6313711360655769,0.2608352756980129,1.181084367564916,2.911091542949383,0.00013171314332277695,-1.8598173300372522,-2.07481033006777,-0.9957674185382288,-1.6418917814837855,1.5708345174789429,0.4818321466445923,1
540,1788173663.9352283,-0.30305722220427606,-0.6303059295597357,0.2609563807391147,1.1806922531382773,2.9112389817858073,0.00035959053717768224,-1.8622868696795862,-2.0739944616900843,-0.9966667334185999,-1.641951862965719,1.5708585977554321,0.479095995426178,1
541,1788173663.9792259,-0.3048713353516227,-0.6290674544076857,0.2623345070795128,1.1805847776816403,2.9112404603882704,-0.00030223846850598913,-1.865319554005758,-2.073070828114645,-0.9946535269366663,-1.644465748463766,1.5708585977554321,0.4759995639324188,1
542,1788173664.021211,-0.30628138311201625,-0.6280448597005557,0.2641654835236108,1.1807345099712874,2.9111682447341223,-0.0004987456411989121,-1.8677051703082483,-2.072519127522604,-0.9908426443683069,-1.6487029234515589,1.5708585977554321,0.4737195670604706,1
543,1788173664.0639472,-0.3077351025405104,-0.6269651660384369,0.26576844604217875,1.1807886363023206,2.9111606966237624,-0.0004902718493982568,-1.8701747099505823,-2.0719431082354944,-0.9876182715045374,-1.6525099913226526,1.5708465576171875,0.47128376364707947,1
544,1788173664.1069975,-0.30914198495321094,-0.6258545179560026,0.2665186712110771,1.18101001750181,2.911067313035848,-0.00011646304542305071,-1.8726080099688929,-2.0712111631976526,-0.986755673085348,-1.6543415228473108,1.5708705186843872,0.4690034091472626,1
545,1788173664.148671,-0.3108639129790286,-0.6245790275970747,0.2664496405083323,1.181027576735078,2.9111230191352404,0.00030863356926119374,-1.8755329290973108,-2.07029897371401,-0.988253418599264,-1.6540306250201624,1.5708345174789429,0.46607550978660583,1
546,1788173664.1921997,-0.31238670205890134,-0.6235051034167736,0.2664763031795444,1.1811323552812807,2.911042196660029,0.00033087367073316847,-1.8781221548663538,-2.069519344960348,-0.9893677870379847,-1.6537073294269007,1.5708705186843872,0.46356743574142456,1
547,1788173664.2344809,-0.3142145274216998,-0.6222452272049963,0.2665488276699931,1.180866964199368,2.911154238983561,0.00017905505191272595,-1.8812029997455042,-2.0686076323138636,-0.9905908743487757,-1.6533001104937952,1.5708585977554321,0.4603032171726227,1
548,1788173664.2771087,-0.3157682266121078,-0.6211931449712891,0.2665509078624445,1.1807275178846313,2.911226177158222,0.00023274552980769188,-1.8838160673724573,-2.0679596106158655,-0.991561237965719,-1.653013054524557,1.5708465576171875,0.45759066939353943,1
549,1788173664.3207064,-0.3171271110679678,-0.6203302913283552,0.2664945810084991,1.1804997172535778,2.911326255187708,0.0004007138566076848,-1.8860815207110804,-2.067587677632467,-0.9922440687762659,-1.6528094450580042,1.5708465576171875,0.45516687631607056,1
550,1788173664.3629472,-0.31867316565327297,-0.6195823338380486,0.26651005310095754,1.1810403300352155,2.9111158515224393,0.00032458924172276986,-1.8885510603534144,-2.067671600972311,-0.9920886198626917,-1.6528332869159144,1.5708345174789429,0.4530666172504425,1
551,1788173664.4030879,-0.3193410259782087,-0.6194731285460334,0.26655663847124755,1.1806679194752616,2.911254739695465,6.372186301555112e-05,-1.8895223776446741,-2.0681641737567347,-0.9912617842303675,-1.6530011335956019,1.5708345174789429,0.45184236764907837,1
552,1788173664.4451714,-0.319365475467161,-0.619477476872147,0.2666387439131346,1.1807144968052334,2.9111703256128263,-0.00023243922515988824,-1.8895700613604944,-2.068103615437643,-0.991190258656637,-1.6529410521136683,1.5708825588226318,0.45184236764907837,1
553,1788173664.487201,-0.31937384047906325,-0.6194766398833063,0.2665703572809939,1.1807697392891772,2.911156549685192,-4.411036428023807e-05,-1.8895819822894495,-2.0681760946856897,-0.9912260214435022,-1.6529529730426233,1.5708825588226318,0.4518663287162781,1
554,1788173664.5278182,-0.3193728682250708,-0.619473694036169,0.26660576608827435,1.1807156187157688,2.911173332222482,-0.00015696040947621467,-1.8895819822894495,-2.0681279341327112,-0.9912260214435022,-1.6529291311847132,1.5708825588226318,0.4518303871154785,1
555,1788173664.5699422,-0.3193868372533995,-0.6194625653232354,0.2666128427658915,1.1807646074056128,2.9111922265434154,-0.00016072125777634525,-1.8895943800555628,-2.068116013203756,-0.9912260214435022,-1.6529410521136683,1.5708465576171875,0.45184236764907837,1
556,1788173664.6125178,-0.31936675096157496,-0.6194726132152157,0.2665906434752585,1.1807075283988748,2.9111533817924906,-9.84077463454933e-05,-1.8895819822894495,-2.0681398550616663,-0.9912379423724573,-1.6529410521136683,1.5709065198898315,0.4518303871154785,1
557,1788173664.6560564,-0.3193812157765235,-0.619472762038307,0.26660221982676957,1.1808166139519691,2.9111719855707143,-0.000142035030496133,-1.8895819822894495,-2.0681398550616663,-0.9912141005145472,-1.6529410521136683,1.5708465576171875,0.4518902897834778,1
558,1788173664.694984,-0.31937334005944246,-0.6194663108373355,0.26660237973959766,1.1806997425521608,2.911234066322885,-0.00010592810828214553,-1.8895700613604944,-2.0681279341327112,-0.9912260214435022,-1.6529648939715784,1.5708345174789429,0.45181840658187866,1
559,1788173664.7334795,-0.3193843209448496,-0.6194723947522999,0.2665796914130699,1.1807568265619952,2.9111730406026215,-8.273712214612536e-05,-1.8895943800555628,-2.0681641737567347,-0.9912260214435022,-1.6529410521136683,1.5708705186843872,0.45184236764907837,1
560,1788173664.7735817,-0.31938551138926224,-0.6194498209249044,0.26659428950745395,1.180757337178107,2.911174544932419,-4.537163612399268e-05,-1.8896063009845179,-2.0681279341327112,-0.9912379423724573,-1.6529892126666468,1.5708705186843872,0.4518303871154785,1
561,1788173664.81568,-0.3193756046308893,-0.6194907140093305,0.26657132491803925,1.1807430393139842,2.9111906112407624,-0.00010266375781157017,-1.8895700613604944,-2.068188015614645,-0.9912141005145472,-1.652917210255758,1.5708585977554321,0.4518543481826782,1
562,1788173664.8550868,-0.31937474482588407,-0.6194706095753771,0.26656810030907374,1.1807574135465135,2.91117622410509,-8.001813234076778e-06,-1.8895819822894495,-2.0681760946856897,-0.9912260214435022,-1.6529768149005335,1.5708705186843872,0.4518543481826782,1
563,1788173664.8968387,-0.31938362329343345,-0.6194877343286073,0.2665771142940173,1.1807821184759628,2.911135269925275,-0.00011759932015748717,-1.8895943800555628,-2.068188015614645,-0.9912021795855921,-1.652917210255758,1.570894479751587,0.4518663287162781,1
564,1788173664.9409568,-0.3193732591568838,-0.619492291017524,0.26653012722315517,1.18070579283823,2.911198905132472,3.0111801765721926e-05,-1.8895700613604944,-2.0682361761676233,-0.9912260214435022,-1.6529410521136683,1.5708705186843872,0.4518303871154785,1
565,1788173664.9825742,-0.31938613318879294,-0.6194604321562418,0.26634737821272186,1.1807510709116993,2.911208904680262,8.366000266338853e-05,-1.8895943800555628,-2.0681517759906214,-0.9918130079852503,-1.6524742285357874,1.5708465576171875,0.4518303871154785,1
566,1788173665.022221,-0.319379390802817,-0.6195370556089589,0.26524704760029105,1.18076187145368,2.91118669041913,0.0002602962166438108,-1.8895581404315394,-2.0681641737567347,-0.9945815245257776,-1.649804417287008,1.5708705186843872,0.45187830924987793,1
567,1788173665.0641017,-0.31937153859947487,-0.6194783937876552,0.26346834916263706,1.1807744238845053,2.911217849123955,0.0007724815072217782,-1.8895700613604944,-2.0678399244891565,-0.999542538319723,-1.6454952398883265,1.5708585977554321,0.4518663287162781,1
568,1788173665.1070125,-0.3193650355939353,-0.6194935570625567,0.2603660377391884,1.1807507529747139,2.9112093073143064,0.0006571371251905674,-1.8895581404315394,-2.067216221486227,-1.0084355513202112,-1.6371515432940882,1.5708705186843872,0.4518663287162781,1
569,1788173665.1508057,-0.31942190160909767,-0.6195076665132607,0.25716677461551196,1.1807942186369829,2.9112156347317244,0.00032902920871583714,-1.889618221913473,-2.0666397253619593,-1.017531696950094,-1.6284249464618128,1.5708345174789429,0.4518303871154785,1
570,1788173665.1934483,-0.3193676456960477,-0.6194578702245706,0.2539569311491906,1.1807964443295833,2.911172255563081,0.0005365741136886344,-1.8895819822894495,-2.066064182912008,-1.0265677610980433,-1.6200936476336878,1.5708825588226318,0.45187830924987793,1
571,1788173665.2359486,-0.31936727245205804,-0.6194566964950059,0.25011827653435714,1.180721007902121,2.911236394580449,0.0004184737718110216,-1.8895700613604944,-2.0655487219439905,-1.0371621290790003,-1.6099417845355433,1.5708465576171875,0.4518303871154785,1
572,1788173665.2810628,-0.3194024660867651,-0.6195011473301235,0.24697105126458474,1.1807731917124273,2.9112133756424825,9.286649389038788e-05,-1.8895943800555628,-2.0652721563922327,-1.04565936723818,-1.6015141646014612,1.5708345174789429,0.45184236764907837,1
573,1788173665.324086,-0.3193660362512831,-0.6194617214850211,0.2430376573090502,1.1807196812943075,2.9112331003803638,0.0006200199816759883,-1.8895700613604944,-2.06506854692568,-1.055918041859762,-1.5917938391314905,1.5708585977554321,0.4518303871154785,1
574,1788173665.3658404,-0.31937660031393994,-0.6196159012399652,0.23986825039358972,1.1809164260778269,2.9111644396122345,0.0005776655265215216,-1.889510456715719,-2.065296475087301,-1.0636604467975062,-1.5837972799884241,1.5708465576171875,0.4520224928855896,1
575,1788173665.4094152,-0.3194329490761793,-0.6201918008135889,0.23683830908809045,1.1809553531226717,2.911110623168671,3.114021193712964e-05,-1.8893302122699183,-2.066471878682272,-1.0696890989886683,-1.5762437025653284,1.5708585977554321,0.4522385895252228,1
576,1788173665.4524078,-0.31936191108097417,-0.6218432577710733,0.2329759537902526,1.1809812907285278,2.911069097843135,-7.832368980455041e-05,-1.888491455708639,-2.0703113714801233,-1.0737279097186487,-1.568293873463766,1.5708825588226318,0.45310258865356445,1
577,1788173665.4932232,-0.3194345216863501,-0.6234006750507657,0.22977228771800895,1.181094289812025,2.9110445483178657,-0.0001757039015309352,-1.8878801504718226,-2.074162308369772,-1.0760534445392054,-1.562056843434469,1.5708585977554321,0.4537864327430725,1
578,1788173665.5356681,-0.3193883076005156,-0.624939539583485,0.22655682221445414,1.1807318339106174,2.911250651018928,0.0002501214261319145,-1.8871129194842737,-2.078073803578512,-1.0782220999347132,-1.5562508741961878,1.5708225965499878,0.454290509223938,1
579,1788173665.5795302,-0.3193503165478536,-0.6269492925051235,0.22265109662541868,1.1805032231621746,2.911286578297116,0.0001440631157694393,-1.8861773649798792,-2.083015743886129,-1.0806430021869105,-1.548816982899801,1.5708705186843872,0.45508259534835815,1
580,1788173665.6214173,-0.31933929174990117,-0.6285930744404286,0.2194567252847089,1.1803704528189194,2.911354449501315,-0.0001020809748131821,-1.8854225317584437,-2.087071720753805,-1.0826085249530237,-1.5426400343524378,1.5708465576171875,0.45574286580085754,1
581,1788173665.6646771,-0.31932964826263976,-0.629968488293754,0.21635421388513912,1.180602602296367,2.9112213711773434,-0.00010098216642172527,-1.8848112265216272,-2.0906227270709437,-1.0850651899920862,-1.5366304556476038,1.5708825588226318,0.45652297139167786,1
582,1788173665.706667,-0.31959776427201697,-0.6305953917501083,0.21296703203043796,1.1807930890429323,2.9111900184090356,0.0005708070243072344,-1.884895149861471,-2.093046013508932,-1.0898717085467737,-1.529830280934469,1.5708705186843872,0.4565589129924774,1
583,1788173665.7450893,-0.3197174367853286,-0.6310446865921189,0.20916582759245453,1.180720397659078,2.911210343237505,0.0003832841468804725,-1.8848593870746058,-2.094653908406393,-1.0971224943744105,-1.5208519140826624,1.5708705186843872,0.45654693245887756,1
584,1788173665.7867773,-0.3197333653305574,-0.6310309740476295,0.20609386025563392,1.1807882831151002,2.91117797501429,2.1101686802518086e-05,-1.884883228932516,-2.0949419180499476,-1.1045768896686,-1.5128791967975062,1.5708585977554321,0.45657089352607727,1
585,1788173665.8275714,-0.3197611551159233,-0.6310987289438751,0.20293270909751054,1.1807908027274396,2.9111842068242035,-0.00036186512392991435,-1.884883228932516,-2.0955055395709437,-1.11184007326235,-1.5048096815692347,1.5708345174789429,0.45657089352607727,1
586,1788173665.8707554,-0.31973070790129304,-0.6310497629633309,0.19967433097177198,1.180735606264267,2.9111980585805974,-5.04738094959661e-06,-1.8848713080035608,-2.096081558858053,-1.1192229429828089,-1.4970768133746546,1.5708585977554321,0.45654693245887756,1
587,1788173665.915185,-0.3197215258992336,-0.6310037005748919,0.19646086021132178,1.1807490101006703,2.9112310933773395,0.00024851838287992816,-1.8848713080035608,-2.0967047850238245,-1.1264374891864222,-1.4894025961505335,1.5708345174789429,0.45654693245887756,1
588,1788173665.956786,-0.3197366189140688,-0.6310860349127175,0.19266467915796007,1.1807004189625983,2.9112112109768677,-0.0002932795863404404,-1.8848593870746058,-2.0975688139544886,-1.1348994413958948,-1.479729954396383,1.5708465576171875,0.4565349519252777,1
589,1788173665.9973674,-0.3197686130988459,-0.6310496744811536,0.18953405811116072,1.180752824117602,2.9111915785429963,-0.00026041142906937595,-1.8849189917193812,-2.0983007589923304,-1.1417787710772913,-1.4721396605121058,1.5708465576171875,0.4565109610557556,1
590,1788173666.0413835,-0.3197438415354826,-0.6310632244447876,0.18633444307961422,1.1807656517408052,2.9111722710050616,-0.0002822201596638609,-1.884883228932516,-2.099140469227926,-1.148681942616598,-1.4643819967852991,1.5708585977554321,0.4565589129924774,1
591,1788173666.0831447,-0.31971966767879134,-0.6310249494784733,0.18244659302587482,1.1807257742739061,2.911223642148325,-9.589752013780253e-05,-1.8848593870746058,-2.100196663533346,-1.1569884459124964,-1.4551399389850062,1.5708345174789429,0.45654693245887756,1
592,1788173666.125646,-0.3197497739412314,-0.6309902432582541,0.1792665878523829,1.1808644861856905,2.911114533435498,-0.00011368703959645094,-1.8849313894854944,-2.1011202971087855,-1.1637242476092737,-1.447465721760885,1.5708825588226318,0.4565828740596771,1
593,1788173666.167405,-0.31975365835682623,-0.6310575775320644,0.17606935526989922,1.1807360359693275,2.911199631377199,-0.00023500833278818886,-1.884895149861471,-2.102271382008688,-1.1701720396624964,-1.4397919813739222,1.5708465576171875,0.45652297139167786,1
594,1788173666.2085643,-0.31972798817993464,-0.6310139677905159,0.17216989218042553,1.1807777726852742,2.911152287278783,0.00020217276017810447,-1.884895149861471,-2.1036399046527308,-1.1780102888690394,-1.4308608214007776,1.570894479751587,0.4565589129924774,1
595,1788173666.2498107,-0.31973632211153846,-0.6310038463750148,0.16885276946469446,1.1807852918559554,2.911171056440377,0.000384626302314256,-1.884907070790426,-2.104899231587545,-1.1845663229571741,-1.4231627623187464,1.5708825588226318,0.45654693245887756,1
596,1788173666.2941184,-0.319730893593023,-0.6310144678077995,0.1656840208581449,1.1807259380342507,2.9112245267187933,0.0001893466719115272,-1.884883228932516,-2.106062714253561,-1.1909549872027796,-1.4154885450946253,1.5708465576171875,0.45652297139167786,1
597,1788173666.3374205,-0.31974723986960735,-0.6310289225644473,0.16253193417970477,1.1807661343574412,2.911223742856124,0.00024029940117142073,-1.884895149861471,-2.107394520436422,-1.1970074812518519,-1.408137623463766,1.5708345174789429,0.4565349519252777,1
598,1788173666.3797946,-0.3198998888950792,-0.6313262045777276,0.1587961341480734,1.1805418718395617,2.9112234869371925,-0.0002976612148154601,-1.8849909941302698,-2.109626118336813,-1.2032635847674769,-1.3993023077594202,1.570894479751587,0.4563068747520447,1
599,1788173666.4221687,-0.3204485281469556,-0.631847549624195,0.15556908097487682,1.1804368976130226,2.9113174906992696,-4.023426759360966e-05,-1.8854945341693323,-2.112913433705465,-1.206428352986471,-1.3930171171771448,1.5708585977554321,0.45571890473365784,1
600,1788173666.4642596,-0.3214029647987581,-0.6330139190742873,0.15250115253044122,1.1804275853740764,2.911298549799528,-0.0005132734878533007,-1.8862736860858362,-2.1178320089923304,-1.2067278067218226,-1.3874972502337855,1.5708585977554321,0.4549387991428375,1
601,1788173666.5071123,-0.3224269305980786,-0.6348829753796957,0.14854055520238638,1.1805851251440542,2.9112383194119986,-0.0001705762875120274,-1.8868368307696741,-2.125126663838522,-1.2054455916034144,-1.381702725087301,1.5708705186843872,0.4544830024242401,1
602,1788173666.549349,-0.3234609301859903,-0.6364124338064608,0.14537967746129454,1.180908712819925,2.9111368893394385,-0.0003650781880383841,-1.8875444571124476,-2.1311610380755823,-1.2041266600238245,-1.3768656889544886,1.5708345174789429,0.45399054884910583,1
603,1788173666.5917842,-0.324647412204936,-0.6377723184235846,0.1420935268909179,1.181376550378412,2.9108916575763275,0.00011179940591939271,-1.8885629812823694,-2.13731557527651,-1.202808682118551,-1.3723285833941858,1.5709065198898315,0.4533067047595978,1
604,1788173666.6339843,-0.32583260636510625,-0.6391278044620725,0.13894712105319237,1.1810503334176907,2.911094436402108,0.00023463476966267398,-1.8895342985736292,-2.1433022657977503,-1.2014182249652308,-1.367814842854635,1.5708465576171875,0.4520944058895111,1
605,1788173666.6757793,-0.32722064261504513,-0.6408129240117884,0.13506171902398953,1.1808524791247201,2.9111624850290445,0.00025672373735651194,-1.890649143849508,-2.150644604359762,-1.1997640768634241,-1.3621400038348597,1.5708585977554321,0.4508465528488159,1
606,1788173666.715667,-0.32845289405053707,-0.6422668521365982,0.1319888199630753,1.1810234461513314,2.9110361995072322,-0.0004375330187323983,-1.891656223927633,-2.1566794554339808,-1.198170010243551,-1.3572548071490687,1.5708825588226318,0.4499705731868744,1
607,1788173666.7534027,-0.32968756230949336,-0.6434749655218299,0.1286978175658363,1.1809822978413875,2.9110916053509013,0.00014262769780339757,-1.8927586714373987,-2.1627381483661097,-1.1968758741961878,-1.352861229573385,1.5708705186843872,0.44883057475090027,1
608,1788173666.7934082,-0.3309288092645313,-0.644636851289193,0.12555423254361617,1.1809317059810613,2.9111239285531134,0.00011966022523701922,-1.8938854376422327,-2.1684606711017054,-1.1958091894732874,-1.3481915632831019,1.5708585977554321,0.4476662278175354,1
609,1788173666.8317688,-0.3320181181361056,-0.6456051934739632,0.12222980394422173,1.1811494432864407,2.9110626488699163,0.0004548354849294849,-1.8948925177203577,-2.173835579548971,-1.1957009474383753,-1.3431394735919397,1.5708465576171875,0.4468022584915161,1
610,1788173666.8693936,-0.33267923306852765,-0.6463194969737114,0.11974659406354166,1.181093616245882,2.9110766197474613,-6.070709231780982e-05,-1.8954442183123987,-2.177434746419088,-1.1964076201068323,-1.3385055700885218,1.5708345174789429,0.4462142884731293,1
611,1788173666.9085457,-0.3333234950013898,-0.6469989272344385,0.1166142567772061,1.18087855638583,2.9111508291267394,-6.185248855958877e-05,-1.8959954420672815,-2.1815136114703577,-1.19794208208193,-1.33289081255068,1.5708465576171875,0.445518434047699,1
612,1788173666.9479637,-0.3339986279504961,-0.6477033765399528,0.11331631331986963,1.180686530100386,2.911233242084129,4.800271015861366e-05,-1.8965709845172327,-2.1858561674701136,-1.1994527021991175,-1.3271077314959925,1.5708465576171875,0.4448098838329315,1
613,1788173666.9875288,-0.3346835368055889,-0.6484076703115716,0.1101492825110533,1.1807867963053944,2.911182544210186,-0.0001987799512102735,-1.8971579710589808,-2.1900556723224085,-1.2009027639972132,-1.3213008085833948,1.5708465576171875,0.44429418444633484,1
614,1788173667.0283291,-0.3353834721718921,-0.6491250268932639,0.10688857658157597,1.1809432300774012,2.911119855868195,-0.0001816318849504362,-1.897757355366842,-2.1944826284991663,-1.2021735350238245,-1.3156140486346644,1.5708465576171875,0.4438020884990692,1
615,1788173667.0678794,-0.336072880150016,-0.6497725665049995,0.10368974493376351,1.1810902669190024,2.911082802389255,5.72512529423004e-05,-1.8983686606036585,-2.1988137404071253,-1.203395191823141,-1.3102143446551722,1.5708345174789429,0.44328638911247253,1
616,1788173667.108193,-0.33676954167255524,-0.6504283849694568,0.10049285662956525,1.1811385142279496,2.9110560249025603,0.00020561089317212546,-1.89899188676943,-2.2031806151019495,-1.2045581976519983,-1.3047784010516565,1.5708465576171875,0.44269803166389465,1
617,1788173667.1474988,-0.33747005564550686,-0.6510642593910918,0.09718599229918129,1.1808225046364915,2.9111812294163664,0.0004668658335260082,-1.8996275107013147,-2.207655731831686,-1.2058046499835413,-1.299222771321432,1.5708585977554321,0.44184601306915283,1
618,1788173667.185697,-0.33827816954743767,-0.6516540868742099,0.09408808003071031,1.1806058104414812,2.9112536787152954,6.969840116529854e-05,-1.9004185835467737,-2.2118428389178675,-1.2070754210101526,-1.293511692677633,1.5708585977554321,0.4409097731113434,1
619,1788173667.2255282,-0.33923307892406435,-0.6521313598657147,0.09096040929591948,1.1807769897088098,2.911180524906072,-2.8365336717595836e-05,-1.9014490286456507,-2.2161014715777796,-1.208249870930807,-1.288016144429342,1.5708585977554321,0.4399978220462799,1
620,1788173667.264065,-0.34023848891494063,-0.6526147321480009,0.08758062606003095,1.180535998315494,2.9112933900378697,0.0003828794875160148,-1.9025400320636194,-2.220804516469137,-1.209256951008932,-1.2825682798968714,1.5708585977554321,0.4387376308441162,1
621,1788173667.302056,-0.3412078892680446,-0.6530232180548752,0.08510455141695622,1.1802825443161993,2.911373953554129,0.00013169955293037858,-1.903619114552633,-2.224487606679098,-1.2096760908709925,-1.2783053557025355,1.5708705186843872,0.43748974800109863,1
622,1788173667.340732,-0.34270418033557637,-0.6535327999654323,0.08191008426825003,1.1804795521818066,2.9113157923335358,1.591112963741907e-05,-1.9053214232074183,-2.229574505482809,-1.209604565297262,-1.273217503224508,1.5708465576171875,0.43591758608818054,1
623,1788173667.3820667,-0.3441982133984479,-0.6538996447603014,0.0786091922619683,1.180438970194437,2.911324537097792,0.0005584912113347206,-1.9070952574359339,-2.234673325215475,-1.2096760908709925,-1.2683919111834925,1.5708705186843872,0.43411770462989807,1
624,1788173667.4218707,-0.3455426674567829,-0.6543236647773604,0.07550259212578336,1.1809675851402868,2.9110793828868005,2.9574658635268363e-05,-1.9086421171771448,-2.2392924467669886,-1.2102034727679651,-1.2629078070269983,1.5708825588226318,0.43294137716293335,1
625,1788173667.462199,-0.34611320658791395,-0.6546702092936635,0.07222554026578207,1.1809336623951179,2.9111496735334366,0.00017334572822776806,-1.9092052618609827,-2.243239227925436,-1.212217156087057,-1.2570412794696253,1.5708345174789429,0.43234139680862427,1
626,1788173667.5039158,-0.34647856974628327,-0.654871450856761,0.06908638523935237,1.180734418151544,2.911214925921048,9.48925918138455e-05,-1.9095881620990198,-2.246514622365133,-1.2150457541095179,-1.2508867422686976,1.5708465576171875,0.43182533979415894,1
627,1788173667.5427701,-0.34659203070124145,-0.654953174885006,0.06583675905628236,1.180690001296204,2.911204141071883,0.0004124923446254841,-1.909708325062887,-2.2495020071612757,-1.2186053434955042,-1.2445405165301722,1.5708825588226318,0.4316815435886383,1
628,1788173667.5828567,-0.3465841770274588,-0.6550025243500323,0.06272536382905122,1.180584775296412,2.9112465334270983,-5.126821523006886e-06,-1.9096720854388636,-2.251997772847311,-1.2227643171893519,-1.2376201788531702,1.5708705186843872,0.43164557218551636,1
629,1788173667.62344,-0.34661603136328467,-0.6550294453856614,0.05949735367250891,1.1806261846154797,2.9111972022797183,-0.0002136241682321174,-1.909708325062887,-2.2546966711627405,-1.2268641630755823,-1.230687443410055,1.570894479751587,0.43164557218551636,1
630,1788173667.6627269,-0.3466118902594979,-0.6550439815314548,0.05635112036806669,1.1806260031651294,2.911196508866444,-0.00023756403141537882,-1.909696404133932,-2.257360283528463,-1.2307828108416956,-1.2240899244891565,1.570894479751587,0.4316575527191162,1
631,1788173667.7009482,-0.3466329964751429,-0.6550199416813006,0.053142559971163156,1.180710775695856,2.9112554137429436,-0.0001553940183900876,-1.909708325062887,-2.2600954214679163,-1.2347376982318323,-1.2174561659442347,1.5708105564117432,0.4316815435886383,1
632,1788173667.7393062,-0.346647043627563,-0.6549866003685197,0.049979894093289345,1.180692582932957,2.911209697715169,-0.00019304827852689688,-1.9097564856158655,-2.262782875691549,-1.2386816183673304,-1.2107985655414026,1.5708585977554321,0.4316335916519165,1
633,1788173667.7795413,-0.34660339573574367,-0.6549854149216207,0.046774188663229105,1.1806501950375,2.911206308897357,-2.6697168801941e-05,-1.909708325062887,-2.265613857899801,-1.2424691359149378,-1.204284969960348,1.5708825588226318,0.4316575527191162,1
634,1788173667.8177497,-0.34658772360679374,-0.655011026096956,0.04345257509007305,1.1805889463677854,2.9112069889951235,2.742156577356236e-05,-1.9096840063678187,-2.268649403248922,-1.2462447325335901,-1.1975072065936487,1.5709065198898315,0.43164557218551636,1
635,1788173667.8568575,-0.3466264027330932,-0.6550243974849255,0.040277499896463675,1.1806821800157543,2.9111853092713225,-0.00027808770931047634,-1.909720245991842,-2.271529022847311,-1.2499602476703089,-1.1907184759723108,1.5708825588226318,0.43166953325271606,1
636,1788173667.897433,-0.34660151089492236,-0.6549166333409677,0.03723488141439857,1.1806967327275897,2.9111695615552455,0.0002249382236149872,-1.9097445646869105,-2.2742398420916956,-1.25348407426943,-1.184803311024801,1.5709065198898315,0.4316575527191162,1
637,1788173667.9387074,-0.34678064114227575,-0.6547745346267222,0.03507431102096292,1.1807342702993642,2.911165522285555,-0.00023772885273621523,-1.910032097493307,-2.276039425526754,-1.2563484350787562,-1.1798456350909632,1.5708825588226318,0.4313931465148926,1
638,1788173667.9783175,-0.3471302047386813,-0.654350388829033,0.0333537564727118,1.1809200262986812,2.911125775626854,6.948898592410421e-05,-1.9106672445880335,-2.2772634665118616,-1.2588895002948206,-1.1762774626361292,1.5708585977554321,0.43087708950042725,1
639,1788173668.0159981,-0.34756117922862906,-0.6539359416014401,0.03272132860297838,1.1811600577261183,2.911018016107248,-0.0002657872475387228,-1.9114106337176722,-2.277395550404684,-1.2604597250567835,-1.174361530934469,1.5708585977554321,0.43030110001564026,1
640,1788173668.0547652,-0.34823162601145397,-0.6532266296904741,0.03244143192072063,1.1814336394262408,2.91089583570881,-0.0006415417486093303,-1.9125974814044397,-2.2768433729754847,-1.2622693220721644,-1.1728647390948694,1.5708585977554321,0.42930489778518677,1
641,1788173668.0946016,-0.3490769921827577,-0.6518284917205595,0.03225630657589007,1.1811481300542803,2.911004661462114,-1.8326574840197453e-05,-1.914335076008932,-2.2752721945392054,-1.2654460112201136,-1.1716554800616663,1.5708825588226318,0.4273728132247925,1
642,1788173668.135471,-0.3498586006015298,-0.6504362098330138,0.0324192286562584,1.1812240177963755,2.9109975898596674,-9.714792936269226e-05,-1.9159773031817835,-2.2731245199786585,-1.2687895933734339,-1.170410458241598,1.5708585977554321,0.42577704787254333,1
643,1788173668.1764019,-0.35011304594499465,-0.6498077542848918,0.03231668436877605,1.1807814168555668,2.9112123492411297,0.00023956447582757157,-1.916589085255758,-2.272320572529928,-1.2704318205462855,-1.1697877089129847,1.5708345174789429,0.42485275864601135,1
644,1788173668.2178295,-0.3500756240313377,-0.6497981515584033,0.03234522792881844,1.1806146359415615,2.911253008412636,0.00020363501725295246,-1.9165528456317347,-2.272224728261129,-1.2705276648150843,-1.1697638670550745,1.5708585977554321,0.42478087544441223,1
645,1788173668.2590034,-0.35006999001973305,-0.6498000776092613,0.032183518621077156,1.1806534138484164,2.9112482385781058,0.00012804854853578439,-1.9165409247027796,-2.2723568121539515,-1.2707555929767054,-1.1693561712848108,1.5708465576171875,0.4248168170452118,1
646,1788173668.2982552,-0.35001562071830405,-0.6497665627801921,0.031173226205830573,1.180510691035362,2.911246165605505,0.00030539785025894496,-1.9165051619159144,-2.2732566038714808,-1.2719419638263147,-1.1673806349383753,1.5709065198898315,0.42476886510849,1
647,1788173668.3386738,-0.3500590031206541,-0.6497695765380499,0.029455440139817823,1.1806172299790025,2.911259173290203,-9.661217742884095e-06,-1.9165409247027796,-2.274888340626852,-1.2738836447345179,-1.1636088530169886,1.5708465576171875,0.4247928559780121,1
648,1788173668.3787405,-0.350039564879128,-0.6497655419933481,0.026703249870330237,1.180675799255446,2.911203023426808,0.0002290754192615224,-1.9165290037738245,-2.277623478566305,-1.2766640822040003,-1.1582439581500452,1.5708825588226318,0.42485275864601135,1
649,1788173668.4195073,-0.3500503153763904,-0.6497711346926702,0.023360329126820345,1.1806028041195935,2.911273406402256,0.00029943617127131124,-1.9165290037738245,-2.280982796345846,-1.280020538960592,-1.151574436818258,1.5708465576171875,0.4247928559780121,1
650,1788173668.4618392,-0.3500560715797354,-0.6497438734250075,0.02020906431888264,1.1806697830589343,2.911238744031185,0.0005030039465925099,-1.9165528456317347,-2.2841618696795862,-1.2831490675555628,-1.1453960577594202,1.5708585977554321,0.4248168170452118,1
651,1788173668.5029373,-0.35005712084337665,-0.6497629271793592,0.017397507168875503,1.1806415113022093,2.911219111859058,0.00030989934981846416,-1.9165528456317347,-2.2870171705829065,-1.2859776655780237,-1.1395881811725062,1.5708825588226318,0.42480483651161194,1
652,1788173668.5433602,-0.350097361998357,-0.6498503861245013,0.015070562814916505,1.180595455297741,2.911255957881,-0.0004519758324907482,-1.9165528456317347,-2.289429012929098,-1.2883389631854456,-1.1343310515033167,1.5708465576171875,0.42476886510849,1
653,1788173668.5836914,-0.3500891406220519,-0.6498089694730095,0.012496494361163901,1.180683702625514,2.9112212857290927,6.66759725874651e-05,-1.916565243397848,-2.292151753102438,-1.2906282583819788,-1.1296489874469202,1.5708585977554321,0.4248168170452118,1
654,1788173668.6247046,-0.3501123587641223,-0.6498396329285729,0.010916630000594951,1.1806684540591945,2.911234025332192,-0.0001705722187941713,-1.916577164326803,-2.2938316504107874,-1.292114559804098,-1.1263321081744593,1.5708465576171875,0.4247928559780121,1
655,1788173668.665567,-0.3500980071781756,-0.6497822306541329,0.010275809540564007,1.1806670746751124,2.911230847773207,0.00017070302530397424,-1.916589085255758,-2.294467274342672,-1.2927258650409144,-1.1253021399127405,1.5708585977554321,0.42478087544441223,1
656,1788173668.7063475,-0.3501275949742216,-0.6498401086868685,0.010423700512370015,1.180694110502093,2.911247460581556,-0.0002454055939280337,-1.916589085255758,-2.294347111378805,-1.2925942579852503,-1.1252902189837855,1.5708225965499878,0.4247928559780121,1
657,1788173668.7445416,-0.35012501342249475,-0.6498138705439354,0.010330420616618513,1.1807125919230639,2.911193382222861,-5.5328133747446254e-05,-1.9166129271136683,-2.294442955647604,-1.2926538626300257,-1.125253979359762,1.5708705186843872,0.4247928559780121,1
658,1788173668.7826514,-0.350119213350259,-0.6498410928779348,0.01040594710140827,1.1806809496911865,2.9112150185542998,-0.00020500063614274465,-1.916589085255758,-2.2943714300738733,-1.2925942579852503,-1.1252902189837855,1.5708585977554321,0.4247928559780121,1
659,1788173668.8210785,-0.35012845771111123,-0.6498234301820995,0.010208133199547526,1.1807284370196502,2.9111823965249797,-0.00022297139938314798,-1.9166129271136683,-2.294551197682516,-1.2928336302386683,-1.1248591581927698,1.5708705186843872,0.42480483651161194,1
660,1788173668.859493,-0.3501064494949335,-0.6497623462827142,0.009075791619910373,1.1807329530112038,2.911193484051596,0.00025301893154212874,-1.9166129271136683,-2.295727554951803,-1.2938407103167933,-1.122978989277975,1.5708705186843872,0.42480483651161194,1
661,1788173668.898476,-0.350093222283593,-0.6497594151212733,0.0073469586956530775,1.1806768043100377,2.9112049932235413,0.000317379036391665,-1.9166010061847132,-2.297562901173727,-1.2954228560077112,-1.1196020285235804,1.5708825588226318,0.42478087544441223,1
662,1788173668.937508,-0.3501100767882671,-0.6497643848605005,0.004850467995345054,1.1807536142682729,2.9111943711083232,0.00011981123853336768,-1.9166129271136683,-2.3002141157733362,-1.2977598349200647,-1.1144889036761683,1.5708585977554321,0.4248168170452118,1
663,1788173668.9783118,-0.35007569686279855,-0.6497621162212819,0.0015670064095199276,1.1806937671645923,2.911196256589581,0.0002485288017293849,-1.916577164326803,-2.303765122090475,-1.3006604353534144,-1.1081183592425745,1.5708825588226318,0.4248168170452118,1
664,1788173669.0185578,-0.3500977448181249,-0.6498056712938476,-0.0006713619663841208,1.1806684686697004,2.911184240280094,-9.799595262456663e-05,-1.916589085255758,-2.3062365690814417,-1.3026259581195276,-1.1034601370440882,1.570894479751587,0.4247928559780121,1
665,1788173669.0592477,-0.3501247708434745,-0.6497632774259535,-0.0021753751958566436,1.1807447268438318,2.911222783294118,7.565739347959087e-05,-1.9166248480426233,-2.307880226765768,-1.3039091269122522,-1.1006463209735315,1.5708345174789429,0.4247928559780121,1
666,1788173669.0989842,-0.3501230582663685,-0.6498597947898573,-0.002796361520561813,1.180656722845778,2.911205381168397,-0.0004467454817244927,-1.916589085255758,-2.3086240927325647,-1.3044241110431116,-1.099053208027975,1.5708705186843872,0.42478087544441223,1
667,1788173669.1387062,-0.35013129422552924,-0.6499003043752273,-0.0027169658100292815,1.180676036102113,2.911202697399827,-0.0007288856663847474,-1.916577164326803,-2.308552090321676,-1.3043764273272913,-1.0989936033831995,1.5708585977554321,0.42480483651161194,1
668,1788173669.1760986,-0.3501394118705178,-0.6498890483387735,-0.002727928517897854,1.180750765385548,2.911186903740628,-0.0006735035750395992,-1.916589085255758,-2.308564011250631,-1.3043764273272913,-1.0990174452411097,1.5708465576171875,0.4248407781124115,1
669,1788173669.2158446,-0.35015252722670515,-0.6498997740471956,-0.002718069366932252,1.1806974649955448,2.9112059518983324,-0.0007678063192782718,-1.9166010061847132,-2.308564011250631,-1.3043645063983362,-1.0989692846881312,1.5708465576171875,0.4247928559780121,1
670,1788173669.2561154,-0.3501527324125903,-0.6498908047298362,-0.0027127543014691113,1.180723607288472,2.9111705384011466,-0.0007288942459918109,-1.9166129271136683,-2.308552090321676,-1.3043645063983362,-1.0990050474749964,1.5708705186843872,0.42480483651161194,1
671,1788173669.2958887,-0.3500809069092469,-0.6498399219548845,-0.002782443915849059,1.180953400831249,2.9111345974657405,-0.0005253049391465744,-1.9165290037738245,-2.3085039297686976,-1.3046157995807093,-1.098933521901266,1.5708225965499878,0.42503291368484497,1
672,1788173669.334832,-0.34966906404936965,-0.6497309467440128,-0.0029254767873903575,-1.18133199834567,-2.9110126914770738,-1.878731169465014e-05,-1.916037384663717,-2.3081563154803675,-1.3055627981769007,-1.0986822287188929,1.5707865953445435,0.42577704787254333,1
673,1788173669.3726034,-0.3491857521502244,-0.6496790820676068,-0.00294590029137326,-1.1814712617598377,-2.9109530037031335,-0.00013103450088473268,-1.9154380003558558,-2.3076041380511683,-1.306605641041891,-1.0982630888568323,1.5707865953445435,0.42647287249565125,1
674,1788173669.412865,-0.34819562398888715,-0.6496700194151703,-0.002926862816054726,-1.181111310360377,-2.9111108882486683,-0.00016847567738079565,-1.9141677061664026,-2.3065484205829065,-1.3084633986102503,-1.0974844137774866,1.570798635482788,0.42749303579330444,1
675,1788173669.450621,-0.3466157118553832,-0.6496940749007785,-0.002930197228229514,1.1809338819764807,2.91116591724968,-0.0001307693257760496,-1.9121177832232874,-2.3048928419696253,-1.3115323225604456,-1.095879856740133,1.5708105564117432,0.42942512035369873,1
676,1788173669.4909744,-0.3450014510506879,-0.6496831844271589,-0.002919106797477644,1.180554890359033,2.911324189162802,1.892942881549999e-05,-1.910032097493307,-2.303237263356344,-1.3144806067096155,-1.094682518635885,1.5708105564117432,0.43124935030937195,1
677,1788173669.528759,-0.34389517687483545,-0.6496214006413247,-0.00290877108356577,-1.180542078305768,-2.9113355718119656,5.913759981469604e-05,-1.9086177984820765,-2.3019536177264612,-1.3167937437640589,-1.0936043898211878,1.5707865953445435,0.43265336751937866,1
678,1788173669.5681176,-0.34350733058870037,-0.6495939189751694,-0.002926863190291812,1.1808674780447281,2.9111844126351665,1.838370895036185e-05,-1.9081381003009241,-2.3015459219561976,-1.3175724188434046,-1.093281094227926,1.5708225965499878,0.4333612024784088,1
679,1788173669.6082191,-0.34353418744428826,-0.6496170943034193,-0.002914799226785836,1.1808145714596219,2.9112028117499102,-7.438808620348826e-05,-1.9081624189959925,-2.301581684743063,-1.317488972340719,-1.0932696501361292,1.5708225965499878,0.43330127000808716,1
680,1788173669.6481318,-0.3435555986021382,-0.6496078394296972,-0.0029106009814124922,1.1807923885052347,2.9111989373637894,-7.424074471575205e-05,-1.9081981817828577,-2.301581684743063,-1.317477051411764,-1.093281094227926,1.5708345174789429,0.43325334787368774,1
681,1788173669.6869922,-0.3435681597898247,-0.6495927297505372,-0.0029257191095091173,1.1808413052624385,2.9112196474775494,-2.0082263885200602e-05,-1.9082101027118128,-2.301593605672018,-1.317488972340719,-1.0932934919940394,1.570798635482788,0.4332653284072876,1
682,1788173669.7245364,-0.3435557044368467,-0.6496192099678535,-0.0028793301371215496,-1.1807665240312615,-2.911234799946154,0.0001535599487081491,-1.9081743399249476,-2.3015459219561976,-1.3174651304828089,-1.093281094227926,1.5707746744155884,0.43325334787368774,1
683,1788173669.76498,-0.34358253617909024,-0.6496157597185557,-0.0028862840206018703,1.1808703221154973,2.911191302662366,-0.00013215561671612696,-1.9082220236407679,-2.301581684743063,-1.3174169699298304,-1.0933054129229944,1.5708105564117432,0.43327730894088745,1
684,1788173669.8059306,-0.34354683328743313,-0.6496186686436128,-0.002918537962493084,1.1807494214811918,2.911242832837318,-5.659239067056495e-05,-1.9081743399249476,-2.301605526600973,-1.3174532095538538,-1.0932934919940394,1.5708105564117432,0.4332413375377655,1
685,1788173669.8453372,-0.3435596492249607,-0.6496028609121034,-0.0028955770588422747,1.1808013936779538,2.9112211367926935,-7.529628572996205e-05,-1.9081981817828577,-2.3015578428851526,-1.317477051411764,-1.0933054129229944,1.5708105564117432,0.43325334787368774,1
686,1788173669.883271,-0.34354851592311,-0.6496152435032612,-0.0029064932399480714,1.1807886036789368,2.9112391728899594,-7.619350595775609e-05,-1.9081743399249476,-2.301581684743063,-1.3174651304828089,-1.0932934919940394,1.570798635482788,0.4332653284072876,1
687,1788173669.9222195,-0.34352780912551983,-0.6496167785133264,-0.0029245455843547874,1.1807847225513468,2.911229106134202,-3.863593239627196e-05,-1.9081504980670374,-2.301593605672018,-1.317488972340719,-1.093281094227926,1.5708105564117432,0.4332892894744873,1
688,1788173669.9623208,-0.3435219094631085,-0.6496082636231484,-0.0029618455114207853,1.1808338265998393,2.9111999618054942,7.598999232067225e-05,-1.9081504980670374,-2.3016417662249964,-1.317488972340719,-1.0933054129229944,1.5708225965499878,0.43332523107528687,1
689,1788173670.0015318,-0.3435224057296455,-0.6496285939233413,-0.0029064932174426295,1.1807662544470638,2.9112353866561995,-7.529503499104065e-05,-1.9081381003009241,-2.301581684743063,-1.3174651304828089,-1.0932934919940394,1.5708105564117432,0.4332892894744873,1
690,1788173670.0424547,-0.3435370439915524,-0.6496265794257284,-0.002898187062283175,-1.180787745069916,-2.9112365564213096,7.710010188491271e-05,-1.9081504980670374,-2.301581684743063,-1.3174412886248987,-1.0933173338519495,1.5707865953445435,0.4332892894744873,1
691,1788173670.0806873,-0.3435271885189964,-0.6496257022346075,-0.0029004438941776234,-1.1808390254803114,-2.9112145246307737,3.969296286662895e-05,-1.9081381003009241,-2.301581684743063,-1.3174412886248987,-1.0933411757098597,1.5707865953445435,0.4333372116088867,1
692,1788173670.1214566,-0.34352204246010215,-0.6496275582262568,-0.0029151563062206343,1.1808013475097203,2.911221769904845,-5.6591034623087127e-05,-1.9081381003009241,-2.301593605672018,-1.3174651304828089,-1.0932934919940394,1.5708105564117432,0.433313250541687,1
693,1788173670.1628656,-0.3434986370402316,-0.6496238683958446,-0.002927975736543631,-1.1808205508169805,-2.9112201664264483,-1.6417753228058077e-05,-1.9081018606769007,-2.301593605672018,-1.317488972340719,-1.0933173338519495,1.5707865953445435,0.4333612024784088,1
694,1788173670.201044,-0.3435297637343874,-0.6496223509660443,-0.0028974731681017385,1.1809234235552566,2.9111703973219933,-0.00011270125286717165,-1.9081504980670374,-2.3015578428851526,-1.317488972340719,-1.0932696501361292,1.5708105564117432,0.4333851635456085,1
695,1788173670.2399924,-0.34350983261816664,-0.649636873082963,-0.002883117714891581,1.1809115421299619,2.911189301084721,-7.619278297921481e-05,-1.908114258443014,-2.3015578428851526,-1.3174412886248987,-1.0933411757098597,1.570798635482788,0.4334098696708679,1
696,1788173670.2797387,-0.34350451297809265,-0.6496382341529022,-0.002909517742479356,1.1808489288665305,2.911188254576466,-9.308894576672913e-05,-1.908114258443014,-2.301581684743063,-1.317477051411764,-1.0932696501361292,1.5708225965499878,0.43337318301200867,1
697,1788173670.3195379,-0.3435119596987447,-0.6496249856553532,-0.002937763747824229,1.1809252794817098,2.91117335136287,-4.787053569696791e-07,-1.908126179371969,-2.301617447529928,-1.317477051411764,-1.0932934919940394,1.5708105564117432,0.4334098696708679,1
698,1788173670.3595095,-0.34351572058032714,-0.6496357084997242,-0.002906850189985405,1.1809420719388126,2.9111646853024076,-5.658952307073756e-05,-1.908126179371969,-2.301593605672018,-1.3174412886248987,-1.0933173338519495,1.5708105564117432,0.4334218502044678,1
699,1788173670.399644,-0.3435290751631563,-0.6496107422347296,-0.0029196695670860584,1.1810041678178527,2.911116138534399,2.0031848813011765e-05,-1.9081624189959925,-2.301593605672018,-1.3174651304828089,-1.0933411757098597,1.5708345174789429,0.43343386054039,1
700,1788173670.4383185,-0.3435000078316395,-0.6496277770346193,-0.0029328877362694294,-1.180925872178628,-2.911176183043645,-5.457261803254717e-05,-1.9081018606769007,-2.301617447529928,-1.3174532095538538,-1.093353573475973,1.5707865953445435,0.43343386054039,1
701,1788173670.4797885,-0.3434952624020174,-0.6496321989146469,-0.002925719056602216,-1.1808699937890434,-2.9111884975274576,2.1889570695415536e-05,-1.9080899397479456,-2.301593605672018,-1.317488972340719,-1.0932934919940394,1.5707746744155884,0.4334098696708679,1
702,1788173670.5196815,-0.3435063644679758,-0.6496352077416836,-0.0029121316606361136,1.1809074967553714,2.911179328971646,-3.788589876731921e-05,-1.908114258443014,-2.301593605672018,-1.3174532095538538,-1.0933173338519495,1.5708105564117432,0.4334098696708679,1
703,1788173670.5583994,-0.3435119457543093,-0.6496263694345691,-0.0029377637174228255,-1.1809051764338736,-2.9111736081434194,3.185558483365941e-06,-1.908114258443014,-2.301617447529928,-1.317477051411764,-1.0932934919940394,1.5707746744155884,0.4334098696708679,1
704,1788173670.5973833,-0.3435086696370857,-0.6496239103992135,-0.0029008585062736125,1.1808841506651626,2.9111752036826144,-5.568180320177735e-05,-1.908126179371969,-2.3015578428851526,-1.317488972340719,-1.0933054129229944,1.5708225965499878,0.4333851635456085,1
705,1788173670.6377912,-0.34350078626304525,-0.6496299966335708,-0.0029302290904199557,-1.1808556439443187,-2.9112065497176633,2.286134745844112e-06,-1.9081018606769007,-2.301605526600973,-1.317477051411764,-1.0933054129229944,1.5707865953445435,0.4333851635456085,1
706,1788173670.6770551,-0.3435152545237825,-0.649626156722368,-0.0029204377481470145,1.1809118861707986,2.911190398297074,-3.8785434641619823e-05,-1.908126179371969,-2.301593605672018,-1.317477051411764,-1.0932934919940394,1.570798635482788,0.43339788913726807,1
707,1788173670.7159302,-0.34351669219178055,-0.649630255732092,-0.002898958602698287,1.1808754936084398,2.9112039250441697,-7.619293532240518e-05,-1.908126179371969,-2.3015697638141077,-1.3174651304828089,-1.0933054129229944,1.570798635482788,0.43337318301200867,0
708,1788173670.7548368,-0.3434890103328281,-0.6496309011441125,-0.0029517079489713716,1.1808599965071989,2.9112139177421694,3.6029521508021585e-05,-1.9080899397479456,-2.301629368458883,-1.317488972340719,-1.0932934919940394,1.570798635482788,0.43339788913726807,0
709,1788173670.7936013,-0.34351058785732774,-0.6496579446431416,-0.0028719368379944155,-1.1809984517809133,-2.911154846575073,0.00019081997116942578,-1.9081018606769007,-2.3015578428851526,-1.3174288908587855,-1.093281094227926,1.5707865953445435,0.43348178267478943,0
710,1788173670.8321462,-0.34352629730372874,-0.6496576413645133,-0.002824165313552396,1.180978863389629,2.9111551306791794,-0.00028342915005692156,-1.908126179371969,-2.301497761403219,-1.3174169699298304,-1.0932934919940394,1.570798635482788,0.43344584107398987,0
711,1788173670.8729966,-0.34352234969934775,-0.6496725625440293,-0.002821090418021366,1.1809785086406457,2.911154007248456,-0.000321584278497143,-1.908114258443014,-2.301509682332174,-1.3173931280719202,-1.093281094227926,1.570798635482788,0.4334578216075897,0
712,1788173670.911086,-0.34352836006321696,-0.6496800507935648,-0.002800376233647567,1.1810032162485808,2.9111150536199744,-0.00041329045596387676,-1.908126179371969,-2.301485840474264,-1.3173931280719202,-1.0932453314410608,1.5708225965499878,0.4334698021411896,0
713,1788173670.94891,-0.3435463540984462,-0.6496531218871908,-0.0028335503950799867,1.1810009060294766,2.911157905861289,-0.00032249430753685654,-1.9081504980670374,-2.301509682332174,-1.3174288908587855,-1.0932453314410608,1.5707865953445435,0.43343386054039,0
714,1788173670.988242,-0.3435235042733264,-0.6496782448392251,-0.0028143222263216916,-1.1809043769234462,-2.9111733637730777,0.0003804109548417341,-1.9081018606769007,-2.301497761403219,-1.3174050490008753,-1.0932453314410608,1.5707626342773438,0.4334218502044678,0
715,1788173671.0284863,-0.3435626954865497,-0.6496749605861007,-0.002801499187290002,-1.1810064762880275,-2.911121553125279,0.0004561228880289936,-1.9081504980670374,-2.301497761403219,-1.3173812071429651,-1.0932214895831507,1.5707507133483887,0.43344584107398987,0
716,1788173671.0676363,-0.3435406257558827,-0.6496557896748323,-0.0028158585256483903,-1.1809431228977199,-2.911167515852034,0.0002852366120611921,-1.9081381003009241,-2.301497761403219,-1.3173931280719202,-1.0933173338519495,1.5707746744155884,0.4334098696708679,0
717,1788173671.1077251,-0.3435297102866621,-0.6496673722970302,-0.002816625389337163,1.180925857526424,2.9111747773901913,-0.0003395403196561892,-1.908126179371969,-2.301497761403219,-1.3174050490008753,-1.0932696501361292,1.570798635482788,0.4334098696708679,0
718,1788173671.1463156,-0.34351647035541966,-0.6496843669592597,-0.002810168846019423,-1.1808695861754142,-2.9111874762413916,0.00038041094107113364,-1.9080899397479456,-2.301497761403219,-1.3173931280719202,-1.093257252370016,1.5707626342773438,0.4334098696708679,0
719,1788173671.184481,-0.3435379352811366,-0.6496563417155535,-0.0028143278634539526,1.1810002977738323,2.9111581499182635,-0.00032249430480535196,-1.9081381003009241,-2.301485840474264,-1.3174169699298304,-1.093281094227926,1.5707865953445435,0.43344584107398987,0
720,1788173671.223339,-0.3435062842180107,-0.649671851261269,-0.0028229913256477,1.1809649595185916,2.911172158966086,-0.00030379056388722393,-1.9080899397479456,-2.301497761403219,-1.3174169699298304,-1.093281094227926,1.5707865953445435,0.4334698021411896,0
721,1788173671.2631092,-0.34350396393599314,-0.649647363152108,-0.0027861410692060773,1.1809102707248318,2.9111879106666083,-0.00013380001213967734,-1.9081018606769007,-2.3014496008502405,-1.31736928621401,-1.0934847036944788,1.570798635482788,0.4334218502044678,0
722,1788173671.3023033,-0.3435022764199651,-0.6496056823659554,-0.0019450834113502735,1.1815139004670294,2.910920137213109,-4.1457711138698716e-05,-1.908126179371969,-2.3004539648639124,-1.3167460600482386,-1.095161263142721,1.5708225965499878,0.43381771445274353,0
723,1788173671.342261,-0.34348177348759373,-0.6495223919941774,-0.00043081044140308444,-1.1821605234069172,-2.9106597195340744,-0.0005124197620694936,-1.908126179371969,-2.2987263838397425,-1.315439526234762,-1.0985501448260706,1.5707865953445435,0.4342615008354187,0
724,1788173671.3816838,-0.34343222571953735,-0.6494758693442271,0.0019001445573027798,1.1830352208835908,2.9103102624156563,0.0009763456673792592,-1.9081018606769007,-2.2961352507220667,-1.3133776823626917,-1.1034958998309534,1.5708465576171875,0.4348854422569275,0
725,1788173671.4214842,-0.3434327456177637,-0.6495296961079339,0.004916558206829347,1.1834526086969628,2.9101352063416974,0.0008125131366309669,-1.9080780188189905,-2.2929075399981897,-1.3106210867511194,-1.1093757788287562,1.5708465576171875,0.4351974129676819,0
726,1788173671.461861,-0.3434864370748903,-0.6495949182931946,0.008331613323999537,1.1834670621534755,2.9101197205023754,0.00013753790411508016,-1.908114258443014,-2.289236370717184,-1.3076241652118128,-1.1156142393695276,1.5708345174789429,0.4351734220981598,0
727,1788173671.502146,-0.34343991638395743,-0.6495763197502152,0.011570789263957826,1.1834124193348685,2.910136073803001,0.00035017915277980193,-1.9080660978900355,-2.285757366810934,-1.3046396414386194,-1.1222127119647425,1.5708465576171875,0.43518543243408203,0
728,1788173671.5410964,-0.3434750045101424,-0.6496061534461071,0.014773308090397952,1.1834575717432587,2.9100979940027774,0.00015060945716260831,-1.9081018606769007,-2.2824342886554163,-1.3015597502337855,-1.1284878889666956,1.5708585977554321,0.43518543243408203,0
729,1788173671.5809972,-0.34345452893813744,-0.6496096837408467,0.017933673369501996,1.1833627354835956,2.910163906078704,0.00018990628999924307,-1.9080660978900355,-2.279146973286764,-1.2985032240497034,-1.1348579565631312,1.5708345174789429,0.4351494610309601,0
730,1788173671.6221066,-0.34344217919494885,-0.6496076102557605,0.02120371053340467,1.1834147028212363,2.9100917316020585,0.0002160409635144289,-1.9080660978900355,-2.275787655507223,-1.2952788511859339,-1.1414559523211878,1.5708825588226318,0.4351974129676819,0
731,1788173671.6610718,-0.3434561762566407,-0.6496143813956436,0.024467985942950382,1.1833778294110904,2.910151076140596,-9.090472476059954e-06,-1.9080660978900355,-2.2724526564227503,-1.2920783201800745,-1.1478503386126917,1.5708345174789429,0.43516144156455994,0
732,1788173671.6992812,-0.34346520891149496,-0.6496746264878809,0.027656774420669744,1.1833529199906285,2.910139546431224,-0.0002655120231175999,-1.9080541769610804,-2.2693336645709437,-1.2887228170977991,-1.1541608015643519,1.5708465576171875,0.43516144156455994,0
733,1788173671.7400382,-0.3434563202095361,-0.6496658091855904,0.030818972796103322,1.183311959151487,2.9101387162503074,-1.6049622694255474e-05,-1.9080541769610804,-2.2662623564349573,-1.2852824370013636,-1.160830322896139,1.5708705186843872,0.43513748049736023,0
734,1788173671.7792172,-0.3434492637642507,-0.6496718661432442,0.0340592806500081,1.183311869501514,2.9101382486947327,-3.101019251194634e-05,-1.9080422560321253,-2.263118569050924,-1.2818062941180628,-1.1674407164203089,1.5708705186843872,0.4351494610309601,0
735,1788173671.8184075,-0.34348767648253675,-0.6496863364775135,0.037310013000796255,1.183403851663398,2.910115425641899,-0.0003665061145388789,-1.9080780188189905,-2.259987179433004,-1.2783425490008753,-1.1738231817828577,1.5708465576171875,0.4351734220981598,0
736,1788173671.8597684,-0.3434685863280532,-0.6496580778236009,0.04041368741755985,1.18340781126355,2.9101247682367513,-4.1828866575355785e-05,-1.9080660978900355,-2.2570722738849085,-1.2748068014727991,-1.1804807821856897,1.5708465576171875,0.43518543243408203,0
737,1788173671.9037378,-0.3434500778394209,-0.6495874268505358,0.0435166670388788,1.1834087077555853,2.9101273072412854,0.000431898041231942,-1.9080780188189905,-2.2541568914996546,-1.2712586561786097,-1.1872456709491175,1.5708585977554321,0.4351734220981598,0
738,1788173671.9429243,-0.34346063155637885,-0.6496422763056148,0.04681626227479446,1.1833901880551612,2.910081800671904,7.487353837652307e-06,-1.9080780188189905,-2.251145664845602,-1.2674954573260706,-1.1937478224383753,1.570894479751587,0.4351734220981598,0
739,1788173671.9839845,-0.3434676066817961,-0.6496112348312453,0.05004071454000822,1.1834215096659795,2.910109112070611,4.5126814137468326e-05,-1.9080899397479456,-2.2481940428363245,-1.2637675444232386,-1.2004531065570276,1.5708585977554321,0.4351734220981598,0
740,1788173672.0271032,-0.34344645076924124,-0.6495853080301617,0.05380064431576115,1.1834030132606697,2.910113307276122,0.00032957406560262583,-1.9080780188189905,-2.244870964680807,-1.2591889540301722,-1.2085354963885706,1.5708705186843872,0.4351734220981598,0
741,1788173672.0688303,-0.3434717388069179,-0.649667067738567,0.05702712164713794,1.183336707512436,2.91014987658968,-0.00015479452095340933,-1.9080660978900355,-2.2421239058123987,-1.2552102247821253,-1.2149537245379847,1.5708465576171875,0.43513748049736023,0
742,1788173672.1127882,-0.3434567239138567,-0.6496600775742595,0.06026638604400997,1.1833112957603023,2.9101867999222994,-0.00013419287127409954,-1.9080422560321253,-2.239328686391012,-1.2512067000018519,-1.221766773854391,1.5708225965499878,0.43513748049736023,0
743,1788173672.1566815,-0.34344248761107193,-0.6496098296499803,0.06412193954119391,1.183357581780445,2.9101509844376032,0.00013023490233297002,-1.9080541769610804,-2.2360528151141565,-1.2463281790362757,-1.2300885359393519,1.5708465576171875,0.43516144156455994,0
744,1788173672.1986868,-0.3434670874706095,-0.6496551452586614,0.06735805159901312,1.1833323446137773,2.910188852337195,-0.00020544133870480986,-1.9080541769610804,-2.2334139982806605,-1.2421453634845179,-1.2366979757892054,1.5708105564117432,0.43513748049736023,0
745,1788173672.2410283,-0.3434781160345987,-0.6496425435059776,0.0704957579847032,1.1834163889403082,2.910146233927359,-6.985547335515794e-05,-1.9080780188189905,-2.23090631166567,-1.2379382292376917,-1.2434986273394983,1.5708225965499878,0.4351734220981598,0
746,1788173672.284501,-0.3434422994130574,-0.6496258245211691,0.07433597628585023,1.1833308187538993,2.9101351255653802,0.00010514328230102309,-1.9080541769610804,-2.227846924458639,-1.2327845732318323,-1.2518208662616175,1.5708705186843872,0.4351494610309601,0
747,1788173672.3262103,-0.3434378135067189,-0.6496415990610901,0.0775744977205533,1.1833061410158672,2.9101758649414693,-0.00013851214372298385,-1.908029858266012,-2.2252915541278284,-1.2284696737872522,-1.2585375944720667,1.5708345174789429,0.4351494610309601,0
748,1788173672.3695207,-0.3434349357092502,-0.6495965999700937,0.08146156394593188,1.1833525685928257,2.910138657218961,9.001412606181296e-05,-1.9080541769610804,-2.222316567097799,-1.2230642477618616,-1.2670624891864222,1.5708585977554321,0.43516144156455994,0
749,1788173672.4156067,-0.34344256206713786,-0.6496279140789671,0.08455736313803189,1.1833443343179961,2.9101681207332706,9.265295345391869e-05,-1.9080422560321253,-2.2200968901263636,-1.2185452620135706,-1.273804012929098,1.5708345174789429,0.43516144156455994,0
750,1788173672.4570658,-0.3434714746136999,-0.6496746209513493,0.08839220134783676,1.1833494414914298,2.9101312368637804,-0.00016808212070830154,-1.9080660978900355,-2.2173731962787073,-1.2129600683795374,-1.281945530568258,1.5708585977554321,0.4351494610309601,0
751,1788173672.497843,-0.343449353546007,-0.6496459415522488,0.09159305068984716,1.1833473000097696,2.9101257057641905,2.4349142156202e-05,-1.9080541769610804,-2.215081516896383,-1.208273712788717,-1.2890456358539026,1.5708705186843872,0.43516144156455994,0
752,1788173672.5373826,-0.3434401974477354,-0.649629477568578,0.09478331512877838,1.183322908791032,2.9101653851474922,0.00013921218503848266,-1.9080422560321253,-2.2128623167621058,-1.203515354787008,-1.2960975805865687,1.5708465576171875,0.4351494610309601,0
753,1788173672.57632,-0.34343768574936234,-0.6496471537496992,0.0980392037165286,1.183305432619861,2.9101224374660326,-0.0001916730984702504,-1.9080422560321253,-2.21059495607485,-1.198745075856344,-1.30292255083193,1.5708825588226318,0.4351494610309601,0
754,1788173672.6160715,-0.3434471931127654,-0.649648087317636,0.10057251565436665,1.1833056379149642,2.910123188079743,-0.00016698772893479786,-1.9080541769610804,-2.2089389006244105,-1.1948140303241175,-1.3085253874408167,1.5708825588226318,0.43513748049736023,0
755,1788173672.6573708,-0.3434408228582703,-0.6496750220296247,0.103671126972495,1.1832600838004972,2.910162503144658,6.399777063498745e-05,-1.908029858266012,-2.2070558706866663,-1.1897442976581019,-1.3156259695636194,1.5708705186843872,0.4351254999637604,0
756,1788173672.6982534,-0.3434680806422931,-0.6496566357176845,0.10757648552239427,1.183355364913016,2.910145793282376,-5.080758187388887e-05,-1.9080660978900355,-2.204548184071676,-1.1836555639850062,-1.3241503874408167,1.5708465576171875,0.4351494610309601,0
757,1788173672.738215,-0.343447856347376,-0.6495989620856271,0.11080242710288504,1.183410847276254,2.91013221688124,0.00021626767606483887,-1.9080660978900355,-2.2025087515460413,-1.178525749837057,-1.3314898649798792,1.5708465576171875,0.43518543243408203,0
758,1788173672.776763,-0.3434461783948495,-0.649646534728315,0.11397579485612616,1.1833207611449545,2.910160115590901,-4.332557108857987e-05,-1.9080422560321253,-2.200637165700094,-1.1733477751361292,-1.3383739630328577,1.5708465576171875,0.4351494610309601,0
759,1788173672.8156054,-0.3434429968795404,-0.6496646896691168,0.11731878821661054,1.1832976793055576,2.910155079029849,-0.00047049061557880294,-1.908029858266012,-2.1985977331744593,-1.1680386702166956,-1.345450226460592,1.5708465576171875,0.4351494610309601,0
760,1788173672.8529308,-0.34342756534303304,-0.6496289859317387,0.11981476797637122,1.1832793654153002,2.910159981883372,-0.0001605998321161648,-1.908029858266012,-2.1971944014178675,-1.1637843290912073,-1.35130483308901,1.5708585977554321,0.43513748049736023,0
761,1788173672.8908591,-0.34345068156338554,-0.6496331972027313,0.12294409627518549,1.1833389700599757,2.910155179927759,2.9988232722785865e-05,-1.9080541769610804,-2.1955745855914515,-1.1582587401019495,-1.3585723082171839,1.5708465576171875,0.4351494610309601,0
762,1788173672.930853,-0.34344990956988136,-0.649698547212226,0.12616060232054627,1.1833301911940657,2.9100834270249964,-0.0002818424634405139,-1.9080422560321253,-2.193907086049215,-1.152673069630758,-1.3656237761126917,1.5709065198898315,0.4351734220981598,0
763,1788173672.9684427,-0.34343092349286475,-0.6496647453298068,0.12934306279086732,1.1832802458075253,2.910161892984206,-9.326960426624981e-05,-1.908017937337057,-2.1922276655780237,-1.1471241156207483,-1.372974697743551,1.5708585977554321,0.4351494610309601,0
764,1788173673.008318,-0.34344220800446423,-0.6496600508297269,0.13253116030023732,1.1833585586372972,2.9101030787661686,-0.00012509019212625526,-1.9080422560321253,-2.190631691609518,-1.1414669195758265,-1.3802064100848597,1.5708825588226318,0.43518543243408203,0
765,1788173673.0470715,-0.3434360791889699,-0.6496366526963873,0.1357218493226492,1.1833429442765733,2.9101664455397542,2.6072022880766353e-05,-1.908029858266012,-2.1890838781939905,-1.1357024351703089,-1.3876174131976526,1.5708345174789429,0.4351734220981598,0
766,1788173673.085688,-0.3434153640998183,-0.6495858801009883,0.1382795357213002,1.183325464237678,2.910173391751878,0.00040853210911153456,-1.908029858266012,-2.1878841559039515,-1.1309798399554651,-1.393782917653219,1.5708465576171875,0.43516144156455994,0
767,1788173673.1223483,-0.34344692762171536,-0.6496652035892759,0.14161499421470383,1.1833431214992873,2.9101152169108606,-0.0003369800174928848,-1.9080422560321253,-2.186348263417379,-1.1249759832965296,-1.400846306477682,1.5708705186843872,0.4351734220981598,0
768,1788173673.160823,-0.3434489191196775,-0.6496612342005682,0.14479887078658768,1.183318195315106,2.91010411781245,-0.0001989861067974858,-1.9080541769610804,-2.185016934071676,-1.1188996473895472,-1.4083407560931605,1.570894479751587,0.4351494610309601,0
769,1788173673.199635,-0.3434512039146756,-0.6496346868335218,0.1478920354267317,1.1833223908029404,2.910164362244857,0.00010255407415765093,-1.9080541769610804,-2.1837809721576136,-1.1128829161273401,-1.4157879988299769,1.5708465576171875,0.43513748049736023,0
770,1788173673.2396946,-0.34344104937187525,-0.6496222595949812,0.150404878610684,1.183367523031754,2.910125456414784,0.00026149786384573596,-1.9080541769610804,-2.1827972571002405,-1.107981030141012,-1.4217737356769007,1.5708705186843872,0.4351734220981598,0
771,1788173673.279415,-0.3434381582760209,-0.6496319691778601,0.1542008066886784,1.1833902471595181,2.9101310072673727,0.0003181881212963111,-1.9080422560321253,-2.1813934485064905,-1.100478474293844,-1.4307168165790003,1.5708585977554321,0.4351974129676819,0
772,1788173673.3178437,-0.3434495545478046,-0.6496644704105877,0.15682169116630457,1.1833527788361757,2.910138924840779,0.00010048868723692374,-1.9080422560321253,-2.180457894002096,-1.0952890555011194,-1.4367030302630823,1.5708585977554321,0.4351734220981598,0
773,1788173673.355188,-0.34347620788024136,-0.6497059933668259,0.16018764227524873,1.1833322784910836,2.910138761376043,-0.0005370725411499304,-1.9080541769610804,-2.1791980902301233,-1.088780705128805,-1.4440653959857386,1.5708465576171875,0.4351494610309601,0
774,1788173673.395228,-0.34346359040392344,-0.6496865423112216,0.16336709649865921,1.1833438580234303,2.910117269889787,-0.00026740881241556815,-1.9080541769610804,-2.178201977406637,-1.0821893850909632,-1.4518235365497034,1.5708705186843872,0.43516144156455994,0
775,1788173673.4355457,-0.34344758325103325,-0.64965054123061,0.1664961723905935,1.1832870491368355,2.9101771221898516,5.467525779470389e-05,-1.9080422560321253,-2.1772545019732874,-1.0756457487689417,-1.4595211187945765,1.5708465576171875,0.4351254999637604,0
776,1788173673.4753282,-0.3434774378456379,-0.6497011940731017,0.1697410226797726,1.1833034328679282,2.910167727138425,-0.00041231992055156273,-1.9080541769610804,-2.1763065497027796,-1.0689337889300745,-1.466883961354391,1.5708345174789429,0.4351254999637604,0
777,1788173673.512727,-0.3434346099978247,-0.6496752597320453,0.17297685456973688,1.1833142987472571,2.91014572452027,-0.00016209350302474152,-1.908017937337057,-2.1754186789142054,-1.062042538319723,-1.4748213926898401,1.5708585977554321,0.4351734220981598,0
778,1788173673.550982,-0.34344768896707006,-0.6496343105740536,0.17557245344095435,1.1833819149801554,2.9101605035881106,-6.237331439692907e-05,-1.9080422560321253,-2.174723450337545,-1.0565059820758265,-1.4811185042010706,1.5708225965499878,0.43518543243408203,0
779,1788173673.5888088,-0.34346645697856854,-0.6496436988388846,0.17882213455905605,1.1833392977161283,2.910156252424386,-0.0003203032533289538,-1.9080660978900355,-2.1739195028888147,-1.0495308081256312,-1.488732639943258,1.5708345174789429,0.43513748049736023,0
780,1788173673.627745,-0.34345268958866204,-0.6496389236712709,0.1819430805771265,1.183336890804404,2.9101500782457568,-0.00014656435857576396,-1.9080541769610804,-2.173295799885885,-1.0425313154803675,-1.4964659849749964,1.5708465576171875,0.4351494610309601,0
781,1788173673.667409,-0.3434558831663598,-0.6497014417215882,0.18511618365648824,1.183351902413321,2.910138414055731,-0.0003111438752077742,-1.908029858266012,-2.1727798620807093,-1.0352805296527308,-1.5041278044330042,1.5708465576171875,0.43518543243408203,0
782,1788173673.7064116,-0.34347674654283455,-0.6497075295123796,0.1883012046753031,1.1833356732343878,2.9101470908025346,-0.0002498024442821718,-1.9080541769610804,-2.1722996870623987,-1.0279105345355433,-1.512017075215475,1.5708465576171875,0.4351494610309601,0
783,1788173673.7453017,-0.34345774092767495,-0.6496878172744491,0.191475785689469,1.1833337077391914,2.910141995212762,-3.865888362034817e-05,-1.9080422560321253,-2.1718319098102015,-1.0205276648150843,-1.5200017134295862,1.5708585977554321,0.43516144156455994,0
784,1788173673.7841992,-0.3434526404731472,-0.6497170336724579,0.1946502419335108,1.183287286756538,2.9101295121047523,-0.00020064932283509585,-1.908029858266012,-2.1714237372027796,-1.0131095091449183,-1.5277236143695276,1.5708825588226318,0.4351494610309601,0
785,1788173673.8219314,-0.3434588410827803,-0.649672998132174,0.19718068947668782,1.1832769883576488,2.9101526336877046,-2.5028222576033357e-05,-1.9080541769610804,-2.1711118857013147,-1.0071290175067347,-1.534128491078512,1.5708705186843872,0.4351135194301605,0
786,1788173673.8618221,-0.3434247917796981,-0.64954149542521,0.20034575700931304,1.1833732276389421,2.9101397285021915,0.00037204938417171603,-1.9080660978900355,-2.1706083456622522,-0.9998062292682093,-1.542208496724264,1.5708585977554321,0.43516144156455994,0
787,1788173673.8992085,-0.3433783691878784,-0.6492238719181156,0.20360706252272237,1.183057624167664,2.9102624934441357,0.00020744909116964303,-1.9081504980670374,-2.1694563070880335,-0.9933708349810999,-1.5496910254107874,1.5708585977554321,0.4348614811897278,0
788,1788173673.9396722,-0.343560815386513,-0.6481773746221503,0.2068284335356904,1.1829268127239778,2.9102972299435423,4.219355439997444e-05,-1.9088690916644495,-2.1668408552752894,-0.989392105733053,-1.5561793486224573,1.5708705186843872,0.43405741453170776,0
789,1788173673.9776623,-0.34411291808556493,-0.6466159764744326,0.2100493017800102,1.183281570636037,2.9101740989602183,-0.00010635686964261508,-1.9102957884417933,-2.1634820143329065,-0.9865997473346155,-1.5622370878802698,1.5708465576171875,0.43286946415901184,0
790,1788173674.016402,-0.34466697576351546,-0.6449754365399558,0.21325884984316737,1.18342136421669,2.9101245550082644,-0.00029289497057541955,-1.9117701689349573,-2.159966770802633,-0.9840830008136194,-1.568150822316305,1.5708345174789429,0.43148940801620483,0
791,1788173674.0542915,-0.34471571926531086,-0.6436531004474075,0.21572267183764032,1.1834167957779065,2.9101151550591626,0.00018388421712804887,-1.9124539534198206,-2.156895462666647,-0.9826448599444788,-1.572963062916891,1.5708585977554321,0.43080517649650574,0
792,1788173674.0910153,-0.34473839067240364,-0.6419912600966678,0.21882458395181417,1.1835769684907695,2.9100641047561147,0.0006567334763486881,-1.9132564703570765,-2.1529725233661097,-0.9809311071978968,-1.5789011160479944,1.5708585977554321,0.4301093518733978,0
793,1788173674.1293094,-0.3447470266495783,-0.6403972087618085,0.22212818325251113,1.1837828455749833,2.9099706724647656,0.00033865474810888666,-1.9140122572528284,-2.1489294211017054,-0.9790018240558069,-1.5846708456622522,1.5708585977554321,0.4294973909854889,0
794,1788173674.170608,-0.3447632615752928,-0.6388846725462907,0.22534930828924654,1.183754333648511,2.910005099233001,-0.00020709127200584034,-1.9147313276873987,-2.1450536886798304,-0.9770363012896937,-1.590165917073385,1.5708225965499878,0.4287532567977905,0
795,1788173674.2090454,-0.3447030422948796,-0.6372742382653593,0.22846966357033113,1.1833678537632175,2.910159841762292,0.00015360698742813376,-1.9154141584979456,-2.1412509123431605,-0.9750588575946253,-1.596175495778219,1.5708345174789429,0.4278053939342499,0
796,1788173674.2486103,-0.3446724604869943,-0.635667670891915,0.23176370509058392,1.1832599245294328,2.910200519741367,4.205751559208051e-05,-1.916133228932516,-2.137364212666647,-0.9728296438800257,-1.60222036043276,1.5708345174789429,0.42701292037963867,0
797,1788173674.2883909,-0.3446835405519797,-0.6340808006338421,0.23499794263767318,1.1834533524011035,2.9100789428817735,-0.00010314891228566293,-1.9169123808490198,-2.1336210409747522,-0.9705169836627405,-1.6081822554217737,1.5708705186843872,0.42637699842453003,0
798,1788173674.3288333,-0.34473628026044245,-0.6327432645127129,0.2374605191604344,1.1837671897055662,2.9100020171096737,0.00033087244464109327,-1.91760760942568,-2.1307652632342737,-0.9686711470233362,-1.613161865864889,1.5708345174789429,0.42588528990745544,0
799,1788173674.3692877,-0.3448004906411389,-0.6307829425362101,0.24131114545565654,1.1836642226043037,2.910055021860322,0.00027322080816799684,-1.91862661043276,-2.1263626257525843,-0.9657829443560999,-1.6204164663897913,1.5708225965499878,0.4247928559780121,0
800,1788173674.4121184,-0.3447737394498999,-0.6291964909937476,0.24459344290310914,1.1834116616733057,2.9101384575182303,3.139365995761882e-05,-1.9193576017962855,-2.1226914564715784,-0.9632065931903284,-1.6265094915973108,1.5708345174789429,0.42389291524887085,0
801,1788173674.4558687,-0.3447906031346335,-0.6276515037105382,0.2476901929385027,1.1835372637049362,2.910049530752705,7.310809913651183e-05,-1.9201372305499476,-2.1193321386920374,-0.9605577627765101,-1.632542912160055,1.5708705186843872,0.42320868372917175,0
802,1788173674.496587,-0.34476506693240205,-0.6260251291152916,0.25085739721653855,-1.183700219181663,-2.910053821471558,-0.00040876771488587704,-1.920868221913473,-2.1158888975726526,-0.9578011671649378,-1.6389592329608362,1.570798635482788,0.4225727617740631,0
803,1788173674.5367217,-0.344691200517942,-0.6241142777843512,0.2547311131513371,1.18333137482283,2.9101528785824122,0.00035520565482573816,-1.9217193762408655,-2.111701790486471,-0.9544461409198206,-1.6464651266681116,1.5708585977554321,0.42148032784461975,0
804,1788173674.5769985,-0.3447217799224888,-0.6225875419730935,0.2580075046205631,1.1830407292542113,2.9102419893838993,-0.00032017168682331,-1.9225104490863245,-2.1083062330829065,-0.9514620939837855,-1.6524141470538538,1.5708705186843872,0.42049649357795715,0
805,1788173674.6177232,-0.34474444029253454,-0.6209323667619822,0.2610829725628513,1.1831325149566703,2.9102692164676633,0.00022515724673895197,-1.923337761555807,-2.105103317891256,-0.9484899679767054,-1.658938233052389,1.5708225965499878,0.4197167754173279,0
806,1788173674.6562278,-0.3447501824215261,-0.6192943751830113,0.26440258159706975,1.1834160016958941,2.91007207947737,4.243813786011981e-05,-1.9241765181170862,-2.10173207918276,-0.945254151021139,-1.6654265562640589,1.570894479751587,0.41909247636795044,0
807,1788173674.6964102,-0.34478317524956326,-0.6179967696094277,0.2670077645233865,1.1835191580834046,2.9100798261131726,-4.991742066045189e-05,-1.924847427998678,-2.099152390156881,-0.9425933996783655,-1.6706097761737269,1.5708465576171875,0.4184805452823639,0
808,1788173674.735101,-0.34477992664641555,-0.6163870581792071,0.27016571137317213,1.1830708315788745,2.9102804457939846,0.00019646588493379516,-1.9256389776812952,-2.096081558858053,-0.93921405473818,-1.6772173086749476,1.5708345174789429,0.41737648844718933,0
809,1788173674.778393,-0.3447684495646582,-0.6148103443197483,0.2732830443282567,1.1831315180306992,2.910233675986974,0.00038848409518561186,-1.9265616575824183,-2.0924819151507776,-0.9350555578814905,-1.6849506537066858,1.5708465576171875,0.4165484607219696,0
810,1788173674.8185954,-0.34476502939476084,-0.6129354741852189,0.2772480514914051,1.183423322870536,2.910103646113774,-0.00015961448383682226,-1.9273532072650355,-2.0893991629229944,-0.9314120451556605,-1.6914742628680628,1.5708585977554321,0.41591253876686096,0
811,1788173674.8574605,-0.34474227677921615,-0.6112954207296559,0.2804938433079026,1.1834788505881977,2.9100945444324635,-0.0001400264221986301,-1.9281442801104944,-2.086339298878805,-0.9277814070331019,-1.6981776396380823,1.5708465576171875,0.41515639424324036,0
812,1788173674.8942387,-0.3446999855596096,-0.609688284843427,0.2835822253959175,1.1832060641328246,2.91017688391672,0.0003908207709948785,-1.9289115110980433,-2.0835683981524866,-0.9240182081805628,-1.7050488630877894,1.5708825588226318,0.4142085313796997,0
813,1788173674.932992,-0.34472378104883483,-0.6084454280405278,0.2860560443083314,1.1831209717177453,2.910224383842519,0.00039545997268735245,-1.92957050005068,-2.0813964048968714,-0.9209864775287073,-1.7102559248553675,1.5708705186843872,0.41348797082901,0
814,1788173674.9720106,-0.344767325891642,-0.6068749672092607,0.2893710033257473,1.183334315472576,2.910151333286079,-0.0002607656216392041,-1.9304216543780726,-2.078505341206686,-0.9169839064227503,-1.7167323271380823,1.5708465576171875,0.41278016567230225,0
815,1788173675.0115368,-0.3447507071328183,-0.605198193319482,0.29255520448530437,1.1836591993320107,2.910052243900438,0.00013428994719084093,-1.931248966847555,-2.0757339636432093,-0.9129570166217249,-1.7237828413592737,1.5708225965499878,0.4121682047843933,0
816,1788173675.0490303,-0.34478086580148987,-0.603613866987382,0.29586808539376086,1.183523632289339,2.9100740686563853,-0.0002938505866360264,-1.9321120421039026,-2.0730231443988245,-0.9086192289935511,-1.730558220540182,1.5708465576171875,0.4112199544906616,0
817,1788173675.0924163,-0.3447779930911432,-0.6020116940331526,0.29897080238723583,1.1833625716987675,2.9101326870831694,6.444730425301425e-05,-1.9329388777362269,-2.0705392996417444,-0.9043405691729944,-1.7375486532794397,1.5708585977554321,0.4102840721607208,0
818,1788173675.1340237,-0.34474214937235526,-0.6004449107034351,0.30213675251898153,1.1834580308772404,2.910121370741954,0.00016009039659003625,-1.9336937109576624,-2.0680678526507776,-0.8999064604388636,-1.7445157209979456,1.5708345174789429,0.4095882475376129,0
819,1788173675.176123,-0.34471818985097313,-0.5988910673424738,0.30536168569754846,1.1835727554212656,2.9100572872492267,-0.00011957952177078771,-1.9344733397113245,-2.0655725638019007,-0.895400349293844,-1.7513387838946741,1.5708465576171875,0.4088916480541229,0
820,1788173675.2189727,-0.34469919076100236,-0.5972813112222055,0.3086245569402335,1.183797464366911,2.9099634225265243,-0.00028662690594391847,-1.9352882544146937,-2.0630772749530237,-0.8907631079303187,-1.7583649794207972,1.5708465576171875,0.4082317650318146,0
821,1788173675.2622428,-0.3446952358601619,-0.5952928524167805,0.3124098227093822,1.18417721540571,2.9098036478333587,0.00023787720326026287,-1.9363306204425257,-2.060317341481344,-0.8850463072406214,-1.7671754995929163,1.5708585977554321,0.40745165944099426,0
822,1788173675.3040164,-0.3447659153793614,-0.5937266603911934,0.31552759720688284,1.185184770534372,2.9094324942046748,0.0002591396861477165,-1.9372418562518519,-2.058218304310934,-0.8801210562335413,-1.7742140928851526,1.5708225965499878,0.4072236120700836,0
823,1788173675.3479874,-0.3448067905154744,-0.5918049594178756,0.3194533730091518,1.188165273329382,2.908158743356022,-0.00017366449817091614,-1.9383328596698206,-2.055518452321188,-0.8740575949298304,-1.7827008406268519,1.5708705186843872,0.408195823431015,0
824,1788173675.3926992,-0.34477925120539876,-0.5902036972799615,0.3226424155573559,1.1908898023453276,2.907007356041508,-1.9731273645319425e-05,-1.9391596953021448,-2.053443257008688,-0.8688562552081507,-1.790074650441305,1.5709065198898315,0.4092519283294678,0
825,1788173675.436641,-0.34474418936748474,-0.5882448851591858,0.3262721648470982,1.1940795512007754,2.905746103953116,-0.0003230422270718222,-1.9401429335223597,-2.050563637410299,-0.8637750784503382,-1.7978432814227503,1.5708585977554321,0.4104522168636322,0
826,1788173675.479069,-0.34469958596920985,-0.5866061748323187,0.3282725707409043,1.1970487191089474,2.9045458905290364,0.00028689046111158906,-1.9409578482257288,-2.0478766600238245,-0.8625052610980433,-1.8021886984454554,1.5708465576171875,0.4116761088371277,0
827,1788173675.5222862,-0.3446978773556991,-0.5850328950097048,0.32949027178097445,1.1993234964255122,2.9036389402961906,0.000689739728837895,-1.941796604787008,-2.044792954121725,-0.8639071623431605,-1.8041275183307093,1.5708225965499878,0.41239628195762634,0
828,1788173675.5639668,-0.34474042233528174,-0.5831093247136364,0.3302035021515387,1.2001942745343956,2.903234109720685,0.0002714760557996917,-1.942911450062887,-2.040126625691549,-0.8691318670855921,-1.8033021132098597,1.5708585977554321,0.41189220547676086,0
829,1788173675.6077058,-0.3447753840010715,-0.5814898540566551,0.33019485771521073,1.1999269496307885,2.9033295243216988,0.0001174672063958204,-1.9438470045672815,-2.035879437123434,-0.8755553404437464,-1.8010275999652308,1.5708705186843872,0.41077616810798645,0
830,1788173675.6494915,-0.34479249160620407,-0.5796228077362539,0.330172250546396,1.200137629106743,2.903253583884179,-1.9274541892979035e-05,-1.9448893705951136,-2.030984703694479,-0.8829610983477991,-1.7984297911273401,1.5708585977554321,0.4098762273788452,0
831,1788173675.69271,-0.344778480207747,-0.5780844006496854,0.33025326941285216,1.2003947661986254,2.903141416860358,-0.000512114994809075,-1.9457162062274378,-2.0268214384662073,-0.8890374342547815,-1.7962029615985315,1.5708585977554321,0.40922796726226807,0
832,1788173675.7345538,-0.3447621845852443,-0.5764801604026483,0.3302791853660942,1.2005503050997617,2.9030760639189017,-0.0006275312486463073,-1.9465797583209437,-2.022646729146139,-0.8951972166644495,-1.7941444555865687,1.5708585977554321,0.40847182273864746,0
833,1788173675.777552,-0.3447656874978695,-0.5748907220433503,0.33012379844815254,1.200198719987605,2.9032677981061457,2.5291574769149778e-05,-1.9474542776690882,-2.0187953154193323,-0.9012125174151819,-1.7923968474017542,1.5708225965499878,0.4073438048362732,0
834,1788173675.8182745,-0.3448525646148019,-0.5728825032371927,0.3300980832660476,1.2002326287490472,2.9032060484282454,0.000456183630114882,-1.9487131277667444,-2.0140207449542444,-0.908271614705221,-1.7903860251056116,1.5708705186843872,0.4061199128627777,0
835,1788173675.8597777,-0.3450024860088369,-0.5712635902008572,0.33020760558929474,1.2006296819147133,2.903088988286892,-3.8459111469512574e-05,-1.94981557527651,-2.0100014845477503,-0.9139874617206019,-1.788375202809469,1.5708225965499878,0.4052795469760895,0
836,1788173675.9030128,-0.34505038362317664,-0.5696539475451565,0.330168269353083,1.200519714262334,2.903072078288609,0.00025996766103375134,-1.95081073442568,-2.0061500708209437,-0.9197042624102991,-1.786699120198385,1.5708825588226318,0.40422379970550537,0
837,1788173675.9454904,-0.3450994252780146,-0.5680671490174536,0.3301749305606575,1.2002477379632857,2.9032095439714762,0.0001627988684876013,-1.9517696539508265,-2.0022156874286097,-0.9254687468158167,-1.7848075071917933,1.5708585977554321,0.40307143330574036,0
838,1788173675.9870188,-0.3450763938318692,-0.5661681703058667,0.3301874693081496,1.200355148367494,2.9031775000227564,8.23735451928572e-05,-1.9528124968158167,-1.9974287191974085,-0.9324429670916956,-1.7825692335711878,1.5708465576171875,0.4020995795726776,0
839,1788173676.0284476,-0.34508474780975323,-0.5646301008602581,0.3301313969694565,1.2004132875333717,2.903127115934903,2.4230228789085994e-05,-1.9537113348590296,-1.99357778230776,-0.9382074514972132,-1.7806184927569788,1.5708705186843872,0.40124720335006714,0
840,1788173676.067883,-0.34514417784221674,-0.5629588311748631,0.3300941158005281,1.2003041465094793,2.9032129181400905,0.0003389689371910279,-1.9547422567950647,-1.989666763936178,-0.9439356962787073,-1.7790020147906702,1.5708345174789429,0.4001311957836151,0
841,1788173676.109232,-0.3451654997115915,-0.5613691426475121,0.33027363296272816,1.2001313684739014,2.903242020276178,-0.00030406466846685917,-1.9557016531573694,-1.9856236616717737,-0.9494245688067835,-1.7771466414081019,1.5708705186843872,0.3990630805492401,0
842,1788173676.1533804,-0.34517048185063964,-0.5597886874984986,0.33019780912725366,1.200268253264513,2.903185932103211,-0.00023151724265542336,-1.9566238562213343,-1.9817608038531702,-0.9551890532123011,-1.7752912680255335,1.5708705186843872,0.3982350528240204,0
843,1788173676.1954935,-0.3451680559806207,-0.5578593542878587,0.3301173000444375,1.1999926533529186,2.903313981689518,6.559455917651281e-05,-1.9577387014972132,-1.9771540800677698,-0.9619839827166956,-1.773292366658346,1.5708585977554321,0.3969269096851349,0
844,1788173676.2377977,-0.34514203014559813,-0.5562355902042873,0.3301604579973864,1.2000054200661066,2.903347448818099,4.607017184353069e-06,-1.9586380163775843,-1.9731829802142542,-0.9675801436053675,-1.7716286818133753,1.5708225965499878,0.39602696895599365,0
845,1788173676.2793171,-0.34511493001920274,-0.5546530779928076,0.33002995453250394,1.2001347829632087,2.9032692082019924,0.0005477177134555205,-1.9595368544207972,-1.9694998900042933,-0.9731052557574671,-1.7701323668109339,1.5708465576171875,0.3952232599258423,0
846,1788173676.3233984,-0.34512395583352257,-0.5527863538167958,0.33000237227932566,1.2003409620667853,2.903183471703931,0.0004689918251309563,-1.9606512228595179,-1.9649890104876917,-0.9796250502215784,-1.7680733839618128,1.5708465576171875,0.3942510485649109,0
847,1788173676.3659244,-0.34513641558880925,-0.5511382195880656,0.33011828726783093,1.2001479173864051,2.903262771187106,0.00021949127582247132,-1.9616463820086878,-1.9610298315631312,-0.9849937597857874,-1.7665050665484827,1.5708465576171875,0.3931230306625366,0
848,1788173676.4079201,-0.34517040257542086,-0.5495106796178046,0.33002330588910356,1.2001977047829038,2.90324202650828,0.0005362402788577673,-1.9626649061786097,-1.9572985808001917,-0.9904826323138636,-1.764949146901266,1.5708465576171875,0.39213883876800537,0
849,1788173676.4492843,-0.34518469608964514,-0.5475952986380119,0.330037928201809,1.2005492432435556,2.9031094398769484,0.00038263098420468033,-1.963827912007467,-1.9527280966388147,-0.9969304243670862,-1.7629740873919886,1.5708345174789429,0.39121490716934204,0
850,1788173676.4951744,-0.34515661357840666,-0.5459884405533848,0.33016201965379194,1.2003458708245063,2.9031678129068603,-5.491952279573276e-05,-1.9647625128375452,-1.9487808386432093,-1.0022395292865198,-1.7613337675677698,1.5708585977554321,0.3901464641094208,0
851,1788173676.536729,-0.34512217142734375,-0.5444306452839786,0.3300959435031555,1.2001574296782391,2.903258337013537,0.00016899197608521107,-1.965649429951803,-1.9451339880572718,-1.007500950490133,-1.7598617712603968,1.5708465576171875,0.38912665843963623,0
852,1788173676.580768,-0.3450997373894729,-0.5425405195397386,0.33011492709712303,1.2003991860543077,2.9031581766810004,0.00020186582067605247,-1.966764275227682,-1.940707031880514,-1.013648811970846,-1.7581618467914026,1.5708465576171875,0.38817840814590454,0
853,1788173676.6228752,-0.34510392001254026,-0.5409387952347231,0.33013975874743506,1.2005028857400581,2.9031158141193885,9.298969076342248e-06,-1.9677475134478968,-1.936915699635641,-1.018909756337301,-1.7565696875201624,1.5708465576171875,0.38726648688316345,0
854,1788173676.6650658,-0.3451596401262885,-0.5392922131350872,0.33008035509056555,1.20043014790013,2.903144720515309,0.0002893326105931039,-1.9688380400287073,-1.9332688490497034,-1.0240991751300257,-1.7552054564105433,1.5708465576171875,0.3861261308193207,0
855,1788173676.7061357,-0.3451761012198141,-0.5374239357270627,0.3300029918141706,1.200377001643473,2.903166758298443,0.00022931758980911196,-1.9700129667865198,-1.9289143721209925,-1.0303552786456507,-1.753265682850973,1.5708465576171875,0.3849145770072937,0
856,1788173676.746648,-0.34513564397034524,-0.5357606675386264,0.3300613899549235,1.2005653567372612,2.9030880091055775,0.0003565706612067145,-1.9709833304034632,-1.9251111189471644,-1.0354483763324183,-1.752056900654928,1.5708465576171875,0.3840741813182831,0
857,1788173676.78848,-0.34512152481931163,-0.5341661578136193,0.33006595177586673,1.2001630771907152,2.9032538486522066,0.00039018332629898875,-1.9719541708575647,-1.9214518705951136,-1.0404818693744105,-1.7507041136371058,1.5708465576171875,0.3828263282775879,0
858,1788173676.826532,-0.3451032712803156,-0.532594277871643,0.33007218941287564,1.2001395583568835,2.9032496322491825,0.00048128340051721005,-1.9729135672198694,-1.9178770224200647,-1.0453718344317835,-1.7494471708880823,1.5708585977554321,0.3818541169166565,0
859,1788173676.8682027,-0.34514958559280695,-0.5309461703020892,0.3300910816817595,1.2005726296398698,2.9030704256492537,0.00045946565000938317,-1.974016014729635,-1.9141939322101038,-1.0503814856158655,-1.7481067816363733,1.5708585977554321,0.3810500502586365,0
860,1788173676.9111392,-0.3450366226000013,-0.5293043055663121,0.33007030614004534,1.2007108369028658,2.90306533801187,0.0004190941416124075,-1.9748666922198694,-1.9102709929095667,-1.055810276662008,-1.7465747038470667,1.5708105564117432,0.380281925201416,0
861,1788173676.952942,-0.3443529400773826,-0.5277966964977707,0.33002544336385387,1.2005829795516518,2.9030508328977467,0.0007160445515457621,-1.9748309294330042,-1.905964199696676,-1.0617550055133265,-1.7451265493976038,1.5708705186843872,0.38024598360061646,0
862,1788173676.9967723,-0.34273677302636796,-0.5263917919239213,0.33006200017506293,1.2005123406575668,2.90312088822422,0.0005610428487867596,-1.9733083883868616,-1.9003737608539026,-1.0692814032184046,-1.7430914084063929,1.5708345174789429,0.3817099332809448,0
863,1788173677.0393803,-0.34116712911954494,-0.5257710611398475,0.3301529087751389,1.2000079141504223,2.903319401525603,0.0001797657507715442,-1.9713671843158167,-1.8965705076800745,-1.0742548147784632,-1.741678539906637,1.5708465576171875,0.383306086063385,0
864,1788173677.079317,-0.3396189320501535,-0.5253979758460797,0.33006218348927685,1.200042755166026,2.9032929190305867,2.8514224517594395e-05,-1.9692938963519495,-1.8933795134173792,-1.0788214842425745,-1.740206543599264,1.5708585977554321,0.3854063153266907,0
865,1788173677.1187096,-0.33801409731711923,-0.5249652164779406,0.3300866520132416,1.1997808803966012,2.903439502091883,0.00023269768413404856,-1.9671481291400355,-1.8901765982257288,-1.0830400625811976,-1.7393205801593226,1.5708225965499878,0.38736236095428467,0
866,1788173677.1619096,-0.33635779382180353,-0.5246609794803667,0.3301464687788536,1.1997067163345405,2.9034446213119223,0.0002102373880294568,-1.9648588339435022,-1.8871291319476526,-1.0869830290423792,-1.738410774861471,1.5708465576171875,0.389606773853302,0
867,1788173677.2039752,-0.3344875718318039,-0.5243942868328797,0.3300669754292327,1.1995980550964238,2.9035158187601753,0.0001887102857609513,-1.9621976057635706,-1.883806053792135,-1.0916450659381312,-1.7370579878436487,1.5708225965499878,0.3921867609024048,0
868,1788173677.2452326,-0.33284550059692974,-0.5242599284599007,0.33009871688584475,1.1995367150704574,2.903502444618895,0.00015001351813382884,-1.9598124662982386,-1.881167236958639,-1.0950968901263636,-1.7362201849566858,1.5708585977554321,0.3945390582084656,0
869,1788173677.2881157,-0.3312380046176227,-0.5242023884865553,0.3300816043716589,1.199619049040071,2.9034947897799936,0.0001657837288860361,-1.9574030081378382,-1.8787553946124476,-1.0983565489398401,-1.735382382069723,1.5708345174789429,0.3969988226890564,0
870,1788173677.3310206,-0.3293521878133199,-0.5241496828751064,0.33018130819371905,1.199985229418563,2.90332875974433,-0.0001933976588131061,-1.9545744101153772,-1.875876251851217,-1.1019881407367151,-1.734401051198141,1.5708465576171875,0.4000832438468933,0
871,1788173677.372422,-0.3277262452799564,-0.5242392865585379,0.330194493204149,1.2000852541327403,2.903310586256958,-0.0005149004501886791,-1.9520333448993128,-1.8736689726458948,-1.1049369017230433,-1.733455006276266,1.5708225965499878,0.40268757939338684,0
872,1788173677.4156818,-0.3261571282802913,-0.5242245535511536,0.33013106578037354,1.2000058420387818,2.9033066939141694,-0.00017777231007982527,-1.9496596495257776,-1.8715575377093714,-1.1078489462481897,-1.732868496571676,1.5708585977554321,0.4050154983997345,0
873,1788173677.4599333,-0.3241726931599165,-0.5241917826276434,0.3301505254570699,1.1997476920905379,2.9034544364116295,4.4790723052571866e-05,-1.946627442036764,-1.8688223997699183,-1.111384693776266,-1.7322099844561976,1.5708225965499878,0.4078598916530609,0
874,1788173677.503221,-0.3225951964958671,-0.524126716058827,0.3300841663190717,1.1998134506995062,2.9034059002976016,0.00040129679925863436,-1.9442537466632288,-1.866615120564596,-1.1144169012652796,-1.7316115538226526,1.5708465576171875,0.4102840721607208,0
875,1788173677.5451138,-0.32098830345391194,-0.5240850844537559,0.3301370631787383,1.19963516972239,2.9035058512954164,0.0003797191288143318,-1.941796604787008,-1.86432391801943,-1.117305103932516,-1.7310012022601526,1.5708225965499878,0.41261202096939087,0
876,1788173677.5883336,-0.3190816729019285,-0.52411059856281,0.3301793855495444,1.1996650408114928,2.9034634113154687,7.669838771450794e-05,-1.9388483206378382,-1.8616722265826624,-1.1207330862628382,-1.7300313154803675,1.5708465576171875,0.4155882000923157,0
877,1788173677.6296284,-0.31750439248699885,-0.524099975754055,0.3301054675169697,1.1997405179927403,2.9034374205194045,0.00035841633813194596,-1.9364145437823694,-1.8595851103412073,-1.1236217657672327,-1.7294090429889124,1.5708465576171875,0.4180727005004883,0
878,1788173677.6718407,-0.31586544097296504,-0.5240906917869786,0.3301298153890867,1.199941651339453,2.903367908819669,0.00035505782457518064,-1.9338739554034632,-1.8573535124408167,-1.1264856497394007,-1.7287748495685022,1.5708345174789429,0.4207485318183899,0
879,1788173677.7163234,-0.3139640454714993,-0.5240915241474671,0.3300673349319935,1.2002489553806175,2.9032594106121423,0.000578453636517638,-1.9309127966510218,-1.8548582235919397,-1.1298778692828577,-1.728020493184225,1.5708225965499878,0.42391687631607056,0
880,1788173677.760643,-0.3123082676294797,-0.5241566090279292,0.3301790256176613,1.199953005509351,2.903318427236065,5.186046284421342e-05,-1.928312126790182,-1.8526271025287073,-1.1325863043414515,-1.727206055318014,1.5708705186843872,0.4263290762901306,0
881,1788173677.800752,-0.31043497320098984,-0.5241582833535084,0.3302627842938408,1.199735585792109,2.9034225926180683,-0.00040354056389865604,-1.9253748098956507,-1.8499873320208948,-1.1358822027789515,-1.7262604872332972,1.5708465576171875,0.42911314964294434,0
882,1788173677.84366,-0.30881937211415517,-0.5241702369988116,0.33016141923371456,1.1995265451551345,2.90349426601931,3.1515118904529986e-05,-1.9228461424456995,-1.8480084578143519,-1.138651196156637,-1.7257464567767542,1.5708705186843872,0.4315013885498047,0
883,1788173677.8865905,-0.30717094101533876,-0.5241845963162548,0.3301012101554076,1.199050710869496,2.9037128970407218,0.00034680462778358394,-1.9202449957477015,-1.8459685484515589,-1.141407314931051,-1.7252314726458948,1.5708585977554321,0.4337694048881531,0
884,1788173677.9295883,-0.3052852524380844,-0.5241074228452386,0.3300835978979332,1.1972819679529016,2.904450612300873,0.0005901825634179774,-1.9173205534564417,-1.8434136549579065,-1.1447275320636194,-1.7246211210833948,1.5708585977554321,0.43547379970550537,0
885,1788173677.97168,-0.3036535569609273,-0.5241669422468659,0.33014709990687907,1.1946191328166387,2.9055491657307178,0.0002295439395994846,-1.9147070089923304,-1.841302220021383,-1.1473520437823694,-1.7238786856280726,1.5708465576171875,0.43625351786613464,0
886,1788173678.014887,-0.3021202816682505,-0.5241048430004407,0.3301811964090249,1.190552818140448,2.907198101852633,2.1763224357020102e-05,-1.9123213926898401,-1.839106861745016,-1.1501324812518519,-1.7231605688678187,1.5708585977554321,0.43584567308425903,0
887,1788173678.0582144,-0.30018734171749,-0.5241369610960405,0.3301364035347372,1.1841644745092041,2.909837550921911,0.0001868685838409218,-1.9092291037188929,-1.8367317358600062,-1.1532843748675745,-1.722490135823385,1.5708345174789429,0.43453752994537354,0
888,1788173678.101109,-0.2986221804100811,-0.5241038655036434,0.3300868447801577,1.1781791195565896,2.912272349659191,0.00037242577818956824,-1.9067595640765589,-1.8347037474261683,-1.1559932867633265,-1.7219274679767054,1.5708345174789429,0.43289342522621155,0
889,1788173678.1391864,-0.29701594346835886,-0.5240366012639154,0.33010543558694205,1.1707667202542242,2.9152489619335094,0.0004279524878488921,-1.9042423407184046,-1.8325327078448694,-1.1587260405169886,-1.721400562916891,1.5708465576171875,0.430325448513031,0
890,1788173678.1807706,-0.2954289964553471,-0.5239889292775348,0.33016780556610814,1.1622520710717676,2.918669720304892,0.00012312504919602876,-1.9017251173602503,-1.8303130308734339,-1.1614587942706507,-1.720694367085592,1.5708225965499878,0.4270009398460388,0
891,1788173678.2241826,-0.2938143112548044,-0.5239796076790959,0.3301928530954011,1.1523199237605353,2.9225543289973124,-0.00025205998464102253,-1.8991597334491175,-1.8281176725970667,-1.1642630735980433,-1.7198446432696741,1.5708585977554321,0.42277687788009644,0
892,1788173678.2642636,-0.2921612530302447,-0.5238853162859597,0.33030781735290604,1.1408448098387753,2.927046483095159,-0.0004602062112688917,-1.8965590635882776,-1.8257907072650355,-1.1669719854937952,-1.719330135975973,1.5708585977554321,0.4175322651863098,0
893,1788173678.305535,-0.29029889388404556,-0.5234982118813221,0.33018745877138345,1.1264377090026263,2.932684828803378,-7.241058888655681e-05,-1.8937538305865687,-1.822695557271139,-1.171166721974508,-1.7184799353228968,1.5708105564117432,0.41048818826675415,0
894,1788173678.3491971,-0.2886526011477503,-0.5230440667424865,0.3301535462834948,-1.1148357788759142,-2.937114258260943,-0.00026121855168175694,-1.8913324514972132,-1.8197444120990198,-1.1749542395221155,-1.7178571859942835,1.5707865953445435,0.40500351786613464,0
895,1788173678.3923333,-0.2870296635924086,-0.5226238813615207,0.3300803522448684,1.103222596586509,2.9414577998643776,0.0003773630537330616,-1.8889592329608362,-1.816817585621969,-1.1788376013385218,-1.7169716993915003,1.5708585977554321,0.3994832932949066,0
896,1788173678.4357567,-0.28512654578027097,-0.5220379588948129,0.3302047183508042,1.0886507238845409,2.946881409703014,-0.0001175193484734697,-1.8861773649798792,-1.813014332448141,-1.183403793965475,-1.7158940474139612,1.5708465576171875,0.39236652851104736,0
897,1788173678.4772642,-0.2834915671953992,-0.5216137538660701,0.3301313927556413,1.077028171724478,2.951141981817762,0.00010685227399583935,-1.8837445417987269,-1.8101237455951136,-1.1872032324420374,-1.7151277701007288,1.5708585977554321,0.3869185745716095,0
898,1788173678.5198839,-0.2819391399928585,-0.5210989953761958,0.3300597324733827,1.0655274162526376,2.9553595758493274,0.00042283213202798896,-1.8814666906939905,-1.8071726004229944,-1.1910508314715784,-1.7144339720355433,1.5708225965499878,0.38139796257019043,0
899,1788173678.5638447,-0.28033947275720766,-0.5206896274768575,0.33017222702588733,1.05339233722898,2.9597060377934863,-0.00014602611170433805,-1.8790572325335901,-1.8041370550738733,-1.194658104573385,-1.7135003248797815,1.5708105564117432,0.3756013512611389,0
900,1788173678.6054237,-0.2784588273962995,-0.5201317145321401,0.33027946730120994,1.0387963030104452,2.964837778146279,-0.0006186222183529633,-1.8762639204608362,-1.8004782835589808,-1.1990330854998987,-1.712482754384176,1.5708225965499878,0.36854487657546997,0
901,1788173678.6494749,-0.27685090484742486,-0.5196174869421392,0.33024163656136424,1.0273312832728072,2.9688132069124906,-0.00022602746991322772,-1.8738907019244593,-1.7975390593158167,-1.2027366797076624,-1.7119677702533167,1.5708465576171875,0.3631927967071533,0
902,1788173678.691715,-0.27491297580934615,-0.5190073587302179,0.3301699399346057,1.013700457611417,2.9735045581000255,0.00025898551335686444,-1.8710020224200647,-1.7940238157855433,-1.20721942583193,-1.7113092581378382,1.5708465576171875,0.3569040894508362,0
903,1788173678.735426,-0.2733026026746,-0.5185218044283281,0.33017897021877607,1.00304659370119,2.9771153971551443,0.00027537432803460956,-1.8685806433307093,-1.791037384663717,-1.2108987013446253,-1.7106269041644495,1.5708465576171875,0.3521639406681061,0
904,1788173678.7776263,-0.27136918657796283,-0.5179938587310277,0.3301909079613761,0.9921565497877111,2.980733537138041,8.464108858621964e-05,-1.865643326436178,-1.7875102202044886,-1.2152612845050257,-1.7096694151507776,1.5708705186843872,0.347795695066452,0
905,1788173678.8162968,-0.2697834268727773,-0.5175415013174643,0.33011065306082865,0.9848113376087914,2.9831852372200354,0.00032748182949313674,-1.8632219473468226,-1.7847030798541468,-1.2188933531390589,-1.7089994589435022,1.5708585977554321,0.3452872633934021,0
906,1788173678.860948,-0.2681734530741956,-0.5170678249069498,0.3301079733902449,0.97807566337916,2.9854395873096893,0.0003978774021888556,-1.8607524077044886,-1.781788174306051,-1.2224763075457972,-1.7083771864520472,1.5708225965499878,0.34323495626449585,0
907,1788173678.9041383,-0.2665303464193218,-0.5166090806923189,0.33013272811754235,0.9728579875831255,2.987119247281837,0.0004154015283801981,-1.858234707509176,-1.7788727919207972,-1.2259886900531214,-1.7077906767474573,1.5708465576171875,0.3422631025314331,0
908,1788173678.9483669,-0.26467707983775063,-0.5160642143368239,0.33021102445460826,0.9683283011382445,2.9885938932382152,-9.715920446929979e-05,-1.8553817907916468,-1.7753461042987269,-1.2301834265338343,-1.7067964712726038,1.5708345174789429,0.3420833349227905,0
909,1788173678.9930234,-0.26302883351150097,-0.5156935554060018,0.3302204268684422,0.9655076133152656,2.9894759346160806,-0.0003414627700015555,-1.8527925650226038,-1.772538963948385,-1.2336238066302698,-1.7060068289386194,1.5708585977554321,0.3427911698818207,0
910,1788173679.0360837,-0.2611641639696271,-0.5150431022348663,0.33015712802501485,0.9633196814306221,2.9902291675372292,0.00012330943723575834,-1.8499396483050745,-1.7691081205951136,-1.2378905455218714,-1.70546800294985,1.5708225965499878,0.3441712260246277,0
911,1788173679.0792642,-0.259507367883166,-0.514945252117769,0.33016549976486587,0.9626820584178506,2.990385225800289,0.00016122086985630047,-1.8471944967852991,-1.7670329252826136,-1.2403834501849573,-1.7050727049456995,1.5708705186843872,0.3464995324611664,0
912,1788173679.124991,-0.25761827767472223,-0.5149077614975374,0.33011500577408925,0.9626755940086394,2.9904072828117143,0.00044003302585144977,-1.8439939657794397,-1.7649090925799769,-1.2430442015277308,-1.7047136465655726,1.5708585977554321,0.34969183802604675,0
913,1788173679.163386,-0.2560011975674339,-0.5149336130848379,0.3302633538662387,0.9625860680457958,2.9904230026348952,-6.7891275836045e-05,-1.841224495564596,-1.7630141417132776,-1.2450340429889124,-1.7042949835406702,1.5708585977554321,0.35240399837493896,0
914,1788173679.2049139,-0.25441131183267507,-0.5150101070748907,0.3301422822278579,0.9627404972898265,2.990395656348553,0.00026829166529535454,-1.8384674231158655,-1.7615025679217737,-1.2471192518817347,-1.7039359251605433,1.5708465576171875,0.3552599847316742,0
915,1788173679.247881,-0.25277059661263535,-0.515080844066614,0.33009000763174545,0.9629436932025353,2.990334202531184,0.00037921822188683726,-1.835625950490133,-1.7598708311664026,-1.2492049376117151,-1.703552548085348,1.5708465576171875,0.3582365810871124,0
916,1788173679.2920992,-0.2508592749202807,-0.5151412338369586,0.3301336409576645,0.9631186917812274,2.9902466043475946,0.00017334116468701728,-1.8323290983783167,-1.7578437964068812,-1.251566235219137,-1.703085724507467,1.5708705186843872,0.3616565763950348,0
917,1788173679.3346584,-0.24929862713404088,-0.5151781791530399,0.33016828088645334,0.9632714936561344,2.990215468741399,-3.70277542076874e-05,-1.8296197096454065,-1.7561519781695765,-1.2535436789142054,-1.7026670614825647,1.5708465576171875,0.3644646406173706,0
918,1788173679.377426,-0.2476593021144931,-0.5152324153933665,0.3301345152593104,0.9630671283540909,2.990300145743475,0.00013116020425539695,-1.8267667929278772,-1.754545036946432,-1.255533520375387,-1.7023919264422815,1.5708345174789429,0.36717718839645386,0
919,1788173679.4197803,-0.24574885564911286,-0.5152419804971815,0.3301709761737656,0.9628528609682855,2.9903566834938666,0.00012945045268345106,-1.8234699408160608,-1.752517048512594,-1.2578709761248987,-1.702080551777975,1.5708465576171875,0.37033316493034363,0
920,1788173679.4616745,-0.24411798480479566,-0.5152823341016474,0.33020776485096204,0.9625442464812104,2.99042720585612,3.626914284641968e-05,-1.8206408659564417,-1.7508381048785608,-1.2598002592669886,-1.7017691771136683,1.5708705186843872,0.37296146154403687,0
921,1788173679.503714,-0.24257851919798726,-0.5153115399496597,0.3301814111263527,0.9629303697419698,2.990321096112994,0.00016619049143234665,-1.8179553190814417,-1.7493026892291468,-1.2616823355304163,-1.7015059630023401,1.5708585977554321,0.3759016990661621,0
922,1788173679.549071,-0.24066244381941135,-0.5154111205284795,0.3300985363873039,0.9631614813160093,2.990280659892367,0.0003485089850606598,-1.8145750204669397,-1.7475388685809534,-1.2639711538897913,-1.7010987440692347,1.5708345174789429,0.3794299364089966,0
923,1788173679.592895,-0.23912627484088453,-0.5155474251469072,0.33012212369836547,0.9635723339103689,2.9901254888956927,0.00038863755100231707,-1.8118537108050745,-1.7462552229510706,-1.2654340902911585,-1.7009432951556605,1.5708585977554321,0.3824304938316345,0
924,1788173679.633952,-0.23718042653891658,-0.5159015907278265,0.3301234505176269,0.9633762275475575,2.9901779414766363,0.000407445898224826,-1.808317009602682,-1.7450316588031214,-1.2668841520892542,-1.7007277647601526,1.5708705186843872,0.385838121175766,0
925,1788173679.6761117,-0.23556964970057756,-0.5164134003618553,0.3301831025016527,0.9631056670301816,2.990305430283288,0.00019504662889794386,-1.8052714506732386,-1.7444561163531702,-1.267447296773092,-1.7006080786334437,1.5708225965499878,0.3886948525905609,0
926,1788173679.7209303,-0.2339231056058295,-0.5171270711610194,0.33009417134644337,0.9626706576807013,2.990411793013594,0.0005012806240242605,-1.8021190802203577,-1.7444680372821253,-1.2676151434527796,-1.7006199995623987,1.5708705186843872,0.3915628492832184,0
927,1788173679.765044,-0.23202807013517804,-0.5180498956908688,0.33017531146316953,0.9627556735703794,2.9904107218988925,0.0002714251269915194,-1.7984145323382776,-1.7445638815509241,-1.267327610646383,-1.700667683278219,1.5708345174789429,0.3953191339969635,0
928,1788173679.808161,-0.23047048419627564,-0.5190928969167088,0.33026631972649917,0.9627407295900716,2.990348922238506,-0.0002294498125760252,-1.7952855269061487,-1.7451995054828089,-1.266416374837057,-1.7006199995623987,1.5708705186843872,0.39845114946365356,0
929,1788173679.8524263,-0.22874803392593746,-0.5205000230626957,0.33020128523801284,0.9632786443602681,2.9902152325749993,-0.000193780438659533,-1.7917011419879358,-1.7466633955584925,-1.2648347059832972,-1.7007635275470179,1.5708345174789429,0.4023875892162323,0
930,1788173679.8962734,-0.22736839877451084,-0.5217809721552475,0.33018353849415777,0.9631304053210842,2.990234003638742,-0.00024445797136107204,-1.7887995878802698,-1.7481868902789515,-1.2630727926837366,-1.7009671370135706,1.5708585977554321,0.4051956534385681,0
931,1788173679.9408503,-0.2258456026532761,-0.5233620292647584,0.33019611218858785,0.9631214769742882,2.9902490322812763,-0.00024439955738906206,-1.7855270544635218,-1.7502978483783167,-1.260519806538717,-1.7014101187335413,1.5708465576171875,0.4084598422050476,0
932,1788173679.9844055,-0.22459240261341926,-0.5247240060330893,0.33027944163013306,0.9627566851915224,2.990334809416058,-0.0005217372074570654,-1.7828291098224085,-1.7521093527423304,-1.2581823507892054,-1.7017572561847132,1.5708585977554321,0.41091999411582947,0
933,1788173680.0274985,-0.223116943603208,-0.5264017818974667,0.33024454448519847,0.9627929486763401,2.990368893323104,-0.00039294251390615225,-1.7796161810504358,-1.754556957875387,-1.2553179899798792,-1.7022598425494593,1.5708225965499878,0.4141482412815094,0
934,1788173680.0712185,-0.22190226803672577,-0.5278163334031568,0.33017205219692164,0.963008949803277,2.9902882641366193,-0.00018169327843538407,-1.7769907156573694,-1.7566917578326624,-1.2529085318194788,-1.7026670614825647,1.5708465576171875,0.41692033410072327,0
935,1788173680.1140993,-0.22042834527685418,-0.5295091050538344,0.3301655536568744,0.9631582142106834,2.99024001569124,-0.0001783959693629548,-1.7738140265094202,-1.7591751257525843,-1.2499364058123987,-1.7031577269183558,1.5708465576171875,0.42019689083099365,0
936,1788173680.1570206,-0.219230221482151,-0.5309202857079499,0.33018015993881,0.9633480503948462,2.9902038031743494,-1.0516672605225658e-05,-1.771224323903219,-1.7613585630999964,-1.2472394148456019,-1.7037799994098108,1.5708345174789429,0.4229086935520172,0
937,1788173680.1968956,-0.21813742989894253,-0.5323744024285312,0.3301795932168686,0.9631289171592624,2.9902508865535995,1.5494085353338293e-05,-1.7688263098346155,-1.763697926198141,-1.244410816823141,-1.7042830626117151,1.5708585977554321,0.42516472935676575,0
938,1788173680.2365627,-0.2170172958136463,-0.5338277025874195,0.3302587060606671,0.9630721991115637,2.990244465371607,-0.0003011984036011167,-1.7663806120501917,-1.7659171263324183,-1.2415698210345667,-1.7047017256366175,1.5708585977554321,0.42757731676101685,0
939,1788173680.279122,-0.21592731007079308,-0.5353282814556644,0.330162301004012,0.9630530650160664,2.9902963463623786,-4.057027147625586e-05,-1.763970677052633,-1.7684481779681605,-1.2387054602252405,-1.7052047888385218,1.5708345174789429,0.4299655258655548,0
940,1788173680.3231885,-0.2146096275402492,-0.5370938652179532,0.33013675501808304,0.9626108926993435,2.9903856985008637,-6.622095672840117e-05,-1.7611172834979456,-1.7713153998004358,-1.2352893988238733,-1.705731217061178,1.5708825588226318,0.43253353238105774,0
941,1788173680.3635643,-0.21352287259113736,-0.5385787914799838,0.33021735672377006,0.9625026260589654,2.9904676579167586,-0.00041503827657615917,-1.7587197462665003,-1.7736662069903772,-1.2322686354266565,-1.7061861197101038,1.5708105564117432,0.43484947085380554,0
942,1788173680.405899,-0.21246110567955775,-0.5400354418075805,0.33015866857658427,0.962814254884441,2.9903782354443442,-0.00012788657496872675,-1.7564175764666956,-1.7761858145343226,-1.2292969862567347,-1.7068207899676722,1.5708225965499878,0.43735793232917786,0
943,1788173680.4487748,-0.21134425993057437,-0.5414993344209812,0.33020239689588227,0.9628683699511386,2.9903486513427415,2.7866178810537568e-05,-1.7540319601642054,-1.7786691824542444,-1.2261202971087855,-1.7076109091388147,1.5708465576171875,0.43978211283683777,0
944,1788173680.4919364,-0.21010952101394875,-0.5433263324728346,0.33010081199805874,0.9631983719771272,2.9902563855220796,0.0003312963404993716,-1.751334015523092,-1.7819197813617151,-1.222344700490133,-1.7083290258990687,1.5708585977554321,0.44269803166389465,0
945,1788173680.5344765,-0.2090521753607768,-0.5448146222438739,0.3301537064603137,0.9632751010589067,2.9902358188934905,8.735494100597121e-05,-1.7490442434894007,-1.784391228352682,-1.2192047278033655,-1.708844010029928,1.5708345174789429,0.4450383186340332,0
946,1788173680.5777433,-0.20796825115877748,-0.5463323024933038,0.3301643009063814,0.9632220390158264,2.990243017327054,-2.2366381711798806e-05,-1.746718708668844,-1.7869585196124476,-1.2160285154925745,-1.7093823591815394,1.5708345174789429,0.4473302960395813,0
947,1788173680.6198378,-0.20668949155058752,-0.548132381087881,0.3301819902192048,0.9629496619485967,2.9903101747084846,-0.0002425253286614611,-1.7439845244037073,-1.7899935881244105,-1.2122653166400355,-1.7099688688861292,1.5708345174789429,0.4498863220214844,0
948,1788173680.6639645,-0.20556985576628545,-0.5496104993256914,0.330192007104702,0.9625422282335754,2.9904444747816386,-7.057876560479782e-05,-1.7416351477252405,-1.7925728003131312,-1.2090166250811976,-1.7107470671283167,1.5708465576171875,0.45196259021759033,0
949,1788173680.7068138,-0.20429135735056433,-0.5514208456241108,0.33013744638040116,0.9623954440890317,2.9905293035519604,5.69872729628917e-05,-1.738913361226217,-1.7957752386676233,-1.2051575819598597,-1.7114890257464808,1.5708225965499878,0.45457887649536133,0
950,1788173680.7492125,-0.20332792148877749,-0.5529449243329835,0.3301924614799575,0.9626265087157371,2.990374496898313,-0.00024551877536565625,-1.7368515173541468,-1.7984626928912562,-1.2017176787005823,-1.7120397726642054,1.5708705186843872,0.45681095123291016,0
951,1788173680.7921512,-0.20251308898863596,-0.5545501901681285,0.33015618985361833,0.9625779185647886,2.99040259314698,-0.00024428009940722766,-1.735004727040426,-1.801570240651266,-1.197930161152975,-1.712722126637594,1.5708585977554321,0.4586228132247925,0
952,1788173680.8341107,-0.2020062699943828,-0.5561140593019644,0.33026675532383953,0.9628731096664586,2.990265386841925,-0.0005361258134476754,-1.7337101141559046,-1.8047969977008265,-1.1936515013324183,-1.7135842482196253,1.5708705186843872,0.46012309193611145,0
953,1788173680.8771627,-0.20168205050678975,-0.5579882406140877,0.3301689272072772,0.963170359223115,2.990262121702358,0.00013169844989199494,-1.732631031666891,-1.8092353979693812,-1.1882222334491175,-1.715008560811178,1.5708465576171875,0.4613829255104065,0
954,1788173680.916121,-0.2015633145544509,-0.5595920593200593,0.3301145296919713,0.9631086460868309,2.9903099372331816,0.0002807172396643184,-1.7319839636432093,-1.813026253377096,-1.1835597197162073,-1.715977970753805,1.5708345174789429,0.46198326349258423,0
955,1788173680.9596822,-0.20143869101326012,-0.561147129309444,0.3302373470374723,0.9629727592959016,2.990316372986418,-8.72942680538459e-05,-1.7313483397113245,-1.8165653387652796,-1.1788256804095667,-1.716935936604635,1.5708345174789429,0.4625352919101715,0
956,1788173681.0019,-0.20137503241464869,-0.5630634792199947,0.33014765603277163,0.9632154076954302,2.990267901734712,0.00032876265592587207,-1.730725113545553,-1.8212679068194788,-1.1730244795428675,-1.7183006445514124,1.5708465576171875,0.4633150100708008,0
957,1788173681.045856,-0.20137273774949868,-0.564709996308336,0.33008226963736687,0.963265510198555,2.990236098767294,0.0002998060948944515,-1.730281178151266,-1.8252151648150843,-1.1681707541095179,-1.7191866079913538,1.5708585977554321,0.4637955129146576,0
958,1788173681.0888257,-0.20132627260373892,-0.5663396954891018,0.3301576465767311,0.9629501728069099,2.990301672537126,-5.107627159123735e-05,-1.7297657171832483,-1.8290179411517542,-1.1631725470172327,-1.7201560179339808,1.5708585977554321,0.46410709619522095,0
959,1788173681.1313448,-0.2013284282289879,-0.5682217378070871,0.3300997937299125,0.9626473237229112,2.990465670671284,0.00047019251446823486,-1.7292621771441858,-1.833780590687887,-1.1571319738971155,-1.721771542225973,1.5708465576171875,0.46439510583877563,0
960,1788173681.1757112,-0.20136418300541287,-0.5698172385630168,0.3301748565722276,0.9626169399478747,2.9904308876540626,0.00016144569352480575,-1.7289026419269007,-1.837607208882467,-1.152062718068258,-1.7228134314166468,1.5708585977554321,0.4647430181503296,0
961,1788173681.2141855,-0.2013793799221997,-0.5713931275607543,0.3302109063194041,0.9626694770634223,2.990407577274157,-2.4241471720662403e-05,-1.728506867085592,-1.8414104620562952,-1.147088352833883,-1.7238667646991175,1.5708465576171875,0.46517518162727356,0
962,1788173681.2553093,-0.20127647687316363,-0.5729983532983063,0.33008484195047993,0.9626259157325577,2.9904518730367355,0.0003902133856227259,-1.7279194037066858,-1.8453686873065394,-1.1422222296344202,-1.7250397841082972,1.5708585977554321,0.4657275974750519,0
963,1788173681.297094,-0.20098400563078608,-0.5745944074820495,0.3301399916796135,0.962850303966695,2.9903472185487807,7.797138763453764e-05,-1.7270200888263147,-1.848931614552633,-1.1375001112567347,-1.7259977499591272,1.5708585977554321,0.4667833149433136,0
964,1788173681.341592,-0.20044887752987725,-0.5765488517610102,0.33018515685135696,0.9630789660048789,2.9902512650174184,-0.00025481065080807606,-1.7256291548358362,-1.8531668821917933,-1.1319153944598597,-1.7271345297442835,1.5708465576171875,0.46833154559135437,0
965,1788173681.3837516,-0.19967733815934657,-0.5780612781277233,0.33013212431600714,0.9629529490755167,2.9903414258505414,0.0002120888571933614,-1.7239750067340296,-1.856406037007467,-1.1277440229998987,-1.7283676306353968,1.5708465576171875,0.4698917269706726,0
966,1788173681.425262,-0.19823450676212365,-0.5798425847058069,0.33013703696074237,0.9626031105179053,2.990411769153839,5.4118854397231715e-05,-1.7211692968951624,-1.8595250288592737,-1.1236689726458948,-1.729217831288473,1.5708705186843872,0.4724717140197754,0
967,1788173681.4672792,-0.19707418605128124,-0.5811882822138363,0.3301869379980594,0.9627542807385738,2.990378004643749,-4.265192672016931e-05,-1.7189272085772913,-1.8618643919574183,-1.120481316243307,-1.7300074736224573,1.5708465576171875,0.47481200098991394,0
968,1788173681.5106835,-0.19567450467971334,-0.5824910735253279,0.3301507327250475,0.9626143996357415,2.99042727905003,0.00011065341115286639,-1.7163251082049769,-1.8639758268939417,-1.117772404347555,-1.730701748524801,1.5708585977554321,0.47731971740722656,0
969,1788173681.5547523,-0.1939419979128499,-0.5838618199800585,0.3302641002486153,0.9628938951005952,2.9903535477374743,-0.00019711337430797766,-1.7131484190570276,-1.8658712545977991,-1.1150277296649378,-1.7313602606402796,1.5708105564117432,0.4806801676750183,0
970,1788173681.5973542,-0.1923408253203244,-0.5848695228727445,0.33015568050209554,0.9630992797192957,2.990303310452613,0.00016297187479652809,-1.710306469594137,-1.867166821156637,-1.1135419050799769,-1.731778923665182,1.5708345174789429,0.4836563766002655,0
971,1788173681.640711,-0.19072680677877016,-0.5858406479890474,0.33015487548348144,0.9629825730859113,2.9902961494824596,-0.00010950082588740385,-1.7074530760394495,-1.8681629339801233,-1.1122716108905237,-1.7318747679339808,1.5708465576171875,0.4864404499530792,0
972,1788173681.6829243,-0.18881027939341546,-0.5868929539937024,0.3302042405405824,0.9628737151021168,2.990312125949038,-0.0003719906173341775,-1.7040842215167444,-1.8691585699664515,-1.1108687559710901,-1.7321141401873987,1.5708345174789429,0.4897402226924896,0
973,1788173681.726642,-0.18718516370799135,-0.5877247388652488,0.3302055348161555,0.9626412022086077,2.9903762951913713,-0.0003483391316631063,-1.7012541929828089,-1.8699501196490687,-1.1098149458514612,-1.732389275227682,1.5708465576171875,0.4924168288707733,0
974,1788173681.7693336,-0.185625363103242,-0.5884886703025018,0.33021042487170704,0.9625006386132517,2.9904187233570507,-0.0003656278467249026,-1.6985448042498987,-1.8706219832049769,-1.1089156309710901,-1.732605282460348,1.5708465576171875,0.49503275752067566,0
975,1788173681.8131366,-0.18366757939237188,-0.589438476077889,0.33016279601499277,0.962584554422182,2.9904213601929874,-0.00012447267404240377,-1.695151154194967,-1.8715456167804163,-1.107776943837301,-1.73297626176943,1.5708465576171875,0.4984767436981201,0
976,1788173681.8546646,-0.1820718296772647,-0.590250838517715,0.33015001950116035,0.9628205211940832,2.9903404279476207,-0.0001609526539288543,-1.6923816839801233,-1.8723252455340784,-1.1067822615252894,-1.7331674734698694,1.5708465576171875,0.5014050006866455,0
977,1788173681.8970814,-0.18044965396510534,-0.591046927188158,0.3301675547673331,0.963058837199842,2.990265871568204,-0.00014151793124468406,-1.6895764509784144,-1.8730929533587855,-1.105715576802389,-1.733478848134176,1.5708465576171875,0.5043691992759705,0
978,1788173681.9395025,-0.1785836112256594,-0.59189415696327,0.33021168499884623,0.9632188291420875,2.9901970426346924,-0.00036597541862925045,-1.6863630453692835,-1.8737290541278284,-1.1047924200641077,-1.7336223761187952,1.5708345174789429,0.5076929926872253,0
979,1788173681.9823325,-0.17698468842948964,-0.5925149145485654,0.3302543240230215,0.9631037905323118,2.9901962841530585,-0.0005454364047060944,-1.68364125887026,-1.8740289847003382,-1.1043131987201136,-1.7336824576007288,1.5708465576171875,0.5103452205657959,0
980,1788173682.0249052,-0.1753770303825807,-0.5931207223174808,0.3302019450930285,0.962910231259171,2.990258614135519,-0.0002554889935514343,-1.6809194723712366,-1.8744490782367151,-1.1038463751422327,-1.7339099089251917,1.5708825588226318,0.5129375457763672,0
981,1788173682.0673873,-0.17339805188197854,-0.5938475975620536,0.3302322239954599,0.9625676538436972,2.9904107214794533,-0.0001349157079867757,-1.6775501410113733,-1.874880615864889,-1.1031745115863245,-1.7342332045184534,1.5708585977554321,0.5160695910453796,0
982,1788173682.110798,-0.17182200376607876,-0.5944357524983432,0.3302006501945338,0.9627317502185709,2.9903545938986094,0.00011744330786686233,-1.6748884359942835,-1.875300709401266,-1.1026595274554651,-1.7344844977008265,1.570894479751587,0.5188416838645935,0
983,1788173682.151884,-0.17023817566008004,-0.5950627985388421,0.3302125451460065,0.9628937179112551,2.9903545113656724,0.00012042279029842014,-1.6721785704242151,-1.8757441679583948,-1.1020363012896937,-1.7346761862384241,1.5708465576171875,0.5216497182846069,0
984,1788173682.1953094,-0.1683111322831735,-0.5958200031418601,0.3301581912469354,0.9632752286693341,2.9902340469184843,0.00031304726405915063,-1.6689170042621058,-1.8763321081744593,-1.1013653914081019,-1.7348793188678187,1.5708705186843872,0.5251659750938416,0
985,1788173682.23526,-0.1666567949794815,-0.5964653287796104,0.33018060027157314,0.9630349679496489,2.990332834142837,0.0001913196014286301,-1.6660998503314417,-1.8767522017108362,-1.1007660071002405,-1.7349870840655726,1.5708345174789429,0.5278182625770569,0
986,1788173682.2740488,-0.1651219675881452,-0.5971181004531002,0.3302193066944473,0.9630847902474721,2.9902939025502198,0.00012236136821204002,-1.6634977499591272,-1.8773163000689905,-1.099926773701803,-1.7352145353900355,1.5708465576171875,0.5304581522941589,0
987,1788173682.3170364,-0.16349181256248776,-0.5978718267338726,0.3302134373505174,0.9630111474430157,2.9902973578518495,7.259416550673018e-05,-1.6607282797442835,-1.8780720869647425,-1.0989440123187464,-1.735406223927633,1.5708585977554321,0.5331823229789734,0
988,1788173682.3607435,-0.16193466207859783,-0.598622301300806,0.33016020873126983,0.9627369517195234,2.990422060509804,0.0003108761357089827,-1.6580780188189905,-1.8789833227740687,-1.0978291670428675,-1.73576528230776,1.5708585977554321,0.5356420874595642,0
989,1788173682.4031665,-0.16000639312904869,-0.5996181052677434,0.33013838124739364,0.9627014027046348,2.990420412623715,0.00022194443510278254,-1.654792610798971,-1.8801592032061976,-1.0963314215289515,-1.7360289732562464,1.5708585977554321,0.5389062762260437,0
990,1788173682.4450033,-0.1584218263907056,-0.6004582449271046,0.3301202948947595,0.9628310140187293,2.990379090908182,0.00022207800604203418,-1.652095142995016,-1.8812268416034144,-1.0949528853045862,-1.7363398710833948,1.5708585977554321,0.5416903495788574,0
991,1788173682.4859455,-0.15680676504477956,-0.6012586916027153,0.3301343178435109,0.9630365149682322,2.990329393380567,0.00015955150531285055,-1.6493490378009241,-1.8821747938739222,-1.093658749257223,-1.7366507689105433,1.5708345174789429,0.5445706844329834,0
992,1788173682.5295255,-0.15518350723167276,-0.6020340177372444,0.33019206258788103,0.9632191000514994,2.990208251194156,-6.823574835553372e-05,-1.6466153303729456,-1.8830145041095179,-1.0924246946917933,-1.7368901411639612,1.5708585977554321,0.5474386811256409,0
993,1788173682.5710473,-0.1532709812965561,-0.6029566827090479,0.33015276251343273,0.9631089480753553,2.9902220222240055,3.789718532017191e-05,-1.6434019247638147,-1.8841541449176233,-1.0909865538226526,-1.7372491995440882,1.570894479751587,0.5505826473236084,0
994,1788173682.6157377,-0.15167001905880617,-0.6037183695846228,0.3301979760546529,0.9630179204115494,2.9902976325943738,-0.00015307909411074874,-1.6406801382647913,-1.8850176970111292,-1.0897396246539515,-1.7375248114215296,1.5708225965499878,0.5532345175743103,0
995,1788173682.6599288,-0.14977818462385595,-0.6045787630988214,0.33013086718702633,0.9627837650138826,2.9904186908883603,0.000277766721469494,-1.6375144163714808,-1.886169735585348,-1.0883014837848108,-1.7380874792682093,1.5708465576171875,0.5562347173690796,0
996,1788173682.7024736,-0.14813356467601177,-0.6052833589385135,0.3301535317263587,0.9625440638410296,2.9904623802769033,0.00015389030172058816,-1.634768311177389,-1.8869012037860315,-1.0872824827777308,-1.7382906118976038,1.5708585977554321,0.5588270425796509,0
997,1788173682.7440784,-0.14659907877319178,-0.6058967913278748,0.3302113628460581,0.962964436089954,2.9902812137584793,-4.014819350437764e-05,-1.632214371358053,-1.8874653021441858,-1.0864079634295862,-1.7384703795062464,1.5708705186843872,0.5616710782051086,0
998,1788173682.7878003,-0.14461749281036249,-0.6067017281512707,0.3302286504518953,0.9631127312400507,2.990235617221371,-0.00017675871383113863,-1.6289051214801233,-1.888268772755758,-1.0853050390826624,-1.7386859099017542,1.5708465576171875,0.5650790929794312,0
999,1788173682.8326957,-0.14306329507762947,-0.6072122093768446,0.33023089738637,0.9635153728466126,2.990124295015014,-0.00014425417988437442,-1.626326862965719,-1.8886526266681116,-1.0847776571856897,-1.7388537565814417,1.5708345174789429,0.5679230690002441,0
1000,1788173682.8762221,-0.14113525871803317,-0.607839832201194,0.3302951449502231,0.9633262817308219,2.9901367185397816,-0.0004154178727958382,-1.6231377760516565,-1.8890250364886683,-1.0841549078570765,-1.7389252821551722,1.5708345174789429,0.5709951519966125,0
1001,1788173682.9178517,-0.13959301644635383,-0.60828185691812,0.33021640869416335,0.9632414672435615,2.9901723539416336,-0.0001464137943523731,-1.6206076780902308,-1.8893244902240198,-1.0839150587665003,-1.739033047352926,1.5708705186843872,0.5734668970108032,0
1002,1788173682.9608061,-0.1379444267616091,-0.6087095336344408,0.33024676554650356,0.9627951306947341,2.990313819243899,-0.00030115265755568135,-1.6178854147540491,-1.8894084135638636,-1.0837472120868128,-1.739021126423971,1.5708465576171875,0.5758910775184631,0
1003,1788173683.0009294,-0.1363226723389727,-0.6090990268162931,0.3302365792735461,0.9626066787661324,2.9903950686542693,-0.0003279968340118371,-1.615211311970846,-1.8894570509540003,-1.0837109724627894,-1.7389972845660608,1.5708225965499878,0.5784351229667664,0
1004,1788173683.0428033,-0.13440872770070184,-0.6095495453462887,0.3302087226642989,0.9628200789804776,2.9903060742887417,-0.00022152558664593715,-1.6120818297015589,-1.8895528952227991,-1.0836394468890589,-1.739033047352926,1.5708585977554321,0.5817112922668457,0
1005,1788173683.0857627,-0.13281219249976947,-0.6099473810152654,0.3301444246334517,0.962891116140284,2.9903323927784253,-2.6396324639054455e-05,-1.6094558874713343,-1.8897326628314417,-1.083531681691305,-1.7390931288348597,1.5708465576171875,0.5843751430511475,0
1006,1788173683.1277683,-0.1312403039065765,-0.610319722628915,0.3301622566041246,0.9633411757765779,2.9901838430677574,-4.4891591857232265e-05,-1.60687762895693,-1.8898165861712855,-1.0833757559405726,-1.739152733479635,1.5708465576171875,0.5872551202774048,0
1007,1788173683.1710389,-0.12923468005447225,-0.6107818055401298,0.3301300950818984,0.963003731277559,2.9902908108606328,0.00015242993682297614,-1.6036041418658655,-1.8899725119220179,-1.0832198301898401,-1.7392728964435022,1.5708825588226318,0.5903032422065735,0
1008,1788173683.2143028,-0.12771040530475095,-0.6111510369912483,0.33012978784713154,0.9631400283140531,2.9902748341395817,0.0001602195963290435,-1.60109788576235,-1.8901045958148401,-1.0830400625811976,-1.7393325010882776,1.5708585977554321,0.5928952097892761,0
1009,1788173683.2575855,-0.12610182179895624,-0.6114984754397493,0.3301433915030447,-0.9630973920383046,-2.990314100357484,-0.000139227002369096,-1.5984481016742151,-1.8901408354388636,-1.0829561392413538,-1.739380184804098,1.5708105564117432,0.5955114960670471,0
1010,1788173683.2964725,-0.12420062987654867,-0.6118746004455472,0.3301213313796387,0.9628649998201637,2.990383229275111,0.00019109822413789426,-1.595353905354635,-1.8901165167437952,-1.0830400625811976,-1.7393444220172327,1.5708465576171875,0.5984513759613037,0
1011,1788173683.3381796,-0.12260151037397905,-0.6121336300352154,0.33007585438181536,-0.9627817731963542,-2.9904216402400867,-0.000436643714738425,-1.5927522818194788,-1.8900330702411097,-1.0832317511187952,-1.739392105733053,1.5708705186843872,0.6009950637817383,0
1012,1788173683.380697,-0.12100491166044518,-0.6123884614511753,0.3300822757975613,-0.9628836952029148,-2.990360624519146,-0.00044227225675249606,-1.590137783681051,-1.8898761908160608,-1.0834234396563929,-1.7393682638751429,1.5708465576171875,0.6036832332611084,0
1013,1788173683.4246044,-0.11942180307536097,-0.6126175053516919,0.3300765526370852,-0.9632818547840541,-2.990232616545321,-0.0005020972856044317,-1.587560002003805,-1.8896845022784632,-1.0836871306048792,-1.7393325010882776,1.5708585977554321,0.6065272688865662,0
1014,1788173683.4656785,-0.11746060016143432,-0.6129109184949618,0.3300827948015169,-0.9634511918364689,-2.990193668913299,-0.0005487877217177171,-1.5843704382525843,-1.8894808928119105,-1.0839389006244105,-1.7393081823932093,1.5708825588226318,0.6098270416259766,0
1015,1788173683.505881,-0.11587731640596978,-0.6131391021817945,0.330102228241534,-0.9634872539967346,-2.99017190333558,-0.0004660258668763576,-1.581780258809225,-1.8892648855792444,-1.0841906706439417,-1.7392247358905237,1.5708585977554321,0.6124433279037476,0
1016,1788173683.5483916,-0.11426138981788937,-0.6133702471255236,0.3301469491527812,-0.9631161197047451,-2.990301063415404,-0.0003530470747659559,-1.579141918812887,-1.8890488783465784,-1.0843828360186976,-1.7391770521747034,1.5708465576171875,0.6148315668106079,0
1017,1788173683.5891209,-0.11268212585302144,-0.6136267920192802,0.3301643838063263,0.9630873882627571,2.990325788912183,0.00018443060795843926,-1.5765636602984827,-1.8888924757586878,-1.0845745245562952,-1.739033047352926,1.5708345174789429,0.617387592792511,0
1018,1788173683.6327324,-0.1110405097932133,-0.6138244037418327,0.33012538161314703,-0.9628627703228376,-2.9903582715296304,-0.0003992527296493079,-1.5738895575152796,-1.8887007872210901,-1.084897820149557,-1.7390449682818812,1.5708345174789429,0.6199192404747009,0
1019,1788173683.6759655,-0.10911140534197895,-0.6141069813771839,0.33009642151284435,-0.9628802850712052,-2.990340266448035,-0.00045251760390311804,-1.5707476774798792,-1.8885448614703577,-1.0851734320269983,-1.7389610449420374,1.5708345174789429,0.6230752468109131,0
1020,1788173683.7182105,-0.10748120736202149,-0.6143261847359167,0.3301134187836459,-0.9628397210552915,-2.9903877968378296,-0.00035129661723637537,-1.5680978933917444,-1.8883288542376917,-1.0854371229754847,-1.7388418356524866,1.5708465576171875,0.6256911754608154,0
1021,1788173683.7594166,-0.1058807358320837,-0.6145513589832142,0.33009233015043976,-0.9631180770450091,-2.99025798248982,-0.00041064797930014015,-1.565483872090475,-1.8882091681109827,-1.0856407324420374,-1.7388055960284632,1.5708225965499878,0.6284992098808289,0
1022,1788173683.801927,-0.1040234963260352,-0.6148044061822028,0.3301082446740903,-0.9633767650238395,-2.99018956593499,-0.00033926654739921777,-1.5624616781817835,-1.888017479573385,-1.0858686606036585,-1.7387216726886194,1.5708225965499878,0.6316915154457092,0
1023,1788173683.8472073,-0.10243511107415486,-0.6150058169996263,0.33007423772137356,0.963370366793456,2.9902246431637165,0.0003089664457521062,-1.5598953405963343,-1.887812916432516,-1.0862401167498987,-1.738518540059225,1.5708705186843872,0.6342471241950989,0
1024,1788173683.890966,-0.100522273960572,-0.6151822667119238,0.33009202414219335,-0.9631776129521786,-2.990288281285262,-0.00035696822602708007,-1.5567782560931605,-1.887477223073141,-1.0866358915912073,-1.7384946982013147,1.5708585977554321,0.6372349858283997,0
1025,1788173683.9320858,-0.09884366692090309,-0.6153753225897639,0.3300975695291122,0.9625337898380956,2.9904943259388643,0.00018845680742610372,-1.5540435949908655,-1.8872011343585413,-1.0870187918292444,-1.7382786909686487,1.5708465576171875,0.6395393013954163,0
1026,1788173683.9735222,-0.09729247423835935,-0.6154506309745614,0.33007327463199687,-0.9626289681780006,-2.9904728404728558,-0.00020078381486327867,-1.5515134970294397,-1.8867452780352991,-1.0876901785479944,-1.7380755583392542,1.5708345174789429,0.6421312689781189,0
1027,1788173684.0160136,-0.09584854094106621,-0.6155040639228051,0.33013647592939516,0.962787802652413,2.99034419069079,5.492815120860114e-06,-1.5491750876056116,-1.8862298170672815,-1.0882533232318323,-1.7378838698016565,1.5708705186843872,0.6445910334587097,0
1028,1788173684.0590472,-0.09528813368312616,-0.6155559036958836,0.3300756855247743,0.9627512005771945,2.990413773158721,0.0002546827887280022,-1.5482633749591272,-1.8862178961383265,-1.0883854071246546,-1.7379315535174769,1.5708705186843872,0.6454669833183289,0
1029,1788173684.100958,-0.09534999682379995,-0.6155533925115972,0.3300882911028512,0.9627517667063328,2.9904130976881946,0.00019546943383834514,-1.5483596960650843,-1.8862178961383265,-1.0883615652667444,-1.7379196325885218,1.5708585977554321,0.64537113904953,0
1030,1788173684.1441047,-0.09534741997352371,-0.6155469138842984,0.3300587636179001,0.9627746602673565,2.9904227799749408,0.000326152922022977,-1.5483596960650843,-1.8862417379962366,-1.0883854071246546,-1.7379558722125452,1.5708705186843872,0.6453831195831299,0
1031,1788173684.1857626,-0.09535543190735776,-0.6155562368277688,0.3300894188591659,0.9627754532339736,2.990425270200088,0.0001653829795126367,-1.5483596960650843,-1.8862178961383265,-1.0883615652667444,-1.7379077116595667,1.5708345174789429,0.6453831195831299,0
1032,1788173684.2274513,-0.09533785737610002,-0.6155521242196987,0.3301002124591432,0.9626454142868627,2.9904551811153124,0.00017158026978294886,-1.548335377370016,-1.8862059752093714,-1.0883496443377894,-1.7379315535174769,1.5708465576171875,0.6453227996826172,0
