frame_index,timestamp,tcp_x,tcp_y,tcp_z,tcp_rx,tcp_ry,tcp_rz,joint_0,joint_1,joint_2,joint_3,joint_4,joint_5,suction_on
0,1788174224.9805877,-0.10911178955189685,-0.48690139099469104,0.2858806546956417,1.2023448794500682,-2.902399584071436,0.0001856283658333304,-1.5707357565509241,-1.570723835621969,-1.5708406607257288,-1.5707123915301722,1.5708345174789429,-0.785414997731344,0
1,1788174225.020476,-0.10911484521158077,-0.4868977447577231,0.28589113502566177,1.2022948007440033,-2.9024274310399125,0.0002101662056470664,-1.5707476774798792,-1.570711914693014,-1.5708287397967737,-1.5707243124591272,1.5708465576171875,-0.7853906790362757,0
2,1788174225.0620384,-0.10912031649720601,-0.4868777241160034,0.28584571313237983,-1.2022674293305848,2.9024102965119876,-4.077483484308188e-06,-1.5707476774798792,-1.5707357565509241,-1.5708888212787073,-1.5707724730121058,1.5708225965499878,-0.7853787581073206,0
3,1788174225.1009789,-0.10910018091888475,-0.4869036158088048,0.2858783978556303,-1.2023465195127467,2.902405502052353,-0.00015102855081161704,-1.570711914693014,-1.5707357565509241,-1.5708287397967737,-1.5707362333880823,1.5708345174789429,-0.7853906790362757,0
4,1788174225.1392171,-0.10911484641371899,-0.48687303433483275,0.2858573212286559,-1.2023150402976306,2.9023764875302818,-5.308064425009638e-05,-1.5707476774798792,-1.570711914693014,-1.5708888212787073,-1.5707724730121058,1.5708465576171875,-0.785414997731344,0
5,1788174225.1758637,-0.10911178991096042,-0.48689546287917984,0.2858618806761725,-1.202273759226765,2.9024255721553094,-0.0001157355159923871,-1.5707357565509241,-1.5707357565509241,-1.5708649794207972,-1.5707243124591272,1.5708345174789429,-0.7853668371783655,0
6,1788174225.2163057,-0.10910904166566815,-0.4868869062927647,0.2858464227265094,-1.2022952326149936,2.9023795574767424,-3.508745247959534e-05,-1.5707357565509241,-1.5707481543170374,-1.5708773771869105,-1.5707600752459925,1.5708465576171875,-0.7853906790362757,0
7,1788174225.257851,-0.10908649178569921,-0.4869006105809032,0.28586075342219597,-1.2022681130771213,2.9023630073705275,-0.00013447096041758948,-1.570711914693014,-1.5707481543170374,-1.5708525816546839,-1.5707362333880823,1.570894479751587,-0.7853549162494105,0
8,1788174225.299317,-0.10911759404381491,-0.4868963330220657,0.2858538198683809,-1.2022339223166205,2.9024272633117034,-6.383451069501721e-05,-1.5707476774798792,-1.5707600752459925,-1.5708525816546839,-1.5707481543170374,1.5708345174789429,-0.7853549162494105,0
9,1788174225.3393981,-0.10910870719716702,-0.4868968726239598,0.2858667887518364,-1.2023296560122503,2.9024137249859856,-0.00010926280097489177,-1.570723835621969,-1.5707357565509241,-1.5708525816546839,-1.5707362333880823,1.5708225965499878,-0.7853906790362757,0
10,1788174225.3804064,-0.10910598584637836,-0.4868941509445469,0.28586566036456,-1.2023592740938727,2.9023854097902255,-9.912755718606244e-05,-1.570723835621969,-1.5707357565509241,-1.5708525816546839,-1.5707481543170374,1.5708345174789429,-0.785414997731344,0
11,1788174225.4190035,-0.10911484526193596,-0.4868967095648794,0.2858607526104882,-1.202250457189966,2.902418247598947,-0.00010567168072835187,-1.5707476774798792,-1.5707481543170374,-1.5708525816546839,-1.5707362333880823,1.5708465576171875,-0.7853668371783655,0
12,1788174225.4623642,-0.10910629238385507,-0.48689546254617455,0.285861880952319,-1.202299845657126,2.9023906856873727,-0.00013020862258335662,-1.5707357565509241,-1.5707357565509241,-1.5708649794207972,-1.5707243124591272,1.5708585977554321,-0.7853906790362757,0
13,1788174225.5032883,-0.1091181329112796,-0.486895639264558,0.28587726959189885,-1.2022317706756955,2.9024240185213204,-0.00014820087864346376,-1.5707600752459925,-1.5707357565509241,-1.5708287397967737,-1.5707481543170374,1.5708585977554321,-0.7853668371783655,0
14,1788174225.5460165,-0.10909745249830002,-0.48666261953504797,0.28578844941242987,-1.2022707148636576,2.902320388084984,0.00020780389312138553,-1.570711914693014,-1.5703042189227503,-1.5714286009417933,-1.570820156727926,1.5708465576171875,-0.7853668371783655,0
15,1788174225.5843801,-0.10911215445916296,-0.4857053095093513,0.28581423679208584,-1.2022514172167578,2.9023716449085972,6.80754516330882e-06,-1.5707476774798792,-1.5679891745196741,-1.5737059752093714,-1.5707243124591272,1.5708585977554321,-0.7853787581073206,0
16,1788174225.6254423,-0.10911467814185061,-0.4841435703521965,0.28588266772324894,1.2023119371133093,-2.9024198793965263,0.00011341472858048945,-1.5707357565509241,-1.564258877431051,-1.5772665182696741,-1.570796314870016,1.5708225965499878,-0.7853906790362757,0
17,1788174225.6654058,-0.10913552280808637,-0.482557445021096,0.28590635265181774,1.202320117378265,-2.9023926473388086,0.0002458298476399914,-1.5707843939410608,-1.5604928175555628,-1.580958668385641,-1.5707839171039026,1.5708345174789429,-0.7854507605182093,0
18,1788174225.7050378,-0.1091584757142663,-0.48095502571948906,0.28586089045731,-1.2023354169586666,2.9023787069735234,-4.100396818371237e-05,-1.5708320776568812,-1.55681020418276,-1.5846746603595179,-1.5708916823016565,1.5708345174789429,-0.7855108420001429,0
19,1788174225.748027,-0.10919018275469637,-0.47933390164236434,0.28584738925619013,-1.2022563794439,2.9023855797177287,1.9112088524576549e-07,-1.5709040800677698,-1.5530317465411585,-1.588414494191305,-1.5709636847125452,1.5708465576171875,-0.785534683858053,0
20,1788174225.788697,-0.10919313679823112,-0.47739307337529485,0.2858551546058675,-1.2022146423249425,2.9023826740231757,-7.68129010066732e-05,-1.57092792192568,-1.5484498182879847,-1.5928862730609339,-1.5710356871234339,1.5708825588226318,-0.785534683858053,0
21,1788174225.8279307,-0.10920974068978097,-0.4757928647763873,0.285842660107842,-1.2022362138307956,2.9023838693595954,-1.397210551218324e-05,-1.5709517637835901,-1.5447076002704065,-1.5965541044818323,-1.5711434523211878,1.5708585977554321,-0.7855709234820765,0
22,1788174225.8676085,-0.1092463797884702,-0.4741686788525738,0.2858043907222151,-1.2022095419599064,2.9023684178344236,0.00012818585367796697,-1.5710237661944788,-1.5409529844867151,-1.6002700964557093,-1.5712750593768519,1.5708465576171875,-0.7856310049640101,0
23,1788174225.9079545,-0.10925440284456894,-0.47258720270243976,0.28588906663148594,1.2022546018292282,-2.9024282483309887,0.0002160693069991355,-1.5710356871234339,-1.537103001271383,-1.6038301626788538,-1.5713227430926722,1.5708345174789429,-0.7856548468219202,0
24,1788174225.947976,-0.10927381738613651,-0.47101097355169874,0.2858807475619771,1.202206249539909,-2.902460273847394,0.00012517671642595996,-1.5710719267474573,-1.5334323088275355,-1.6073668638812464,-1.5715144316302698,1.5708225965499878,-0.7856548468219202,0
25,1788174225.9868228,-0.10926524029116881,-0.46971191870191414,0.28589509906168703,-1.2022111273314717,2.902423115185172,-0.00011500226867310165,-1.5710719267474573,-1.5303853193866175,-1.6102436224566858,-1.5717065970050257,1.5708585977554321,-0.7856667677508753,0
26,1788174226.0257695,-0.10927312717785308,-0.46810630966949596,0.2858200543847562,-1.2021512178701153,2.9023763626486296,0.00018491506906786505,-1.5710838476764124,-1.5267155806170862,-1.6138880888568323,-1.5719335714923304,1.5708465576171875,-0.7856548468219202,0
27,1788174226.063054,-0.10926144932196762,-0.4664923482549423,0.2857913007018674,-1.2022341638639626,2.902331959000792,0.00031833404888121156,-1.5710480848895472,-1.5229490439044397,-1.6175206343280237,-1.5721495787249964,1.5708225965499878,-0.7856786886798304,0
28,1788174226.1024256,-0.10928048947589426,-0.4648766004755356,0.2857522221439439,-1.2021401205671878,2.902300653250732,0.0005152563516728508,-1.5710957686053675,-1.5192306677447718,-1.6211045424090784,-1.5724247137652796,1.5708345174789429,-0.7856786886798304,0
29,1788174226.1453705,-0.10927450984276982,-0.4632665856718879,0.2857500356585848,-1.2021552579508192,2.9022863253633653,0.00044472710017104297,-1.5710957686053675,-1.515416447316305,-1.6247127691852015,-1.5725920836078089,1.5708585977554321,-0.7856910864459437,0
30,1788174226.1831489,-0.10926577535307953,-0.46167961805058566,0.2858168635966357,-1.202257243225585,2.902336791433474,0.00016968977349160128,-1.5710719267474573,-1.5115659872638147,-1.6282008329974573,-1.5727599302874964,1.5708465576171875,-0.7857149283038538,0
31,1788174226.2215238,-0.1092845382932205,-0.46008045361170374,0.28579226086245624,-1.2021000808380677,2.9023996955936022,0.00022675122025013033,-1.5711076895343226,-1.5078242460833948,-1.631749455128805,-1.5729873816119593,1.5708345174789429,-0.7856429258929651,0
32,1788174226.2632658,-0.10928130293658436,-0.45850445268976825,0.2858284840039692,-1.2022803956284474,2.902392670852479,3.880502913588723e-05,-1.5710957686053675,-1.50403339067568,-1.6352141539203089,-1.573179070149557,1.5708225965499878,-0.785738770161764,0
33,1788174226.303576,-0.1092835491032952,-0.45690348415173726,0.2858937140068374,-1.202294214821912,2.902426022688064,-0.00014687788990942974,-1.5711076895343226,-1.500195328389303,-1.638630215321676,-1.5734780470477503,1.5708345174789429,-0.785750691090719,0
34,1788174226.3451655,-0.10931063180125142,-0.4553201635056505,0.2858750109642537,-1.2021303520935696,2.9024747246094886,-7.976301871843335e-05,-1.5711682478534144,-1.4965012709247034,-1.6420710722552698,-1.5737775007831019,1.5708345174789429,-0.7857030073748987,0
35,1788174226.385837,-0.10930172352937845,-0.45372042875977003,0.28589017219028917,1.2021850337939095,-2.9024579842789726,0.0001639221899821239,-1.571143929158346,-1.4926870504962366,-1.6455472151385706,-1.574052635823385,1.5708225965499878,-0.7857149283038538,0
36,1788174226.4327383,-0.10928186549389898,-0.4521003272310985,0.2858468799263507,-1.2021865408788912,2.902410728395473,-0.000134262377877953,-1.5711315313922327,-1.488884750996725,-1.6491196791278284,-1.5743277708636683,1.5708825588226318,-0.7857149283038538,0
37,1788174226.4704752,-0.10929501893439278,-0.45016958134349566,0.2858230791928979,-1.2021485968763888,2.902418956924772,3.96114577323639e-05,-1.571143929158346,-1.4843867460833948,-1.653243366871969,-1.5748069922076624,1.5708465576171875,-0.7857030073748987,0
38,1788174226.511282,-0.10928615125398065,-0.44856650992899944,0.2858372916247056,-1.2022665485866175,2.902359246837235,2.8213456963907444e-05,-1.5711315313922327,-1.4805968443499964,-1.656635586415426,-1.5752018133746546,1.5708585977554321,-0.7857745329486292,0
39,1788174226.5487847,-0.10929663380343561,-0.4469075360948569,0.2858327720813624,-1.2021982799726507,2.90234319160896,0.00028208855087876367,-1.571143929158346,-1.4767707029925745,-1.6600521246539515,-1.5757764021502894,1.5708345174789429,-0.785750691090719,0
40,1788174226.5892854,-0.10930154325483717,-0.44529402422515396,0.2858004096277727,-1.2021876629818686,2.9023175535664154,0.00048538062256545827,-1.571143929158346,-1.4730284849749964,-1.66345721880068,-1.5762437025653284,1.5708105564117432,-0.785750691090719,0
41,1788174226.6296144,-0.10929824584748433,-0.44371565866751067,0.2857721120883741,-1.2021595313388,2.9022985778070676,0.0005431694890922592,-1.571143929158346,-1.4693220297442835,-1.6668255964862269,-1.5766266028033655,1.5708225965499878,-0.785738770161764,0
42,1788174226.668486,-0.10930299003964992,-0.44216415229134837,0.2858235903112718,-1.2021269298376083,2.9023686169436687,0.0002471699007159933,-1.5711682478534144,-1.4655559698687952,-1.6700862089740198,-1.5769379774676722,1.5708465576171875,-0.7857268492328089,0
43,1788174226.7085595,-0.10929693025906616,-0.4405580331635413,0.28584419569583164,-1.2022164668860846,2.90238708781248,5.2753489445252e-05,-1.571155850087301,-1.461682144795553,-1.6734908262835901,-1.577273193989889,1.5708465576171875,-0.7857626120196741,0
44,1788174226.7476535,-0.10929922072645654,-0.43928329985759557,0.2857907752267469,-1.2021791620907032,2.9023459677842927,0.00030007566228372625,-1.571155850087301,-1.4587553183185022,-1.6761639753924769,-1.5776923338519495,1.5708345174789429,-0.785750691090719,0
45,1788174226.7872148,-0.10929031775483057,-0.43738107016270256,0.2858249412570175,-1.202191535286578,2.902375830002539,3.0035871808031843e-05,-1.571155850087301,-1.4541614691363733,-1.6801441351519983,-1.578134838734762,1.5708705186843872,-0.785750691090719,0
46,1788174226.8303397,-0.1092979536957926,-0.43575910364796416,0.2858640101026224,-1.2022168454114688,2.9024369241267634,-7.28446148605952e-05,-1.571155850087301,-1.450275723134176,-1.6834529081927698,-1.5786259810077112,1.5708345174789429,-0.785750691090719,0
47,1788174226.8725579,-0.10928945545138735,-0.43416427376649264,0.28562873980740555,-1.2022249959216382,2.90240767258746,-3.165521876364437e-05,-1.571143929158346,-1.4465091864215296,-1.6873129049884241,-1.5785658995257776,1.5708465576171875,-0.785750691090719,0
48,1788174226.9149387,-0.10929941226835156,-0.4325444472539858,0.28458886511073683,-1.2021737646151607,2.9023838186316455,0.00012609195339613615,-1.5711682478534144,-1.4427192846881312,-1.6932109037982386,-1.576566521321432,1.5708465576171875,-0.785750691090719,0
49,1788174226.9546483,-0.1092988212698834,-0.4309554055598733,0.2827750594446463,-1.202195748517926,2.9023879589561683,7.973589213977134e-05,-1.5711682478534144,-1.4389174620257776,-1.7011106649981897,-1.5724366346942347,1.5708465576171875,-0.7857626120196741,0
50,1788174226.9943805,-0.10936242973980242,-0.4294098965742665,0.2802213194930629,1.2022250923560434,-2.9024548719072323,0.00016555854855053714,-1.5713112990008753,-1.4351990858661097,-1.7108443419085901,-1.566247288380758,1.5708345174789429,-0.7859066168414515,0
51,1788174227.0372088,-0.10944863405917504,-0.4273987454288965,0.276209988977039,-1.2021549077105267,2.902285468087224,0.000546265189597082,-1.5715153853045862,-1.430821720753805,-1.7246788183795374,-1.5572808424579065,1.5708345174789429,-0.7861107031451624,0
52,1788174227.0791323,-0.10944201347299955,-0.4258369020115704,0.27306408400812565,-1.2022269195783024,2.9023125261509732,0.00024883959716901605,-1.5715153853045862,-1.4271271864520472,-1.7358759085284632,-1.5495832602130335,1.5708585977554321,-0.7861464659320276,0
53,1788174227.1215663,-0.10929655114156644,-0.4242880832395046,0.2698774636405227,-1.2020143707572195,2.9025372438622226,-8.158574995511584e-05,-1.571155850087301,-1.4233973662005823,-1.747204605733053,-1.541741673146383,1.5708225965499878,-0.7856071631060999,0
54,1788174227.1617956,-0.10885965913757616,-0.42260017529045973,0.2665777420866675,-1.202019501293422,2.9023539181320133,0.00045570632920995677,-1.5701363722430628,-1.4195593039142054,-1.7587488333331507,-1.5344155470477503,1.5708465576171875,-0.7846353689776819,0
55,1788174227.199288,-0.10775784240707607,-0.42120096734691387,0.26349272099881416,-1.201998097171923,2.902499910143386,2.429831732892246e-05,-1.5675104300128382,-1.415661636983053,-1.7699459234820765,-1.526813809071676,1.5708345174789429,-0.7819612661944788,0
56,1788174227.237678,-0.10642655372235138,-0.4199278975882943,0.2602160936961534,-1.2020351991370173,2.902395724703411,0.00029147033573084915,-1.5643327871905726,-1.412267033253805,-1.7810829321490687,-1.5192597548114222,1.5708465576171875,-0.7788308302508753,0
57,1788174227.2765553,-0.10512427741662024,-0.418743461684184,0.25701176186662666,-1.2021820197117408,2.9024017846409667,0.00020487008826125031,-1.5611785093890589,-1.4090045134173792,-1.7919805685626429,-1.511550251637594,1.5708105564117432,-0.7757614294635218,0
58,1788174227.3189752,-0.10385650907428892,-0.41760413817467495,0.25387562585425755,-1.2020947086204914,2.90249240779842,-9.255617180361552e-05,-1.5581210295306605,-1.4058626333819788,-1.8026259581195276,-1.5038521925555628,1.5708345174789429,-0.7726305166827601,0
59,1788174227.3619323,-0.10251099288287133,-0.4163410245966783,0.2506435864704295,-1.2022797615631975,2.902299178082681,0.00018062768108378005,-1.5548589865313929,-1.4026601950274866,-1.8134635130511683,-1.496418301259176,1.5708705186843872,-0.7695243994342249,0
60,1788174227.4038723,-0.10117464821578617,-0.4151795142438482,0.24738366776004012,-1.202245031747385,2.902266228117278,0.0005129199424273404,-1.5515616575824183,-1.3997696081744593,-1.824108902608053,-1.4888761679278772,1.5708345174789429,-0.766214672719137,0
61,1788174227.4454994,-0.09975349345757752,-0.4142536846406079,0.24427489106412334,-1.2021956323681995,2.9024424626439203,-0.0001688016502172869,-1.5480836073504847,-1.397083584462301,-1.8343594709979456,-1.4808548132525843,1.5708585977554321,-0.7626646200763147,0
62,1788174227.4872463,-0.09812329407175668,-0.4128451767284043,0.24040393815879676,-1.2019233716279016,2.9025250160443834,0.0001549228290228802,-1.544006649647848,-1.393677059804098,-1.846982781087057,-1.4718402067767542,1.5708105564117432,-0.7584074179278772,0
63,1788174227.5418444,-0.09628872831706863,-0.411128717432856,0.23601952821920524,1.2022177292239635,-2.9024507943169926,0.00020693133934939747,-1.5394142309771937,-1.389395538960592,-1.8617289702044886,-1.4611380735980433,1.5708345174789429,-0.7540062109576624,0
64,1788174227.5845573,-0.09517863481654543,-0.4097233693666929,0.2327174523860415,-1.2022297510143787,2.9022841470775096,0.0003314767249594856,-1.536595646535055,-1.3864205519305628,-1.8724945227252405,-1.4537270704852503,1.5708705186843872,-0.751235310231344,0
65,1788174227.6272442,-0.09444898359545736,-0.40827799915922364,0.22952601232963443,-1.2023377530501485,2.9022982549016296,0.0001581119962812535,-1.5346649328814905,-1.3833144346820276,-1.8831999937640589,-1.4460051695453089,1.5708585977554321,-0.7493646780597132,0
66,1788174227.6688743,-0.09410035314743133,-0.4068740185674732,0.22640213714060012,-1.2023577968948724,2.902346613785157,-0.0001164597824357727,-1.5336816946612757,-1.3805320898639124,-1.8934863249408167,-1.4383190313922327,1.5708705186843872,-0.7483814398394983,0
67,1788174227.7102091,-0.09383990795859556,-0.40490395112477595,0.22248707125266598,-1.202436651278698,2.9021925749268784,0.0005212974234268195,-1.532830063496725,-1.3770306746112269,-1.9062302748309534,-1.4294961134540003,1.5708345174789429,-0.7476137320147913,0
68,1788174227.7518659,-0.09362032060537402,-0.40336788160279136,0.21925607407333575,-1.2022843535773757,2.9023200406226075,0.00026999588647396436,-1.5321348349200647,-1.3741520086871546,-1.9168642202960413,-1.421570126210348,1.5708345174789429,-0.7467978636371058,0
69,1788174227.7944303,-0.0934305811132358,-0.4018331372135267,0.21615227357209418,-1.20203654101611,2.902457671049535,2.3721458069188028e-05,-1.5315230528460901,-1.3713095823871058,-1.927138630543844,-1.4139798323260706,1.5708585977554321,-0.7460067907916468,0
70,1788174227.8342247,-0.09326277668019367,-0.4001760506782066,0.21291982032140036,-1.2021389701278749,2.9023624585649515,0.00023182606579921257,-1.5309355894671839,-1.3684309164630335,-1.9377005735980433,-1.4064376989947718,1.5708585977554321,-0.7455027739154261,0
71,1788174227.873736,-0.09294575795060779,-0.3985782237899146,0.20973739508909556,-1.2022678477289221,2.9023760807053103,2.2673180552022377e-05,-1.5299642721759241,-1.3654926458941858,-1.9482505957232874,-1.398679558430807,1.5708465576171875,-0.7446039358722132,0
72,1788174227.9165905,-0.09236312729070231,-0.3970076219198117,0.2066368789021017,-1.20220707692967,2.902427028824546,-0.0001891885109950388,-1.5283330122577112,-1.3624942938434046,-1.958632771168844,-1.39116079012026,1.5708705186843872,-0.7429245154010218,0
73,1788174227.9591525,-0.09126086433314556,-0.39521453486327507,0.20282325362412998,1.2021095863286493,-2.902489172990576,0.00024091699927625675,-1.525299374257223,-1.3590520063983362,-1.9711855093585413,-1.3820021788226526,1.5708345174789429,-0.7398183981524866,0
74,1788174228.000722,-0.09017453204133563,-0.393774851885682,0.19988382109371997,-1.2020883068107666,2.902439769336002,6.709539660713209e-05,-1.5223491827594202,-1.3563059012042444,-1.9808724562274378,-1.3752740065204065,1.5708465576171875,-0.7368677298175257,0
75,1788174228.0433784,-0.08898367932161727,-0.39246646154400266,0.19795250351491225,-1.2022871092269287,2.902430382835283,-0.00028688404991745163,-1.519123379384176,-1.3531273047076624,-1.9883773962603968,-1.3707125822650355,1.5708585977554321,-0.7337611357318323,0
76,1788174228.0843484,-0.08774348555756493,-0.391205732282144,0.19661520287135137,-1.2024035443574006,2.9023650705860153,8.796416274637365e-06,-1.5157173315631312,-1.3499615828143519,-1.994216267262594,-1.3682220617877405,1.5708105564117432,-0.7304394880877894,0
77,1788174228.1260712,-0.0861687996159974,-0.38977256403460797,0.1959914520780091,-1.2024255515303044,2.9022733921946564,0.00012434558006025757,-1.5114482084857386,-1.3457639853106897,-1.9989874998675745,-1.3677428404437464,1.5708585977554321,-0.7262056509601038,0
78,1788174228.1681654,-0.08506681577880876,-0.388337620795525,0.19603068194404094,-1.2023027144515142,2.9023213084201696,0.00019683099387226378,-1.5083420912372034,-1.3414462248431605,-2.0021165052997034,-1.3689759413348597,1.5708465576171875,-0.7230156103717249,0
79,1788174228.2087817,-0.08411366901322898,-0.3868444144807932,0.19603744877442073,-1.2023170655773205,2.9023578985720597,0.00013418309872142723,-1.5055840651141565,-1.3370211760150355,-2.00541335741152,-1.3700535933123987,1.5708225965499878,-0.7202571074115198,0
80,1788174228.2478492,-0.0835307453282763,-0.38524384727730254,0.19604534566470072,-1.2019168139487528,2.902524843517902,0.00013009872670913445,-1.5037735144244593,-1.3325474897967737,-2.0087106863604944,-1.3712270895587366,1.5708225965499878,-0.718170468007223,0
81,1788174228.2906125,-0.0832024865532676,-0.38363495337539744,0.19606388554314388,-1.2022646767084848,2.9023821243261714,6.731926405921331e-06,-1.5026338736163538,-1.3281462828265589,-2.011923615132467,-1.372340504323141,1.5708465576171875,-0.7172701994525355,0
82,1788174228.3304439,-0.08324549437439659,-0.38207957076575894,0.19608942575349658,-1.2024058980578844,2.902378565350206,-0.00023037699283523662,-1.5024660269366663,-1.3240321318255823,-2.014909092579977,-1.3733099142657679,1.5708465576171875,-0.7171862761126917,0
83,1788174228.3725245,-0.08326125338562487,-0.3805107239508899,0.19614332927609296,1.2024810729332838,-2.9023134420665713,0.00035214614146353057,-1.502214256917135,-1.319883171712057,-2.0178101698504847,-1.3744719664203089,1.5708345174789429,-0.716994587575094,0
84,1788174228.415715,-0.08326381125952977,-0.3785068165739034,0.19609320324285928,-1.2025042833494675,2.902269686342153,4.3220083032083934e-06,-1.501866642628805,-1.314822022114889,-2.021539036427633,-1.3760517279254358,1.5708585977554321,-0.7166712919818323,0
85,1788174228.4567516,-0.08327448763618561,-0.376947622503699,0.19609414728586816,-1.2023860083333349,2.9023775311924767,-0.00013132898844949272,-1.5015905539142054,-1.3106964270221155,-2.0245240370379847,-1.3770931402789515,1.5708345174789429,-0.7162993589984339,0
86,1788174228.4981484,-0.08325712163854754,-0.37532900719710915,0.1960587367931588,-1.202257758625033,2.9023654266228425,3.2093501357003275e-05,-1.5012548605548304,-1.3065350691424769,-2.027557675038473,-1.378338638936178,1.5708585977554321,-0.715891186391012,0
87,1788174228.539483,-0.0832553559529469,-0.37376993734722813,0.1961096629420916,-1.2020234497722895,2.902537613183233,-0.0002939033537971846,-1.5009549299823206,-1.3023017088519495,-2.030482594166891,-1.3794282118426722,1.5708585977554321,-0.7154114882098597,0
88,1788174228.5820556,-0.08324832700314652,-0.3718620262298407,0.1961043985440943,1.201986376989143,-2.9025459683826558,0.0003535763548633405,-1.500571076069967,-1.29726487794985,-2.0340550581561487,-1.380852524434225,1.5708585977554321,-0.715003792439596,0
89,1788174228.6234694,-0.08326124060012526,-0.3701667519228795,0.1960649129613687,-1.2021284997023278,2.9023978469729097,0.00018384238128614153,-1.5002716223346155,-1.2930195967303675,-2.0370405356036585,-1.3824690024005335,1.5708465576171875,-0.7148240248309534,0
90,1788174228.6668377,-0.0832384204708064,-0.36856391660643517,0.1961139332202404,-1.2022565015115059,2.9023623890177066,-1.1335001088156694e-05,-1.4999116102801722,-1.2886903921710413,-2.0399535338031214,-1.3837621847735804,1.5708705186843872,-0.7145479361163538,0
91,1788174228.7090902,-0.08321358783787274,-0.36699493399175986,0.19614496155377878,-1.2023535943336894,2.9024010555952304,-0.00011684486890450494,-1.4995039145099085,-1.284457031880514,-2.042818848286764,-1.3850434462176722,1.5708225965499878,-0.7141879240619105,0
92,1788174228.750916,-0.08319668497027743,-0.36602230096334354,0.19611765991063695,-1.2024762498403707,2.902301822425565,9.423066943214097e-05,-1.4992640654193323,-1.2819626967059534,-2.0445693174945276,-1.3859289328204554,1.5708225965499878,-0.7140443960772913,0
93,1788174228.793915,-0.08319545146892757,-0.36592451722464214,0.1960987023120469,-1.2024849115913858,2.9022738090261933,2.165118214304484e-05,-1.4992640654193323,-1.2816985289203089,-2.0448086897479456,-1.3859170118915003,1.5708585977554321,-0.7140563170062464,0
94,1788174228.8379104,-0.08318957102629454,-0.3659062267825071,0.19535421925664553,-1.202476430262389,2.902251388999876,7.543659954717897e-05,-1.499251667653219,-1.282034699116842,-2.046499554310934,-1.3839300314532679,1.5708705186843872,-0.7140443960772913,0
95,1788174228.8805768,-0.08319383595369978,-0.36593988936838984,0.1938677167246141,-1.2025407711797835,2.9023088265379644,-5.2881167849799466e-05,-1.499239746724264,-1.282801930104391,-2.049856487904684,-1.3797038237201136,1.5708225965499878,-0.7140563170062464,0
96,1788174228.9224381,-0.08319872208378329,-0.3658788729882818,0.19159404078717038,-1.2024523897066481,2.9022442502199497,0.0002092682583002192,-1.4992640654193323,-1.2839167753802698,-2.0549519697772425,-1.373681370412008,1.5708585977554321,-0.7140443960772913,0
97,1788174228.9638402,-0.08321244107130996,-0.3658024110957636,0.1884933632262884,-1.2024335153609962,2.902198697354318,0.0006208250074480208,-1.4992640654193323,-1.2855122725116175,-2.06185752550234,-1.3654444853412073,1.5708225965499878,-0.7140443960772913,0
98,1788174229.007077,-0.08320603161742648,-0.3658751995624481,0.18464247630082287,-1.2024375038873432,2.9022572389764094,0.00023940213459419036,-1.4992759863482874,-1.2877305189715784,-2.070430103932516,-1.354405705128805,1.5708465576171875,-0.7140443960772913,0
99,1788174229.049471,-0.08320936034523034,-0.36584540523888787,0.18142900084833685,-1.2023747652828294,2.9022545262527575,0.0004836773852637309,-1.4992640654193323,-1.2896254698382776,-2.0774791876422327,-1.3456175963031214,1.5708225965499878,-0.7139962355243128,0
100,1788174229.0914578,-0.08319623575022309,-0.36590640953490716,0.17833293132890388,-1.2023797173375304,2.902362352224516,4.687302647746636e-06,-1.499239746724264,-1.29150897661318,-2.0843613783465784,-1.3365305105792444,1.5708225965499878,-0.7139485518084925,0
101,1788174229.1330767,-0.08320185850803154,-0.36587356115941755,0.1750659894641807,-1.2021720276894887,2.9023541921725298,0.00029627304386005085,-1.4992640654193323,-1.2936309019671839,-2.0914109388934534,-1.3275626341449183,1.5708465576171875,-0.7138527075396937,0
102,1788174229.174828,-0.08319002569095732,-0.3659236999125529,0.17117148790284265,-1.2021916989341601,2.9023527461753873,8.795656999610742e-05,-1.4992640654193323,-1.2963054815875452,-2.0998271147357386,-1.3163440863238733,1.5708825588226318,-0.7138646284686487,0
103,1788174229.2159886,-0.08320353642820352,-0.36587156173823315,0.16799246991931377,-1.2020971889586707,2.9023711971831974,0.0002974113050451357,-1.4992759863482874,-1.2984641234027308,-2.106673065816061,-1.307472054158346,1.5708585977554321,-0.7138164679156702,0
104,1788174229.255155,-0.08318773422723823,-0.36591005576213886,0.16484759778678268,-1.2021468321916673,2.902391216610383,0.00012045422588027848,-1.499239746724264,-1.3007786909686487,-2.113399330769674,-1.2983124891864222,1.5708585977554321,-0.7138045469867151,0
105,1788174229.2954016,-0.08319324909701623,-0.36589297731410586,0.1616246785426367,-1.2021466589598668,2.902390798550056,0.00012258460986218575,-1.499251667653219,-1.3031652609454554,-2.1202691237079065,-1.2890575567828577,1.5708585977554321,-0.7138164679156702,0
106,1788174229.3349223,-0.08319201342207473,-0.36587214688440567,0.15841593441324578,-1.2020716335800326,2.902405395080898,0.00013515581639558482,-1.499251667653219,-1.3056238333331507,-2.127066437398092,-1.2798140684710901,1.5708705186843872,-0.7137687841998499,0
107,1788174229.374089,-0.08320276329252478,-0.3658609340619781,0.1551527739575269,-1.2021066413680903,2.9023450912729785,0.0004540457830078193,-1.4992640654193323,-1.3083460966693323,-2.1337931791888636,-1.2705710569964808,1.5708465576171875,-0.7138164679156702,0
108,1788174229.4133723,-0.0831949312329153,-0.3659317774360196,0.15203243948461823,-1.2021601416744732,2.9024252927237546,-5.224970660832013e-05,-1.4992640654193323,-1.310972038899557,-2.140362564717428,-1.2610400358783167,1.5708585977554321,-0.7138283888446253,0
109,1788174229.454805,-0.08300663626499029,-0.3658655760556626,0.1488579333901592,-1.2019539160478308,2.902567442018847,-0.0001803203654569336,-1.4987123648272913,-1.3133710066424769,-2.147196594868795,-1.2517131010638636,1.5708345174789429,-0.7131207625018519,0
110,1788174229.496509,-0.08251208300525198,-0.36545396752091736,0.14560640200564637,-1.2015531793553962,2.902635342831436,0.00018928367429148216,-1.4972613493548792,-1.3149898687945765,-2.1547263304339808,-1.2428162733661097,1.5708465576171875,-0.7114175001727503,0
111,1788174229.5382428,-0.08150612351769244,-0.3646893018681961,0.1424370132961873,1.2020942175374945,-2.9024657736200874,0.0002753833668134237,-1.4942753950702112,-1.315038029347555,-2.1633227507220667,-1.2338483969317835,1.5708105564117432,-0.7087910811053675,0
112,1788174229.5822833,-0.08035160434939782,-0.36349078249039435,0.13918870676674877,-1.2022692364930323,2.9023970466064815,0.00011636458979569226,-1.4907854239093226,-1.3142827192889612,-2.1725781599627894,-1.2256105581866663,1.5708105564117432,-0.7054207960711878,0
113,1788174229.624752,-0.07895461699469519,-0.36187701389992427,0.13543167162465597,-1.2021009767543598,2.9024840325414027,-0.00027093799111388764,-1.486528221760885,-1.3125794569598597,-2.184039894734518,-1.2156122366534632,1.5708705186843872,-0.7010434309588831,0
114,1788174229.6659153,-0.07785985661385234,-0.3604230284886026,0.1321738660552914,-1.2019134780059442,2.9025246186007183,8.553746216530739e-05,-1.4830620924579065,-1.3113206068622034,-2.1937392393695276,-1.2073982397662562,1.5708345174789429,-0.6974571386920374,0
115,1788174229.7082713,-0.07670085408547048,-0.35905586503755477,0.12897421785109586,-1.2021109224090991,2.902414120801046,3.044769355638808e-05,-1.4794524351703089,-1.3101690451251429,-2.2032950560199183,-1.198968235646383,1.5708705186843872,-0.6939905325519007,0
116,1788174229.7502713,-0.07524822178042698,-0.35759976598731996,0.12521744107121408,1.202273558278007,-2.9024133132227004,0.0004483875222321829,-1.4749191443072718,-1.3091252485858362,-2.2144091765033167,-1.1885750929461878,1.5708585977554321,-0.6895530859576624,0
117,1788174229.7935367,-0.07385977536464018,-0.3564936674557045,0.12193352116726974,-1.2025405294190725,2.9022749843117817,0.0001063747384754295,-1.470614258443014,-1.3090413252459925,-2.223412815724508,-1.1800134817706507,1.5708225965499878,-0.6854389349566858,0
118,1788174229.8369303,-0.07194512245192235,-0.3557782385812661,0.11809252433137268,1.202296132412521,-2.902422818392737,0.000237578023904829,-1.4649174849139612,-1.3102167288409632,-2.2332680861102503,-1.168757740651266,1.5708345174789429,-0.6795623938189905,0
119,1788174229.8779113,-0.07032825536027787,-0.35532902922006504,0.11500858884985285,-1.2021125734007212,2.902474816346941,-0.00040770622577080345,-1.460168186818258,-1.3116439024554651,-2.2408579031573694,-1.1596453825580042,1.570894479751587,-0.674692455922262,0
120,1788174229.9194763,-0.06872196752225732,-0.3552378054365076,0.11177825974772437,1.202170222537166,-2.9024182998538355,0.00046590955706051726,-1.4554670492755335,-1.3143780867206019,-2.247967545186178,-1.1497424284564417,1.5708225965499878,-0.6700390020953577,0
121,1788174229.9632494,-0.06711603302609516,-0.3551351945535494,0.10854035176918772,-1.2024518659415693,2.902313413668307,3.7160123013950626e-05,-1.4508140722857874,-1.3174365202533167,-2.254801098500387,-1.140186611806051,1.5708345174789429,-0.6655772368060511,0
122,1788174230.007123,-0.065157287637506,-0.3549171206161214,0.10470462636282576,-1.202433202862919,2.9023700944754935,-0.00036470191840090507,-1.4451053778277796,-1.3205907980548304,-2.2634461561786097,-1.1281283537494105,1.5708585977554321,-0.6598437468158167,0
123,1788174230.0491562,-0.06359191236839208,-0.3543636982699393,0.10152695664766012,-1.2022233964188938,2.9024566519485004,-0.000151092340519616,-1.4403560797320765,-1.3224733511554163,-2.271071259175436,-1.1187518278705042,1.5708225965499878,-0.654949967061178,0
124,1788174230.0934334,-0.06211221979968041,-0.3538618827316724,0.09833010611614404,1.202211913376185,-2.902428922224211,0.00034880222365059576,-1.4358823935138147,-1.3245723883258265,-2.2787087599383753,-1.1088851133929651,1.5708225965499878,-0.6504762808429163,0
125,1788174230.1355827,-0.060682295560809826,-0.3532763941963611,0.0944170902401811,-1.2023143316900775,2.9023336903916417,9.614100984565127e-05,-1.4315288702594202,-1.327822510396139,-2.287508551274435,-1.0971372763263147,1.5708585977554321,-0.6462062040912073,0
126,1788174230.1790435,-0.059973441463030845,-0.3531353149451635,0.09128641476013477,1.2025804253728227,-2.9022910136555358,0.00042557855767969065,-1.429406468068258,-1.3314083258258265,-2.2940550486194056,-1.086658779774801,1.5708465576171875,-0.6442506949054163,0
127,1788174230.2204404,-0.05997188834778427,-0.3530491673690149,0.08803378366429934,-1.2025382804093077,2.902236303427996,0.0002752059986139985,-1.4293583075152796,-1.3361933867083948,-2.299917999898092,-1.076468292866842,1.5708345174789429,-0.6441910902606409,0
128,1788174230.2618508,-0.05996488092077056,-0.3530788813520339,0.08420956342590283,-1.2025643575087988,2.902250311828787,5.903193750668199e-05,-1.4293583075152796,-1.3420222441302698,-2.3068957964526575,-1.0635226408587855,1.5708465576171875,-0.644203011189596,0
129,1788174230.3003175,-0.05997600182732986,-0.353000778934119,0.08096098609578745,-1.2025702305798476,2.9021666863964497,0.0005175064487376226,-1.4293583075152796,-1.347022835408346,-2.3127108255969446,-1.0530083815204065,1.5708465576171875,-0.6442268530475062,0
130,1788174230.3411539,-0.05997636079026181,-0.3530364419655568,0.0777717781820059,-1.2024759432134422,2.902234573489902,0.00027885262499844694,-1.4293821493731897,-1.3521564642535608,-2.3184173742877405,-1.0420144240008753,1.5708585977554321,-0.6441786924945276,0
131,1788174230.3836095,-0.05996959764578492,-0.35300695001629623,0.07473626324897453,-1.20281677462324,2.902022131162675,0.000605320580229574,-1.4293583075152796,-1.3571456114398401,-2.323705259953634,-1.0319550673114222,1.5708705186843872,-0.6444070974933069,0
132,1788174230.4237084,-0.05998665863775739,-0.35307192845109747,0.07230703836713143,-1.2032401227125373,2.9019617195103384,0.0003338701209674608,-1.429394547139303,-1.3612945715533655,-2.327949349080221,-1.0233681837665003,1.5708105564117432,-0.6447070280658167,0
133,1788174230.4643135,-0.05998079079615783,-0.3531031884909993,0.07067059723775301,-1.2032212157399367,2.9019650134825974,0.00020843240188267431,-1.429406468068258,-1.3641250769244593,-2.3307789007769983,-1.0176318327533167,1.5708345174789429,-0.6447070280658167,0
134,1788174230.5056713,-0.05997121042662952,-0.3531221299762482,0.06984527723209091,-1.2032264049410204,2.9020263937389714,-0.00022608242637334576,-1.429394547139303,-1.3654568831073206,-2.3323498407946985,-1.0144465605365198,1.5708465576171875,-0.6446831862079065,0
135,1788174230.548865,-0.05996423871538232,-0.3531610028375732,0.06980661192685308,1.2031418668996539,-2.901969179772694,0.0006258985180117067,-1.4293583075152796,-1.3654926458941858,-2.332517687474386,-1.0139678160296839,1.570798635482788,-0.6446111837970179,0
136,1788174230.592815,-0.059208271000089865,-0.3526348739683926,0.06975741939273716,-1.2031933853815457,2.902046479848431,-0.0003413857639532055,-1.426983658467428,-1.3638137022601526,-2.333848301564352,-1.0145185629474085,1.5708585977554321,-0.6422479788409632,0
137,1788174230.63284,-0.057860789562700334,-0.3516749937851908,0.06969787122380142,-1.2031238950312877,2.9019806127594046,0.00028056109158437786,-1.4226425329791468,-1.3607075850116175,-2.3361979166613978,-1.0156801382647913,1.5708465576171875,-0.6378820578204554,0
138,1788174230.675547,-0.056687604956079926,-0.3503019952361953,0.06964957524506207,-1.2029921306687894,2.9020089559877733,0.0005202644713885893,-1.4186003843890589,-1.356354061757223,-2.3394835630999964,-1.0169017950641077,1.5708345174789429,-0.6337555090533655,0
139,1788174230.7169514,-0.05553620568991239,-0.3489063515535047,0.06971427610529482,-1.2032773800428571,2.9019596623282222,3.458147848680624e-05,-1.4145944754229944,-1.3515203634845179,-2.3428881804095667,-1.018015209828512,1.5708465576171875,-0.6299293676959437,0
140,1788174230.7580562,-0.05412584787867537,-0.34718333925047945,0.06965356044715446,-1.203459021277498,2.901809167946992,0.0003336044150717777,-1.4096410910235804,-1.3460639158831995,-2.346940580998556,-1.0196202437030237,1.5708705186843872,-0.6251195112811487,0
141,1788174230.7993693,-0.0529782848185135,-0.34580014816527116,0.06964510950007177,-1.2034193663110797,2.9018640802041187,0.0002663122757509242,-1.4055517355548304,-1.3414824644671839,-2.350250307713644,-1.0208419005023401,1.5708465576171875,-0.6209934393512171,0
142,1788174230.8409758,-0.051851390173699614,-0.34463678589990937,0.06971268401388941,-1.2030987419736585,2.9020763679417882,-0.0002341092963289622,-1.4016178289996546,-1.3372843901263636,-2.3531156221972864,-1.0218475500689905,1.5708465576171875,-0.6168192068683069,0
143,1788174230.8825915,-0.0508569354511269,-0.34377366713505936,0.06971553511837772,-1.2030671273392448,2.902050979696201,9.829065482444865e-05,-1.3981998602496546,-1.3343947569476526,-2.355082098637716,-1.022984806691305,1.5708345174789429,-0.6133888403521937,0
144,1788174230.9237854,-0.050475081413527835,-0.34347529628657436,0.06970633572006049,-1.2032290665038645,2.901948745730368,6.745268709482372e-05,-1.3969281355487269,-1.3333633581744593,-2.3558371702777308,-1.0232489744769495,1.5708705186843872,-0.6122372786151331,0
145,1788174230.9653528,-0.05050541729875353,-0.34349500059160964,0.06969555967616539,-1.203161489444039,2.9019852338336527,0.00018529045397056577,-1.3970125357257288,-1.3334830443011683,-2.355765167866842,-1.0232728163348597,1.5708465576171875,-0.6122730414019983,0
146,1788174231.0068316,-0.05050582345012525,-0.34349951310468996,0.06970174487275918,-1.203159968747907,2.901981564654165,0.00012634556320083537,-1.3970244566546839,-1.3334711233722132,-2.355765167866842,-1.0232489744769495,1.5708585977554321,-0.6122849623309534,0
147,1788174231.0467982,-0.050514810271319995,-0.34349585546393735,0.06969662434634538,-1.2031724354063504,2.902011627342846,0.00015692342665169366,-1.3970244566546839,-1.3334711233722132,-2.355777088795797,-1.0232489744769495,1.5708225965499878,-0.6122849623309534,0
148,1788174231.085061,-0.050506707712778785,-0.3435103739089973,0.06971591441734587,-1.2032200345895152,2.9019778041333573,7.562798109293484e-05,-1.3970244566546839,-1.333459202443258,-2.355741326008932,-1.0232489744769495,1.5708465576171875,-0.6123212019549769,0
149,1788174231.122965,-0.050506234664386335,-0.34348351982260156,0.06950550912721659,-1.2033252969464083,2.9019383430377568,0.00013530179889126347,-1.3970006147967737,-1.3337591330157679,-2.3561490217791956,-1.0225775877581995,1.5708345174789429,-0.6123688856707972,0
150,1788174231.164237,-0.05051597270242036,-0.34345759468589443,0.06876263499218954,-1.2033863962921882,2.9018882015824903,0.00020976946745957707,-1.3970244566546839,-1.335006062184469,-2.3574796358691614,-1.0200513044940394,1.5708465576171875,-0.6124408880816858,0
151,1788174231.2056582,-0.05051162418253129,-0.3434528220240287,0.06672717633681188,-1.2034380355587726,2.901866080035909,0.00030124561865178004,-1.3970006147967737,-1.3385918776141565,-2.3610408941852015,-1.012961212788717,1.5708345174789429,-0.6124528090106409,0
152,1788174231.2465956,-0.05051467565766065,-0.3435125204236746,0.06431093502539173,1.203497015700407,-2.9019085613302837,0.00024397516104732357,-1.3970244566546839,-1.3429091612445276,-2.365368668233053,-1.0039551893817347,1.5708105564117432,-0.6125009695636194,0
153,1788174231.2885568,-0.05051873365006852,-0.34339432961998256,0.06101699199272462,-1.2034088975140527,2.9017958629220626,0.0004898693684142866,-1.3970244566546839,-1.3488219420062464,-2.3710041681872767,-0.992901627217428,1.5708825588226318,-0.6124766508685511,0
154,1788174231.327955,-0.050516328385713405,-0.3434555684766638,0.05783904580437621,-1.203462220144564,2.9018735527768555,0.00010047540857263025,-1.3970244566546839,-1.3548062483416956,-2.3764951864825647,-0.9811642805682581,1.5708465576171875,-0.6124890486346644,0
155,1788174231.3679242,-0.050521686520030466,-0.3434250451617771,0.05458404590187796,-1.2034998436000643,2.9018176531324453,0.0003625497598777192,-1.3970244566546839,-1.3610189596759241,-2.381974760686056,-0.9696429411517542,1.5708465576171875,-0.6125248114215296,0
156,1788174231.410817,-0.05051166956215765,-0.3434525635310956,0.051416586339280784,-1.203594280237691,2.9018498159042947,-1.4571598205671708e-05,-1.3970006147967737,-1.367171589528219,-2.3873937765704554,-0.9578226248370569,1.5708345174789429,-0.6125486532794397,0
157,1788174231.4520571,-0.05051256208583674,-0.34351564754148267,0.048269076033568586,-1.2035691871258292,2.9018851047622083,-0.0001765018983809087,-1.397036377583639,-1.3735998312579554,-2.3925495783435267,-0.9461329619037073,1.5708345174789429,-0.612561051045553,0
158,1788174231.491265,-0.05049457792975011,-0.3435251074315496,0.04511235537082853,-1.2035637615241435,2.9018739545799512,-0.0003492740675330932,-1.3970125357257288,-1.38002854982485,-2.3977769056903284,-0.9343722502337855,1.5708705186843872,-0.6125367323504847,0
159,1788174231.531492,-0.050503899509920076,-0.3435263711698638,0.04189216196432835,1.2036937297246202,-2.901841272040022,0.00041053566749203784,-1.3970244566546839,-1.3867328802691858,-2.4030283133136194,-0.9223712126361292,1.5708465576171875,-0.6126330534564417,0
160,1788174231.573489,-0.05051007500043661,-0.34348227634154793,0.038660328716872194,-1.203660537039434,2.9018101328819337,-0.00019502434504741078,-1.397036377583639,-1.3935688177691858,-2.408207718526022,-0.910501782094137,1.5708705186843872,-0.6126330534564417,0
161,1788174231.614339,-0.05050291389369358,-0.34350926052582276,0.035116381194944535,-1.2036597520594798,2.901857109464169,-0.00032573363619157894,-1.3970125357257288,-1.4013293425189417,-2.413819138203756,-0.8970392386065882,1.5708465576171875,-0.6125972906695765,0
162,1788174231.658746,-0.05052094692000096,-0.34336792930197946,0.0324976802572223,-1.203719795393736,2.9017575314300634,7.332405924362363e-05,-1.3970006147967737,-1.406870190297262,-2.418051306401388,-0.8875291983233851,1.5708585977554321,-0.6126449743853968,0
163,1788174231.7018273,-0.05055026612415558,-0.34293513647169405,0.03045003004275354,1.203584995028041,-2.9018743301902883,0.00040240279339465607,-1.396844212208883,-1.4101317564593714,-2.4223795572863978,-0.8796237150775355,1.5708345174789429,-0.6123808065997522,0
164,1788174231.7454083,-0.05056225473307154,-0.34212544327104555,0.02953844343901474,1.2034652119304547,-2.9019276803841265,0.0002059741576668454,-1.3964365164386194,-1.4099400679217737,-2.4255088011371058,-0.8768089453326624,1.5708105564117432,-0.611889664326803,0
165,1788174231.786076,-0.05056377825517472,-0.3410359041866592,0.029349621461294106,-1.2033349955571964,2.9019597538616577,-0.00020513605130476005,-1.3958967367755335,-1.4072535673724573,-2.42820650735964,-0.8768089453326624,1.5708585977554321,-0.6112654844867151,0
166,1788174231.8261054,-0.05058786226725612,-0.33968120802373547,0.029356889967024125,-1.203572552517273,2.901846305664173,-2.0014257431620097e-05,-1.3952372709857386,-1.4033797422992151,-2.43112022081484,-0.8778870741473597,1.5708465576171875,-0.6107733885394495,0
167,1788174231.8688223,-0.05058739699796963,-0.33916813410787805,0.02937094258117326,-1.2036885771829389,2.9017799900956067,-0.00016274452336998807,-1.3949855009662073,-1.401832405720846,-2.4322829882251185,-0.8781865278827112,1.5708825588226318,-0.6106060186969202,0
168,1788174231.9125435,-0.05059788654974399,-0.3391846779399132,0.029356361552693416,-1.2036773083099754,2.901801703422794,-0.00010014152969260174,-1.3950093428241175,-1.4019282499896448,-2.432246987019674,-0.8781622091876429,1.5708585977554321,-0.6106179396258753,0
169,1788174231.9549901,-0.05059926720347329,-0.3391990669655348,0.029373384918512324,-1.203610407322054,2.9018378567533407,-0.0001553595007309632,-1.3950212637530726,-1.4019163290606897,-2.43221098581423,-0.878174130116598,1.5708585977554321,-0.6105817000018519,0
170,1788174231.9953141,-0.05059968462319403,-0.3391967167353918,0.02937356736036756,-1.2036985470706798,2.9018040276203414,-0.00017328014095970804,-1.3950212637530726,-1.4019044081317347,-2.432223145161764,-0.8781622091876429,1.5708585977554321,-0.6106417814837855,0
171,1788174232.0364578,-0.05059294249454532,-0.3391903514150479,0.029359638091171703,-1.203676283076973,2.9017992333981564,-8.112487927587415e-05,-1.3949974218951624,-1.4019401709186,-2.432223145161764,-0.8781865278827112,1.5708585977554321,-0.6106060186969202,0
172,1788174232.0788338,-0.05059632772544642,-0.3389711049103624,0.02933909437022736,-1.203605653043535,2.9018283556944118,-8.00169188839554e-05,-1.3948896566974085,-1.4013531843768519,-2.4327388445483606,-0.8782585302935999,1.5708585977554321,-0.6104496161090296,0
173,1788174232.1204195,-0.05058438142170417,-0.338010807606797,0.029285326572835224,-1.2035243569810936,2.901827872444876,0.00023314833626649997,-1.3943260351764124,-1.398762051259176,-2.4348252455340784,-0.8789647261248987,1.5708465576171875,-0.6098383108722132,0
174,1788174232.1628747,-0.050564927380741496,-0.33642968310511323,0.029296844936206573,-1.2034711458518645,2.9018462036770387,0.00017069184744802248,-1.3934138456927698,-1.394097153340475,-2.4383257071124476,-0.8800910154925745,1.5708585977554321,-0.6088903586017054,0
175,1788174232.2036276,-0.050559829077499834,-0.334833603509619,0.029322978103902553,-1.2032947079540415,2.9019623424157235,6.326649018658676e-05,-1.3925026098834437,-1.3893111387835901,-2.4418509642230433,-0.8812764326678675,1.5708345174789429,-0.6078470388995569,0
176,1788174232.2439241,-0.050597513983503484,-0.3334155499759559,0.029325588656743895,-1.2033562300470626,2.9019620874582417,-0.00010502163251096789,-1.3918307463275355,-1.3850896994220179,-2.4450162092791956,-0.8822229544269007,1.5708345174789429,-0.6072114149676722,0
177,1788174232.2854264,-0.05060516650990129,-0.3328926731444822,0.029367600072237876,-1.2034477378116621,2.9019402649854262,-0.0003911807640286659,-1.3915794531451624,-1.3833745161639612,-2.446203056965963,-0.8825700918780726,1.5708585977554321,-0.6070192495929163,0
178,1788174232.3282936,-0.05060170124601087,-0.33292048528564855,0.029368373922777413,1.2035352096030332,-2.9019048384199135,0.0003465542591437487,-1.3915670553790491,-1.383458439503805,-2.4461310545550745,-0.8825820128070276,1.5708345174789429,-0.6070669333087366,0
179,1788174232.367476,-0.05060871907465963,-0.3329310925311746,0.02937270446965376,1.2035195092460018,-2.9019158521523303,0.00040546496220911937,-1.3916032950030726,-1.38347036043276,-2.4461191336261194,-0.8825462500201624,1.5708465576171875,-0.607091252003805,0
180,1788174232.4088943,-0.05060321091253661,-0.3329343080744337,0.029368721065319514,1.2034989542784462,-2.9019171326913082,0.0003648524461490599,-1.3915794531451624,-1.3834942022906702,-2.4461072126971644,-0.8825581709491175,1.5708345174789429,-0.6070550123797815,0
181,1788174232.4504392,-0.05058521795511449,-0.3329525855457915,0.029383039902581037,1.2035711060559526,-2.9018916675497843,0.00042412948054498887,-1.3915427366839808,-1.3834942022906702,-2.44607121149172,-0.8825581709491175,1.5708465576171875,-0.6070669333087366,0
182,1788174232.4894,-0.05060701731157546,-0.33288849126452863,0.02916694838032255,-1.2035023586534692,2.901874508332047,-0.00019131022065655968,-1.3915913740741175,-1.383890453969137,-2.4464426676379603,-0.8819473425494593,1.5708705186843872,-0.6070793310748499,0
183,1788174232.5296347,-0.05062629832960836,-0.3327973218768825,0.02812292919233475,-1.203436990679366,2.9018166604194087,0.00046407112058883236,-1.3915913740741175,-1.3862527052508753,-2.4480138460742396,-0.8784382979022425,1.5708585977554321,-0.6070550123797815,0
184,1788174232.5715659,-0.050644806463467494,-0.33270470210755293,0.02636170662132245,-1.203434337783748,2.901761397744232,0.0010177251789807256,-1.3915794531451624,-1.3902953306781214,-2.4507468382464808,-0.8720181624041956,1.5708345174789429,-0.6070550123797815,0
185,1788174232.613636,-0.050611553287672605,-0.33285068720786326,0.02448926493971032,-1.2034861829131038,2.9018355426708946,0.00029096879129001226,-1.3915670553790491,-1.3949959913836878,-2.453636709843771,-0.8639567534076136,1.5708465576171875,-0.6070550123797815,0
186,1788174232.656234,-0.050606407625756744,-0.33287908907026675,0.023545908355039585,-1.2035043251017359,2.901879263996931,-5.120504331318715e-05,-1.3915670553790491,-1.3972628752337855,-2.4551714102374476,-0.8599322477923792,1.5708465576171875,-0.6070550123797815,0
187,1788174232.6976366,-0.050606484214333114,-0.3329469269862119,0.023441944253683095,1.2034383831282598,-2.9019177317490104,0.0003513711443769151,-1.3915794531451624,-1.3976224104510706,-2.455315176640646,-0.8592255751239222,1.5708105564117432,-0.6070192495929163,0
188,1788174232.740792,-0.050593898423890636,-0.33295487257215,0.023455340679222142,-1.2034849491150286,2.9019322261666867,-0.0004405879855600606,-1.3915794531451624,-1.3975985685931605,-2.4553032557116907,-0.8592136541949671,1.5708585977554321,-0.6070430914508265,0
189,1788174232.7811003,-0.05059054083513261,-0.33296666700061783,0.023472583571620187,1.2034784408376913,-2.901914578306327,0.0005276970058534166,-1.3915670553790491,-1.3975628058062952,-2.4552910963641565,-0.8592022101031702,1.5708465576171875,-0.6070311705218714,0
190,1788174232.8214211,-0.050598184775992004,-0.33296205216281977,0.023474168355605812,1.2034568729792925,-2.9019134169885077,0.0005061140461090654,-1.3915794531451624,-1.3975508848773401,-2.4552910963641565,-0.8592255751239222,1.5708345174789429,-0.6070311705218714,0
191,1788174232.8625097,-0.05059970469658133,-0.332938242203935,0.02326742797533246,-1.2033634103080046,2.9019813413689133,-0.00034288413894174906,-1.3915794531451624,-1.3980305830584925,-2.455590788518087,-0.8585551420794886,1.5708465576171875,-0.6069596449481409,0
192,1788174232.903663,-0.05061769405366111,-0.33281679279078885,0.022161910642475996,-1.2032202860919259,2.9019295433862324,0.00039967216504128674,-1.3915670553790491,-1.4005730787860315,-2.457245651875631,-0.8548415342914026,1.5708465576171875,-0.6068757216082972,0
193,1788174232.9459696,-0.050620117040211784,-0.332818837930139,0.020388644538324896,-1.2029674571609668,2.902058956148182,0.0003246508411923667,-1.3915670553790491,-1.404914681111471,-2.4599788824664515,-0.8477152029620569,1.5708345174789429,-0.6066954771624964,0
194,1788174232.987657,-0.050614526245708585,-0.33283427773764285,0.018124980805934887,-1.2021663419293083,2.9023893918567567,0.0002460172486455382,-1.3915670553790491,-1.4105761686908167,-2.4633963743792933,-0.8385875860797327,1.5708465576171875,-0.6061437765704554,0
195,1788174233.0305748,-0.050621082183051856,-0.3328356592811527,0.016393697055857803,-1.2015941898192357,2.9026345415283816,0.00028042473076126057,-1.3915794531451624,-1.4149535338031214,-2.4659739176379603,-0.8316524664508265,1.5708345174789429,-0.6057599226581019,0
196,1788174233.0714738,-0.050624214924173565,-0.33284554434869845,0.01586602778246976,-1.2015808861614978,2.9026513539741283,0.00011537458218824391,-1.3916032950030726,-1.4162848631488245,-2.4668012301074427,-0.8293889204608362,1.5708465576171875,-0.6057718435870569,0
197,1788174233.113589,-0.050614255738190686,-0.3328511898172436,0.01591408472434061,-1.2016246416311234,2.902657176344757,4.434722813420675e-05,-1.3915670553790491,-1.4161527792560022,-2.4667533079730433,-0.8295200506793421,1.5708345174789429,-0.6057599226581019,0
198,1788174233.1547487,-0.05065318054946389,-0.33260550343604706,0.01589977417286731,-1.2016339251186103,2.9026306470794805,1.7673931824911166e-05,-1.3915670553790491,-1.4154933134662073,-2.4673166910754603,-0.8296039740191858,1.5708585977554321,-0.6057718435870569,0
199,1788174233.1957572,-0.05090883732956086,-0.33158241942890476,0.015876639717597174,-1.2018172755188776,2.902582039992263,0.0001017325118110774,-1.391759220753805,-1.412699047719137,-2.4695351759540003,-0.8302267233477991,1.5708225965499878,-0.6060836950885218,0
200,1788174233.2366617,-0.0513530971584874,-0.32989798761080635,0.015911520486913577,-1.2016911714752483,2.9026690476749923,-0.0002191968414904563,-1.3922026793109339,-1.4078057448016565,-2.4732278029071253,-0.8312209288226526,1.5708345174789429,-0.6064317862140101,0
201,1788174233.2802975,-0.0514618182822144,-0.329316845072167,0.01590909505207072,-1.2016873969230812,2.9026599339219823,-0.000147832627910393,-1.392214600239889,-1.4061740080462855,-2.4744625727282923,-0.8316643873797815,1.5708345174789429,-0.6064437071429651,0
202,1788174233.321373,-0.051454057050678924,-0.32935984247251665,0.015929887919677282,-1.2016242732665814,2.9027052260156996,-0.000275922793597781,-1.392214600239889,-1.4062102476703089,-2.4743905703174036,-0.8316167036639612,1.5708345174789429,-0.6063955465899866,0
203,1788174233.362394,-0.051456769106467015,-0.32933900189486304,0.01591659209639243,1.201673394592177,-2.90267702147549,0.0002536485696466242,-1.3922026793109339,-1.4061864058123987,-2.474450651799337,-0.8315923849688929,1.5708225965499878,-0.6064193884478968,0
204,1788174233.3990104,-0.0514617372590167,-0.3293537528631737,0.015935497018732758,1.201584931971288,-2.902708107515712,0.000290611193925182,-1.392226521168844,-1.4061740080462855,-2.474402729664938,-0.8316286245929163,1.5708225965499878,-0.6063836256610315,0
205,1788174233.440637,-0.05144829928147409,-0.3293607920319592,0.01592730724164826,-1.2016326159154271,2.9026764141915886,-0.00028468236059919484,-1.392214600239889,-1.406222168599264,-2.4743905703174036,-0.831604305897848,1.5708585977554321,-0.6064074675189417,0
206,1788174233.4805968,-0.051460127114029,-0.3293538611845429,0.015943006858456094,-1.2016400005826497,2.902694253340464,-0.00033519906163370975,-1.3922389189349573,-1.4061501661883753,-2.474402729664938,-0.8316286245929163,1.5708465576171875,-0.6064317862140101,0
207,1788174233.5192487,-0.051464347775698416,-0.32935728117031904,0.015933793273559926,-1.2015809897796401,2.902700528848059,-0.00030298205225514626,-1.3922627607928675,-1.4061978499041956,-2.4743905703174036,-0.8316167036639612,1.5708585977554321,-0.6064193884478968,0
208,1788174233.561551,-0.051508973797133366,-0.3293385802086232,0.015919199233016573,-1.201406193101435,2.9027717704744473,-0.00020637927298971828,-1.3923829237567347,-1.406222168599264,-2.474402729664938,-0.8316405455218714,1.5708465576171875,-0.6064193884478968,0
209,1788174233.6014373,-0.05154629426359476,-0.3292960392238686,0.015716037019067514,-1.2013346106837461,2.9027946853120765,-7.244909867922833e-05,-1.3924668470965784,-1.406666103993551,-2.474738661442892,-0.8309453169452112,1.5708345174789429,-0.6064556280719202,0
210,1788174233.6440458,-0.051557774917540065,-0.3291860097690512,0.01471753226657882,-1.2012399272215597,2.9027148076086817,0.0004560426326495638,-1.3924668470965784,-1.409065071736471,-2.4762490431415003,-0.8273881117450159,1.5708705186843872,-0.6064193884478968,0
211,1788174233.6852255,-0.05156407860574939,-0.329193351668002,0.01302540190671228,-1.2012458153686207,2.9027270674605283,0.00035796631563785747,-1.3924906889544886,-1.4134543577777308,-2.478791062031881,-0.8203929106341761,1.5708705186843872,-0.6064437071429651,0
212,1788174233.7270916,-0.05159339769743632,-0.3290615088763626,0.010066270580596837,-1.201231972585493,2.9026446890462068,0.0011219713390839504,-1.3924906889544886,-1.421058479939596,-2.483131233845846,-0.8089411894427698,1.5708465576171875,-0.6064556280719202,0
213,1788174233.7687578,-0.051552780937405306,-0.3292560400074125,0.008596583377948136,-1.2013510726471517,2.902736534901553,4.0948191248104205e-06,-1.3924906889544886,-1.4252565542804163,-2.4853010813342493,-0.8018501440631312,1.5708705186843872,-0.6065033117877405,0
214,1788174233.812396,-0.05153753082148584,-0.32933483421524784,0.007827752704877733,1.201602276795468,-2.9027010154721555,0.0005554956849557932,-1.3924787680255335,-1.4274032751666468,-2.48647648492922,-0.7981608549701136,1.5708585977554321,-0.6066477934466761,0
215,1788174233.853517,-0.051531563645938215,-0.32944128799706973,0.007860539415953743,1.2015284425755484,-2.902620553811635,0.0011172015257191511,-1.3925026098834437,-1.4274752775775355,-2.4864285627948206,-0.7977655569659632,1.5708345174789429,-0.6066477934466761,0
216,1788174233.897504,-0.05153513155265732,-0.32940599005637683,0.007835837482266989,1.2015570253424028,-2.9026406367472157,0.0009935177330793396,-1.3925026098834437,-1.4274752775775355,-2.486488405858175,-0.7977889219867151,1.5708465576171875,-0.6066597143756312,0
217,1788174233.9391215,-0.05153930225298608,-0.3293983451893986,0.00782288791075697,1.2015776451518247,-2.9026415151952265,0.0008420259100187894,-1.3925026098834437,-1.427523438130514,-2.486464325581686,-0.7978609243976038,1.5708345174789429,-0.6066716353045862,0
218,1788174233.9803088,-0.051532479836044746,-0.3294052058320263,0.00783502857851101,1.201549103250695,-2.902670448034381,0.0009056942705155066,-1.3925026098834437,-1.4274991194354456,-2.4864524046527308,-0.7978609243976038,1.5708585977554321,-0.6066477934466761,0
219,1788174234.0205941,-0.051559607501522484,-0.32935970553548405,0.007804674255988325,1.201546100284752,-2.902665214344473,0.0005943357136139054,-1.392526928578512,-1.427523438130514,-2.48647648492922,-0.7980049292193812,1.5708105564117432,-0.6066716353045862,0
220,1788174234.0601962,-0.05154406564319604,-0.32935641331352616,0.007802054345991155,1.2015458883375874,-2.9027116776318747,0.000551107939635123,-1.3925026098834437,-1.427535359059469,-2.486464325581686,-0.7980411688434046,1.5708465576171875,-0.606635872517721,0
221,1788174234.100782,-0.05155310552341999,-0.32932174856373514,0.007786556054985905,1.2016203450765586,-2.9026957324403906,0.0003630178131180525,-1.3925026098834437,-1.427523438130514,-2.486488405858175,-0.7981489340411585,1.5708345174789429,-0.6066835562335413,0
222,1788174234.1423898,-0.05155785800319606,-0.3293165463807185,0.007777918031719289,1.201571349781594,-2.902724249306958,0.00030812646583887386,-1.3925145308123987,-1.4275472799884241,-2.486488405858175,-0.7981608549701136,1.5708345174789429,-0.6066597143756312,0
223,1788174234.1819425,-0.051547063206898835,-0.3293031110362954,0.007761454046958882,-1.2016477270158505,2.9026639648239825,-0.00024297485223210771,-1.3924906889544886,-1.4275711218463343,-2.4865122477160853,-0.7981608549701136,1.5708585977554321,-0.6066954771624964,1
224,1788174234.2218065,-0.051554649120419446,-0.32930735901624053,0.007763268295992609,-1.2016073134821466,2.9027132205878075,-0.00019436187283240557,-1.3924906889544886,-1.4275830427752894,-2.486488405858175,-0.7981966177569788,1.5708225965499878,-0.6066597143756312,1
225,1788174234.261921,-0.05155547036450231,-0.3292931266327717,0.007732851699972482,-1.2015357001156806,2.9026871019044678,1.107182476006868e-06,-1.3925026098834437,-1.4276793638812464,-2.48647648492922,-0.7982447783099573,1.5708465576171875,-0.606635872517721,1
226,1788174234.3025098,-0.05156676227625364,-0.3292891481949141,0.007729503013341132,-1.2015568092716737,2.902691096998767,5.12489242541635e-06,-1.392526928578512,-1.4276793638812464,-2.486488405858175,-0.7982328573810022,1.5708345174789429,-0.6066716353045862,1
227,1788174234.345067,-0.0515650606749711,-0.3292985919770536,0.00772877302934627,-1.201523214628508,2.9027078551933836,-1.3903490553138887e-05,-1.392526928578512,-1.4277032057391565,-2.48647648492922,-0.7982085386859339,1.5708345174789429,-0.6066477934466761,1
228,1788174234.3861394,-0.05156478415929576,-0.3292691243633437,0.007710785405822457,-1.2015765924459498,2.9026409834269633,0.00010686490231563874,-1.392526928578512,-1.4277032057391565,-2.4865122477160853,-0.7982566992389124,1.5708585977554321,-0.6066954771624964,1
229,1788174234.4257045,-0.05156941130952728,-0.3292704363174841,0.007703999990307381,-1.2015009917573032,2.9026541842850566,0.00013947746595888608,-1.3925507704364222,-1.4277389685260218,-2.48650032678713,-0.7982566992389124,1.5708705186843872,-0.6066716353045862,1
230,1788174234.4666195,-0.05156495320468021,-0.3292616711845589,0.007705136359882403,-1.2015106609433124,2.90267557999825,0.00014711746304355705,-1.3925145308123987,-1.4277032057391565,-2.4865244070636194,-0.7982681433307093,1.5708465576171875,-0.606635872517721,1
231,1788174234.507004,-0.05155711069265835,-0.3292840241811178,0.007725026340661606,-1.2015347306206354,2.90268476101587,1.940439320206899e-05,-1.3925026098834437,-1.4276793638812464,-2.48650032678713,-0.7982328573810022,1.5708465576171875,-0.606635872517721,1
232,1788174234.548511,-0.05156736898152061,-0.32923943110676934,0.007777104170181903,-1.2015027085349592,2.9026094029310916,0.00043332243692785927,-1.392526928578512,-1.427523438130514,-2.486344639454977,-0.7988193670855921,1.5708705186843872,-0.6066597143756312,1
233,1788174234.5888748,-0.05157190749817986,-0.3292327588854506,0.00859712104542626,-1.2009012961168453,2.902879786725752,0.0006444114632832497,-1.3925026098834437,-1.4253400007831019,-2.4850974718676966,-0.8023770491229456,1.5708225965499878,-0.606215778981344,1
234,1788174234.6306164,-0.051565024146268124,-0.32924011112390544,0.010183041370234486,-1.1995349683191954,2.9034211651750255,0.0006255383398898128,-1.3925026098834437,-1.4211304823504847,-2.4827714602099817,-0.8089054266559046,1.5708465576171875,-0.6052802244769495,1
235,1788174234.6735091,-0.0515691748623907,-0.3292787673561997,0.012618692752112748,-1.1970693241674417,2.904557950348439,0.000182580941680861,-1.3925026098834437,-1.4147017637835901,-2.4792943636523646,-0.818512264882223,1.570798635482788,-0.6035531202899378,1
236,1788174234.714682,-0.05154931128254387,-0.3293329766672361,0.015803092975539113,-1.1940321446727236,2.9057942663841017,-0.0001732821419433981,-1.3925145308123987,-1.4065340201007288,-2.474558416997091,-0.8311970869647425,1.5708585977554321,-0.6014774481402796,1
237,1788174234.7568092,-0.0515489186474001,-0.3293294832052471,0.019000657751496203,-1.1916852798615556,2.9067733794120203,-0.00019124739243371342,-1.3925026098834437,-1.398402516041891,-2.469739023839132,-0.8441336790667933,1.5708465576171875,-0.5998466650592249,1
238,1788174234.7988982,-0.05156807104209717,-0.3292720524658548,0.02283175390997577,-1.190736822777517,2.907093935778933,0.00018130104515979016,-1.392538849507467,-1.388843838368551,-2.463815752659933,-0.8598607222186487,1.5708585977554321,-0.5992468039142054,1
239,1788174234.838974,-0.051551158653962335,-0.3292803862978935,0.026044193906689606,-1.19005926683233,2.907380222858078,0.00012127510573453705,-1.3924906889544886,-1.3810599485980433,-2.458816115056173,-0.8726051489459437,1.5708585977554321,-0.5987303892718714,1
240,1788174234.881443,-0.051563867753309546,-0.3293052126435692,0.02924759688702469,-1.1891673712347894,2.907787463147496,1.4182109710446502e-05,-1.392526928578512,-1.3735039869891565,-2.4537444750415247,-0.8851578871356409,1.5708345174789429,-0.5981429258929651,1
241,1788174234.9236352,-0.05155612241798216,-0.3293203529281244,0.032471775161447725,-1.1882459977394013,2.908172141083527,4.923629298312251e-05,-1.3925026098834437,-1.366068188344137,-2.448540989552633,-0.8978174368487757,1.5708225965499878,-0.597482983266012,1
242,1788174234.9656086,-0.05157097186009228,-0.3292714541756785,0.03630855624772761,-1.18732849920296,2.9085148019284417,8.758650132850184e-05,-1.392538849507467,-1.357253376637594,-2.442390267048971,-0.9128130117999476,1.5708465576171875,-0.596895996724264,1
243,1788174235.0048046,-0.051554849583241275,-0.3292810724497643,0.039533903088225436,-1.1868034966578216,2.9087249654149083,2.470103375847224e-05,-1.3925026098834437,-1.3501294294940394,-2.4370909372912806,-0.9251979033099573,1.5708585977554321,-0.5964997450457972,1
244,1788174235.0469022,-0.051572485353643456,-0.3292353712952624,0.04267765309930496,-1.186303032810047,2.9088961459669402,0.000432983714818285,-1.3925145308123987,-1.3433173338519495,-2.43179160753359,-0.9375699202166956,1.5708345174789429,-0.596175495778219,1
245,1788174235.0882695,-0.05157063752286554,-0.32925213973011064,0.045886007208119084,-1.185946765721709,2.9090698034682263,0.0001473515056970347,-1.392526928578512,-1.3365052382098597,-2.4264679590808313,-0.9495223204242151,1.5708465576171875,-0.5959361235248011,1
246,1788174235.1276138,-0.051565182840515054,-0.3292237315108098,0.04902620900740187,-1.1854400947358275,2.9092237469719993,0.0004171327835343568,-1.3925026098834437,-1.330017391835348,-2.421072785054342,-0.961583439503805,1.5708585977554321,-0.5955761114703577,1
247,1788174235.1688704,-0.0515600490308834,-0.32929540408547425,0.0522956491634739,-1.1848862250188867,2.909511896160432,-1.2237601046327314e-05,-1.392526928578512,-1.3235052267657679,-2.415473286305563,-0.9734156767474573,1.5708585977554321,-0.5952046553241175,1
248,1788174235.2084272,-0.05156117839289406,-0.3292826197241847,0.05551273688841746,-1.1843422835256385,2.9097252044249307,0.00013532327455281017,-1.3925145308123987,-1.3171728293048304,-2.4098504225360315,-0.9854643980609339,1.5708465576171875,-0.5948203245746058,1
249,1788174235.2505152,-0.05155156453302854,-0.32933597226686673,0.058756321670303785,-1.1838557138205834,2.909980112025839,-0.0002567307656135916,-1.3925145308123987,-1.310972038899557,-2.404203240071432,-0.9970572630511683,1.5708465576171875,-0.5944722334491175,1
250,1788174235.2954051,-0.05154458243366932,-0.32935354562128877,0.06261113511617003,1.1833711649858156,-2.9101883523528764,0.0004304197474526374,-1.3925026098834437,-1.3037532011615198,-2.397393051777975,-1.0109732786761683,1.5708465576171875,-0.5941246191607874,1
251,1788174235.3394108,-0.05155727400586943,-0.3292676189587836,0.0657259821930154,-1.182985896091578,2.9102908015864517,-5.174759075144308e-05,-1.3925026098834437,-1.297948185597555,-2.391818348561422,-1.0226019064532679,1.5708585977554321,-0.5938728491412562,1
252,1788174235.3804154,-0.05155228138574531,-0.32935969012504485,0.06967891032260348,1.1825235370374412,-2.9105038563102865,0.0007227194428848687,-1.392538849507467,-1.2910049597369593,-2.3847323099719446,-1.0361946264850062,1.5708585977554321,-0.5935853163348597,1
253,1788174235.4217489,-0.0515656289058915,-0.3293166114647711,0.07285075883208564,1.1821303441376243,-2.9106882780474064,0.00036935699167781413,-1.392538849507467,-1.2855241934405726,-2.378869358693258,-1.0477631727801722,1.5708345174789429,-0.5933092276202601,1
254,1788174235.4614837,-0.051540273590293714,-0.32936195708239707,0.07607492363275967,1.1818808059206733,-2.9107744877795385,0.0006575018887763344,-1.3925026098834437,-1.280151669179098,-2.372934405003683,-1.0588882605182093,1.5708585977554321,-0.5931051413165491,1
255,1788174235.501916,-0.05154499722575788,-0.3293635930537469,0.07926642495110017,1.1813055462566024,-2.911012181126401,0.0007200008264415216,-1.392526928578512,-1.2749231497394007,-2.366999689732687,-1.0700133482562464,1.5708705186843872,-0.5927332083331507,1
256,1788174235.5406313,-0.05156050510467974,-0.3293083740681821,0.08240995882308841,-1.1809896707371454,2.9111361864325724,-0.00020062990373708286,-1.392526928578512,-1.2699220816241663,-2.360992972050802,-1.0813539663897913,1.5708465576171875,-0.5925172011004847,1
257,1788174235.5795107,-0.051565627540512936,-0.3293319677261404,0.08565548093075911,1.1803843947789696,-2.9113476995757903,0.0006191395802698191,-1.392538849507467,-1.2648137251483362,-2.354962174092428,-1.0922158400165003,1.5708225965499878,-0.5921214262591761,1
258,1788174235.6170225,-0.0515589147538693,-0.32928951227823827,0.08818203633815608,-1.1801753877038543,2.9114820747719885,-0.00021762733659178393,-1.3925026098834437,-1.2609999815570276,-2.350058380757467,-1.1011970678912562,1.5708345174789429,-0.5919297377215784,1
259,1788174235.6551225,-0.05155761786677977,-0.32928687899943876,0.0913939112960126,-1.1795176932426867,2.9117157941208984,-0.00017443264461256612,-1.3925145308123987,-1.2562750021563929,-2.3438597361194056,-1.1121538321124476,1.5708585977554321,-0.5914977232562464,1
260,1788174235.6932597,-0.051563742392741745,-0.3292627229208466,0.09460420428634075,-1.179034510924205,2.9119294569998857,-0.00011498537016016285,-1.3925026098834437,-1.2516101042376917,-2.337661091481344,-1.1230509916888636,1.5708345174789429,-0.5911496321307581,1
261,1788174235.7313201,-0.05157277965623461,-0.32925575221137715,0.09775198899653773,-1.1783681083580972,2.912191542425113,-6.182516782367713e-05,-1.392526928578512,-1.2472212950335901,-2.331498686467306,-1.133636776600973,1.5708345174789429,-0.5907180945025843,1
262,1788174235.7729163,-0.05158102885368544,-0.3291789674194763,0.10091364776329886,-1.177903469175933,2.912299277785027,0.00031204428600123066,-1.392526928578512,-1.2428439299212855,-2.325263802205221,-1.1444972197162073,1.5708585977554321,-0.5904181639300745,1
263,1788174235.8132162,-0.051563789484354465,-0.3292681294133682,0.10418553287570659,-1.1776463757979774,2.912516564593134,-0.00038644861623228017,-1.3925145308123987,-1.2385504881488245,-2.318885628377096,-1.1547120253192347,1.5708465576171875,-0.5902021566974085,1
264,1788174235.8550632,-0.05159371472780878,-0.3294059176198497,0.10737013564102793,-1.1771831404475526,2.912625738862272,6.681868071992689e-05,-1.3926942984210413,-1.2350848356830042,-2.31207520166506,-1.1652854124652308,1.5708585977554321,-0.5900824705706995,1
265,1788174235.8980403,-0.05161174329736667,-0.3304127647709595,0.1105075173371497,-1.1765869079299123,2.9128635219384886,0.00018061283241554619,-1.393306080495016,-1.2343171278582972,-2.303838316594259,-1.174361530934469,1.5708465576171875,-0.590285603200094,1
266,1788174235.9405231,-0.05153775636435133,-0.3319854094785969,0.11364577250854335,-1.176051036585552,2.9130467478313538,0.0005022061429537581,-1.3939421812640589,-1.2353971640216272,-2.2944629828082483,-1.1828635374652308,1.5708345174789429,-0.5905616919146937,1
267,1788174235.9825902,-0.05142400377330424,-0.333972989494302,0.11756033259891965,-1.1750022646917,2.9135180846225226,0.00016791412966463162,-1.3946855703936976,-1.2366679350482386,-2.2829764525042933,-1.1928618589984339,1.5708345174789429,-0.5905736128436487,1
268,1788174236.0257256,-0.05132276605428952,-0.33555078273246686,0.12070757619769898,-1.1741583381119902,2.913790494942126,0.00036218004582913924,-1.3952611128436487,-1.2378914991961878,-2.273565117512838,-1.2011836210833948,1.5708705186843872,-0.590586010609762,1
269,1788174236.0687475,-0.05131218587508084,-0.3371058232699619,0.12385904898964686,-1.1735243098296957,2.9140306300159096,0.0006483138925361815,-1.396052662526266,-1.2391741911517542,-2.2641175428973597,-1.2095297018634241,1.5708465576171875,-0.5909460226642054,1
270,1788174236.1104326,-0.05129718964605107,-0.3391128587697737,0.12777327754924064,-1.172827446235206,2.9144174946078363,6.557210883573005e-06,-1.3970721403705042,-1.2407453695880335,-2.2525952498065394,-1.2190607229815882,1.5708345174789429,-0.5914619604693812,1
271,1788174236.1514876,-0.05131550131580554,-0.3406472971460886,0.13095477290294047,-1.1723107441156784,2.914547951776058,0.0004458005179539497,-1.3979476133929651,-1.2421839872943323,-2.2429917494403284,-1.2275140921222132,1.5708465576171875,-0.5920012632953089,1
272,1788174236.1919603,-0.05138103103434479,-0.34221820624157634,0.1340905260508819,-1.1713692366154667,2.9148826495603437,0.0007430583702205673,-1.3989670912372034,-1.2438152472125452,-2.233435932789938,-1.2356322447406214,1.5708465576171875,-0.5923851172076624,1
273,1788174236.2347026,-0.05144699955748706,-0.34393028898884365,0.13734589909693426,-1.1702314169423018,2.9153856325432197,0.00033759657855071657,-1.4000590483294886,-1.245566193257467,-2.223616902028219,-1.243439022694723,1.5708585977554321,-0.5926855246173304,1
274,1788174236.2784522,-0.05155104268580395,-0.34552009359346325,0.14059036657501503,-1.1687867212095617,2.9159827289457425,0.0003070462087042173,-1.4011738936053675,-1.2471850554095667,-2.2138693968402308,-1.251545254384176,1.5708465576171875,-0.5928052107440394,1
275,1788174236.3205893,-0.05166065752853928,-0.3474492813856639,0.14441323805482942,-1.1669179854235405,2.9167398962882753,0.0001565282095201192,-1.4024813810931605,-1.249307934437887,-2.2022879759417933,-1.2609084288226526,1.5708585977554321,-0.5928290526019495,1
276,1788174236.364695,-0.051756522954002016,-0.34900681901082753,0.14761290646606254,-1.1655473721211245,2.917217720271118,0.0005404872731682101,-1.4035490194903772,-1.2511785666095179,-2.1924684683429163,-1.2691100279437464,1.5708705186843872,-0.5929735342608851,1
277,1788174236.4066727,-0.05184414959107867,-0.35101623408045884,0.15154726703066082,-1.1641227122830375,2.917917530888769,-0.0003424405480402507,-1.4047959486590784,-1.2533372084247034,-2.180730644856588,-1.278114144002096,1.5708705186843872,-0.593212906514303,1
278,1788174236.4472759,-0.051948665614214164,-0.3525514361795706,0.15467506872165396,-1.1626398292952103,2.9184716459623723,-4.739641165956166e-06,-1.405839745198385,-1.2553275267230433,-2.171067539845602,-1.286004368458883,1.5708585977554321,-0.5932491461383265,1
279,1788174236.4857783,-0.05204435172774139,-0.3541661425534453,0.15789754788785318,-1.161076601003186,2.9190769641564294,0.00010863833824038442,-1.4068945089923304,-1.2574504057513636,-2.1611159483539026,-1.2939069906817835,1.5708585977554321,-0.5932367483722132,1
280,1788174236.5267727,-0.052170258664531954,-0.3558321964331452,0.1609338622063191,-1.1593744588315111,2.9197950844373683,-0.00025763284415196,-1.4080584684955042,-1.2597649733172815,-2.151621166859762,-1.3008511702166956,1.5708705186843872,-0.5932248274432581,1
281,1788174236.5687556,-0.05232788493264384,-0.35740245711391055,0.16343914270528814,-1.158045519637573,2.9203247621244843,-9.67073400097405e-05,-1.4092333952533167,-1.2624385992633265,-2.1432164351092737,-1.3066819349872034,1.5708465576171875,-0.5934889952289026,1
282,1788174236.611532,-0.052453310980284246,-0.35894585689949154,0.1651208669999124,-1.1570988943533553,2.920595293696816,0.0004225367710848713,-1.4103248755084437,-1.265785042439596,-2.1364782492267054,-1.3104174772845667,1.5708705186843872,-0.5939567724810999,1
283,1788174236.6505418,-0.05257690466194862,-0.36059109225784797,0.1661269803851473,-1.1566303636212967,2.9208950645247254,-0.0001589720089509626,-1.4114163557635706,-1.2694905439959925,-2.1314547697650355,-1.3113511244403284,1.5708465576171875,-0.5947006384478968,1
284,1788174236.6935618,-0.05268231418294399,-0.3621869378877509,0.1662458880846399,-1.1568947188758651,2.9207407852785785,8.034412371638871e-05,-1.4124472776996058,-1.273975674306051,-2.1280978361712855,-1.3103817144977015,1.5708585977554321,-0.595924202595846,1
285,1788174236.7319157,-0.053086506334031544,-0.36410826387067957,0.16624861319548526,-1.1568599798505912,2.9208096856682513,6.52116933267505e-05,-1.4144147078143519,-1.2794440428363245,-2.1244052092181605,-1.3085854689227503,1.5708105564117432,-0.5978549162494105,1
286,1788174236.7728262,-0.05340862023743254,-0.36537111902313274,0.16621301939625951,-1.1569901716123454,2.920674667784093,0.0001766187934881805,-1.4159134070025843,-1.283149544392721,-2.1219590345965784,-1.3074124495135706,1.5708705186843872,-0.5994623343097132,1
287,1788174236.8103726,-0.05433381077616137,-0.3672678062767104,0.16617076425461913,-1.1570081279879807,2.920667124308635,0.00025983536463139304,-1.4193080107318323,-1.2888100782977503,-2.1181824843036097,-1.3055804411517542,1.5708585977554321,-0.6028693358050745,1
288,1788174236.850841,-0.05507768213291359,-0.3685371043414675,0.16620703306879137,-1.1568519155626684,2.920783216432693,-8.419961516995225e-05,-1.421910587941305,-1.2924559752093714,-2.115629021321432,-1.3042634169207972,1.5708585977554321,-0.6053522268878382,1
289,1788174236.8902662,-0.05645170720576622,-0.3702280292809288,0.16614562863416255,-1.1567538416167575,2.9207878334800252,0.0003730565956732348,-1.4263837973224085,-1.2978523413287562,-2.111972157155172,-1.302814785634176,1.5708225965499878,-0.6097663084613245,1
290,1788174236.9292877,-0.05748350973810318,-0.37136309773417053,0.16619430525735684,-1.1566438517974997,2.9208681052070316,-1.6313777888030443e-05,-1.4296944777118128,-1.3012226263629358,-2.1095503012286585,-1.301617447529928,1.5708465576171875,-0.6129930655108851,1
291,1788174236.9670935,-0.05888515316931232,-0.37259260662194005,0.1661975253295798,-1.1566841774224497,2.9208641527170136,-8.510037886204106e-06,-1.4340117613421839,-1.3051675001727503,-2.1067689100848597,-1.3004563490497034,1.5708345174789429,-0.6173351446734827,1
292,1788174237.006794,-0.06037772333341322,-0.37371120865607094,0.1661744174027083,-1.1569040658668461,2.920701343417897,0.0001226071302547227,-1.438545052205221,-1.3089335600482386,-2.1041434446917933,-1.2994139830218714,1.5708825588226318,-0.6220367590533655,1
293,1788174237.0487802,-0.062048738921701214,-0.37464223216207565,0.16623921912289366,1.1569646507967213,-2.920750534422515,0.0004152297268489396,-1.4434025923358362,-1.311944309865133,-2.1019251982318323,-1.298253361378805,1.5708225965499878,-0.6269186178790491,1
294,1788174237.0895875,-0.06367402508215961,-0.3753037143652853,0.16617866211963164,-1.156612572667679,2.920878622594235,-8.120575449792454e-05,-1.4480794111834925,-1.3146422545062464,-2.100103203450338,-1.2976062933551233,1.5708585977554321,-0.6313570181476038,1
295,1788174237.1315386,-0.06526832994420567,-0.37549819224514136,0.1662194994654303,-1.1565065120007312,2.92091390921773,-4.31776888140404e-05,-1.4524806181537073,-1.3158896605121058,-2.099096123372213,-1.2973912397967737,1.5708585977554321,-0.6356871763812464,1
296,1788174237.1713579,-0.06718704555308828,-0.3754465140566408,0.1661979103799093,-1.1564774004730014,2.9208912664263758,0.00021436422956539928,-1.4576738516436976,-1.3167646566974085,-2.0984843412982386,-1.2972949186908167,1.5708465576171875,-0.6408684889422815,1
297,1788174237.2116892,-0.06877139571393698,-0.3754581419670712,0.16619524748552061,-1.1566597951160826,2.9207883711188294,0.0003018989972087706,-1.4619916121112269,-1.3176048437701624,-2.097873036061422,-1.2971275488482874,1.5708585977554321,-0.6453183333026331,1
298,1788174237.2533853,-0.07036310277672499,-0.375472361144105,0.16618464863781285,-1.1566956521459946,2.9207731367417846,0.00030181668463733646,-1.466320816670553,-1.3184440771686,-2.097297970448629,-1.296863857899801,1.5708585977554321,-0.6496723333941858,1
299,1788174237.2965803,-0.07196875736893699,-0.37558662079100374,0.16619867515866488,-1.1566535455096643,2.92081733119663,0.0002933366877661397,-1.4706981817828577,-1.3195470015155237,-2.0964701811419886,-1.2965768019305628,1.5708345174789429,-0.6540144125567835,1
300,1788174237.3378894,-0.07358984384825205,-0.3758089757628382,0.16617935462688802,-1.1564519002451445,2.920867564875055,0.00030161389839120415,-1.475170914326803,-1.3210104147540491,-2.0954631010638636,-1.2961333433734339,1.5708585977554321,-0.658356014882223,1
301,1788174237.3801816,-0.07520476454168387,-0.3760773792163264,0.1662222246262094,-1.1567071887424394,2.920842923762353,-1.655523424450078e-05,-1.4796083609210413,-1.322437588368551,-2.094372097645895,-1.2955830732928675,1.5708465576171875,-0.6629503409015101,1
302,1788174237.4214792,-0.0771140059516693,-0.3764658558437199,0.16623556694853622,-1.156773747743381,2.92085434904913,-0.00013494194567174783,-1.484861199055807,-1.3244527021991175,-2.0928977171527308,-1.2949603239642542,1.5708345174789429,-0.6682398954974573,1
303,1788174237.462395,-0.07868546631969932,-0.37690714338152737,0.16623131266342617,-1.1566051327784892,2.920886285806755,-3.090941976256268e-05,-1.4892142454730433,-1.3265393416034144,-2.09137469926943,-1.2944696585284632,1.5708465576171875,-0.672485653554098,1
304,1788174237.500395,-0.08027761813442584,-0.37742340073241026,0.1662434478322888,-1.1564186361987925,2.9209768140354466,1.7816359276369943e-05,-1.493603531514303,-1.3288057486163538,-2.0896843115436,-1.2939189116107386,1.5708225965499878,-0.6767433325396937,1
305,1788174237.5389717,-0.08187194989035272,-0.37805581253072607,0.1662890195018785,-1.1564262353904242,2.9209919319583175,-0.00012950300214145043,-1.498028580342428,-1.3313120047198694,-2.0877540747271937,-1.293248478566305,1.5708345174789429,-0.6811693350421351,1
306,1788174237.579153,-0.08346565974423811,-0.37872996204032866,0.16620162051718373,-1.156846582326035,2.9207189310257298,0.000297788343515878,-1.502441708241598,-1.334238354359762,-2.085764233266012,-1.2926014105426233,1.5708465576171875,-0.6858952681170862,1
307,1788174237.6231978,-0.08508397335830757,-0.3795278077807373,0.16622184933772693,-1.1569039352417778,2.92076201205461,-3.703236308110128e-06,-1.5069153944598597,-1.3371766249286097,-2.0835941473590296,-1.2916320005999964,1.5708465576171875,-0.6903927961932581,1
308,1788174237.6621838,-0.0867157864358034,-0.3802801774088889,0.16619563763469333,-1.1565415794337666,2.920917026659069,5.405317097324418e-06,-1.511388127003805,-1.3401506582843226,-2.0814603010760706,-1.2907941977130335,1.5708345174789429,-0.6946147123919886,1
309,1788174237.7015698,-0.08830586252235294,-0.3810223030435957,0.16624988460787643,-1.1563688729398305,2.9209935461481256,-9.038410483025008e-05,-1.5157416502581995,-1.3429930845843714,-2.079217259083883,-1.2901347319232386,1.5708465576171875,-0.6988480726825159,1
310,1788174237.7435584,-0.08988057043206603,-0.3817551967787174,0.16619834954328497,-1.1567234484360456,2.9208107575610645,0.00021091557412624987,-1.520010773335592,-1.3460152784930628,-2.077047650014059,-1.2894766966449183,1.5708225965499878,-0.7033699194537562,1
311,1788174237.7828956,-0.09146573756233932,-0.3824981829013786,0.16619840382286552,-1.1567737278125942,2.920728219443874,0.00018408245039605803,-1.52433950105776,-1.3489545027362269,-2.0748418013202112,-1.288746182118551,1.5708825588226318,-0.707747761403219,1
312,1788174237.8222244,-0.09305323454827676,-0.3832978589057397,0.16623639801749548,1.1569250744586839,-2.9208031757347563,3.802942928067226e-05,-1.5285733381854456,-1.3519042173968714,-2.0725634733783167,-1.287896458302633,1.570798635482788,-0.7120536009417933,1
313,1788174237.863027,-0.09464748578982879,-0.3840532077645072,0.16627059959536397,1.1568553277216684,-2.9208284310992743,0.00027352315818122015,-1.5328782240497034,-1.3547943274127405,-2.070321861897604,-1.2871058622943323,1.5708465576171875,-0.716311279927389,1
314,1788174237.9034913,-0.09628890790086037,-0.3848124191638969,0.1662666552319443,-1.1565447947689615,2.9209108847777423,-0.00020082469904258283,-1.53727895418276,-1.3578646818744105,-2.067983929310934,-1.2864354292498987,1.5708825588226318,-0.7205088774310511,1
315,1788174237.9457624,-0.09791259891185794,-0.38552636441629357,0.16621823183804282,-1.1566392704058936,2.920840268093693,4.547153725286002e-05,-1.541572395955221,-1.36088735262026,-2.065766159688131,-1.2857888380633753,1.5708585977554321,-0.7248747984515589,1
316,1788174237.9882858,-0.09949961284461341,-0.3863192552819001,0.1662355214663488,-1.1566783427410854,2.920886021327794,-0.00019900219116682205,-1.545769516621725,-1.3638857046710413,-2.0634639898883265,-1.2849271933185022,1.5708585977554321,-0.7290843168841761,1
317,1788174238.0304532,-0.10140944018449745,-0.3872191639008143,0.16629163839526,1.156469542143613,-2.920918163326027,0.0005069392610869929,-1.5507820288287562,-1.3673275152789515,-2.060718838368551,-1.2840169111834925,1.5708465576171875,-0.7339656988727015,1
318,1788174238.0726376,-0.10300424997323711,-0.3879436553539814,0.16622646390542242,-1.1564562754969596,2.920984383544425,-0.0001277547568555849,-1.5549429098712366,-1.3704455534564417,-2.0584166685687464,-1.2834542433368128,1.5708345174789429,-0.73810321489443,1
319,1788174238.1126769,-0.10459285244255029,-0.38867087623487495,0.16624230009382193,-1.1564076381071027,2.921014142534761,-0.00011693357073078768,-1.5590680281268519,-1.3733843008624476,-2.0560911337481897,-1.2828438917743128,1.5708225965499878,-0.74219257036318,1
320,1788174238.153651,-0.10616887593584856,-0.38940811692665084,0.16624506148320417,-1.1566657078993188,2.9208439607654926,-1.3019979271088783e-05,-1.563169304524557,-1.376406494771139,-2.0537050406085413,-1.28229266801943,1.5708585977554321,-0.7464864889727991,1
321,1788174238.1943595,-0.1078198750113139,-0.3901174885521702,0.16623696465545493,-1.1566776045809342,2.920873996010765,-9.091573132015392e-05,-1.5674145857440394,-1.3793447653399866,-2.0514395872699183,-1.2815621534930628,1.5708465576171875,-0.7507317701922815,1
322,1788174238.2359214,-0.10944301779291885,-0.3907543036377142,0.16622574945401256,-1.1565571831121686,2.920925909463168,-0.00010573728379426721,-1.5715754667865198,-1.382115666066305,-2.049292866383688,-1.2809279600726526,1.5708465576171875,-0.7548092047320765,1
323,1788174238.2785532,-0.11133775754497091,-0.39146818376657,0.16623095970753116,-1.1564779255190942,2.9209759942633835,-7.174039781183168e-05,-1.5763958136187952,-1.3852813879596155,-2.0467756430255335,-1.2802932898150843,1.5708225965499878,-0.7595709005938929,1
324,1788174238.317983,-0.11291679761827264,-0.39205739940197143,0.16618160107002733,-1.156451124099805,2.9209062787097544,0.00016740774833320018,-1.5804131666766565,-1.3880398909198206,-2.0446770826922815,-1.2798026243792933,1.5708345174789429,-0.7635887304889124,1
325,1788174238.358991,-0.11451870023490947,-0.39266293795349055,0.16624333571233013,-1.1566364473837594,2.9208616129426352,-3.59199694477134e-05,-1.5844782034503382,-1.3906305472003382,-2.042483631764547,-1.2792757193194788,1.5708585977554321,-0.7677739302264612,1
326,1788174238.402857,-0.11608625006858221,-0.3932555500605361,0.16628394435379962,-1.1568155324366658,2.9208520426316897,-0.000159330079066981,-1.5884116331683558,-1.3931973616229456,-2.04034930864443,-1.2787483374225062,1.5708345174789429,-0.7718156019793909,1
327,1788174238.447383,-0.11798228752059803,-0.3940097144373466,0.16627777677210787,1.1568720279782696,-2.9207363629738086,0.00038342540413976664,-1.5931480566607874,-1.396423641835348,-2.0378201643573206,-1.277886215840475,1.5708105564117432,-0.7766125837909144,1
328,1788174238.4916315,-0.11961851694553556,-0.3945695494282706,0.16623915671002973,1.1563039138659783,-2.921039030909784,0.0003057373330007417,-1.5972607771502894,-1.3991339842425745,-2.035722080861227,-1.2773478666888636,1.5708585977554321,-0.7803180853473108,1
329,1788174238.531525,-0.12155177863888948,-0.3952263885245129,0.16620443862167278,-1.1544414243342227,2.921757296240581,1.3850593580174877e-05,-1.6020453611956995,-1.4023726622210901,-2.0331442991839808,-1.2768929640399378,1.5708225965499878,-0.7838318983661097,1
330,1788174238.5714564,-0.1228104406947817,-0.3957077855885941,0.16628248179184857,1.1525003571602244,-2.9225334593986023,0.00023416493061310654,-1.6051633993731897,-1.4043992201434534,-2.0313342253314417,-1.2765095869647425,1.5708345174789429,-0.785619084035055,1
331,1788174238.6138332,-0.12473944694996103,-0.39638267920132403,0.16621932728339223,-1.1474684744268864,2.9244572024886133,7.186593810024549e-05,-1.6099236647235315,-1.4077337423907679,-2.0287321249591272,-1.2759950796710413,1.5708465576171875,-0.7869499365435999,1
332,1788174238.655094,-0.12633911615207621,-0.39695203442430577,0.1662194786338254,-1.1421478751854515,2.926520369137621,0.00022730043503711315,-1.6138327757464808,-1.4104445616351526,-2.0264905134784144,-1.275623623524801,1.5708225965499878,-0.7872260252581995,1
333,1788174238.6972778,-0.12793422134163177,-0.39756353141560047,0.16617218511347248,-1.1356863791942642,2.9289745316104563,0.0003762993709843674,-1.6177294890033167,-1.4133108297931116,-2.024236504231588,-1.2751205603228968,1.5708345174789429,-0.786722485219137,1
334,1788174238.7357264,-0.12953917362765063,-0.3982275388041281,0.1661969076936545,-1.128639718750392,2.9317467773846864,0.00016432318019813562,-1.6216266790973108,-1.4161408583270472,-2.021874729787008,-1.2745102087603968,1.5708465576171875,-0.7857988516436976,1
335,1788174238.7762113,-0.13112725856804958,-0.3989459320971031,0.1661848953243621,-1.120440052974689,2.93487649306716,0.00011667944573291619,-1.6254633108722132,-1.4191868940936487,-2.019392792378561,-1.273923699055807,1.5708705186843872,-0.7840479055987757,1
336,1788174238.814005,-0.1327689622895533,-0.3996255859590324,0.16617791689860598,-1.1103442414088465,2.938692358070617,0.000316097034487666,-1.6293843428241175,-1.42224628130068,-2.016839329396383,-1.2735407988177698,1.5708345174789429,-0.781097714100973,1
337,1788174238.852225,-0.13438010268310768,-0.40037954923536545,0.16619271710809558,-1.0994807925710712,2.9427713064584013,0.00023225289360625349,-1.6332338492022913,-1.4253762404071253,-2.0142014662372034,-1.2730010191546839,1.5708585977554321,-0.7775595823871058,1
338,1788174238.893366,-0.13577866459292706,-0.40106179581214024,0.16620604280693715,-1.0876685394297803,2.9471569173701697,0.0002351371313197809,-1.636543099080221,-1.4281829039203089,-2.011815373097555,-1.2725823561297815,1.5708585977554321,-0.7728470007525843,1
339,1788174238.9355614,-0.13647862913874717,-0.4013688269719876,0.16620350874719605,-1.0760101231299153,2.9514205735422525,0.0003728382690595938,-1.6381858030902308,-1.4295499960528772,-2.0106528441058558,-1.2724626700030726,1.5708345174789429,-0.7665866057025355,1
340,1788174238.9778945,-0.13650589340153205,-0.40137557784617556,0.16620211148717146,-1.0640884501770516,2.955733828809046,0.00034969463749321794,-1.6382578055011194,-1.4295862356769007,-2.0106290022479456,-1.2724388281451624,1.5708465576171875,-0.7585871855365198,1
341,1788174239.0194397,-0.1365053143193721,-0.40136700697845845,0.1661735985116096,-1.0520676433680276,2.959994539171422,0.000488100240448155,-1.6382578055011194,-1.429633919392721,-2.0106409231769007,-1.2724745909320276,1.5708465576171875,-0.750467602406637,1
342,1788174239.061493,-0.1365079310306508,-0.4013649597486689,0.1661755547978396,-1.0379897694368236,2.9649887846939715,0.00044530507785589285,-1.6382578055011194,-1.4296100775348108,-2.010664765034811,-1.2724388281451624,1.5708345174789429,-0.7409575621234339,1
343,1788174239.1024952,-0.13652314507178698,-0.4013728024369601,0.16617810798911337,-1.026088894909986,2.969134406073884,0.0004290745012560512,-1.6382935682879847,-1.429633919392721,-2.0106409231769007,-1.2724269072162073,1.5708345174789429,-0.7329700628863733,1
344,1788174239.1433663,-0.1365083907511649,-0.40137176397095975,0.1661822786909848,-1.014295490725078,2.9731898697781474,0.0004127861441428346,-1.6382578055011194,-1.4296100775348108,-2.0106528441058558,-1.2724269072162073,1.5708345174789429,-0.7249944845782679,1
345,1788174239.1857808,-0.13650617516568872,-0.401379748175622,0.16617635396415512,-1.0020737149996595,2.9773305024448375,0.0003712332688049744,-1.6382578055011194,-1.429621998463766,-2.010664765034811,-1.2723787466632288,1.5708465576171875,-0.7167790571795862,1
346,1788174239.2283046,-0.13649716568570455,-0.40143498716250653,0.1662056385515162,-0.9902863467135343,2.98134684516155,5.236352821093994e-05,-1.638233486806051,-1.429621998463766,-2.0106409231769007,-1.2721875349627894,1.5708585977554321,-0.7088268438922327,1
347,1788174239.2689476,-0.13650894146932202,-0.4014293858479358,0.16620275836273138,-0.9759181641702023,2.9860791170334293,1.054045268406294e-05,-1.6382697264300745,-1.4296100775348108,-2.010664765034811,-1.272151295338766,1.5708705186843872,-0.6992324034320276,1
348,1788174239.3109963,-0.1364923854906333,-0.40143669268370474,0.16619787393234256,-0.9638606352194763,2.9899999086167344,3.53979056968577e-05,-1.638221565877096,-1.429621998463766,-2.010664765034811,-1.272151295338766,1.5708585977554321,-0.6911123434649866,1
349,1788174239.3534498,-0.13646854918095525,-0.4014548870312426,0.16621174066579755,-0.9522520335009973,2.9937168568416306,-6.503733374504307e-05,-1.6381738821612757,-1.4296100775348108,-2.0106528441058558,-1.2721155325519007,1.5708825588226318,-0.6833046118365687,1
350,1788174239.3964233,-0.13646991241745318,-0.4014601828472952,0.1662128683442654,-0.9402479299538588,2.997559973353935,-5.462258789520072e-05,-1.6381495634662073,-1.4296100775348108,-2.0106528441058558,-1.2721036116229456,1.5708345174789429,-0.6752560774432581,1
351,1788174239.437802,-0.1364657124152192,-0.40145327130968056,0.1662057282299266,-0.9259070262918321,3.0019485100645635,-3.5729774830216104e-05,-1.6381738821612757,-1.429621998463766,-2.0106528441058558,-1.2721274534808558,1.570894479751587,-0.6657326857196253,1
352,1788174239.4788673,-0.13646600927919467,-0.4014431622637524,0.16618739247376318,-0.9137369161522553,3.0056998654355556,7.912036324487027e-05,-1.6381495634662073,-1.429633919392721,-2.010676685963766,-1.272151295338766,1.5708465576171875,-0.6576007048236292,1
353,1788174239.5196276,-0.13647906918725958,-0.40152044008321836,0.16643127744706304,0.9016799613373564,-3.009373546396555,0.00033672592353135503,-1.6381619612323206,-1.429502312337057,-2.010209385548727,-1.2724626700030726,1.5708345174789429,-0.6495888868915003,1
354,1788174239.5572746,-0.13648910246290386,-0.4016868827063082,0.16749281873944663,0.8897592547429596,-3.012714068961644,0.0013928197336800406,-1.6381858030902308,-1.4287703672992151,-2.0081709066974085,-1.274534050618307,1.5708825588226318,-0.6417320410357874,1
355,1788174239.597312,-0.13650558339575267,-0.4017595517051924,0.16916140032780944,0.8774635526341525,-3.0161766898734994,0.001663520374066194,-1.6381738821612757,-1.4275954405414026,-2.004766289387838,-1.2789047400103968,1.5708105564117432,-0.633587662373678,1
356,1788174239.639222,-0.13648164565959012,-0.4016749659365065,0.17111954991057166,0.8656077410214449,-3.019797929536643,0.0010264679251934545,-1.6381495634662073,-1.4261558691607874,-2.0006535688983362,-1.2849028746234339,1.5708465576171875,-0.625671688710348,1
357,1788174239.6808589,-0.1364916075973143,-0.40155244053943256,0.17310775235749892,0.8536548576209214,-3.0233684190525216,0.00015148050770381514,-1.6381738821612757,-1.4247167746173304,-1.9964340368853968,-1.2911408583270472,1.5708105564117432,-0.6177547613727015,1
358,1788174239.7228134,-0.13648335132719916,-0.40155216632661234,0.17528645976518503,-0.8416861533646155,3.026742097070119,-0.0002367942403593532,-1.6381738821612757,-1.423157040272848,-1.991974178944723,-1.2971156279193323,1.5708465576171875,-0.6098383108722132,1
359,1788174239.7632565,-0.13649028484572345,-0.4015415253767292,0.17788395836730866,0.8276352638090576,-3.0305758785224493,0.0003515907500906039,-1.6381858030902308,-1.4213102499591272,-1.9866631666766565,-1.3041918913470667,1.5708345174789429,-0.6005781332599085,1
360,1788174239.804647,-0.13648359530789658,-0.4014832289830558,0.1795673883765393,-0.8181021486956843,3.033145567472353,5.485789789838174e-06,-1.6381858030902308,-1.4201586882220667,-1.9831145445453089,-1.309136692677633,1.5708465576171875,-0.5942924658404749,1
361,1788174239.8465228,-0.1364840644263878,-0.40152190660476367,0.18218233357581307,-0.8041495632232514,3.03690937900009,-9.164749054824354e-05,-1.6381738821612757,-1.4185040632831019,-1.9776118437396448,-1.3162244001971644,1.5708345174789429,-0.5850804487811487,1
362,1788174239.8880682,-0.1364673395781887,-0.40154416309397784,0.18442038339268513,0.7926167188046384,-3.039948159105069,0.0004262882502965209,-1.6381495634662073,-1.4170168081866663,-1.9730075041400355,-1.3221033255206507,1.5708705186843872,-0.577463452016012,1
363,1788174239.9304793,-0.13647321989584557,-0.40147457692286775,0.18659046920643624,-0.7802754540279722,3.0431011521613214,-1.6925433577370023e-05,-1.6381619612323206,-1.4156373182879847,-1.9683802763568323,-1.328376595173971,1.5708465576171875,-0.569366757069723,1
364,1788174239.9727159,-0.13648655730268894,-0.4014862956707487,0.18917950471247963,-0.7662561792652138,3.0466877577355556,-7.912661365337463e-05,-1.6381858030902308,-1.4140899817096155,-1.9628775755511683,-1.3353808561908167,1.5708345174789429,-0.5601781050311487,1
365,1788174240.0137703,-0.1364817913608017,-0.40156987602302274,0.1914295095918909,0.7544655718773083,-3.049635098025641,0.00040794796821101595,-1.6381738821612757,-1.4128664175616663,-1.958045784627096,-1.3412240187274378,1.5708585977554321,-0.5524290243731897,1
366,1788174240.0535514,-0.1364811650426039,-0.40151976712471116,0.1938514025287087,-0.7434139855493993,3.0523575580803564,-0.00021952177634592185,-1.6381738821612757,-1.4114273230182093,-1.9528663794146937,-1.3479645887957972,1.5708465576171875,-0.5451830069171351,1
367,1788174240.0956912,-0.13647685773637513,-0.40164482865869083,0.19638134114887001,-0.7328408116586932,3.05488535412774,-0.00014861396503739466,-1.6381495634662073,-1.4103606382953089,-1.9471238295184534,-1.3548248449908655,1.5708585977554321,-0.5382378737079065,1
368,1788174240.1360793,-0.13647316709082194,-0.4021018319699333,0.19901099558034158,0.721730459788426,-3.057523676040383,0.0005413538226856155,-1.6380656401263636,-1.4099281469928187,-1.940686051045553,-1.3614333311664026,1.5708585977554321,-0.530884091054098,1
369,1788174240.1782942,-0.13646983203817098,-0.4032494900336625,0.20151328868857366,0.7108352141103306,-3.0600889098584427,0.00028436548284487245,-1.6378501097308558,-1.4114874045001429,-1.932845417653219,-1.3678749243365687,1.5708225965499878,-0.5235427061664026,1
370,1788174240.2192621,-0.13646219376897858,-0.404870352462611,0.20405635670135025,0.6999637762570973,-3.0625912457066256,0.00023605008648783487,-1.637562100087301,-1.414138142262594,-1.9240339438067835,-1.3740642706500452,1.5708105564117432,-0.5161526838885706,1
371,1788174240.2607205,-0.1364581098408432,-0.40683646619594094,0.2072371231310145,0.6862190296729271,-3.0656273020857725,0.0008855079736374746,-1.6372626463519495,-1.4171364943133753,-1.9133876005755823,-1.3812955061541956,1.5708585977554321,-0.5068920294391077,1
372,1788174240.3005993,-0.1364548244673861,-0.40841013174952895,0.20974395614508842,0.6755905629910294,-3.0680882906936735,0.0004310437798643468,-1.63701039949526,-1.4199193159686487,-1.904492203389303,-1.3877132574664515,1.5708705186843872,-0.49969464937318975,1
373,1788174240.3408444,-0.13647796293268816,-0.409918255437427,0.21224873618349727,-0.6646249042708082,3.070436423281919,4.245531138723983e-05,-1.6368072668658655,-1.4225934187518519,-1.8956921736346644,-1.3941424528705042,1.5708345174789429,-0.49235231081117803,1
374,1788174240.3812988,-0.1364764558746311,-0.41153471372668865,0.21478283020635533,0.6535073139141213,-3.0728685514730887,0.00016192003731648082,-1.636543099080221,-1.4253042379962366,-1.8868926207171839,-1.4000924269305628,1.5708225965499878,-0.4848430792437952,1
375,1788174240.4232724,-0.13647450656881044,-0.41316071263817944,0.21741713514805053,0.6428560084057824,-3.07505900396536,0.0005399901682460169,-1.6362913290606897,-1.427978817616598,-1.8778894583331507,-1.4061744848834437,1.5708345174789429,-0.477668587361471,1
376,1788174240.4651682,-0.13646562307551632,-0.4147355828164594,0.21997738712263112,-0.6316485040267172,3.0774366689268406,-0.0003625356576819414,-1.6360395590411585,-1.4307854811297815,-1.8688738981830042,-1.4125073591815394,1.5708585977554321,-0.47012311617006475,1
377,1788174240.5061402,-0.13655763744747976,-0.4163313056074267,0.22245974072302122,-0.6203811093930013,3.0797133226524664,-6.794283918005156e-05,-1.63599139848818,-1.433807675038473,-1.859858814870016,-1.4186847845660608,1.5708225965499878,-0.4627569357501429,1
378,1788174240.5470204,-0.13682686153894802,-0.41799296113453,0.22507263636159452,0.609645736178043,-3.081861934479891,0.000438497597362429,-1.6363871733294886,-1.4369023481952112,-1.8505433241473597,-1.4246709982501429,1.5708585977554321,-0.4561827818499964,1
379,1788174240.5866096,-0.13727860147279122,-0.4199013931758815,0.22816035839095458,0.596146067297052,-3.0845029710270357,0.0005106820978556614,-1.6371544043170374,-1.4406922499286097,-1.839358154927389,-1.4320219198810022,1.5708705186843872,-0.4481928984271448,1
380,1788174240.6251392,-0.13758279541628737,-0.42113276074162864,0.23008979036985447,-0.5872407377662576,3.0861944453719663,-0.00016273578476847482,-1.637658421193258,-1.4433191458331507,-1.832081143056051,-1.43689471880068,1.5708465576171875,-0.4429262320147913,1
381,1788174240.6675723,-0.1380139457334054,-0.42273729479250727,0.2325959265333643,-0.5764649992039651,3.088229562645125,-0.00011366469705716324,-1.6384013334857386,-1.4466655890094202,-1.8227422873126429,-1.442916218434469,1.5708345174789429,-0.4366877714740198,1
382,1788174240.7089095,-0.13850380626680708,-0.42470381899644716,0.23574812206530035,0.5629936380390207,-3.0907185998396027,0.00026720550611148086,-1.639216725026266,-1.4506829420672815,-1.8111861387835901,-1.4503510634051722,1.5708225965499878,-0.428781811391012,1
383,1788174240.750209,-0.13889757878653552,-0.42625720218777424,0.23827505665144383,-0.5517298012136096,3.0927120422914185,5.4610708309080705e-06,-1.6398885885821741,-1.4540298620807093,-1.8017390410052698,-1.4566362539874476,1.5708465576171875,-0.4221714178668421,1
384,1788174240.7905982,-0.13933295814745955,-0.4278837122319224,0.24080940641814388,-0.5409009272769452,3.094670187456302,-0.00020205483565625883,-1.6406200567828577,-1.4574359099017542,-1.7922919432269495,-1.4625380674945276,1.5708345174789429,-0.4158971945392054,1
385,1788174240.8305893,-0.13974352192498,-0.4295008371803697,0.24335622479118652,0.5296637510084844,-3.0965896980868064,0.0003707268028985939,-1.6412909666644495,-1.4608424345599573,-1.782797638569967,-1.4685123602496546,1.5708225965499878,-0.4093106428729456,1
386,1788174240.871462,-0.14013700974707344,-0.43107141467070104,0.2457499995557137,-0.5182337692062964,3.098505091387594,-0.00010164118411154879,-1.6419504324542444,-1.4643567244159144,-1.7735188643084925,-1.474461857472555,1.5708585977554321,-0.4025920073138636,1
387,1788174240.9117029,-0.14058312751619242,-0.4326362489937836,0.24808008447724889,-0.5069845718753444,3.100361240124406,-7.446421051492312e-05,-1.6427062193499964,-1.467846695576803,-1.7644551436053675,-1.4800532499896448,1.5708585977554321,-0.39608937898744756,1
388,1788174240.9524624,-0.14103823695512666,-0.43425527363033517,0.2502758620911144,-0.49526553179227917,3.102263522017103,-0.0002141161732293017,-1.6434739271747034,-1.4714692274676722,-1.755632225667135,-1.4851649443255823,1.5708705186843872,-0.38929874101747686,1
389,1788174240.9942837,-0.14148384759723096,-0.43585771336548423,0.2523010831944583,-0.4825116024805681,3.1042586985356024,-0.00020647345150822687,-1.644217316304342,-1.4751513640033167,-1.7471569220172327,-1.4899657408343714,1.5708825588226318,-0.38182384172548467,1
390,1788174241.0351877,-0.14189131431738483,-0.43741976732655485,0.2542398767960441,-0.47057163448135786,3.1060768910710235,-2.7449940378027405e-05,-1.6448643843280237,-1.4787972609149378,-1.73889667192568,-1.4946940580951136,1.5708705186843872,-0.3747819105731409,1
391,1788174241.0776925,-0.14237778584759683,-0.43935587960394584,0.2563172786371932,-0.4554533050347428,3.1083211743580583,0.00011743890475467763,-1.6456201712237757,-1.4833548704730433,-1.7294500509845179,-1.4996746222125452,1.5708585977554321,-0.3658073584185999,1
392,1788174241.1160955,-0.1427955135588658,-0.44099094112968695,0.2580630911729972,-0.4429292696881687,3.110190348148661,-3.9656773363818665e-05,-1.6462553183185022,-1.487121884022848,-1.721597973500387,-1.5036490599261683,1.5708225965499878,-0.35838109651674444,1
393,1788174241.1547341,-0.14310654011716636,-0.442335642111113,0.25942964064920365,-0.43350693592410816,3.1115341689001816,-0.0004241225373962213,-1.6467354933368128,-1.4901440779315394,-1.715412441884176,-1.5065696875201624,1.5708585977554321,-0.3528021017657679,1
394,1788174241.1969879,-0.14362039057578338,-0.44417528853487137,0.26136481822327473,-0.4181317240395127,3.1135784842706915,8.969169235342687e-05,-1.6475508848773401,-1.494690243397848,-1.7062295118915003,-1.511538330708639,1.5708465576171875,-0.3437431494342249,1
395,1788174241.2381852,-0.14402075846179288,-0.4457170270691969,0.26298473605252015,-0.4058159694097059,3.115165918291532,0.0004926682982066012,-1.6481617132769983,-1.4984801451312464,-1.698545281087057,-1.5156920591937464,1.5708345174789429,-0.3364484945880335,1
396,1788174241.2804763,-0.1444318758391687,-0.44733180243850024,0.2646122960858457,-0.3936687898292492,3.1167419757328205,-5.4440178859381935e-06,-1.6488092581378382,-1.502162281666891,-1.6910651365863245,-1.5191758314715784,1.5708825588226318,-0.32929784456361944,1
397,1788174241.3206174,-0.14488641755672696,-0.4489443887754996,0.2659365905246895,-0.3807304996859317,3.1183799558593863,4.077566539942092e-05,-1.6495049635516565,-1.5060847441302698,-1.684040371571676,-1.5223005453692835,1.5708465576171875,-0.321690861378805,1
398,1788174241.3626947,-0.14529336627404907,-0.4506271096523198,0.2672639947336394,-0.3682168567119122,3.1199134885944666,-0.00029904369620775673,-1.6501043478595179,-1.5100186506854456,-1.6770389715777796,-1.5251496473895472,1.5708585977554321,-0.3142641226397913,1
399,1788174241.4051108,-0.1459180036397545,-0.4525324967266388,0.2687835351637468,-0.35324216777311923,3.121665533577139,-0.0002761993647550613,-1.651111904774801,-1.5147326628314417,-1.6687434355365198,-1.528741184865133,1.5708345174789429,-0.3056734243976038,1
400,1788174241.4453783,-0.14643892900523037,-0.45407629482127676,0.2699965250240072,-0.34061199489475846,3.1230052977748355,-0.000163895010321502,-1.6519869009601038,-1.5186188856707972,-1.6619704405414026,-1.5317099730121058,1.5708825588226318,-0.29846269289125615,1
401,1788174241.4862099,-0.14702383660446258,-0.4556816180428362,0.2711301139483638,-0.3285640583734217,3.124306991910932,-0.0002585254094963686,-1.6529582182513636,-1.5226247946368616,-1.6553052107440394,-1.5343077818499964,1.5708825588226318,-0.29171926179994756,1
402,1788174241.528267,-0.14769685271773955,-0.45726106155226487,0.27214171665761333,-0.31596697742053675,3.1255933047995588,-5.157425762723084e-05,-1.6541088263141077,-1.5267518202411097,-1.6487720648394983,-1.5368455092059534,1.5708705186843872,-0.28480846086610967,1
403,1788174241.5704942,-0.148404851940251,-0.4588706423717863,0.2731227334687839,-0.3032355983829634,3.12687696029548,-0.00014292775302306675,-1.6553199926959437,-1.530877415333883,-1.6423466841327112,-1.5390837828265589,1.5708585977554321,-0.2778733412372034,1
404,1788174241.609439,-0.14916738589710737,-0.46047380710464797,0.2739157324393028,-0.29081821634607924,3.1280873723115077,-9.583562545462176e-05,-1.6566270033465784,-1.5350874106036585,-1.6362808386432093,-1.5409634749041956,1.5708225965499878,-0.27123767534364873,1
405,1788174241.6474419,-0.1499364356141751,-0.4620642368516117,0.27474495202884475,-0.27812969289218853,3.129221820266569,7.237330084025044e-05,-1.6579578558551233,-1.5393217245685022,-1.630059544240133,-1.5430591742144983,1.5708225965499878,-0.2644584814654749,1
406,1788174241.6881444,-0.15065083714744842,-0.46369223715856384,0.2756542559599513,-0.2652322897488736,3.130349023142015,-0.00021358393139967024,-1.6591690222369593,-1.5434477964984339,-1.6237896124469202,-1.5450223127948206,1.5708465576171875,-0.2574275175677698,1
407,1788174241.7292325,-0.1513294821598688,-0.465355382323741,0.2764599568711483,-0.25317299765108275,3.1313431468628794,-0.0002897491214543116,-1.6602843443499964,-1.5477059523211878,-1.6176045576678675,-1.5469020048724573,1.5708585977554321,-0.25083953539003545,1
408,1788174241.7713454,-0.15206947873998455,-0.46689286577925826,0.27730267066413616,-0.24082973400345428,3.1323001567340425,-2.797751304738371e-05,-1.6615312735186976,-1.5518325010882776,-1.611382786427633,-1.549164120350973,1.5708465576171875,-0.24420482317079717,1
409,1788174241.812563,-0.15302489000770594,-0.46877327105634037,0.27830661388802036,-0.22530599377912477,3.133453210563617,0.00010467783945512827,-1.6631501356707972,-1.5568583647357386,-1.6038664023028772,-1.5517380873309534,1.5708345174789429,-0.23591357866396123,1
410,1788174241.8525527,-0.15382280784378233,-0.47039336392008996,0.2791764766418616,-0.21306886724617727,3.1343109608737296,-2.901140393772326e-05,-1.664492432271139,-1.5610922018634241,-1.5974891821490687,-1.5537970701800745,1.5708465576171875,-0.22944623628725225,1
411,1788174241.8952708,-0.1545446145932169,-0.47195641044923203,0.28003422200615713,-0.20050557567191518,3.1351183113562056,6.065868327838435e-05,-1.6656797567950647,-1.565218750630514,-1.5911954084979456,-1.556023899708883,1.5708585977554321,-0.2226188818560999,1
412,1788174241.9371946,-0.15530142665097657,-0.47354185566005624,0.28080089801944463,-0.18767850669183495,3.135931839577652,-1.082592995556163e-05,-1.6669147650348108,-1.5693686644183558,-1.5851181189166468,-1.5579031149493616,1.5708465576171875,-0.21567136446108037,1
413,1788174241.9790976,-0.1560978366865786,-0.4751275634415647,0.28153467115028774,-0.17539268341357533,3.1366512251549974,2.9276866304006137e-05,-1.6682217756854456,-1.5735910574542444,-1.5790160338031214,-1.5598066488849085,1.5708345174789429,-0.2091434637652796,1
414,1788174242.0206947,-0.15722681495748334,-0.4769851877966112,0.2824539932163592,-0.16026454186479797,3.137481430486193,-6.103837599050347e-05,-1.6701400915728968,-1.5786407629596155,-1.5716078917132776,-1.5621050039874476,1.5708225965499878,-0.20141631761659795,1
415,1788174242.062068,-0.15818323353534938,-0.47851358432343455,0.2831931499133725,-0.14742438063930516,3.1380557421829125,0.00013591332953313357,-1.6717832724200647,-1.5829232374774378,-1.5653627554522913,-1.5641997496234339,1.5708585977554321,-0.1948769728290003,1
416,1788174242.1023116,-0.15923752786564765,-0.4800219957886412,0.2840011476652245,-0.1353768375979941,3.1386113540226055,-0.00012741458709012089,-1.6736052672015589,-1.5870736281024378,-1.5591290632831019,-1.5661152044879358,1.5708705186843872,-0.18902093568910772,1
417,1788174242.1427903,-0.16049942617690913,-0.4814564059973891,0.2847829630513208,-0.12298960247539156,3.1391706401792265,-0.0005337184581470682,-1.675835911427633,-1.5911639372455042,-1.5530279318438929,-1.5678628126727503,1.5708585977554321,-0.1833575407611292,1
418,1788174242.181408,-0.16173752220882398,-0.48277432289679817,0.2854639877504672,-0.10990152110229491,3.139638378430426,5.267035670221259e-05,-1.6780179182635706,-1.5953143278705042,-1.546950642262594,-1.5701616446124476,1.5708225965499878,-0.17720204988588506,1
419,1788174242.2213953,-0.16300669674803595,-0.4841383422017347,0.28616999337216487,-0.09731813430623959,3.1400233512086184,0.0002555654002285288,-1.6802600065814417,-1.5994766394244593,-1.5408366362201136,-1.5722454229937952,1.5708345174789429,-0.17142945924867803,1
420,1788174242.2593877,-0.1644115176521466,-0.48538421517081487,0.28693990503618694,-0.08522723441650067,3.140386716607744,0.0001244024096814938,-1.6827777067767542,-1.6033628622638147,-1.5348790327655237,-1.5742324034320276,1.5708345174789429,-0.16624623933901006,1
421,1788174242.2988634,-0.16582227444358758,-0.4866601846416187,0.28753498059535954,-0.07239769294389335,3.1406684477917177,0.0003063001284725521,-1.685295883809225,-1.607441250477926,-1.5291016737567347,-1.5760515371905726,1.5708585977554321,-0.16059476533998662,1
422,1788174242.3393414,-0.16715758046215398,-0.4879343796099881,0.28801600469913924,-0.05985090366017396,3.1409220096745125,0.0005710506695609829,-1.6876338163958948,-1.611483399068014,-1.523623291646139,-1.577656094227926,1.5708465576171875,-0.15494329134096319,1
423,1788174242.3805146,-0.16870173380487777,-0.48907275224611096,0.2885901122570875,-0.04698149187006678,3.1411480344566463,0.0002136548354045275,-1.6904156843768519,-1.61517841020693,-1.5183489958392542,-1.5790088812457483,1.5708705186843872,-0.1495307127581995,1
424,1788174242.4219165,-0.17017285905607593,-0.49018742656726666,0.28896688946396865,-0.03501838004541437,3.141327140340882,0.00037204884463048116,-1.693017307912008,-1.6189330259906214,-1.5134223143206995,-1.5802777449237269,1.5708345174789429,-0.14451533952821904,1
425,1788174242.4626935,-0.1717099580478085,-0.4913212216181859,0.2893069536543429,-0.022243474588390034,3.141471417781673,0.0001890438691110317,-1.6957390944110315,-1.6226752440081995,-1.508639160786764,-1.5811994711505335,1.5708225965499878,-0.13910371461977178,1
426,1788174242.5037498,-0.17323149795886317,-0.49245269468793,0.28971564532272576,-0.009278425205485124,3.1415443951632187,-0.00033806406595590004,-1.6984370390521448,-1.6262977758990687,-1.5038445631610315,-1.5820377508746546,1.5708585977554321,-0.13354760805238897,1
427,1788174242.5458317,-0.17481360267928334,-0.4934784083668151,0.2900331884365033,0.0031760291150845542,3.1415480722689963,-9.268350093330998e-05,-1.7012422720538538,-1.6299923102008265,-1.499073330556051,-1.5832703749286097,1.5708465576171875,-0.1284239927874964,1
428,1788174242.5879004,-0.1766356265373162,-0.49479719762801877,0.2903309587175482,0.017798669296123917,3.141486401621432,0.00021143829141426267,-1.7044194380389612,-1.6345747152911585,-1.4933798948871058,-1.5845750013934534,1.5708345174789429,-0.1222918669330042,1
429,1788174242.6292646,-0.1782121543410624,-0.4959020883452226,0.29062614987680757,0.030725465376676926,3.1414061418648638,-2.7690470983888575e-05,-1.707165543233053,-1.6382935682879847,-1.4886811415301722,-1.5854013601886194,1.5708345174789429,-0.11680823961366826,1
430,1788174242.669158,-0.17976788973694569,-0.49693761197950626,0.29090382051422947,0.04365163375126744,3.1412530314812805,-2.6867257102794148e-05,-1.7098749319659632,-1.6419280211078089,-1.4840658346759241,-1.5863826910602015,1.5708345174789429,-0.11128789583315069,1
431,1788174242.7091055,-0.18128691487252982,-0.4980271234988235,0.29107917041534803,0.05555861490081684,3.141024585930055,2.4920638910247498e-05,-1.7125008741961878,-1.645682160054342,-1.4795587698565882,-1.5871732870685022,1.5708705186843872,-0.10633212724794561,1
432,1788174242.7505927,-0.18287978686950915,-0.4991253381824621,0.2913444729865716,0.06812509370955479,3.140813650955305,-0.0004395317286781598,-1.7152345816241663,-1.6493409315692347,-1.4749916235553187,-1.5877836386310022,1.5708705186843872,-0.10106450716127569,1
433,1788174242.7929318,-0.1843700824907417,-0.5002525256103236,0.29154592328381246,-0.0808233724665204,-3.1405509961700475,0.0006750446095296035,-1.7177398840533655,-1.6530597845660608,-1.4704726378070276,-1.5884297529803675,1.5708465576171875,-0.09548408189882451,1
434,1788174242.8344457,-0.18597260270275587,-0.5013093670877727,0.29170952211302215,0.09355605213117149,3.1401930112744068,-0.0005783740241220868,-1.720473591481344,-1.6568382422076624,-1.4659178892718714,-1.5892680327044886,1.5708465576171875,-0.09010869661440069,1
435,1788174242.8742082,-0.1875332893685736,-0.5022895523519316,0.2917443308248715,0.10589187349904883,3.1397509619082613,7.836764565680038e-05,-1.723135773335592,-1.6606047789203089,-1.461602512990133,-1.5902379194842737,1.5708465576171875,-0.08491260210146123,1
436,1788174242.915097,-0.18910562886190074,-0.5033594354523765,0.29181914048346147,0.11839554350700639,3.139293661308213,5.9907807210167795e-05,-1.7257850805865687,-1.6643593947040003,-1.4572871367083948,-1.5907881895648401,1.5708585977554321,-0.07959634462465459,1
437,1788174242.957493,-0.1909538803151165,-0.5046447372788899,0.29189389160867374,0.133854172846524,3.138668146554554,0.00012036708881536593,-1.7288664023028772,-1.6688697973834437,-1.452109162007467,-1.591494385396139,1.5708585977554321,-0.07282811800111944,1
438,1788174242.9969525,-0.19248182719084764,-0.5057327016857603,0.2919318482122951,0.1463522788172221,3.1380954760001862,0.000159327072190775,-1.7313960234271448,-1.6726601759540003,-1.4478057066546839,-1.5920336882220667,1.5708705186843872,-0.06739265123476201,1
439,1788174243.0388932,-0.19406330310787787,-0.506792310770001,0.29211309460002044,0.1584180596225502,3.1375442212407427,-0.0001532128464027959,-1.7340095678912562,-1.676319424306051,-1.443322483693258,-1.5926559607135218,1.5708585977554321,-0.06231671968568975,1
440,1788174243.081752,-0.1955751648877764,-0.5078536377814382,0.29222620396196664,0.1709336055891915,3.1368961878491954,-0.00011004976490893741,-1.7364795843707483,-1.6800501982318323,-1.4388635794269007,-1.5934103170977991,1.5708465576171875,-0.05680829683412725,1
441,1788174243.1229177,-0.19717512889747085,-0.5089278756461795,0.29224288483030814,0.18396947567485117,3.1361345495454156,5.9216936098865e-05,-1.7391050497638147,-1.683936897908346,-1.4344404379474085,-1.5940564314471644,1.5708585977554321,-0.05112058321108037,1
442,1788174243.162477,-0.1990100454874494,-0.5102410552819444,0.29238409681937116,0.19854863414349172,3.1352580906486094,-0.00012453069510425365,-1.7420666853534144,-1.6884587446795862,-1.4290226141559046,-1.5948346296893519,1.5708585977554321,-0.044783894215719044,1
443,1788174243.2013922,-0.20026178428044472,-0.5111266925535615,0.29246604767750284,0.20838521945176028,3.134660073280863,-0.0003616947677024061,-1.7440689245807093,-1.691481892262594,-1.4254382292376917,-1.5952413717852991,1.5708345174789429,-0.04051238695253545,1
444,1788174243.2426686,-0.20182182855086414,-0.5121781453489315,0.29246633124392285,0.22122277361526438,3.1337435831063094,-3.1356274846897134e-06,-1.7465866247760218,-1.6953685919391077,-1.4209798018084925,-1.596043888722555,1.5708465576171875,-0.034836594258443654,1
445,1788174243.2826762,-0.20333069290895228,-0.5132178719550355,0.29253778157753546,0.2339830505144162,3.1327991925780188,0.00025997305730906205,-1.7489965597735804,-1.6991589705096644,-1.4164484182940882,-1.5969532171832483,1.5708465576171875,-0.029100720082418263,1
446,1788174243.324085,-0.2049296466281278,-0.514273591391102,0.2926255599527867,0.2464759618804846,3.1318170976396464,0.0002607519335594242,-1.7515619436847132,-1.7029860655414026,-1.4118579069720667,-1.5977194944964808,1.5708705186843872,-0.02368814149965459,1
447,1788174243.3645737,-0.20684244141273464,-0.5155887274840707,0.29271274264220676,0.2614651418870663,3.1306122433402197,9.631322025064381e-05,-1.7545831839190882,-1.70762807527651,-1.406344238911764,-1.5984857718097132,1.5708705186843872,-0.01713592210878545,1
448,1788174243.4038517,-0.20842332305679637,-0.5166663373213122,0.2928808348733983,0.2744441341112979,3.129560764789995,-0.0002698285984108522,-1.7570532003985804,-1.7113712469684046,-1.4016688505755823,-1.599180046712057,1.5708345174789429,-0.01131612459291631,1
449,1788174243.4451008,-0.20996441490831536,-0.5176955907080436,0.29295358390744003,0.2869988168439056,3.1284102607831823,-8.151374513662018e-05,-1.759475056325094,-1.7151735464679163,-1.3970664183246058,-1.6001017729388636,1.5708465576171875,-0.005711857472554982,1
450,1788174243.4881334,-0.21147124157061178,-0.5188042035139829,0.2929854879779926,0.2988532444702593,3.1272701429069056,1.117225130421363e-05,-1.7618005911456507,-1.7190960089312952,-1.3924277464496058,-1.6008794943438929,1.5708705186843872,-0.0004556814776819351,1
451,1788174243.5289793,-0.21307377147296175,-0.5198740211550921,0.2930276462323721,0.3114395617646497,3.126056872063119,-3.908195169747586e-05,-1.764282528554098,-1.7229707876788538,-1.387824837361471,-1.6015742460833948,1.5708585977554321,0.0051123956218361855,1
452,1788174243.5720496,-0.21459522318472302,-0.5209891876625405,0.2931562684290696,0.3242460088885264,3.124768688283289,-0.00027906350492061917,-1.7665961424456995,-1.7268217245685022,-1.3830421606646937,-1.6023524443255823,1.5708585977554321,0.010992905125021935,1
453,1788174243.6151931,-0.2164836194980903,-0.5222732160512698,0.2932255474536158,0.3390483772521834,3.1231825695331845,-3.20248233694295e-05,-1.7694857756244105,-1.7315719763385218,-1.3772648016559046,-1.603537384663717,1.5708585977554321,0.017580857500433922,1
454,1788174243.657649,-0.21802939757690948,-0.5232957259672825,0.2932468353259738,0.3513885063522503,3.1217955738733445,0.0003642701979491028,-1.7718475500689905,-1.7354705969439905,-1.372566048298971,-1.6045907179461878,1.5708585977554321,0.023124685510993004,1
455,1788174243.6962767,-0.21956133205963918,-0.5243891075073478,0.29339405288749154,0.3643495042886283,3.1203506149250693,7.158071318805927e-05,-1.774137322102682,-1.7392857710467737,-1.3677352110492151,-1.6054170767413538,1.5708345174789429,0.029137397184967995,1
456,1788174243.7369354,-0.22110004381532677,-0.5254684290034626,0.2935410550411148,0.37675555497169283,3.1188692607399937,-0.00022929852055156362,-1.7764514128314417,-1.7430880705462855,-1.3629048506366175,-1.6062548796283167,1.5708585977554321,0.03477747365832329,1
457,1788174243.778219,-0.22263714488569114,-0.5265268099289488,0.29349370914654116,0.3888708457281123,3.117342165771183,0.00027902543400070784,-1.7787531057940882,-1.7471187750445765,-1.3581584135638636,-1.6072962919818323,1.5708705186843872,0.040249768644571304,1
458,1788174243.8207626,-0.22416179482522913,-0.5275835565137179,0.2936178923441817,0.4011207485552875,3.1158267015401644,4.198841770722894e-05,-1.7810071150409144,-1.7508857885943812,-1.3533876577960413,-1.6081464926349085,1.5708465576171875,0.04585389420390129,1
459,1788174243.8613915,-0.22612464318146724,-0.5287985077536597,0.29379027775606625,0.41666572994470735,3.113782131742926,-0.0003513271581895147,-1.7839682737933558,-1.7553966681109827,-1.3476102987872522,-1.6091635862933558,1.5708705186843872,0.052874401211738586,1
460,1788174243.9004,-0.2277172488762061,-0.5296524043683757,0.2937800114810326,0.4288774675614543,3.1121236162098054,0.00012217520366661385,-1.7863896528827112,-1.759031120930807,-1.3431990782367151,-1.6102407614337366,1.5708465576171875,0.05829876288771629,1
461,1788174243.9406817,-0.22936189095568388,-0.5302007091327425,0.2938870510752081,0.4412118135773028,3.110384863493716,0.0004060622964328361,-1.7890155951129358,-1.761982266102926,-1.339327637349264,-1.6113422552691858,1.5708465576171875,0.06360290199518204,1
462,1788174243.982229,-0.23089737508746389,-0.5308188277089992,0.2939928382129394,0.4536465023166821,3.10855588731002,0.00023399086409890726,-1.7914369742022913,-1.7648370901690882,-1.3356359640704554,-1.612072769795553,1.570894479751587,0.06918305903673172,1
463,1788174244.0228403,-0.2325411086982139,-0.5314209350531549,0.29417184803638274,0.4666307695777082,3.1067015309202004,-0.00017097389440224716,-1.7940023581134241,-1.7676804701434534,-1.3318002859698694,-1.612802807484762,1.5708465576171875,0.07496769726276398,1
464,1788174244.0653656,-0.23413607270547823,-0.5319730877823161,0.2941638783069086,0.4786282008148676,3.1048727530234785,0.00015096361450046413,-1.7965086142169397,-1.7706192175494593,-1.3282044569598597,-1.613664452229635,1.5708345174789429,0.08018757402896881,1
465,1788174244.1088638,-0.23567833994961862,-0.5325143957975061,0.2942574153876859,0.4907093889247815,3.1029724045816676,0.00019081072570593333,-1.7989299933062952,-1.773402516041891,-1.3245728651629847,-1.6145389715777796,1.5708465576171875,0.08555201441049576,1
466,1788174244.1505866,-0.2376381169992579,-0.533198826723583,0.29437660857999337,0.5060759447049947,3.1004892824676937,-3.4289371771660396e-05,-1.8019993940936487,-1.7768457571612757,-1.3201020399676722,-1.6154244581805628,1.5708705186843872,0.09239238500595093,1
467,1788174244.1917598,-0.2392247389878696,-0.5337839184048911,0.29451137280632267,0.5183896750092702,3.098490745406594,-0.0003117924015253809,-1.8044446150409144,-1.7796767393695276,-1.3163378874408167,-1.6161788145648401,1.5708465576171875,0.0978890210390091,1
468,1788174244.232049,-0.24082901724880912,-0.5343424468274327,0.294475049110694,0.5302614141180764,3.0964776241430925,4.9017884433265145e-05,-1.8069260756122034,-1.7826874891864222,-1.3126824537860315,-1.6170528570758265,1.5708345174789429,0.10307332873344421,1
469,1788174244.2723548,-0.24231539568150745,-0.5348330838142733,0.2945435558062935,0.5428123505033092,3.094297610658058,0.0004464802212784668,-1.80922776857485,-1.7854588667498987,-1.3090389410602015,-1.6181777159320276,1.5708225965499878,0.10888155549764633,1
470,1788174244.3115685,-0.24349024500058242,-0.5354475362700203,0.29465328353969905,0.5554633983561391,3.0920241204605134,0.00023828749537491983,-1.8109663168536585,-1.7879903952227991,-1.3056705633746546,-1.6188839117633265,1.5708585977554321,0.11532606929540634,1
471,1788174244.3539085,-0.24449284434421303,-0.5360577454675203,0.29478756985072246,0.5676500362356349,3.089832832664659,-2.1975863193328744e-05,-1.8123930136310022,-1.7903173605548304,-1.3024943510638636,-1.6195662657367151,1.5708465576171875,0.12178219854831696,1
472,1788174244.3954453,-0.24532134125472577,-0.536602893978168,0.294840705241905,0.5799533800248884,3.087545006097784,3.582268508322998e-05,-1.8135555426227015,-1.7924287954913538,-1.299737278615133,-1.6202486197101038,1.5708465576171875,0.12858662009239197,1
473,1788174244.4356565,-0.24595603721082765,-0.5371963614680938,0.294833930344476,0.5952278123964899,3.08462580907266,0.0003570277709177717,-1.8143709341632288,-1.794539753590719,-1.2970884482013147,-1.620991055165426,1.5708465576171875,0.13767141103744507,1
474,1788174244.4763548,-0.2461893621720376,-0.5375286815925793,0.29500019407855355,0.6069968676065162,3.0823401190411364,0.00011424697036102695,-1.81462270418276,-1.7954638640033167,-1.2955544630633753,-1.6214459578143519,1.5708465576171875,0.14505219459533691,1
475,1788174244.5179932,-0.2462920939524348,-0.5377222439792578,0.29512472714290083,0.6194368786604237,3.0798578596313155,-7.558092517109068e-05,-1.8147185484515589,-1.7959554831134241,-1.2946551481830042,-1.6217330137835901,1.5708585977554321,0.15303218364715576,1
476,1788174244.5579262,-0.24630252607235856,-0.537838872619153,0.29519002445708253,0.6317058463647184,3.0773763953262496,-5.570855762193754e-05,-1.8146827856646937,-1.7962434927569788,-1.2941277662860315,-1.6219843069659632,1.5708465576171875,0.1610369086265564,1
477,1788174244.6004236,-0.24629604866886895,-0.5378713969296077,0.29529376081917424,0.6437040469502526,3.0748934954191713,-0.0002425265663773855,-1.8146584669696253,-1.7962554136859339,-1.2938769499408167,-1.6221039930926722,1.5708465576171875,0.1688614785671234,1
478,1788174244.6415837,-0.24630149358152773,-0.5378748101376585,0.2953844488965508,0.6563909998562475,3.072198129220359,-0.00028179364081571404,-1.8146708647357386,-1.796267334614889,-1.2936366240130823,-1.622307602559225,1.5708585977554321,0.17710624635219574,1
479,1788174244.6830857,-0.24631475808706343,-0.537876645611743,0.29542686581343125,0.668538604455072,3.069600062905405,-0.00020471441598366921,-1.8146827856646937,-1.7963154951678675,-1.2934568564044397,-1.6224873701678675,1.5708345174789429,0.18500272929668427,1
480,1788174244.7225258,-0.24632588054847043,-0.5378753181238985,0.2955549088836189,0.6832628727264993,3.066343840507416,-0.00024385618105727616,-1.8147066275226038,-1.7963274160968226,-1.2931211630450647,-1.6227863470660608,1.5708465576171875,0.19457925856113434,1
481,1788174244.7618027,-0.24631580225621344,-0.5379036081214068,0.29566000873438614,0.6931383964132799,3.0641163566128404,-0.0004319785170661252,-1.8146827856646937,-1.7963274160968226,-1.2928817907916468,-1.6229060331927698,1.5708585977554321,0.2010481059551239,1
482,1788174244.8037071,-0.24632182444672832,-0.5378991041639549,0.2957457951099932,0.7049915129486899,3.0614100569978207,-0.0004511044265148212,-1.8146947065936487,-1.7963274160968226,-1.2926657835589808,-1.6231096426593226,1.5708585977554321,0.20877644419670105,1
483,1788174244.844704,-0.2463133148489255,-0.5378822289242798,0.29581949027254417,0.7199020388854868,3.0579473828101293,-0.00024521124965652555,-1.8146827856646937,-1.7963631788836878,-1.2924016157733362,-1.6234687010394495,1.5708465576171875,0.2185334712266922,1
484,1788174244.8879936,-0.24631750698843255,-0.5378589894272005,0.2958588845705177,0.7319537522778474,3.0550950033110382,7.581503009256228e-05,-1.8146947065936487,-1.7964351812945765,-1.2921622435199183,-1.6238401571856897,1.5708345174789429,0.22640597820281982,1
485,1788174244.9310863,-0.24631477301873053,-0.5378420674917437,0.2959356373183529,0.7442061947701796,3.0521085639855725,0.00018747677444116395,-1.8147066275226038,-1.7964471022235315,-1.2919343153582972,-1.624127213154928,1.5708585977554321,0.2344226837158203,1
486,1788174244.9709563,-0.24631165882694994,-0.5378242189789012,0.2960379523584458,0.758985802202265,3.048504541582245,0.00028157561688153403,-1.8146947065936487,-1.7964471022235315,-1.2916587034808558,-1.6244624296771448,1.5708225965499878,0.24411942064762115,1
487,1788174245.0128279,-0.24629483213043005,-0.5378665075805743,0.2961137558347783,0.7707726017312057,3.0455213825398513,0.0001320843889940204,-1.8146584669696253,-1.796483341847555,-1.291443173085348,-1.6245463530169886,1.5708465576171875,0.25189605355262756,1
488,1788174245.0543458,-0.2462989051561412,-0.5378756786502727,0.2962065008351821,0.7834066159911397,3.0422712135653693,5.631862612527752e-05,-1.8146708647357386,-1.79649526277651,-1.2912033239947718,-1.624725643788473,1.5708705186843872,0.2601887583732605,1
489,1788174245.098646,-0.2463037533358815,-0.5378551877398033,0.2962712710763548,0.7953782477389532,3.039176499102371,0.0001501658285993461,-1.8146827856646937,-1.79649526277651,-1.2910235563861292,-1.624965016041891,1.5708585977554321,0.2680489122867584,1
490,1788174245.1391444,-0.2463063840884913,-0.5378830806416948,0.2964021431796885,0.8103623623356038,3.0352259336079785,-7.50996860679296e-05,-1.8146708647357386,-1.79649526277651,-1.2907241026507776,-1.6251209417926233,1.5708465576171875,0.27792617678642273,1
491,1788174245.1787608,-0.24631618515915668,-0.5378650603640543,0.29649123389272297,0.822503704291503,3.031958387874166,-5.6059139155136e-05,-1.8146947065936487,-1.796483341847555,-1.2905085722552698,-1.6253603140460413,1.5708465576171875,0.28590691089630127,1
492,1788174245.2194073,-0.24631300573087445,-0.5378809866867439,0.296530475880035,0.8343778576169396,3.0287135982152877,3.785223879420515e-05,-1.8146827856646937,-1.7965553442584437,-1.2903044859515589,-1.625552002583639,1.5708465576171875,0.293755441904068,1
493,1788174245.2623808,-0.24630773008267637,-0.5378651193137729,0.29661871493332925,0.8468104522039013,3.0252245049787403,7.649788439367411e-05,-1.8146947065936487,-1.7965429464923304,-1.290088955556051,-1.625803295766012,1.5708825588226318,0.30196428298950195,1
494,1788174245.3013387,-0.246317279778028,-0.5378694590290588,0.296733606891062,0.8586303900990079,3.0219252712531497,-7.680846742919271e-05,-1.8146947065936487,-1.7965191046344202,-1.2898486296283167,-1.6259706656085413,1.5708465576171875,0.3097768723964691,1
495,1788174245.3412514,-0.24630916486100882,-0.5378769347591236,0.2968247960133099,0.8709495045014404,3.0183827976105535,-0.0001693344679774827,-1.8146827856646937,-1.7965071837054651,-1.289645020161764,-1.6261265913592737,1.5708585977554321,0.3179493546485901,1
496,1788174245.3815098,-0.2463194584808542,-0.5378782140253909,0.29686485328611184,0.883334544626351,3.014797743981921,-1.926307712484498e-05,-1.8146947065936487,-1.796579662953512,-1.2894294897662562,-1.6263654867755335,1.5708465576171875,0.32614582777023315,1
497,1788174245.4252765,-0.24631945889879703,-0.5378782157048301,0.29691281074570064,0.8949599482498114,3.0113665530236573,-3.691304606923455e-05,-1.8146947065936487,-1.796579662953512,-1.2893098036395472,-1.6264737288104456,1.5708465576171875,0.3338625431060791,1
498,1788174245.4661238,-0.24632420881822154,-0.5378739330563764,0.2969096522386791,0.9071752410566718,3.0076727852769793,2.840865436822465e-06,-1.8147185484515589,-1.796591583882467,-1.2892974058734339,-1.6264975706683558,1.5708825588226318,0.34196311235427856,1
499,1788174245.5088215,-0.24631806458284475,-0.5378786627807197,0.29693638604092554,0.9213678416614997,3.0034167229458855,-3.897383282029825e-05,-1.8146827856646937,-1.796579662953512,-1.2892497221576136,-1.626533333455221,1.5708225965499878,0.35143178701400757,1
500,1788174245.5504198,-0.24633309284053326,-0.5378755974302586,0.29695459313185957,0.9335544996094545,2.999629546263504,5.684474231416679e-05,-1.8147185484515589,-1.7966273466693323,-1.2891295591937464,-1.6266654173480433,1.5708465576171875,0.3595203757286072,1
501,1788174245.591375,-0.24630121000944244,-0.5378849415171097,0.29702305331028933,0.9458499852385688,2.995744890438426,-7.133438686725867e-05,-1.8146708647357386,-1.796579662953512,-1.2890341917621058,-1.6267250219928187,1.5708705186843872,0.36777713894844055,1
502,1788174245.6328466,-0.24630526079561638,-0.5378838993464473,0.29703969734942504,0.9575767373105833,2.9920051093546176,-5.1678750801088654e-05,-1.8146827856646937,-1.796591583882467,-1.2889741102801722,-1.626784626637594,1.5708825588226318,0.3756013512611389,1
503,1788174245.67537,-0.24631774503652457,-0.5378713286442447,0.2970541429975623,0.9696646125563926,2.988152393622288,5.775594060991383e-05,-1.8146947065936487,-1.7966154257403772,-1.2888901869403284,-1.6269167105304163,1.5708465576171875,0.38366636633872986,1
504,1788174245.7163408,-0.24632065016560462,-0.5378482527183346,0.29707170197145727,0.9837759280518549,2.983514170504927,0.00011693131437089428,-1.8147185484515589,-1.796591583882467,-1.2888663450824183,-1.6270001570331019,1.5708705186843872,0.3930990695953369,1
505,1788174245.755388,-0.24630327647366704,-0.5378472227326249,0.29709892263918036,0.9955812176884401,2.9795871970937213,0.00019351380743222858,-1.8146947065936487,-1.7966035048114222,-1.2887705008136194,-1.627131764088766,1.5708825588226318,0.40104347467422485,1
506,1788174245.7963598,-0.24630839671062787,-0.5378337629151596,0.297133825605015,1.0077236831990934,2.9755408981574414,0.00019008403047099582,-1.8146947065936487,-1.796579662953512,-1.288710896168844,-1.6272156874286097,1.5708465576171875,0.40919163823127747,1
507,1788174245.8380032,-0.24630722443945163,-0.5378517047791104,0.29712839250258616,1.0192964345273596,2.9715727519399757,0.0002114900367786269,-1.8146947065936487,-1.7966273466693323,-1.2886627356158655,-1.6272276083575647,1.5708705186843872,0.4169802665710449,1
508,1788174245.8804846,-0.24630745254980552,-0.537852621427873,0.2971753466184313,1.0313940055525008,2.9673926455588617,0.00015519959088362706,-1.8146947065936487,-1.7966154257403772,-1.2885664145099085,-1.6272996107684534,1.5708705186843872,0.4251287877559662,1
509,1788174245.9226043,-0.24630154924468273,-0.5378402819586631,0.29722423915457163,1.0430961979880835,2.963281092276039,6.418360083985196e-05,-1.8146947065936487,-1.7965553442584437,-1.2885306517230433,-1.6273358503924769,1.5708825588226318,0.4330252707004547,1
510,1788174245.9654696,-0.24630867488008806,-0.537857533294243,0.2972478996568313,1.0572240352569107,2.958282957864888,6.218227561129885e-05,-1.8146947065936487,-1.7966035048114222,-1.288410488759176,-1.6274073759662073,1.5708705186843872,0.44256582856178284,1
511,1788174246.0046113,-0.24630284491272902,-0.5378515371052217,0.29724895156920406,1.0691855479447312,2.9539976279266553,0.00011731957612082697,-1.8146827856646937,-1.7966035048114222,-1.2883990446673792,-1.6274550596820276,1.5708585977554321,0.45066678524017334,1
512,1788174246.0450203,-0.24630983053367836,-0.5378621772240636,0.29727397803859856,1.0805705303861863,2.949839668074007,0.00011890913709208151,-1.8146947065936487,-1.7966392675982874,-1.288290802632467,-1.6275270620929163,1.5708705186843872,0.4583711624145508,1
513,1788174246.0862396,-0.24630587417628014,-0.5378523274716851,0.29729615321791936,1.0925711454573364,2.945444543106405,0.00015311695170915754,-1.8146827856646937,-1.7966273466693323,-1.2882431189166468,-1.62761098543276,1.5708465576171875,0.466519296169281,1
514,1788174246.1278162,-0.2462957198562737,-0.5378455576602924,0.29733241654793363,1.1042142473053276,2.9410602305072,0.00014126434258432795,-1.8146827856646937,-1.7966035048114222,-1.2881830374347132,-1.6276829878436487,1.5708825588226318,0.47443974018096924,1
515,1788174246.1718774,-0.2463106559060705,-0.5378542240015276,0.29735725533902435,1.115984462012705,2.936639992677379,0.00013652118925599577,-1.8146947065936487,-1.7966392675982874,-1.2880752722369593,-1.6277545134173792,1.5708585977554321,0.482432097196579,1
516,1788174246.2119422,-0.24631073203148002,-0.537865799842897,0.2973586243250458,1.130241264544959,2.9311749494904675,0.0001949796562023891,-1.8146947065936487,-1.796687428151266,-1.2880032698260706,-1.6278141180621546,1.5708705186843872,0.4921524226665497,1
517,1788174246.2534015,-0.24630985482991458,-0.5378569411408353,0.2974248085143921,1.1416552631821848,2.9267706738560517,1.6612616181605608e-06,-1.8146827856646937,-1.7966035048114222,-1.2879675070392054,-1.6278141180621546,1.5708345174789429,0.499953031539917,1
518,1788174246.2947419,-0.24631082859497944,-0.5378661878778971,0.29743574659591343,1.1537163008679097,2.9220040077236273,6.504557111884232e-05,-1.8146947065936487,-1.7966511885272425,-1.2878716627704065,-1.6278980414019983,1.5708705186843872,0.5081974267959595,1
519,1788174246.3356915,-0.24630383163751324,-0.5378728227145186,0.297438106431964,1.165393593061108,2.91739384860805,7.892593799677698e-05,-1.8146708647357386,-1.7966635862933558,-1.2878473440753382,-1.6279218832599085,1.5708465576171875,0.5162137746810913,1
520,1788174246.373915,-0.24631561172603023,-0.5378627560540017,0.29748600760707444,1.1771797299024445,2.9126528899826085,2.3577774137463346e-05,-1.8146947065936487,-1.7966392675982874,-1.2877638975726526,-1.6279938856707972,1.5708465576171875,0.5242776274681091,1
521,1788174246.413855,-0.24631781216249612,-0.5378715983858389,0.2975234312122256,1.1890168592064476,2.9078333456381062,-5.097514174649379e-05,-1.8146947065936487,-1.7966392675982874,-1.2876799742328089,-1.6280296484576624,1.5708465576171875,0.5324141979217529,1
522,1788174246.4527774,-0.24631821559426373,-0.5378732195540286,0.297509671998815,1.2002824114510562,2.9032107186733684,4.196284184372002e-05,-1.8146947065936487,-1.7966755072223108,-1.2876556555377405,-1.6280773321734827,1.5708465576171875,0.5401664972305298,1
523,1788174246.4928284,-0.24631257394755177,-0.5378732014802919,0.29754592848381867,1.2121592461680502,2.898242480179114,1.0954131714786214e-05,-1.8146947065936487,-1.7966635862933558,-1.2875836531268519,-1.6281374136554163,1.5708705186843872,0.5483625531196594,1
524,1788174246.5325806,-0.24629512474379056,-0.5378718694516819,0.2975988332308859,1.223691756891136,2.8933792437806067,1.436262114283599e-05,-1.8146708647357386,-1.7966511885272425,-1.2874639670001429,-1.6282694975482386,1.5708825588226318,0.5563545227050781,1
525,1788174246.5753927,-0.24631522935079334,-0.5378726021352442,0.2975811983422813,1.2353062582568832,2.8884674509685753,2.7381026088405515e-05,-1.8146947065936487,-1.7966755072223108,-1.287475887929098,-1.6282451788531702,1.5708585977554321,0.5643588900566101,1
526,1788174246.6167161,-0.24631784704453746,-0.5378717385573557,0.2975604109441906,1.2468637474434323,2.883518789466146,9.856031250828067e-05,-1.8146947065936487,-1.796699349080221,-1.287487808858053,-1.6282570997821253,1.5708465576171875,0.5723628401756287,1
527,1788174246.6593857,-0.24630305565536156,-0.5378769025992001,0.2975800696993814,1.2565528137622741,2.879329286246518,3.7108568516888024e-05,-1.8146584669696253,-1.7966755072223108,-1.287475887929098,-1.6282570997821253,1.5708225965499878,0.5791193246841431,1
528,1788174246.7020104,-0.24631658764275827,-0.5378727274764488,0.29756970216575773,1.2670686912308826,2.8747240531172342,9.33295382734868e-05,-1.8146827856646937,-1.796699349080221,-1.2874639670001429,-1.6282814184771937,1.5708225965499878,0.586403489112854,1
529,1788174246.7433197,-0.24632026620935438,-0.5378814598369318,0.29760438469184286,1.2747401788036858,2.871286721993553,-4.836827730309116e-05,-1.8146947065936487,-1.7966755072223108,-1.2874282042132776,-1.6282451788531702,1.5708465576171875,0.5917432308197021,1
530,1788174246.7826688,-0.24629657432510682,-0.5378663113808754,0.29757890331735337,1.2810564489789822,2.8684644125469467,8.820860340617092e-05,-1.8146708647357386,-1.7966635862933558,-1.287487808858053,-1.6282814184771937,1.5708705186843872,0.5961713790893555,1
531,1788174246.823176,-0.24630344933620485,-0.5378826700271336,0.2975766271967826,1.2858256606663525,2.866340374638799,6.663760811049682e-05,-1.8146708647357386,-1.796699349080221,-1.2874520460711878,-1.6282694975482386,1.5708585977554321,0.5994951128959656,1
532,1788174246.8633523,-0.24631834080616063,-0.5378737227110275,0.2975835583329303,1.2899213506465386,2.864510280177575,4.496405038020481e-05,-1.8146947065936487,-1.796687428151266,-1.2874520460711878,-1.6282694975482386,1.5708465576171875,0.6023271679878235,1
533,1788174246.9052293,-0.2463330089664528,-0.5378692110249346,0.2975927917215847,1.292830242035704,2.8631656362344833,-4.221988744271673e-06,-1.814730469380514,-1.7966755072223108,-1.2874520460711878,-1.6282451788531702,1.5708705186843872,0.6043314933776855,1
534,1788174246.9460063,-0.24631202750810516,-0.5378770555519559,0.29756620740619677,1.2948201191482596,2.8623039353560773,8.119018366833938e-05,-1.8146827856646937,-1.796699349080221,-1.287475887929098,-1.6282570997821253,1.5708465576171875,0.6057595014572144,1
535,1788174246.987999,-0.24631617306644854,-0.5378876643399014,0.2975650662345367,1.2952387513269752,2.862086303139554,6.955767420468629e-05,-1.8146947065936487,-1.7967231909381312,-1.2874520460711878,-1.6282451788531702,1.5708705186843872,0.606047511100769,1
536,1788174247.0291507,-0.2468263145111973,-0.5380318999303761,0.29766956550963974,1.2949896074529732,2.8621802372041794,-7.79085722565258e-05,-1.8154857794391077,-1.7975390593158167,-1.2861936728106897,-1.628592316304342,1.5708705186843872,0.6050872802734375,1
537,1788174247.0707026,-0.24809517996491567,-0.5384540601503369,0.29764608967183215,1.2947129538816218,2.8623066895839773,3.7954895086356396e-05,-1.817427937184469,-1.799854580556051,-1.2833526770221155,-1.629190746937887,1.5708825588226318,0.6029514670372009,1
538,1788174247.1108053,-0.24983338900578736,-0.5389257090040097,0.29771087297441007,1.295042134273239,2.862129645056898,-0.00029680950483586456,-1.820113484059469,-1.8026254812823694,-1.2797811667071741,-1.6297772566424769,1.5708705186843872,0.6005033254623413,1
539,1788174247.1520967,-0.25136709826130194,-0.5393295163781969,0.2976785517938353,1.2949500095072803,2.8622094640235267,-0.00020779536384267567,-1.8224752585040491,-1.80518085161318,-1.2766526381122034,-1.6304124037372034,1.5708465576171875,0.5980671644210815,1
540,1788174247.191137,-0.25297890765124575,-0.539619841041789,0.2975649340932329,1.2950727459554838,2.8622147405493474,0.0002938348389997813,-1.8250168005572718,-1.8077119032489222,-1.2736919561969202,-1.6311662832843226,1.5708465576171875,0.5955954194068909,1
541,1788174247.2338774,-0.2545708271360262,-0.539740099147867,0.2975386287014918,1.295301617269137,2.862091649580056,0.0004715880908744233,-1.8276060263263147,-1.8097394148456019,-1.271186653767721,-1.6317527929889124,1.5708825588226318,0.593171238899231,1
542,1788174247.2753346,-0.2561613123084357,-0.5397871266231478,0.29761626530950774,1.2953773175936016,2.862039377992376,9.58560745623177e-05,-1.830195728932516,-1.8114188353167933,-1.2689335981952112,-1.6320880095111292,1.5708585977554321,0.5906391739845276,1
543,1788174247.3163817,-0.258094180669993,-0.5397434927663846,0.2975975181318416,1.2954916611377143,2.8619852451346035,0.00019249203501642991,-1.8333962599383753,-1.8134339491473597,-1.266428295766012,-1.6326387564288538,1.5708705186843872,0.5875191688537598,1
544,1788174247.354862,-0.2596626053375354,-0.5397699679068446,0.2976373905414482,1.295092521960373,2.8621192577955274,-9.977786406838686e-05,-1.835961643849508,-1.8150900045977991,-1.2642830053912562,-1.6329377333270472,1.5708825588226318,0.5846871137619019,1
545,1788174247.3968673,-0.26126672308646054,-0.5397769587108487,0.297595590909255,1.294775490273057,2.862295242654112,-4.8379647904887075e-05,-1.8385751883136194,-1.8168652693377894,-1.2621377150165003,-1.6333449522601526,1.5708585977554321,0.5818434953689575,1
546,1788174247.4388344,-0.26286576105166265,-0.5397964076128781,0.29754507987545376,1.2947174037736122,2.862316061229532,0.00014510980935025146,-1.8411882559405726,-1.8187249342547815,-1.2598841826068323,-1.633859936391012,1.5708825588226318,0.579191267490387,1
547,1788174247.4804134,-0.2644433204417526,-0.5398017955132989,0.29756273432182545,1.2949415003939229,2.862227653804884,0.00014344375615289465,-1.8437536398517054,-1.8204763571368616,-1.2576192061053675,-1.6343744436847132,1.5708705186843872,0.5767790675163269,1
548,1788174247.5206482,-0.26610369348570406,-0.5397502619951727,0.297574793528955,1.2952377259199144,2.8621142284164445,0.0002159562326242564,-1.8464749495135706,-1.8222277800189417,-1.2553537527667444,-1.6349371115313929,1.5708585977554321,0.574259340763092,1
549,1788174247.5610118,-0.2676863343352669,-0.5397708348070706,0.2975743405381073,1.2953118929803433,2.8620578512459978,0.0001266461153264942,-1.8490408102618616,-1.8240035215960901,-1.2531121412860315,-1.6353438536273401,1.5708705186843872,0.5717512965202332,1
550,1788174247.6023362,-0.2691852456168062,-0.5397353874692392,0.2975546874043387,1.2956117104561806,2.8619555444819387,6.41690224446496e-05,-1.851473633443014,-1.8255747000323694,-1.2511709372149866,-1.635679070149557,1.5708345174789429,0.5695192217826843,1
551,1788174247.6425707,-0.2697179005012064,-0.539768586152492,0.29764959892130705,1.2951935971694046,2.8620846542743106,-0.00039871732395148975,-1.8523252646075647,-1.8260906378375452,-1.2503436247455042,-1.635690991078512,1.5708465576171875,0.5683912038803101,1
552,1788174247.684774,-0.26972855220293673,-0.5397799518693718,0.2976279415917184,1.2952635249482922,2.8620568259816377,-0.0003609097329547303,-1.8523371855365198,-1.8261387983905237,-1.2503317038165491,-1.635679070149557,1.5708465576171875,0.5684271454811096,1
553,1788174247.728291,-0.26971073734666223,-0.5397635079783699,0.2976320183003082,1.2952066193879943,2.862067784714322,-0.0002443340954079191,-1.8523252646075647,-1.8261264006244105,-1.250319782887594,-1.6357749144183558,1.5708705186843872,0.5684031844139099,1
554,1788174247.7692668,-0.2697118561309166,-0.5397731506248203,0.29763544957923505,1.2951629120221126,2.862107903206517,-0.0003060553941774851,-1.8523133436786097,-1.8261264006244105,-1.250319782887594,-1.6357386747943323,1.5708465576171875,0.5683792233467102,1
555,1788174247.8070412,-0.2696964813776578,-0.539551689844631,0.29757468920519936,1.2952531923948136,2.862082114968487,-2.4627379806082628e-05,-1.8523967901812952,-1.8257063070880335,-1.2509668509112757,-1.635690991078512,1.5708585977554321,0.5683549046516418,1
556,1788174247.8447092,-0.26968638696893404,-0.5386533154531544,0.2975747864745266,1.2952120900008248,2.862128674239245,-1.2266372553945837e-05,-1.8527925650226038,-1.823679272328512,-1.2535436789142054,-1.6351526419269007,1.5708345174789429,0.5679230690002441,1
557,1788174247.8836143,-0.2696524180682077,-0.5370077912357409,0.2975249161587947,1.2952754280926022,2.862090533747851,0.0005578610440693352,-1.8535354773150843,-1.8201525847064417,-1.2580626646624964,-1.6345184485064905,1.570894479751587,0.5672268867492676,1
558,1788174247.9251263,-0.2696605065545691,-0.535449916901974,0.2976155087651742,1.2955352618913536,2.861978049089863,7.781564418738335e-05,-1.854267422352926,-1.8165057341205042,-1.2625210920916956,-1.6334050337420862,1.5708465576171875,0.5666751861572266,1
559,1788174247.9638193,-0.26970338924703935,-0.5338185630215921,0.29760752080807795,1.2952548123782137,2.8620952213275284,0.00011451555004111056,-1.8551180998431605,-1.812918488179342,-1.2670639196978968,-1.6324713865863245,1.5708585977554321,0.565631091594696,1
560,1788174248.0047638,-0.26972350345271295,-0.5322169969873428,0.2975939749749493,1.294971956550376,2.8622043528112493,5.771337233738332e-05,-1.8559215704547327,-1.8093436400042933,-1.2716062704669397,-1.6314657370196741,1.5708705186843872,0.5646349191665649,1
561,1788174248.045613,-0.26993436197351556,-0.5306233298591714,0.2975161429182049,1.2950682943531444,2.8621937838313407,0.00012434930481653264,-1.8570240179644983,-1.8060444037066858,-1.275933567677633,-1.6304839293109339,1.5708465576171875,0.5635911226272583,1
562,1788174248.08417,-0.27037997352572923,-0.5290710659922286,0.29758173602679416,1.2947801359736486,2.862202429131805,-0.0003106894309114342,-1.8585346380816858,-1.8029492537127894,-1.2797091642962855,-1.6295140425311487,1.5709184408187866,0.5619111061096191,1
563,1788174248.12605,-0.2709719898006022,-0.5274201370078395,0.29761525542232253,1.2946915577197202,2.8623350492877755,-0.00017940447865700325,-1.8602846304522913,-1.8000105063067835,-1.2832687536822718,-1.6289876143084925,1.5708465576171875,0.5600749254226685,1
564,1788174248.1669486,-0.27165859982404894,-0.5257928602980797,0.2975326738875508,1.294772597426183,2.86233857739518,0.0002465063606476087,-1.8622148672686976,-1.797335449849264,-1.2867444197284144,-1.628460709248678,1.5708465576171875,0.5581907629966736,1
565,1788174248.2058291,-0.27244910707198716,-0.5241414602801268,0.29754966262863386,1.2950321037031443,2.8622343823505467,0.00039343860286308543,-1.8643367926227015,-1.7946479956256312,-1.2900169531451624,-1.627970043812887,1.5708465576171875,0.5562466979026794,1
566,1788174248.2458851,-0.2732273718248684,-0.5225977545033549,0.2975990116457473,1.294967938805091,2.8622392920423065,0.00028068858423717575,-1.8663981596576136,-1.7921045462237757,-1.2930615584002894,-1.627394978200094,1.5708585977554321,0.5541468262672424,1
567,1788174248.2864408,-0.27406659312225673,-0.5210439746822425,0.2976263662078809,1.295231682694067,2.862096120748663,1.8296240792548727e-05,-1.8685687224017542,-1.7895615736590784,-1.2961776892291468,-1.6266534964190882,1.5708585977554321,0.5521668195724487,1
568,1788174248.3286114,-0.27507260998175537,-0.5194949665047521,0.29757483076726166,1.2953840465220763,2.861987750531854,-0.0002805863384087988,-1.871025864277975,-1.7872102896319788,-1.299258057271139,-1.6257312933551233,1.5708705186843872,0.5498265027999878,1
569,1788174248.3691483,-0.27637198058896123,-0.5183553326010016,0.2966348531053432,-1.2951772320439592,-2.862182651808142,-0.0005551646608209779,-1.873746697102682,-1.7864063421832483,-1.3025181929217737,-1.6238158384906214,1.5708345174789429,0.5469345450401306,1
570,1788174248.4107955,-0.2779193960772427,-0.5173213116123019,0.29534356600021067,-1.295259533843338,-2.8621487443082807,-0.0008474946748109304,-1.8768513838397425,-1.785903278981344,-1.306389633809225,-1.6206319967852991,1.5708585977554321,0.5438864827156067,1
571,1788174248.4535277,-0.27972187338895776,-0.5160246117307596,0.29290093074538154,1.2949281479124661,2.8622539658077955,0.0006010688165900287,-1.8805196920977991,-1.784835163746969,-1.313977066670553,-1.6139519850360315,1.5708825588226318,0.5399983525276184,1
572,1788174248.4958758,-0.281244939117967,-0.5149948146054698,0.2900166143898467,1.2949351111274203,2.86223736827233,0.00027646195888103136,-1.8835762182818812,-1.7840078512774866,-1.3224032560931605,-1.6061466375934046,1.5708705186843872,0.5369502305984497,1
573,1788174248.5372663,-0.28237976126945913,-0.5137609234649706,0.2867868765943762,1.2949775594276558,2.8622475933203133,0.0004945756343716697,-1.8861058394061487,-1.7825196425067347,-1.332435433064596,-1.5977438131915491,1.5708585977554321,0.5344425439834595,1
574,1788174248.5777576,-0.2830176953131552,-0.5125066072154187,0.2836348810998106,1.2952336000502143,2.862135533819305,0.00037630084679401526,-1.887831989918844,-1.780360523854391,-1.3431394735919397,-1.5891245047198694,1.5708465576171875,0.5328943133354187,1
575,1788174248.616701,-0.2832281495980789,-0.5120428002012207,0.28037830228912364,1.2954426422819318,2.8620517596966506,0.0005222417852386822,-1.8884313742267054,-1.7795565764056605,-1.3524048964129847,-1.5807564894305628,1.5708465576171875,0.5324381589889526,1
576,1788174248.658298,-0.2832314817264217,-0.5121504008509954,0.2771735225154868,1.2955344709604781,2.8619815044066095,0.0003172467213270948,-1.8883832136737269,-1.7796767393695276,-1.36046010652651,-1.5724485556231897,1.5708585977554321,0.532558023929596,1
577,1788174248.7017648,-0.28323105866474707,-0.5121043396967692,0.2732803447277601,1.295609881211364,2.861964179296502,0.0005406538869775796,-1.8884075323687952,-1.7796886602984827,-1.3703363577472132,-1.5627034346209925,1.5708585977554321,0.5325819849967957,1
578,1788174248.743777,-0.28320133725039126,-0.5120410916681241,0.27012757811195437,-1.2956361141208201,-2.8619778704605974,-0.0005909623748590301,-1.8883832136737269,-1.7796290556537073,-1.3784392515765589,-1.554694954548971,1.5708345174789429,0.5326179265975952,1
579,1788174248.784816,-0.28322827408456547,-0.5121045838299783,0.2669802744897636,1.2956098021910913,2.861918405569982,0.00010702092580159584,-1.8884075323687952,-1.7797845045672815,-1.3863499800311487,-1.5463150183307093,1.5708705186843872,0.5325939655303955,1
580,1788174248.8233273,-0.2832228391140489,-0.5121460580634353,0.2638743800495782,1.2955173252044565,2.8619434466159013,-0.00029040822354431167,-1.8883712927447718,-1.779940430318014,-1.3941414991961878,-1.538114372883932,1.5708585977554321,0.5325700044631958,1
581,1788174248.86245,-0.28316125175378787,-0.5119367497966435,0.2605486090730289,1.295400619902869,2.8620511008009477,0.0004371391828424935,-1.8883832136737269,-1.7799642721759241,-1.4024842421161097,-1.5302136580096644,1.5708585977554321,0.5324621200561523,1
582,1788174248.9023457,-0.28318343980776145,-0.5115104329704881,0.25722471945509506,-1.295000563608243,-2.8622654943160417,-0.0007702295394133418,-1.8886469046222132,-1.7795565764056605,-1.4114144484149378,-1.5219057242022913,1.5708465576171875,0.5319101214408875,1
583,1788174248.9434564,-0.28360140669475686,-0.5103169862805402,0.25409807176471866,1.2946753810630574,2.862330105706127,0.0004956154022337951,-1.8900135199176233,-1.7778294722186487,-1.4215548674212855,-1.5133102575885218,1.5709065198898315,0.530337929725647,1
584,1788174248.984742,-0.2841958334070893,-0.5086789375776845,0.25100833520438803,1.2949151990978363,2.862227221033296,3.4365287934100425e-05,-1.891883675252096,-1.775369946156637,-1.4325225988971155,-1.5045107046710413,1.5708705186843872,0.5286338925361633,1
585,1788174249.028969,-0.2847772546064325,-0.5070428305844428,0.24782368428855805,1.294863772018992,2.8623022369752444,0.0007606467663657467,-1.8937538305865687,-1.7733905951129358,-1.4429634253131312,-1.496514145527975,1.5708705186843872,0.5267142057418823,1
586,1788174249.0702174,-0.2853859590444058,-0.5051744370496222,0.24547209552442986,-1.2952985464132036,-2.8621310083151448,-6.663562642978024e-05,-1.8957789579974573,-1.7703917662249964,-1.4527323881732386,-1.4893072287188929,1.570798635482788,0.524986207485199,1
587,1788174249.1096609,-0.28572135168404034,-0.5036288778263466,0.24418907712713775,1.294971957486343,2.8621918897533316,-0.00029455181723366105,-1.8972299734698694,-1.7676928679095667,-1.4593489805804651,-1.485152546559469,1.5708585977554321,0.5233297944068909,1
588,1788174249.1509333,-0.28606801148386096,-0.5020232721599038,0.2435716235864279,1.2948663374317353,2.8622387196063777,-0.0003133823815986677,-1.8987162748919886,-1.7648728529559534,-1.4643476645099085,-1.4829619566546839,1.5708585977554321,0.5217699408531189,1
589,1788174249.1925619,-0.28631097452523285,-0.5003274666983097,0.24370283342018936,1.2946629458028238,2.8623440439423855,-0.00031760843931523294,-1.9000828901873987,-1.7615984121905726,-1.4679678122149866,-1.482614819203512,1.5708465576171875,0.5202577114105225,1
590,1788174249.2349837,-0.28646391583821557,-0.49870275833966177,0.2436020509224943,1.2947949473729887,2.862320291469711,0.0002221312287035076,-1.9012697378741663,-1.758599106465475,-1.471755329762594,-1.4821718374835413,1.5708465576171875,0.5191536545753479,1
591,1788174249.2763784,-0.28664797373822526,-0.49680224705226905,0.2435838767395556,1.2951775771056921,2.8621193811098022,0.00020392548956759318,-1.9026840368853968,-1.7548683325396937,-1.4762862364398401,-1.4813578764544886,1.5708705186843872,0.5180140137672424,1
592,1788174249.3183687,-0.28685154916383254,-0.4952393209496568,0.2436351458333958,1.2947735085929708,2.8623303826100255,2.7812499181847575e-05,-1.9039185682879847,-1.7517975012408655,-1.479858700429098,-1.4807470480548304,1.5708345174789429,0.5164897441864014,1
593,1788174249.359087,-0.2871173044881394,-0.4936529289714619,0.2435466337217919,1.2948467741054284,2.862269740524374,-0.00019658092662073003,-1.90529710451235,-1.7487743536578577,-1.4837306181537073,-1.4797537962542933,1.5708465576171875,0.515169620513916,1
594,1788174249.4014325,-0.2873887361947055,-0.49202885075195546,0.2427372591791803,1.2950813419728915,2.8621537837179414,0.0002790622306805025,-1.9067238012896937,-1.746075455342428,-1.4889448324786585,-1.477539364491598,1.5708825588226318,0.5139093995094299,1
595,1788174249.444076,-0.2876308101691849,-0.4903852697086249,0.2412805930928874,1.2951632505579633,2.8621594813884412,0.000333656592607544,-1.9080899397479456,-1.7433164755450647,-1.4959448019610804,-1.4733365217791956,1.5708465576171875,0.5125892758369446,1
596,1788174249.485993,-0.2877468286829815,-0.48846743248649976,0.23840802238750422,1.295399454975764,2.862044440945149,0.0004232774730115295,-1.9094327131854456,-1.7402213255511683,-1.5069611708270472,-1.4654715696917933,1.5708585977554321,0.5114136934280396,1
597,1788174249.528028,-0.2877820401601856,-0.4869373556008969,0.23544463780391534,1.295253086534845,2.8620930109076195,-8.959737005483757e-05,-1.9104035536395472,-1.7377141157733362,-1.5176056067096155,-1.4570077101336878,1.5708465576171875,0.5103452205657959,1
598,1788174249.568973,-0.2878043534973763,-0.48536319316534127,0.23218686437655692,1.2952053674530737,2.8620827245150924,-0.00018353560974690387,-1.911398712788717,-1.735387150441305,-1.5287302176104944,-1.4481480757342737,1.5708705186843872,0.5093250870704651,1
599,1788174249.6103554,-0.2879216255561706,-0.4837437547174714,0.228961156424441,1.2953460305495128,2.8620308984993263,-0.00020838072536860365,-1.9125736395465296,-1.7331674734698694,-1.5396383444415491,-1.4394448439227503,1.5708585977554321,0.5082453489303589,1
600,1788174249.6504507,-0.2880619654407076,-0.48208160555165946,0.22577611534083256,1.2954222966669906,2.862023414503937,2.805589305175822e-05,-1.9138200918780726,-1.7310321966754358,-1.5503066221820276,-1.4310639540301722,1.5708465576171875,0.5070450901985168,1
601,1788174249.6935906,-0.28816113768198726,-0.4802144541039863,0.22190018915386686,1.2951545090346432,2.862122933984437,-0.00012058969310305492,-1.9151385466205042,-1.7286213080035608,-1.5631449858294886,-1.4205406347857874,1.5708585977554321,0.5055451989173889,1
602,1788174249.7347293,-0.2881402284283397,-0.4785887433831797,0.2187030835474368,1.2952034940894361,2.8620980917018044,6.521322478889537e-05,-1.9161093870746058,-1.7265098730670374,-1.5738380591021937,-1.412076775227682,1.5708705186843872,0.5046092867851257,1
603,1788174249.7785017,-0.2881627453054409,-0.47704469631437,0.2155872215047845,1.295263124952778,2.862051178173637,-0.0002955401574207252,-1.9171045462237757,-1.724482838307516,-1.5843146483050745,-1.4033969084369105,1.5708705186843872,0.503661036491394,1
604,1788174249.8211837,-0.2882002744664158,-0.4750709213200181,0.2116029808579659,1.2949443312111475,2.862220054013642,0.00015381200999629318,-1.9183991591082972,-1.7222870031939905,-1.5971177260028284,-1.3930767218219202,1.5708705186843872,0.5021371841430664,1
605,1788174249.860449,-0.2882207861941301,-0.47345606090654824,0.2083726152494266,1.295155093023069,2.8621414577684736,0.00022397844612904875,-1.9194420019732874,-1.720452133809225,-1.6076186339007776,-1.3844564596759241,1.5708585977554321,0.5012372136116028,1
606,1788174249.8996603,-0.28820801693596126,-0.47188859789410015,0.20523600471758055,1.294954050112108,2.862206119055558,-2.340923473939021e-05,-1.920412842427389,-1.7186043898211878,-1.6179516951190394,-1.3758123556720179,1.5708705186843872,0.5001327991485596,1
607,1788174249.9396238,-0.2881607178562539,-0.4701653845083031,0.20191549323831834,1.2947929443726758,2.862358095511027,0.0007378986171049913,-1.9214075247394007,-1.7168648878680628,-1.628488842641012,-1.3675034681903284,1.5708345174789429,0.4990047812461853,1
608,1788174249.9780633,-0.2881370228275977,-0.4686328225161922,0.1987120097374909,1.294856903002558,2.862319918394565,0.0005660812931156086,-1.922342602406637,-1.7152693907367151,-1.6387141386615198,-1.3587639967547815,1.5708345174789429,0.4981168210506439,1
609,1788174250.0162098,-0.2881535526075286,-0.46738589802111086,0.196262356214745,1.2950705979658808,2.8622017142784832,0.0001469759197519778,-1.9231694380389612,-1.7139022986041468,-1.6467579046832483,-1.3518198172198694,1.5708345174789429,0.4974449574947357,1
610,1788174250.0594275,-0.28817011371208995,-0.4656730861784386,0.1929819853496712,1.2950080207060048,2.862205179815626,0.0007118716028514857,-1.9243205229388636,-1.7123907248126429,-1.6569955984698694,-1.3434508482562464,1.5708825588226318,0.49625664949417114,1
611,1788174250.1015232,-0.28825313236519745,-0.4637495821356534,0.18907047535329236,1.2951120297946737,2.8621656719842874,0.0008806174092226889,-1.9257109800921839,-1.7108433882342737,-1.6690071264850062,-1.3330944220172327,1.5708825588226318,0.49493688344955444,1
612,1788174250.1413321,-0.28844417404032324,-0.4624179883004694,0.1859312983693455,1.2954590308707405,2.862022019398629,0.000348356614133296,-1.9268978277789515,-1.7100513617144983,-1.6782501379596155,-1.3243063131915491,1.5708465576171875,0.4939890205860138,1
613,1788174250.1807883,-0.2885848317970188,-0.461343066267981,0.18266987890316946,1.2951659632949695,2.8621116089507628,0.0005581511414708375,-1.927868668233053,-1.7100756804095667,-1.6867731253253382,-1.3158896605121058,1.570894479751587,0.4928246736526489,1
614,1788174250.2215214,-0.2885865690286679,-0.4610637908469959,0.17948109563944545,-1.295159141968149,-2.862189232200114,-0.0007552634518558362,-1.9280241171466272,-1.711515251790182,-1.69348651567568,-1.3078673521624964,1.5708225965499878,0.49264490604400635,1
615,1788174250.2641537,-0.28857767640985166,-0.4610919430086782,0.1763549066839817,1.2951179918745312,2.8621891214148603,0.0006247882312477505,-1.928000275288717,-1.7134822050677698,-1.6994922796832483,-1.29980975786318,1.5708465576171875,0.49264490604400635,1
616,1788174250.3038826,-0.2886023667463154,-0.46117907891871024,0.17324255286137533,1.2951524469648688,2.8620829284963563,0.00010357318055379687,-1.9280121962176722,-1.7155450026141565,-1.7054265181170862,-1.291476074849264,1.5709065198898315,0.4926808476448059,1
617,1788174250.345708,-0.2886084898079768,-0.4612029876449366,0.16998584690603857,1.2950643084881175,2.862207002513433,0.00020876146802127429,-1.927976433430807,-1.7177889982806605,-1.7114442030536097,-1.2832863966571253,1.5708345174789429,0.4926329255104065,1
618,1788174250.387775,-0.2885954908408062,-0.46118913644003584,0.16677429067963848,1.2950566847733793,2.8621447160595843,0.00021363609648964487,-1.927988354359762,-1.719947640095846,-1.7174742857562464,-1.2750967184649866,1.570894479751587,0.4926329255104065,1
619,1788174250.4287853,-0.2885947837159271,-0.4611559510108841,0.16287805808826553,1.295115106983662,2.862182528964113,0.00045739442871192145,-1.927988354359762,-1.7226951758014124,-1.724619213734762,-1.2653630415545862,1.5708465576171875,0.4926568865776062,1
620,1788174250.471332,-0.28859682956065086,-0.46121342339392046,0.15972715268396204,1.295047606822528,2.8621698643102267,0.00010124227774636092,-1.9279645125018519,-1.7249982992755335,-1.7304089705096644,-1.2570412794696253,1.5708705186843872,0.49264490604400635,1
621,1788174250.514172,-0.28863003594688635,-0.46125041026124564,0.15660312026196632,1.2950697322675777,2.862173586384245,-0.00016509723888081761,-1.927988354359762,-1.7273615042315882,-1.7360556761371058,-1.2488630453692835,1.5708465576171875,0.4926329255104065,1
622,1788174250.556186,-0.2886028759658525,-0.4612218418263121,0.15335708577589907,1.2950014900895275,2.8622063663581767,0.00015452537072669655,-1.9279645125018519,-1.7298443953143519,-1.741810146962301,-1.240828816090719,1.5708585977554321,0.49260857701301575,1
623,1788174250.5979402,-0.288604838957477,-0.46124274843305774,0.1494433525986292,1.2950763059591963,2.86214199472428,6.66542395962879e-05,-1.9279645125018519,-1.7329395453082483,-1.7487271467791956,-1.2307589689837855,1.5708825588226318,0.49266886711120605,1
624,1788174250.641571,-0.28860653416245163,-0.46120308197625864,0.14622872159079914,1.2950337666946135,2.8621868366026,0.0003276661787367664,-1.927988354359762,-1.7355306784259241,-1.7543137709247034,-1.2227485815631312,1.5708705186843872,0.49260857701301575,1
625,1788174250.6829717,-0.2886228615155425,-0.4612493602549812,0.14307339501963132,1.2950373584079389,2.8621945787011365,-3.133356266560636e-05,-1.927976433430807,-1.7381461302386683,-1.7598283926593226,-1.214391056691305,1.5708465576171875,0.4926205575466156,1
626,1788174250.7254145,-0.2885739790695961,-0.4608893923654351,0.13928139786203925,1.2949673379412316,2.8622237742792778,0.00019635817403169264,-1.9281318823443812,-1.7406652609454554,-1.7671168486224573,-1.2047279516803187,1.5708585977554321,0.4924168288707733,1
627,1788174250.7668433,-0.2886077915329932,-0.4599409176601073,0.1360886023292756,1.2951510087694824,2.8621308601262005,-1.1450424000627557e-05,-1.9288151899920862,-1.7415888945208948,-1.7747777144061487,-1.1960108915912073,1.5708585977554321,0.4918644428253174,1
628,1788174250.8087347,-0.28871351351252567,-0.45878624399598816,0.13280760482428958,1.2953160411615185,2.862041117579088,0.0002330898068225977,-1.9297741095172327,-1.7424762884723108,-1.782677952443258,-1.1873777548419397,1.5708825588226318,0.49102479219436646,1
629,1788174250.8487582,-0.2892063751818613,-0.45711455178134813,0.12965936808884965,1.2954218625042222,2.862054240114211,0.00012965746324386762,-1.9317281881915491,-1.7426922957049769,-1.791105095540182,-1.1786726156817835,1.5708225965499878,0.48912864923477173,1
630,1788174250.8874354,-0.2896591940344727,-0.45558213995250807,0.12650107999455537,1.2955131803944864,2.861945411104656,-0.00020585030372762117,-1.9335740248309534,-1.7431600729571741,-1.7993291060077112,-1.1697638670550745,1.5708705186843872,0.48736435174942017,1
631,1788174250.9259217,-0.29000209287400064,-0.45394558362610493,0.12329109031410362,1.2951330428186272,2.8621179425735988,0.00011204676530004026,-1.9352882544146937,-1.7435925642596644,-1.8076608816729944,-1.1612017790423792,1.5708825588226318,0.48538434505462646,1
632,1788174250.9674284,-0.2904014463419282,-0.452335289433737,0.12006598825098919,1.2953267393737082,2.8620973592223793,0.00014293726551883564,-1.9370620886432093,-1.7441561857806605,-1.8159573713885706,-1.1523650328265589,1.5708225965499878,0.4837282598018646,1
633,1788174251.0091763,-0.29086712370005885,-0.4506648204265174,0.11684500839414824,1.295093360467272,2.862184553413179,0.00034840266058600125,-1.9390400091754358,-1.7448156515704554,-1.8241332213031214,-1.1436594168292444,1.5708465576171875,0.4815920889377594,1
634,1788174251.052211,-0.29143396396576055,-0.4488824307759551,0.11310470238504372,1.294810232185029,2.8623017455210182,-0.0002720231545297549,-1.9412692228900355,-1.7457874456988733,-1.8335679213153284,-1.1328581015216272,1.5708345174789429,0.4791679084300995,1
635,1788174251.0932915,-0.29185316462364314,-0.44723094427298177,0.10985073298077158,1.2948715838130826,2.862217587097311,-2.338610252722187e-05,-1.9431870619403284,-1.7466514746295374,-1.8416603247271937,-1.1240571180926722,1.570894479751587,0.4773077368736267,1
636,1788174251.1354508,-0.2923196368481215,-0.44556767727409075,0.10664019490998489,1.294988700137693,2.862210462967558,0.00015748436606192011,-1.945164982472555,-1.7475627104388636,-1.8496201674090784,-1.1153033415423792,1.5708585977554321,0.47539961338043213,1
637,1788174251.1761277,-0.2925671453405168,-0.44403856279882353,0.10340307323343725,1.2951685245272064,2.8621106349740426,5.659042490233352e-06,-1.9466875235186976,-1.748486344014303,-1.8577364126788538,-1.106166187916891,1.5708705186843872,0.47400757670402527,1
638,1788174251.2189875,-0.29266023931973745,-0.4424701610315706,0.10027973859275408,1.2949133786160636,2.8622371725872156,-5.449580169195808e-05,-1.9479582945453089,-1.749122444783346,-1.8659003416644495,-1.0973284880267542,1.5708585977554321,0.47255560755729675,1
639,1788174251.259324,-0.29284987946715824,-0.4404998894707628,0.09643972668248932,1.2952059491557142,2.8621151125416135,-0.00014681243215299724,-1.949695889149801,-1.7500222365008753,-1.8758514563189905,-1.086419407521383,1.5708465576171875,0.4710197448730469,1
640,1788174251.3005612,-0.292908149606105,-0.43881956820869655,0.0932185364600201,1.2954306951256973,2.8619791404994523,0.0004370898101597648,-1.9510262648211878,-1.750861946736471,-1.8840277830706995,-1.077773396168844,1.570894479751587,0.469855397939682,1
641,1788174251.3381004,-0.29297083718485206,-0.437332297988651,0.09007712668571097,1.2951219119758337,2.8621258477020612,-0.00018729399868895691,-1.952200714741842,-1.751749340687887,-1.892167870198385,-1.0683491865741175,1.5708705186843872,0.46846336126327515,1
642,1788174251.3786316,-0.2929678880677469,-0.43606704094117843,0.08753760240892178,1.2951215397819957,2.8621276323155156,-0.0001372706484476721,-1.9531119505511683,-1.7524808088885706,-1.898665730153219,-1.0611518065081995,1.5708705186843872,0.46755144000053406,1
643,1788174251.4191377,-0.2929612177276182,-0.4340773681598458,0.08359552282879312,1.2952039296930165,2.862131963721401,0.0003893532721568669,-1.954538647328512,-1.7537768522845667,-1.908532444630758,-1.0503256956683558,1.5708465576171875,0.46617138385772705,1
644,1788174251.4592686,-0.2929480755825267,-0.43245659806862613,0.08033016494965187,1.2949868727598828,2.8622055992658533,0.00046411885404571844,-1.9557135740863245,-1.754904572163717,-1.9167564550982874,-1.04102069536318,1.5708705186843872,0.4648512303829193,1
645,1788174251.5022006,-0.29294936993214227,-0.4308180859165624,0.07710347307290202,1.2952798315123406,2.8620817496807955,0.0008008070435596943,-1.956923786793844,-1.7561162153827112,-1.9247649351703089,-1.0320151487933558,1.5708705186843872,0.463843435049057,1
646,1788174251.5448527,-0.292960254165493,-0.4292589359722177,0.07395439692321165,1.295314690752983,2.862029138471467,0.0004233947466294786,-1.9581101576434534,-1.7573040167437952,-1.932749096547262,-1.0226019064532679,1.570894479751587,0.4626910984516144,1
647,1788174251.586621,-0.2929285125618769,-0.4275675503760167,0.07084802314299984,1.2949200433270243,2.8622598918480766,0.0009458729979409065,-1.959297005330221,-1.7584312597857874,-1.940566364918844,-1.013991657887594,1.5708585977554321,0.4612147808074951,1
648,1788174251.6282082,-0.2929458459785588,-0.425786811955067,0.06845937128950383,1.2948636598891081,2.862234257518703,-3.8735731345034955e-05,-1.960675064717428,-1.7582271734820765,-1.9481905142413538,-1.0059436003314417,1.5708825588226318,0.4598107635974884,1
649,1788174251.6702044,-0.2929799943784892,-0.42417120751735804,0.067190895950646,1.2946677714043564,2.862353319751907,0.00013573035417548525,-1.9619458357440394,-1.7571242491351526,-1.953357998524801,-1.001991097127096,1.5708585977554321,0.4583951234817505,1
650,1788174251.7092252,-0.2930067658063872,-0.4225999084578222,0.06666037952727502,1.2948495975880931,2.862257898957364,0.00013697544643264515,-1.9631927649127405,-1.7550600210772913,-1.9575179258929651,-0.9998958746539515,1.5708705186843872,0.45727869868278503,1
651,1788174251.7507136,-0.29302032031884856,-0.42095383087159854,0.06675734115096515,1.2952349278065802,2.8621093027837583,0.00011620616420221521,-1.9644630591021937,-1.7519777456866663,-1.9610312620746058,-0.9994524160968226,1.5708465576171875,0.45627090334892273,1
652,1788174251.792119,-0.2929321213473712,-0.41931775093688956,0.06670931841210262,1.2948725957743248,2.862227603014439,0.00045452012853513233,-1.9655779043780726,-1.7490742842303675,-1.9646876494037073,-0.998913590108053,1.570894479751587,0.4549148380756378,1
653,1788174251.8323405,-0.2929326987200347,-0.41772978475062006,0.06667690907649682,1.2949367061675787,2.8622401924413543,0.0005830023884220566,-1.966788117085592,-1.746291462575094,-1.9681761900531214,-0.9982908407794397,1.5708585977554321,0.4537385106086731,1
654,1788174251.873423,-0.292945668027181,-0.41616057740115436,0.06672667188135145,1.295140491050863,2.8621012308900613,0.00022508084513924803,-1.9680464903460901,-1.743340317402975,-1.9717009703265589,-0.9974883238421839,1.570894479751587,0.4526348114013672,1
655,1788174251.9127107,-0.2929635754637278,-0.4145005689836761,0.06668081488427108,1.295125658609564,2.862164061802203,0.0004273109718277941,-1.969353500996725,-1.7404850164996546,-1.9752853552447718,-0.9968894163714808,1.5708465576171875,0.451302707195282,1
656,1788174251.9507596,-0.29299128342010416,-0.4129395478416959,0.06678046333085194,1.295424130477331,2.8620074888889993,-2.4546901451355157e-05,-1.9706361929522913,-1.73747426668276,-1.9787266890155237,-0.9961708227740687,1.5708585977554321,0.45023423433303833,1
657,1788174251.992683,-0.2929482533631632,-0.41156239951865947,0.06680403030946383,1.2954051578706178,2.8620157517766978,-4.486371004369329e-05,-1.971642796193258,-1.7349069754229944,-1.9817717711078089,-0.9956801573382776,1.5708585977554321,0.44921445846557617,1
658,1788174252.0338042,-0.29285211463394784,-0.4105175677202007,0.06681113296736682,1.2951545314425783,2.8621041220981085,3.0075189699728256e-05,-1.972302261983053,-1.7329157034503382,-1.984145466481344,-0.9953449408160608,1.5708825588226318,0.44838643074035645,1
659,1788174252.0768714,-0.2928026691712585,-0.4103270635562232,0.06675616029076833,1.2951306785602976,2.8621451834132645,0.00027329480377766074,-1.9723499456988733,-1.7326400915728968,-1.984600845967428,-0.9953206221209925,1.5708585977554321,0.4483141303062439,1
660,1788174252.1183934,-0.29277753755034464,-0.4103108793823168,0.06675129189466303,1.2950942243073675,2.862110018434244,0.000331959045901287,-1.9723380247699183,-1.7326038519488733,-1.9846490065204065,-0.9953449408160608,1.5709065198898315,0.4483141303062439,1
661,1788174252.1609483,-0.2927985663990399,-0.41032537853351964,0.06676894431915745,1.2950840549138938,2.862178870470077,0.0002346645150424356,-1.9723380247699183,-1.7326038519488733,-1.984612766896383,-0.9953206221209925,1.5708465576171875,0.4482901692390442,1
662,1788174252.2012641,-0.29280122497937416,-0.41033062563556244,0.06676613911233706,1.2950742156991988,2.8621573440734114,0.00025500968726291,-1.9723499456988733,-1.7326276938067835,-1.984588925038473,-0.9953330198871058,1.5708705186843872,0.44827818870544434,1
663,1788174252.240219,-0.2928057886855079,-0.4103344100588385,0.06677118929932283,1.2951133035577496,2.862152436158303,0.0002358544276786865,-1.9723499456988733,-1.7326276938067835,-1.9845770041095179,-0.9953330198871058,1.5708585977554321,0.44830214977264404,1
664,1788174252.2815213,-0.2927961405783996,-0.41032669850236037,0.0667748110586785,1.295096124679608,2.86215989386655,0.0002163862844293372,-1.9723380247699183,-1.7325919310199183,-1.984612766896383,-0.9953206221209925,1.5708585977554321,0.44830214977264404,1
665,1788174252.3219082,-0.292599209396739,-0.4102854823733256,0.06672971274865772,1.2952703804452836,2.8620845221258002,0.0004238378017462658,-1.9720023314105433,-1.7323759237872522,-1.9849727789508265,-0.9953087011920374,1.5708585977554321,0.44875869154930115,1
666,1788174252.3622773,-0.29198166296756634,-0.4103093508701861,0.06675416563683481,1.2955218952421579,2.8619951668591335,0.0002897234393056477,-1.9708159605609339,-1.7315600554095667,-1.9859078566180628,-0.9951046148883265,1.5708345174789429,0.4501143991947174,1
667,1788174252.4053333,-0.290284106329242,-0.410708208372494,0.06678078233915996,1.295169668574457,2.8621172730407816,-0.0002915139314610324,-1.9673274199115198,-1.7299407164203089,-1.9878862539874476,-0.9943745771991175,1.5708585977554321,0.45336660742759705,1
668,1788174252.4475553,-0.2886710229949135,-0.4110258922078731,0.06680941065752269,1.2950882267976995,2.8621496447703354,-0.000462600688213317,-1.964043442402975,-1.7283809820758265,-1.9897082487689417,-0.9940031210528772,1.5708585977554321,0.456594854593277,1
669,1788174252.4875813,-0.28702587497777676,-0.4113342294709961,0.06684511843435723,1.2950253747031164,2.862176530980419,-0.00048168609234110416,-1.9606993834124964,-1.7267974058734339,-1.9915064016925257,-0.9937761465655726,1.5708585977554321,0.45989540219306946,1
670,1788174252.5305734,-0.2855218302540407,-0.41169217143880427,0.06684991626038073,1.295231682958367,2.862071518720696,-0.00038779355556698466,-1.9575827757464808,-1.7255619207965296,-1.9929574171649378,-0.9936197439776819,1.5708705186843872,0.4631592333316803,1
671,1788174252.5723412,-0.2842415968420313,-0.4119328911345152,0.06677099910343595,1.2952078786888335,2.8620960803469244,0.00011994592578487714,-1.9549701849566858,-1.72461444536318,-1.9942401091205042,-0.9936078230487269,1.5708705186843872,0.4657515585422516,1
672,1788174252.614246,-0.28404104116875184,-0.4119689713004001,0.06669435291100428,1.2950498193283924,2.862202558940855,0.00042003242689407427,-1.954550568257467,-1.724602524434225,-1.99443227449526,-0.9936197439776819,1.5708465576171875,0.46605154871940613,1
673,1788174252.656817,-0.2840597900313844,-0.41197453825328173,0.066744653652658,1.2949643294883595,2.8621968987573365,0.0002532146504234022,-1.9545987288104456,-1.7245305220233362,-1.9943965117083948,-0.9936197439776819,1.5708825588226318,0.46595528721809387,1
674,1788174252.69832,-0.284059468630633,-0.4119825713283046,0.06652591294071356,1.2949505432870732,2.8622136824590063,0.00015964215124039715,-1.9545863310443323,-1.724830452595846,-1.9947198073016565,-0.9929373900042933,1.5708705186843872,0.46595528721809387,1
675,1788174252.74094,-0.2840561197121567,-0.41194256193328804,0.06530871582235856,1.2950035731444998,2.86219256151138,0.00025992267668877467,-1.9546106497394007,-1.7264979521380823,-1.9964097181903284,-0.9896438757525843,1.5708705186843872,0.4659672677516937,1
676,1788174252.781413,-0.2840601421353884,-0.4119525223150746,0.06345616856019004,1.294693149675114,2.8623284390624923,0.00010125677855678962,-1.9546106497394007,-1.7291248480426233,-1.998939339314596,-0.9843862692462366,1.5708705186843872,0.4657515585422516,1
677,1788174252.8232024,-0.2840554104648597,-0.41195635231672584,0.06072028762885917,1.2941126295444174,2.8626020525755735,0.0004926365342909883,-1.9545987288104456,-1.7331555525409144,-2.002392117177145,-0.977152172719137,1.5708705186843872,0.46535494923591614,1
678,1788174252.8633842,-0.28402768963926067,-0.41191215171795004,0.05742231104045292,1.2938974502760194,2.862721417891133,0.0008121802247915864,-1.9545744101153772,-1.737929646168844,-2.0067084471331995,-0.9682658354388636,1.5708585977554321,0.46522313356399536,1
679,1788174252.9048924,-0.28407000804888827,-0.41198523216129634,0.054359862282124555,1.293958533474549,2.862672491725429,5.93062851078004e-05,-1.9545987288104456,-1.742488209401266,-2.01078445116152,-0.959151569996969,1.5708585977554321,0.46524709463119507,1
680,1788174252.9436605,-0.2840467618924414,-0.41198220076976955,0.05111452765372973,1.2939388883703296,2.862675830601596,0.00032499721967289895,-1.9545624891864222,-1.7473953405963343,-2.01483661333193,-0.9503610769854944,1.5708705186843872,0.4652710556983948,1
681,1788174252.981403,-0.28409137884088187,-0.41205276160190507,0.04799188396598525,1.293980157028836,2.8626289796499234,-0.00020109029060581387,-1.9545987288104456,-1.7522290388690394,-2.0187695662127894,-0.941258732472555,1.5708825588226318,0.4652710556983948,1
682,1788174253.022801,-0.2840548265932711,-0.4120177235895573,0.04473859178539871,1.2938514227772977,2.862710557885312,0.00015586192610642837,-1.954550568257467,-1.7572320143329065,-2.022761646901266,-0.9324916044818323,1.5708705186843872,0.46522313356399536,1
683,1788174253.063879,-0.2840725020428069,-0.4119986761851497,0.04152614366601212,1.2939715932371,2.8626556880859186,0.0001364034556745734,-1.9545987288104456,-1.7622578779803675,-2.026694122944967,-0.9235208670245569,1.5708705186843872,0.4652590751647949,1
684,1788174253.1058636,-0.2840777654395157,-0.41202788133171997,0.038366156235896204,1.2939520360049133,2.8626597158296754,-3.272876170732119e-05,-1.9545863310443323,-1.767308537160055,-2.030482594166891,-0.9145739714251917,1.5708705186843872,0.4652590751647949,1
685,1788174253.1483722,-0.28406114901272994,-0.4119550155747335,0.03447013920049066,1.2939562064729464,2.862667547649045,0.000309276897761006,-1.9546106497394007,-1.773522679005758,-2.035098377858297,-0.9039619604693812,1.5708705186843872,0.4652351140975952,1
686,1788174253.1899192,-0.2840604239126376,-0.41196876712861413,0.031484603350301565,1.2940067145185545,2.862642004063535,0.00021348761165677294,-1.9545987288104456,-1.778416935597555,-2.038563076649801,-0.8955419699298304,1.5708705186843872,0.46528303623199463,1
687,1788174253.230693,-0.2840668317361068,-0.41199440352797423,0.029176229075085824,1.2939685158870684,2.8626959391188764,0.0001124002939689548,-1.9545744101153772,-1.7822678724872034,-2.0411766211139124,-0.8890145460711878,1.5708345174789429,0.4652710556983948,1
688,1788174253.2706397,-0.2840569004293491,-0.4120137111433748,0.026910636508645697,1.2936460927847713,2.8627609163220527,5.412447428457761e-05,-1.9545744101153772,-1.7860706488238733,-2.043718163167135,-0.8826301733600062,1.5709065198898315,0.46506696939468384,1
689,1788174253.3120422,-0.284057721330084,-0.41195386851099003,0.024913885456301382,1.2933674338914558,2.8629203189237296,0.00030852357557365243,-1.9546106497394007,-1.7893813292132776,-2.045960251485006,-0.8772404829608362,1.5708825588226318,0.4648272693157196,1
690,1788174253.3549373,-0.28407094977315744,-0.41198178428072263,0.023801825213970174,1.29318324957359,2.863064122262465,0.000122853313536131,-1.9545863310443323,-1.7912891546832483,-2.047194782887594,-0.8739822546588343,1.5708225965499878,0.46470704674720764,1
691,1788174253.3962526,-0.28409471066693603,-0.4120235128847868,0.023517122447851146,1.293310572182141,2.8629787971201495,6.974402163173441e-05,-1.9546106497394007,-1.7918646971331995,-2.047398869191305,-0.8731678167926233,1.5708465576171875,0.46477895975112915,1
692,1788174253.4382517,-0.2843313530128753,-0.41261045067017427,0.023419996663535114,1.2932555030453108,2.863039504902227,0.0004072448745957872,-1.9545987288104456,-1.7933762709247034,-2.0456722418414515,-0.873598877583639,1.5708225965499878,0.4647430181503296,1
693,1788174253.4802842,-0.28446045486599253,-0.4140224739087578,0.02346052386572753,1.2928973263967523,2.8632071573506352,0.00014455276100295842,-1.95375901857485,-1.7958233992206019,-2.042375389729635,-0.8742817083941858,1.5708105564117432,0.46533098816871643,1
694,1788174253.521863,-0.28443696884981856,-0.41545280855333244,0.023423567769715964,1.2926089574346762,2.863295854517745,7.436500426140107e-05,-1.952644173298971,-1.7982948462115687,-2.0392583052264612,-0.8748810927020472,1.5708465576171875,0.4662552773952484,1
695,1788174253.5637007,-0.28446235994294716,-0.4166230515869757,0.023469280236382395,1.2928724049431914,2.8631410721521546,-0.0002427182296140869,-1.951817814503805,-1.800190273915426,-2.0366690794574183,-0.8753717581378382,1.5708705186843872,0.46727505326271057,1
696,1788174253.6051717,-0.2845037504201652,-0.4166401049785597,0.023464758898108812,1.2929808545714871,2.863105170376596,-0.00024352898873141683,-1.9518774191485804,-1.8002741972552698,-2.0365732351886194,-0.8753836790667933,1.5708585977554321,0.4672877788543701,1
697,1788174253.6461878,-0.28451063937101007,-0.41664990803795343,0.023474386440153455,1.2930025236350526,2.863107428682848,-0.00028250774997496704,-1.9518774191485804,-1.8002741972552698,-2.036548916493551,-0.8753836790667933,1.5708465576171875,0.46729975938796997,1
698,1788174253.6872954,-0.28449616463794836,-0.4166453569318727,0.023459835082742853,1.2929158821959297,2.86314657896575,-0.00028176003664471904,-1.9518535772906702,-1.8002741972552698,-2.0365970770465296,-0.875335995350973,1.5708465576171875,0.4672630727291107,1
699,1788174253.7295873,-0.284522760826661,-0.4166012267396426,0.023287727020206678,1.293036413530139,2.863095001226611,-0.0001874774456123066,-1.9519370237933558,-1.8005383650409144,-2.0368006865130823,-0.8749282995807093,1.5708465576171875,0.4672630727291107,1
700,1788174253.772841,-0.2844638043922274,-0.41654040611329346,0.021970368010841623,1.2929699545718278,2.863129551811147,0.0004030056429496998,-1.9518774191485804,-1.8027094046222132,-2.0381911436664026,-0.8717425505267542,1.5708585977554321,0.46727505326271057,1
701,1788174253.8140998,-0.28445413192488317,-0.4165467576620372,0.019958112399452166,1.2928917219348932,2.8631389687423288,0.00041659555329223995,-1.9518654982196253,-1.8061407248126429,-2.04034930864443,-0.8661606947528284,1.5708825588226318,0.467239111661911,1
702,1788174253.85681,-0.2844814638704535,-0.41656869597841845,0.01719333094549544,1.292986698879047,2.8631211358542603,0.0003745694195353972,-1.9518893400775355,-1.810951058064596,-2.0432146231280726,-0.8584592978106897,1.5708585977554321,0.46727505326271057,1
703,1788174253.900337,-0.2844519106687882,-0.4165348985144338,0.013311662940599794,1.2928737915269124,2.863190496940818,0.0005466160723520258,-1.9518535772906702,-1.8176453749286097,-2.047302548085348,-0.8477872053729456,1.5708465576171875,0.46722713112831116,1
704,1788174253.941771,-0.284465146724554,-0.41658264487570257,0.010274781457147858,1.2928965374283365,2.863149413033509,0.0003963277829700033,-1.9518535772906702,-1.8230674902545374,-2.0503361860858362,-0.8392346541034144,1.5708705186843872,0.46725109219551086,1
705,1788174253.9816723,-0.2844986774653036,-0.416589558734249,0.008147684183694881,1.2929650256410095,2.863164613614593,0.0001798200068979551,-1.9518893400775355,-1.8268583456622522,-2.0525062719928187,-0.8331378141986292,1.5708225965499878,0.46725109219551086,1
706,1788174254.0202737,-0.2844730222172947,-0.41662611258343646,0.006774969646850926,1.2928706518575737,2.8631394310004388,0.00011503226776958733,-1.951841179524557,-1.829341236745016,-2.0538485685931605,-0.829268757496969,1.5708825588226318,0.46725109219551086,1
707,1788174254.0625112,-0.2844846164724499,-0.41666237116107413,0.006094837668408348,1.2928478112400525,2.863134582088686,4.624623358088474e-05,-1.951841179524557,-1.830625359212057,-2.05444842973818,-0.8273404280291956,1.570894479751587,0.467239111661911,1
708,1788174254.102869,-0.2845111325945999,-0.4167037356655753,0.006169804773054177,1.2928901124434893,2.863089772479556,-0.0003674930801786154,-1.9518654982196253,-1.8305171171771448,-2.05442458788027,-0.8272083441363733,1.5709065198898315,0.46725109219551086,1
709,1788174254.1464314,-0.2845065101625289,-0.41669327959606123,0.006169987060105381,1.292866612313532,2.863128935564531,-0.00029353951020009506,-1.9518535772906702,-1.8305051962481897,-2.05442458788027,-0.8272684256183069,1.5708825588226318,0.467239111661911,1
710,1788174254.1864123,-0.2846245031943554,-0.4169972926916771,0.006192577895185625,1.292880507635892,2.863159245282809,-0.000391010986734311,-1.95182973543276,-1.831080738698141,-2.053572956715719,-0.8274839560138147,1.5708465576171875,0.4672630727291107,1
711,1788174254.22822,-0.28488307562977194,-0.4174059559107109,0.0061240200247757726,1.2927565798329186,2.8632523014426834,-3.420544146874558e-05,-1.9519971052752894,-1.8322327772723597,-2.0521462599383753,-0.827987019215719,1.5708225965499878,0.4669994115829468,1
712,1788174254.2688859,-0.2852419241422163,-0.4180437626815471,0.006148963700009419,1.2925315996650764,2.8633047095836126,8.198515077041806e-05,-1.9522131125079554,-1.833672348652975,-2.0500481764422815,-0.8287175337420862,1.5708705186843872,0.46663913130760193,1
713,1788174254.3080573,-0.28563167554118385,-0.4188557540956784,0.006133557021407526,1.2925680647702973,2.863292746584294,0.00023388228082467125,-1.9523332754718226,-1.835508171712057,-2.047530476246969,-0.8294962088214319,1.5708705186843872,0.4665432572364807,1
714,1788174254.3492239,-0.28591227131732955,-0.419518387312286,0.006095032333904266,1.2925249279279731,2.863380159480336,0.0003047182130049748,-1.9523332754718226,-1.8369949499713343,-2.0455883185016077,-0.8299992720233362,1.5708105564117432,0.4664953351020813,1
715,1788174254.3908298,-0.28599829017212647,-0.4195404664057439,0.006127399667108763,1.2926499526807274,2.863292457848624,0.00013793363564325076,-1.9524887243853968,-1.8370431105243128,-2.0454447905169886,-0.8299873510943812,1.5708345174789429,0.46643540263175964,1
716,1788174254.4318502,-0.2859994613665259,-0.41956663428656066,0.006143619773136988,1.2926268807693588,2.8632868640478937,4.369663884697393e-05,-1.9524768034564417,-1.8370431105243128,-2.045408550892965,-0.8299630323993128,1.5708465576171875,0.46643540263175964,1
717,1788174254.4744155,-0.28600622440899204,-0.41954992392479945,0.006135591243461108,1.2926691205902985,2.8632420812603514,6.39968396224632e-05,-1.9525130430804651,-1.8370431105243128,-2.0454323927508753,-0.8299511114703577,1.5708705186843872,0.46643540263175964,1
718,1788174254.5152528,-0.28599940561570575,-0.41955800424630585,0.006149691119819833,1.2926047023418186,2.8632836996270767,4.5244288642683386e-05,-1.9524887243853968,-1.8370192686664026,-2.04542047182192,-0.8299754301654261,1.5708585977554321,0.46641144156455994,1
719,1788174254.5532365,-0.28599894595250436,-0.4195476605513487,0.006130829645499325,1.2925836635121046,2.863281235541159,8.345126895335816e-05,-1.95250112215151,-1.8370431105243128,-2.0454447905169886,-0.8299511114703577,1.5708705186843872,0.46638748049736023,1
720,1788174254.5940533,-0.28600764390969696,-0.4195461543667863,0.006117856530057808,1.292640341384704,2.8632698006155723,0.00011932766889424512,-1.9525130430804651,-1.837078873311178,-2.0454323927508753,-0.8299511114703577,1.5708585977554321,0.46641144156455994,1
721,1788174254.6350305,-0.2860187207266452,-0.4195589916032648,0.0061529365752115706,1.2926663606868896,2.8632817068489707,2.4934178996891225e-05,-1.9525130430804651,-1.8370311895953577,-2.04539662996401,-0.8299754301654261,1.5708345174789429,0.4664234220981598,1
722,1788174254.676573,-0.286006923585603,-0.4195431756040067,0.006122640301283538,1.2926818617544813,2.863224789756938,0.00012092089311605015,-1.9525249640094202,-1.837066952382223,-2.0454323927508753,-0.8299630323993128,1.5708825588226318,0.46643540263175964,1
723,1788174254.717598,-0.2860091026943079,-0.41954978856614417,0.006125905918820118,1.2922112681197324,2.863464580777222,0.0001574787877421489,-1.9525130430804651,-1.837078873311178,-2.04539662996401,-0.8300111929522913,1.5708585977554321,0.4661114513874054,1
724,1788174254.7587252,-0.28602560688536344,-0.41958352570671975,0.006255700253293778,1.2906670282824506,2.864168629637188,-3.119416036200943e-05,-1.9525130430804651,-1.8368871847735804,-2.045253101979391,-0.8302267233477991,1.5708465576171875,0.4650309979915619,1
725,1788174254.8002489,-0.28604505289514986,-0.41957468155318717,0.006436297953542058,1.2885893329724845,2.8650645607151146,-2.8945456627185836e-05,-1.9525726477252405,-1.8365758101092737,-2.045060936604635,-0.8307302633868616,1.5708825588226318,0.46353110671043396,1
726,1788174254.8416502,-0.28606652138109046,-0.419565867948389,0.006741311799313809,1.2847293440786725,2.866823168288917,-5.2325163203299804e-05,-1.9526084105121058,-1.8360355536090296,-2.0447610060321253,-0.8315566221820276,1.5708585977554321,0.46079495549201965,1
727,1788174254.8825135,-0.28605592451069345,-0.4196102524398315,0.0071394500178171005,1.2794928121286546,2.869149085134477,-0.0001296364961748811,-1.9525607267962855,-1.8353756109820765,-2.0443175474749964,-0.8326104323016565,1.5708705186843872,0.45719483494758606,1
728,1788174254.9250052,-0.2860910471205146,-0.4196586909407794,0.00775737645218888,1.2722936476686457,2.872353121801648,-0.0004906470016783329,-1.9525845686541956,-1.834332291279928,-2.04370624223818,-0.8340356985675257,1.5708585977554321,0.45215433835983276,1
729,1788174254.9641373,-0.2860828589465195,-0.419646789182173,0.00838462534562534,1.2652465798661134,2.875478595045066,-0.0004758273052472515,-1.9525726477252405,-1.8331926504718226,-2.0431187788592737,-0.8357728163348597,1.5708465576171875,0.4472584128379822,1
730,1788174255.0030453,-0.2860706921853481,-0.4196238617995676,0.00910886893506449,1.2569221144806466,2.87911915883796,-0.00027264513694850995,-1.9525726477252405,-1.8318970839129847,-2.042375389729635,-0.8379409948932093,1.5708585977554321,0.44147413969039917,1
731,1788174255.040799,-0.28607170361784945,-0.41959575610681726,0.00975720479714956,1.2490321864916005,2.8825792197529716,-0.00018411552288665742,-1.9525845686541956,-1.8307212034808558,-2.0417521635638636,-0.839797321950094,1.5708345174789429,0.4359774887561798,1
732,1788174255.0819228,-0.2860766325528548,-0.4196374702795306,0.010737356742178461,1.2382100264283527,2.8871873344368604,-0.0005075664185181032,-1.9525845686541956,-1.8290179411517542,-2.040804688130514,-0.8422411123858851,1.5708825588226318,0.42848923802375793,1
733,1788174255.123016,-0.28606273120334896,-0.41958816345967115,0.011819199398690527,1.2269157378135775,2.8920345513034142,-0.00034562416874417244,-1.9525845686541956,-1.827050511037008,-2.039773766194479,-0.8453434149371546,1.5708585977554321,0.4206646680831909,1
734,1788174255.164975,-0.2860645556703595,-0.4196000123147443,0.012928252621534075,1.2142667907151556,2.897356598302687,-0.00031508889423697477,-1.9525845686541956,-1.8251426855670374,-2.0385988394366663,-0.8484457174884241,1.5708705186843872,0.4119281470775604,1
735,1788174255.2048078,-0.2860280820789526,-0.4195324102661808,0.013641362489089814,1.2053926589570283,2.901052950328279,0.00035881683764518095,-1.9525726477252405,-1.8238714377032679,-2.037772003804342,-0.8509729544269007,1.5708825588226318,0.40581995248794556,1
736,1788174255.2440982,-0.2860479531907924,-0.4195257425485627,0.014376164088613641,1.1979496958039046,2.9041200362020843,0.00024031268572355814,-1.9526203314410608,-1.8225873152362269,-2.0370524565326136,-0.8529012838946741,1.570894479751587,0.40064725279808044,1
737,1788174255.2860568,-0.28603300415846106,-0.4195372924349073,0.014958771878211652,1.1909158243238471,2.9070367731035565,0.00018126772133995718,-1.9525726477252405,-1.8215678373919886,-2.0364773909198206,-0.8544586340533655,1.5708705186843872,0.3958472013473511,1
738,1788174255.3274698,-0.2860483697876746,-0.41956826067594166,0.01544898879573392,1.185317951131109,2.909335445550612,-8.568990471969764e-05,-1.9525726477252405,-1.820740048085348,-2.0359976927386683,-0.8555963675128382,1.5708585977554321,0.3919946551322937,1
739,1788174255.3679645,-0.2860483957495625,-0.41952072489037195,0.015838012081196368,1.1811447882129682,2.9110330101056023,0.00021301450000257846,-1.9526084105121058,-1.8200443426715296,-2.0355661551104944,-0.8569138685809534,1.5708585977554321,0.38909071683883667,1
740,1788174255.408943,-0.28602950126942184,-0.41951388469974527,0.0161053227022544,1.178371729503108,2.9121695208365725,0.00023085064706400112,-1.9525726477252405,-1.8195527235614222,-2.0353263060199183,-0.8576567808734339,1.5708465576171875,0.38721856474876404,1
741,1788174255.4502835,-0.286024766638139,-0.41950946943041245,0.01622306143497984,1.1763045378575245,2.9129921043570164,0.00028625817285044523,-1.9525726477252405,-1.8193486372577112,-2.035194222127096,-0.8580282370196741,1.5708585977554321,0.38580217957496643,1
742,1788174255.4915133,-0.2860366016342088,-0.41948397368852,0.01624117589547963,1.1756448972347973,2.9132714032013536,0.00036184963821336825,-1.9526084105121058,-1.819300953541891,-2.035182301198141,-0.858136002217428,1.5708465576171875,0.38531044125556946,1
743,1788174255.533771,-0.28610451839881157,-0.4191425751154801,0.016303676659707528,1.1758193672461705,2.913200759423523,0.00019180093441379097,-1.9529922644244593,-1.818664852772848,-2.035866085683004,-0.8579800764666956,1.5708465576171875,0.38504642248153687,1
744,1788174255.57235,-0.2862759837645294,-0.4179865664982214,0.016413243268748712,1.1760574903036927,2.9130914637750207,-3.6726531348529764e-05,-1.954191033040182,-1.8166855017291468,-2.038215462361471,-0.857464615498678,1.5708585977554321,0.3840142786502838,1
745,1788174255.6134486,-0.28628196724808425,-0.41631068322477394,0.01643166697014045,1.1756880083311538,2.913240522370982,0.00011293541904742449,-1.9554732481585901,-1.81386644044985,-2.041920010243551,-0.8566744963275355,1.5708585977554321,0.38247841596603394,1
746,1788174255.6536205,-0.28630822282983776,-0.4149619815876518,0.016459281568312417,1.1758166534663812,2.9132146869089386,-2.0406427155917406e-05,-1.9565399328814905,-1.8115509192096155,-2.0449650923358362,-0.8558600584613245,1.5708345174789429,0.38149383664131165,1
747,1788174255.6955824,-0.28627892080508816,-0.41437168509117334,0.01636747451154036,1.176034816050115,2.913100305702037,0.0001862042647111663,-1.9569476286517542,-1.810723129902975,-2.0463436285602015,-0.855440918599264,1.5708585977554321,0.38124218583106995,1
748,1788174255.7361932,-0.2862610303429481,-0.4144455202059223,0.01638462441923416,1.1759172452059816,2.913160979308243,5.5180706333213723e-05,-1.9568517843829554,-1.8107712904559534,-2.0462477842914026,-0.8554051558123987,1.5708465576171875,0.3812541663646698,1
749,1788174255.7793043,-0.28625666379635556,-0.4144482650629977,0.01638229282569864,1.1759166620531656,2.9131095041581836,7.372295158065222e-05,-1.9568637053119105,-1.8107832113849085,-2.0462358633624476,-0.8554170767413538,1.570894479751587,0.3812541663646698,1
750,1788174255.8213382,-0.28626220307283773,-0.41444013784152217,0.016380035858409442,1.175912620549781,2.913149766971895,0.00011130869614055782,-1.9568637053119105,-1.8107832113849085,-2.0462358633624476,-0.855440918599264,1.5708585977554321,0.38124218583106995,1
751,1788174255.8605025,-0.2862574119782542,-0.41443661787366004,0.01637279048188231,1.1759521148558096,2.9131468091572597,0.00011210564989735644,-1.9568517843829554,-1.8107832113849085,-2.046260182057516,-0.8554170767413538,1.5708465576171875,0.3812781274318695,1
752,1788174255.902154,-0.2862647834218426,-0.4144147301226205,0.016365994259477518,1.1759829327957787,2.91312135216748,0.00013003360111790463,-1.9568880240069788,-1.8107712904559534,-2.046295468007223,-0.8554051558123987,1.5708585977554321,0.38126614689826965,1
753,1788174255.944436,-0.2862535105849111,-0.4144114523781958,0.01635065251036083,1.1758821166781022,2.913174868131258,0.00022445275950064563,-1.9568637053119105,-1.8107956091510218,-2.046295468007223,-0.855440918599264,1.5708465576171875,0.38121819496154785,1
754,1788174255.9847653,-0.286271484214131,-0.4144785401793188,0.01639260439890547,1.1759127592656535,2.913149868273727,1.7685241737431207e-05,-1.9568517843829554,-1.810819451008932,-2.046163860951559,-0.8554170767413538,1.5708585977554321,0.3812541663646698,1
755,1788174256.0257614,-0.2862668529497609,-0.4147566236383142,0.016403225552826334,1.1757857034172348,2.9131884140115285,-5.798794853750101e-05,-1.9566357771502894,-1.8112509886371058,-2.0455644766436976,-0.8555367628680628,1.5708705186843872,0.3813859820365906,1
756,1788174256.0629077,-0.2862355658777649,-0.41578651221053947,0.016411593665933255,1.1754423503525429,2.9133395391578976,0.00018704744145198228,-1.955785099660055,-1.8129785696612757,-2.043166462575094,-0.8563631216632288,1.5708585977554321,0.3819979429244995,1
757,1788174256.1024594,-0.2862454091209881,-0.41738119755008385,0.016470568657347973,1.1751518051034842,2.913469966178992,-0.00014988767838788696,-1.9545863310443323,-1.8155096212970179,-2.0396302382098597,-0.8571537176715296,1.5708465576171875,0.3829941153526306,1
758,1788174256.145493,-0.2862200522137015,-0.419040570389329,0.016461364845331394,1.1752807860456296,2.9134307015762286,-0.0002614013988655964,-1.9532797972308558,-1.8182690779315394,-2.035961453114645,-0.8579919973956507,1.5708345174789429,0.3843861520290375,1
759,1788174256.1853096,-0.28624164938747804,-0.4204183225005394,0.01637672571272561,1.1753353710972598,2.91340871528036,-0.00010854351236163732,-1.952285114918844,-1.8207882086383265,-2.0328086058246058,-0.8587229887591761,1.5708345174789429,0.3854182958602905,1
760,1788174256.2284288,-0.2864045041186455,-0.4210461531960529,0.016414996607212712,1.1753350077082576,2.913356790384699,-0.00027764534791921083,-1.9521411100970667,-1.821939770375387,-2.031153980885641,-0.8591182867633265,1.5708825588226318,0.38557446002960205,1
761,1788174256.270669,-0.28643868347639756,-0.4210468143344977,0.016445904033776076,1.1753222362334534,2.913426465057072,-0.00037222660052286773,-1.952176872883932,-1.8219035307513636,-2.0311182180987757,-0.8591302076922815,1.5708225965499878,0.3855145573616028,1
762,1788174256.3106253,-0.28642447367218876,-0.4210481591229666,0.016453093172055178,1.1752823307088396,2.9133778785718367,-0.00039075041787138386,-1.952176872883932,-1.8218796888934534,-2.0311301390277308,-0.8591302076922815,1.5708825588226318,0.38550257682800293,1
763,1788174256.350595,-0.28642136042332633,-0.4210489414357569,0.01644123392795005,1.175321847278831,2.913374971850453,-0.0003533383614192362,-1.9521649519549769,-1.8219035307513636,-2.0311301390277308,-0.8591302076922815,1.5708705186843872,0.3855385184288025,1
764,1788174256.3920357,-0.2864128977563897,-0.42103645616700514,0.016418667976095064,1.1752915450011365,2.9134001956441846,-0.000259005072797588,-1.9521530310260218,-1.821927849446432,-2.031153980885641,-0.8591421286212366,1.5708585977554321,0.38552653789520264,1
765,1788174256.431472,-0.28641643002598416,-0.4210378795365104,0.01643669297247982,1.1753832770558343,2.913376077902553,-0.0003159671344574128,-1.9521530310260218,-1.8218916098224085,-2.031153980885641,-0.8591421286212366,1.5708465576171875,0.3855864405632019,1
766,1788174256.4716117,-0.2864207282431892,-0.4210485986377649,0.016446034149532385,1.1753134499104878,2.913404195396764,-0.00035341904915411844,-1.9521530310260218,-1.8218916098224085,-2.0311301390277308,-0.8591421286212366,1.5708465576171875,0.3855385184288025,1
767,1788174256.5117037,-0.28642289488937256,-0.421036837014458,0.01642950506650412,1.1753741475240393,2.913353957638924,-0.0002971630695778281,-1.952176872883932,-1.8219154516803187,-2.031142059956686,-0.8591421286212366,1.5708705186843872,0.3855624794960022,1
768,1788174256.5534198,-0.28641439785692135,-0.421025426040674,0.01642364875271643,1.1753180186490813,2.913415509080908,-0.0002403604758264172,-1.9521530310260218,-1.8219035307513636,-2.031166378651754,-0.8591659704791468,1.5708345174789429,0.3855385184288025,1
769,1788174256.5953164,-0.28640733516951394,-0.42099072409779925,0.01609273405335146,1.1754485634972571,2.9133370719190648,-0.00010770463891511355,-1.952176872883932,-1.8224318663226526,-2.0315373579608362,-0.8583510557757776,1.5708585977554321,0.385610431432724,1
770,1788174256.6358228,-0.28636146234421467,-0.4208922576414994,0.0148787150525177,1.1754664936248045,2.913330901465199,0.0006712547079295253,-1.9521649519549769,-1.824446980153219,-2.0327370802508753,-0.8556321302997034,1.5708585977554321,0.3856343924999237,1
771,1788174256.6788943,-0.2863686096873155,-0.4209186228723282,0.01363266617046513,1.1756281126207409,2.9132784628345547,0.0004899638984228488,-1.9521530310260218,-1.826618496571676,-2.0340312162982386,-0.852051083241598,1.5708465576171875,0.38575422763824463,1
772,1788174256.7190247,-0.28638280226977586,-0.420952786574356,0.012151062308180333,1.175671287477776,2.9132348503556393,0.00023613437773210995,-1.9521649519549769,-1.829221550618307,-2.0355542341815394,-0.8477633635150355,1.5708705186843872,0.38577818870544434,1
773,1788174256.7621903,-0.2863519639683398,-0.42092366335057646,0.010309180061131767,1.1756194207404804,2.9132563891387067,0.0006780433924348295,-1.9521291891681116,-1.8324368635760706,-2.037328068410055,-0.843055550252096,1.5708705186843872,0.38577818870544434,1
774,1788174256.8025725,-0.28638360752268127,-0.4209793400016516,0.008897304986054205,1.1756060853036208,2.91327393326475,0.0001776721727378239,-1.9521411100970667,-1.8349559942828577,-2.038791004811422,-0.838754955922262,1.5708585977554321,0.38575422763824463,1
775,1788174256.843358,-0.28639804066309477,-0.4210153353054652,0.008266362157524437,1.1756583292537073,2.9132524323571034,-0.00010020409995677077,-1.9521411100970667,-1.8360956350909632,-2.039438549672262,-0.8367908636676233,1.5708585977554321,0.3857901990413666,1
776,1788174256.885238,-0.2864257275980226,-0.42105251990238957,0.008335807086168101,1.1756929599164396,2.9132381886905834,-0.00027022764592688067,-1.9521649519549769,-1.8360355536090296,-2.039318386708395,-0.836862866078512,1.5708585977554321,0.3857901990413666,1
777,1788174256.9270337,-0.2864197786484946,-0.4210547768236328,0.008334678041754112,1.1756497616072807,2.9132816179467538,-0.0002515879083526602,-1.9521411100970667,-1.8360355536090296,-2.039318386708395,-0.8368747870074671,1.5708345174789429,0.38577818870544434,1
778,1788174256.9688094,-0.2864112632835073,-0.42103238004421345,0.008305306114174155,1.175640715852995,2.913259452836341,-0.0001571296584580531,-1.9521530310260218,-1.836059872304098,-2.039366070424215,-0.836862866078512,1.5708585977554321,0.3857662081718445,1
779,1788174257.0107086,-0.2864053316407768,-0.42104083119209396,0.008300392622452857,1.1756363619372538,2.9132484123652596,-0.0001196366609468876,-1.9521411100970667,-1.836083714162008,-2.039342228566305,-0.8368867079364222,1.5708705186843872,0.38577818870544434,1
780,1788174257.0524342,-0.2863992549227091,-0.421034295068609,0.008289791235363192,1.1756409540257167,2.9132594143987403,-0.0001189284477449754,-1.9521291891681116,-1.836083714162008,-2.0393784681903284,-0.8368509451495569,1.5708585977554321,0.3857901990413666,1
781,1788174257.0906615,-0.2864008736054952,-0.4210370989393701,0.008301537115995516,1.1756668011123501,2.913223145119066,-0.00011884365862042546,-1.9521411100970667,-1.836071793233053,-2.0393546263324183,-0.8368867079364222,1.5708825588226318,0.38580217957496643,1
782,1788174257.1295516,-0.2864210873226123,-0.4210409481592383,0.008306122012679579,1.175710476461961,2.913231298797388,-0.00015712847557882491,-1.9521649519549769,-1.836083714162008,-2.03933030763735,-0.8368747870074671,1.5708585977554321,0.38580217957496643,1
783,1788174257.1712556,-0.2864122831556461,-0.4210594017326459,0.008320125026933883,1.1756977698447149,2.9132493472277443,-0.00019461864259851666,-1.9521291891681116,-1.836071793233053,-2.0393064657794397,-0.8368867079364222,1.5708465576171875,0.38582614064216614,1
784,1788174257.2133272,-0.28640152035675587,-0.4210399451071882,0.008294576161181955,1.1756932956458,2.9132382591157646,-0.00013840061929597873,-1.9521291891681116,-1.836083714162008,-2.039366070424215,-0.8368509451495569,1.5708585977554321,0.38582614064216614,1
785,1788174257.255731,-0.2864124891850675,-0.42105991557421046,0.008323710652134553,1.175645395359673,2.9132704257666338,-0.0002320700745295037,-1.9521291891681116,-1.836059872304098,-2.039318386708395,-0.836862866078512,1.5708465576171875,0.3857901990413666,1
786,1788174257.2938666,-0.28641897810633093,-0.42104423406658564,0.008312051275627452,1.175732509772369,2.9132353585319293,-0.00017589458836224242,-1.9521530310260218,-1.836071793233053,-2.03933030763735,-0.8368747870074671,1.5708465576171875,0.38582614064216614,1
787,1788174257.3333306,-0.2863999502095127,-0.42105804091177623,0.008315524625721327,1.1756623917207207,2.9132119781342656,-0.0001757227683458594,-1.9521291891681116,-1.836071793233053,-2.039318386708395,-0.8368867079364222,1.570894479751587,0.3858141601085663,1
788,1788174257.3733702,-0.2864121036233487,-0.42102585718285584,0.008309215554648502,1.1757409261061238,2.913206181842877,-0.0001391091077089674,-1.9521649519549769,-1.8360474745379847,-2.039366070424215,-0.8368867079364222,1.5708705186843872,0.38582614064216614,1
789,1788174257.4138935,-0.2864133878904957,-0.42105477094998744,0.008327619816105747,1.1757022656037863,2.9132604850823496,-0.00021413595508007303,-1.9521291891681116,-1.8360474745379847,-2.039318386708395,-0.8368867079364222,1.5708345174789429,0.38582614064216614,1
790,1788174257.4524574,-0.2864261093889054,-0.42106078423082804,0.008321054427232216,1.1757234209652947,2.9132130996090444,-0.0002319851098261313,-1.9521649519549769,-1.836083714162008,-2.0392945448504847,-0.836862866078512,1.5708705186843872,0.3858141601085663,1
791,1788174257.491935,-0.28641082849018806,-0.42103860818583605,0.008309723324277152,1.1756536943279683,2.9132413314139454,-0.00017506294337432457,-1.9521530310260218,-1.836059872304098,-2.0393546263324183,-0.836862866078512,1.5708705186843872,0.38577818870544434,1
792,1788174257.5327702,-0.2864068448401824,-0.4210372923443836,0.008299263929321676,1.1757106816834877,2.9132313022998924,-0.00010095134040156363,-1.9521411100970667,-1.836083714162008,-2.039342228566305,-0.8368986288653772,1.5708585977554321,0.38582614064216614,1
793,1788174257.5747316,-0.2863929685308475,-0.4210584319307039,0.00831685240779792,1.1756010352870798,2.9132625768786027,-0.00017580842031432895,-1.9521048704730433,-1.836059872304098,-2.03933030763735,-0.8368867079364222,1.5708705186843872,0.3857901990413666,1
794,1788174257.616125,-0.28640241562591134,-0.4210494908116293,0.008319546415255785,1.175741152014794,2.9132059966851815,-0.0001952794919511678,-1.9521291891681116,-1.8360474745379847,-2.039342228566305,-0.8368747870074671,1.5708705186843872,0.3858620822429657,1
795,1788174257.6560557,-0.286404362622613,-0.42104703377602715,0.008309794253166192,1.1756758447492488,2.913245302266973,-0.00013840120522967206,-1.9521291891681116,-1.836071793233053,-2.03933030763735,-0.8368986288653772,1.5708585977554321,0.3858141601085663,1
796,1788174257.698682,-0.2864183239330982,-0.4210426026578412,0.008316852067481284,1.1757150589455012,2.9132424020506194,-0.00017589506020982556,-1.9521530310260218,-1.836059872304098,-2.03933030763735,-0.8368867079364222,1.5708465576171875,0.3858141601085663,1
797,1788174257.7393386,-0.2863862329003929,-0.4209785017271218,0.008401251330401482,1.175750315997895,2.9132289127221167,0.0003117059886900539,-1.9521411100970667,-1.8358553091632288,-2.039222542439596,-0.8375094572650355,1.5708465576171875,0.38585010170936584,1
798,1788174257.7811496,-0.28637508057470623,-0.4209568438853919,0.008788018741014175,1.175649517073927,2.9132309143247204,0.0004219259583619814,-1.9521530310260218,-1.8351476828204554,-2.0388506094561976,-0.8386591116534632,1.5708825588226318,0.38577818870544434,1
799,1788174257.8217034,-0.2864075011829788,-0.42108736588296547,0.010143674891765098,1.1756577196242926,2.913252196966697,-0.0003930584418554024,-1.9521048704730433,-1.8328684012042444,-2.037520233784811,-0.8417499701129358,1.5708585977554321,0.38582614064216614,1
800,1788174257.8621068,-0.2863950099309027,-0.42102370797058203,0.012166417202261082,1.17592075941033,2.913146439071489,-0.00014138894213464208,-1.9521291891681116,-1.8292573134051722,-2.035530392323629,-0.847511116658346,1.5708585977554321,0.38598230481147766,1
801,1788174257.9048114,-0.28638926738378107,-0.4210111822606127,0.01506688709063117,1.1761386341848477,2.9130843827546506,-0.00017667600364463945,-1.9521167914019983,-1.8241952101336878,-2.03261644044985,-0.8554647604571741,1.5708345174789429,0.38613811135292053,1
802,1788174257.9437618,-0.28642558887310066,-0.42108520044319314,0.018357125563032345,1.1768038191957997,2.912814829238728,-0.0006275621816220186,-1.9521291891681116,-1.8186410109149378,-2.029163662587301,-0.8641846815692347,1.5708345174789429,0.3865826427936554,1
803,1788174257.9829047,-0.28638865994503365,-0.42102559921403226,0.02149022995496397,1.1773627118143404,2.912589933340004,-0.00011897674124609526,-1.9521048704730433,-1.8132904211627405,-2.025794808064596,-0.8732278982745569,1.5708345174789429,0.386990487575531,1
804,1788174258.0228667,-0.2863918226272865,-0.42102307164861474,0.024699697480330213,1.1779086674313246,2.9123302158022635,-0.00017422057704690263,-1.9521291891681116,-1.807915989552633,-2.022342030202047,-0.8820198217975062,1.5708705186843872,0.3873503804206848,1
805,1788174258.0644557,-0.2863728850359159,-0.42098509536279227,0.027849005631510132,1.1784024396998327,2.9121438371439177,7.06616366577071e-05,-1.9521167914019983,-1.802673641835348,-2.0188773314105433,-0.8908827940570276,1.5708585977554321,0.3876986801624298,1
806,1788174258.1025836,-0.28640083309077446,-0.42100636871421665,0.03112779445882402,1.1789441268201786,2.911924027177408,-0.00017349610815505653,-1.9521530310260218,-1.797347370778219,-2.0152209440814417,-0.8997100035296839,1.5708585977554321,0.3880346119403839,1
807,1788174258.142594,-0.28640400370778774,-0.42099096031782035,0.03430940339479041,1.1792451705836324,2.911815101789295,-0.00017505076724031704,-1.9521649519549769,-1.7922003904925745,-2.0116236845599573,-0.9084532896624964,1.5708465576171875,0.38822636008262634,1
808,1788174258.1815784,-0.2863947238096107,-0.42099229168626295,0.03756447710271882,1.1794423358151003,2.911748228000553,-0.00017361283244133184,-1.9521411100970667,-1.787018124257223,-2.007859532033102,-0.9174006620990198,1.5708345174789429,0.38838252425193787,1
809,1788174258.222425,-0.28639952009979996,-0.4210686203739103,0.040573600487338435,1.17937184257406,2.9117757182134754,-0.0005870592838321153,-1.9520929495440882,-1.7823517958270472,-2.004322353993551,-0.9253409544574183,1.5708345174789429,0.38838252425193787,1
810,1788174258.2636907,-0.28638789906571327,-0.4209912012837391,0.04263281186412887,1.17949493093274,2.911727313557598,-1.407398413866573e-05,-1.9521291891681116,-1.7791250387774866,-2.0017932097064417,-0.9314616362201136,1.5708345174789429,0.38843047618865967,1
811,1788174258.3047526,-0.2863732107039034,-0.4209681094614815,0.04399049513977288,1.1794595112825963,2.911690348340031,0.0002033983833845082,-1.9521411100970667,-1.7770255247699183,-2.000126663838522,-0.9353659788714808,1.5708825588226318,0.3884064853191376,1
812,1788174258.3459005,-0.2863670394064183,-0.4209705157114162,0.04464056542022493,1.1794854034600488,2.91170552835925,0.00012462553030323232,-1.9521167914019983,-1.77600604692568,-1.999383274708883,-0.9370787779437464,1.5708585977554321,0.3884424567222595,1
813,1788174258.386783,-0.2863575246451346,-0.42093753177275334,0.044475947790884096,1.1795340390710036,2.9116734552710364,0.00033141415758834085,-1.9521291891681116,-1.7762334982501429,-1.9995749632464808,-0.9367912451373499,1.5708705186843872,0.38846641778945923,1
814,1788174258.4282758,-0.28636439841505035,-0.42094613219269045,0.04334521545726425,1.1795294389264754,2.9116623430165434,0.00033896863244685203,-1.9521411100970667,-1.7779973188983362,-2.0009058157550257,-0.9337013403521937,1.5708825588226318,0.3884544372558594,1
815,1788174258.4679708,-0.28639152468180057,-0.4209929307595691,0.04160406332660693,1.179412330324898,2.9117741382059172,0.00019707718702698018,-1.9521291891681116,-1.7807682196246546,-2.0029199759112757,-0.9288261572467249,1.5708225965499878,0.388370543718338,1
816,1788174258.5079045,-0.2863833533868331,-0.42100933519660555,0.03904894217174876,1.1786733370867868,2.9120085879103272,0.0001749019959925831,-1.9521291891681116,-1.7847750822650355,-2.0059292952166956,-0.921795670186178,1.5708825588226318,0.3878784477710724,1
817,1788174258.549404,-0.28635761210238136,-0.4209524487964534,0.03582289437422245,1.177201546947502,2.912591501896726,0.0004759783874962538,-1.9521291891681116,-1.7898018995868128,-2.0097296873675745,-0.9131601492511194,1.570894479751587,0.3868706524372101,1
818,1788174258.5913258,-0.28637738440351823,-0.42100486225994793,0.03265862151874377,1.1754356232623637,2.913355770890061,0.00023080831704448985,-1.9521048704730433,-1.7949240843402308,-2.0133383909808558,-0.9042733351336878,1.5708465576171875,0.38567033410072327,1
819,1788174258.6325235,-0.2863894185873144,-0.4210410312086434,0.029454260350964268,1.1739009068760768,2.9139355073046715,0.00013723282988047387,-1.9521167914019983,-1.800178352986471,-2.0168994108783167,-0.8953984419452112,1.5708825588226318,0.3846142292022705,1
820,1788174258.671531,-0.28641629066411933,-0.4210289864239263,0.026329637658857125,1.172423625902434,2.9145558422128275,-5.1630289953550155e-05,-1.9521649519549769,-1.805277172719137,-2.0204480330096644,-0.8866308371173304,1.5708585977554321,0.3835461437702179,1
821,1788174258.7111583,-0.2863977111618572,-0.4210304448894961,0.023086238937601283,1.1705353459887544,2.9153147478504517,-3.521220045221063e-05,-1.9521291891681116,-1.810650650654928,-2.024008576069967,-0.8777073065387171,1.5708585977554321,0.38228631019592285,1
822,1788174258.7512152,-0.28635837853437235,-0.42094152831655585,0.01986849568207738,1.1690520213643731,2.9159228392481693,0.00035946345594571973,-1.9521167914019983,-1.81594163576235,-2.0275452772723597,-0.8691309134112757,1.5708465576171875,0.3812781274318695,1
823,1788174258.7928007,-0.28637282572385314,-0.4209597635673782,0.016649094583981283,1.1676259792448513,2.9164682632821073,0.000284500765550586,-1.9521411100970667,-1.8214600721942347,-2.0309022108661097,-0.8602078596698206,1.5708705186843872,0.380281925201416,1
824,1788174258.8330433,-0.28636703040724215,-0.4209465404550522,0.01344622235249529,1.1655697289079443,2.917316232466624,0.0003780930017014297,-1.9521291891681116,-1.8269661108600062,-2.0342114607440394,-0.8514521757708948,1.5708465576171875,0.3788779079914093,1
825,1788174258.8755484,-0.28634617477372715,-0.4209184770446548,0.009814175277961634,1.163935891086331,2.917955059108992,0.0006049609316181651,-1.9521167914019983,-1.833276096974508,-2.037879769002096,-0.8416183630572718,1.5708585977554321,0.3777734935283661,1
826,1788174258.9173179,-0.28635044990508995,-0.4209113455456228,0.007228623450311195,1.16298219548363,2.9183094580682214,0.0005441736772657076,-1.9521411100970667,-1.837823216115133,-2.040480915700094,-0.8344314734088343,1.5708825588226318,0.3771016299724579,1
827,1788174258.9589865,-0.2863902991850906,-0.42098125698118266,0.005571979791974102,1.1625099936044367,2.9185499837691093,0.00010242018625374384,-1.9521411100970667,-1.840846363698141,-2.0420878569232386,-0.8295200506793421,1.5708345174789429,0.3767656981945038,1
828,1788174258.998438,-0.286395955531476,-0.42102606632187645,0.004481693408179804,1.162483733594802,2.918534662686786,1.4700708586349887e-05,-1.9521291891681116,-1.8428614775287073,-2.0430710951434534,-0.8264659086810511,1.5708585977554321,0.3767656981945038,1
829,1788174259.0384648,-0.28637089404306226,-0.4210193058444086,0.004208988196305025,1.1623913421928254,2.9185583575964644,0.00018542931806451155,-1.9520929495440882,-1.8433416525470179,-2.0433104673968714,-0.8258550802813929,1.5708705186843872,0.3767417073249817,1
830,1788174259.0786712,-0.286396311722773,-0.42103426755529416,0.004292051224137061,1.1624618586123407,2.918530602575569,-2.2792522838543223e-05,-1.9521291891681116,-1.8432095686541956,-2.043250385914938,-0.8259146849261683,1.5708705186843872,0.37675371766090393,1
831,1788174259.1188552,-0.28640442759521173,-0.4210398098073916,0.0042954360946770576,1.162505719366244,2.918539010669082,-7.888059551686487e-05,-1.9521291891681116,-1.8432095686541956,-2.043250385914938,-0.825878922139303,1.5708465576171875,0.37677767872810364,1
832,1788174259.157126,-0.28640743304616756,-0.4210620043619784,0.00433285320281146,1.1624969154693543,2.9185169236554422,-0.00021003975518061425,-1.9521291891681116,-1.8431618849383753,-2.0432146231280726,-0.825878922139303,1.5708705186843872,0.37677767872810364,1
833,1788174259.1957974,-0.28640109167689337,-0.4210314899592713,0.004288248424657054,1.1625056712834698,2.9185388835491715,1.5493426700639593e-05,-1.9521291891681116,-1.8432214895831507,-2.043238941823141,-0.8259385267840784,1.5708465576171875,0.37677767872810364,1
834,1788174259.237313,-0.28639070542180406,-0.42103685448689715,0.004272662965446428,1.162443756777972,2.9185377808917083,-2.5689533651106424e-06,-1.9521167914019983,-1.843245808278219,-2.043262783681051,-0.825878922139303,1.5708705186843872,0.37675371766090393,1
835,1788174259.2791584,-0.28639261569401264,-0.4210324355982327,0.0042740267887206584,1.16242236571806,2.918533282781897,3.4085994336726085e-05,-1.9521291891681116,-1.843245808278219,-2.043250385914938,-0.8259146849261683,1.5708825588226318,0.37672972679138184,1
836,1788174259.3206036,-0.2863973245599229,-0.42103679359174223,0.00429317959531289,1.1624093761641043,2.918551535674844,-4.151948162222642e-05,-1.9521291891681116,-1.8432095686541956,-2.043250385914938,-0.8259027639972132,1.5708705186843872,0.376717746257782,1
837,1788174259.3629587,-0.2863905636096106,-0.42099668802775814,0.004278822246795266,1.1624836365480868,2.9185346704251844,3.417346794528419e-05,-1.9521411100970667,-1.8431738058673304,-2.0433343092547815,-0.8259027639972132,1.5708585977554321,0.37675371766090393,1
838,1788174259.403877,-0.2863218163352305,-0.4206953754378285,0.00421849957719847,1.162229704983592,2.9186093349532833,0.00041080324784676444,-1.9522493521319788,-1.8427775541888636,-2.044018093739645,-0.8258550802813929,1.5708825588226318,0.3764776885509491,1
839,1788174259.4461253,-0.2862794062122727,-0.42016813082695254,0.004241767864266832,1.1619798970862505,2.9187474404832043,0.0004101684504969723,-1.9525488058673304,-1.8418176809894007,-2.045276943837301,-0.8255556265460413,1.5708465576171875,0.37599796056747437,1
840,1788174259.4861574,-0.2862851247183401,-0.4196077449549486,0.004245736470310152,1.1620134067235628,2.9187341640668487,0.00033373700000226535,-1.9529803434955042,-1.8408821264850062,-2.0465834776507776,-0.8251360098468226,1.5708465576171875,0.37558937072753906,1
841,1788174259.5274045,-0.2861929491972772,-0.4190354150114917,0.004304540702162435,1.1621841546888598,2.91865405153007,-2.4366146871959913e-05,-1.9532440344439905,-1.839670483266012,-2.0481417814837855,-0.8245614210711878,1.5708585977554321,0.37544554471969604,1
842,1788174259.5680892,-0.2861011315552872,-0.4184488772759975,0.0043555949181366405,1.1623543033499868,2.918574215002588,-0.0003255512936476066,-1.953519646321432,-1.838459316884176,-2.0497124830829065,-0.824010197316305,1.5708705186843872,0.3752893805503845,1
843,1788174259.6108277,-0.2860100617262736,-0.4179773047858478,0.004304688887424107,1.1624983584398407,2.918528875093371,-5.675290385801084e-06,-1.9536994139300745,-1.8377273718463343,-2.0508397261248987,-0.8238185087787073,1.5708585977554321,0.37520548701286316,1
844,1788174259.6511767,-0.2860204623687833,-0.4180041933583036,0.004270521461408522,1.1625597643963121,2.9185300871318467,8.88459735654004e-05,-1.9536874930011194,-1.8378589789019983,-2.050755802785055,-0.8238309065448206,1.5708345174789429,0.37525343894958496,1
845,1788174259.6917646,-0.28601735917033866,-0.41799428318144916,0.004284987898902498,1.1625593292133702,2.9184786465864767,5.110460778923601e-05,-1.9537113348590296,-1.837811295186178,-2.050779644642965,-0.8238309065448206,1.5708825588226318,0.3752414584159851,1
846,1788174259.7315316,-0.28602758558127045,-0.4179903165671439,0.004270730305257986,1.1625770560039743,2.918523148224062,0.0001075698734986589,-1.9537113348590296,-1.8378470579730433,-2.05076772371401,-0.8238428274737757,1.5708345174789429,0.3752414584159851,1
847,1788174259.772032,-0.2860179050182376,-0.41797364018866984,0.004265232154802123,1.1625725835959406,2.9185119176631975,0.00012697080803959515,-1.9537113348590296,-1.837823216115133,-2.0508158842669886,-0.8238309065448206,1.5708465576171875,0.3752414584159851,1
848,1788174259.8141832,-0.28602928610972145,-0.4179619137178638,0.00426410423024165,1.162655263365293,2.9184659703052493,0.00014562201775114884,-1.9537470976458948,-1.837823216115133,-2.0508158842669886,-0.8238428274737757,1.5708585977554321,0.3752654194831848,1
849,1788174259.8570995,-0.2860432267159861,-0.41795583728361485,0.0042546142810794,1.1626512431971974,2.918454738315728,0.00014479629238480662,-1.9537833372699183,-1.8378470579730433,-2.0508158842669886,-0.8238185087787073,1.5708705186843872,0.37522944808006287,1
850,1788174259.89893,-0.2860680146358054,-0.4179469731111879,0.004261430426572732,1.1627077515731867,2.9184450529829458,0.00014561552899014567,-1.9538310209857386,-1.8378470579730433,-2.0507920424090784,-0.8238428274737757,1.5708585977554321,0.375217467546463,1
851,1788174259.9386845,-0.2860493888084787,-0.4179627108546784,0.004268454738202171,1.1624718637601412,2.918513326783387,0.00010801221696871335,-1.9537952581988733,-1.8378351370440882,-2.0507920424090784,-0.8238309065448206,1.5708825588226318,0.3750976324081421,1
852,1788174259.9802697,-0.2860628499451979,-0.4179499306987472,0.004273429467500006,1.1623751258779615,2.9185777495346974,6.995718968497975e-05,-1.9538191000567835,-1.837811295186178,-2.0508158842669886,-0.8238065878497522,1.5708585977554321,0.3750014007091522,1
853,1788174260.0189235,-0.2860565082328917,-0.41797924230453526,0.004275289431357854,1.1623400348311026,2.918540248357122,3.145719026516176e-05,-1.9538071791278284,-1.8378470579730433,-2.05076772371401,-0.8237946669207972,1.5709065198898315,0.3750014007091522,1
854,1788174260.0609276,-0.2860632329249716,-0.4179423879217751,0.004271128204875657,1.1624055592758433,2.9185526910347606,0.0001080803250081155,-1.9538310209857386,-1.837811295186178,-2.0508158842669886,-0.8238309065448206,1.5708705186843872,0.3750133812427521,1
855,1788174260.1028306,-0.2860532214736398,-0.417956447052709,0.004250531463757978,1.162278801346741,2.9185900524101056,0.00016492464232707496,-1.9538071791278284,-1.8378713766681116,-2.0507920424090784,-0.8238309065448206,1.5708825588226318,0.3749534487724304,1
856,1788174260.1429174,-0.28606022821754795,-0.417942285692299,0.004248718794259254,1.1622786278571215,2.918590123042867,0.00016342341741727425,-1.9538310209857386,-1.8378589789019983,-2.0508158842669886,-0.8238185087787073,1.5708825588226318,0.3749294877052307,1
857,1788174260.181397,-0.2860803852034316,-0.4179381380608132,0.004269973407382749,1.1623449692998715,2.91860261186594,0.00010747928862489104,-1.953855339680807,-1.837823216115133,-2.0508034865008753,-0.8238309065448206,1.5708465576171875,0.37494146823883057,1
858,1788174260.2209818,-0.2860655256969394,-0.41794807808838497,0.0042758695305881445,1.1623356012670696,2.918580605765667,8.860378032818048e-05,-1.9538310209857386,-1.837811295186178,-2.0508034865008753,-0.8238309065448206,1.5708705186843872,0.3749654293060303,1
859,1788174260.261367,-0.286067263909577,-0.4179523919580834,0.004274350356049422,1.1622656674295377,2.9186084526445213,8.93499698567739e-05,-1.9538310209857386,-1.837823216115133,-2.0507920424090784,-0.8238309065448206,1.5708705186843872,0.37491750717163086,1
860,1788174260.3023863,-0.286058049922154,-0.4179537933853571,0.004261430426572732,1.1622352320903866,2.918633246528117,0.00014560194583875422,-1.9538071791278284,-1.8378470579730433,-2.0507920424090784,-0.8238428274737757,1.5708585977554321,0.37491750717163086,1
861,1788174260.3434262,-0.2860602713148003,-0.4179665892017878,0.004274369149029816,1.162160916318379,2.9186502213032353,6.912582385821315e-05,-1.9538071791278284,-1.8378351370440882,-2.050779644642965,-0.8238185087787073,1.5708705186843872,0.37486955523490906,1
862,1788174260.384833,-0.28607186325065487,-0.417956524545002,0.004276651684859717,1.1623050796818564,2.9186056962840197,5.122883720507824e-05,-1.9538310209857386,-1.837823216115133,-2.0507920424090784,-0.8238065878497522,1.5708585977554321,0.37494146823883057,1
863,1788174260.4262877,-0.2860635570570548,-0.4179589678618398,0.00427796357708099,1.1622132615731182,2.9186293232131177,8.860027087182569e-05,-1.9538191000567835,-1.837823216115133,-2.050779644642965,-0.8238428274737757,1.5708705186843872,0.37489351630210876,1
864,1788174260.4670722,-0.2860699830089818,-0.41793608323476616,0.004259336611730502,1.1623398707527561,2.9185915759791956,0.00014560195118239097,-1.9538429419146937,-1.8378351370440882,-2.0508158842669886,-0.8238309065448206,1.5708585977554321,0.3749534487724304,1
865,1788174260.5078104,-0.2860697428673213,-0.41794390740215365,0.004278196890628833,1.162309516429824,2.9186168367471605,7.003046138084941e-05,-1.9538310209857386,-1.837799374257223,-2.0508158842669886,-0.8238185087787073,1.5708465576171875,0.37494146823883057,1
866,1788174260.5473568,-0.28606186736527345,-0.4179452153712425,0.004274742142958865,1.1622347192404123,2.918581974557742,0.00010709187556116218,-1.9538429419146937,-1.837811295186178,-2.0508034865008753,-0.8238428274737757,1.5709065198898315,0.37489351630210876,1
867,1788174260.5881436,-0.2860706476008035,-0.4179681443592327,0.004290720485117805,1.162296250223113,2.918583527859457,1.2877792992021144e-05,-1.9538310209857386,-1.837811295186178,-2.05076772371401,-0.8238185087787073,1.5708825588226318,0.37494146823883057,1
868,1788174260.627477,-0.28606352732640317,-0.41795267757305216,0.004267325944249889,1.1623490583824514,2.9186138923302005,0.00012703333203816652,-1.9538071791278284,-1.8378351370440882,-2.0507920424090784,-0.8238428274737757,1.5708345174789429,0.37498939037323,1
869,1788174260.6673641,-0.28607493310778326,-0.41793924399413973,0.00426407797687417,1.1623710540822885,2.9185663803309763,0.00012605186256450397,-1.953855339680807,-1.8378351370440882,-2.0508034865008753,-0.8238309065448206,1.5708705186843872,0.3749654293060303,1
870,1788174260.7060244,-0.28606629691952906,-0.4179511306161025,0.004271146679240362,1.1622571363400707,2.918637645342306,8.800588487522185e-05,-1.9538191000567835,-1.837823216115133,-2.0508034865008753,-0.8238185087787073,1.5708465576171875,0.37491750717163086,1
871,1788174260.7458634,-0.2860706603948502,-0.4179377643029016,0.0042677624911970635,1.1623049053882153,2.918605503866588,0.00014410278770821277,-1.9538429419146937,-1.837823216115133,-2.0508034865008753,-0.8238542715655726,1.5708585977554321,0.3749294877052307,1
872,1788174260.7849426,-0.2860711620916665,-0.4179609274985488,0.004275497831974812,1.1623616506361798,2.9185445466541893,5.025304782073221e-05,-1.9538429419146937,-1.8378351370440882,-2.050779644642965,-0.8238065878497522,1.570894479751587,0.3749774098396301,1
873,1788174260.8259807,-0.2860656470100497,-0.4179337423658656,0.0042441595856929915,1.1623443773138857,2.9186026386074784,0.00018238078440070064,-1.9538310209857386,-1.8378589789019983,-2.0508278051959437,-0.8238185087787073,1.5708465576171875,0.3749654293060303,1
874,1788174260.8649473,-0.2860774415697495,-0.41795459314094013,0.004284987492722575,1.1623574422683405,2.9185848430821255,5.12294287506439e-05,-1.9538429419146937,-1.837811295186178,-2.050779644642965,-0.8238309065448206,1.5708585977554321,0.3749654293060303,1
875,1788174260.9066875,-0.2860870391241949,-0.4179535116074515,0.004270729606551726,1.1623535541660837,2.918573561375359,5.040176394350222e-05,-1.953867260609762,-1.8378470579730433,-2.050779644642965,-0.8237946669207972,1.5708705186843872,0.37494146823883057,1
876,1788174260.9473362,-0.28607674747906614,-0.41794374655732847,0.0042770428361876,1.162388590105301,2.918559556280982,6.912931462773147e-05,-1.953855339680807,-1.837811295186178,-2.0508034865008753,-0.8238185087787073,1.5708705186843872,0.3749774098396301,1
877,1788174260.9880846,-0.2860638437485391,-0.4179585406499552,0.004283859939553242,1.1623267540538895,2.9185583903457215,6.972663991262674e-05,-1.9538310209857386,-1.837811295186178,-2.050779644642965,-0.8238428274737757,1.570894479751587,0.3749654293060303,1
878,1788174261.027416,-0.28606371748473963,-0.4179593660225192,0.0042814195444354775,1.162353206129531,2.9185736995695657,5.115636326598583e-05,-1.9538191000567835,-1.837811295186178,-2.0507920424090784,-0.8238185087787073,1.5708705186843872,0.37498939037323,1
879,1788174261.0675776,-0.2860713663181137,-0.4179377469745721,0.004262950116879161,1.1623141329720783,2.9185760352726366,0.00014469708075578067,-1.953855339680807,-1.8378351370440882,-2.0508034865008753,-0.8238428274737757,1.5708825588226318,0.3749294877052307,1
880,1788174261.1060405,-0.28608504685068903,-0.41795875798221677,0.004278927759685608,1.1624188451833795,2.9185863103983842,5.063473423100572e-05,-1.9538429419146937,-1.8378351370440882,-2.05076772371401,-0.8238185087787073,1.5708345174789429,0.3750014007091522,1
881,1788174261.1466808,-0.2860593537347417,-0.4179558907870038,0.004268454738202171,1.162313733201337,2.9185763009636085,0.00010800161576536085,-1.9538191000567835,-1.8378351370440882,-2.0507920424090784,-0.8238309065448206,1.5708825588226318,0.3749654293060303,0
882,1788174261.1845224,-0.2860797461875667,-0.41793655227220033,0.004274741044903524,1.1624149024053656,2.918574761528239,0.00010748119277851817,-1.953855339680807,-1.837811295186178,-2.0508034865008753,-0.8238428274737757,1.5708465576171875,0.37498939037323,0
883,1788174261.2231977,-0.28607592473457605,-0.4179434742217869,0.004267326065775318,1.162396792340218,2.918581920281282,0.00012695556934905563,-1.9538429419146937,-1.8378351370440882,-2.0507920424090784,-0.8238428274737757,1.5708465576171875,0.37498939037323,0
884,1788174261.2644086,-0.2860682599041497,-0.4179464433689803,0.004265251435473932,1.1623834924925938,2.9185485227782597,0.00010650365038922984,-1.9538429419146937,-1.8378351370440882,-2.0508034865008753,-0.8238185087787073,1.5708825588226318,0.37498939037323,0
885,1788174261.3071072,-0.28605575037909037,-0.41794580945641496,0.00425705492781725,1.1623222142636427,2.918546976021491,0.00016327276417671445,-1.9538310209857386,-1.8378470579730433,-2.0508034865008753,-0.8238428274737757,1.5709065198898315,0.3749654293060303,0
886,1788174261.3494656,-0.28607961726959646,-0.4179452833937951,0.004254143838084173,1.1623487606907648,2.9186139020522353,0.0001644810942992917,-1.9538429419146937,-1.8378713766681116,-2.050779644642965,-0.8238428274737757,1.5708345174789429,0.3749534487724304,0
887,1788174261.3913782,-0.28607986062284413,-0.4179430521205138,0.004274350576533692,1.1624189956542252,2.9185344299169467,8.927528850958496e-05,-1.953867260609762,-1.837823216115133,-2.0507920424090784,-0.8238309065448206,1.5708825588226318,0.37498939037323,0
888,1788174261.4324584,-0.28606349317632335,-0.4179441720895628,0.004243714724953801,1.1622920312758653,2.9186235351565597,0.00016440440952813216,-1.9538191000567835,-1.8378713766681116,-2.0508158842669886,-0.8238065878497522,1.5708465576171875,0.37494146823883057,0
889,1788174261.4742846,-0.28608304453920136,-0.417952091860785,0.0042777799275596495,1.1623580684098926,2.918584645560693,3.250340646095841e-05,-1.953855339680807,-1.837823216115133,-2.0507920424090784,-0.8237946669207972,1.5708585977554321,0.3749534487724304,0
890,1788174261.5137944,-0.28607717543250916,-0.4179448085711859,0.004254144299926266,1.1623710183309537,2.918566286740244,0.00016425035620541443,-1.953855339680807,-1.8378713766681116,-2.050779644642965,-0.8238428274737757,1.5708705186843872,0.3749654293060303,0
891,1788174261.5551946,-0.2860651072793966,-0.4179555331091063,0.004263731742519955,1.1623051145254404,2.9186055259917967,0.00010740448643225078,-1.9538191000567835,-1.8378470579730433,-2.0507920424090784,-0.8238185087787073,1.5708585977554321,0.3749534487724304,0
892,1788174261.5958357,-0.2860780254895534,-0.4179469180818384,0.004267507540765297,1.1623885901062356,2.9185595562806097,6.912931228284174e-05,-1.953855339680807,-1.8378351370440882,-2.0508034865008753,-0.8237946669207972,1.5708705186843872,0.3749774098396301,0
893,1788174261.6371562,-0.2860749806193175,-0.41793094226796695,0.004242587271462678,1.1624189087858983,2.9185342009020094,0.00018289869290918708,-1.953867260609762,-1.8378713766681116,-2.0508158842669886,-0.8238185087787073,1.5708825588226318,0.37498939037323,0
894,1788174261.6802678,-0.28607174398926716,-0.41794151894844883,0.004269998407673725,1.1623664208065432,2.918607135134164,7.010833638267944e-05,-1.9538310209857386,-1.837811295186178,-2.0508278051959437,-0.8237946669207972,1.5708345174789429,0.3749774098396301,0
895,1788174261.720208,-0.28607606189975643,-0.41793476366801036,0.004257053984382891,1.1623754288677173,2.9185773637532693,0.000163577760809675,-1.953855339680807,-1.8378470579730433,-2.0508034865008753,-0.8238428274737757,1.5708585977554321,0.3749654293060303,0
896,1788174261.7606308,-0.28607994806376036,-0.4179461043254793,0.004275685644309635,1.1623139188005744,2.918628147445922,3.265660373091811e-05,-1.9538429419146937,-1.837811295186178,-2.0508158842669886,-0.8237827459918421,1.5708345174789429,0.3749294877052307,0
897,1788174261.8018057,-0.2860677782939862,-0.4179306117947668,0.004254777857065017,1.162392303039234,2.918570643184662,0.0001643285400906868,-1.9538429419146937,-1.8378351370440882,-2.0508278051959437,-0.8238309065448206,1.5708585977554321,0.37498939037323,0
898,1788174261.8429625,-0.28608243960498414,-0.4179348164508648,0.004264077791178544,1.1624278263064813,2.918556601228903,0.0001261287089819564,-1.953867260609762,-1.8378351370440882,-2.0508034865008753,-0.8238309065448206,1.5708585977554321,0.37498939037323,0
899,1788174261.8842545,-0.2860823178210501,-0.4179271600946411,0.0042534407714816536,1.1624497712279895,2.9185607136382212,0.00016440487012481028,-1.953867260609762,-1.8378470579730433,-2.0508158842669886,-0.8238309065448206,1.5708465576171875,0.3750014007091522,0
900,1788174261.9248412,-0.28607394314217105,-0.4179531928675461,0.004270755966037931,1.1623879807544917,2.9185597974609214,6.987972998066917e-05,-1.9538429419146937,-1.8378351370440882,-2.0507920424090784,-0.8238065878497522,1.5708705186843872,0.37498939037323,0
901,1788174261.9666822,-0.2860847490656359,-0.4179416131040915,0.0042829382030386,1.162401927207665,2.918593047821654,5.0633640722814995e-05,-1.953855339680807,-1.837799374257223,-2.0508034865008753,-0.8238185087787073,1.5708345174789429,0.3749774098396301,0
902,1788174262.0060997,-0.2860856858502669,-0.41796034378712305,0.0042741599677793285,1.1623488686276942,2.9186141789592805,5.063329435744527e-05,-1.9538429419146937,-1.8378470579730433,-2.05076772371401,-0.8238065878497522,1.5708345174789429,0.3749534487724304,0
903,1788174262.0494561,-0.2860781354015683,-0.41793141679376955,0.00442295454197536,1.162440837964947,2.918538272212504,0.0002376527881124971,-1.953867260609762,-1.8375590483294886,-2.0506117979632776,-0.8243697325335901,1.5708705186843872,0.3750014007091522,0
904,1788174262.0881617,-0.2860881159058148,-0.4179810836342841,0.005462037293129635,1.1623924837469315,2.9185711132920127,-3.040964817020798e-05,-1.9538429419146937,-1.8357356230365198,-2.0495932737933558,-0.827040974293844,1.5708585977554321,0.37498939037323,0
905,1788174262.1285543,-0.2860802751800352,-0.417992037937379,0.00724557493072614,1.162401408086513,2.91854230587628,-0.0002297893180852718,-1.9538310209857386,-1.8325207869159144,-2.0479143301593226,-0.8318079153644007,1.5708825588226318,0.3750133812427521,0
906,1788174262.166711,-0.28610585799963445,-0.41798557564198263,0.009838543511138026,1.1623977907972174,2.918582944412813,-0.00039434762164086793,-1.953867260609762,-1.8279021422015589,-2.045384709035055,-0.838851277028219,1.5708465576171875,0.3749654293060303,0
907,1788174262.20713,-0.2861410261489399,-0.4180802004412359,0.013162556334887998,1.1623587544098173,2.918586694961919,-0.0008453181649871934,-1.953867260609762,-1.8221800963031214,-2.0419438521014612,-0.847727123891012,1.5708585977554321,0.37494146823883057,0
908,1788174262.2465713,-0.28610659299615426,-0.41797099341314914,0.01627932292042647,1.1623805748953515,2.918588781518143,-1.7603979285669436e-05,-1.9538796583758753,-1.8166974226581019,-2.038646999989645,-0.8570335547076624,1.5708465576171875,0.37494146823883057,0
909,1788174262.2862492,-0.28610140253380856,-0.41800493079672046,0.019503643149181654,1.1623889225105575,2.9185604277652883,-0.0002986249688513849,-1.953855339680807,-1.811167065297262,-2.035302464162008,-0.8657296339618128,1.5708705186843872,0.3749774098396301,0
910,1788174262.3271406,-0.28608754115667095,-0.4179474760707069,0.022674593179895675,1.1623928698603627,2.9185705522618792,0.00011564162728630675,-1.953867260609762,-1.8057563940631312,-2.0318616072284144,-0.8748448530780237,1.5708585977554321,0.3749654293060303,0
911,1788174262.368673,-0.2860851902028593,-0.4179664683175057,0.02588786485126282,1.162344579828026,2.9186034212676057,-0.0001284534737838857,-1.9538429419146937,-1.8003581205951136,-2.0284207502948206,-0.8835285345660608,1.5708465576171875,0.3749534487724304,0
912,1788174262.4089522,-0.28607576091087616,-0.41792666235329085,0.02908963216252139,1.1623798735499926,2.9185885257982775,0.0001733918686012975,-1.953855339680807,-1.795044247304098,-2.0248234907733362,-0.8926318327533167,1.5708465576171875,0.3749654293060303,0
913,1788174262.4507432,-0.2860749457770371,-0.4179246395066638,0.03230957487034891,1.1623974991211463,2.918581930767123,2.209517962835771e-05,-1.953855339680807,-1.7897537390338343,-2.0212510267840784,-0.9013984839068812,1.5708465576171875,0.3749774098396301,0
914,1788174262.4904623,-0.2860733688793094,-0.4179591222923494,0.03615032463118992,1.1623312259596483,2.918569892342648,-9.347841493470274e-05,-1.9538429419146937,-1.7836115995990198,-2.016791645680563,-0.911926571522848,1.5708825588226318,0.3749534487724304,0
915,1788174262.5308022,-0.28605870468732963,-0.4178916898046219,0.039326343056824364,1.1623752609594036,2.918576927341805,0.0003395910632244244,-1.953855339680807,-1.778525177632467,-2.013038937245504,-0.9210413138019007,1.5708585977554321,0.3749654293060303,0
916,1788174262.5722237,-0.28611042464384223,-0.4179895537211507,0.04261198686530679,1.162402198376826,2.9185940018441565,-0.00033884654623356924,-1.953867260609762,-1.7734745184527796,-2.009129826222555,-0.9295690695392054,1.5708345174789429,0.3749654293060303,0
917,1788174262.6140652,-0.2860739952448747,-0.4179460403756409,0.04571869612415602,1.1623572413008283,2.9185843205126143,0.00026469240437406474,-1.9538429419146937,-1.7686880270587366,-2.0052340666400355,-0.9386356512652796,1.5708585977554321,0.3749654293060303,0
918,1788174262.6549726,-0.2860906395723069,-0.41798734659216386,0.048971347304871016,1.1623401257567414,2.918592239471535,-0.00013002749567756172,-1.9538429419146937,-1.7637456099139612,-2.001289669667379,-0.9472711722003382,1.5708585977554321,0.3749534487724304,0
919,1788174262.6960585,-0.2860950708922246,-0.41795703705172094,0.05217141177930898,1.1624066577192165,2.9185525498849043,9.690865893788883e-07,-1.9538796583758753,-1.758923355733053,-1.9972851912127894,-0.9561813513385218,1.5708705186843872,0.3749654293060303,0
920,1788174262.7370307,-0.2860991423533541,-0.41795250509374793,0.05533235826549163,1.1623805384502683,2.9185886873575946,2.1343806342440286e-05,-1.9538796583758753,-1.754244629536764,-1.9932692686664026,-0.964888874684469,1.5708465576171875,0.37494146823883057,0
921,1788174262.7786553,-0.2861067904850986,-0.417989029748358,0.05859861276829803,1.16240671258178,2.918605078345932,-0.0003559985166243205,-1.953855339680807,-1.749470059071676,-1.9891446272479456,-0.9735477606402796,1.5708225965499878,0.3749774098396301,0
922,1788174262.8191125,-0.28606406163387493,-0.4179122651962615,0.06232750251830743,1.1623883548869773,2.918558940604776,0.0003192919766451172,-1.953855339680807,-1.7440841833697718,-1.9841817061053675,-0.9843266646014612,1.5708705186843872,0.3749774098396301,0
923,1788174262.8612404,-0.28609334131533726,-0.41796915062103335,0.06556358108881577,1.1623886543029343,2.9185599870281678,-9.564993198753205e-05,-1.953867260609762,-1.7395613829242151,-1.9799016157733362,-0.9928653875934046,1.5708705186843872,0.3749654293060303,0
924,1788174262.9033117,-0.286098127361629,-0.4179663918352683,0.06882054723680728,1.1623801074883728,2.9185893896145605,-0.00017114720767412873,-1.953867260609762,-1.7350152174579065,-1.975549046193258,-1.0017159620868128,1.5708465576171875,0.3749534487724304,0
925,1788174262.9468265,-0.2861085824251392,-0.4179832839445796,0.07202708703743979,1.1624288946664236,2.9185575549008247,-0.00037869391686702603,-1.9538796583758753,-1.7306245009051722,-1.9712093512164515,-1.0103142897235315,1.5708585977554321,0.3749774098396301,0
926,1788174262.989136,-0.2860892790068201,-0.417974844891433,0.07589795128491311,1.162371414093523,2.9185673239284458,-0.0002694150249531368,-1.953855339680807,-1.7254064718829554,-1.9658382574664515,-1.020973030720846,1.5708705186843872,0.3749654293060303,0
927,1788174263.0304601,-0.2861040481954895,-0.41799686035414857,0.07904876484498091,1.162397931933079,2.918583050009601,-0.00045726240168353523,-1.953855339680807,-1.7212556044207972,-1.9614265600787562,-1.0294159094439905,1.5708465576171875,0.3749774098396301,0
928,1788174263.0709226,-0.28608614046591346,-0.41796591700062125,0.08219125042083847,1.1623972909614075,2.918530819016796,-0.00011901933820805558,-1.953867260609762,-1.7171767393695276,-1.9568827787982386,-1.0382540861712855,1.570894479751587,0.3749774098396301,0
929,1788174263.1125698,-0.2860745770611515,-0.41792372446824255,0.08539835507603125,1.1623625230081003,2.9185958312267917,3.258017794926504e-05,-1.953855339680807,-1.7130144278155726,-1.9523032347308558,-1.0470922628985804,1.5708465576171875,0.3749534487724304,0
930,1788174263.1527226,-0.2861050340942878,-0.4179908852030546,0.08858985096607977,1.162410755345899,2.9185646368634446,-0.00032551477829944686,-1.953867260609762,-1.7090795675860804,-1.9476154486285608,-1.0554869810687464,1.5708585977554321,0.3749774098396301,0
931,1788174263.1932497,-0.2860989620132451,-0.41800906817851213,0.09181975798759451,1.1624017573452747,2.9185940304207008,-0.0002864144795813511,-1.9538310209857386,-1.7051213423358362,-1.9427960554706019,-1.064289395009176,1.5708345174789429,0.3750014007091522,0
932,1788174263.234412,-0.2861109494619474,-0.41798801736777463,0.09503361396954571,1.162419907742357,2.918535252227488,-0.00034364274448297615,-1.9538915793048304,-1.701186482106344,-1.9380362669574183,-1.0729478041278284,1.5708825588226318,0.3749654293060303,0
933,1788174263.273092,-0.2860816164762801,-0.4179631838252306,0.09822272380589256,1.1623493233599034,2.9185627017651834,-9.947115312347772e-05,-1.953855339680807,-1.697359863911764,-1.933192555104391,-1.08177358308901,1.5708825588226318,0.3749534487724304,0
934,1788174263.3125424,-0.2861103154929751,-0.4180095005644281,0.10142944033279475,1.1623981486151156,2.9185312386566395,-0.0004013884827954593,-1.9538796583758753,-1.6936529318438929,-1.928277317677633,-1.090203587208883,1.570894479751587,0.3749654293060303,0
935,1788174263.3553011,-0.28608687939341426,-0.41794583384344314,0.10459377248136525,1.1623754644621405,2.918577717201443,3.250282478004053e-05,-1.9538429419146937,-1.689190689717428,-1.9223912397967737,-1.1008613745318812,1.570894479751587,0.3749534487724304,0
936,1788174263.3969595,-0.2860713672809768,-0.41790557193164846,0.10843983003353458,1.1624019144096285,2.9185406044769016,0.0003094750192632218,-1.9538796583758753,-1.6856158415423792,-1.9172957579242151,-1.1096747557269495,1.5708825588226318,0.3749654293060303,0
937,1788174263.438976,-0.2860937458081751,-0.4179712938216331,0.11163717023392838,1.1624149933545072,2.9185749964882253,1.0111718513119816e-05,-1.953855339680807,-1.6821611563311976,-1.9121888319598597,-1.1180456320392054,1.5708465576171875,0.37498939037323,0
938,1788174263.479628,-0.28607026456234297,-0.41791188504596577,0.11480469626683909,1.1624057223952453,2.918551937853509,0.0003485018799300686,-1.953867260609762,-1.6786826292621058,-1.9071057478534144,-1.1268227736102503,1.5708705186843872,0.3749774098396301,0
939,1788174263.5212424,-0.28610688796253286,-0.41794859734706835,0.11806073811622878,1.1624723847937817,2.9185652533662507,-4.598792880389936e-05,-1.9538915793048304,-1.675239388142721,-1.9018786589251917,-1.1352418104754847,1.5708345174789429,0.37498939037323,0
940,1788174263.5640218,-0.2860750079815985,-0.4178926171431181,0.12181333181734982,1.1623976198037826,2.918580687245444,0.000439283829344121,-1.9538796583758753,-1.6713293234454554,-1.8956564108477991,-1.1456831137286585,1.5708465576171875,0.3749534487724304,0
941,1788174263.6049342,-0.28608402529676513,-0.4179618072013588,0.12504167924627413,1.1623537514265125,2.9185738156572167,-6.943527653224026e-05,-1.953855339680807,-1.6680663267718714,-1.8903692404376429,-1.1539095083819788,1.5708705186843872,0.3749534487724304,0
942,1788174263.6469262,-0.28605869052603716,-0.4179007040278351,0.12822266108600333,1.1624496542904423,2.918560411598587,0.0002887401128940838,-1.9538429419146937,-1.664851490651266,-1.8850348631488245,-1.1626866499530237,1.5708465576171875,0.3750257194042206,0
943,1788174263.6890993,-0.2860525203283949,-0.4178836241311174,0.1314490861775857,1.162388277249299,2.9185587375647617,0.00040018287987770456,-1.953855339680807,-1.6617086569415491,-1.8795555273639124,-1.171379868184225,1.5708705186843872,0.3749774098396301,0
944,1788174263.730339,-0.2860820378833287,-0.41792646535053624,0.13463684734183726,1.162414714204703,2.9185745348067904,0.00021383763783430225,-1.953867260609762,-1.658746067677633,-1.8740533033954065,-1.1797259489642542,1.5708465576171875,0.3749774098396301,0
945,1788174263.7725215,-0.28607685324450893,-0.41790624538933957,0.1384844869521466,1.162419026412718,2.9185853577955716,0.0003599696883035515,-1.953867260609762,-1.655170742665426,-1.86737567583193,-1.1900718847857874,1.5708345174789429,0.3749774098396301,0
946,1788174263.8116357,-0.2860688077081123,-0.4179313974251958,0.1416829246669811,1.162384004874495,2.9185480260100722,0.00020986222529280698,-1.953855339680807,-1.6522801558123987,-1.8618009726153772,-1.1984418074237269,1.5708825588226318,0.3749774098396301,0
947,1788174263.8518162,-0.2860544498830116,-0.4178653591684822,0.14488928534195908,1.1623575415836758,2.918583537213493,0.0004908857633088528,-1.953867260609762,-1.6493766943561,-1.856166187916891,-1.2071588675128382,1.5708585977554321,0.37494146823883057,0
948,1788174263.8948717,-0.2860829182278116,-0.4179432854196216,0.1480570603286481,1.1623709047697548,2.918566251856944,0.00019196158356734667,-1.953867260609762,-1.646750275288717,-1.850447956715719,-1.2153132597552698,1.5708705186843872,0.3749534487724304,0
949,1788174263.9358056,-0.28609199536540986,-0.4179511750858012,0.15132156867105276,1.1623974120846463,2.918581965253342,2.209423881710422e-05,-1.953867260609762,-1.6439788977252405,-1.844621483479635,-1.2238028685199183,1.5708465576171875,0.3749654293060303,0
950,1788174263.979577,-0.2860729342704263,-0.41788747134232207,0.15448961410642933,1.1624675830494176,2.918552785106513,0.00045426567447764624,-1.9538796583758753,-1.6413524786578577,-1.8388188521014612,-1.232507054005758,1.5708465576171875,0.3750014007091522,0
951,1788174264.0202363,-0.286074202874754,-0.41789061930144417,0.15836667167675247,1.1624328856032198,2.918567534426868,0.0001299496237937597,-1.9538796583758753,-1.6381734053241175,-1.831841293965475,-1.2424572149859827,1.5708465576171875,0.3749774098396301,0
952,1788174264.061755,-0.28606258835788223,-0.4178782008449221,0.16152628085658416,1.1623971291669686,2.9185812347206657,0.0003194455347155626,-1.953867260609762,-1.6357386747943323,-1.8259313742267054,-1.2509225050555628,1.5708465576171875,0.3749654293060303,0
953,1788174264.1038058,-0.28606871094843783,-0.4179548444096713,0.16474964448086685,1.1623616622201445,2.9185445774337375,3.752031096950423e-05,-1.9538429419146937,-1.6333873907672327,-1.8198536078082483,-1.259172264729635,1.570894479751587,0.3749774098396301,0
954,1788174264.145024,-0.28608507700310476,-0.41790296772754837,0.16797766068995437,1.162406599282335,2.9186032516539786,0.0003195999936557118,-1.9538796583758753,-1.631012264882223,-1.8137148062335413,-1.2678654829608362,1.5708225965499878,0.3749534487724304,0
955,1788174264.1838083,-0.2860833621381042,-0.4179601614744173,0.17116482448613338,1.162388549088941,2.9185594488695905,0.00011331973134015901,-1.953855339680807,-1.6287930647479456,-1.8076131979571741,-1.276055161152975,1.5708705186843872,0.3749774098396301,0
956,1788174264.2240508,-0.28610265811290625,-0.41799227043084114,0.17443212981349843,1.1623538898129944,2.918574441253917,-0.00031959946445312754,-1.953867260609762,-1.6264899412738245,-1.8014395872699183,-1.2842562834369105,1.5708705186843872,0.37494146823883057,0
957,1788174264.2653537,-0.2860890106309707,-0.41795218855514726,0.17757125354071207,1.1623670260686096,2.9186071412367336,-1.9023969572802085e-05,-1.953855339680807,-1.624366585408346,-1.7953131834613245,-1.2926972548114222,1.5708345174789429,0.3749534487724304,0
958,1788174264.3031018,-0.2861052131014432,-0.4179913293632677,0.18077299921618797,1.1624280463309915,2.9185571736961355,-0.00011205109343364816,-1.953867260609762,-1.6223514715777796,-1.7889836470233362,-1.3009827772723597,1.5708585977554321,0.37498939037323,0
959,1788174264.345106,-0.2861074227077173,-0.4180272247983199,0.18399041367211108,1.1624018838095855,2.918542108134759,-0.0002252986425614908,-1.953855339680807,-1.6203601996051233,-1.7826054731952112,-1.3092802206622522,1.5708825588226318,0.37498939037323,0
960,1788174264.385837,-0.2861083376317137,-0.4180396912012561,0.1872375401744113,1.162379902776549,2.918590158493212,-0.00043179512013770063,-1.9538310209857386,-1.6183331648456019,-1.7762158552752894,-1.3175652662860315,1.5708465576171875,0.37498939037323,0
961,1788174264.4271295,-0.2861042246687736,-0.41800465259492303,0.19035783355059557,1.1623406484219367,2.918591772601993,-3.56555496257325e-05,-1.953855339680807,-1.6165340582477015,-1.7698381582843226,-1.3259943167315882,1.5708585977554321,0.37494146823883057,0
962,1788174264.4691007,-0.2860965621991175,-0.41795345644835824,0.194225673090344,1.1624635973706883,2.91854281252233,-3.864978297384936e-05,-1.9538796583758753,-1.6142190138446253,-1.7621176878558558,-1.3360279242144983,1.5708585977554321,0.3750014007091522,0
963,1788174264.5103972,-0.2861294279099326,-0.41803501062527776,0.19753175480310606,1.1624641928882578,2.918544364694399,-0.0007164889464244249,-1.9538796583758753,-1.6124075094806116,-1.7554643789874476,-1.3440611998187464,1.5708585977554321,0.3750014007091522,0
964,1788174264.5506482,-0.28610359027440135,-0.4179957239055458,0.2006490975935417,1.1623976591433516,2.918582344342267,-0.0001516719014471907,-1.953855339680807,-1.610823933278219,-1.748883072529928,-1.3525856176959437,1.5708465576171875,0.3749774098396301,0
965,1788174264.5926325,-0.2861160006699545,-0.418016326805689,0.20384693072024962,1.1624199576402774,2.918535119684831,-0.00030244681677402813,-1.9538796583758753,-1.6092165152179163,-1.7422412077533167,-1.3607390562640589,1.5708825588226318,0.3749774098396301,0
966,1788174264.635524,-0.2860998420324157,-0.4180186069411887,0.20707926298108248,1.1623100221872382,2.9186181446599937,-0.0004887207032070517,-1.9538310209857386,-1.6075614134417933,-1.7355764547931116,-1.3689401785479944,1.5708465576171875,0.37494146823883057,0
967,1788174264.677831,-0.2860941912786414,-0.4179888061808417,0.21088569563697698,1.1623971704935987,2.918582897772061,-0.00028574127467446406,-1.9538429419146937,-1.6057856718646448,-1.7274959723102015,-1.378925625477926,1.5708465576171875,0.37498939037323,0
968,1788174264.7169516,-0.28610274045380907,-0.4179924747401239,0.21408083220057675,1.1623887744371704,2.9185603020292823,-0.0002289702289837261,-1.953867260609762,-1.6044066588031214,-1.7206271330462855,-1.387209717427389,1.5708705186843872,0.3749654293060303,0
969,1788174264.7596414,-0.2860958358255929,-0.4179764803732285,0.21732937852546336,1.1623627457978685,2.9185964070542347,-0.00020934554250957708,-1.953855339680807,-1.6029914061175745,-1.7136738936053675,-1.395590607319967,1.5708465576171875,0.3749534487724304,0
970,1788174264.7990913,-0.28610916323113256,-0.41798642339587244,0.22053781726313004,1.1624023169264608,2.9185943063659723,-0.000472168422847478,-1.953867260609762,-1.601647679005758,-1.7068045775042933,-1.4036362806903284,1.5708345174789429,0.3749654293060303,0
971,1788174264.8402426,-0.28608910301281687,-0.41792759301400134,0.22369107899442803,1.1624156124680252,2.9185750398811408,-9.474961530306395e-05,-1.9538796583758753,-1.6004121939288538,-1.6998756567584437,-1.4120410124408167,1.5708465576171875,0.3749654293060303,0
972,1788174264.881123,-0.28609204109746067,-0.4179512885295988,0.22685230981292293,1.1624323116753579,2.9185678671304642,9.32497977381098e-05,-1.953867260609762,-1.5993683973895472,-1.6927669684039515,-1.4203131834613245,1.5708465576171875,0.37498939037323,0
973,1788174264.9241107,-0.28610913792937165,-0.4179919434150205,0.23071748615203716,1.1624068154431415,2.918552963241299,-0.00017204766828253824,-1.9538796583758753,-1.5980613867389124,-1.6841958204852503,-1.4300225416766565,1.5708705186843872,0.3749654293060303,0
974,1788174264.967073,-0.28611501587993665,-0.4179918941460651,0.23395448787332337,1.1624331830404246,2.9185683029759377,-0.00019062065374951054,-1.9538796583758753,-1.5970175901996058,-1.6769431273089808,-1.4383071104632776,1.5708465576171875,0.3749774098396301,0
975,1788174265.0104203,-0.2861161926863273,-0.41799481431480817,0.23713070019052052,1.1623807850815102,2.918589324771705,-0.0002460477666658902,-1.9538796583758753,-1.5960457960711878,-1.66978627840151,-1.4464004675494593,1.5708465576171875,0.37494146823883057,0
976,1788174265.0525234,-0.2860994233526276,-0.41796225362902184,0.2409947924855105,1.1623669433540549,2.9186071868212933,-2.351867588340138e-05,-1.953867260609762,-1.5949423948871058,-1.6609633604632776,-1.45646840730776,1.5708345174789429,0.37494146823883057,0
977,1788174265.0952733,-0.28610471971534834,-0.4180295709407558,0.24417583284331149,1.162335953081864,2.9185817910949363,-0.0003989903850520792,-1.9538429419146937,-1.5941384474383753,-1.653686825429098,-1.4643099943744105,1.5708705186843872,0.3749534487724304,0
978,1788174265.1359468,-0.28609684747623354,-0.41795586152291886,0.24733107137678675,1.1624018893573045,2.9185932085301634,-1.79699020947568e-06,-1.953867260609762,-1.5933473745929163,-1.6463502089129847,-1.4726904074298304,1.5708345174789429,0.3749654293060303,0
979,1788174265.1786356,-0.28606516341106325,-0.41790036336283304,0.25048103595565663,1.1624146643452782,2.9185741468847604,0.00035689675426678113,-1.953855339680807,-1.5926154295550745,-1.6389783064471644,-1.4810226599322718,1.5708465576171875,0.37498939037323,0
980,1788174265.2170281,-0.2860859378434745,-0.4179215076556165,0.25431449238135206,1.1624059390412895,2.9186033632825246,0.00037277959754703654,-1.953867260609762,-1.5919197241412562,-1.6298792997943323,-1.4908273855792444,1.5708225965499878,0.3749654293060303,0
981,1788174265.2589457,-0.2860857976301574,-0.4179442150943954,0.2569190960962604,1.162454307175864,2.9185718513791934,0.00017047452199711496,-1.953855339680807,-1.5914276281939905,-1.623753849660055,-1.4973161856280726,1.5708345174789429,0.3750133812427521,0
982,1788174265.2990875,-0.28609364775717233,-0.4179948118866505,0.2608117219864302,1.1623752126923066,2.9185786282857893,-0.0002648451344590151,-1.9538429419146937,-1.5907681624041956,-1.6145475546466272,-1.5069049040423792,1.5708585977554321,0.3749774098396301,0
983,1788174265.3381681,-0.2860628502326021,-0.4178990723594739,0.26395034641134674,1.1624106142561643,2.918511592131711,0.00022468605279254435,-1.9538796583758753,-1.590264145527975,-1.6069710890399378,-1.5152972380267542,1.5709065198898315,0.3749774098396301,0
984,1788174265.3787713,-0.2860855967041806,-0.4179060256234613,0.2671355827767994,1.16241492594754,2.9186259403422414,0.0002463528251272291,-1.953867260609762,-1.5899165312396448,-1.5991914908038538,-1.523437801991598,1.570798635482788,0.3749654293060303,0
985,1788174265.4211905,-0.28609105719082284,-0.4179719759967854,0.2703837627657946,1.1623931836915502,2.9185711078812915,-0.00013002693577053004,-1.953855339680807,-1.5896042029010218,-1.5912793318377894,-1.5314229170428675,1.5708585977554321,0.3749774098396301,0
986,1788174265.4633706,-0.2860657227699235,-0.41793279222648333,0.27348995281826427,1.1623702241435667,2.918566044221533,0.00036048715379154617,-1.9538429419146937,-1.589400593434469,-1.5834878126727503,-1.5397303740130823,1.5708705186843872,0.3749774098396301,0
987,1788174265.5062222,-0.28607102014681396,-0.417914897486614,0.276624221650434,1.162344537793633,2.9186014982294193,0.0005516336223594547,-1.953855339680807,-1.5892327467547815,-1.5756362120257776,-1.5478714148150843,1.5708465576171875,0.37494146823883057,0
988,1788174265.5468495,-0.2860728941351263,-0.417926902357797,0.28051835667494374,1.1623752044213027,2.918576780469501,0.00039801248334138536,-1.953855339680807,-1.5890405813800257,-1.5659263769732874,-1.5576756636248987,1.5708585977554321,0.3749654293060303,0
989,1788174265.5888934,-0.28606811776405455,-0.4179618656954961,0.28373110623366443,1.1623659124889603,2.9185549658330565,0.0003042370765479765,-1.9538310209857386,-1.5890043417560022,-1.55778676668276,-1.5657919088946741,1.5708825588226318,0.37498939037323,0
990,1788174265.6291637,-0.2860968749484339,-0.41795423246509794,0.2869327692002944,1.162445817326254,2.91854913351895,0.00023248508580490433,-1.9538796583758753,-1.5889924208270472,-1.549647633229391,-1.5738971869098108,1.5708585977554321,0.37498939037323,0
991,1788174265.671287,-0.2860711661804918,-0.4178994868588176,0.2900786333694163,1.1624318096458561,2.918566571532444,0.0006108057009424087,-1.953867260609762,-1.5890286604510706,-1.541532341633932,-1.582217041646139,1.5708465576171875,0.37498939037323,0
992,1788174265.7121923,-0.2860943279610972,-0.41795696340322436,0.2933855541273594,1.1624675199852528,2.9185544370052714,-0.0001217111142200262,-1.953867260609762,-1.5890405813800257,-1.533201042805807,-1.5900700728045862,1.5708465576171875,0.3750133812427521,0
993,1788174265.752615,-0.2860802887315896,-0.41793676017647985,0.296674644559909,1.16237139485225,2.9185675362370063,-0.0003450644548064957,-1.953867260609762,-1.5890892187701624,-1.5247982184039515,-1.5982821623431605,1.5708705186843872,0.3749534487724304,0
994,1788174265.7924662,-0.28606108258977375,-0.4178964537928352,0.2998376694610826,1.1624192019399004,2.9185349742920423,-0.00013766789612937625,-1.953867260609762,-1.5892928282367151,-1.5164907614337366,-1.6065180937396448,1.5708825588226318,0.37498939037323,0
995,1788174265.8326848,-0.28605895006922716,-0.4178775898745677,0.3029443024623326,1.1623667610750237,2.9186064614781357,0.0002596035275190505,-1.953855339680807,-1.5896762053119105,-1.5081122557269495,-1.6147659460650843,1.5708345174789429,0.3749534487724304,0
996,1788174265.8749304,-0.2860756835965865,-0.4179180510789356,0.3061926890635185,1.1623754267149509,2.918577619012989,7.294844066461728e-05,-1.953867260609762,-1.5900843779193323,-1.4994333426104944,-1.622917954121725,1.5708585977554321,0.3749534487724304,0
997,1788174265.9180372,-0.2860861135220441,-0.4179512145344403,0.3100431849138692,1.1623886563450505,2.9185599923787127,-9.789690657526372e-05,-1.953867260609762,-1.59062368074526,-1.4890764395343226,-1.6326268354998987,1.5708705186843872,0.3749654293060303,0
998,1788174265.961349,-0.28606798415489565,-0.4179147176803553,0.313222106832418,1.1624103195844346,2.918563241825946,0.00024372117699197394,-1.953855339680807,-1.591140095387594,-1.4803741613971155,-1.6410301367389124,1.5708585977554321,0.37498939037323,0
999,1788174266.004928,-0.2861050763026247,-0.4179994115851745,0.31712369267970464,1.1624501862794865,2.918561526778222,-0.00019061829522459917,-1.953855339680807,-1.591895882283346,-1.4696934858905237,-1.6506784597979944,1.5708465576171875,0.3750133812427521,0
1000,1788174266.0482945,-0.2861156331322578,-0.4180256095248108,0.32036288818414327,1.1623629787747811,2.9185970097797984,-0.00047074526325759834,-1.953855339680807,-1.5925071875201624,-1.4608238379107874,-1.6587584654437464,1.5708465576171875,0.3749534487724304,0
1001,1788174266.0903149,-0.28608590553552693,-0.4179682433948617,0.32352412032325045,1.1623445116761952,2.918603245109987,-5.430286237937535e-05,-1.9538429419146937,-1.5931909720050257,-1.451965634022848,-1.6671980063067835,1.5708465576171875,0.3749534487724304,0
1002,1788174266.1343825,-0.2860883552803716,-0.41792459943573024,0.3273665411221286,1.1624589500085376,2.918531513261395,7.586880976983483e-05,-1.9538915793048304,-1.5940788427936,-1.4411891142474573,-1.6771696249591272,1.5708705186843872,0.37498939037323,0
1003,1788174266.1762316,-0.2860932694549373,-0.41797916383561434,0.330604846805707,1.162401570301358,2.9185939370613414,-0.0002227502500961167,-1.9538429419146937,-1.5949304739581507,-1.4320552984820765,-1.6852615515338343,1.5708345174789429,0.37498939037323,0
1004,1788174266.218642,-0.28610173824181484,-0.41799112780857395,0.3338258064675131,1.1624154045353978,2.918576059845864,-0.0004460269897111947,-1.953855339680807,-1.5957940260516565,-1.4229334036456507,-1.6933777968036097,1.5708465576171875,0.37498939037323,0
1005,1788174266.2593448,-0.28608996269628045,-0.4179387767172568,0.3375952855968244,1.1624192957314923,2.9185860484522004,7.984423373545988e-05,-1.953867260609762,-1.5970056692706507,-1.411917511616842,-1.7035167852984827,1.5708345174789429,0.3749774098396301,0
1006,1788174266.3005848,-0.2860951965824226,-0.41797375436230183,0.3408745392024256,1.1624237808407485,2.9185464823156804,-0.00027540625812255654,-1.953867260609762,-1.598025147114889,-1.4024842421161097,-1.7117045561419886,1.5708705186843872,0.37498939037323,0
1007,1788174266.3391204,-0.2861137610886801,-0.4180209638284357,0.3440438732092485,1.162327988613732,2.9186108737863785,-0.000442284323743633,-1.953855339680807,-1.5991762320147913,-1.393158260975973,-1.7197731176959437,1.5708465576171875,0.3749294877052307,0
1008,1788174266.3795164,-0.28610388536787384,-0.41794850043181275,0.34696760420683787,1.1624855389856494,2.9185473023207615,-0.0001366924537958301,-1.9538915793048304,-1.6001961866961878,-1.3845165411578577,-1.7275894323932093,1.5708465576171875,0.3750014007091522,0
1009,1788174266.422327,-0.28608684857321093,-0.4179457572280888,0.34922211961966976,1.1623932321383341,2.918571495161803,-0.0002798267549313203,-1.953867260609762,-1.60097581544985,-1.3779118696795862,-1.7333233992206019,1.5708585977554321,0.3749654293060303,0
1010,1788174266.4644313,-0.2860766790056364,-0.4179205211872888,0.3507652234941138,1.1623931209030784,2.918571205471423,-0.00015624285786545447,-1.953867260609762,-1.6015637556659144,-1.3732970396624964,-1.7374289671527308,1.5708585977554321,0.3749654293060303,0
1011,1788174266.5048995,-0.28607463796415095,-0.4179007479980572,0.3514616313701676,1.1624368618642902,2.9185792982597714,-8.537257422540667e-06,-1.953867260609762,-1.601851765309469,-1.3711755911456507,-1.7393563429461878,1.5708345174789429,0.37498939037323,0
1012,1788174266.5490582,-0.2860600868701272,-0.4178895328491263,0.3514585672321411,1.1624587468813103,2.918583258278217,4.771475122760947e-05,-1.9538429419146937,-1.6018274466144007,-1.371199909840719,-1.739392105733053,1.5708225965499878,0.3750257194042206,0
1013,1788174266.590778,-0.2860557653321717,-0.4178843952981275,0.3514367441314176,1.1625858894938392,2.918493709303523,0.00010366541311941347,-1.953855339680807,-1.6018274466144007,-1.3712475935565394,-1.739380184804098,1.5708585977554321,0.37510961294174194,0
1014,1788174266.6327069,-0.28605468081876967,-0.4178743495941988,0.35143003517961124,1.1626777669106887,2.9184699677762733,0.0001411931610662475,-1.953855339680807,-1.6018155256854456,-1.3712714354144495,-1.739392105733053,1.5708465576171875,0.3751695454120636,0
1015,1788174266.6738102,-0.28604824730772027,-0.4178821415662751,0.3514485342027325,1.162550349814557,2.918507969438839,6.621576811095464e-05,-1.9538429419146937,-1.6018036047564905,-1.3712475935565394,-1.739380184804098,1.5708585977554321,0.3750976324081421,0
1016,1788174266.713213,-0.28605956268801025,-0.41787804661047356,0.35142042912930804,1.1626207323269255,2.918479723723513,0.0001418640629378922,-1.953867260609762,-1.6018274466144007,-1.3712838331805628,-1.7393682638751429,1.5708585977554321,0.3751215934753418,0
1017,1788174266.7527118,-0.28605901794072464,-0.4178913302855227,0.3514355193392048,1.1625769871968814,2.91847161761582,4.733934215439096e-05,-1.953867260609762,-1.6018274466144007,-1.3712595144854944,-1.7393325010882776,1.5708825588226318,0.3750976324081421,0
1018,1788174266.791425,-0.286066273506792,-0.4178884822206226,0.35142494130279245,1.16258176203111,2.918534206359897,6.719003160828543e-05,-1.953855339680807,-1.6018274466144007,-1.3712838331805628,-1.7393205801593226,1.5708225965499878,0.3750976324081421,0
1019,1788174266.8310692,-0.2860620832498734,-0.4178871326735235,0.351420533755903,1.1625506432807502,2.918559564293121,6.651657900881259e-05,-1.9538429419146937,-1.6018155256854456,-1.371307675038473,-1.7393081823932093,1.5708105564117432,0.37508565187454224,0
1020,1788174266.8692842,-0.28607402835405965,-0.4178992352351642,0.35143327140564806,1.1626123513213955,2.9185095509062062,-6.54575894383242e-05,-1.953867260609762,-1.6018155256854456,-1.3712952772723597,-1.7392366568194788,1.5708345174789429,0.37510961294174194,0
1021,1788174266.908481,-0.2860658545871061,-0.41790207853730793,0.35142023499971325,1.1625554817930244,2.9185190880486993,-7.860386038063492e-06,-1.953855339680807,-1.6018274466144007,-1.371307675038473,-1.739249054585592,1.5708465576171875,0.37508565187454224,0
1022,1788174266.9477725,-0.28605623470437325,-0.4179238820191378,0.35142924709354306,1.1625022411321266,2.9184889172396202,-8.380778618006875e-05,-1.9538429419146937,-1.6018393675433558,-1.3712838331805628,-1.7392128149615687,1.570894479751587,0.3750736713409424,0
1023,1788174266.9870372,-0.2860814293261859,-0.4179001328034515,0.351421480939459,1.1626214097906624,2.9184799207287213,-2.815975833504891e-05,-1.9538915793048304,-1.6018393675433558,-1.3712952772723597,-1.7392366568194788,1.5708585977554321,0.3750976324081421,0
1024,1788174267.0254266,-0.28586717705918424,-0.41790106121623855,0.35134609737008093,1.1627825834725238,2.918428106323129,0.000198149349234661,-1.9534834066974085,-1.6015995184527796,-1.3717029730426233,-1.7392128149615687,1.5708465576171875,0.37561333179473877,0
1025,1788174267.0648015,-0.285158112002172,-0.4179314731823624,0.35125440649889417,1.1628382302915672,2.9184056087942696,0.0005173325260693237,-1.9521291891681116,-1.600771729146139,-1.3727458159076136,-1.7392008940326136,1.5708465576171875,0.37700575590133667,0
1026,1788174267.1050048,-0.28372309134695595,-0.418071593353266,0.35128181426043154,1.1630532090633836,2.918320903665368,0.0003467884153660558,-1.9493244330035608,-1.5990446249591272,-1.374483887349264,-1.7390812079059046,1.5708465576171875,0.3799576163291931,0
1027,1788174267.1448941,-0.2820441647309668,-0.4183255669020725,0.35124463078634527,1.1629195815950295,2.9183754287316117,0.0005335471186977532,-1.945967976246969,-1.5973294417010706,-1.3763178030597132,-1.7390812079059046,1.5708465576171875,0.38322219252586365,0
1028,1788174267.184843,-0.28045749089220345,-0.4185115879615072,0.3512647368461256,1.16289923999935,2.9183585157631,0.0004561557398284932,-1.9428399244891565,-1.5955422560321253,-1.378115479146139,-1.739021126423971,1.5708705186843872,0.38634219765663147,0
1029,1788174267.2259119,-0.2788181437258678,-0.4187340658180357,0.3513217010291094,1.162616183582492,2.9184968853164444,0.0002846162713938044,-1.9395554701434534,-1.5937426725970667,-1.3798416296588343,-1.7389853636371058,1.5708465576171875,0.38942664861679077,0
1030,1788174267.2651196,-0.27726767105786704,-0.41890574221300836,0.3513338742301359,1.1624938802579607,2.9185325421139545,0.00020870548280590057,-1.936486546193258,-1.5919917265521448,-1.38161546388735,-1.7389138380633753,1.5708585977554321,0.3924148380756378,0
1031,1788174267.3039825,-0.27561836976700854,-0.4191214589060149,0.3513483743126226,1.16239992415319,2.9185835778013995,0.0002251775052895762,-1.933178726826803,-1.5902403036700647,-1.3833659330951136,-1.7389252821551722,1.5708465576171875,0.3956550657749176,0
1032,1788174267.3433526,-0.27401620496753915,-0.4193117323676286,0.35141154334926394,1.1625885515814962,2.9185321505462025,3.446435928573209e-05,-1.9299662748919886,-1.5884531180011194,-1.3850558439837855,-1.738901440297262,1.5708225965499878,0.398991197347641,0
1033,1788174267.381687,-0.2723899942894225,-0.4195487761019334,0.3514009845412508,1.1627647976197582,2.91839625865663,-4.0338328849555834e-05,-1.9267061392413538,-1.586761776600973,-1.386817757283346,-1.738781754170553,1.5708825588226318,0.4023875892162323,0
1034,1788174267.422164,-0.2707982978311441,-0.41977431667909676,0.3513284537860537,1.162654049170676,2.9185102330201755,0.00025710660731196943,-1.923457447682516,-1.5852025190936487,-1.3885439077960413,-1.7388055960284632,1.5708225965499878,0.4055439233779907,0
1035,1788174267.4602401,-0.26916887509860005,-0.4199933501560241,0.35134114566534314,1.162440139962417,2.918569422087983,0.00021865039957233009,-1.9201729933368128,-1.5835111776935022,-1.3902338186847132,-1.738781754170553,1.5708465576171875,0.40868791937828064,0
1036,1788174267.4981384,-0.2675595466369208,-0.4201556157522176,0.3514165889185096,1.1621817128920457,2.9186672800202462,-2.7412939680383968e-05,-1.9169486204730433,-1.5816877524005335,-1.3919242064105433,-1.7387579123126429,1.5708465576171875,0.411736398935318,0
1037,1788174267.5380104,-0.26611298686886603,-0.4203903621012095,0.35136987885871784,1.1620085433125762,2.918727779429284,0.0001598761219792732,-1.91398793855776,-1.5803445021258753,-1.393374268208639,-1.738769833241598,1.5708585977554321,0.41458040475845337,0
1038,1788174267.5771348,-0.2653331289393167,-0.4205415707368611,0.3513357703427466,1.162379642099038,2.918582117084897,0.00023488439069774129,-1.9123695532428187,-1.579660717641012,-1.3941414991961878,-1.7387340704547327,1.5708585977554321,0.4164525866508484,0
1039,1788174267.6164618,-0.26501417672618505,-0.42061404224856824,0.3513970350223932,1.1623268108692693,2.9185477761225083,8.661648741999073e-05,-1.911722485219137,-1.5793727079974573,-1.3942974249469202,-1.738769833241598,1.5709065198898315,0.4170764982700348,0
1040,1788174267.655344,-0.26508359718403646,-0.42060337211452087,0.35137959218982456,1.162378577343556,2.9185781927998056,6.428222127827743e-05,-1.911842171345846,-1.5794203917132776,-1.3942974249469202,-1.7387097517596644,1.5708585977554321,0.4169802665710449,0
