frame_index,timestamp,tcp_x,tcp_y,tcp_z,tcp_rx,tcp_ry,tcp_rz,joint_0,joint_1,joint_2,joint_3,joint_4,joint_5,suction_on
0,1788173891.9809387,-0.10912088147751427,-0.4869010824130387,0.2858701745807122,-1.2022049181419021,2.9024570532188316,-0.0001755650819542152,-1.5707600752459925,-1.5707357565509241,-1.5708525816546839,-1.570700470601217,1.5708465576171875,-0.7853429953204554,0
1,1788173892.0196548,-0.10912635208906409,-0.4868928093775247,0.28586188058845585,-1.2022771339714955,2.9024356779358182,-0.00010857079160356289,-1.5707600752459925,-1.5707357565509241,-1.5708649794207972,-1.5707243124591272,1.5708225965499878,-0.7853906790362757,0
2,1788173892.0594687,-0.10911484553203238,-0.48689115762909246,0.28585358760099067,-1.202299486792177,2.90238786757082,-7.038027328710777e-05,-1.5707476774798792,-1.5707481543170374,-1.5708649794207972,-1.5707481543170374,1.5708465576171875,-0.785403076802389,0
3,1788173892.0999095,-0.10910357116547746,-0.48689001921548813,0.28585027225430354,-1.202292138806345,2.9023720831665063,-0.00010277311257240586,-1.5707357565509241,-1.5707357565509241,-1.5708888212787073,-1.5707243124591272,1.5708705186843872,-0.7853906790362757,0
4,1788173892.141466,-0.10911813310282877,-0.48689035529389385,0.28586277694114237,-1.20226623093356,2.9024093505585564,-0.00014681739597584693,-1.5707600752459925,-1.570723835621969,-1.5708773771869105,-1.5707123915301722,1.5708585977554321,-0.7853906790362757,0
5,1788173892.1804917,-0.1091145108168115,-0.48690606596241,0.2858543667299799,1.2023090041859628,-2.9024127981357966,0.00014247880023952536,-1.5707357565509241,-1.5707481543170374,-1.5708773771869105,-1.5706761519061487,1.5708225965499878,-0.7853906790362757,0
6,1788173892.2207315,-0.10911813339485624,-0.4868822997159067,0.2858642996846828,-1.2022437628875389,2.9024040439583043,-9.560868999045652e-05,-1.5707600752459925,-1.570723835621969,-1.5708649794207972,-1.5707600752459925,1.5708585977554321,-0.7853787581073206,0
7,1788173892.2606242,-0.1091230644748215,-0.4868938795390583,0.28585471574359855,1.202207930748959,-2.902462378348799,6.604152507681075e-05,-1.5707476774798792,-1.5707481543170374,-1.5708649794207972,-1.5707362333880823,1.5708105564117432,-0.7853310743915003,0
8,1788173892.302672,-0.10909776694908735,-0.48689169657777853,0.28586655678532635,-1.202278330923985,2.9023876747414126,-0.0001373721195867084,-1.570723835621969,-1.570723835621969,-1.5708649794207972,-1.5707362333880823,1.5708705186843872,-0.7853668371783655,0
9,1788173892.3424115,-0.10912668584918848,-0.48689706006635286,0.2858737219927744,-1.2022550733700734,2.9024313452539143,-0.0001582652043833329,-1.5707719961749476,-1.5707357565509241,-1.5708406607257288,-1.5707243124591272,1.5708465576171875,-0.7853906790362757,0
10,1788173892.3829114,-0.10912943475047046,-0.48689139946071713,0.28585697251284437,-1.2022383983826903,2.9024400238912884,-0.00011504389472655011,-1.5707719961749476,-1.5707357565509241,-1.5708773771869105,-1.5707123915301722,1.5708345174789429,-0.7853787581073206,0
11,1788173892.4253025,-0.10911759506320054,-0.4868753792606756,0.2858515171775893,-1.2022649603470195,2.9024043353680025,-2.8542717395405344e-05,-1.5707476774798792,-1.570723835621969,-1.5708888212787073,-1.5707724730121058,1.5708345174789429,-0.7853787581073206,0
12,1788173892.4668577,-0.1091212154873814,-0.4868991221519402,0.2858607531646675,-1.202223994945001,2.9024052482130624,-0.00012007413433826693,-1.5707719961749476,-1.5707600752459925,-1.5708406607257288,-1.5707362333880823,1.5708705186843872,-0.7853787581073206,0
13,1788173892.5080092,-0.10912088217602095,-0.4868818139341846,0.2858431069706761,-1.2022617575213865,2.9023985592324886,-5.3080271440314e-05,-1.5707600752459925,-1.5707357565509241,-1.5709012190448206,-1.5707362333880823,1.5708465576171875,-0.7853906790362757,0
14,1788173892.549382,-0.10911484526193596,-0.4868967095648794,0.2858607526104882,-1.202285056934032,2.9024039161933977,-0.00010567218042006936,-1.5707476774798792,-1.5707481543170374,-1.5708525816546839,-1.5707362333880823,1.5708465576171875,-0.7853906790362757,0
15,1788173892.5897963,-0.10912088187609272,-0.48689008750947205,0.28585140035523954,-1.202249765513665,2.902418534996158,-0.00010567219830971018,-1.5707600752459925,-1.5707357565509241,-1.5708888212787073,-1.5707123915301722,1.5708465576171875,-0.7853787581073206,0
16,1788173892.6277652,-0.10911813320148601,-0.48688763382414973,0.28586164843630213,-1.2022997765857224,2.9023905190077084,-0.00012951787332078754,-1.5707600752459925,-1.570723835621969,-1.5708773771869105,-1.5707243124591272,1.5708585977554321,-0.785414997731344,0
17,1788173892.666752,-0.10911178879042292,-0.4869139626918113,0.28586526679226126,1.2023293957218637,-2.9024111351931743,0.00016763653541194268,-1.5707357565509241,-1.5707600752459925,-1.5708406607257288,-1.570688549672262,1.5708345174789429,-0.785403076802389,0
18,1788173892.7031906,-0.10911726038743069,-0.48689274172786784,0.28586075205909844,1.2022753147925338,-2.902429330959917,8.403355751295106e-05,-1.5707357565509241,-1.5707357565509241,-1.5708649794207972,-1.5707362333880823,1.5708105564117432,-0.7853668371783655,0
19,1788173892.7445483,-0.10911484539117193,-0.4868940530684562,0.2858569726343698,-1.2022694331395183,2.902415126958176,-0.00012228016027712277,-1.5707476774798792,-1.5707357565509241,-1.5708773771869105,-1.5707123915301722,1.5708465576171875,-0.7853787581073206,0
20,1788173892.7854197,-0.10910904048145945,-0.4869064573748104,0.28587130318547427,-1.2022938555393021,2.902425150475469,-0.00019286562306809654,-1.5707357565509241,-1.5707357565509241,-1.5708525816546839,-1.570688549672262,1.5708465576171875,-0.7853787581073206,0
21,1788173892.8260458,-0.10910048853234804,-0.48689121125160556,0.2858547158766383,-1.2022789837361247,2.902389255349397,-9.4915081636442e-05,-1.570723835621969,-1.5707357565509241,-1.5708773771869105,-1.5707362333880823,1.5708585977554321,-0.7853668371783655,0
22,1788173892.867035,-0.10888765086358894,-0.48692652092160005,0.2858743842503655,-1.2022661791495142,2.902407262890682,-0.00018856017736418085,-1.5702922979937952,-1.5706761519061487,-1.5709012190448206,-1.5707123915301722,1.5708705186843872,-0.7849233786212366,0
23,1788173892.909926,-0.10823922376520491,-0.4869289985718971,0.2857987908615829,-1.202350079242711,2.9023123470472174,0.00012154149780766317,-1.568949047719137,-1.5704482237445276,-1.5712726751910608,-1.5707724730121058,1.5708465576171875,-0.7836526075946253,0
24,1788173892.952042,-0.10681899174505376,-0.4868999803898078,0.2858512065974652,-1.2025165785265037,2.9022758764291954,-4.260865842925256e-05,-1.566035572682516,-1.5695846716510218,-1.5720279852496546,-1.5707724730121058,1.5708585977554321,-0.7808459440814417,0
25,1788173892.9905794,-0.10525872315188313,-0.4869144149628212,0.28581598468694425,-1.20251821918668,2.9022778818774597,-1.9025125997617152e-06,-1.5628212133990687,-1.5688288847552698,-1.5728667418109339,-1.5707123915301722,1.5708465576171875,-0.7776320616351526,0
26,1788173893.0273385,-0.10371503349491326,-0.48690145105861893,0.28579085877671917,-1.2024038487923376,2.9023012343034553,8.525816400127383e-05,-1.5596440474139612,-1.5680492560016077,-1.5736940542804163,-1.5707243124591272,1.5708465576171875,-0.7743819395648401,0
27,1788173893.067894,-0.10212480347843246,-0.48693198169156804,0.28584943606380336,-1.2024392028357913,2.9023395901634514,-0.00010715306388562258,-1.5563700834857386,-1.5672572294818323,-1.5743659178363245,-1.5707123915301722,1.5708465576171875,-0.7711194197284144,0
28,1788173893.1089642,-0.10050518801538758,-0.4870349336012726,0.2858489339810264,-1.202536224386048,2.902280243195116,-3.7318340272131385e-05,-1.5530365149127405,-1.5667303244220179,-1.5748804251300257,-1.5707724730121058,1.5708465576171875,-0.7678573767291468,0
29,1788173893.1494117,-0.09890795689729322,-0.48717439349280056,0.28589117434409816,1.2023385449736035,-2.9023921239044435,0.00018182867885108752,-1.5497387091266077,-1.5662263075457972,-1.5753005186664026,-1.5707481543170374,1.5708225965499878,-0.7644160429583948,0
30,1788173893.1884322,-0.09730423815680277,-0.4873923635772894,0.28590312163635945,-1.2022019728828082,2.902408843466622,-0.00010490454114051427,-1.5464652220355433,-1.5660222212420862,-1.5754559675799769,-1.5708678404437464,1.5708705186843872,-0.7610581556903284,0
31,1788173893.2286272,-0.09571956685929174,-0.487697541445722,0.28586224236831137,-1.2020698559324612,2.902436328161196,0.00010331190189280049,-1.5432031790362757,-1.5660703817950647,-1.5754802862750452,-1.57092792192568,1.5708465576171875,-0.7577117125140589,0
32,1788173893.2661974,-0.09408317230804665,-0.48806431095663044,0.2859150423660184,-1.2022121673806045,2.902388449120281,8.761640259402741e-06,-1.5398576895343226,-1.5661543051349085,-1.5752766768084925,-1.5709875265704554,1.5708585977554321,-0.7544615904437464,0
33,1788173893.3060842,-0.09249358838841835,-0.4884416909639956,0.28588173829343017,-1.202281996040945,2.9023613109986073,0.00011005499424014094,-1.536595646535055,-1.5663579146014612,-1.5751445929156702,-1.5709756056415003,1.5708345174789429,-0.7512472311602991,0
34,1788173893.3465047,-0.09092138663813547,-0.4888608180744811,0.28586021777989234,-1.202403382458717,2.902309891838936,0.0001695684650320519,-1.533381764088766,-1.566669766102926,-1.5748804251300257,-1.5709636847125452,1.5708225965499878,-0.7481172720538538,0
35,1788173893.386274,-0.08932748974377998,-0.48927929012975263,0.28585358021605145,-1.2023384142814764,2.9023037636736366,0.0001927896296286001,-1.5301440397845667,-1.566981617604391,-1.5745809713946741,-1.5709756056415003,1.5708465576171875,-0.744842831288473,0
36,1788173893.4268537,-0.08774872784263457,-0.48982836001843677,0.2858632004881813,-1.2021011080245236,2.9024197891176353,0.00012431729635547776,-1.5269420782672327,-1.5675819555865687,-1.5739696661578577,-1.570939842854635,1.5708465576171875,-0.7414730230914515,0
37,1788173893.4673383,-0.08613329082094526,-0.490403921377598,0.285788168252781,-1.2020697184053633,2.9023948900879155,0.0004455132129077469,-1.523656193410055,-1.5683735052691858,-1.573322598134176,-1.5709994474994105,1.5708105564117432,-0.7381747404681605,0
38,1788173893.507949,-0.08452232217767927,-0.4910158973237935,0.28583407255874427,-1.2022371172959607,2.902356697346196,0.00032334036448561647,-1.5204065481769007,-1.5691173712359827,-1.5724833647357386,-1.5710118452655237,1.5708105564117432,-0.7350328604327601,0
39,1788173893.5462725,-0.08290497615233969,-0.4916329528975496,0.2858685301944128,-1.2022980775802272,2.9023590324082456,0.00015645196576878495,-1.5171569029437464,-1.5698722044574183,-1.5716679731952112,-1.5709636847125452,1.5708225965499878,-0.7318185011493128,0
40,1788173893.5848942,-0.08132689597623341,-0.4922207625695301,0.28590240145712453,-1.2023625995431964,2.9023171249448314,4.972700684909075e-05,-1.5140026251422327,-1.5706160704242151,-1.5708525816546839,-1.5709756056415003,1.5708585977554321,-0.7287123839007776,0
41,1788173893.625668,-0.07966812985690258,-0.49283061479542273,0.2858746265261873,-1.2024394186007268,2.9022598994767193,9.993594375493053e-05,-1.5106809774981897,-1.5714438597308558,-1.5700863043414515,-1.5709517637835901,1.5708705186843872,-0.7254498640643519,0
42,1788173893.6658294,-0.07811478959431763,-0.49342048089224416,0.2858800719506159,-1.202310567328611,2.9023422149968234,9.489665705610014e-05,-1.5075629393206995,-1.572247330342428,-1.5692709128009241,-1.5709517637835901,1.5708465576171875,-0.7222359816180628,0
43,1788173893.704185,-0.07645401032812539,-0.4940306679647938,0.28584512824543334,-1.202309669400419,2.9023420016667423,0.00027516921310896257,-1.5042288939105433,-1.5731356779681605,-1.5684436003314417,-1.5709994474994105,1.5708105564117432,-0.7189014593707483,0
44,1788173893.7428954,-0.07521607709970547,-0.4945197497063047,0.2857972128925288,-1.2022209545043614,2.902325524843079,0.0003298946040340603,-1.5017827192889612,-1.5738790670977991,-1.5678084532367151,-1.570939842854635,1.5708465576171875,-0.7164071241961878,0
45,1788173893.784679,-0.07360298343010237,-0.4951295692134709,0.2858540412224734,-1.2022564207620505,2.9023152418695983,0.0001349832323690933,-1.4985926787005823,-1.5746949354754847,-1.5668733755694788,-1.570939842854635,1.5708825588226318,-0.7132404486285608,0
46,1788173893.8269637,-0.0717399955913113,-0.49582889952760195,0.28589868816577724,-1.2022860839508591,2.9023848741351577,1.6845111939877634e-05,-1.4948747793780726,-1.5756543318377894,-1.5658186117755335,-1.570939842854635,1.5708345174789429,-0.7095230261432093,0
47,1788173893.8697839,-0.07008491435878246,-0.49642464700624894,0.2859139854291236,-1.2024754814122256,2.9023058331445215,-4.149197310167095e-05,-1.491601292287008,-1.576494042073385,-1.5649436155902308,-1.570939842854635,1.5708465576171875,-0.7063801924334925,0
48,1788173893.9119234,-0.06849472916687625,-0.4970047263253207,0.2858826480045996,-1.2023120939623588,2.902353725097647,4.788139694090941e-05,-1.4884589354144495,-1.577381436024801,-1.5641158262835901,-1.570939842854635,1.5708465576171875,-0.70313007036318,0
49,1788173893.9528143,-0.06656258723119349,-0.4977493931963128,0.2858716678205321,-1.202262247970751,2.9023821329216135,1.3266591101978875e-05,-1.484657112752096,-1.5785210768329065,-1.5630009810077112,-1.5708916823016565,1.5708465576171875,-0.699292008076803,0
50,1788173893.9937592,-0.06499761967143101,-0.498430772135396,0.2858480896682557,-1.2020035619517602,2.9024485151859496,7.662857898683547e-05,-1.4816110769854944,-1.5796850363360804,-1.5618746916400355,-1.5709036032306116,1.5708705186843872,-0.6960776487933558,0
51,1788173894.034004,-0.06336626747064976,-0.49913339627218134,0.28582212872258284,-1.2022392120934695,2.90237741318615,0.00020810545953484807,-1.4784091154681605,-1.5808962027179163,-1.560699764882223,-1.570939842854635,1.5708225965499878,-0.6930316130267542,0
52,1788173894.0743644,-0.06180419851728514,-0.4999188695447248,0.2858870475394166,-1.2022422411846028,2.90238863119562,-4.159959495137381e-05,-1.4754112402545374,-1.5822275320636194,-1.5592249075519007,-1.57092792192568,1.5708585977554321,-0.6900327841388147,0
53,1788173894.118554,-0.060247152012422235,-0.5008354470603513,0.2859324365682377,-1.2024701112436949,2.9023476501472785,-0.00023225035237664737,-1.4724367300616663,-1.5838945547686976,-1.5574515501605433,-1.5709036032306116,1.5708465576171875,-0.687202278767721,0
54,1788173894.1581953,-0.05876023030575083,-0.5018029210219136,0.28589681986759363,-1.2025336928694401,2.9023054326052797,-0.00015760727795548693,-1.469630543385641,-1.5858143011676233,-1.5555813948260706,-1.5709036032306116,1.5708465576171875,-0.6844437758075159,0
55,1788173894.1993434,-0.05724062091058132,-0.5028047257832992,0.2858688655505395,-1.2024628977819785,2.9023341582843525,-0.00015606967021679208,-1.4667766729937952,-1.5877931753741663,-1.5536392370807093,-1.5708678404437464,1.5708465576171875,-0.6815412680255335,0
56,1788173894.2421246,-0.055493814313343534,-0.5040018066080036,0.28591405799168945,1.2020787835453413,-2.902491134850676,0.0003461136825344185,-1.4635146299945276,-1.5901206175433558,-1.5511820952044886,-1.5708678404437464,1.5708345174789429,-0.6780150572406214,0
57,1788173894.2846148,-0.0539859185232437,-0.505005791041771,0.28588814044277344,-1.2021279489426195,2.902463020940614,-0.0003125960745169174,-1.4607318083392542,-1.5921590963946741,-1.5491560141192835,-1.5708916823016565,1.5708825588226318,-0.6752679983722132,0
58,1788173894.3284926,-0.0525413673817559,-0.506002348230979,0.28582771374387955,-1.2022410561092016,2.9023916337605336,-0.00012295596889947557,-1.458057705556051,-1.5942466894732874,-1.5471423308001917,-1.570939842854635,1.5708705186843872,-0.6726778189288538,0
59,1788173894.3691492,-0.05071716741858948,-0.5072400561593912,0.2858844843311603,1.2024112471710848,-2.90236211204602,0.0003818694072528645,-1.4546874205218714,-1.5966694990741175,-1.5445531050311487,-1.57092792192568,1.5708465576171875,-0.6694148222552698,0
60,1788173894.4108875,-0.04927660488698218,-0.5082471795942096,0.28589418175214304,1.2024620800912071,-2.9022871777742036,0.00045459692187177893,-1.4520371595965784,-1.5987089315997522,-1.542443577443258,-1.570939842854635,1.5708105564117432,-0.6668127218829554,0
61,1788173894.45208,-0.047796003800270756,-0.5092563190480736,0.2858986536488789,1.2025630553684596,-2.902288198270675,0.000586921941537164,-1.449362579976217,-1.6007598082171839,-1.5403340498553675,-1.57092792192568,1.5708705186843872,-0.6641972700702112,0
62,1788173894.4944165,-0.0463059190300801,-0.5102365004610054,0.2859803650583032,1.2024400175102203,-2.9022867044287235,0.0007986982549822337,-1.4466403166400355,-1.6027033964740198,-1.5381515661822718,-1.5710237661944788,1.5708585977554321,-0.6614030043231409,0
63,1788173894.5350428,-0.04485450644273102,-0.5112482785632069,0.285899891735784,1.2021922605920379,-2.9024264695480277,0.0005375043756117409,-1.4440134207354944,-1.6049101988421839,-1.536030117665426,-1.5711076895343226,1.5708465576171875,-0.6585963408099573,0
64,1788173894.5756028,-0.04335028782033124,-0.5122307964617904,0.2858378271173341,-1.2021103025307167,2.902477202781312,-0.00015365153611777776,-1.4412911573993128,-1.607093636189596,-1.5338605085956019,-1.5713470617877405,1.5708465576171875,-0.6558135191546839,0
65,1788173894.6163907,-0.04194174024712361,-0.5132139964697507,0.2858930775265621,-1.2022954332201092,2.9023858831467093,-0.0002947751504991974,-1.4387849012957972,-1.6091325918780726,-1.5316184202777308,-1.5714667479144495,1.5708825588226318,-0.6534383932696741,0
66,1788173894.6592212,-0.040183104031790685,-0.5144313199245806,0.2858257637621742,-1.2024090198714312,2.9023156696567294,5.1549245548829625e-05,-1.4356306234942835,-1.6118319670306605,-1.528921906148092,-1.5716822783099573,1.5708465576171875,-0.6503680388080042,0
67,1788173894.6989996,-0.038764957421583285,-0.5154156269049961,0.28589703770003505,-1.2022485346904084,2.902421430663072,-0.00016636478068822092,-1.4331124464618128,-1.6138585249530237,-1.5266559759723108,-1.5717781225787562,1.5708465576171875,-0.6477296988116663,0
68,1788173894.7370937,-0.037266060475345746,-0.5163881409869545,0.2857363499483817,-1.202432161509687,2.902324558897232,2.4853860396892632e-05,-1.4304378668414515,-1.6159942785846155,-1.5247982184039515,-1.571622673665182,1.5708345174789429,-0.645186726246969,0
69,1788173894.7781863,-0.03581169410622824,-0.517357631725592,0.2850150256030758,-1.202290819909454,2.9022319694421217,0.0008077616543110551,-1.427871052418844,-1.618357006703512,-1.5240309874164026,-1.5705445448504847,1.5708465576171875,-0.6425593535052698,0
70,1788173894.820448,-0.034370657384224575,-0.5184269014440832,0.2836406528255593,-1.2021913673317042,2.902336294422574,0.0006078479866115932,-1.4253528753863733,-1.6206238905536097,-1.5251815954791468,-1.5669892469989222,1.5708225965499878,-0.6399572531329554,0
71,1788173894.86256,-0.03286282551600532,-0.5194578379079429,0.2815641739939765,-1.2018998851746034,2.90242135828829,0.0006668436668982943,-1.4227264563189905,-1.6229270140277308,-1.528034512196676,-1.5618775526629847,1.5708465576171875,-0.6371386686908167,0
72,1788173894.9026184,-0.03146254786394599,-0.5204659061544601,0.2787177789711222,-1.2013893739382548,2.902668495124121,0.0006212474023219586,-1.4202917257892054,-1.6252062956439417,-1.5328896681415003,-1.554706875477926,1.5708225965499878,-0.63434344926943,0
73,1788173894.9449487,-0.02990829627801836,-0.5215664390603515,0.2754949188151057,-1.2014092543068142,2.902718463409795,-3.494812703616648e-05,-1.4176290670977991,-1.6275695005999964,-1.5387032667743128,-1.5461114088641565,1.5708705186843872,-0.6316803137408655,0
74,1788173894.988139,-0.0281724516495748,-0.52279823352087,0.2716839320464161,-1.201356769843579,2.9027894667347836,-9.055601870698279e-05,-1.4146307150470179,-1.6305325667010706,-1.5452840963946741,-1.5365222136126917,1.5708345174789429,-0.6286338011371058,0
75,1788173895.029109,-0.02669121190206828,-0.5238041516870616,0.26848718858013443,-1.2016984616070456,2.902627905230976,-0.00021285475991948517,-1.4121001402484339,-1.6330154577838343,-1.5508101622210901,-1.5284417311297815,1.5708705186843872,-0.6263435522662562,0
76,1788173895.0728717,-0.024952240025885093,-0.5249856701713347,0.26489252637313077,-1.2016359907851113,2.902627809587701,0.00010949349215824526,-1.4091137091266077,-1.6361458937274378,-1.5565879980670374,-1.519738499318258,1.5708465576171875,-0.6233204046832483,0
77,1788173895.1155875,-0.023466300053438142,-0.5259408121493561,0.2628687267900159,-1.2013754277111668,2.9027385820180203,9.191245060052258e-06,-1.4065707365619105,-1.6384971777545374,-1.559249226246969,-1.514663044606344,1.5708585977554321,-0.6205971876727503,0
78,1788173895.1578188,-0.021952096502196008,-0.5269222805125174,0.2617178652399094,-1.201220730792803,2.9028583362133,-0.00042690929567769663,-1.4039924780475062,-1.6407044569598597,-1.5598843733416956,-1.511538330708639,1.5708705186843872,-0.6178987661944788,0
79,1788173895.198243,-0.02049460884609582,-0.5278435639455028,0.26123494858797947,-1.2009815495866498,2.902920927231551,-2.845901377769681e-05,-1.4014976660357874,-1.6429718176471155,-1.5586140791522425,-1.5107958952533167,1.5708465576171875,-0.6152480284320276,0
80,1788173895.240841,-0.01892882170780546,-0.5287107557595667,0.26132741932370507,-1.2013379334314922,2.9027987879234494,-0.00019271750702272173,-1.398799244557516,-1.6448429266559046,-1.5563843886004847,-1.5110471884356897,1.5708465576171875,-0.6127889792071741,0
81,1788173895.2806017,-0.017058043987313885,-0.5297912242811246,0.261354136932187,-1.201327733515089,2.9028230885548787,-0.0004153657528649621,-1.3956087271319788,-1.647205654774801,-1.5537951628314417,-1.5111311117755335,1.5708585977554321,-0.6095865408526819,0
82,1788173895.3217576,-0.015477606757606701,-0.5306235901699696,0.26128476968702846,-1.2013804568632525,2.902754630778264,-0.00019757557480239946,-1.3928983847247522,-1.6491730848895472,-1.5518048445331019,-1.5112984816180628,1.5708705186843872,-0.6069238821612757,0
83,1788173895.3617597,-0.013956453953283559,-0.531445033701628,0.26134009331110486,-1.2015654033624124,2.902711830998592,-0.00033842821311504275,-1.3902958075152796,-1.6509845892535608,-1.5497191588031214,-1.5114782492267054,1.5708585977554321,-0.6044405142413538,0
84,1788173895.401661,-0.01242596493405569,-0.5322711758465252,0.26131267839144756,-1.2015157224268445,2.902740663109551,-0.00021693340554780404,-1.3876813093768519,-1.6529157797442835,-1.5476701895343226,-1.511669937764303,1.5708345174789429,-0.6017897764789026,0
85,1788173895.4425757,-0.01079518074460005,-0.5331229378076001,0.2612584224935226,-1.2014402461792695,2.902709123113225,-6.0609844424163984e-05,-1.3849228064166468,-1.6549432913409632,-1.5455721060382288,-1.5118497053729456,1.5708705186843872,-0.5989945570575159,0
86,1788173895.4836254,-0.009270889025185153,-0.5339433681099431,0.26130860850958515,-1.20112310368968,2.9028810226126596,-6.721169995267058e-05,-1.3823321501361292,-1.6568263212787073,-1.5433900992022913,-1.5121367613421839,1.5708345174789429,-0.596175495778219,0
87,1788173895.5239673,-0.007619727437404847,-0.5347588926562998,0.26128980051050466,-1.2013201691951236,2.902765669548816,-1.666026139973846e-05,-1.3795374075519007,-1.658746067677633,-1.541328255330221,-1.5123165289508265,1.5708585977554321,-0.5935247580157679,0
88,1788173895.5639179,-0.006109103896383927,-0.5356392631258274,0.2613206497376934,-1.2014083265565938,2.9027828035614074,-0.00021161778275263684,-1.3770187536822718,-1.6607368628131312,-1.5390985647784632,-1.5124238173114222,1.5708345174789429,-0.5910537878619593,0
89,1788173895.60455,-0.004515381826041975,-0.5364210091535254,0.26128167844984973,-1.2015531507989103,2.9026411452491727,9.258707587123094e-05,-1.3743441740619105,-1.662691895161764,-1.5370009581195276,-1.512770954762594,1.5708705186843872,-0.5884988943683069,0
90,1788173895.646681,-0.0030126373564357727,-0.5372283745819942,0.2613137332965363,-1.2013305841567687,2.902745795373376,9.874640408199476e-05,-1.3718374411212366,-1.6645997206317347,-1.5348189512835901,-1.5130465666400355,1.5708585977554321,-0.5858357588397425,0
91,1788173895.6873333,-0.0014251276546992766,-0.5380519543441418,0.2613379792130145,-1.2014978668564358,2.9026564276830182,0.00015286074634081957,-1.3691986242877405,-1.6665785948382776,-1.5325658957110804,-1.513357941304342,1.5708705186843872,-0.5833171049701136,0
92,1788173895.7257907,0.00019884678352384376,-0.5388978115984844,0.2612621361518189,-1.201681314747801,2.9025591301161207,0.00041794724408110765,-1.366500202809469,-1.6687024275409144,-1.5303719679461878,-1.51359731355776,1.5708585977554321,-0.5807502905475062,0
93,1788173895.7642016,0.00173335783777555,-0.5397588942881082,0.26131734938109225,-1.2014999121820673,2.902665278653967,8.296287163438115e-05,-1.3639939467059534,-1.6706574598895472,-1.5281184355365198,-1.5136807600604456,1.5708705186843872,-0.5781114737140101,0
94,1788173895.8046792,0.0033059120971306918,-0.5405843545441967,0.26128921972632574,-1.2012756930774457,2.902765939948117,0.00012576218265432886,-1.3614028135882776,-1.6726725737201136,-1.5259488264666956,-1.5138605276690882,1.5708585977554321,-0.5753639380084437,0
95,1788173895.8476148,0.004848960845917055,-0.5414363360608503,0.2612561797563929,-1.2009881533755344,2.9028605041406004,0.00021777300973603315,-1.358896557484762,-1.674784008656637,-1.5236714521991175,-1.514087978993551,1.5708705186843872,-0.5726655165301722,0
96,1788173895.8882456,0.006409522078196147,-0.5422617655340397,0.2613680514937704,-1.201154315168956,2.9028702471417507,-0.00019978756003238103,-1.3563416639911097,-1.676643196736471,-1.521381680165426,-1.5142439047442835,1.5708465576171875,-0.5702059904681605,0
97,1788173895.9274049,0.008358452287379397,-0.543284149472554,0.2613531802964568,-1.2014743288219962,2.9027581713703903,-0.00015401347322026792,-1.3531635443316858,-1.6791742483722132,-1.5185888449298304,-1.5145309607135218,1.5708225965499878,-0.5672434012042444,0
98,1788173895.9681783,0.009897626214298507,-0.5441162500949669,0.2612486537556644,-1.201383422798477,2.9027363613918573,0.00011997783567264082,-1.3506925741778772,-1.6813457647906702,-1.5163829962359827,-1.5147464911090296,1.5708465576171875,-0.5647242704974573,0
99,1788173896.0098217,0.011201775487625647,-0.5447826519537086,0.2612820482200669,-1.2016836279724465,2.9026253829663538,9.455957993009174e-06,-1.348581616078512,-1.6829646269427698,-1.514500919972555,-1.5149381796466272,1.5708465576171875,-0.5628169218646448,0
100,1788173896.049015,0.013007774399554774,-0.5457866971172058,0.2612579907365562,-1.2014857727117196,2.902691829146227,0.0001426325004271939,-1.3457029501544397,-1.6855199972735804,-1.511672321950094,-1.5152972380267542,1.5708465576171875,-0.5598056952105921,0
101,1788173896.093629,0.014605220202379737,-0.5466282226886963,0.26132736281806734,-1.2015128630945833,2.9027083008032375,-9.649055229116344e-05,-1.3431480566607874,-1.68754750887026,-1.5092509428607386,-1.5155366102801722,1.5708465576171875,-0.5572627226458948,0
102,1788173896.135811,0.016154012622380337,-0.5474613334469673,0.26138104254720623,-1.201214149810628,2.9028757653662383,-0.00025730191593486044,-1.340677563344137,-1.6895864645587366,-1.50684100786318,-1.5157998243915003,1.5708225965499878,-0.5545757452594202,0
103,1788173896.1783075,0.01803060588455875,-0.5484635106914285,0.2613444764929127,-1.2009118078585002,2.9029306367043124,-9.83968352250143e-05,-1.3377264181720179,-1.6922014395343226,-1.5039528051959437,-1.5161832014666956,1.5708705186843872,-0.5514333883868616,0
104,1788173896.2212543,0.019638845875544302,-0.5492896527934195,0.26130814997232543,-1.2012391466550898,2.9027873154088195,9.268924174765506e-05,-1.3351715246783655,-1.6943848768817347,-1.5015433470355433,-1.5165303389178675,1.5708585977554321,-0.5491059462176722,0
105,1788173896.2640653,0.021169657160791083,-0.550147819196352,0.2612923569586501,-1.2012350002731234,2.9027792621203323,0.00018547126916384894,-1.3327849547015589,-1.6966155211078089,-1.4990375677691858,-1.516865078602926,1.5708585977554321,-0.5467188994037073,0
106,1788173896.3062913,0.022779804630715567,-0.551063574805796,0.261306381251622,-1.2013927589138227,2.9027217079570593,0.00011544801023202067,-1.3302906195269983,-1.6989434401141565,-1.4963648954974573,-1.5171645323382776,1.5708585977554321,-0.5443313757525843,0
107,1788173896.3481436,0.024604726946260765,-0.5521828229571311,0.26138451118316325,-1.2015832606496986,2.902688401333615,-0.00019473248423454166,-1.3275073210345667,-1.7017024199115198,-1.4930685202227991,-1.5175002256976526,1.5708465576171875,-0.5416682402240198,0
108,1788173896.391022,0.026111101684708097,-0.5531306460434775,0.26135798801651555,-1.2016145102836406,2.9026659715473615,-0.00023369217431148647,-1.325240437184469,-1.704137150441305,-1.490359131489889,-1.5177515188800257,1.5708585977554321,-0.5394251982318323,0
109,1788173896.4311037,0.027632803120453915,-0.554087111099878,0.26127075256999716,-1.201539642685682,2.9026848768749978,1.4515147456228769e-05,-1.3229497114764612,-1.7067044417010706,-1.4876025358783167,-1.5180986563311976,1.5708465576171875,-0.5370858351336878,0
110,1788173896.4739783,0.029402169407323986,-0.5551983036079717,0.261311264815664,-1.2012531108855677,2.9028308390357016,-0.00012939904593931215,-1.32029897371401,-1.7095359007464808,-1.484269920979635,-1.5185053984271448,1.5708345174789429,-0.5342310110675257,0
111,1788173896.5173953,0.030959484276011445,-0.5561490989728106,0.2613208904138481,-1.2012598561937506,2.902798153880271,-0.00022913981038971405,-1.3179839293109339,-1.711994473134176,-1.4814289251910608,-1.5188286940204065,1.5708705186843872,-0.5319278875934046,0
112,1788173896.5590074,0.032436156520042565,-0.5571205457086271,0.2613911578539553,1.2013830263123115,-2.902801963593551,0.0004808967489925693,-1.31580096880068,-1.7144296805011194,-1.4784796873675745,-1.5191758314715784,1.5708345174789429,-0.5298164526568812,0
113,1788173896.600716,0.033909289813715306,-0.5580930615214822,0.26132588917533917,-1.2013196813329976,2.9027997320688126,-0.00023779714732308872,-1.3136542479144495,-1.7170689741717737,-1.4755552450763147,-1.5196188131915491,1.5708465576171875,-0.527633015309469,0
114,1788173896.6433387,0.035675744098019775,-0.5592061293559976,0.26131538435501067,-1.2013331038189945,2.9027832183253466,0.00016153251663050252,-1.3110516707049769,-1.7201398054706019,-1.471959416066305,-1.5203970114337366,1.5708225965499878,-0.5250423590289515,0
115,1788173896.6856468,0.03715340277166524,-0.5601659187518403,0.26134358623595266,-1.2014452376479736,2.902709447819962,0.00017755680897526692,-1.3089163939105433,-1.7226832548724573,-1.468926731740133,-1.5208995977984827,1.5708465576171875,-0.5229910055743616,0
116,1788173896.7265425,0.03863342383815521,-0.5611358845778164,0.26128987372788626,-1.2013568685510252,2.9027427168796565,0.00021789199493318622,-1.3067811171161097,-1.725274387990133,-1.4660375753985804,-1.5212233702289026,1.5708465576171875,-0.5207956472979944,0
117,1788173896.7674084,0.04017186714045974,-0.5621147077247467,0.2613342750573706,-1.201587196830482,2.902660709349591,-8.073116499223671e-05,-1.3045623938189905,-1.7277815977679651,-1.463041130696432,-1.521522347127096,1.5708585977554321,-0.5187323729144495,0
118,1788173896.8060586,0.041649015966965644,-0.5630874263409595,0.26126434738911136,-1.2012531167318417,2.9028406540636853,0.00019422997313305973,-1.3024275938617151,-1.7304685751544397,-1.4600322882281702,-1.522013012562887,1.570798635482788,-0.5163572470294397,0
119,1788173896.845733,0.04316469294497125,-0.5641113048776323,0.26128331199831695,-1.2011717140869795,2.9028417830097726,-3.56663154070346e-05,-1.3003042379962366,-1.7331317106830042,-1.4568918387042444,-1.522348705922262,1.5708465576171875,-0.5141857306109827,0
120,1788173896.8863394,0.04467270622415572,-0.5650944315690545,0.2612617403858966,-1.2011987923051823,2.902811240531573,3.882922102546386e-05,-1.2981694380389612,-1.7358067671405237,-1.4537871519671839,-1.522827450429098,1.5708585977554321,-0.5120742956744593,0
121,1788173896.9285252,0.046089090863952006,-0.5661115162211923,0.26124136053692104,-1.2008664518649272,2.9029424963631074,0.00011639976347375155,-1.2962139288531702,-1.738553826008932,-1.4505866209613245,-1.5233305136310022,1.5708585977554321,-0.5098913351642054,0
122,1788173896.9680963,0.04784222136592114,-0.5673660030463789,0.26136861761979513,-1.201238962843396,2.9028123130211774,-0.00018095249127454664,-1.2938035170184534,-1.7418044249164026,-1.4464629332171839,-1.524012867604391,1.5708585977554321,-0.5077317396747034,0
123,1788173897.0084214,0.04906216784509995,-0.56825725613764,0.2613097291427625,-1.201386720818147,2.902724735406888,-1.25410622549993e-05,-1.2921479384051722,-1.7442639509784144,-1.4436700979815882,-1.5244553724872034,1.5708705186843872,-0.5061844030963343,0
124,1788173897.0488617,0.05071670325171651,-0.5696384268847041,0.2613366405162347,-1.201392512951512,2.9027896349208144,-0.00037667920001834026,-1.2899768988238733,-1.7478025595294397,-1.439451042805807,-1.5248983542071741,1.5708345174789429,-0.5040009657489222,0
125,1788173897.0911958,0.05213758204060888,-0.5707453712122563,0.2613011869302642,-1.2015533105249847,2.902686541201894,-0.00024677668899655126,-1.2881057898150843,-1.7508261839496058,-1.4359148184405726,-1.525496784840719,1.5708585977554321,-0.5022495428668421,0
126,1788173897.1320913,0.05358060088807525,-0.57188064898146,0.2614143479478222,-1.2018419352631748,2.902594553620445,-0.0006197182765556886,-1.2862103621112269,-1.7537406126605433,-1.4321988264666956,-1.5260594526873987,1.5708585977554321,-0.5005462805377405,0
127,1788173897.1736486,0.05491997889210066,-0.5730209247327129,0.26130303932050736,1.2016906876511282,-2.902675717443646,0.00025193078607279115,-1.2844832579242151,-1.7569201628314417,-1.428614918385641,-1.526694122944967,1.5708105564117432,-0.4987104574786585,0
128,1788173897.2138069,0.05630522060302356,-0.574069533827132,0.2612548354545766,-1.2014674189422163,2.902727780173064,0.0003864727534247271,-1.2826603094684046,-1.7599909941302698,-1.4249470869647425,-1.5276997725116175,1.5708105564117432,-0.4967435042010706,0
129,1788173897.2536275,0.0577165276061712,-0.5751742387507365,0.26124961850384243,-1.2015172722810394,2.9026543659889628,0.00040046293601707226,-1.2808492819415491,-1.7630017439471644,-1.4213274160968226,-1.5283225218402308,1.5708585977554321,-0.49497968355287725,0
130,1788173897.2951348,0.05911466284519047,-0.5763032097424338,0.2612937820790363,-1.2011217832509227,2.902832793722539,0.00019654502955921216,-1.2790620962726038,-1.765989128743307,-1.4176352659808558,-1.5288966337787073,1.5708585977554321,-0.4929164091693323,0
131,1788173897.3361368,0.06054383292138027,-0.5774933000193672,0.26126459279110065,-1.20112520984395,2.9028391070405104,8.719192430249451e-05,-1.2772625128375452,-1.769179646168844,-1.4138596693622034,-1.5294116179095667,1.5708585977554321,-0.49111730257143194,0
132,1788173897.3782852,0.06223772350582729,-0.5788339429575782,0.261290670072001,-1.2010511789327831,2.9029109399142827,5.858815941131438e-05,-1.2750914732562464,-1.7728269735919397,-1.4093645254718226,-1.5302374998675745,1.5708225965499878,-0.4888852278338831,0
133,1788173897.4209342,0.06364816516864533,-0.5799250613521105,0.2613307463819152,-1.201571940853335,2.902690447169668,0.00013546426177916295,-1.273292366658346,-1.7758501211749476,-1.4055646101581019,-1.5310633818255823,1.5708225965499878,-0.4874461332904261,0
134,1788173897.463981,0.06505225308482486,-0.581076578881911,0.2613276976594242,-1.2013217655749044,2.9027754046914254,2.2435700125913836e-05,-1.271552864705221,-1.778968636189596,-1.4017770926104944,-1.5316622892962855,1.5708465576171875,-0.4855387846576136,0
135,1788173897.508,0.06675399112889276,-0.5824299888330067,0.261214514452563,-1.2015800896893503,2.9026611882420577,0.00034654872941339054,-1.2694180647479456,-1.7828195730792444,-1.3972943464862269,-1.5325000921832483,1.5708345174789429,-0.48358375230898076,0
136,1788173897.548787,0.06818610502357594,-0.5835966951154469,0.2612870887684655,-1.2016003947787288,2.9026632218905397,-2.723810338386583e-05,-1.2676542440997522,-1.785903278981344,-1.393374268208639,-1.5330985228167933,1.5708465576171875,-0.4818313757525843,0
137,1788173897.5915265,0.06956807418878234,-0.5846909114344874,0.26127881219457794,-1.2018231562562693,2.902562962308287,0.0001049512001306007,-1.2659395376788538,-1.788985554371969,-1.3895743528949183,-1.533900562916891,1.5708465576171875,-0.48027211824526006,0
138,1788173897.6341004,0.07122755322593595,-0.5860129179010235,0.2610888380040265,-1.2017096813557449,2.9025845604589766,0.00031545138618792833,-1.263900105153219,-1.7927525679217737,-1.3853676954852503,-1.5344756285296839,1.5708585977554321,-0.4781606833087366,0
139,1788173897.6788914,0.07270455339880436,-0.5871821864111515,0.26069858530061374,-1.2015825796452468,2.9026730683985695,0.00015465011513220023,-1.2620771566974085,-1.7959917227374476,-1.3823707739459437,-1.534128491078512,1.5708345174789429,-0.47624141374696904,0
140,1788173897.7220223,0.07407636163130987,-0.5883121958646107,0.2594551086332776,-1.2014688123561514,2.9026939424707736,0.000159135185987182,-1.2604334990130823,-1.7992547194110315,-1.3814833799945276,-1.531757656727926,1.5708585977554321,-0.4745257536517542,0
141,1788173897.7615504,0.07571063581545805,-0.5896028559801145,0.25693264697408513,-1.2010881699466307,2.9028103608984637,0.00043633298716731084,-1.2584546248065394,-1.803225342427389,-1.3829224745379847,-1.5265267531024378,1.5708825588226318,-0.4722946325885218,0
142,1788173897.803266,0.07718667532733406,-0.5907393616657914,0.2540415816560466,-1.2012748387259433,2.902769760847195,0.0002499141311702824,-1.2566435972796839,-1.8066924254046839,-1.3859909216510218,-1.5198701063739222,1.5708585977554321,-0.4706032911883753,0
143,1788173897.8425674,0.07859169682519394,-0.5919179413714587,0.2507168339045061,-1.2011679753864926,2.9028073153084875,0.00038154957648940647,-1.2549880186664026,-1.8104589621173304,-1.3897302786456507,-1.5124481360064905,1.5708585977554321,-0.4688757101642054,0
144,1788173897.8844063,0.0799123407607388,-0.5930956166279003,0.24757816435992164,-1.201364638305634,2.9027418963177873,8.148622943438811e-05,-1.2534764448748987,-1.8140819708453577,-1.3932302633868616,-1.5051334539996546,1.5708585977554321,-0.46749574342836553,0
145,1788173897.9268012,0.08126974307356077,-0.5942536414321934,0.2444477454880534,-1.201272329671199,2.9028165577987433,-0.0001202418874966501,-1.2518933455096644,-1.8177531401263636,-1.3966229597674769,-1.4979389349566858,1.5708345174789429,-0.4658401648150843,0
146,1788173897.969415,0.08264320892921245,-0.5953514288951616,0.24111549063367613,-1.2015007837398515,2.9026772000754026,0.0005157210430077864,-1.2502740065204065,-1.8216641584979456,-1.4000867048846644,-1.4909709135638636,1.5708465576171875,-0.46438914934267217,0
147,1788173898.0095887,0.08424908932480908,-0.5968344609403495,0.23726940516689704,-1.2012689066112072,2.902810252636888,3.385024821791181e-05,-1.2484868208514612,-1.8263662497149866,-1.4040187040912073,-1.4820283094989222,1.5708345174789429,-0.46243316331972295,0
148,1788173898.050874,0.08559323218289279,-0.5979617796818916,0.23410544922369186,-1.2013456818782617,2.902748977975689,0.00010607681906095494,-1.2469514052020472,-1.8302415052997034,-1.407158676777975,-1.475060764943258,1.5708585977554321,-0.4609578291522425,0
149,1788173898.0932813,0.08695539615671406,-0.599110328712263,0.23082711959973382,-1.2016058918380201,2.9026412801388553,0.00038998369464792826,-1.245392147694723,-1.834320370350973,-1.4102872053729456,-1.4680336157428187,1.5708465576171875,-0.45957786241640264,0
150,1788173898.1375985,0.08834771975009527,-0.600257936438098,0.2276922624833625,-1.2015568485421235,2.9026696644176226,0.0002212426959869077,-1.2437966505633753,-1.8382790724383753,-1.413260285054342,-1.460994068776266,1.5708465576171875,-0.45794660249818975,0
151,1788173898.182126,0.09001222753406002,-0.601668976982378,0.22388802870248656,-1.2015874892776237,2.9026457711273075,0.00018582915087173263,-1.241925064717428,-1.843245808278219,-1.4166162649737757,-1.4526494185077112,1.5708585977554321,-0.45609885851015264,0
152,1788173898.224191,0.0913602821001264,-0.6028708962038797,0.22066433090898285,-1.201389913457866,2.9027148409747507,0.0001855835522240198,-1.2404502073871058,-1.8475163618670862,-1.419361416493551,-1.4456341902362269,1.5708705186843872,-0.4544909636126917,0
153,1788173898.2641244,0.09291917456893987,-0.6043017776396549,0.2168866056545815,-1.201496377845798,2.9026763198214103,5.794994554979034e-05,-1.2387707869159144,-1.852591339741842,-1.4224899450885218,-1.4373491446124476,1.5708705186843872,-0.45288354555238897,0
154,1788173898.3046546,0.09396770549033744,-0.6051894715426478,0.21425853907177272,-1.2012348928736314,2.9028318835775804,0.0004913549960625406,-1.2375834623919886,-1.8560579458819788,-1.4246590773211878,-1.431986157094137,1.5708105564117432,-0.45150453249086553,0
155,1788173898.3468874,0.09532535563761795,-0.6063922334794537,0.21099211299318552,-1.2013268829565305,2.9027623372674487,0.0006410459822269057,-1.2361200491534632,-1.8605569044696253,-1.4271529356585901,-1.4250901381122034,1.5708345174789429,-0.4501121679889124,0
156,1788173898.390988,0.09686654289498914,-0.6078537631839711,0.2072687870142291,-1.2010139322623834,2.9029423825059473,2.6363442077429905e-05,-1.2345007101642054,-1.8657034079181116,-1.43007737794985,-1.4166258017169397,1.5708105564117432,-0.4482649008380335,0
157,1788173898.4342144,0.0984353874976705,-0.6092687230107404,0.20345274856669368,-1.2013294022493435,2.902766446951393,0.00019683327801772832,-1.2328451315509241,-1.8711140791522425,-1.4327505270587366,-1.4086526075946253,1.5708465576171875,-0.44683772722353154,0
158,1788173898.4775827,0.09984124525852271,-0.6104898173810868,0.20022677684868675,-1.2014901741000392,2.9026633005498894,0.00013637286363899474,-1.2313454786883753,-1.8757684866534632,-1.4349196592914026,-1.401792351399557,1.5708825588226318,-0.4454577604876917,0
159,1788173898.5207138,0.10108230050700998,-0.6117176172275867,0.19707362355293218,-1.2014909442509123,2.902667106850968,2.4352629963648558e-05,-1.230098072682516,-1.8803752104388636,-1.4369576613055628,-1.395076100026266,1.5708825588226318,-0.4442098776446741,0
160,1788173898.5595286,0.102279836113598,-0.612990458728155,0.1938057163571544,-1.2020056966512278,2.9024849961943535,0.00025326448348001986,-1.2289350668536585,-1.8852699438678187,-1.4388397375689905,-1.3884432951556605,1.5708465576171875,-0.4433940092669886,0
161,1788173898.6021178,0.10375720583186716,-0.6145805850397636,0.19021939859096137,-1.2026773443949659,2.9022333929282174,-0.0001376848336895746,-1.2275312582599085,-1.8910163084613245,-1.4404814879046839,-1.3808053175555628,1.5708345174789429,-0.44244653383363897,0
162,1788173898.643864,0.10502902473303562,-0.61589961541901,0.18806454783549997,-1.2032576759501867,2.901959041838673,-0.0002967320252857022,-1.2263196150409144,-1.8955267111407679,-1.4400141874896448,-1.376662556325094,1.5708705186843872,-0.4416430632220667,0
163,1788173898.6873205,0.10624369492864331,-0.6171412556159296,0.18668152590155165,-1.203911588622916,2.901719442651148,-7.69787576536101e-05,-1.2251322905169886,-1.8996060530291956,-1.4380486647235315,-1.3746870199786585,1.5708345174789429,-0.4408987204181116,0
164,1788173898.72865,0.10742757160719316,-0.6184372236837212,0.1861816653278414,-1.2043126614910957,2.9015564191282213,-0.00018466451712897833,-1.2240408102618616,-1.9033010641681116,-1.4343445936786097,-1.374627415333883,1.5708345174789429,-0.4400828520404261,0
165,1788173898.7688224,0.10883355942417339,-0.620043222615214,0.18616878483312835,-1.2041871129944928,2.9015958533032333,-0.00020191629992513842,-1.222792927418844,-1.9076197783099573,-1.428495232258932,-1.3761475721942347,1.5708465576171875,-0.43875152269472295,0
166,1788173898.8128245,0.10997954232289799,-0.6213577443482584,0.18610519875665796,-1.2039721945703943,2.9016700616374473,-0.00014356436526250665,-1.2217853705035608,-1.9112065474139612,-1.423748795186178,-1.3773449102984827,1.5708585977554321,-0.4375994841205042,0
167,1788173898.8518567,0.11118540942614928,-0.6226618177889217,0.18614703250379888,-1.2041816673010493,2.9015885800707326,-0.00032979692674186916,-1.220682446156637,-1.9146741072284144,-1.418917481099264,-1.378589932118551,1.5708585977554321,-0.4366396109210413,0
168,1788173898.8917956,0.11240406462667307,-0.6240105830020638,0.18614377518145186,-1.204010336418497,2.901664238951024,-0.0004965803024315281,-1.2195904890643519,-1.9182847181903284,-1.4139912764178675,-1.3797991911517542,1.5708585977554321,-0.4354284445392054,0
169,1788173898.934224,0.11358424646344935,-0.6252964965088007,0.18613376524385836,-1.2038917606087898,2.9017243990588932,-0.00043585092222181367,-1.218522850667135,-1.921811882649557,-1.4091489950763147,-1.3811524550067347,1.5708465576171875,-0.4342764059649866,0
170,1788173898.9777558,0.11493841282604152,-0.6268194347421404,0.18616324583558316,-1.203958573995258,2.9016880515948924,-0.00013342138946646076,-1.2173355261432093,-1.9260347525226038,-1.403191391621725,-1.3830798308001917,1.5708465576171875,-0.43313724199403936,0
171,1788173899.0194142,0.11607519772791654,-0.6281118098485002,0.1861949821273732,-1.2038886709376857,2.9017189215973676,-0.00020669415050073736,-1.2163518110858362,-1.9295137564288538,-1.3983009497271937,-1.384444538746969,1.5708465576171875,-0.4321048895465296,0
172,1788173899.0607476,0.11727253320872356,-0.6293984886805875,0.18610642312820375,-1.2035850910931045,2.901821810395456,0.00017215109235036254,-1.2152841726886194,-1.933209244404928,-1.3933385054217737,-1.3859532515155237,1.5708585977554321,-0.43083364168276006,0
173,1788173899.1014924,0.11846981266921683,-0.6306990692217416,0.18609043219279767,-1.20366470914296,2.9018182552853573,4.340669560959222e-05,-1.2142165342914026,-1.9367483297931116,-1.3884719053851526,-1.3871977964984339,1.5708345174789429,-0.4298136870013636,0
174,1788173899.1444418,0.1197230413532785,-0.6318986151104066,0.18611997879605915,-1.2036591582615637,2.9018029313691285,0.00023218798610201422,-1.2130287329303187,-1.9401667753802698,-1.3835933844195765,-1.3887785116778772,1.5708465576171875,-0.4286263624774378,0
175,1788173899.186025,0.12104323916145329,-0.6331733942913181,0.18612032134390788,-1.2035607793457979,2.901817943479688,0.00023400505858548246,-1.2117937246905726,-1.9437544981585901,-1.378570858632223,-1.3902152220355433,1.5708705186843872,-0.4273298422442835,0
176,1788173899.2270696,0.12259172906897023,-0.634690636487684,0.18609274789732547,-1.2039237589900922,2.9017077447193786,0.000182879219943745,-1.2103422323810022,-1.9480131308185022,-1.372673813496725,-1.3918197790728968,1.5708345174789429,-0.42611867586244756,0
177,1788173899.2695599,0.12387549047192954,-0.6359610179560148,0.18613275848844643,-1.2039521643767772,2.901727335119432,-5.840813676596542e-05,-1.2091544310199183,-1.9514926115619105,-1.367711369191305,-1.3931482473956507,1.5708105564117432,-0.42494279543031865,0
178,1788173899.3109207,0.12517908233824246,-0.6372637528098033,0.1861377434322213,-1.2038064043263523,2.901768854767916,-0.0003956760492216157,-1.2079785505877894,-1.955055061970846,-1.362725083027975,-1.394357983266012,1.5708345174789429,-0.4236710707293909,0
179,1788173899.3548703,0.12647961602199184,-0.6384488594938635,0.18603626888711264,-1.2041269374016557,2.9016111100321185,0.00016982860438726798,-1.2067435423480433,-1.9586785475360315,-1.35777455965151,-1.3960455099688929,1.5708465576171875,-0.4226630369769495,0
180,1788173899.3971539,0.12800120559488387,-0.6399766379188496,0.18604842515167333,-1.2040870574286735,2.9016126673947205,-0.00039188949710842883,-1.2053878943072718,-1.9628170172320765,-1.3519614378558558,-1.397363011037008,1.5708705186843872,-0.4212835470782679,0
181,1788173899.4379387,0.12916963032899076,-0.6412701803917227,0.18549389205922895,-1.2039748373298482,2.9016861840417008,-0.0004611521613120378,-1.2044041792498987,-1.9666321913348597,-1.3479817549334925,-1.397482697163717,1.5708465576171875,-0.4202159086810511,0
182,1788173899.4789553,0.1303312912330819,-0.6425575643833377,0.1845326528381133,-1.2042636933998527,2.901547850070358,-0.00017256925046236498,-1.2034443060504358,-1.9707234541522425,-1.3445895353900355,-1.3969677130328577,1.5708585977554321,-0.4194596449481409,0
183,1788173899.5209033,0.13149542844389564,-0.643816231410571,0.18281575777966472,-1.2050321067039371,2.901236315446741,0.00013946129865275055,-1.202461067830221,-1.9750784079181116,-1.3427556196795862,-1.3946450392352503,1.5708465576171875,-0.41900426546205694,0
184,1788173899.5631976,0.1329494197729579,-0.6454041401211699,0.17961337007967387,-1.2067584407753125,2.9005285551949824,0.0003279225273553662,-1.2012494246112269,-1.9809687773333948,-1.3425639311419886,-1.3890660444842737,1.5708345174789429,-0.4189804236041468,0
185,1788173899.6036587,0.13412315937170677,-0.6468474560530897,0.17630280366458892,-1.2082665326640745,2.899887051059945,0.0003656722821664862,-1.200373951588766,-1.9864276091205042,-1.3432710806476038,-1.3829243818866175,1.5708465576171875,-0.4191482702838343,0
186,1788173899.6447878,0.1350077484063725,-0.6483819819592249,0.17323488017763716,-1.2092203879264214,2.899484962354049,-0.00014395020778891477,-1.1999662558185022,-1.9917181173907679,-1.3436549345599573,-1.3769257704364222,1.5708585977554321,-0.4193995634662073,0
187,1788173899.6858025,0.13583379530485912,-0.6498699147747744,0.1700263578835392,-1.210067105506112,2.899114045353619,0.00013863927015148538,-1.199618164693014,-1.9972251097308558,-1.343942944203512,-1.3713110128985804,1.5708705186843872,-0.4196398893939417,0
188,1788173899.726993,0.1364588253607196,-0.6514627751735901,0.16682224755265562,-1.210850354612288,2.898837969169656,0.00019511556043968995,-1.1995943228351038,-2.0028393904315394,-1.344074551259176,-1.3655999342547815,1.5708225965499878,-0.4201439062701624,0
189,1788173899.7685168,0.13698431254264373,-0.6530732596988358,0.1636191409268146,-1.212000186861396,2.8983609412294515,-1.3068171323417088e-05,-1.199737850819723,-2.0084059874164026,-1.3442900816546839,-1.35968524614443,1.5708225965499878,-0.42107993761171514,0
190,1788173899.809816,0.1373050304947153,-0.6549529463454659,0.15979210005211142,-1.2135720061589357,2.8976757920991085,6.377119001874975e-05,-1.2003257910357874,-2.014956299458639,-1.3446133772479456,-1.352861229573385,1.5708465576171875,-0.42275935808290654,0
191,1788173899.8516498,0.13747397545268392,-0.6565649380722768,0.15659658836935067,-1.2146582811594058,2.897244780752326,0.0001583036061276266,-1.2009614149676722,-2.0205228964435022,-1.3447096983539026,-1.3472579161273401,1.5708225965499878,-0.4241388479815882,0
192,1788173899.890808,0.13764964996804827,-0.6581781297711354,0.15340123460162952,-1.2158015438883356,2.8967540255864344,6.264244769574507e-05,-1.2015975157367151,-2.0260775724994105,-1.3448293844806116,-1.3415229956256312,1.5708345174789429,-0.42556697527040654,0
193,1788173899.932983,0.13779257838322811,-0.6598212815906552,0.15024237989241016,-1.2169456995842383,2.896265403528151,-0.00018354642039229206,-1.2022927443133753,-2.031656567250387,-1.3448174635516565,-1.335799519215719,1.5708465576171875,-0.4270542303668421,0
194,1788173899.9753077,0.13795633471621552,-0.6613861956405133,0.14688987725024533,-1.2177449325884435,2.895930447301096,0.00040016665461322195,-1.202905003224508,-2.0374630133258265,-1.3448174635516565,-1.3303645292865198,1.5708345174789429,-0.4282181898700159,0
195,1788173900.0196114,0.13818267258075903,-0.6633105198903901,0.14309638009624473,-1.2191574149456315,2.8953032127189475,9.959753523800802e-05,-1.2036364714251917,-2.044169251118795,-1.3447335402118128,-1.3235519568072718,1.5708705186843872,-0.42993337312807256,0
196,1788173900.0626512,0.13842147973189683,-0.6649101139928713,0.13982998637106114,-1.2202781360891737,2.894857405206708,8.124161138183764e-05,-1.2041524092303675,-2.0499404112445276,-1.3446014563189905,-1.3179004828082483,1.5708465576171875,-0.4312170187579554,0
197,1788173900.1030984,0.13882311610353007,-0.6664888049074534,0.13675517758661299,-1.2215038316313291,2.8943694043082933,-5.007563940666649e-05,-1.204428497944967,-2.0556266943561,-1.3440864721881312,-1.3126447836505335,1.5708225965499878,-0.4323328177081507,0
198,1788173900.1455476,0.13936909487538396,-0.6680085810537973,0.13347892260045474,-1.2228099500689171,2.8937792130792817,0.0004928611472127441,-1.2044881025897425,-2.06161338487734,-1.3435114065753382,-1.3075798193561,1.5708465576171875,-0.43330461183656865,0
199,1788173900.1886773,0.14004263895426253,-0.6699676276090286,0.12971832702402306,-1.2237335347727825,2.893397879015495,9.982219686717784e-05,-1.2045958677874964,-2.068739716206686,-1.342588249837057,-1.3011263052569788,1.5708465576171875,-0.43404847780336553,0
200,1788173900.2305372,0.14071399246438135,-0.6716280117889091,0.12644109263293452,-1.2243415287425419,2.8931433314045507,-1.3973266986416399e-05,-1.204548184071676,-2.0749900976764124,-1.3416531721698206,-1.2957385222064417,1.5708465576171875,-0.43442041078676397,0
201,1788173900.272577,0.14132645094572893,-0.6732324896119003,0.12327142633072022,-1.2248320254872613,2.8929474665696975,4.2055037416613105e-05,-1.204548184071676,-2.0810964743243616,-1.3405984083758753,-1.2907221953021448,1.5708345174789429,-0.43475658098329717,0
202,1788173900.3140016,0.14213525246734454,-0.6751058485043518,0.1194300164548015,-1.2258128759529487,2.8925112365904617,0.00036251936502959716,-1.204428497944967,-2.088486973439352,-1.3392556349383753,-1.2848790327655237,1.5708465576171875,-0.43532020250429326,0
203,1788173900.3550634,0.1427931134347022,-0.6765990321648852,0.11627049897681088,-1.2268263083746889,2.892100024804066,0.00013634504675889912,-1.2043083349811,-2.09434158006777,-1.33854848543276,-1.2795870939837855,1.5708345174789429,-0.43589622179140264,0
204,1788173900.3955905,0.14337896514514736,-0.6778807557504222,0.11297232581871339,-1.2281658025656064,2.8915425763320988,0.00021033762432575554,-1.2041762510882776,-2.099896256123678,-1.3386085669146937,-1.2740190664874476,1.5708225965499878,-0.4366877714740198,0
205,1788173900.4378614,0.1436217380392479,-0.6786276768326155,0.10980529978995815,-1.2290350089144213,2.891129033930039,0.0004134108931331097,-1.2042482534991663,-2.1040476004229944,-1.3404906431781214,-1.268116299306051,1.5708585977554321,-0.4373720327960413,0
206,1788173900.4794116,0.14368017757244467,-0.6787419948583251,0.10652610238130159,-1.229766907622092,2.890828998689098,0.00048666729311509706,-1.2042244116412562,-2.1067469755755823,-1.344985310231344,-1.2609685103045862,1.5708465576171875,-0.43785173097719365,0
207,1788173900.522868,0.14370610089907968,-0.678801847607486,0.10285810067742687,-1.2305664874418811,2.8904947488361383,-0.00028501079365349534,-1.2042244116412562,-2.109410111104147,-1.3507269064532679,-1.2520726362811487,1.5708585977554321,-0.43840343156923467,0
208,1788173900.565595,0.14367725649964758,-0.6787571747227799,0.0995668975582844,-1.2317100231957472,2.8900067073589373,0.00027627175109350805,-1.2042363325702112,-2.1119659582721155,-1.3554251829730433,-1.2451756636248987,1.5708465576171875,-0.43920690218080694,0
209,1788173900.6071973,0.14369689848517778,-0.6787855474496707,0.09654048329680306,-1.2329291950111176,2.8895011866141957,-0.0002926222829130065,-1.2042244116412562,-2.1142333189593714,-1.3600638548480433,-1.2379072348224085,1.5708465576171875,-0.44003516832460576,0
210,1788173900.6482437,0.143722979400775,-0.6787993188411822,0.09323381240918627,-1.233756844390868,2.8891354186739404,-0.0003150448529297614,-1.2042000929461878,-2.116896454487936,-1.3647506872760218,-1.2305434385882776,1.5708585977554321,-0.4405868689166468,0
211,1788173900.690826,0.14369744582934763,-0.6787404856222127,0.08941099257601787,-1.2347470119944723,2.8887192293565764,-6.961587022879987e-05,-1.2042000929461878,-2.119920078908102,-1.3702285925494593,-1.2221978346454065,1.5708465576171875,-0.44127065340151006,0
212,1788173900.7318678,0.14369890485522185,-0.6787595470835327,0.08614334317249717,-1.2354847551739117,2.88843088481275,-0.00010863910670182842,-1.2042000929461878,-2.122655216847555,-1.3747237364398401,-1.2149418036090296,1.5708225965499878,-0.44177467027773076,0
213,1788173900.774761,0.14386480858151918,-0.6787643578638041,0.08296647420083758,-1.2362179975815641,2.888086318742862,7.3319772508979e-05,-1.20398456255068,-2.12547475496401,-1.3788107077227991,-1.2081521193133753,1.5708465576171875,-0.44207460085024053,0
214,1788173900.8168743,0.1449101640734601,-0.6789693446999501,0.07976359005705158,-1.2371235473330593,2.887710329215243,0.00012723847455936243,-1.2026646772967737,-2.129181687031881,-1.3815673033343714,-1.2017224470721644,1.5708345174789429,-0.44137889543642217,0
215,1788173900.8580585,0.14691720710412193,-0.6794201443117253,0.07607457883628296,-1.2391067261348798,2.886838867957685,-8.056218477252838e-05,-1.20018178621401,-2.1342924276935022,-1.383425537739889,-1.1946218649493616,1.5708585977554321,-0.44027501741518194,0
216,1788173900.8981545,0.14850274872189065,-0.6797972258240982,0.0739924220285656,-1.24081185532224,2.886130450895998,-0.0005581461095981034,-1.198226277028219,-2.1375916639911097,-1.3838570753680628,-1.1905863920794886,1.5708465576171875,-0.4394949118243616,0
217,1788173900.9362636,0.15007831082164882,-0.6800961504563944,0.07259748847524736,-1.241458149392584,2.8858227098548483,-0.00041923713131744643,-1.1962593237506312,-2.1402910391436976,-1.3832700888263147,-1.1885631720172327,1.5708705186843872,-0.4379833380328577,0
218,1788173900.9777462,0.1517066428231233,-0.6803029956948646,0.07182164246839196,-1.242274785810765,2.885480767397048,0.0003561956840288703,-1.194160286580221,-2.1424387137042444,-1.3817713896380823,-1.1884072462665003,1.5708465576171875,-0.43644792238344365,0
219,1788173901.02078,0.1533091130331149,-0.6806306490671868,0.07193053546044437,-1.2419009751023597,2.8856618267314307,1.924175330691728e-05,-1.1921690146075647,-2.1437581221209925,-1.3793743292437952,-1.1892698446856897,1.5708345174789429,-0.4341924826251429,0
220,1788173901.0624766,0.15487868673390048,-0.6809865347593979,0.07189120039502025,-1.2419137929594728,2.885644239318163,-3.72880783791812e-05,-1.1902497450457972,-2.145341698323385,-1.3769047896014612,-1.190120045338766,1.5708465576171875,-0.4322851339923304,0
221,1788173901.1016629,0.15652033914487096,-0.6813644815162324,0.07193295641218739,-1.2416043703026816,2.8857816587544485,-0.0003006981298603395,-1.1882460753070276,-2.146889034901754,-1.3743041197406214,-1.1910055319415491,1.5708465576171875,-0.43006593385805303,0
222,1788173901.1415994,0.15808485087251437,-0.681734817155606,0.07199873140515337,-1.2413568877646826,2.885875428099374,-0.0003556302405275287,-1.1863506476031702,-2.1484254042254847,-1.3716190497027796,-1.1921194235431116,1.5708585977554321,-0.4280021826373499,0
223,1788173901.1793036,0.1596387138502647,-0.682078829092922,0.07209122672992355,-1.241496011518472,2.885819729367319,-0.0006931961443064822,-1.184455696736471,-2.1498053709613245,-1.3691619078265589,-1.1929815451251429,1.5708585977554321,-0.4262025992022913,0
224,1788173901.2208743,0.16126141321249501,-0.6822171578969194,0.07197222105099127,-1.2415355954185332,2.885771505352071,-0.00035594406234363207,-1.182368580495016,-2.1511486212359827,-1.3672316710101526,-1.1937835852252405,1.5708825588226318,-0.42415076891054326,0
225,1788173901.2622666,0.16284784011855685,-0.6822810949178997,0.07195860742518978,-1.2417626131826414,2.885726828614372,-0.000466080154322143,-1.1802690664874476,-2.1520965735064905,-1.3657334486590784,-1.1942628065692347,1.5708345174789429,-0.42219525972475225,0
226,1788173901.3025417,0.1644753788491806,-0.6822440569206738,0.07189394441650487,-1.2418205505893278,2.885671989304776,-0.0001466857315597915,-1.1780861059771937,-2.15302020708193,-1.364342991505758,-1.1949332396136683,1.5708585977554321,-0.42005998293031865,0
227,1788173901.3442078,0.16603944167549828,-0.6821855560699077,0.07186833758608902,-1.2420043038977238,2.8855760619318147,0.00030565643899480466,-1.1759746710406702,-2.1538718382464808,-1.362941090260641,-1.1957715193377894,1.5708705186843872,-0.4180801550494593,0
228,1788173901.3854306,0.16799707555223387,-0.6821713020796885,0.07184184363066981,-1.2421646102856168,2.8855203439252484,0.0003428334399756653,-1.1733596960650843,-2.1549275557147425,-1.361274544392721,-1.1964057127581995,1.5708585977554321,-0.41557294527162725,0
229,1788173901.4266298,0.16954942948090754,-0.6822159328561732,0.07187309655856622,-1.24172063917323,2.8857259584952666,0.00015668856267147657,-1.1713197867022913,-2.1557915846454065,-1.3598006407367151,-1.1968968550311487,1.5708465576171875,-0.41322166124452764,0
230,1788173901.470426,0.17123641575846024,-0.6822259221841925,0.07191410413120516,-1.2419101984143222,2.8856453585123347,-6.858572915700497e-05,-1.169089142476217,-2.1566432158099573,-1.358326260243551,-1.1973760763751429,1.5708465576171875,-0.4111221472369593,0
231,1788173901.513127,0.1728529382192794,-0.6822057103204515,0.07190176437838924,-1.2416833932372267,2.885690554216601,7.0485458117031735e-06,-1.1669538656817835,-2.1575310865985315,-1.3568881193744105,-1.1979745070086878,1.570894479751587,-0.40884286562074834,0
232,1788173901.5560946,0.174557085379871,-0.682185672845534,0.07189231035318408,-1.241441562654533,2.8858467528373457,0.00021489742006354224,-1.1646745840655726,-2.1585028807269495,-1.3552816549884241,-1.1987412611590784,1.5708465576171875,-0.4063828627215784,0
233,1788173901.5955744,0.1758831956737245,-0.6821773266737201,0.07191378982692476,-1.242128281128523,2.8855382209468448,6.374406055893796e-05,-1.1629236380206507,-2.1591747442828577,-1.3541424910174769,-1.1991122404681605,1.5708585977554321,-0.4051111380206507,0
234,1788173901.636968,0.17622267881954698,-0.6822048094921578,0.07193089137134423,-1.241921132728555,2.8856271835823817,-0.00010473124110271673,-1.1624916235553187,-2.1593669096576136,-1.35380727449526,-1.1991480032550257,1.5708585977554321,-0.4045355955706995,0
235,1788173901.6780643,0.17623539701964747,-0.6822411306690808,0.07132603071682608,-1.2418391331887553,2.8856753749433075,-0.0002515690228690548,-1.1624916235553187,-2.159942928944723,-1.3545387426959437,-1.197747055684225,1.5708465576171875,-0.4044755140887659,0
236,1788173901.7184613,0.17626024959038233,-0.6822279183224772,0.06993315187012636,-1.2419704450772828,2.8856451380387136,-0.00011457459810791563,-1.1624434630023401,-2.1611903349505823,-1.3562763373004358,-1.1948493162738245,1.5708225965499878,-0.40451175371278936,0
237,1788173901.7611735,0.17625869192950772,-0.6822732396444482,0.06787638351547615,-1.2418919841711327,2.8856522709765344,-0.0004994886549554793,-1.1624792257892054,-2.1630142370807093,-1.3589728514300745,-1.1900838057147425,1.5708465576171875,-0.4044998327838343,0
238,1788173901.8017476,0.17624096679673318,-0.6821626539454704,0.06413528103254124,-1.241904124044632,2.885635063840169,0.00032744583635853185,-1.1624434630023401,-2.166361157094137,-1.3635881582843226,-1.182648007069723,1.5708585977554321,-0.4044755140887659,0
239,1788173901.8439066,0.1761951002999682,-0.6821551045067902,0.06081953296055437,-1.241829985108562,2.885654179762849,0.0004937536698731084,-1.1625035444842737,-2.169408146535055,-1.3676517645465296,-1.175643269215719,1.5708705186843872,-0.404487435017721,0
240,1788173901.885989,0.17624218127900623,-0.682243235627804,0.05771974211708161,-1.2417982414898188,2.8856277051907413,-0.00024389506331900374,-1.1625035444842737,-2.172323528920309,-1.3714993635760706,-1.168410603200094,1.5709065198898315,-0.4044755140887659,0
241,1788173901.9270616,0.17621088507513158,-0.682162737247672,0.054464645271689205,-1.2419439088948405,2.8856308633630903,0.00018434750692427593,-1.1624792257892054,-2.1753228346454065,-1.3754542509662073,-1.1617291609393519,1.5708465576171875,-0.4045355955706995,0
242,1788173901.9644604,0.17622806731490026,-0.682167976451554,0.05130200164467033,-1.241920151184347,2.8855756604950917,6.768017207860874e-05,-1.1624792257892054,-2.1783583799945276,-1.3791945616351526,-1.1548789183246058,1.5709065198898315,-0.4045355955706995,0
243,1788173902.0058463,0.1762125012611555,-0.6822021829001761,0.048113915775630844,-1.2419039417219129,2.885634607645925,-8.600687427433899e-05,-1.1625035444842737,-2.1814897696124476,-1.382862393056051,-1.1479819456683558,1.5708585977554321,-0.4045355955706995,0
244,1788173902.0471587,0.17620477835870657,-0.6821703552329257,0.04488317998799721,-1.241891657265884,2.8856534548321293,0.0002674870562912548,-1.1624916235553187,-2.1847050825702112,-1.3864339033709925,-1.1414201895343226,1.5708465576171875,-0.40451175371278936,0
245,1788173902.0906491,0.17623279852585197,-0.682262947990954,0.041786534055720054,-1.2418617179080376,2.885678588446472,-0.0003766908633692557,-1.1625035444842737,-2.1878603140460413,-1.3899100462542933,-1.134378735219137,1.5708345174789429,-0.4044998327838343,0
246,1788173902.1337757,0.1762436409205077,-0.6822453729129045,0.03788458977406903,-1.2418617914487735,2.885678766597906,-0.0002261397015329184,-1.1624792257892054,-2.191843334828512,-1.3941295782672327,-1.1262720266925257,1.5708345174789429,-0.4044755140887659,0
247,1788173902.1751552,0.1762238661432269,-0.6821718445235224,0.03459138391528782,-1.242254927448096,2.885497146023543,0.0003348891790158012,-1.1624673048602503,-2.195226017628805,-1.3975938002215784,-1.1197822729693812,1.5708465576171875,-0.40473920503725225,0
248,1788173902.2148554,0.17620702829587676,-0.6821538225449938,0.031465244780524954,-1.2434670089757502,2.884975068737734,0.000518360693575073,-1.1624792257892054,-2.1985018889056605,-1.400842014943258,-1.1133750120746058,1.5708465576171875,-0.40559131303896123,0
249,1788173902.2560234,0.1762199694236788,-0.6822620849621699,0.02914622447780643,-1.2445335440662,2.8845012726184467,-0.0004306379720484732,-1.162527863179342,-2.200960938130514,-1.4033950010882776,-1.1077588240252894,1.5708585977554321,-0.4063828627215784,0
250,1788173902.297179,0.1762335291683207,-0.6822220002592321,0.02702050571290776,-1.245392486723447,2.884157117986383,0.00010634462016466156,-1.1624792257892054,-2.2032883802997034,-1.4053729216205042,-1.103795353566305,1.5708345174789429,-0.40692311922182256,0
251,1788173902.3388078,0.17623651607859026,-0.6822219816066329,0.026323411672385943,-1.2454915395130677,2.884101212268488,7.190046287581206e-05,-1.1624792257892054,-2.2040322462665003,-1.4060919920550745,-1.1023104826556605,1.5708465576171875,-0.40699512163271123,0
252,1788173902.3813615,0.1762092566658202,-0.6822511667757577,0.026335526899696204,-1.245391086330651,2.8841576456551428,-5.993732517662236e-05,-1.162527863179342,-2.2040322462665003,-1.4060800711261194,-1.1022384802447718,1.5708345174789429,-0.4069708029376429,0
253,1788173902.422802,0.1762483558154394,-0.6822353714367505,0.026321927900018277,-1.245496299464134,2.884112228925665,-2.2485647737938748e-05,-1.1624673048602503,-2.2040441671954554,-1.4060919920550745,-1.1022384802447718,1.5708345174789429,-0.40698320070375615,0
254,1788173902.4660828,0.1763010624789567,-0.6825748143476345,0.026381957749992163,-1.245621348758049,2.8840711764435922,-0.00011463296791316135,-1.1625874678241175,-2.2046926657306116,-1.4048216978656214,-1.1028016249286097,1.5708225965499878,-0.4071868101703089,0
255,1788173902.5073571,0.17644185273337196,-0.6833155869343065,0.026329264530603358,-1.246065625436893,2.8838662775651436,-0.0002651967166304563,-1.1628277937518519,-2.2063358465777796,-1.4021723906146448,-1.1037119070636194,1.5708345174789429,-0.4077385107623499,0
256,1788173902.5476592,0.17647256440471215,-0.6846597947811716,0.026273751893833824,-1.246507063292622,2.8836491940267277,0.00018636932167278973,-1.1635587851153772,-2.2093351523028772,-1.397090260182516,-1.1060822645770472,1.5708585977554321,-0.40878230730165654,0
257,1788173902.5918148,0.1764016842889296,-0.6859579880810767,0.026392885289756057,-1.246524397981828,2.883642069960746,-0.00024588441723539785,-1.1643865744220179,-2.211782757435934,-1.3926070372210901,-1.107842747365133,1.5708585977554321,-0.40962201753725225,0
258,1788173902.6317563,0.1763823112206932,-0.6863728307539427,0.026389289970290386,-1.2463441780811586,2.883746165132327,-0.00018816333375330874,-1.1646383444415491,-2.212658707295553,-1.3910968939410608,-1.108513657246725,1.5708345174789429,-0.40974218050111944,0
259,1788173902.672179,0.1764495984447837,-0.6863735843328926,0.026422634614108764,-1.2463910522185346,2.8837130087843246,-0.0003964136216950495,-1.1645544211017054,-2.2126105467425745,-1.391120735798971,-1.1084054152118128,1.5708465576171875,-0.4096940199481409,0
260,1788173902.7156289,0.17643013187720738,-0.6863644677701503,0.026401938057025037,-1.246385559615048,2.8837021887147003,-0.0003193002673654014,-1.1645787397967737,-2.212622944508688,-1.3911450544940394,-1.108417812977926,1.5708585977554321,-0.4097178618060511,0
261,1788173902.7570083,0.17642531734272063,-0.6863521057506417,0.026385782575229277,-1.246348933995683,2.8837571695664916,-0.0002622792107243839,-1.1645663420306605,-2.212622944508688,-1.3911812941180628,-1.108417812977926,1.5708225965499878,-0.40967017809023076,0
262,1788173902.8010278,0.1764263485767566,-0.686340659427623,0.026389948860857493,-1.2463394071369591,2.883735122257022,-0.00020691586854154438,-1.1645663420306605,-2.2126105467425745,-1.3911812941180628,-1.1084654966937464,1.5708465576171875,-0.40967017809023076,0
263,1788173902.8435998,0.17643325328187773,-0.6863497547736939,0.026385057708697562,-1.246334639781071,2.883724087111411,-0.00022567256488997692,-1.1645663420306605,-2.212634865437643,-1.3911564985858362,-1.1084540526019495,1.5708585977554321,-0.40967017809023076,0
264,1788173902.885091,0.17641125772834998,-0.6863978793479355,0.02625833818509532,-1.2463264493437014,2.883754214607962,-0.0005454364388229307,-1.164614502583639,-2.212778393422262,-1.391324822102682,-1.107938591633932,1.5708345174789429,-0.409705940877096,0
265,1788173902.9257007,0.1764239890715067,-0.6863278945360246,0.025067671180934864,-1.2463659562614857,2.883749368625585,0.00011821644587968008,-1.1645544211017054,-2.214074436818258,-1.3923676649676722,-1.1060221830951136,1.5708225965499878,-0.40967017809023076,0
266,1788173902.963198,0.17643347320787275,-0.686336098639977,0.023386758685118858,-1.246356418561653,2.8837273086236017,0.0001818161041149018,-1.1645544211017054,-2.215921703969137,-1.3939617315875452,-1.1026213804828089,1.5708465576171875,-0.40967017809023076,0
267,1788173903.0025418,0.1764068703750339,-0.6863173455361206,0.021060846011087042,-1.2463211969628019,2.883742119177405,0.0004941484679770644,-1.1645787397967737,-2.2184651533709925,-1.3961551825152796,-1.0980833212481897,1.5708465576171875,-0.40967017809023076,0
268,1788173903.0443275,0.17639428863508716,-0.6862880953093122,0.018866838412900017,-1.246321152370365,2.8837420213714315,0.0005787855439365067,-1.1645787397967737,-2.220816437398092,-1.398348633443014,-1.0935924688922327,1.5708465576171875,-0.40967017809023076,0
269,1788173903.0880055,0.17641823430677497,-0.6863368081079588,0.01772937623286147,-1.2463510207318416,2.883716699021783,3.9471007343884976e-05,-1.1645787397967737,-2.2220523993121546,-1.3995593229876917,-1.0908024946795862,1.5708585977554321,-0.4096940199481409,0
270,1788173903.1308079,0.17643200954007346,-0.6864391711822327,0.017410597857613036,-1.2462873325159902,2.8837580906704168,-0.0006360958976780988,-1.164614502583639,-2.2224600950824183,-1.3998830954181116,-1.0896409193622034,1.5708465576171875,-0.40968209901918584,0
271,1788173903.1729283,0.17645070183233405,-0.6864968054432826,0.017544315509597036,-1.2462483203505081,2.8837621830115743,-0.0010121237889902145,-1.164626423512594,-2.2223523298846644,-1.3997514883624476,-1.0896409193622034,1.5708585977554321,-0.40967017809023076,0
272,1788173903.2131982,0.17647016605374347,-0.6864994697146741,0.017519353428639806,-1.2463141528306692,2.8837729547716386,-0.0010307608829402595,-1.1645906607257288,-2.222388569508688,-1.3997634092914026,-1.0895808378802698,1.5708225965499878,-0.40967017809023076,0
273,1788173903.2558048,0.17645808195435955,-0.6864786602682519,0.01751178852003199,-1.2462702434152597,2.883765731328124,-0.0009184680044519439,-1.1646025816546839,-2.2223761717425745,-1.3997872511493128,-1.0896409193622034,1.5708465576171875,-0.4096582571612757,0
274,1788173903.2971013,0.1764380468585536,-0.6864881839449818,0.01751139831810314,-1.246279737716013,2.883787728715014,-0.000898936571831793,-1.164626423512594,-2.222388569508688,-1.3997634092914026,-1.0896647612201136,1.5708225965499878,-0.40968209901918584,0
275,1788173903.3392956,0.17644745920912616,-0.6864681353024686,0.017525808122198255,-1.2462826375508147,2.883747201206309,-0.0008428501188660837,-1.164614502583639,-2.2223523298846644,-1.3997753302203577,-1.0897248427020472,1.5708585977554321,-0.40968209901918584,0
276,1788173903.3818681,0.17643162849965852,-0.6864663721232667,0.017470050815855953,-1.2462405595148158,2.8837914730320002,-0.0006922401876308686,-1.164626423512594,-2.222436253224508,-1.3997634092914026,-1.0897486845599573,1.5708345174789429,-0.4096582571612757,0
277,1788173903.4237409,0.17641556143829093,-0.6863939715594094,0.017485804020080514,-1.2462824286240033,2.883746759030747,-0.00031705327599567106,-1.164614502583639,-2.2223523298846644,-1.3997991720782679,-1.0900357405291956,1.5708585977554321,-0.40968209901918584,0
278,1788173903.4653654,0.17639124459701033,-0.6863724746604734,0.017441877024375163,-1.2462403053943774,2.8837909148470606,-7.206487229877293e-05,-1.164626423512594,-2.222400490437643,-1.3997991720782679,-1.0901435057269495,1.5708345174789429,-0.4096582571612757,0
279,1788173903.5063474,0.17640313755808582,-0.6863650854825569,0.01744372162502708,-1.2462307359007085,2.883768771926694,-3.393022615670432e-05,-1.164614502583639,-2.222400490437643,-1.3997872511493128,-1.090179745350973,1.5708585977554321,-0.4096463362323206,0
280,1788173903.5481377,0.17639184035524288,-0.6863669026266715,0.01743660247145873,-1.246235520999971,2.8837798438831426,-5.337255997748347e-05,-1.164626423512594,-2.222400490437643,-1.399811093007223,-1.0901435057269495,1.5708465576171875,-0.4096582571612757,0
281,1788173903.5904706,0.17640742404962312,-0.6863608822435768,0.017443776140554396,-1.2462698977449198,2.8837649862831873,-5.2622619152243275e-05,-1.1646025816546839,-2.222388569508688,-1.399811093007223,-1.0901559034930628,1.5708465576171875,-0.4096582571612757,0
282,1788173903.6321006,0.17638546070103786,-0.6863728720061502,0.01745874904394562,-1.2462498342299784,2.883812965686226,-0.00012817548645180046,-1.164626423512594,-2.2223642508136194,-1.3998234907733362,-1.0901196638690394,1.5708105564117432,-0.4096582571612757,0
283,1788173903.6741312,0.1763804276939575,-0.686361169655351,0.017437161893630815,-1.2462325954562938,2.8838202804575697,-1.4325897104982513e-05,-1.164626423512594,-2.222388569508688,-1.3998234907733362,-1.0901678244220179,1.5708105564117432,-0.4096463362323206,0
284,1788173903.7152832,0.1763965013996459,-0.686356613168519,0.017434400410567624,-1.2462698896699855,2.8837649687346527,-3.4647529115267146e-05,-1.164614502583639,-2.222388569508688,-1.399834934865133,-1.0901435057269495,1.5708465576171875,-0.40967017809023076,0
285,1788173903.7578037,0.1763911958109551,-0.6863584467393621,0.017443081573884606,-1.246230745372307,2.883768792268763,-5.4154337203915585e-05,-1.164626423512594,-2.2223761717425745,-1.399834934865133,-1.0901435057269495,1.5708585977554321,-0.4096582571612757,0
286,1788173903.7996771,0.17639673129547842,-0.6863782746548522,0.017448235227630005,-1.2462355461247894,2.8837798985139735,-0.00010879862809597993,-1.164626423512594,-2.222400490437643,-1.3997872511493128,-1.0901320616351526,1.5708465576171875,-0.4096582571612757,1
287,1788173903.839882,0.17641349648686935,-0.6863822822857679,0.017484261518434102,-1.2462082166079913,2.883765734612044,-0.0002227086264605299,-1.164614502583639,-2.2223523298846644,-1.3997872511493128,-1.0901077429400843,1.5708705186843872,-0.4096339384662073,1
288,1788173903.881953,0.17641030042954212,-0.6863606128776658,0.017452457389865755,-1.246212876951117,2.8837765339552486,-7.21273530048433e-05,-1.1646025816546839,-2.2223761717425745,-1.399811093007223,-1.0901559034930628,1.5708585977554321,-0.40962201753725225,1
289,1788173903.9214513,0.1763981567417471,-0.686353504861905,0.017406130452414875,-1.2462307185215298,2.8837687346479512,3.5196814652451753e-06,-1.164614502583639,-2.222424332295553,-1.3998473326312464,-1.0901196638690394,1.5708585977554321,-0.4096463362323206,1
290,1788173903.9599252,0.17639536114343488,-0.6863612432814579,0.017451329151179085,-1.2462432049494956,2.88375042064319,-5.343848985721588e-05,-1.164626423512594,-2.2223761717425745,-1.399811093007223,-1.0901678244220179,1.5708705186843872,-0.40967017809023076,1
291,1788173903.99737,0.17636810489094454,-0.6863750964076192,0.017440703585217737,-1.2461667657873494,2.8838095552615606,-5.262449619404905e-05,-1.1646621862994593,-2.222400490437643,-1.3997991720782679,-1.0901559034930628,1.5708465576171875,-0.4096463362323206,1
292,1788173904.0344236,0.17638334788121643,-0.6863613263163838,0.017462537569017555,-1.2461784996575378,2.8837913900329477,-7.13806863425416e-05,-1.1646383444415491,-2.2223523298846644,-1.3998234907733362,-1.0901678244220179,1.5708585977554321,-0.4096339384662073,1
293,1788173904.0743635,0.17638998462645705,-0.686362587832582,0.017442647749912693,-1.2462527007753397,2.8837723964004596,-3.3899003174543035e-05,-1.164626423512594,-2.222388569508688,-1.399811093007223,-1.0901678244220179,1.5708465576171875,-0.40967017809023076,1
294,1788173904.1151733,0.17640152262394324,-0.6863682877394737,0.017457731994700715,-1.246269915264463,2.8837650244071873,-9.082260248737396e-05,-1.164614502583639,-2.2223761717425745,-1.3997991720782679,-1.0901559034930628,1.5708465576171875,-0.40967017809023076,1
295,1788173904.1560118,0.1763766258996195,-0.686345372779357,0.017305763939152147,-1.2462099927246508,2.883817064818641,-0.00012745848392424922,-1.164626423512594,-2.2224724928485315,-1.4000747839557093,-1.0897606054889124,1.5708225965499878,-0.4096339384662073,1
296,1788173904.1950984,0.17636035671954042,-0.6862728965137922,0.01656204726109467,-1.245944633902911,2.883865787353698,0.00038470294850555465,-1.164626423512594,-2.2232640425311487,-1.4007466475116175,-1.088623348866598,1.5708825588226318,-0.40946656862367803,1
297,1788173904.2384582,0.17633213619417107,-0.6862280832228447,0.01515403096439516,-1.2452147936209064,2.8842198828144796,0.0007278635925305306,-1.164626423512594,-2.224799458180563,-1.402064625416891,-1.0859883467303675,1.5708465576171875,-0.40895063081850225,1
298,1788173904.2788415,0.1763068156928952,-0.6861622527469136,0.012844876537473238,-1.2444306446242381,2.884544627881664,0.0013405418485190768,-1.164626423512594,-2.2273791472064417,-1.404114071522848,-1.0817492643939417,1.5708585977554321,-0.4084103743182581,1
299,1788173904.3223758,0.17631331962592528,-0.6862127308772827,0.01109525870377126,-1.2432321280438043,2.8850489723420507,0.0011241020744596898,-1.1646502653705042,-2.2294066588031214,-1.4056609312640589,-1.0780370871173304,1.5708705186843872,-0.40760642686952764,1
300,1788173904.3637178,0.17637234153324796,-0.6863146082575717,0.010687244157099457,-1.2431854922756211,2.885082622901977,0.0003923522580240547,-1.164626423512594,-2.2299345175372522,-1.4060443083392542,-1.0766599814044397,1.5708585977554321,-0.40754682222475225,1
301,1788173904.406737,0.17640431133532575,-0.6863678145636617,0.010803778933412611,-1.2432027858316834,2.885075404212271,-4.1317576115666327e-05,-1.164614502583639,-2.22982627550234,-1.4059723059283655,-1.076564137135641,1.5708585977554321,-0.40754682222475225,1
302,1788173904.4472384,0.17641723234988482,-0.6863556034493021,0.010764811419057635,-1.243254355886301,2.885053137079369,5.3056884388821536e-05,-1.1645906607257288,-2.2298744360553187,-1.4059842268573206,-1.076564137135641,1.5708585977554321,-0.4075587431537073,1
303,1788173904.4893937,0.17638429427318486,-0.6863774417344131,0.01078900694083948,-1.2431428402532025,2.885127454683671,-4.0543066101644017e-05,-1.1646383444415491,-2.2298505941974085,-1.4059723059283655,-1.0765402952777308,1.5708345174789429,-0.4075225035296839,1
304,1788173904.531376,0.17639567267710582,-0.6863758132355549,0.010863495684212104,-1.2431724622108358,2.8851015636197577,-3.8547136920786926e-06,-1.164626423512594,-2.22977859178652,-1.4058764616595667,-1.0767315069781702,1.5708465576171875,-0.40753442445863897,1
305,1788173904.5723162,0.17638332059404516,-0.6863190101520399,0.011097641191758711,-1.243237062075474,2.8850603534803505,0.00046500456861354496,-1.164614502583639,-2.22950250307192,-1.4056008497821253,-1.0775817076312464,1.5708585977554321,-0.4075706640826624,1
306,1788173904.613487,0.17635750066367406,-0.6864219574014995,0.012396934839228962,-1.2430247627316373,2.885139209857729,-0.0002173484723535824,-1.1647103468524378,-2.22807485262026,-1.4044621626483362,-1.0797136465655726,1.5708705186843872,-0.4075225035296839,1
307,1788173904.6525707,0.1764034522195333,-0.686436160209911,0.014347856988593949,-1.2431732300561773,2.885101423188545,-0.0004712338177882194,-1.1646502653705042,-2.225879494343893,-1.4027116934405726,-1.0834978262530726,1.5708465576171875,-0.4075587431537073,1
308,1788173904.6938899,0.1764017411694334,-0.6864668319241803,0.0172319329852883,1.243153893194796,-2.8851531193010627,0.0008614084304660938,-1.1646502653705042,-2.222639862691061,-1.4001229445086878,-1.0890777746783655,1.5707865953445435,-0.40753442445863897,1
309,1788173904.735585,0.17641850242274396,-0.6864711560564739,0.020515410984015603,-1.2431732770492872,2.8851015065759684,-0.0008756949163906783,-1.1646502653705042,-2.219053093587057,-1.3969343344317835,-1.0958440939532679,1.5708465576171875,-0.4075587431537073,1
310,1788173904.7748542,0.17638289152014647,-0.6863675469581506,0.024238989234193792,-1.2431589050390162,2.885068207159173,-9.888455279558212e-06,-1.1646502653705042,-2.2149980703936976,-1.393158260975973,-1.1042264143573206,1.5708825588226318,-0.4075587431537073,1
311,1788173904.814827,0.17636417868099538,-0.686352119844021,0.026817449317514896,-1.243129271197126,2.8850940737879496,1.5590736110060332e-05,-1.1646621862994593,-2.2122023741351526,-1.3906295935260218,-1.1095669905291956,1.5708705186843872,-0.40754682222475225,1
312,1788173904.8556466,0.17637977584246345,-0.686381106158544,0.03004445265721059,-1.243156003842944,2.885108776293074,-0.000280986850635669,-1.1646502653705042,-2.2087834517108362,-1.387392822896139,-1.1160338560687464,1.5708465576171875,-0.40754682222475225,1
313,1788173904.8965888,0.1763464172823741,-0.6863177073090346,0.03374897232983459,-1.2430816187900022,2.8851273646975613,0.00041706924510317127,-1.1646621862994593,-2.204944435750143,-1.3833659330951136,-1.1243441740619105,1.5708585977554321,-0.4075105826007288,1
314,1788173904.9363182,0.17639296298612442,-0.6863979235103868,0.03708560580452264,-1.2431465242543596,2.8850867681139776,-0.0002757680963130988,-1.1646502653705042,-2.2015374342547815,-1.3798897902118128,-1.1307862440692347,1.5708705186843872,-0.40754682222475225,1
315,1788173904.9772184,0.17639917533200278,-0.6864120431492475,0.03973540747020926,-1.2431951833610362,2.8851050611448192,-0.0004382656992871849,-1.1646383444415491,-2.1988380591021937,-1.3770607153521937,-1.1362112204181116,1.5708345174789429,-0.4075587431537073,1
316,1788173905.0169737,0.17635246708466018,-0.6863607066371679,0.042926991559209676,-1.2430858053464882,2.8851389366373623,-7.725832885935188e-05,-1.1646745840655726,-2.1955984274493616,-1.3735488096820276,-1.1431925932513636,1.5708465576171875,-0.4075225035296839,1
317,1788173905.0560212,0.17637859450035095,-0.6863994884379941,0.04665439236356905,-1.2431731789074079,2.8851013247274344,-0.00015215992891718297,-1.1646621862994593,-2.1919987837420862,-1.3692334334002894,-1.151059929524557,1.5708465576171875,-0.4075706640826624,1
318,1788173905.095913,0.17640373755700361,-0.6863945650779715,0.049911041990388566,-1.2431725169181058,2.8851016707133286,-0.00031693752288510174,-1.164626423512594,-2.188795868550436,-1.3655899206744593,-1.1578014532672327,1.5708465576171875,-0.40753442445863897,1
319,1788173905.1355643,0.1763707213159568,-0.6863527705018416,0.05243858592325057,-1.243234219338495,2.885101036900131,8.90283662776073e-06,-1.1646383444415491,-2.186348263417379,-1.362629238759176,-1.163417164479391,1.5708225965499878,-0.4075825850116175,1
320,1788173905.1753876,0.17634306207155162,-0.6863388359476383,0.05561614838138501,-1.243138045561993,2.885116335797834,0.00010774370709257228,-1.1646745840655726,-2.1833255926715296,-1.3588774839984339,-1.1702545324908655,1.5708465576171875,-0.4075587431537073,1
321,1788173905.2168734,0.17637395845229478,-0.6863606215189203,0.05872429812674068,-1.2431332924350982,2.8851053021007016,5.530215924949811e-05,-1.1646502653705042,-2.180481735860006,-1.3550542036639612,-1.1768882910357874,1.5708585977554321,-0.40753442445863897,1
322,1788173905.2592874,0.17635761587018042,-0.686336535801782,0.06260250457200042,-1.2431950672176781,2.8851048226924783,0.00020587769851673968,-1.1646502653705042,-2.1769068876849573,-1.350306812916891,-1.1853063742267054,1.5708345174789429,-0.4075706640826624,1
323,1788173905.300767,0.17636463171485237,-0.6863889946405277,0.06588407127921725,-1.243085818396652,2.885138962454785,-0.00014766451035488668,-1.1646745840655726,-2.17397910753359,-1.3462203184710901,-1.1920955816852015,1.5708465576171875,-0.4075225035296839,1
324,1788173905.3418522,0.17637067901446504,-0.6864100152348602,0.06911512525745003,-1.2431428887958116,2.8851275541569747,-0.0003139319803427942,-1.1646745840655726,-2.17112380663027,-1.3421323935138147,-1.198932949696676,1.5708345174789429,-0.4075587431537073,1
325,1788173905.3830667,0.17632116864290648,-0.6863228991652196,0.07214258679886354,-1.243077959055829,2.8851680704591396,0.0005189772117966041,-1.1646865049945276,-2.168496910725729,-1.338069264088766,-1.2061532179461878,1.5708225965499878,-0.4075225035296839,1
326,1788173905.4255939,0.1763748987014764,-0.6863908944266379,0.07603283085127796,-1.243120891162313,2.885123830250127,-0.00010122636968352753,-1.1646621862994593,-2.165185276662008,-1.3330352942096155,-1.2141040007220667,1.5708465576171875,-0.40753442445863897,1
327,1788173905.4670522,0.176351800527604,-0.6863802862624531,0.0792470789876559,-1.243120887715564,2.8851238235695242,-8.025623804386355e-05,-1.1646865049945276,-2.162461582814352,-1.3287799994098108,-1.2210963408099573,1.5708465576171875,-0.4075587431537073,1
328,1788173905.5098934,0.1763488415920547,-0.6863230219550772,0.08249013405074795,-1.2431826013517566,2.8851232065561825,0.00014971650123744978,-1.1646502653705042,-2.159726921712057,-1.3244412581073206,-1.2283161322223108,1.5708225965499878,-0.4075587431537073,1
329,1788173905.553533,0.1763660507514007,-0.6863138959546661,0.08554848053854427,-1.243212201969243,2.8850972820913494,0.00047252444428772195,-1.164626423512594,-2.1573389212237757,-1.3200300375567835,-1.2353208700763147,1.5708345174789429,-0.4075587431537073,1
330,1788173905.594941,0.17636083423977883,-0.6863651474573219,0.08943502169464909,-1.2431778858054559,2.8851122644933245,0.0001354708963467408,-1.1646621862994593,-2.1542800108539026,-1.3146002928363245,-1.2435949484454554,1.5708345174789429,-0.4075706640826624,1
331,1788173905.635218,0.17638979748867784,-0.6863413499058123,0.09264457472383736,-1.24319324704868,2.8850532941642197,0.00021256416383136877,-1.164626423512594,-2.1517842451678675,-1.3100212256061,-1.25071889558901,1.5708825588226318,-0.4075587431537073,1
332,1788173905.6731358,0.17637570061105975,-0.6864008874406772,0.0959381386228072,-1.2431286437316527,2.8850944816940145,-0.0002900011388493435,-1.1646745840655726,-2.1492651144610804,-1.305359188710348,-1.2575801054583948,1.5708705186843872,-0.4075587431537073,1
333,1788173905.7127686,0.1763612167731299,-0.6863729259194113,0.09913158034446498,-1.2431654496063154,2.8851307131165336,-8.097808843181756e-05,-1.1646621862994593,-2.146877113972799,-1.3006485144244593,-1.2648118177997034,1.5708225965499878,-0.4075587431537073,1
334,1788173905.7526586,0.17635708016034507,-0.6863352901502734,0.10216899109481406,-1.2430911494304724,2.8851494728513516,0.00043207928550406205,-1.1646502653705042,-2.1447303930865687,-1.2959259192096155,-1.2720077673541468,1.5708345174789429,-0.40749866167177373,1
335,1788173905.7928529,0.17635582024345203,-0.6864107653052762,0.10545638572332652,-1.2430514320119197,2.8851537954216155,-0.00018511554883974347,-1.1646984259234827,-2.142378632222311,-1.2910597960101526,-1.278832737599508,1.5708465576171875,-0.4075225035296839,1
336,1788173905.8336098,0.17640164871668929,-0.6863831448805529,0.1086923640209766,-1.2431363352522278,2.8850650199697405,-0.00016269291292010936,-1.1646383444415491,-2.1400993506061,-1.286121670399801,-1.2860644499408167,1.570894479751587,-0.40753442445863897,1
337,1788173905.8726218,0.1763706609046576,-0.6863668691044329,0.11197203403488468,-1.2431779366662619,2.885112370117608,-0.00012143701937156807,-1.1646502653705042,-2.1378195921527308,-1.2810757795916956,-1.2934163252459925,1.5708345174789429,-0.4075587431537073,1
338,1788173905.911893,0.17638816785758465,-0.6864367682867848,0.115256967114895,-1.2430983321291587,2.885120641328881,-0.0006637381554618996,-1.1646745840655726,-2.1356480757342737,-1.2759459654437464,-1.3003724257098597,1.5708585977554321,-0.40753442445863897,1
339,1788173905.9525619,0.17638998085892024,-0.6864398125013607,0.11770136981172385,-1.243148318036586,2.885138259962554,-0.0005079122110691253,-1.1646621862994593,-2.1341126600848597,-1.2719176451312464,-1.30603534380068,1.5708225965499878,-0.40754682222475225,1
340,1788173905.9914935,0.17638289973910967,-0.6863883701210631,0.12146680663412579,-1.2431731566324569,2.885101280362932,-3.681268970333944e-05,-1.1646502653705042,-2.1317485014544886,-1.2656858603106897,-1.3149312178241175,1.5708465576171875,-0.4075587431537073,1
341,1788173906.032143,0.1763656442354277,-0.686412479911836,0.12469162780364862,-1.2431553242909217,2.885109089840168,-0.00031469477597471566,-1.1646865049945276,-2.129721466694967,-1.2604716459857386,-1.3219955603228968,1.5708465576171875,-0.4075825850116175,1
342,1788173906.0705569,0.17636713659988257,-0.686351716509591,0.12789288453560718,-1.2431380471689586,2.885116339248974,0.00010325161148758049,-1.1646502653705042,-2.1277902762042444,-1.255066219960348,-1.3295982519732874,1.5708465576171875,-0.40753442445863897,1
343,1788173906.111756,0.17633371603459919,-0.6863663185678832,0.13050463916990823,-1.243108447544929,2.885142275647999,-4.2043952265165116e-05,-1.1646984259234827,-2.126230541859762,-1.2507150808917444,-1.335416618977682,1.5708345174789429,-0.4075587431537073,1
344,1788173906.153778,0.17639889706895143,-0.6864325259294098,0.1344124062416784,-1.243125734759254,2.885135046075477,-0.0006622174309870796,-1.1646502653705042,-2.1240108648883265,-1.244098965321676,-1.3438575903521937,1.5708345174789429,-0.4075225035296839,1
345,1788173906.194952,0.1763706391405287,-0.68637403166534,0.13753971720130717,-1.243098943179616,2.8851202056238856,-0.00016864855937822254,-1.1646621862994593,-2.1222952047931116,-1.2385619322406214,-1.351424519215719,1.5708585977554321,-0.4075225035296839,1
346,1788173906.236164,0.17633904355280272,-0.6863644674112096,0.1405977830089084,-1.2431131085807814,2.8851531031379767,0.00022985981316901968,-1.1646865049945276,-2.1207473913775843,-1.232964340840475,-1.358823601399557,1.5708225965499878,-0.40754682222475225,1
347,1788173906.277945,0.17638048874210466,-0.6864038932638625,0.14382866079054077,-1.2431208987508646,2.8851238452379486,-0.0001424214793666233,-1.1646621862994593,-2.119079891835348,-1.2272351423846644,-1.3659833113299769,1.5708465576171875,-0.40753442445863897,1
348,1788173906.3189328,0.1763688959234828,-0.6863989107997722,0.1470945187901428,-1.243172499690045,2.8851016383860926,-0.00019635199843512138,-1.1646745840655726,-2.1174123922931116,-1.2213738600360315,-1.3734777609454554,1.5708465576171875,-0.4075825850116175,1
349,1788173906.3607059,0.17639984611826093,-0.6864277751079892,0.15096011508539417,-1.243173225756848,2.885101415110515,-0.0004412737367873476,-1.1646502653705042,-2.1155641714679163,-1.214278523121969,-1.3822653929339808,1.5708465576171875,-0.4075587431537073,1
350,1788173906.4028335,0.17636745360775963,-0.6863524536533375,0.1541516801728404,-1.2431380579027873,2.8851163608811503,5.157048732153286e-05,-1.1646502653705042,-2.1140530745135706,-1.2082975546466272,-1.390071217213766,1.5708465576171875,-0.40753442445863897,1
351,1788173906.4446478,0.17633278629422483,-0.6863360685889693,0.15739654790242025,-1.243103670949263,2.885131192845809,1.9361489444818357e-05,-1.1646865049945276,-2.1125415007220667,-1.2022693792926233,-1.397590462361471,1.5708465576171875,-0.40754682222475225,1
352,1788173906.4867241,0.1763558345185944,-0.6863896673749811,0.16057030048278614,-1.2431037332747907,2.8851313161481262,-0.0003169403757142678,-1.1646865049945276,-2.1112216154681605,-1.1961801687823694,-1.404785458241598,1.5708465576171875,-0.40754682222475225,1
353,1788173906.528459,0.17635098902359234,-0.6863572695728745,0.16369920079258796,-1.2431029537389091,2.8851314299254045,0.00015792779510296313,-1.1646745840655726,-2.1100218931781214,-1.1899002234088343,-1.412567440663473,1.5708465576171875,-0.40753442445863897,1
354,1788173906.5720139,0.17636359418774358,-0.6863646075210106,0.16754436711604778,-1.243138727107453,2.885116026697393,0.00013845374300184272,-1.1646621862994593,-2.1085460821734827,-1.182288948689596,-1.4216421286212366,1.5708465576171875,-0.40754682222475225,1
355,1788173906.61401,0.17638868060361315,-0.6864018122394928,0.17077902800140676,-1.243173179401194,2.8851013255420965,-0.00015740200090691583,-1.1646502653705042,-2.107358757649557,-1.1758530775653284,-1.4290769735919397,1.5708465576171875,-0.4075587431537073,1
356,1788173906.6572964,0.1763767045425985,-0.6863601182485373,0.17398663498245498,-1.2431636800851424,2.8850792842520314,-6.080687802774127e-05,-1.1646502653705042,-2.1061585585223597,-1.169452969227926,-1.4367387930499476,1.5708705186843872,-0.4075587431537073,1
357,1788173906.6991584,0.17637832936007733,-0.6863915891392612,0.17781020273613984,-1.2431826713493723,2.8851233564349297,-0.00022853233847727232,-1.1646502653705042,-2.1049111525165003,-1.161590878163473,-1.4457414785968226,1.5708225965499878,-0.4075587431537073,1
358,1788173906.7416081,0.17636711064870406,-0.6863586138230943,0.1810250300243793,-1.2431084204733498,2.8851422194482046,9.57758045431339e-05,-1.1646502653705042,-2.1039398352252405,-1.154794994984762,-1.4537151495562952,1.5708345174789429,-0.4075105826007288,1
359,1788173906.780969,0.17633980947883823,-0.6863804894024881,0.18424166492207147,-1.2431084602138625,2.885142301850707,-0.00010795637817695912,-1.1646984259234827,-2.1029680410968226,-1.1480830351458948,-1.4612692038165491,1.5708345174789429,-0.4075587431537073,1
360,1788173906.820553,0.17637224373512253,-0.6863997378981673,0.18753855284004545,-1.243116198248487,2.885112904220285,-0.000518432927570606,-1.1646745840655726,-2.1019957701312464,-1.1412037054644983,-1.4688594977008265,1.5708585977554321,-0.40754682222475225,1
361,1788173906.8593483,0.17632209934521184,-0.6863042578261848,0.1906617335119686,-1.2430466098014974,2.8851426231720962,0.0001077314800422878,-1.1646865049945276,-2.101156536732809,-1.1344082991229456,-1.4768927733050745,1.5708585977554321,-0.4075105826007288,1
362,1788173906.8994603,0.17636360127255635,-0.6863223690807819,0.19384545554401605,-1.243207519609423,2.8850863999712706,0.00010924267128061415,-1.1646383444415491,-2.1004841963397425,-1.1273005644427698,-1.484673802052633,1.5708465576171875,-0.4075706640826624,1
363,1788173906.9380324,0.1763508248701318,-0.6863499298399278,0.1971105359125666,-1.2431333338892419,2.8851053821602264,-0.0001499259570661463,-1.1646745840655726,-2.099752728139059,-1.1201213041888636,-1.4924195448504847,1.5708585977554321,-0.4075587431537073,1
364,1788173906.9777615,0.17634844448595627,-0.686372481830235,0.20022973506314465,-1.2431036851750081,2.8851312213975846,-5.104469088059673e-05,-1.1646865049945276,-2.099236790333883,-1.1129305998431605,-1.5001891295062464,1.5708465576171875,-0.40754682222475225,1
365,1788173907.0192387,0.17637437396414848,-0.6863908444494787,0.20340301146903692,-1.2431066590318396,2.885090788400592,-0.00015893896939866986,-1.1646745840655726,-2.0987089315997522,-1.1056559721576136,-1.5079229513751429,1.5708825588226318,-0.40754682222475225,1
366,1788173907.058586,0.17636131028483137,-0.6863312111431308,0.20657508825937312,-1.243168313796895,2.885090068337941,0.0003137056159640423,-1.1646502653705042,-2.0982287565814417,-1.098224941884176,-1.516135040913717,1.5708585977554321,-0.4075587431537073,1
367,1788173907.0961947,0.1763664095773431,-0.6863792818547233,0.2097877093657054,-1.2431113609132762,2.885101730529059,0.0001316844131993268,-1.1646745840655726,-2.0978568235980433,-1.0906270186053675,-1.5239890257464808,1.5708705186843872,-0.40754682222475225,1
368,1788173907.1347497,0.17637957755941125,-0.6864156212364061,0.21307990954616843,-1.2431304007494028,2.8851458979282705,-0.0002787156137433901,-1.1646621862994593,-2.0974252859698694,-1.0829561392413538,-1.531830135975973,1.5708225965499878,-0.40753442445863897,1
369,1788173907.1732235,0.17637228952272124,-0.6863778694223999,0.21558341259136812,-1.2431511661393346,2.8850975749382233,0.00010323631908218386,-1.1646621862994593,-2.0972331205951136,-1.0768078009234827,-1.5384138266192835,1.5708585977554321,-0.4075587431537073,1
370,1788173907.2106035,0.17636809254570468,-0.6863612210496972,0.21873444503559436,-1.2431635934003293,2.885079118317437,0.00031518780432413396,-1.1646621862994593,-2.0970290342914026,-1.0690539518939417,-1.546506706868307,1.5708705186843872,-0.4075706640826624,1
371,1788173907.2522645,0.17641407847912152,-0.6864047634591303,0.221960470076267,-1.2432324408076127,2.8850495979537154,5.528753070084155e-05,-1.164626423512594,-2.0968969503985804,-1.0610716978656214,-1.554455582295553,1.5708705186843872,-0.4075825850116175,1
372,1788173907.290587,0.17639526921947773,-0.6864029607626732,0.225144291820645,-1.243142805862748,2.8851273833564237,0.00013547305747343955,-1.1646383444415491,-2.0968011061297815,-1.0530899206744593,-1.5625842253314417,1.5708345174789429,-0.4075225035296839,1
373,1788173907.330812,0.17638418889174232,-0.6864344735634347,0.22837355579664143,-1.2431209062910522,2.885123860260993,-0.00018137055238116992,-1.1646745840655726,-2.0967167059527796,-1.0450361410724085,-1.5705207029925745,1.5708465576171875,-0.40754682222475225,1
374,1788173907.370479,0.17636351152712737,-0.6863574575169665,0.23151927206132633,-1.2431510929012954,2.885097428956706,0.00040807889303529326,-1.1646621862994593,-2.0967653433429163,-1.0368507544146937,-1.5790327231036585,1.5708585977554321,-0.4075587431537073,1
375,1788173907.4097087,0.17637373026256553,-0.6864171107836714,0.23491675768532455,-1.2431078163720348,2.8851426873374737,-0.00037909467099499363,-1.1646745840655726,-2.096729103718893,-1.028365437184469,-1.587053124104635,1.5708345174789429,-0.40753442445863897,1
376,1788173907.4491112,0.1764091215136977,-0.6864354966157662,0.23819208496219527,-1.2431287162275126,2.885094599743808,-0.0008255306554979387,-1.1646502653705042,-2.0968130270587366,-1.0199525992022913,-1.59509784380068,1.5708705186843872,-0.40753442445863897,1
377,1788173907.4892142,0.17636935684067168,-0.6863791775016344,0.2413988551265066,-1.2431067393632143,2.885090923104393,-0.0006338007762111738,-1.1646745840655726,-2.096968952809469,-1.0115035215960901,-1.6035130659686487,1.5708825588226318,-0.40754682222475225,1
378,1788173907.528676,0.17636356402217188,-0.6863572557203951,0.2445745708155711,-1.2431827147340977,2.8851234469801725,-0.0005341274744454321,-1.1646502653705042,-2.097269360219137,-1.0029223600970667,-1.6118572394000452,1.5708225965499878,-0.4075587431537073,1
379,1788173907.5683699,0.17634427616252474,-0.686333533144528,0.24778684135575113,-1.2431826954411518,2.8851234073272103,-0.0003798323874113401,-1.1646621862994593,-2.0976646582232874,-0.9940899054156702,-1.6203926245318812,1.5708225965499878,-0.4075706640826624,1
380,1788173907.6091566,0.17636961428712722,-0.6863574778747202,0.2509193023575067,-1.2431732069425092,2.8851013792447486,-0.0003184374189068391,-1.1646502653705042,-2.098252598439352,-0.9851740042315882,-1.6287596861468714,1.5708465576171875,-0.4075587431537073,1
381,1788173907.6509316,0.17635338722854357,-0.6863489993220212,0.2540860803049162,-1.243128637776454,2.8850944709680335,-0.0002570452992944269,-1.1646745840655726,-2.098804775868551,-0.9762213865863245,-1.6371992270099085,1.5708705186843872,-0.4075587431537073,1
382,1788173907.6893313,0.17633195186788211,-0.6863199580784661,0.2571186454565385,-1.2431428522680035,2.8851274796040647,-0.0001019636244783789,-1.1646745840655726,-2.0993803183185022,-0.9675563017474573,-1.6453874746905726,1.5708345174789429,-0.4075587431537073,1
383,1788173907.7297797,0.17637280186570917,-0.6863718475016142,0.2593656662016519,-1.2431257319868092,2.885135040858501,-0.000636751264947077,-1.1646502653705042,-2.0998247305499476,-0.9612048308001917,-1.6509540716754358,1.5708345174789429,-0.4075225035296839,1
384,1788173907.7697525,0.17634345705140397,-0.68635392533675,0.26074743761035696,-1.2430811239353612,2.8851280315429806,-0.0005678668416849583,-1.1646865049945276,-2.100112263356344,-0.9572141806231897,-1.654701058064596,1.5708585977554321,-0.40753442445863897,1
385,1788173907.8089058,0.1762534399943013,-0.6863292192966612,0.2614020807776961,-1.243281156096867,2.8850679948578284,-0.000288475152543247,-1.1647828261004847,-2.1002562681781214,-0.9552729765521448,-1.6566761175738733,1.5708345174789429,-0.40776282945741826,1
386,1788173907.8489785,0.1753401294862492,-0.6863942104597601,0.2616742759471506,-1.243143613968591,2.885127350917528,-0.0001776934048327004,-1.166018311177389,-2.099896256123678,-0.9551170508014124,-1.6572626272784632,1.5708345174789429,-0.40890294710268194,1
387,1788173907.8896606,0.17390323628716195,-0.6863851093700166,0.26157659474397754,-1.2432298884631456,2.88508910763426,0.00029181519538860044,-1.167901341115133,-2.099020306264059,-0.9566510359393519,-1.6569035688983362,1.5708345174789429,-0.41084605852235967,1
388,1788173907.928166,0.17237891003905176,-0.6863743216941672,0.2615028665008018,-1.2436221683881208,2.884905501451369,0.0005177608988740654,-1.1699050108539026,-2.0979889074908655,-0.9584010283099573,-1.6563289801227015,1.5708465576171875,-0.4131253401385706,1
389,1788173907.9689593,0.17074067716423064,-0.6863599891574187,0.26154400361076985,-1.2433715930261124,2.8849864644765213,0.0005524786737762945,-1.1720636526690882,-2.0968249479876917,-0.960090462361471,-1.6558259169207972,1.5708705186843872,-0.41511708894838506,1
390,1788173908.0089529,0.16912369569229027,-0.6863629653315585,0.2615143782444842,-1.2431598035295985,2.8851157489750565,0.0006074893571575002,-1.174187485371725,-2.0957210699664515,-0.9618638197528284,-1.6551912466632288,1.5708345174789429,-0.41708451906313115,1
391,1788173908.0507019,0.1676191938019669,-0.6863529458572566,0.2614916172498134,-1.241538904532596,2.8858266343135437,0.0005327199449222191,-1.1761663595782679,-2.0946176687823694,-0.963637653981344,-1.654473129902975,1.5708225965499878,-0.41793662706484014,1
392,1788173908.0908864,0.1660045781850217,-0.6863721385939361,0.2616183637959106,-1.2389811306763838,2.8868899832012698,9.828790674724869e-05,-1.1783254782306116,-2.0934179464923304,-0.9652317206012171,-1.6538026968585413,1.5708585977554321,-0.41833240190614873,1
393,1788173908.128463,0.16441727348342935,-0.6863356128718348,0.2616225177638837,-1.2351128767212662,2.8885328103285577,0.00022901902444781873,-1.180413071309225,-2.092302147542135,-0.966921631489889,-1.6533120314227503,1.5708705186843872,-0.4177444616900843,1
394,1788173908.167291,0.162845332687664,-0.6863378226595407,0.26162633623538417,-1.2307595830297022,2.890430151506814,0.00015411786375581565,-1.182488743458883,-2.091222588215963,-0.9685872236834925,-1.6526778380023401,1.5708345174789429,-0.41679698625673467,1
395,1788173908.2076387,0.16121076506907223,-0.6863418214526266,0.26164614634117317,-1.2249922577481949,2.892853338746933,0.0001146149004950424,-1.1846712271319788,-2.0901430288897913,-0.9702051321612757,-1.6521146933185022,1.5708585977554321,-0.4149969259845179,1
396,1788173908.250474,0.15953797471185974,-0.6863587581872559,0.2617200830274061,-1.217722946583425,2.8959361036119837,-0.0001120138505516803,-1.1869028250323694,-2.0890148321734827,-0.9717872778521937,-1.6515162626849573,1.5708465576171875,-0.41220170656313115,1
397,1788173908.28882,0.15798562945292902,-0.6863926390997961,0.26173470877209115,-1.2093638420843105,2.8994397427168215,-0.0004332458146246211,-1.1889899412738245,-2.087971035634176,-0.9734047094928187,-1.6507380644427698,1.5708465576171875,-0.4085186163531702,1
398,1788173908.3289583,0.15634769930096123,-0.6863870195882972,0.2617584691014927,-1.2000529431615425,2.9033056591378057,-0.0004511452302695907,-1.1911729017840784,-2.0869038740741175,-0.9749868551837366,-1.6502116362201136,1.5708465576171875,-0.40428334871401006,1
399,1788173908.3684993,0.1547499134435811,-0.6863569456640891,0.2616866190482873,-1.189537922822362,2.907613165637258,-3.8563546371942294e-05,-1.193296257649557,-2.0859678427325647,-0.9765446821795862,-1.6498525778399866,1.5708585977554321,-0.39917260805238897,1
400,1788173908.4072514,0.15320303339072902,-0.6863438989407505,0.2615908684991879,-1.1784534860875324,2.912121016035701,0.0003188642237109305,-1.1953595320331019,-2.0850918928729456,-0.9780791441546839,-1.649421517048971,1.5708585977554321,-0.39361793199648076,1
401,1788173908.446495,0.1518728579477415,-0.6863454932149351,0.2615559445960881,-1.1688660829378676,2.916007596776631,0.0005260247962145884,-1.197134796773092,-2.0843480269061487,-0.9792779127704065,-1.6490982214557093,1.5708345174789429,-0.38880712190736944,1
402,1788173908.4843643,0.15022738583353754,-0.6863296429099588,0.2616010613450764,-1.1567204609999706,2.9208601836093977,0.0005614595070353061,-1.1993301550494593,-2.083316151295797,-0.9807394186602991,-1.6486910025226038,1.5708225965499878,-0.38267594972719365,1
403,1788173908.5251079,0.1487479816492701,-0.6863143222976672,0.2615588239428866,-1.1455033302404756,2.9252397191453303,0.00050439774661498,-1.2013214270221155,-2.082344357167379,-0.9823454062091272,-1.6480205694781702,1.5708585977554321,-0.37700111070741826,1
404,1788173908.5656033,0.14708306137084626,-0.6863438916680876,0.26167860058907605,-1.1338389460522862,2.929820473814151,7.101648605404921e-05,-1.203564469014303,-2.0812647978412073,-0.9837592283831995,-1.6474102179156702,1.5708225965499878,-0.3712661902057093,1
405,1788173908.6066363,0.1454845265742811,-0.6863249427731551,0.2616708332381883,-1.1217389836154101,2.9344232538031734,0.00016546586365946445,-1.2057235876666468,-2.0803049246417444,-0.9852336088763636,-1.6469557921039026,1.5708705186843872,-0.3651836554156702,1
406,1788173908.6462736,0.14393098553551345,-0.6863090802981543,0.26157177183075636,-1.1100956713626728,2.9388482477704256,0.00046603154206512884,-1.2078107039081019,-2.0794532934771937,-0.9867432753192347,-1.6464889685260218,1.5708705186843872,-0.3593409697162073,1
407,1788173908.686108,0.14226722487755106,-0.6862946074308416,0.26159860203179197,-1.0985647035572657,2.9432042000675187,0.0004848229344225474,-1.2100423018084925,-2.0784576574908655,-0.9881938139544886,-1.646045986806051,1.5708465576171875,-0.3537252585040491,1
408,1788173908.7257695,0.14071089964630681,-0.6862759002842324,0.2616039023399637,-1.0866184094436455,2.9476235017447037,0.0005023013958603904,-1.2121413389789026,-2.077521626149313,-0.9896076361285608,-1.6455791632281702,1.5708585977554321,-0.34771520296205694,1
409,1788173908.7644236,0.13914392356270602,-0.686294066596533,0.26169945484363016,-1.0747885926629641,2.9519820698938815,0.0001441907381768561,-1.214264218007223,-2.076549832020895,-0.9909022490130823,-1.6450284163104456,1.5708345174789429,-0.34181195894350225,1
410,1788173908.8036559,0.13750784989861387,-0.6863360752329256,0.26174986609413775,-1.0630874280308007,2.9562015282454692,-0.000176096892309433,-1.2165072599994105,-2.0756261984454554,-0.9922321478473108,-1.6444180647479456,1.5708465576171875,-0.33613616624941045,1
411,1788173908.843339,0.1358790642079909,-0.686368750610852,0.2617188888829445,-1.0512824146279915,2.960406357900469,-0.00028884164899119886,-1.2187383810626429,-2.0747621695147913,-0.9936464468585413,-1.6437957922564905,1.5708585977554321,-0.3303893248187464,1
412,1788173908.8815358,0.1342551988028002,-0.6863375386176054,0.2616267803449471,-1.0390112553318676,2.964764784533845,0.00019993084354982406,-1.220921818410055,-2.073970619832174,-0.9950130621539515,-1.6435321013080042,1.5708345174789429,-0.32428247133363897,1
413,1788173908.9191442,0.13261998893497415,-0.6863414673514895,0.26161179506373294,-1.0268878413814422,2.9689742844261677,0.00031190279637777836,-1.2231529394732874,-2.0731428305255335,-0.9962952772723597,-1.6431487242328089,1.5708465576171875,-0.31834346452821904,1
414,1788173908.958304,0.13139525116142994,-0.6863637703062414,0.2615940302825825,-1.0177104919451154,2.972132512288331,0.00027456198302181254,-1.2248323599444788,-2.072531048451559,-0.9972780386554163,-1.6427539030658167,1.5708465576171875,-0.31384402910341436,1
415,1788173908.997496,0.1298714293806858,-0.6863163459101744,0.2615581324563963,-1.006279978313647,2.976037692906799,0.0004982760531988759,-1.2268832365619105,-2.07167894044985,-0.9986322561847132,-1.6423943678485315,1.5708345174789429,-0.3082049528705042,1
416,1788173909.0374286,0.12820678359056972,-0.6862965969078774,0.2615943983078709,-0.9938422588259315,2.9802027444457657,0.0005361874892829316,-1.2291505972491663,-2.0707791487323206,-0.9999025503741663,-1.6420477072345179,1.5708465576171875,-0.30212194124330694,1
417,1788173909.0761132,0.12665333327240627,-0.6863121561683689,0.26160935964273874,-0.9821675293019066,2.9840941064157214,0.0003655161904350175,-1.2312739531146448,-2.06995135942568,-1.0011490027057093,-1.6415208021747034,1.5708225965499878,-0.2964108625995081,1
418,1788173909.1161768,0.12509953349596517,-0.6863466243216403,0.26161165366001216,-0.9706344046062323,2.987811643610904,0.00012320973319117001,-1.2334330717669886,-2.069159809743063,-1.0023835341082972,-1.6409223715411585,1.5708705186843872,-0.2908557097064417,1
419,1788173909.1556723,0.12337718485151734,-0.6863770212700264,0.2616698107379228,-0.9581977941796574,2.9918580496874188,-6.743983328438533e-05,-1.235795799885885,-2.068308178578512,-1.0035575071917933,-1.6404793898211878,1.5708345174789429,-0.2848923842059534,1
420,1788173909.1951256,0.12186140528107633,-0.6863354290552177,0.2616470249019669,-0.9461501716372723,2.9956430728769425,0.00014061655848248924,-1.2378714720355433,-2.0675280729876917,-1.004768196736471,-1.6401799360858362,1.5708825588226318,-0.27892858186830694,1
421,1788173909.233973,0.12024467079024848,-0.6863314356013314,0.2616375513565601,-0.9343597341848975,2.9994195688593193,0.000269370716278578,-1.2400663534747522,-2.0667722860919397,-1.0059188047992151,-1.6398690382586878,1.5708105564117432,-0.27324182191957647,1
422,1788173909.2731066,0.11866052505511096,-0.6863410576354211,0.2616793252788122,-0.9225011288022837,3.0030456925247817,2.5558265768848455e-05,-1.2422612349139612,-2.065944496785299,-1.0071051756488245,-1.6393540541278284,1.5708465576171875,-0.2675421873675745,1
423,1788173909.3145301,0.11710096474286692,-0.6863158768505386,0.2616825808633375,-0.910135244274663,3.0068181725869954,0.00010057374737734168,-1.2443965117083948,-2.065164391194479,-1.0082677046405237,-1.6390193144427698,1.5708465576171875,-0.26144677797426397,1
424,1788173909.3550162,0.11544066859814556,-0.6863295237688676,0.26169633826888383,-0.8978844856317961,3.0105109755624566,6.263274795838275e-05,-1.2466872374164026,-2.064409081135885,-1.0093825499164026,-1.6386359373675745,1.5708345174789429,-0.2555916945086878,1
425,1788173909.396103,0.11384752149838226,-0.6863229613801721,0.26169560874444997,-0.8862731094870694,3.013912687731963,8.197277546775736e-05,-1.248894516621725,-2.06366473833193,-1.0105088392840784,-1.6382649580584925,1.5708705186843872,-0.2500961462603968,1
426,1788173909.4362066,0.11223161179838927,-0.686363883771521,0.2617322750757036,-0.8741936548638675,3.0174559945384316,-0.00022087695759503593,-1.2511375586139124,-2.062920872365133,-1.0115874449359339,-1.637738052998678,1.5708465576171875,-0.24432498613466436,1
427,1788173909.4730217,0.11058210277689268,-0.686402453173053,0.26168782051544726,-0.8616654996561178,3.0210795440755494,-0.0003165040273286583,-1.2534282843219202,-2.06223708788027,-1.012749973927633,-1.6371992270099085,1.5708225965499878,-0.23831302324403936,1
428,1788173909.5138104,0.10898523346793856,-0.6863948281865593,0.2616544459962502,-0.8497708627753212,3.0244505491406026,-0.00016673704699713237,-1.2556355635272425,-2.0615652243243616,-1.0138281027423304,-1.63688832918276,1.5708225965499878,-0.23264962831606084,1
429,1788173909.5545862,0.10744192264686248,-0.6863690142368623,0.2616321983865655,-0.8378747920332169,3.0277469864144524,-1.4619580304886921e-05,-1.257770840321676,-2.0608814398394983,-1.014895264302389,-1.6366007963763636,1.5708465576171875,-0.22692615190614873,1
430,1788173909.5930655,0.10575299216734922,-0.6863690621663977,0.2615821157477089,-0.825212722668607,3.0312438221405356,0.0002839791752184714,-1.2601102034198206,-2.0602696577655237,-1.0159013907061976,-1.6363971869098108,1.5708345174789429,-0.22090274492372686,1
431,1788173909.631868,0.10421884466162606,-0.6863419194962106,0.261600400833114,-0.8131301096513485,3.034496947316491,0.0003418117482750607,-1.262233082448141,-2.0595739523517054,-1.0168965498553675,-1.6361339727984827,1.5708465576171875,-0.21505958238710576,1
432,1788173909.670467,0.10267291822074442,-0.6863455686440262,0.261577664655383,-0.8013216222346198,3.037612163606994,0.0003422452543011903,-1.2643922011004847,-2.0589378515826624,-1.0179150740252894,-1.6357505957232874,1.5708705186843872,-0.20944387117494756,1
433,1788173909.7091606,0.10131812678367387,-0.6863136336091411,0.2615930561155595,-0.7916416179596047,3.040153858729276,0.00047403754674177595,-1.266263786946432,-2.058350388203756,-1.0187419096576136,-1.6355951468097132,1.5708705186843872,-0.20494395891298467,1
434,1788173909.749588,0.09976848077645661,-0.6863130547876038,0.2616118515899337,-0.7793971721389307,3.0433127110923186,0.00036126196270533004,-1.2684224287616175,-2.057678524647848,-1.0197246710406702,-1.635212246571676,1.5708705186843872,-0.19905215898622686,1
435,1788173909.7889214,0.09816830011066537,-0.6863111005682698,0.26158719576553724,-0.767096077270509,3.0464773816558535,0.00045266169923354236,-1.2706411520587366,-2.0570667425738733,-1.0206955114947718,-1.6349132696734827,1.5708345174789429,-0.1931846777545374,1
436,1788173909.8293486,0.09651764955290444,-0.6863174946942163,0.26167118113988974,-0.755212114588176,3.0494497060195873,0.00022583021165506131,-1.2729442755328577,-2.0563586393939417,-1.0215829054461878,-1.634589974080221,1.5708225965499878,-0.1876891295062464,1
437,1788173909.8689437,0.09499337605720723,-0.6863295313487612,0.2616940069542205,-0.7431956308044756,3.052356797590826,4.064989759848124e-05,-1.2750914732562464,-2.055734936391012,-1.0224931875811976,-1.6341832319842737,1.5708585977554321,-0.18196565309633428,1
438,1788173909.9082315,0.09341386746173541,-0.6863611512241764,0.2616626258147607,-0.7305568567072849,3.0554144876144993,-7.318139903082066e-05,-1.2773101965533655,-2.0551708380328577,-1.023440186177389,-1.633728329335348,1.5708465576171875,-0.17590600648988897,1
439,1788173909.9489877,0.09176853043268335,-0.6863610093523397,0.2615974278508624,-0.7182708198642412,3.0583341101010237,0.00013330816861480688,-1.2796137968646448,-2.05463153520693,-1.0243867079364222,-1.6334527174579065,1.5708465576171875,-0.17017013231386358,1
440,1788173909.9905126,0.09017858540570464,-0.6863187784077123,0.2615892751722775,-0.7063728764233468,3.061087943776171,0.0003405936604214984,-1.281832520161764,-2.054018799458639,-1.0252979437457483,-1.633284870778219,1.5708705186843872,-0.16461402574648076,1
441,1788173910.0294902,0.08852139603219011,-0.6863235194752856,0.2616035296765197,-0.6937701455790858,3.0639684227475907,0.00032132978651862006,-1.2841594854937952,-2.0534313360797327,-1.0261481443988245,-1.6330097357379358,1.5708705186843872,-0.15871078172792608,1
442,1788173910.0718477,0.08688876398890212,-0.6863187128818427,0.2616614468576717,-0.681382538290052,3.0667786282363787,0.0001877421905701053,-1.286438290272848,-2.052795712147848,-1.0269759337054651,-1.6327346006976526,1.5708345174789429,-0.152902905141012,1
443,1788173910.1112328,0.08504623676442215,-0.6863097620221544,0.2616838748432183,-0.6672615336374977,3.0698682163371074,0.00015025827848218933,-1.2890289465533655,-2.0521238485919397,-1.0279343763934534,-1.632423226033346,1.5708465576171875,-0.14629108110536748,1
444,1788173910.1506147,0.08371610895555971,-0.6863389283258199,0.2616719866722306,-0.657422894301643,3.0719877344216466,9.206599060004955e-05,-1.2909124533282679,-2.051727596913473,-1.0285690466510218,-1.6321476141559046,1.5708465576171875,-0.14176732698549444,1
445,1788173910.1894574,0.08215527350230126,-0.686330873854055,0.26169709676727304,-0.6447551780440932,3.0746672047023718,-1.1836640307592756e-06,-1.2931073347674769,-2.0511515776263636,-1.0293844381915491,-1.6318486372577112,1.5708465576171875,-0.135719124470846,1
446,1788173910.2310772,0.08057312364116286,-0.6863231230911533,0.26168749726908513,-0.6323718708578495,3.077228320664503,5.561286828945978e-05,-1.2953384558307093,-2.050635639821188,-1.03017503419985,-1.6316092650042933,1.5708585977554321,-0.12989980379213506,1
447,1788173910.2708485,0.07890490402970002,-0.686306881175447,0.2617030112737242,-0.6203470486236116,3.0796656332940615,0.00011391599626638578,-1.2976897398578089,-2.050083939229147,-1.030954662953512,-1.6314175764666956,1.5708705186843872,-0.12444001833070928,1
448,1788173910.3121734,0.07736794103069852,-0.6863385362625051,0.26166548344317975,-0.6079259431043534,3.0821380523684194,3.94335720313515e-05,-1.2998727003680628,-2.049652401600973,-1.0317094961749476,-1.6310465971576136,1.5708705186843872,-0.11856013933290654,1
449,1788173910.3514626,0.07576383760174603,-0.6863582139585682,0.26162638603599175,-0.5952416548707832,3.0846390585253722,7.329989837028233e-05,-1.3021395842181605,-2.0492199102984827,-1.032452408467428,-1.6307595411883753,1.5708465576171875,-0.11259633699526006,1
450,1788173910.3929536,0.07385265664596594,-0.6863855964871052,0.26161538796162753,-0.5808956437741085,3.0873802916109354,-2.139490243441426e-05,-1.304849926625387,-2.048680607472555,-1.0333035627948206,-1.630388085042135,1.5708345174789429,-0.10600835481752569,1
451,1788173910.4315097,0.07229667114427561,-0.6864064227925538,0.2616062817957773,-0.5688900495082734,3.089623035248114,-9.896226142147078e-05,-1.3070572058307093,-2.0482481161700647,-1.0339868704425257,-1.6300886313067835,1.5708225965499878,-0.1004403273211878,1
452,1788173910.4707987,0.07063108210434214,-0.6863809116937836,0.2616367640507651,-0.5558552259991583,3.0919966235126384,-6.15499271102415e-05,-1.3094080130206507,-2.047720734273092,-1.0346935431109827,-1.6299331823932093,1.5708225965499878,-0.09435636201967412,1
453,1788173910.5091298,0.06899970586957505,-0.6863607904486358,0.26162561084563035,-0.5433658613394208,3.094203897941047,0.00016562032559537266,-1.3117225805865687,-2.047300640736715,-1.0353167692767542,-1.6298731009112757,1.5708465576171875,-0.08859664598573858,1
454,1788173910.549763,0.06775366663023105,-0.6863364190575368,0.2616080081795117,-0.5338751607739676,3.0958487718296426,0.0002613603231779806,-1.313486401234762,-2.0469287077533167,-1.0359042326556605,-1.6297176519977015,1.5708585977554321,-0.08422834077943975,1
455,1788173910.5891654,0.0660845024953423,-0.6863463719712829,0.2616148862185296,-0.5214079557380064,3.097973129559332,0.0002607385248065625,-1.3158615271197718,-2.046509091054098,-1.0365150610553187,-1.6295259634601038,1.5708585977554321,-0.07855207124818975,1
456,1788173910.6283762,0.06452064074454332,-0.6863426673699078,0.2616763956764593,-0.50865552322528,3.100095126200533,9.059103037938667e-05,-1.3180797735797327,-2.0460293928729456,-1.0371020475970667,-1.6293109099017542,1.5708465576171875,-0.07254010835756475,1
457,1788173910.6678145,0.06294428124041104,-0.6863090459631664,0.2616672714297213,-0.4962802664211662,3.102072878241881,0.00024432232623772227,-1.3203228155719202,-2.0455969015704554,-1.0377495924579065,-1.629190746937887,1.5708825588226318,-0.06680471101869756,1
458,1788173910.7089987,0.06126510082878703,-0.6863299369256217,0.2616233871070865,-0.48420435153100894,3.1040207072267254,0.00029664780790066323,-1.322709862385885,-2.0452492872821253,-1.038372818623678,-1.6289518515216272,1.5708465576171875,-0.06140453020204717,1
459,1788173910.7484143,0.059714731696513895,-0.6862994831857858,0.26162445679111035,-0.4718949933424025,3.105936307265725,0.0004246831866254269,-1.324904743825094,-2.0448415915118616,-1.038959805165426,-1.6288555304156702,1.5708345174789429,-0.05566865602602178,1
460,1788173910.787496,0.05815046461739359,-0.6863085911024065,0.2616495622123266,-0.4592027984871594,3.1078460020921193,0.00034835779795402126,-1.3271353880511683,-2.044469658528463,-1.0394633452044886,-1.6286762396441858,1.5708225965499878,-0.04972821870912725,1
461,1788173910.8270617,0.05653608070734725,-0.6863051712422868,0.26163144424286755,-0.4471307756400275,3.109571109019798,0.00037256272549862884,-1.3294509092914026,-2.0440977255450647,-1.04006272951235,-1.628460709248678,1.5708585977554321,-0.044280354176656544,1
462,1788173910.868492,0.054994575370838905,-0.6863067306784232,0.2615892135482485,-0.43498299624622866,3.11128929603158,0.00048632643927513507,-1.3316577116595667,-2.043797794972555,-1.0406015555011194,-1.6282933394061487,1.5708705186843872,-0.03867656389345342,1
463,1788173910.9081237,0.05335345244315772,-0.6863313538457598,0.2616280567246322,-0.4218948060541798,3.1130912916259965,0.00029677763426773113,-1.334008518849508,-2.0434377829181116,-1.0410693327533167,-1.6280654112445276,1.5708585977554321,-0.032616440449849904,1
464,1788173910.94805,0.051752461563921236,-0.6863436499653189,0.26162862627765343,-0.40938055197259793,3.114772820861364,0.00027631144598650636,-1.336299244557516,-2.043125931416647,-1.0415366331683558,-1.6278980414019983,1.5708465576171875,-0.026868645344869435,1
465,1788173910.9864159,0.050198797096923466,-0.6863396980348001,0.2616165307521159,-0.3974528986924343,3.1162960614575996,0.0003175921590001668,-1.3385303656207483,-2.0428136030780237,-1.0420282522784632,-1.6277425924884241,1.5708705186843872,-0.021444622670308888,1
466,1788173911.025294,0.04858741915636126,-0.6863572258860714,0.2616273969755971,-0.3848109419268738,3.117877544230945,0.00024252155616805393,-1.3408449331866663,-2.042514149342672,-1.0424593130694788,-1.6275628248797815,1.5708705186843872,-0.0156481901751917,1
467,1788173911.0644262,0.04695882600994933,-0.6863331597713795,0.2616139903425585,-0.37182578594557325,3.119454282618118,0.00026055799509506865,-1.3431718985186976,-2.0421417395221155,-1.043046776448385,-1.6273592154132288,1.5708705186843872,-0.009647671376363576,1
468,1788173911.1036973,0.045332590767454176,-0.6862903826433844,0.26164673128112015,-0.35951361691365336,3.1209387583805475,0.0001585976506652734,-1.3454750219928187,-2.0416858831988733,-1.0436580816852015,-1.627143685017721,1.5708225965499878,-0.004055802022115529,1
469,1788173911.142368,0.043978804171383765,-0.6862746678783386,0.26164125390436466,-0.34977471576969393,3.1220307544084087,0.0001234977334981033,-1.3474176565753382,-2.0413859526263636,-1.0441253821002405,-1.6269524733172815,1.5708345174789429,0.00024043352459557354,1
470,1788173911.181945,0.042426588486090294,-0.686215963456613,0.2616538754888277,-0.3373694461866832,3.1233662136465647,5.270234867606465e-05,-1.3496368567096155,-2.0409300963031214,-1.0447848478900355,-1.6267007032977503,1.5708585977554321,0.005964399315416813,1
471,1788173911.219698,0.04086492334537287,-0.686133553416664,0.261706240302892,-0.3246274091671129,3.1247439373369397,-6.598480518268124e-05,-1.3518436590777796,-2.0404022375689905,-1.0454557577716272,-1.6264856497394007,1.5708225965499878,0.011916814371943474,1
472,1788173911.2595263,0.039204337993722436,-0.6860240160941884,0.261705022301863,-0.31219514428912176,3.1259977364007607,8.726607078136794e-05,-1.354206387196676,-2.03989822069277,-1.0461872259723108,-1.6263535658465784,1.5708465576171875,0.01750895380973816,1
473,1788173911.2990105,0.037693004555373784,-0.6859182311344794,0.2617245787385816,-0.30000170789188463,3.1271824177286667,0.0001268145569108804,-1.3563535849200647,-2.0393946806537073,-1.0468819777118128,-1.6261861960040491,1.5708585977554321,0.023161012679338455,1
474,1788173911.3393412,0.036010223473758575,-0.6858845610030263,0.26170081626937636,-0.2868519753023894,3.128459747814685,6.211950254371436e-05,-1.3587520758258265,-2.039023224507467,-1.047504727040426,-1.6258991400348108,1.5708105564117432,0.02917334996163845,1
475,1788173911.3787937,0.03440840569719901,-0.6857970206544571,0.2616858302393982,-0.2743295746460193,3.129567569741098,0.00017750545827378744,-1.3610432783709925,-2.038602654133932,-1.048152271901266,-1.6257432142840784,1.5708345174789429,0.034885331988334656,1
476,1788173911.420664,0.03286259891701923,-0.6857178690604331,0.2616478864445712,-0.2621987006459639,3.130611929309911,0.00023405764554292475,-1.3632500807391565,-2.0381949583636683,-1.048847500477926,-1.6254919211017054,1.5708345174789429,0.04042990878224373,1
477,1788173911.4608808,0.03121179310682414,-0.6856468012493575,0.2616600521791078,-0.24968834817856567,3.131631797531517,0.0001969528788489213,-1.365612808858053,-2.0377753416644495,-1.0494468847857874,-1.6252883116351526,1.5708345174789429,0.04605799913406372,1
478,1788173911.5005302,0.029666145604330202,-0.6855561672609443,0.26166823955512475,-0.23694825782524243,3.1326247181231595,0.00023342261096322625,-1.367819611226217,-2.0373547712909144,-1.0500462690936487,-1.6251328627215784,1.5708345174789429,0.0519864447414875,1
479,1788173911.5419874,0.028104019654692024,-0.6854738825878417,0.2615942567529709,-0.22452295663139946,3.1335346708136096,0.000462663120882205,-1.3700626532184046,-2.0370314756976526,-1.0506814161883753,-1.624965016041891,1.5708585977554321,0.0576748326420784,1
480,1788173911.5829651,0.02645996832812369,-0.6854170569324511,0.26154621063227673,-0.21224663857877446,3.134396803669021,0.0005369850043191224,-1.372425381337301,-2.036719624196188,-1.0512564818011683,-1.624749485646383,1.5708585977554321,0.06314675509929657,1
481,1788173911.621904,0.024864814311479307,-0.6853792111169894,0.26156145669317393,-0.19949314719626615,3.1352103849052413,0.00038953163739527234,-1.3747285048114222,-2.0363948980914515,-1.0517237822162073,-1.6245105902301233,1.5708705186843872,0.06897933036088943,1
482,1788173911.6663816,0.023221272591950833,-0.6853122417962899,0.2615665899857181,-0.1866289207486852,3.1360353622041894,0.0003442238426313702,-1.3770788351642054,-2.0360353628741663,-1.05225116411318,-1.6243184248553675,1.5708345174789429,0.07483549416065216,1
483,1788173911.706186,0.021312403814722044,-0.6852217915794092,0.2616272211191252,-0.17202648239666346,3.1368457792970292,0.00019840072777313982,-1.3798254171954554,-2.035567585621969,-1.052814785634176,-1.624127213154928,1.5708465576171875,0.08139947801828384,1
484,1788173911.747446,0.01979239381612293,-0.6851686325359521,0.26163610985192715,-0.15967833133443243,3.1374719708487873,3.268199413187407e-05,-1.3820202986346644,-2.035231415425436,-1.0533178488360804,-1.6238520781146448,1.5708585977554321,0.08707588165998459,1
485,1788173911.7898877,0.018104558066457718,-0.6850970842070015,0.26164480103335663,-0.14653932894020988,3.1381319466845405,-2.8788014096695954e-05,-1.3844431082354944,-2.0348838011371058,-1.0538209120379847,-1.6236603895770472,1.5708345174789429,0.09302829951047897,1
486,1788173911.832835,0.016247353201439736,-0.6849927674528514,0.2616476659473439,-0.13174019188492356,3.1387794518771877,1.1090143284131796e-05,-1.3871172110186976,-2.034487549458639,-1.0543964544879358,-1.623504940663473,1.5708465576171875,0.09978477656841278,1
487,1788173911.8769097,0.01465017674708037,-0.6849219758780511,0.2615841751503776,-0.11953687544706111,3.1392764150131,0.00010387960119461548,-1.3894203344928187,-2.0342238585101526,-1.0549357573138636,-1.623288933430807,1.5708465576171875,0.1052570790052414,1
488,1788173911.9193926,0.013010492889636047,-0.6848366346593316,0.26165020866471156,-0.10661546481511967,3.1397315104082195,-7.918694579008576e-06,-1.3917830626117151,-2.0338638464557093,-1.0553191343890589,-1.6231935659991663,1.5708465576171875,0.11112560331821442,1
489,1788173911.9655282,0.011146916432340299,-0.6847360028375605,0.26160193288105216,-0.09139478955187387,3.1402254094847963,0.0001404364573001071,-1.3944695631610315,-2.0335519949542444,-1.0558822790728968,-1.6230376402484339,1.5708465576171875,0.11813412606716156,1
490,1788173912.0105755,0.009169492142128666,-0.6846361741183816,0.2615805698775978,-0.07654799919394663,3.140638635751657,0.00030868587571945475,-1.3973243872271937,-2.0332639853106897,-1.056338135396139,-1.6229780356036585,1.5708465576171875,0.12473481148481369,1
491,1788173912.0541675,0.007617684801979131,-0.6845580279248767,0.26157453401738345,-0.06392474045775448,3.14092478435883,0.0003450296764621545,-1.3995664755450647,-2.0330122152911585,-1.0567215124713343,-1.6228697935687464,1.5708465576171875,0.13053105771541595,1
492,1788173912.0961745,0.00603355388456473,-0.6844655750735685,0.26159046065358244,-0.05109125050336655,3.141146428266647,0.00032944563844880445,-1.4018576780902308,-2.0327122847186487,-1.0571287314044397,-1.6227505842791956,1.5708585977554321,0.13641119003295898,1
493,1788173912.1386437,0.004103930670671168,-0.6843968139665105,0.2616273759280351,-0.036466873615202684,3.141349552943725,0.00019562950636836123,-1.4046524206744593,-2.032436196004049,-1.0574644247638147,-1.6226065794574183,1.5708465576171875,0.1429276168346405,1
494,1788173912.1780462,0.002525345133726574,-0.6843045393208036,0.26162471109016266,-0.024141869102367486,3.1414861813291166,0.0002490017660463368,-1.4069307486163538,-2.032184425984518,-1.057835880910055,-1.6225231329547327,1.5708345174789429,0.14849616587162018,1
495,1788173912.217791,0.0008192026351485425,-0.684215082095346,0.2615946439214436,0.010891928807119982,-3.1415702196738677,-0.00041621014105654944,-1.4094017187701624,-2.031992260609762,-1.05817157426943,-1.6224873701678675,1.5708345174789429,0.15446056425571442,1
496,1788173912.2556434,-0.0007789447372932666,-0.6841603699122458,0.2616639277928814,0.0016420145248329159,3.141555732205892,0.0001404147301413805,-1.4117286841021937,-2.0317404905902308,-1.0584114233600062,-1.62231952348818,1.5708465576171875,0.16011299192905426,1
497,1788173912.2966056,-0.0023130729178170635,-0.6840681933609081,0.26164433755855476,0.013627336941924601,3.1415462045014904,0.00021066248929236327,-1.4139464537249964,-2.0315240065204065,-1.0587709585772913,-1.6222236792193812,1.5708345174789429,0.1655253767967224,1
498,1788173912.3353071,-0.003993053234212462,-0.6839873788421057,0.26161993879441536,-0.026481675662285577,-3.1414703033614213,-0.00035696935159671675,-1.4163816610919397,-2.0313804785357874,-1.0590227285968226,-1.622211758290426,1.5708225965499878,0.17127367854118347,1
499,1788173912.3743458,-0.0052127561504853506,-0.6839416598670267,0.2616263249219506,-0.03667718650977983,-3.1413754419094095,-0.0002815747384219134,-1.4181564489947718,-2.031248394642965,-1.059213940297262,-1.6221039930926722,1.5708225965499878,0.17598985135555267,1
500,1788173912.4132273,-0.006784307073270696,-0.6838594328208658,0.26162586859656667,0.049360420387502775,3.141182725894786,0.00027005672058303597,-1.4204471747027796,-2.0310567061053675,-1.0595019499408167,-1.6219962278949183,1.5708465576171875,0.18177448213100433,1
501,1788173912.4526017,-0.008460579297073495,-0.6838022991482625,0.2616666117448714,0.06149638948808404,3.1409684466852883,4.079631624181528e-05,-1.4228819052325647,-2.0308645407306116,-1.0597174803363245,-1.621828858052389,1.5708225965499878,0.18706701695919037,1
502,1788173912.493582,-0.010009835823383322,-0.6837292947353175,0.26166199624422093,0.07402663593363082,3.140704343787277,9.770690584967612e-05,-1.4251363913165491,-2.0307448546039026,-1.0598977247821253,-1.6218050161944788,1.5708225965499878,0.19279135763645172,1
503,1788173912.5326934,-0.011650479896874054,-0.6836439753463387,0.2616529658705796,0.08695194790765343,3.140375133837215,0.00011546455047764901,-1.427523438130514,-2.03058892885317,-1.0601490179644983,-1.621721092854635,1.5708225965499878,0.198635533452034,1
504,1788173912.5712907,-0.013219845806603703,-0.6835529096750258,0.2616396336849365,0.09910322371417733,3.140001886798105,0.00021419602577157573,-1.4298141638385218,-2.0304563681231897,-1.0603650251971644,-1.621697250996725,1.5708465576171875,0.20408424735069275,1
505,1788173912.608895,-0.01475255212074194,-0.6834832143995014,0.2616454656419157,0.11132654690455338,3.1395605463033096,0.00014628257042159025,-1.432056728993551,-2.0303247610675257,-1.060556713734762,-1.6215890089618128,1.5708705186843872,0.20962844789028168,1
506,1788173912.646841,-0.016412388843298164,-0.6834180828662196,0.26163455854836365,0.12443733754840587,3.139105958945309,0.00015498495158160786,-1.434467617665426,-2.030252758656637,-1.060688320790426,-1.6215413252459925,1.5708345174789429,0.21556924283504486,1
507,1788173912.685749,-0.01768469387657662,-0.683350686691082,0.26163370888288506,0.1345865172659251,3.1386755579294774,0.0001591034450027757,-1.4363263289081019,-2.030156914387838,-1.0608323256122034,-1.6214936415301722,1.5708465576171875,0.220177561044693,1
508,1788173912.725259,-0.019273635081184674,-0.6832747654451492,0.26163600166757506,0.14680542973088342,3.13810849254835,0.00020199568860813124,-1.438653294240133,-2.0300844351397913,-1.0609281698810022,-1.6214936415301722,1.5708705186843872,0.22563786804676056,1
509,1788173912.763179,-0.020951596453265924,-0.6831959284235466,0.2616423485988691,0.15938013505080736,3.1375025506671474,0.00016118421066161175,-1.4410994688617151,-2.0299885908709925,-1.0610597769366663,-1.6214335600482386,1.5708585977554321,0.23120641708374023,1
510,1788173912.8030982,-0.02249942850349983,-0.6831318083897036,0.2616567282594222,0.172214829923123,3.1368062864368556,0.00011019730122512605,-1.4433663527118128,-2.029928986226217,-1.0611198584186,-1.6213977972613733,1.5708705186843872,0.23712250590324402,1
511,1788173912.8409243,-0.02408668996242356,-0.6830726943036824,0.26162940617215424,0.18474859547825503,3.1361190314812997,0.00012262397099335992,-1.4456809202777308,-2.029917065297262,-1.0612042585956019,-1.6213377157794397,1.5708465576171875,0.2427992820739746,1
512,1788173912.88083,-0.025748463576127863,-0.6829789106515001,0.2616538077171099,0.1969398414389126,3.1353866564298554,9.93450826293225e-05,-1.4481037298785608,-2.029820744191305,-1.0612877050982874,-1.6213377157794397,1.5708345174789429,0.2481517344713211,1
513,1788173912.920761,-0.027263831130897948,-0.6829166727069244,0.2616914402856204,0.20937027717820259,3.1345612351930288,-6.616394789175852e-05,-1.4503219763385218,-2.0297492186175745,-1.0613234678851526,-1.6212661902057093,1.5708345174789429,0.25386446714401245,1
514,1788173912.9594903,-0.028916042304115187,-0.6828418029024579,0.26167835953639024,0.2225308460884918,3.133644742235044,-4.40889357427789e-05,-1.4527443091021937,-2.0297372976886194,-1.0613716284381312,-1.621241871510641,1.5708465576171875,0.25984084606170654,1
515,1788173912.997928,-0.030480847656908408,-0.6827456610734431,0.2616596868807667,0.23477040576058703,3.132788763248116,5.997842266886582e-05,-1.4550231138812464,-2.029701058064596,-1.061455551777975,-1.6212661902057093,1.5708225965499878,0.2653730809688568,1
516,1788173913.036985,-0.031739546669118504,-0.682708154935577,0.261647123392612,0.24461535282533803,3.131997655535303,5.168312102277262e-05,-1.4568823019610804,-2.0297492186175745,-1.0614193121539515,-1.621241871510641,1.5708585977554321,0.26980161666870117,1
517,1788173913.0744536,-0.03338835227930811,-0.6826002687297376,0.26165630271898005,0.2574468498526344,3.130978384096405,0.0001260711428749842,-1.4592927137957972,-2.029701058064596,-1.061455551777975,-1.6213019529925745,1.5708585977554321,0.2755858600139618,1
518,1788173913.1149406,-0.034996442704136474,-0.682538215298579,0.2616459034214422,0.2703696452339078,3.1299057358958877,6.302159351514402e-05,-1.4616435209857386,-2.029724899922506,-1.061455551777975,-1.621241871510641,1.5708345174789429,0.28149035573005676,1
519,1788173913.1548574,-0.036538412194053585,-0.6824508050408147,0.2616482722282163,0.28242034440668445,3.1288225132238954,0.0001079591488337315,-1.463909927998678,-2.029724899922506,-1.0614436308490198,-1.6212781111346644,1.5708585977554321,0.2869266867637634,1
520,1788173913.193256,-0.03818285509924947,-0.6823696926920828,0.2616422090409232,0.2947544697539463,3.127717864285044,7.857422054451178e-05,-1.466308895741598,-2.0297372976886194,-1.0614436308490198,-1.621253792439596,1.5708225965499878,0.29241135716438293,1
521,1788173913.2314785,-0.039758532776703416,-0.6822848542487925,0.26166353029635125,0.30756446254460024,3.126462812484543,7.472718268720379e-06,-1.4686229864703577,-2.029724899922506,-1.0614193121539515,-1.621241871510641,1.5708345174789429,0.29829147458076477,1
522,1788173913.2691555,-0.041063434611126756,-0.6822246879730715,0.2616947344789735,0.31768975416354545,3.1254216330333207,-0.00011634993811269059,-1.4705422560321253,-2.029724899922506,-1.061359707509176,-1.621218506489889,1.5708465576171875,0.30285224318504333,1
523,1788173913.308603,-0.04277224818466686,-0.6821304634389302,0.26170871241956795,0.3301586467082909,3.1241594809674353,-0.000165013142198304,-1.4730365912066858,-2.0297372976886194,-1.0613115469561976,-1.6212299505816858,1.5708105564117432,0.3083365261554718,1
524,1788173913.3479393,-0.04425392220993712,-0.6820489394086188,0.2617579010655464,0.34240488645097916,3.1227620707105057,-0.0002938923414757846,-1.4752309958087366,-2.029724899922506,-1.0612276236163538,-1.6212299505816858,1.5708705186843872,0.31398895382881165,1
525,1788173913.3884215,-0.045904357978812926,-0.6819601384225933,0.26174687906462085,0.3554050148940183,3.1213188513769223,-0.00021953889867157376,-1.4776538054095667,-2.02980882326235,-1.0611198584186,-1.6213019529925745,1.5708705186843872,0.31989341974258423,1
526,1788173913.4281566,-0.04748917266888055,-0.6818994276033385,0.26177060253604356,0.3680405175306458,3.11984574270243,-0.00037041872330682233,-1.4799802939044397,-2.0298808256732386,-1.0609758535968226,-1.6212781111346644,1.5708585977554321,0.3256657123565674,1
527,1788173913.4691074,-0.049031044122113655,-0.6818638177841703,0.26179811709980894,0.3799588248015572,3.1184004285329094,-0.0005769971090105461,-1.4822471777545374,-2.0300005117999476,-1.0607603232013147,-1.621241871510641,1.5708465576171875,0.3310421407222748,1
528,1788173913.507547,-0.050690602066289454,-0.6817758469550788,0.26178790412830655,0.3926414647547462,3.1168429234838864,-0.0005608629586563989,-1.4846814314471644,-2.0300968329059046,-1.0606406370746058,-1.6212781111346644,1.5708345174789429,0.3367428779602051,1
529,1788173913.5459747,-0.0522527389166448,-0.6817151416928178,0.2617586859746863,0.40535206514583333,3.115207963139278,-0.0005199349265230463,-1.4869840780841272,-2.030264679585592,-1.0604608694659632,-1.6213138739215296,1.5708465576171875,0.3425990343093872,1
530,1788173913.5861776,-0.05388335366136162,-0.681640809944758,0.26177540069321426,0.41762867582501206,3.1135930961770644,-0.000464753555227169,-1.489382568989889,-2.0304325262652796,-1.0601609388934534,-1.621481720601217,1.5708465576171875,0.3480837047100067,1
531,1788173913.626443,-0.055429797539104216,-0.6815971868164257,0.2617110887271693,0.4297489547608011,3.111953434950569,-0.000389844671642858,-1.4916608969317835,-2.030672852193014,-1.0599573294269007,-1.6214936415301722,1.5708465576171875,0.3535919487476349,1
532,1788173913.664065,-0.056979896625392185,-0.6815056066093091,0.26173304786620233,0.44224970169020006,3.1101708093965876,-0.0003407553583143751,-1.4939516226397913,-2.030793015156881,-1.0597174803363245,-1.6216371695147913,1.5708825588226318,0.35934025049209595,1
533,1788173913.703202,-0.05862085634600403,-0.6814244636999129,0.2616913461131373,0.45519971735845666,3.108331864101209,-0.00021585753796777587,-1.496362034474508,-2.030996624623434,-1.0595019499408167,-1.6217330137835901,1.5708705186843872,0.3652570843696594,1
534,1788173913.7419817,-0.05991302832939469,-0.6813737061897119,0.2617004225853523,0.46495240189881654,3.1069035274716432,-0.00027871065051513643,-1.4982569853412073,-2.0311406294452112,-1.0592740217791956,-1.6217811743365687,1.5708465576171875,0.36963731050491333,1
535,1788173913.779105,-0.06148226418848508,-0.6812987378440271,0.26169484135372845,0.4771738535402019,3.1050431397608356,-0.00023777526487180807,-1.500571076069967,-2.031332317982809,-1.0589984099017542,-1.6218889395343226,1.5708585977554321,0.3751935064792633,1
536,1788173913.8182847,-0.06316374028598534,-0.6812119130594223,0.26165298687558913,0.4900100486400684,3.103073874928463,-0.00011320944141787829,-1.5030420462237757,-2.03156024614443,-1.0587471167193812,-1.6219962278949183,1.5708465576171875,0.3809901177883148,1
537,1788173913.8575532,-0.06477976749904628,-0.6811190219491938,0.261685726803059,0.5024611123339274,3.1010911539136976,-0.00013552147653711293,-1.505416218434469,-2.0317161718951624,-1.0584352652179163,-1.6221402327166956,1.5708345174789429,0.38664257526397705,1
538,1788173913.8974044,-0.06629252992143257,-0.6810741871417767,0.26174722827704955,0.5143214891981426,3.0991131731151977,-0.0003550039886322212,-1.5076468626605433,-2.0319083372699183,-1.0580280462848108,-1.622211758290426,1.5708345174789429,0.39206692576408386,1
539,1788173913.9360216,-0.06799627481477255,-0.6809577557297041,0.2617403685933841,0.5266590199457547,3.0970182541801803,-0.0002507720620068089,-1.5101655165301722,-2.032088581715719,-1.0577638784991663,-1.6223552862750452,1.5708705186843872,0.39751526713371277,1
540,1788173913.9742212,-0.06920892175934025,-0.6809044695804721,0.26166259774143474,0.5368124261191732,3.095343347190601,-4.249162309630792e-05,-1.5119403044330042,-2.0323522726642054,-1.0575364271747034,-1.6224635283099573,1.5708345174789429,0.4022917151451111,1
541,1788173914.0144324,-0.07079952740538632,-0.6808114497676414,0.261660579719336,0.5492466863291791,3.093145584167042,2.0271773786776854e-05,-1.5142906347857874,-2.0325682798968714,-1.0572126547442835,-1.6226065794574183,1.5708585977554321,0.4079801142215729,1
542,1788173914.054894,-0.07243720973774938,-0.680747761191458,0.26168055750681174,0.5613394898776909,3.0909689612809146,-9.325962319501691e-05,-1.5167010466205042,-2.0328200499164026,-1.056805435811178,-1.622690502797262,1.5708465576171875,0.4133920967578888,1
543,1788173914.0934737,-0.07392889372329779,-0.6806750861099167,0.26166425614991673,0.5734605132802982,3.088733708432931,8.19635966219273e-06,-1.51890737215151,-2.0330966154681605,-1.0564220587359827,-1.6228578726397913,1.5708705186843872,0.4190325438976288,1
544,1788173914.1326752,-0.07560962985149619,-0.6806140431758887,0.2617055783828782,0.5863510035086386,3.0863075602045265,-0.00018390876396443069,-1.5213778654681605,-2.033360306416647,-1.0559542814837855,-1.622941795979635,1.5708465576171875,0.424912691116333,1
545,1788173914.1753664,-0.0771907680308577,-0.6805358022692093,0.26169889724770523,0.5987278327104526,3.083903631730223,-0.0001929857776654253,-1.5237162748919886,-2.033623997365133,-1.0555828253375452,-1.6230376402484339,1.5708705186843872,0.4306010901927948,1
546,1788173914.2143369,-0.07877482916818648,-0.680454035576274,0.261692292493061,0.6104766904142888,3.081625944013674,-0.00018278363311582176,-1.5260427633868616,-2.0338996092425745,-1.0551875273333948,-1.6231697241412562,1.5708465576171875,0.43589362502098083,1
547,1788173914.2558758,-0.08038585918554304,-0.6803732014107897,0.2617008184635194,0.6229713993027423,3.0791360658384535,-0.00010840070942787568,-1.5284174124347132,-2.0342238585101526,-1.0546725432025355,-1.6234090963946741,1.5708465576171875,0.44162994623184204,1
548,1788173914.2936804,-0.08226786674905527,-0.6802748597764007,0.26166006842998535,0.6378608381756141,3.076130388540209,8.785023757661023e-05,-1.5311873594867151,-2.0346439520465296,-1.0541208426104944,-1.6236723105060022,1.5708345174789429,0.4485302269458771,1
549,1788173914.333597,-0.08361336198432243,-0.6801969145350744,0.2616792920393083,0.6475117073555137,3.074122092083407,6.373239513033529e-05,-1.533166233693258,-2.0348714033709925,-1.053736988698141,-1.6238158384906214,1.5708225965499878,0.45282694697380066,1
550,1788173914.3769894,-0.08528643224858616,-0.6801033773082727,0.2616680236388156,0.6597886886464722,3.0715138952207357,0.00016058983049112828,-1.5356362501727503,-2.0352194944964808,-1.0532339254962366,-1.6240313688861292,1.5708345174789429,0.4583471715450287,1
551,1788173914.4179091,-0.0871167499268355,-0.6800070092872865,0.26165483470680695,0.6747937416093714,3.0682319436009733,0.00026603301900896654,-1.5383465925799769,-2.0356276671039026,-1.0526464621173304,-1.6242707411395472,1.5708705186843872,0.46541523933410645,1
552,1788173914.4617147,-0.08879515943658019,-0.6799230477781533,0.26164738759838163,0.6872890008329797,3.065469287648214,0.00026147561567588663,-1.5408170858966272,-2.035987202321188,-1.0521310011493128,-1.6244266668902796,1.5708585977554321,0.4710916578769684,1
553,1788173914.5038602,-0.09058889391061939,-0.679863831802327,0.26163367775584623,0.7012513304643737,3.0622787938960547,0.00017628239120743279,-1.543466869984762,-2.036431137715475,-1.0515201727496546,-1.6245344320880335,1.5708705186843872,0.47755977511405945,1
554,1788173914.5479488,-0.09223221093118807,-0.6797737430134969,0.2616573571704419,0.713845473660008,3.059358338760768,0.00012131274016532429,-1.5458892027484339,-2.036767307912008,-1.0509684721576136,-1.6247137228595179,1.5708705186843872,0.48336800932884216,1
555,1788173914.58905,-0.0938594071906953,-0.6796887981220164,0.26168436985434207,0.7262356108448011,3.056470702331536,7.16460888483168e-05,-1.5482757727252405,-2.0371273199664515,-1.0503695646869105,-1.6249292532550257,1.5708345174789429,0.4890807271003723,1
556,1788173914.6294055,-0.0954020129908357,-0.6796350622291628,0.26170026929109846,0.7380314124767582,3.0536129960897953,-3.3569724557256786e-05,-1.5505545775042933,-2.037522617970602,-1.049758259450094,-1.6250727812396448,1.5708465576171875,0.4945286810398102,1
557,1788173914.6710815,-0.09704791899356116,-0.679562678006476,0.2617204492076033,0.7501704829448085,3.0506529031143557,-0.00011067466631763044,-1.5529769102679651,-2.0379307905780237,-1.0491107145892542,-1.6252644697772425,1.5708345174789429,0.5000609159469604,1
558,1788173914.7098875,-0.09859286331048542,-0.679507597811314,0.2617216563303917,0.7626707928639674,3.047509756941156,-0.00013066485733132448,-1.5552666823016565,-2.038374725972311,-1.0484522024737757,-1.6254561583148401,1.5708705186843872,0.5059769749641418,1
559,1788173914.7494848,-0.10019027847616362,-0.6794436532576087,0.2616764296618559,0.7749282576327843,3.044476486456841,-7.687517731253843e-05,-1.5576050917254847,-2.0388549009906214,-1.0478408972369593,-1.6256354490863245,1.5708225965499878,0.5116773843765259,1
560,1788173914.7892988,-0.10182063053925883,-0.6793507828626837,0.26165576031898186,0.786792100426965,3.041424426506692,2.4867509320162987e-05,-1.5600155035602015,-2.0392988363849085,-1.0472176710711878,-1.6258752981769007,1.5708465576171875,0.5170657634735107,1
561,1788173914.831881,-0.10338548043329036,-0.6792887203843834,0.2616513031700912,0.7990025947391911,3.038212376412919,1.6807280035850235e-05,-1.5623295942889612,-2.0397666136371058,-1.046534840260641,-1.6260784308062952,1.5708705186843872,0.522789716720581,1
562,1788173914.872919,-0.10539346257906572,-0.6791742167195661,0.26159396029625115,0.814245090784342,3.0342228871904315,0.00020645601969852085,-1.565279785786764,-2.0403664747821253,-1.0457552115069788,-1.6263898054706019,1.5708465576171875,0.5298701524734497,1
563,1788173914.9159026,-0.1069725361070598,-0.6791163146581133,0.2615963849955915,0.8260203199338448,3.0309862528089373,0.00013128191150381415,-1.567618195210592,-2.0408461729632776,-1.0450480620013636,-1.6265576521502894,1.5708825588226318,0.5353061556816101,1
564,1788173914.9579456,-0.108530193035143,-0.6790444522000386,0.261559958873609,0.8378595892726645,3.0277673108830334,0.0002368111850781407,-1.5699084440814417,-2.0413621107684534,-1.0443537870990198,-1.6268089453326624,1.5708705186843872,0.5408267378807068,1
565,1788173914.9991941,-0.11022406554099175,-0.6789735863701848,0.2616106663587736,0.8505321008932732,3.024241147003816,7.524671611924246e-05,-1.5723908583270472,-2.041853729878561,-1.0435140768634241,-1.6270602385150355,1.5708345174789429,0.5467184782028198,1
566,1788173915.0396752,-0.1120538801738155,-0.6788623717072985,0.26160240675745894,0.8649152651672547,3.0201811619291803,0.00026286005518102697,-1.5750892798053187,-2.0424421469317835,-1.0426276365863245,-1.6274789015399378,1.5708465576171875,0.5535345077514648,1
567,1788173915.0807118,-0.11371528210950547,-0.678752864714127,0.2616597310905796,0.8767178177116394,3.01676277187999,0.00019008520058943611,-1.5775354544269007,-2.0428736845599573,-1.0418484846698206,-1.6277783552752894,1.5708465576171875,0.5589109063148499,1
568,1788173915.1205301,-0.1152493573584065,-0.6786969352827726,0.26165967506827714,0.8888598488026581,3.013166601633631,0.00010970118555711694,-1.579801384602682,-2.043389145527975,-1.0410931746112269,-1.627958122883932,1.5708705186843872,0.5647068023681641,1
569,1788173915.1634266,-0.11686576805676717,-0.6786176856202377,0.26165959610074013,0.9013364444012041,3.0094997497930067,5.525015138630759e-05,-1.5821641127215784,-2.043906037007467,-1.0403264204608362,-1.6281855742083948,1.5708225965499878,0.5706229209899902,1
570,1788173915.2038834,-0.11850671365552502,-0.6785445607517856,0.2616826241866721,0.9131592938928348,3.0058851655654335,-6.091562275330712e-05,-1.5845864454852503,-2.0444334189044397,-1.039499584828512,-1.6284011046039026,1.5708465576171875,0.5760712027549744,1
571,1788173915.245263,-0.12004762080022723,-0.6785101179844538,0.2616995916367696,0.9247638473394816,3.0022710934184422,-0.00018954858141269598,-1.5868642965899866,-2.045021359120504,-1.038600269948141,-1.6286166349994105,1.5708825588226318,0.5815311670303345,1
572,1788173915.285342,-0.12165127189350863,-0.6784318414015563,0.26165093223166946,0.9367640081476413,2.9985936919456617,-9.051302622710184e-05,-1.5892146269427698,-2.0456212202655237,-1.0378096739398401,-1.6288798491107386,1.5708585977554321,0.5871712565422058,1
573,1788173915.3253646,-0.12326082811032721,-0.678360119442532,0.2616829340582076,0.9490244885889033,2.9947373802084813,-0.00014951947161222364,-1.591576878224508,-2.046197239552633,-1.0368745962726038,-1.6292031447040003,1.5708465576171875,0.5929914712905884,1
574,1788173915.3628175,-0.12480862173503228,-0.6783089643342738,0.26163767329612597,0.9606397464792619,2.9910302340044588,-8.936664244306971e-05,-1.5938552061664026,-2.046844784413473,-1.0360119978534144,-1.6294544378863733,1.5708585977554321,0.5984753370285034,1
575,1788173915.404895,-0.12651375808047005,-0.6782096741956868,0.26164937247739295,0.9727046504363583,2.9871213267406325,-0.00012434586956138092,-1.5963614622699183,-2.0474208037005823,-1.0351250807391565,-1.6297419706927698,1.5708585977554321,0.6040431261062622,1
576,1788173915.446626,-0.12813272283327462,-0.6781359202585278,0.2616762933580934,0.9851636725651822,2.983022110684791,-0.0002558000843269681,-1.5987356344806116,-2.0479963461505335,-1.0342143217669886,-1.6299932638751429,1.5708465576171875,0.6100191473960876,1
577,1788173915.4894478,-0.13001929651779012,-0.6780529566661201,0.261683250424507,0.9994394393106697,2.978232795361312,-0.000239141741590808,-1.6015179792987269,-2.0487521330462855,-1.0330637137042444,-1.630388085042135,1.5708825588226318,0.6168231964111328,1
578,1788173915.5309322,-0.13159322305058097,-0.6779147231242842,0.26171974535691733,1.0108194069721903,2.974473632279538,-2.0867789348308e-05,-1.6038196722613733,-2.0493043104754847,-1.032104794179098,-1.6309507528888147,1.5708465576171875,0.6221513152122498,1
579,1788173915.57255,-0.13312269245285033,-0.677812671286231,0.26174772847947236,1.022855095173523,2.9703543037861704,9.845178636768478e-05,-1.6060741583453577,-2.049892250691549,-1.0311339537249964,-1.6314056555377405,1.5708705186843872,0.627995491027832,1
580,1788173915.6135964,-0.1347893687904373,-0.6777219513407681,0.26173810188403723,1.0351188464767695,2.9661468421556045,0.00011780120112742775,-1.6085084120379847,-2.050551716481344,-1.0301631132708948,-1.6317408720599573,1.5708345174789429,0.633815348148346,1
581,1788173915.6563668,-0.13637378800178426,-0.6776767278380984,0.2617375413436802,1.0465557951121642,2.96208547516411,-3.616545208982522e-05,-1.6108349005328577,-2.0512240568744105,-1.0291808287249964,-1.63194448152651,1.5708465576171875,0.639215350151062,1
582,1788173915.698233,-0.1382890313143544,-0.6776277580341187,0.26167069452583713,1.0604566449580666,2.957137268663455,-3.59880959396549e-05,-1.613640610371725,-2.052135769520895,-1.0279820601092737,-1.6322315374957483,1.5708465576171875,0.6458033323287964,1
583,1788173915.7391064,-0.13989428644104424,-0.6775289009403853,0.26168706889103266,1.0726500277444306,2.9527310620732976,6.619935793155341e-05,-1.6160028616534632,-2.052807633076803,-1.0269158522235315,-1.6326864401446741,1.5708705186843872,0.6516950726509094,1
584,1788173915.776788,-0.14145021647303715,-0.6774733408885913,0.26165777804757295,1.084432344886817,2.948460872448282,4.9394856469586904e-05,-1.6182692686664026,-2.0535271803485315,-1.0259087721454065,-1.6329739729510706,1.5708345174789429,0.6574070453643799,1
585,1788173915.816948,-0.14305569583505442,-0.6774128413689976,0.2616477076405248,1.0959394327179206,2.9441549957488755,1.2974040146770152e-05,-1.620631519948141,-2.0542591253863733,-1.0248420874225062,-1.633272949849264,1.5708705186843872,0.6628665924072266,1
586,1788173915.8589509,-0.14469278344133427,-0.6773162927213077,0.261630494059671,1.1078549702970018,2.939756216891402,0.00012306020456042798,-1.6230176130877894,-2.054991070424215,-1.0237639586078089,-1.6337040106402796,1.5708345174789429,0.6685665845870972,1
587,1788173915.90289,-0.1462340269937168,-0.6772574846852486,0.26165979899473224,1.119745101717251,2.9351841014537863,1.5520888754842996e-05,-1.6252840201007288,-2.0556872526751917,-1.022661034260885,-1.6340273062335413,1.5708705186843872,0.6744100451469421,1
588,1788173915.9453259,-0.14826903721503704,-0.677103307457869,0.2617342022686949,1.1338091554724379,2.929808209295602,2.058568325326858e-05,-1.6282575766192835,-2.0564902464496058,-1.0212586561786097,-1.6346376577960413,1.5708465576171875,0.6810219287872314,1
589,1788173915.9873517,-0.14981192157702275,-0.6770528240796182,0.26167366564511807,1.1451954139442497,2.9253965823285206,0.00011191292105261721,-1.6305115858661097,-2.0573065916644495,-1.0201681295977991,-1.634972874318258,1.5708465576171875,0.6865417957305908,1
590,1788173916.0290337,-0.1514823226002256,-0.6769641380572139,0.2616112751871798,1.1573342063062575,2.920631344929211,0.00024318910093432748,-1.6329577604876917,-2.058121983204977,-1.0190776030169886,-1.635331932698385,1.5708585977554321,0.6923975944519043,1
591,1788173916.0707827,-0.153080462332838,-0.6768908187268254,0.2616794419350619,1.168956195275367,2.9159431136746847,5.261814557863238e-05,-1.6352961699115198,-2.0588300863849085,-1.0178669134723108,-1.635702912007467,1.5708705186843872,0.698037326335907,1
592,1788173916.1139324,-0.15492979843581356,-0.6767506386864597,0.2616910186672544,1.181990325491864,2.910729313283542,0.00013206807844317787,-1.637993637715475,-2.059634033833639,-1.016609017048971,-1.6362178961383265,1.5708465576171875,0.704276978969574,1
593,1788173916.1536984,-0.15657501297947532,-0.6765431403317039,0.26186699698788257,1.1928342631415574,2.906228825605966,-7.077197640888555e-05,-1.6404159704791468,-2.0600417296039026,-1.015578571950094,-1.6366966406451624,1.5708705186843872,0.7093290686607361,1
594,1788173916.196069,-0.1581094556483284,-0.6763261050843513,0.2619287086255744,1.2025914482087348,2.9022128417858046,-3.578408728093608e-05,-1.642669979725973,-2.0604494253741663,-1.0147994200335901,-1.6370914618121546,1.5708705186843872,0.7137924432754517,1
595,1788173916.2381055,-0.15976874365070987,-0.6760086292337962,0.262068435421167,1.2110916242091827,2.8987046946188175,-8.982686072606016e-05,-1.6451042334186,-2.0606535116778772,-1.0141399542437952,-1.6375225226031702,1.5708345174789429,0.717212438583374,1
596,1788173916.2774992,-0.16137390048442393,-0.6756717175425271,0.26216618868164343,1.2181793800763165,2.895728988170979,-4.8312635943654834e-05,-1.6474784056292933,-2.0608094374286097,-1.013648811970846,-1.6378815809832972,1.5708465576171875,0.7197321057319641,1
597,1788173916.3190641,-0.16294580260352923,-0.6753343059172267,0.26224160469765134,1.2238189013561873,2.893341935105667,-2.3901907440529183e-05,-1.6498048941241663,-2.060941521321432,-1.0132535139666956,-1.6381571928607386,1.5708585977554321,0.7213042974472046,1
598,1788173916.358583,-0.16492720916264167,-0.674866552199916,0.2622963633497473,1.2292714538883065,2.8910501808219133,-5.440475410388943e-05,-1.6527302900897425,-2.0609777609454554,-1.013061825429098,-1.6383002440081995,1.5708345174789429,0.7221443057060242,1
599,1788173916.396552,-0.16611826191138646,-0.6745978598721518,0.26229397620799955,1.2318328853670957,2.889951458132335,-9.074478054869393e-05,-1.6544926802264612,-2.0610254446612757,-1.0130017439471644,-1.6382883230792444,1.5708345174789429,0.722156286239624,1
600,1788173916.437176,-0.1677089621557707,-0.6742081372729704,0.2622915235265729,1.2342190343869606,2.888875736939611,-0.0001021789034644488,-1.6568668524371546,-2.0610254446612757,-1.0130136648761194,-1.6382530371295374,1.5708825588226318,0.7214481234550476,1
601,1788173916.4795864,-0.16945200541646585,-0.6737405150366964,0.26228470751969246,1.2363501988326597,2.8880179355685205,-4.816401151033692e-05,-1.6594451109515589,-2.0609658400165003,-1.0131095091449183,-1.6382649580584925,1.5708465576171875,0.7203320860862732,1
602,1788173916.52261,-0.17126191690713805,-0.6731727835761478,0.2621985295362586,1.2365361413004212,2.887981686554419,0.00026672601558572727,-1.6621549765216272,-2.0607855955706995,-1.0135529677020472,-1.6382048765765589,1.5708705186843872,0.7177401185035706,1
603,1788173916.5640757,-0.17271984665418333,-0.6720404323468642,0.2621110803137843,-1.2367744792419373,-2.887874194786192,-0.0004562982051504712,-1.6644209066974085,-2.058793846760885,-1.0167525450335901,-1.637127701436178,1.5708585977554321,0.7156406044960022,1
604,1788173916.6047382,-0.17387879965033212,-0.6706654307688487,0.2622219810198036,1.236484248313772,2.8880153523453207,0.00019804508742090658,-1.6662915388690394,-2.0557950178729456,-1.0210312048541468,-1.635679070149557,1.5708465576171875,0.7135647535324097,1
605,1788173916.6453953,-0.17502292501493177,-0.6691831180623584,0.26214253590452863,-1.2366053166107502,-2.8878723120782053,-0.0006748962368317498,-1.6681621710406702,-2.052795712147848,-1.0256693998919886,-1.634362522755758,1.5708345174789429,0.7118008136749268,1
606,1788173916.6870646,-0.17618045472518679,-0.6677234632242465,0.2622577759532609,1.236251551091979,2.888108647223307,0.00023436939105963848,-1.670068089162008,-2.0495198408709925,-1.0303671995746058,-1.6326387564288538,1.5708585977554321,0.7096286416053772,1
607,1788173916.7290552,-0.17751133141451572,-0.6660185538907692,0.2622327395762367,-1.235940235291622,-2.8882488394053927,-0.00019813303242644764,-1.6722505728351038,-2.04588491121401,-1.0358803907977503,-1.6307476202594202,1.5708225965499878,0.7072288393974304,1
608,1788173916.770089,-0.17850555263536882,-0.664577210136461,0.26218982504985644,1.2359322425705634,2.8882330174337194,0.0001163419700856288,-1.673929516469137,-2.04270583788027,-1.0407574812518519,-1.6289876143084925,1.5708465576171875,0.7055491805076599,1
609,1788173916.8093753,-0.17953506692338406,-0.6629689806877651,0.26229913900090496,1.2359006076696972,2.888262138352884,0.00012571066115358163,-1.6756799856769007,-2.0391905943499964,-1.0457194487201136,-1.6275509039508265,1.5708345174789429,0.7037729024887085,1
610,1788173916.8484628,-0.18050083040535944,-0.6614495145090552,0.26237296289846623,1.2361917031236187,2.8880873393885347,-0.00010989582311527293,-1.6773341337787073,-2.03577167192568,-1.050657097493307,-1.6258752981769007,1.5708345174789429,0.7023329138755798,1
611,1788173916.8892887,-0.1813587593207531,-0.6598741635805178,0.26217184311671404,-1.2361560125818378,-2.8881030993664294,-0.0007123614479784382,-1.678857151662008,-2.032543961201803,-1.0558341185199183,-1.6244624296771448,1.5708705186843872,0.7007850408554077,1
612,1788173916.9315543,-0.18223983924725196,-0.6583538719187281,0.2622076684839841,1.2363071997650792,2.888077799258111,0.00033816671916897246,-1.6804035345660608,-2.0290287176715296,-1.061012093220846,-1.6225469748126429,1.5708825588226318,0.6993334889411926,1
613,1788173916.9756157,-0.1832392667619834,-0.6567385222053441,0.2622925996844029,-1.2366408100741828,-2.887952122366784,-0.0003196074592103501,-1.6821301619159144,-2.0255258719073694,-1.0659735838519495,-1.621086899434225,1.5708465576171875,0.6978335976600647,1
614,1788173917.0172985,-0.18462338413865356,-0.6550552764240783,0.26231753962314885,1.2366299950240414,2.88793425239082,0.00011944542311198836,-1.6844566504107874,-2.0220587889300745,-1.0710552374469202,-1.6193392912494105,1.5708465576171875,0.6955052614212036,1
615,1788173917.0607789,-0.1858430793538671,-0.6538985533171052,0.262252659768305,1.2363061020170993,2.888045989097585,0.00018786340741899402,-1.6864708105670374,-2.019959274922506,-1.0743029753314417,-1.6182258764850062,1.5708825588226318,0.6932735443115234,1
616,1788173917.1031454,-0.18742058036100576,-0.6528770852708708,0.26224254417322834,1.2367011549649591,2.8878749349479245,0.00024611751699954627,-1.68898851076235,-2.0184953848468226,-1.076472584401266,-1.6175554434405726,1.570894479751587,0.6910299062728882,1
617,1788173917.1475153,-0.18930993082987677,-0.6517191427393468,0.26224600296500855,1.2363634533535943,2.8880074958978383,5.4096649139411507e-05,-1.6919859091388147,-2.0168283621417444,-1.0789411703692835,-1.616633717213766,1.5708705186843872,0.6878016591072083,1
618,1788173917.187638,-0.19087303450717877,-0.6508769339396454,0.2623370473503027,1.23600459957247,2.8880863475031533,-0.0005238989195910532,-1.6944440046893519,-2.015604321156637,-1.080594841633932,-1.6158316771136683,1.5708345174789429,0.685113787651062,1
619,1788173917.229664,-0.19245466110499226,-0.6498875949852513,0.26227516853961264,1.2360516386082867,2.8881581487404184,0.00014142142229426572,-1.6969855467425745,-2.01451284090151,-1.0822489897357386,-1.615699593220846,1.5708705186843872,0.6825817823410034,1
620,1788173917.2691152,-0.19393516859221221,-0.6490317274023156,0.26236300598501777,1.2361325778808705,2.8881128997012473,-4.990902017935192e-05,-1.6993358770953577,-2.0133732000934046,-1.0837233702289026,-1.6152451674090784,1.5708465576171875,0.680290162563324,1
621,1788173917.309325,-0.19557913281208747,-0.6482295092726263,0.2624103869634511,1.2365228359631697,2.887929951070601,-0.0002023704695244771,-1.701926056538717,-2.0125210920916956,-1.0848735014544886,-1.614849869404928,1.5708345174789429,0.6779742240905762,1
622,1788173917.351282,-0.19711730879116274,-0.6474847269853502,0.2623181792161832,1.2364572566677874,2.8879779946980197,0.00018125587902107705,-1.704371754323141,-2.0119455496417444,-1.0858929792987269,-1.6146462599383753,1.5708825588226318,0.6754781007766724,1
623,1788173917.3898995,-0.1987138177271845,-0.6467451405975086,0.2622482296015721,1.2364019548977354,2.8880493326201324,0.0004330733498007201,-1.7068894545184534,-2.011393372212545,-1.0868390242206019,-1.6144188086139124,1.5708825588226318,0.6729101538658142,1
624,1788173917.428007,-0.20033565877917436,-0.6459862813973699,0.2621967972066772,-1.2366101287035347,-2.8879206354871996,-0.000660159498809683,-1.7094433943377894,-2.010817829762594,-1.0877741018878382,-1.6142156759845179,1.5708585977554321,0.6705102920532227,1
625,1788173917.468405,-0.20187569491233945,-0.645293967878633,0.26216067629296025,-1.2360945003190704,-2.888162116438235,-0.0006276343474775402,-1.711877171193258,-2.0102537314044397,-1.0886967817889612,-1.6138322989093226,1.5708705186843872,0.6677142381668091,1
626,1788173917.5107787,-0.2035261986415048,-0.6445929876367527,0.26220184316402323,-1.2358411183028204,-2.8882968320195794,-0.00034595084661798165,-1.7144668737994593,-2.0096781889544886,-1.0894759337054651,-1.6134493986712855,1.5708465576171875,0.6649425029754639,1
627,1788173917.5521107,-0.20510086083601628,-0.6438811968059781,0.2622518853234257,1.235769516144108,2.888278733944652,7.633185514136635e-05,-1.7169612089740198,-2.0090296904193323,-1.0903390089618128,-1.613054100667135,1.5708585977554321,0.6624107956886292,1
628,1788173917.593589,-0.20702391488331287,-0.6430097748426566,0.26229957090381506,1.2360151907430506,2.8881470072916544,-7.030697966360648e-05,-1.720006291066305,-2.008322064076559,-1.091273609791891,-1.6127308050738733,1.5708585977554321,0.6595425009727478,1
629,1788173917.6357217,-0.2086884627096634,-0.6422434284318482,0.2623265778352804,1.2363449080230646,2.888015570890241,-9.274109691639726e-05,-1.7226436773883265,-2.0077346006976526,-1.09206468263735,-1.6125157515155237,1.5708465576171875,0.657131016254425,1
630,1788173917.6773696,-0.21025841413911325,-0.6415034564260055,0.26227361671763383,1.2363788211614388,2.8880557600236965,0.00013889061371618477,-1.7251375357257288,-2.007242504750387,-1.0928800741778772,-1.6123479048358362,1.5708345174789429,0.6546469330787659,1
631,1788173917.7206655,-0.21191409824627178,-0.6407399068906446,0.26227932594469616,1.2365129963763801,2.8879471445848695,0.00015585785390465586,-1.7277873198138636,-2.006690804158346,-1.0936701933490198,-1.6121085325824183,1.5708825588226318,0.6521028876304626,1
632,1788173917.7598345,-0.21372881572229185,-0.6398849958529756,0.2623122241476846,1.2365106679542581,2.8879509905220493,9.575751765288067e-05,-1.7306769529925745,-2.0060303846942347,-1.0945575873004358,-1.6118453184710901,1.5708705186843872,0.6492109298706055,1
633,1788173917.7996533,-0.21511103067336787,-0.6392684502452258,0.2623093098231608,1.236357411796373,2.8880321557246043,0.0001092239796654036,-1.732870880757467,-2.0056470076190394,-1.0951207319842737,-1.6116774717914026,1.5708585977554321,0.6469069719314575,1
634,1788173917.8388648,-0.21695262660028627,-0.6384370578031772,0.26224021478689297,1.2359751752904407,2.8882014911365252,0.0002233117955846547,-1.7358086744891565,-2.005155388508932,-1.0959957281695765,-1.611366097127096,1.5708705186843872,0.643703043460846,1
635,1788173917.8788698,-0.21861340860718548,-0.637667247819988,0.2622547140117002,1.2360310880380936,2.888198879518862,0.0002733579947826527,-1.738457981740133,-2.0046632925616663,-1.0966666380511683,-1.611223045979635,1.5708585977554321,0.6410871148109436,1
636,1788173917.9208171,-0.21990189156151574,-0.6370932571754014,0.26230254118381235,1.2362641313358889,2.8880780944069024,6.710477430549419e-05,-1.7405083815204065,-2.0042551199542444,-1.097170654927389,-1.610995117818014,1.5708465576171875,0.6392033696174622,1
637,1788173917.9648073,-0.22175648580567348,-0.6362172905455947,0.2622970913488619,1.2364218814925438,2.8879810102312393,0.00013311978658683062,-1.743493382130758,-2.00369102159609,-1.097997013722555,-1.610767666493551,1.5708825588226318,0.636335015296936,1
638,1788173918.0064657,-0.22340626297051605,-0.6354738580754435,0.26230413828134336,1.2364808063225388,2.88798496101291,6.601408516184997e-05,-1.7461188475238245,-2.0032475630389612,-1.0986326376544397,-1.6105402151690882,1.5708465576171875,0.6337430477142334,1
639,1788173918.0480053,-0.22526879041700743,-0.6346154577987726,0.262326613006674,1.2363169556295144,2.888040197506926,-2.6886595111098136e-05,-1.7491048018084925,-2.002707306538717,-1.0993755499469202,-1.61027700105776,1.5708465576171875,0.6306473612785339,1
640,1788173918.0889413,-0.2269404706851891,-0.633893822762766,0.262346850831776,1.2365154110536598,2.8879402014817335,-0.0002925421033191119,-1.7517660299884241,-2.0022876898394983,-1.0999744574176233,-1.6099298636065882,1.5708225965499878,0.6281273365020752,1
641,1788173918.1281135,-0.22855528663642108,-0.6331787551345006,0.26233907134930123,1.236192586044205,2.888057769149348,-0.0003435403298934836,-1.7543557325946253,-2.001927677785055,-1.1005261580096644,-1.6097024122821253,1.5708345174789429,0.625319242477417,1
642,1788173918.169623,-0.23014112122294414,-0.6324458255898135,0.26229767384574754,1.2358925290209242,2.8882292274867547,-0.00024164252637269774,-1.756897274647848,-2.0015676657306116,-1.1011374632464808,-1.609523121510641,1.5708105564117432,0.622559130191803,1
643,1788173918.2106178,-0.23175899800274358,-0.6317634560323243,0.2622838194455777,1.2358392339778046,2.888209641784656,-0.00017155184877756588,-1.7594988981830042,-2.0013635794269007,-1.1014607588397425,-1.6094391981707972,1.5708585977554321,0.6199312210083008,1
644,1788173918.2505994,-0.23327542697168868,-0.6311894867284396,0.26227621457108563,1.235868712929388,2.888190239630045,-0.0001305855260573497,-1.7619088331805628,-2.0013397375689905,-1.101508919392721,-1.6094391981707972,1.5708705186843872,0.6175433993339539,1
645,1788173918.293163,-0.23494312894143277,-0.630550437279726,0.26227539629302654,1.2363521110492974,2.8879891033910625,-9.359795153288855e-05,-1.7645581404315394,-2.0013039747821253,-1.1015570799456995,-1.6094511190997522,1.5708705186843872,0.6152274012565613,1
646,1788173918.3338704,-0.23646278348303595,-0.629958131705443,0.2622652104081767,1.2362611186638848,2.888072486435343,2.6520227685764157e-05,-1.766968075429098,-2.001291577016012,-1.1015809218036097,-1.609523121510641,1.5708465576171875,0.6127433180809021,1
647,1788173918.3769333,-0.23809548748289405,-0.6293278868009506,0.2622436332227561,1.236306924565343,2.8880453068821845,6.684955142350096e-05,-1.7695696989642542,-2.001267735158102,-1.1016648451434534,-1.6094868818866175,1.5708585977554321,0.6101753115653992,1
648,1788173918.4162514,-0.24001813997173152,-0.6285813612149551,0.26229516973616096,1.2363900693535685,2.8880092474587298,-2.9660430829218913e-05,-1.7726271788226526,-2.001195732747213,-1.1016524473773401,-1.6095112005816858,1.5708465576171875,0.6071755290031433,1
649,1788173918.4537923,-0.2415919477284304,-0.6279649456258858,0.26226077256651725,1.2360848445025368,2.8881222424668542,3.3380502205308835e-05,-1.775144402180807,-2.001183811818258,-1.1017487684832972,-1.6094630400287073,1.5708705186843872,0.6044513583183289,1
650,1788173918.4962034,-0.2429126642252756,-0.6274729920182934,0.2622909049010906,1.2359170711768717,2.8882170893027443,-8.813596768000349e-05,-1.7772305647479456,-2.001183811818258,-1.1016891638385218,-1.6094511190997522,1.5708345174789429,0.6022432446479797,1
651,1788173918.5351253,-0.24473353106072018,-0.6266439996267131,0.26223826519493154,1.2357119682549003,2.888322013950307,0.000231252141301577,-1.7801802794085901,-2.0010035673724573,-1.1020363012896937,-1.6094868818866175,1.5708585977554321,0.5991472005844116,1
652,1788173918.5757823,-0.24602161600617345,-0.6260089625925275,0.2622643478261506,1.2361099362946864,2.888158957483066,0.000287014729412202,-1.7822778860675257,-2.0007041136371058,-1.1023958365069788,-1.6094630400287073,1.5708585977554321,0.5973233580589294,1
653,1788173918.6161659,-0.24800093920214075,-0.6250372480724578,0.262317486620503,1.236412370732619,2.888016361171831,0.00019272541601804614,-1.7855027357684534,-2.000200096760885,-1.103006664906637,-1.6092951933490198,1.5708585977554321,0.5943112373352051,1
654,1788173918.65871,-0.24958467320132785,-0.6241523824074883,0.26229817267334377,1.236446310818972,2.888009527413251,0.00015224652744440527,-1.7881162802325647,-1.9995525519000452,-1.1040013472186487,-1.6089242140399378,1.5708465576171875,0.5917192697525024,1
655,1788173918.7010322,-0.2511450333897911,-0.6231972616768306,0.2623428882835577,1.2364848072526635,2.8879655239399855,4.440521979729496e-05,-1.790729824696676,-1.9987004438983362,-1.105140511189596,-1.6085651556598108,1.5708585977554321,0.5891392827033997,1
656,1788173918.7426648,-0.25254814943282694,-0.6221566569971431,0.26232397095473964,1.2365562944793749,2.8879488438538994,0.00015394143489123944,-1.7931397596942347,-1.9975727240191858,-1.1068061033831995,-1.60809833208193,1.5708585977554321,0.5867753624916077,1
657,1788173918.7839756,-0.25396033867162926,-0.6208603339835441,0.2622193453031652,1.236424310817488,2.8880339907527794,0.0004887355161826457,-1.7956574598895472,-1.9959166685687464,-1.1094191710101526,-1.6073558966266077,1.5708705186843872,0.5841590762138367,1
658,1788173918.825842,-0.25523481781291213,-0.6191630776039917,0.26227374478379306,1.2359751424207805,2.8882416258569004,0.0004060875027571665,-1.7981026808368128,-1.9930022398578089,-1.1135056654559534,-1.6061347166644495,1.5708465576171875,0.5813989639282227,1
659,1788173918.8642893,-0.25633838290645655,-0.6177222751916555,0.2622902336806566,1.2360526573114705,2.888189555096598,0.00025634101292680534,-1.8002246061908167,-1.990530792866842,-1.1170533339129847,-1.6049616972552698,1.5708465576171875,0.5793354511260986,1
660,1788173918.9033062,-0.2573908816910297,-0.6162119285327329,0.2623480639728435,1.2362303334091913,2.8880873853835043,0.0002620066856914505,-1.8023102919207972,-1.987915341054098,-1.1206734816180628,-1.6039565245257776,1.5708705186843872,0.5773793458938599,1
661,1788173918.9452045,-0.2584011420581625,-0.6148238433185335,0.2623205894132902,1.2361664258387666,2.8881370075155197,0.00011864917876906197,-1.8042767683612269,-1.9855034987079065,-1.124232594166891,-1.6027229467975062,1.5708345174789429,0.575363039970398,1
662,1788173918.986319,-0.2594232238321082,-0.6133479601651093,0.262224737341571,1.2365190236077914,2.887960722818665,0.00035423952581507525,-1.8063271681415003,-1.983044449483053,-1.127972427998678,-1.60158616701235,1.5708825588226318,0.5735631585121155,1
663,1788173919.029379,-0.2604673954541387,-0.6118485619143532,0.2622829567966254,1.2365517765878478,2.8879520863600168,0.00017795054907518716,-1.8084004561053675,-1.9804170767413538,-1.13161546388735,-1.6004608313189905,1.5708585977554321,0.5715112090110779,1
664,1788173919.069042,-0.2613906762297447,-0.6103339787745078,0.2622705703941467,1.2365307860736425,2.888005580193589,0.0003356272893841133,-1.8103068510638636,-1.9777653853045862,-1.1354144255267542,-1.599419418965475,1.5708345174789429,0.5695791244506836,1
665,1788173919.1105444,-0.2622735600652734,-0.608851350785727,0.26240565313173136,1.2362353147170249,2.8880422014652725,-0.000216237324158696,-1.8121650854693812,-1.9748981634723108,-1.1392501036273401,-1.598090950642721,1.5708585977554321,0.5675387978553772,1
666,1788173919.1528804,-0.2632272249129739,-0.6072582116344599,0.2623944911748928,1.2365848213742046,2.8879072612016365,-8.859503547798497e-05,-1.814167324696676,-1.9721029440509241,-1.1432412306415003,-1.5969775358783167,1.5708585977554321,0.5657749176025391,1
667,1788173919.1943657,-0.2643275099948106,-0.6054459465242816,0.26223917685620834,1.2362131566246537,2.888102479133018,-3.8832887229101014e-06,-1.8164685408221644,-1.9689238707171839,-1.1481431166278284,-1.5953133741961878,1.5708345174789429,0.5632072687149048,1
668,1788173919.2361214,-0.2652149507467045,-0.6038576512096238,0.26225546125277116,1.2358318878446894,2.8882267305351452,2.596646686296102e-06,-1.8183987776385706,-1.9660561720477503,-1.152170483266012,-1.5941522757159632,1.5708705186843872,0.5610227584838867,1
669,1788173919.2783284,-0.2662734836818841,-0.6022834613467054,0.26227032387888743,1.2361159505498527,2.8881297174080407,0.00010825810565618375,-1.8205693403827112,-1.9634531180011194,-1.1558015982257288,-1.593194309865133,1.5708585977554321,0.559042751789093,1
670,1788173919.3196166,-0.26733838922678277,-0.6008616492623464,0.26232183217004046,1.2358805730082811,2.8882143760129106,-4.1467885409840146e-05,-1.822702709828512,-1.9611380735980433,-1.1589658896075647,-1.5922487417804163,1.5708585977554321,0.5567504167556763,1
671,1788173919.3618376,-0.268720010064462,-0.599141886658692,0.26219307498803424,1.2361636819548625,2.888119151201587,0.0003313569926424962,-1.8254359404193323,-1.9586547056781214,-1.1627410093890589,-1.5911954084979456,1.5708705186843872,0.5542067289352417,1
672,1788173919.4037924,-0.2698524173770662,-0.5977051681601215,0.26222417493916317,1.2365538435276875,2.8879845063109153,0.00026584941478312736,-1.8276780287372034,-1.9564350287066858,-1.165797535573141,-1.5903218428241175,1.5708345174789429,0.552226722240448,1
673,1788173919.4442315,-0.27098332964951183,-0.5963540062942214,0.2623543609259138,1.2364066153617397,2.8879848671351906,-0.00021762146109491405,-1.8299077192889612,-1.954275910054342,-1.1685779730426233,-1.5893877188311976,1.5708465576171875,0.5499107837677002,1
674,1788173919.48286,-0.2722187105766544,-0.5949897928498639,0.26234571518178007,1.236423962914225,2.8879404860124422,-0.0004590911770862092,-1.8323052565204065,-1.9522960821734827,-1.1714184919940394,-1.588370148335592,1.5708585977554321,0.5475345253944397,1
675,1788173919.5258982,-0.2733990380702305,-0.5935356639702335,0.2624446925667444,1.2365609850632486,2.8878880121593893,-0.000538506458471636,-1.8346546331988733,-1.9501245657550257,-1.1742232481585901,-1.5876877943622034,1.5708465576171875,0.5452784895896912,1
676,1788173919.5681856,-0.2745286750525817,-0.5921191161722793,0.26234158882207437,1.2362883199320702,2.888026360487849,-5.149288258462401e-05,-1.8369324843036097,-1.9482048193561,-1.1770995298968714,-1.58704120317568,1.5708705186843872,0.5428063869476318,1
677,1788173919.610913,-0.27597286461492443,-0.5904000870393278,0.2622497104633192,1.2359694354047546,2.8882025594082363,0.0005087850573771503,-1.8398097197162073,-1.9459617773639124,-1.1803835074054163,-1.5863588492022913,1.5708825588226318,0.5396983623504639,1
678,1788173919.654022,-0.27711647759202734,-0.5890571812842015,0.26227427219362576,1.235864765959316,2.8882549915529037,0.0003158132085794628,-1.8420756498919886,-1.9440062681781214,-1.183080021535055,-1.5854972044574183,1.5708585977554321,0.5373580455780029,1
679,1788173919.6964011,-0.27856136797726944,-0.5873817382654279,0.26222928796136535,1.2362350740628243,2.888125114864323,0.0003463932014647483,-1.844940487538473,-1.941702667866842,-1.1864002386676233,-1.584503475819723,1.5708345174789429,0.5347424745559692,1
680,1788173919.738205,-0.2797766123492477,-0.5859499448350601,0.2622388517186275,1.2364242081170342,2.888050189949149,0.0004206462707488099,-1.8473742643939417,-1.9397476355182093,-1.1890853087054651,-1.5838211218463343,1.5708345174789429,0.5324381589889526,1
681,1788173919.7788503,-0.28093065144718354,-0.5845642004682672,0.26231914779123433,1.2363871545477694,2.8880212131119536,0.0002172931476765348,-1.8497117201434534,-1.9377439657794397,-1.1916974226581019,-1.5830791632281702,1.5708585977554321,0.5300862789154053,1
682,1788173919.8208647,-0.28220010434533194,-0.583195587448374,0.26234344984411295,1.2367509622105168,2.8878264614008513,-8.08776220747222e-05,-1.8522174994098108,-1.9358843008624476,-1.1942628065692347,-1.5821808020221155,1.5708705186843872,0.5278422236442566,1
683,1788173919.8623977,-0.2832637348010135,-0.5818444121014142,0.2622368190862443,1.2364643325742735,2.888031408043755,0.00011342883329353023,-1.8543866316424769,-1.9340251127826136,-1.1970794836627405,-1.581355396901266,1.5708105564117432,0.5254539847373962,1
684,1788173919.9038873,-0.28441570408666533,-0.5803777031205565,0.26225506682551514,1.2364260279677453,2.887998545517236,0.00015654158220876138,-1.8567846457110804,-1.9319613615619105,-1.199883762990133,-1.5806368033038538,1.5708585977554321,0.5230417847633362,1
685,1788173919.945195,-0.2857341683438552,-0.5786296550854407,0.262225432502815,1.2360256893183001,2.888176015843024,0.00039878192382161325,-1.859553639088766,-1.9295256773578089,-1.203287426625387,-1.579822842274801,1.5708705186843872,0.5199940204620361,1
686,1788173919.985983,-0.2868331582219936,-0.5771766689517459,0.26222401491084324,1.2360326242287025,2.8882026990937155,0.0004501804388993027,-1.8618553320514124,-1.927462402974264,-1.2061284224139612,-1.579080883656637,1.5708465576171875,0.5176897048950195,1
687,1788173920.0260909,-0.2879984694069094,-0.5757765048190171,0.2623561485439815,1.2360054294288412,2.888149907581994,-0.0002051026998663446,-1.8642528692828577,-1.9253509680377405,-1.2088010946856897,-1.5780985991107386,1.5708585977554321,0.5152894854545593,1
688,1788173920.0683296,-0.2891060496040569,-0.5743294869182437,0.2622919219097612,1.2361550221390007,2.8881263129517913,-2.3334804624521607e-05,-1.8665784041034144,-1.9233835379229944,-1.2116416136371058,-1.5773447195636194,1.5708345174789429,0.5130574107170105,1
689,1788173920.1097274,-0.2902320562167619,-0.5729082504322003,0.2621966527029833,1.2365704450945576,2.8879590499463457,0.00029729586290401755,-1.8689397017108362,-1.9215605894671839,-1.2143386046039026,-1.576674763356344,1.5708465576171875,0.5109811425209045,1
690,1788173920.149794,-0.29135600937547784,-0.5714335141698402,0.26224748265570386,1.236514998878317,2.8879820264759806,0.00029345568509635446,-1.8713253180133265,-1.9195087591754358,-1.2170231978045862,-1.5760396162616175,1.5708465576171875,0.5085573196411133,1
691,1788173920.1917694,-0.2924189457143616,-0.5700755484585023,0.262251160980698,1.2363405914996688,2.8880130891735454,5.350360887475445e-05,-1.8735793272601526,-1.917577091847555,-1.219696346913473,-1.5751422087298792,1.5708705186843872,0.5061934590339661,1
692,1788173920.2326486,-0.2938092048330036,-0.5683513592796898,0.2622574051252555,1.2366017234954052,2.887920565496236,-4.593115306397898e-05,-1.8764918486224573,-1.9152615706073206,-1.2228606382953089,-1.5742324034320276,1.5708465576171875,0.5034569501876831,1
693,1788173920.2746716,-0.2949686634185346,-0.5668509126793035,0.26235191784191625,1.2363912485208233,2.8880148626668163,-0.0001814131536377351,-1.8789613882647913,-1.9131858984576624,-1.2254732290851038,-1.5736101309405726,1.5708345174789429,0.5008406043052673,1
694,1788173920.3163013,-0.2960681183323108,-0.5654039356536111,0.262322468665933,1.2359688581531132,2.8881881687995334,0.0001023210427493973,-1.8813346068011683,-1.9113271872149866,-1.2280381361590784,-1.573083225880758,1.5708585977554321,0.4981767535209656,1
695,1788173920.3588808,-0.29724230024051795,-0.5639632800445161,0.2622746249638167,1.236090509871699,2.8881465246131963,0.00026918142860349467,-1.8838160673724573,-1.909539524708883,-1.2305672804461878,-1.5724485556231897,1.5708585977554321,0.4957769215106964,1
696,1788173920.4013922,-0.29849851665662375,-0.5623272074607124,0.2622786462452248,1.2361166454167347,2.8881231337439215,7.873642020312976e-05,-1.8865254561053675,-1.9072955290423792,-1.233635727559225,-1.5715025107013147,1.5708585977554321,0.4930886924266815,1
697,1788173920.4415324,-0.2997183017285043,-0.5608800142774828,0.26231429003959944,1.2366016441360876,2.887878052876927,-0.00010777724827597145,-1.8891027609454554,-1.9054482618915003,-1.2360804716693323,-1.5707839171039026,1.5708825588226318,0.4908566474914551,1
698,1788173920.479396,-0.3008129606643933,-0.5594791049387121,0.2622500883014278,1.2364266176901961,2.8880084881458976,0.00016702313344401,-1.8914521376239222,-1.9037326017962855,-1.238525692616598,-1.570233170186178,1.5708465576171875,0.48837214708328247,1
699,1788173920.5184228,-0.30200812201565014,-0.5580534142006605,0.2622794317110715,1.2366178573144213,2.8879371845760904,0.0001265055571142577,-1.8939817587481897,-1.9019811789142054,-1.2408269087420862,-1.5696585814105433,1.5708345174789429,0.4859723150730133,1
700,1788173920.5592868,-0.3029328372466343,-0.5568899916221349,0.2623507549886963,1.2367141145124119,2.887836373330821,-5.090119404465912e-07,-1.8959954420672815,-1.9004696051227015,-1.2427085081683558,-1.5692036787616175,1.5708825588226318,0.484040230512619,1
701,1788173920.6006768,-0.3043464973824083,-0.5552930549549197,0.2623191047257848,1.2364112528824052,2.888005212567338,-0.0002508914640570384,-1.8989442030536097,-1.8985503355609339,-1.2454174200641077,-1.5682581106769007,1.5708345174789429,0.48087191581726074,1
702,1788173920.64284,-0.30554848282657043,-0.5538974014539795,0.26225977123383026,1.2360563174830976,2.8881463813283204,-0.0002138552777042614,-1.9014971891986292,-1.896942440663473,-1.247730557118551,-1.567575756703512,1.5708465576171875,0.4780758321285248,1
703,1788173920.684986,-0.30665123505473224,-0.5524885880419793,0.2622456035786198,1.2359459180794683,2.888139093683334,-1.9332301428233637e-06,-1.9039304892169397,-1.8952630201922815,-1.2499960104571741,-1.5671208540545862,1.5709065198898315,0.47557973861694336,1
704,1788173920.726321,-0.3077759143639488,-0.551057732019711,0.2622317813304115,1.2360347920316423,2.8881655347525803,0.00025400163653389066,-1.9063757101642054,-1.8935835997210901,-1.2522490660296839,-1.566714111958639,1.5708585977554321,0.4731799066066742,1
705,1788173920.7684119,-0.30899972630760647,-0.5496168516478904,0.26224435822413683,1.2363080334718086,2.8880497819187125,0.000289670243728392,-1.9090011755572718,-1.891939942036764,-1.254418675099508,-1.5662110487567347,1.5708585977554321,0.4707433581352234,1
706,1788173920.8091059,-0.3103803741298672,-0.5479334920334837,0.2623231784638878,1.2363587832528213,2.888036305984316,0.00019181059031361743,-1.9119980970965784,-1.8899243513690394,-1.2569354216205042,-1.565648380910055,1.5708465576171875,0.4677795171737671,1
707,1788173920.8516638,-0.311646979257563,-0.5465460593485385,0.2623680339414816,1.2365495074656256,2.887920397449866,6.263114931087347e-06,-1.9146831671344202,-1.8884013334857386,-1.2588895002948206,-1.5650976339923304,1.5708705186843872,0.4652351140975952,1
708,1788173920.8936448,-0.31282321822523584,-0.545259746172107,0.2623228397561187,1.236589821504566,2.887929870256643,2.1731872429530297e-05,-1.917164150868551,-1.8870695273028772,-1.2607834974872034,-1.5645468870746058,1.5708465576171875,0.4627753496170044,1
709,1788173920.9337628,-0.31413395854829734,-0.5438559384203767,0.2622583314802812,1.2364269288420482,2.8879922032423453,0.0001713815206656892,-1.9199331442462366,-1.8857138792621058,-1.2627366224872034,-1.5640443007098597,1.5708585977554321,0.45989540219306946,1
710,1788173920.973102,-0.31531058181111327,-0.5425069749562205,0.2622351957571988,1.23608993902561,2.888128644230123,0.00032172390544703175,-1.922474209462301,-1.8843219915973108,-1.2646306196795862,-1.5636375586139124,1.5708705186843872,0.45712292194366455,1
711,1788173921.0146646,-0.3165352458228976,-0.5411458827087958,0.26225509628475097,1.236026421475022,2.888181193663744,0.00031733359552916693,-1.9250877539264124,-1.8829181830035608,-1.2664521376239222,-1.5632184187518519,1.5708465576171875,0.4544590413570404,1
712,1788173921.0558372,-0.3177691329464068,-0.5397603227821555,0.2622108295164446,1.236260302596717,2.8880717350535896,0.0004489946231913607,-1.9277485052691858,-1.8815386931048792,-1.2683823744403284,-1.5627511183368128,1.5708585977554321,0.45196259021759033,1
713,1788173921.0972598,-0.3192002343221109,-0.5381669668699641,0.2622337261055778,1.2365147789553066,2.887960092232091,0.00039114709479881756,-1.9308293501483362,-1.879906956349508,-1.2705038229571741,-1.5622246901141565,1.5708585977554321,0.4490586519241333,1
714,1788173921.13836,-0.3204739068553391,-0.5367897102679741,0.26227885086724134,1.2367712467890957,2.887855021339849,0.0001267247326455671,-1.9335501829730433,-1.8784797827350062,-1.2723258177386683,-1.5616620222674769,1.5708465576171875,0.4465142488479614,1
715,1788173921.1789484,-0.32159903153007463,-0.5355167422947938,0.26228922499747725,1.2363311611220384,2.8880360364502953,-0.00013766070475796,-1.9359954039203089,-1.8771002928363245,-1.2741711775409144,-1.5610278288470667,1.5708465576171875,0.44376611709594727,1
716,1788173921.219374,-0.32286547997343495,-0.5341144644430156,0.2623282844733209,1.236321686324171,2.888027228376527,-0.00013869758237795146,-1.9387405554400843,-1.8757322470294397,-1.2758858839618128,-1.5606802145587366,1.5708585977554321,0.44101762771606445,1
717,1788173921.2610838,-0.32410852987471767,-0.5327374823306453,0.26226353101947186,1.2360763792492566,2.888138623057168,0.0001230168808726477,-1.941437069569723,-1.8744967619525355,-1.2776473204242151,-1.5603211561786097,1.5708585977554321,0.438149631023407,1
718,1788173921.3034868,-0.32535048217908996,-0.5313511659761065,0.26218455655083794,1.2359986281291762,2.888205483529865,0.0004786930528897467,-1.944134537373678,-1.8732851187335413,-1.2793973127948206,-1.5600102583514612,1.5708345174789429,0.435389906167984,1
719,1788173921.3466294,-0.32681241642285286,-0.5297235058787509,0.2621880917349997,1.2361211075962644,2.888125794213559,0.00047735236441217167,-1.9473345915423792,-1.871737305318014,-1.2814348379718226,-1.559519116078512,1.5708585977554321,0.432281494140625,1
720,1788173921.3874109,-0.32799805409045785,-0.528344215002061,0.2621975778666742,1.2363128259015246,2.8880572769490747,0.0005515339875167336,-1.9499600569354456,-1.8703940550433558,-1.283172909413473,-1.5591719786273401,1.5708465576171875,0.4297854006290436,1
721,1788173921.4291441,-0.32916363308291136,-0.5269337606544988,0.2622321353254012,1.2364796211043547,2.8879837118581326,0.00047573527734579485,-1.9525845686541956,-1.868918244038717,-1.2850430647479456,-1.5587294737445276,1.5708465576171875,0.42727693915367126,1
722,1788173921.4709284,-0.3303038571436544,-0.5256020094582591,0.26226373149066884,1.2364466229147604,2.8879664807881573,0.0001550604011990775,-1.9551375547992151,-1.8675029913531702,-1.2868765036212366,-1.5581067244159144,1.5708705186843872,0.4247089624404907,1
723,1788173921.5105617,-0.33168907992548535,-0.5238628076142985,0.2622789136331207,1.2366576992467186,2.887900249225171,2.0014784606610234e-05,-1.958301846181051,-1.8656309286700647,-1.2893217245685022,-1.5574482123004358,1.5708465576171875,0.42168480157852173,1
724,1788173921.5490456,-0.3325056391017178,-0.5227170543092026,0.2623511204053267,1.2361645563444692,2.8880964906540054,-0.00014912393758066396,-1.9602564016925257,-1.8642519156085413,-1.2909758726703089,-1.5570653120623987,1.5708585977554321,0.419392466545105,1
725,1788173921.590464,-0.33345946615882527,-0.5211739426304562,0.2623352906241463,1.2358042999796464,2.888226626056662,5.555029718709024e-05,-1.9626768271075647,-1.862368408833639,-1.2934568564044397,-1.5565980116473597,1.5708825588226318,0.41672858595848083,1
726,1788173921.6319032,-0.33423927827899946,-0.5195732486592471,0.262250702428502,1.235984370031791,2.8881773996067133,0.00031626382720420466,-1.9648588339435022,-1.8601606527911585,-1.2965253035174769,-1.555903736745016,1.5708585977554321,0.41466429829597473,1
727,1788173921.6744397,-0.3349067637619717,-0.5176605026601125,0.2622725431848678,1.235903107636725,2.8882378652066842,0.00031425023639064184,-1.9670761267291468,-1.8570659796344202,-1.300516430531637,-1.5550063292132776,1.5708345174789429,0.4123843014240265,1
728,1788173921.7168822,-0.3355530085015635,-0.5161159758372921,0.2622624732359497,1.236062252460012,2.888141560473947,-6.386865273233764e-05,-1.9690535704242151,-1.8545945326434534,-1.3038247267352503,-1.5539286772357386,1.5708585977554321,0.4105241298675537,1
729,1788173921.758874,-0.3361387755851831,-0.5144824930374101,0.26234225813601664,1.2364258781102655,2.8879464948621707,-0.0002165965822203503,-1.9710076490985315,-1.851943318043844,-1.3070967833148401,-1.5532105604754847,1.570894479751587,0.40883174538612366,1
730,1788173921.8004704,-0.33679258571049087,-0.5125482985487244,0.26230879205652524,1.2362671357218458,2.888067270888047,2.482051260928529e-05,-1.973236385975973,-1.848907772694723,-1.3110883871661585,-1.552408520375387,1.5708465576171875,0.4064798355102539,1
731,1788173921.840642,-0.3373041887516786,-0.5108926386738272,0.26216885079756713,1.2366456017553282,2.8879052600600605,0.0005871848466801909,-1.9750946203814905,-1.8463886419879358,-1.3146241346942347,-1.5517500082599085,1.5708465576171875,0.4048836827278137,1
732,1788173921.882204,-0.3376267756434558,-0.509334408533469,0.2622733349793923,1.2363901202043697,2.8879884182123896,0.00011363828211534476,-1.976616684590475,-1.8434494177447718,-1.3182318846331995,-1.5507801214801233,1.5708705186843872,0.4031912684440613,1
733,1788173921.9233677,-0.337802577118453,-0.5077872515839964,0.2623275749227218,1.2364279002590732,2.8879854517851142,-7.595746533150166e-05,-1.9778993765460413,-1.840438191090719,-1.32200795808901,-1.5498946348773401,1.5708585977554321,0.40193143486976624,1
734,1788173921.9657557,-0.3379988902900723,-0.5061947779619724,0.26236110203702895,1.2363388077284205,2.888023927637933,-0.00017271275815391969,-1.9792535940753382,-1.8374035994159144,-1.3258431593524378,-1.5490325132953089,1.5708585977554321,0.40051543712615967,1
735,1788173922.0047445,-0.33812692668517824,-0.5045653744104472,0.26229602573842237,1.236120527989687,2.8881430366014964,1.3106855205624499e-05,-1.9805243651019495,-1.8343084494220179,-1.3299544493304651,-1.5481346289264124,1.5708345174789429,0.3990870714187622,1
736,1788173922.0477445,-0.3381546821033217,-0.5030220288184999,0.2623634088312103,1.2362362965134992,2.888083058376053,-0.000610233343611739,-1.981602970753805,-1.830972973500387,-1.3341496626483362,-1.5468781630145472,1.5708465576171875,0.39809125661849976,1
737,1788173922.0896122,-0.33813178449798037,-0.5010628611262612,0.2623553261685275,1.2358730575906254,2.8881989967185393,-0.00042652446381486836,-1.9828975836383265,-1.8270147482501429,-1.3391955534564417,-1.5459077993976038,1.5708825588226318,0.39655500650405884,1
738,1788173922.1314836,-0.3381094616854703,-0.4994430379770619,0.2623348495762,1.235910372084973,2.888194296430043,-7.14862284633049e-05,-1.9839523474322718,-1.8238113562213343,-1.3432710806476038,-1.5452616850482386,1.5708705186843872,0.3955232501029968,1
739,1788173922.1738722,-0.33813674383955505,-0.4978202263077936,0.26227057982076263,1.2361545174862767,2.8881001234847625,0.00032178127292121643,-1.9850910345660608,-1.8206923643695276,-1.3473346869098108,-1.5445674101458948,1.5708585977554321,0.39455103874206543,1
740,1788173922.2156901,-0.33823790410233334,-0.4962257498974704,0.26224604042888633,1.2361101173019946,2.8881453493263756,0.00028238293814808566,-1.9863255659686487,-1.817585293446676,-1.3513382116900843,-1.5436456839190882,1.5708345174789429,0.39327919483184814,1
741,1788173922.2579205,-0.3383464725325864,-0.49428913534098307,0.2623147912731524,1.2361451662401708,2.8880920873963154,0.0001467630876246648,-1.987835709248678,-1.813770596181051,-1.3560007254229944,-1.5427120367633265,1.5708705186843872,0.39180290699005127,1
742,1788173922.3005726,-0.3384285547337055,-0.4926812011013117,0.26236427033636345,1.236486502027817,2.8879861341514443,2.9826981394571215e-05,-1.9890578428851526,-1.8105910460101526,-1.3598960081683558,-1.5419214407550257,1.5708345174789429,0.3908070921897888,1
743,1788173922.342742,-0.33846650080236745,-0.49108781846651706,0.26223127468077057,1.2361708828384674,2.8881167096774085,0.00046037889946208283,-1.99022084871401,-1.807591740285055,-1.3639357725726526,-1.5411551634417933,1.5708345174789429,0.38942664861679077,1
744,1788173922.3839488,-0.33851202443508444,-0.4892135696237744,0.26225190398873655,1.2363980510110157,2.887983988049945,9.989385303956405e-05,-1.9916113058673304,-1.803765122090475,-1.368730370198385,-1.5399583021747034,1.5708705186843872,0.38820239901542664,1
745,1788173922.4241385,-0.33856002387816386,-0.48756809896748915,0.26231351782479834,1.236557705174526,2.8879301500335655,-3.4716042663346533e-05,-1.9928339163409632,-1.8004782835589808,-1.372697655354635,-1.539192024861471,1.5708585977554321,0.3870867192745209,1
746,1788173922.4674025,-0.33859348886860174,-0.48592581815748487,0.26226405204331793,1.2363724341221205,2.888031077357461,0.00032008624306885343,-1.9940326849566858,-1.7973592917071741,-1.37665301958193,-1.5385811964618128,1.5708345174789429,0.38575422763824463,1
747,1788173922.5089345,-0.33859854573418646,-0.4843102017076403,0.2622191861645766,1.2364391887809036,2.887999656199882,0.0005064764306484648,-1.99518329301943,-1.7942045370685022,-1.3806565443622034,-1.5378511587726038,1.5708345174789429,0.3846505582332611,1
748,1788173922.547392,-0.33858439006546553,-0.4827751016139192,0.2623224498377681,1.2364287122468103,2.8879844850701097,3.23417468144718e-05,-1.9962614218341272,-1.7909534613238733,-1.3844922224627894,-1.5369651953326624,1.5708585977554321,0.3835701048374176,1
749,1788173922.5869782,-0.33856901764545233,-0.48116645284121984,0.26237918425204465,1.2361435263040308,2.8881362239357786,-0.0001953302032099911,-1.9973762671100062,-1.7876423040973108,-1.3884719053851526,-1.5361512343036097,1.5708345174789429,0.3822503387928009,1
750,1788173922.6304548,-0.338572681908113,-0.4796170756612502,0.26235545771077573,1.236287844206638,2.88804785671939,-0.00016182254534990293,-1.9985030333148401,-1.7845829168902796,-1.3922951857196253,-1.5354092756854456,1.5708585977554321,0.3812301754951477,1
751,1788173922.6734908,-0.3386234387047686,-0.47765417898056817,0.262290266937137,1.2363272949060604,2.8880522071688244,0.00013773402394027753,-1.9999893347369593,-1.7808640638934534,-1.396982494984762,-1.534631077443258,1.5708345174789429,0.3797658681869507,1
752,1788173922.71489,-0.3386231581588453,-0.4760176480710438,0.2622644016280888,1.2360816921318036,2.888155914056725,0.00020953337389599462,-2.0011757055865687,-1.777649227772848,-1.4009736219989222,-1.533900562916891,1.5708345174789429,0.3784097731113434,1
753,1788173922.757006,-0.3386112977354861,-0.474474443805089,0.262366571387705,1.2360753307743573,2.888143948699995,-0.00041375682945004916,-2.0022910276996058,-1.7743623892413538,-1.4048216978656214,-1.532943073903219,1.5708585977554321,0.37729373574256897,1
754,1788173922.7978196,-0.3385946934713444,-0.4728941631638006,0.2622577940037954,1.2357619468216063,2.8882830616875252,1.7923678452734437e-05,-2.0034168402301233,-1.7713754812823694,-1.4086697737323206,-1.5323565641986292,1.5708465576171875,0.3759496510028839,1
755,1788173922.8398747,-0.33860767538984177,-0.4712370803219068,0.2622538228353801,1.235885309071873,2.888239947859428,0.00018459371118766956,-2.0046518484698694,-1.7681844870196741,-1.4125292936908167,-1.5317938963519495,1.5708345174789429,0.37479764223098755,1
756,1788173922.8809004,-0.3386557480123599,-0.4695869570992681,0.26228328865948136,1.2363412990225202,2.888018537779649,0.00017961389932005394,-2.005958382283346,-1.7650054136859339,-1.4163044134723108,-1.5311954657184046,1.5708585977554321,0.3738134503364563,1
757,1788173922.9211295,-0.33863526550861955,-0.4676896142383425,0.26236721737885604,1.236148984455902,2.8881049488063506,-1.218036956442527e-05,-2.007336441670553,-1.7611783186541956,-1.4207399527179163,-1.5304649511920374,1.5708585977554321,0.3723011910915375,1
758,1788173922.9637573,-0.3386075323633563,-0.4661581697306315,0.2622829309491615,1.2359650518184933,2.888209027056734,2.489751896274352e-05,-2.0084269682513636,-1.758155647908346,-1.4245875517474573,-1.5296629110919397,1.5708345174789429,0.37107694149017334,1
759,1788173923.007652,-0.3385682419078189,-0.4645702323711611,0.26232179059477134,1.2362154793802564,2.8880784091852547,-9.249122041611949e-05,-2.009566132222311,-1.7549522558795374,-1.4283512274371546,-1.5290287176715296,1.5708585977554321,0.37011706829071045,1
760,1788173923.049328,-0.3386550889089465,-0.46259922508897033,0.2623427394003275,1.2362045293972586,2.888109451422391,-9.42802104905839e-05,-2.011184040700094,-1.7512214819537562,-1.4327624479876917,-1.528346363698141,1.5708345174789429,0.3684849739074707,1
761,1788173923.0891147,-0.33868307942771203,-0.46096711378937194,0.2622982235586219,1.236468052859585,2.8879648001028544,0.00012729550237411795,-2.0124781767474573,-1.7481630484210413,-1.4364903608905237,-1.5278189818011683,1.5708585977554321,0.3673813045024872,1
762,1788173923.1310112,-0.33868299224446347,-0.45940302391707644,0.26221314862623524,1.23649272038371,2.887934733727594,0.0003682025314816869,-2.013676468526022,-1.745211426411764,-1.4401820341693323,-1.5272329489337366,1.5708705186843872,0.36620497703552246,1
763,1788173923.1724544,-0.3387254604209612,-0.457869058255468,0.26227730950357064,1.236280109532437,2.8880649939023963,-0.00012218138484460997,-2.014911476765768,-1.7421167532550257,-1.443765942250387,-1.5264304319964808,1.5708465576171875,0.3648129105567932,1
764,1788173923.2124655,-0.33875945753650916,-0.45629819244505065,0.26234433880592656,1.2363107797793924,2.888048524256792,-0.000464307167185934,-2.016181770955221,-1.738997761403219,-1.4473379294024866,-1.5257599989520472,1.5708585977554321,0.36356469988822937,1
765,1788173923.2548673,-0.3388011771280821,-0.45463621777429714,0.2623926747561518,1.2364113856545853,2.8880020870252254,-0.0003342003504118997,-2.017536465321676,-1.7358787695514124,-1.4508746306048792,-1.5254252592669886,1.5708585977554321,0.3622805178165436,1
766,1788173923.2962463,-0.3388389985203695,-0.4530156298240803,0.2623547086842676,1.2362718250814153,2.8880674066728376,-7.383392554070183e-05,-2.0188544432269495,-1.7328913847552698,-1.4544466177569788,-1.525006119404928,1.5708465576171875,0.3608644902706146,1
767,1788173923.3393035,-0.33886889689298744,-0.45108765033167747,0.26231538076943095,1.2364571335121362,2.8879835466402444,7.345648572021318e-05,-2.020412270222799,-1.7292688528644007,-1.4587739149676722,-1.5243952910052698,1.5708465576171875,0.35943612456321716,1
768,1788173923.3809438,-0.3388417736424428,-0.44943292123770495,0.2623056346000109,1.2361056136937854,2.888124942958925,0.0003524179967609638,-2.021670643483297,-1.726137940083639,-1.4624174276935022,-1.5240605513202112,1.5708465576171875,0.3579365909099579,1
769,1788173923.4214358,-0.3388971480475801,-0.4478561635658257,0.2623281171026363,1.2360316196473413,2.8881501584023357,0.00014190264249779464,-2.023013416920797,-1.7231147925006312,-1.4659178892718714,-1.523449722920553,1.5708585977554321,0.3565441966056824,1
770,1788173923.462096,-0.3389635821136104,-0.4462702040740064,0.26224335766994306,1.2359543260714723,2.8882158420508057,0.0003308175763901643,-2.0243681112872522,-1.7202356497394007,-1.4694541136371058,-1.5229113737689417,1.5708225965499878,0.35512781143188477,1
771,1788173923.5035284,-0.33900846882976754,-0.4443517480630849,0.2622821192533985,1.2359609194495573,2.8881926982586843,0.00015676216996489295,-2.0259855429278772,-1.7165654341327112,-1.4736374060260218,-1.5222886244403284,1.5708465576171875,0.3535200357437134,1
772,1788173923.5450397,-0.33910382441281506,-0.44276569621565276,0.2622583194194218,1.2360487978837789,2.888164001410134,0.0002683294975982984,-2.027412239705221,-1.713710133229391,-1.4769819418536585,-1.521869961415426,1.5708345174789429,0.3521519601345062,1
773,1788173923.583645,-0.33929208014083295,-0.44116202441838365,0.2623154567388156,1.2358723470342474,2.8882421412164523,0.00018967466712268175,-2.029017750416891,-1.710891071950094,-1.4800985495196741,-1.521522347127096,1.5708345174789429,0.3504236042499542,1
774,1788173923.6232462,-0.33949577427766275,-0.4397827934631533,0.26228762466661704,1.236307094993369,2.888066041125763,0.00026390741517454385,-2.030468289052145,-1.708587948475973,-1.482807461415426,-1.521163288746969,1.5708225965499878,0.34927162528038025,1
775,1788173923.6655917,-0.3395010235888333,-0.43911497457279813,0.2623287569105752,1.236382685249502,2.888005416705524,0.00031711869468918126,-2.0310314337359827,-1.7073405424701136,-1.484126392995016,-1.5211270491229456,1.5708465576171875,0.3487679064273834,1
776,1788173923.706674,-0.33950049308405833,-0.4391139044492912,0.26227584103995727,1.2365019880550805,2.8879492492921184,0.00044874159542769094,-2.0310314337359827,-1.7073882261859339,-1.4841864744769495,-1.5211032072650355,1.5708465576171875,0.3488517999649048,1
777,1788173923.7478883,-0.33949766584440416,-0.4391143900944722,0.2622995160796259,1.2365499975002407,2.8879178236401244,0.00039085418676525717,-2.0310314337359827,-1.7073643843280237,-1.4841621557818812,-1.5211151281939905,1.5708585977554321,0.34888777136802673,1
778,1788173923.787453,-0.3394871910012054,-0.4391168685264214,0.262306555948704,1.2365190792719798,2.8879426651115447,0.0004300488678577321,-2.0310071150409144,-1.7073643843280237,-1.484138313923971,-1.521163288746969,1.5708465576171875,0.34888777136802673,1
779,1788173923.8286252,-0.339491455753284,-0.4391102806984936,0.26229907804205094,1.2364853090861103,2.887957870359482,0.0004106026943880063,-2.0310195128070276,-1.7073524633990687,-1.4841740767108362,-1.5211270491229456,1.5708465576171875,0.3488517999649048,1
780,1788173923.8708096,-0.339495519636679,-0.43911618822930854,0.26230713147304896,1.2364938945528645,2.88793034135032,0.0003524168333597106,-2.0310314337359827,-1.7073524633990687,-1.4841621557818812,-1.5211032072650355,1.5708705186843872,0.3488517999649048,1
781,1788173923.9135706,-0.3395158663393274,-0.4391511037657054,0.2623228736386138,1.236501461243755,2.887948035757948,0.0001470583414568138,-2.0310314337359827,-1.7073763052569788,-1.484126392995016,-1.5209835211383265,1.5708585977554321,0.3488517999649048,1
782,1788173923.9553132,-0.33951655393829017,-0.43917941502642616,0.26232840279381975,1.236442589577881,2.887953746056059,-2.404842008940363e-05,-2.0310195128070276,-1.7073763052569788,-1.484138313923971,-1.5208638350116175,1.5708825588226318,0.3488278388977051,1
783,1788173923.996152,-0.33951063292547246,-0.4391764747150383,0.262344920941023,1.2364642785854891,2.887958258188916,-4.168949856545362e-05,-2.0310071150409144,-1.7073524633990687,-1.484126392995016,-1.5208876768695276,1.5708705186843872,0.3488517999649048,1
784,1788173924.0392675,-0.3395118293282784,-0.43917276049978426,0.26230343573585513,1.236467410217719,2.8879655632492818,7.078029582969098e-05,-2.0310071150409144,-1.7073882261859339,-1.4841740767108362,-1.5208752791034144,1.5708585977554321,0.3488517999649048,1
785,1788173924.0809062,-0.3395086945934602,-0.4391748563641821,0.2623315055578366,1.2364210997672682,2.888000604091627,1.6492363785843216e-05,-2.0309951941119593,-1.7073643843280237,-1.484138313923971,-1.5208995977984827,1.5708465576171875,0.3488278388977051,1
786,1788173924.1194277,-0.339510626938851,-0.4391871746688718,0.26229708077617475,1.2364424241368839,2.888002357382391,7.43822687570302e-05,-2.030983273183004,-1.7074125448810022,-1.4841621557818812,-1.5208638350116175,1.5708345174789429,0.3488517999649048,1
787,1788173924.1606994,-0.33951061282918304,-0.4391787261430011,0.26231680529664003,1.2363864998407643,2.8880154167548326,1.6491404717297895e-05,-2.0309951941119593,-1.7073763052569788,-1.4841621557818812,-1.5208638350116175,1.5708465576171875,0.34880387783050537,1
788,1788173924.2018661,-0.33953884668828965,-0.43920587960051977,0.2621721895650075,1.2365151490879214,2.887979810000678,-0.0004890506061554383,-2.0310195128070276,-1.7073167006122034,-1.4846776167498987,-1.52008563676943,1.5708465576171875,0.34886378049850464,1
789,1788173924.2422917,-0.33954818613754256,-0.43924093084678556,0.2611526625407974,1.237239407096492,2.8876121051327157,-0.0006961656558083782,-2.0310314337359827,-1.7074602285968226,-1.4871466795550745,-1.5173442999469202,1.5709065198898315,0.3493678867816925,1
790,1788173924.2846107,-0.33954200232339726,-0.43921843412074574,0.2595080163387222,1.238347461541592,2.8871836619184923,-0.0005521296654327686,-2.0310195128070276,-1.7076638380633753,-1.4910905996905726,-1.5132859388934534,1.5708585977554321,0.3501356244087219,1
791,1788173924.3282294,-0.3395299676197305,-0.4392041808220657,0.2569686609565715,1.2405070888184073,2.8861929611185557,-0.00026073934487901983,-2.0310314337359827,-1.7080844084369105,-1.4970477263080042,-1.5070965925799769,1.5709065198898315,0.3516359031200409,1
792,1788173924.3695767,-0.33950455010773856,-0.4391518871102714,0.2529920648992229,1.2447967267932916,2.8843834686405763,0.0004789594189566957,-2.0310071150409144,-1.7088277975665491,-1.5062421003924769,-1.497627083455221,1.5708465576171875,0.35462409257888794,1
793,1788173924.4110398,-0.3395315643972768,-0.4391557844074906,0.24987248490477187,1.2486279831720668,2.8827473677675015,0.000290075628962778,-2.031043354664938,-1.7093794981585901,-1.5136140028582972,-1.489582363759176,1.5708345174789429,0.3572400212287903,1
794,1788173924.4521105,-0.33954943257683917,-0.4392570396938215,0.24674866500823842,1.2522284797897187,2.881194661777403,-0.00035111584354733473,-2.0309951941119593,-1.710015598927633,-1.5209739843951624,-1.481178108845846,1.5708465576171875,0.35978442430496216,1
795,1788173924.4928594,-0.3395334152669664,-0.43919492312738995,0.24349961248537608,1.2555084455105956,2.879755160643824,-1.4401024905940915e-05,-2.0310195128070276,-1.7106993834124964,-1.5284541288958948,-1.4732287565814417,1.5708465576171875,0.3620404601097107,1
796,1788173924.532978,-0.3395851803857164,-0.43898859781043503,0.24022306204986535,1.258984023175763,2.8782005716019916,0.00030256391230913963,-2.031283203755514,-1.7112749258624476,-1.5361383597003382,-1.4651721159564417,1.5708705186843872,0.3642005920410156,1
797,1788173924.5752726,-0.34003684062656014,-0.4380662941036282,0.23708182810178566,1.262176033267255,2.8768028894418842,0.0002800695210573774,-2.032781426106588,-1.710998837147848,-1.5445168654071253,-1.457055393849508,1.5708705186843872,0.36492079496383667,1
798,1788173924.612706,-0.34072528127283835,-0.4365588665715365,0.23386099418402,1.2655035280833344,2.8753431436147796,0.00020211193389183554,-2.035154644642965,-1.7100394407855433,-1.5539029280291956,-1.4485791365252894,1.5708705186843872,0.364860862493515,1
799,1788173924.6516972,-0.34137186277760256,-0.4349166174249153,0.23066889515606295,1.269275695974513,2.8737245608721014,5.150163923863564e-05,-2.0375636259662073,-1.708803955708639,-1.563552204762594,-1.4400675932513636,1.5708345174789429,0.36506497859954834,1
800,1788173924.693865,-0.34144294547315235,-0.43326041264821824,0.22740607237078647,1.2724632979988095,2.8723199569208955,0.0006323752429928989,-2.0390494505511683,-1.7070286909686487,-1.573897663746969,-1.431866470967428,1.5708105564117432,0.3657967448234558,1
801,1788173924.7351198,-0.3414721959806594,-0.43191746689006133,0.2243579312052675,1.276038769231385,2.8707136665138875,8.043517838995168e-05,-2.040236298237936,-1.705421272908346,-1.583679501210348,-1.4233420530902308,1.5708465576171875,0.36710527539253235,1
802,1788173924.7759511,-0.3414747137545402,-0.43079526878301494,0.2210265798299563,1.2793223019607118,2.869243921838499,0.000304111585047022,-2.041182819996969,-1.7045934836017054,-1.5931857267962855,-1.4148061911212366,1.5708465576171875,0.36844900250434875,1
803,1788173924.8178368,-0.3414702923649165,-0.43040799112616357,0.2171543298534691,1.2833599143076266,2.867422648265408,0.0004364249489327163,-2.041506592427389,-1.7053731123553675,-1.6022723356830042,-1.405024830495016,1.5708585977554321,0.3709450960159302,1
804,1788173924.8588855,-0.341498285570396,-0.4304569417983252,0.214037242566182,1.2869124009528372,2.8658545287450514,0.00011655396951058956,-2.041506592427389,-1.7066448370562952,-1.6089251677142542,-1.396895710621969,1.5708465576171875,0.3734172284603119,1
805,1788173924.8997474,-0.3414689445312501,-0.43041740430850123,0.210935696328583,1.2904593317121844,2.8642267391110874,-9.550447627295278e-05,-2.041506592427389,-1.7077596823321741,-1.6157100836383265,-1.388862435017721,1.5708825588226318,0.3759016990661621,1
806,1788173924.9430635,-0.3414751119053847,-0.4304376177737633,0.20764855976628502,1.2942254293340558,2.862535234346785,5.592871456095842e-05,-2.041494671498434,-1.7092836538897913,-1.6224592367755335,-1.3806851545916956,1.5708705186843872,0.3785419762134552,1
807,1788173924.9846587,-0.34146851418627083,-0.4303842825904175,0.20437559156905083,1.2979049133715246,2.860882755354651,0.0004513432719860034,-2.041518513356344,-1.7107833067523401,-1.629172150288717,-1.372723404561178,1.5708465576171875,0.38108599185943604,1
808,1788173925.0274436,-0.3414400743249796,-0.4303566984684869,0.20054668525480493,1.3016954134862913,2.8591535156993544,0.0006797044353443015,-2.041494671498434,-1.7125824133502405,-1.637024227772848,-1.3632176558123987,1.5708465576171875,0.3837622404098511,1
809,1788173925.0691018,-0.3414961909243555,-0.4304347025797619,0.1974958502598333,1.3051489460476873,2.857641750137816,-9.005327460641374e-05,-2.041506592427389,-1.7140820662127894,-1.6433656851397913,-1.354884449635641,1.5708105564117432,0.3861500918865204,1
810,1788173925.1107166,-0.3414522003883231,-0.43038052904723184,0.19414526747008773,1.3084172378349193,2.8560848859541075,0.0006777129871069268,-2.041494671498434,-1.715881649647848,-1.6499107519732874,-1.3470304648028772,1.5708465576171875,0.38846641778945923,1
811,1788173925.1495557,-0.3414501928488904,-0.43040886082169744,0.19090008912491266,1.3113672172792064,2.854693624890057,0.0006366360931156758,-2.041482750569479,-1.7176569143878382,-1.6563480536090296,-1.3387931028949183,1.5708825588226318,0.39055466651916504,1
812,1788173925.1876218,-0.34144676984780215,-0.43034761318151593,0.18766122166982663,1.3149196365817137,2.8530787552482515,0.0009002457233965412,-2.041518513356344,-1.7194083372699183,-1.6627615133868616,-1.3307951132403772,1.5708585977554321,0.3930031955242157,1
813,1788173925.228475,-0.3414707509164479,-0.43039473886179613,0.18453407311869002,1.3185522020090095,2.851413603630552,0.0004865146254062105,-2.041518513356344,-1.7211955229388636,-1.6689594427691858,-1.3225463072406214,1.5708585977554321,0.39554721117019653,1
814,1788173925.2715194,-0.34149213622633307,-0.4304367635645091,0.1813555930988353,1.3218897229323778,2.8498741212640275,0.00025985524223504493,-2.041518513356344,-1.7231147925006312,-1.6751211325274866,-1.3143208662616175,1.5708585977554321,0.39788714051246643,1
815,1788173925.3124754,-0.34144647433262343,-0.4303692760041368,0.17749846563982596,1.3263350499143025,2.8478103436901754,0.0007150499347843833,-2.041494671498434,-1.7254183928119105,-1.6825297514544886,-1.3048980871783655,1.5708465576171875,0.40103113651275635,1
816,1788173925.3563678,-0.3414533367106814,-0.43037257949152163,0.17430666599629985,1.3298587637338721,2.846133328556162,0.00046698967855528814,-2.041518513356344,-1.7273853460894983,-1.6887033621417444,-1.296600643788473,1.5708825588226318,0.40349164605140686,1
817,1788173925.3987768,-0.3414412816985691,-0.4303771945540692,0.17107404381559022,1.3331529935937574,2.8445882855885345,0.0006356018485104007,-2.041494671498434,-1.729532543812887,-1.6947210470782679,-1.2885430494891565,1.5708825588226318,0.4058319330215454,1
818,1788173925.441299,-0.34146793450869833,-0.4304012659203487,0.16716938729243494,1.3371952698781213,2.8426871360374375,0.0008080036187419298,-2.041518513356344,-1.7322920004474085,-1.701817814503805,-1.2787964979754847,1.5708825588226318,0.4086519777774811,1
819,1788173925.4828615,-0.34149978768667266,-0.43044970648954106,0.16408492753672083,1.3403022476936353,2.8412325810212127,0.00041288855183258655,-2.041530434285299,-1.7344511190997522,-1.7075484434710901,-1.2706549803363245,1.5708825588226318,0.41082412004470825,1
820,1788173925.5248246,-0.3414776707863235,-0.4304607698980158,0.16082017178294022,1.343649355640037,2.8396243381668302,0.0004486688680337864,-2.041494671498434,-1.7367785612689417,-1.71350604692568,-1.2623932997332972,1.5709065198898315,0.4132239520549774,1
821,1788173925.5660996,-0.3414891241878364,-0.4304509999888914,0.15767198390823464,1.3471597045225514,2.838007143971946,0.00012925962719783436,-2.041506592427389,-1.7389853636371058,-1.7193682829486292,-1.2541196982013147,1.5708705186843872,0.4156724810600281,1
822,1788173925.6074605,-0.34145809980949576,-0.430398183922909,0.15450142366552233,1.350500541648256,2.8364286896538644,0.0003178289420629519,-2.041494671498434,-1.74127704301943,-1.7251227537738245,-1.2461932341205042,1.5708585977554321,0.41803672909736633,1
823,1788173925.6459637,-0.3414944042215724,-0.4304574084549836,0.15065652508019983,1.3548666997599488,2.8343736934430592,0.0002650203239410462,-2.041494671498434,-1.7443836371051233,-1.7317760626422327,-1.236398998891012,1.5708345174789429,0.42110881209373474,1
824,1788173925.6850307,-0.34152256449770474,-0.4304985932810899,0.14814810620980687,1.3578954915530883,2.8329311129975157,-0.00015273627650965675,-2.041506592427389,-1.7463634649859827,-1.7362473646747034,-1.2296817938434046,1.5708345174789429,0.42323264479637146,1
825,1788173925.7259886,-0.34150981492645033,-0.4304673170088811,0.14488345107077968,1.3610226751329346,2.8313446582614,0.0001824725365966378,-2.041542355214254,-1.7490266005145472,-1.7418339888202112,-1.221647087727682,1.5709065198898315,0.42542874813079834,1
826,1788173925.767041,-0.34150779669178466,-0.43047563287761104,0.14175826583289747,1.3643467776198008,2.8298162411937358,-0.00015600784379410444,-2.041506592427389,-1.751521412526266,-1.7473724524127405,-1.2133968512164515,1.5708465576171875,0.42779338359832764,1
827,1788173925.8078969,-0.3414767417111478,-0.43039835905100576,0.13851207311811334,1.3677279928599169,2.8281497966470353,0.00033156385244434737,-2.041530434285299,-1.7542203108416956,-1.7528746763812464,-1.2055066267596644,1.5708705186843872,0.4301692843437195,1
828,1788173925.8474002,-0.34149073879469044,-0.43045207990541634,0.13525343075522273,1.3707211183093937,2.826674982076741,0.0002560855969267625,-2.041518513356344,-1.7571361700641077,-1.7582576910602015,-1.1971600691424769,1.570894479751587,0.4323054552078247,1
829,1788173925.8862247,-0.3414987612244194,-0.4304497825033809,0.1320726586241281,1.3741280604411166,2.8250614308465742,0.0001809088199468454,-2.041518513356344,-1.7599309126483362,-1.7635920683490198,-1.1889823118792933,1.5708585977554321,0.43470528721809387,1
830,1788173925.9268632,-0.34148482110576994,-0.4304506975870692,0.12891118093765255,1.3776705120518076,2.8233344344298654,0.00029337187709959777,-2.041494671498434,-1.7627976576434534,-1.7687714735614222,-1.1810076872455042,1.5708585977554321,0.43723809719085693,1
831,1788173925.9664543,-0.34150439276590205,-0.4304547883422452,0.12575713333999225,1.3811146079460097,2.8216684607413383,-2.7493552903533463e-05,-2.041518513356344,-1.7656529585467737,-1.7740338484393519,-1.172685448323385,1.5708465576171875,0.43964990973472595,1
832,1788173926.0087657,-0.34148654470695405,-0.43045199182706834,0.1217980320331778,1.3854299616325372,2.819508402168553,0.00033281652811631754,-2.041506592427389,-1.7694557348834437,-1.7802680174456995,-1.1628783384906214,1.5708825588226318,0.4427339732646942,1
833,1788173926.049615,-0.34148787546430237,-0.43042839068396305,0.11864994210960289,1.388840592444369,2.8178579933156476,0.00021888036678470305,-2.041518513356344,-1.7724188009845179,-1.78538686433901,-1.1547234694110315,1.5708585977554321,0.4451341927051544,1
834,1788173926.0890794,-0.34146636269373026,-0.4304225156309322,0.11544083537627331,1.3921254014616304,2.8162493055394515,0.00033156368166424805,-2.041482750569479,-1.7755616346942347,-1.790433708821432,-1.1466053167926233,1.5708465576171875,0.44749847054481506,1
835,1788173926.1295416,-0.3414999321680203,-0.43044392975068285,0.11230102448881904,1.3953753421728288,2.8146155449268506,0.000123797880187026,-2.041530434285299,-1.778741184865133,-1.7953131834613245,-1.13841420808901,1.5708705186843872,0.44976648688316345,1
836,1788173926.171668,-0.3415188333698809,-0.4304912609684343,0.1090234319578233,1.3985319755334575,2.8130889529270715,8.77623115682039e-05,-2.041506592427389,-1.7821844259845179,-1.8002403418170374,-1.1300204435931605,1.5708345174789429,0.4520224928855896,1
837,1788173926.213824,-0.3414942624668236,-0.43044903573259957,0.10581276153887029,1.40178301288732,2.811455208008873,0.000385770147370384,-2.041506592427389,-1.785494629536764,-1.8051074186908167,-1.1220329443561,1.5708465576171875,0.45433881878852844,1
838,1788173926.2559354,-0.3414881500761045,-0.4304228695172957,0.10260254280730452,1.4051559139057144,2.809770807639771,0.00047949026601056715,-2.041518513356344,-1.78886586824526,-1.8099506537066858,-1.11387807527651,1.5708465576171875,0.4567270576953888,1
839,1788173926.298179,-0.3414796287450533,-0.4304525555818289,0.0987947659338366,1.4092020413984712,2.807705212095362,0.00016322244841341434,-2.041494671498434,-1.7929447332965296,-1.815693203602926,-1.1038554350482386,1.5708825588226318,0.4596429765224457,1
840,1788173926.34064,-0.3414823455537361,-0.4304397714552005,0.09553852918717487,1.4129400864117683,2.8058655385894404,0.0004452647545896685,-2.041494671498434,-1.796579662953512,-1.8203447500811976,-1.095748249684469,1.5708465576171875,0.4622952342033386,1
841,1788173926.3822207,-0.3415025859732089,-0.4304734875539416,0.09239477196895607,1.4165475755022914,2.8040607358028695,6.792826958490371e-05,-2.041494671498434,-1.8000944296466272,-1.8249600569354456,-1.0873778502093714,1.5708345174789429,0.46486324071884155,1
842,1788173926.4249825,-0.3414855926083581,-0.4304259369640927,0.08864065646129746,1.4203989985541539,2.8021115608483167,0.00029570738699347343,-2.041506592427389,-1.8043292204486292,-1.8303311506854456,-1.0779169241534632,1.5708345174789429,0.46759936213493347,1
843,1788173926.4651036,-0.34148224515795444,-0.43044954341591896,0.08540621003337787,1.4235995093738134,2.8004199059655948,0.00025828370439773436,-2.041506592427389,-1.808120075856344,-1.8348386923419397,-1.069594685231344,1.570894479751587,0.46990370750427246,1
844,1788173926.506538,-0.3414813777960259,-0.4304276836322761,0.0821828565257085,1.4268468417902367,2.7987804004562866,0.000407497109889976,-2.041518513356344,-1.811922852193014,-1.8392861525165003,-1.061439339314596,1.5708825588226318,0.4722076952457428,1
845,1788173926.5483043,-0.3414640501114691,-0.43041190949845426,0.07902106297369219,1.4300755340757305,2.7971863547289373,0.00042549367225403167,-2.041482750569479,-1.8156660238849085,-1.8436744848834437,-1.053319279347555,1.5708345174789429,0.47453561425209045,1
846,1788173926.5905406,-0.34146848684613507,-0.4304327514777591,0.07578727306810135,1.4335047694272272,2.795403557043483,0.0003110859042413366,-2.041482750569479,-1.8196242491351526,-1.8480380217181605,-1.044924561177389,1.5708585977554321,0.47699612379074097,1
847,1788173926.6316097,-0.34145587397068583,-0.43036941402248013,0.07254070153600287,1.4373278450652047,2.7934009443148318,0.0007256511138196959,-2.041530434285299,-1.8236191908465784,-1.8523181120501917,-1.0369132200824183,1.570894479751587,0.4796959459781647,1
848,1788173926.6704488,-0.34148203187036713,-0.4304512172006512,0.06879572228430217,1.441996091867226,2.791019607211922,0.0002013921327162313,-2.041494671498434,-1.8283818403827112,-1.8572571913348597,-1.0268777052508753,1.5708705186843872,0.4830680191516876,1
849,1788173926.7074387,-0.3414802206945816,-0.43042540979625277,0.06620189386796746,1.4452057460333627,2.789346817676589,0.00044208034159589303,-2.041518513356344,-1.8317049185382288,-1.860554043446676,-1.0204108397113245,1.5708825588226318,0.4853484034538269,1
850,1788173926.7469537,-0.3414802854342003,-0.43043572284890397,0.06299873455571889,1.4486692438946427,2.787590331204384,0.00040282016322554167,-2.041494671498434,-1.8358553091632288,-1.8646424452411097,-1.0121472517596644,1.5708465576171875,0.48784446716308594,1
851,1788173926.788757,-0.3414956502673628,-0.4304698859021708,0.059831400004327184,1.4520623122922178,2.7857817682511374,6.26840159797567e-05,-2.041506592427389,-1.840018097554342,-1.8686822096454065,-1.0037277380572718,1.5708825588226318,0.49028027057647705,1
852,1788173926.8306754,-0.34146308419300575,-0.4304019183538894,0.056588292130981266,1.4556734960260085,2.7839407270759944,0.0005138543925436559,-2.041494671498434,-1.8442776838885706,-1.8726981321917933,-0.995739761983053,1.5708465576171875,0.49287259578704834,1
853,1788173926.8730528,-0.34147642559962216,-0.4304200440984811,0.05275892007253197,1.4602257189229921,2.781540864505615,0.0003090016706959731,-2.041506592427389,-1.849459473286764,-1.8773978392230433,-0.985727612172262,1.5708585977554321,0.4961368143558502,1
854,1788173926.913443,-0.34147947143777174,-0.4304260297140043,0.04972591353427527,1.4649804591684057,2.7790393672470146,0.0002514947922055392,-2.041506592427389,-1.8536227385150355,-1.8810423056231897,-0.9778831640826624,1.5708585977554321,0.4995571970939636,1
855,1788173926.9548411,-0.3415096625649482,-0.4304712049845705,0.04733433192562253,1.4703290618433025,2.7762115516652064,7.718092409477554e-05,-2.041518513356344,-1.8570178190814417,-1.8837998549090784,-0.9716194311725062,1.5708585977554321,0.5033969879150391,1
856,1788173926.9976115,-0.3414976321708329,-0.4304556578279987,0.04570865717589759,1.474830628033224,2.773836367053885,6.726343435418811e-05,-2.041506592427389,-1.8592489401446741,-1.88576585451235,-0.9674161116229456,1.5708465576171875,0.5066491961479187,1
857,1788173927.0392559,-0.3415375828338482,-0.43051791567752523,0.0449046954254092,1.4785758967392457,2.771807392955214,-0.0004538596601409051,-2.041530434285299,-1.860424820576803,-1.8867371718036097,-0.9649365584002894,1.5708705186843872,0.5093370676040649,1
858,1788173927.0792856,-0.34150333728770554,-0.43026971135121633,0.044252509160631226,1.481478192015544,2.770317952311198,-1.4686234973173695e-06,-2.0416625181781214,-1.8609884420977991,-1.8878997007953089,-0.9634993712054651,1.5708225965499878,0.5112814903259277,1
859,1788173927.12183,-0.341510793832605,-0.4298820585137399,0.04402109852891517,1.4826337102154616,2.769642064061086,-0.00022459239461697543,-2.0420220533954065,-1.8606527487384241,-1.8891227881061,-0.9624689261065882,1.5708705186843872,0.5117735862731934,1
860,1788173927.1639388,-0.34151810829189183,-0.42922963762382643,0.04393719358834883,1.482717454932373,2.7696018853280546,9.510197720167022e-05,-2.0425851980792444,-1.85978871980776,-1.8905132452594202,-0.9621461073504847,1.5708705186843872,0.5112695097923279,1
861,1788173927.2074687,-0.3417757256790038,-0.42814321265142335,0.043934303963411137,1.482671413306761,2.7696414442417177,0.00020693304607307533,-2.0439274946795862,-1.8583853880511683,-1.8924315611468714,-0.9617026487933558,1.5708585977554321,0.5098894834518433,1
862,1788173927.2479043,-0.34216982314315425,-0.4264433843707261,0.043973568718977285,1.4829504673778977,2.769531887148702,0.0001474062392682566,-2.0460131804095667,-1.8560698668109339,-1.8955004850970667,-0.960912052785055,1.5708225965499878,0.5079933404922485,1
863,1788173927.2895494,-0.3420778501117251,-0.42557434741787614,0.04389776859631325,1.4828444098838642,2.769538072112837,0.00048781828428179954,-2.046624008809225,-1.8547266165362757,-1.8975146452533167,-0.9604571501361292,1.5708705186843872,0.5073211193084717,1
864,1788173927.3295016,-0.34209603709880115,-0.4253255943265272,0.04393301898444413,1.4828271481068975,2.7695861904912733,0.00031766565228574567,-2.046851936970846,-1.8542583624469202,-1.8980782667743128,-0.9602540175067347,1.5708345174789429,0.5070690512657166,1
865,1788173927.3705494,-0.34212050333233596,-0.42535121840091267,0.04394318493650362,1.4829374883655415,2.769512202889648,0.000204873176501156,-2.046875778828756,-1.8542946020709437,-1.8980181852923792,-0.9602058569537562,1.5708465576171875,0.5071293711662292,1
866,1788173927.4107578,-0.3420829727774841,-0.42535398912822264,0.04393534200055946,1.482866297744825,2.769537713895897,0.0002987830917019559,-2.0468161741839808,-1.8542822043048304,-1.8980420271502894,-0.9602540175067347,1.5708585977554321,0.5071413516998291,1
867,1788173927.452426,-0.34208105068873285,-0.42534228726939494,0.043909676158858324,1.4828438633052408,2.7695372569664496,0.00039418254930193274,-2.046828095112936,-1.8543184439288538,-1.8980544249164026,-0.9602659384356897,1.5708705186843872,0.507116973400116,1
868,1788173927.4947312,-0.34208086934934256,-0.42536437904568375,0.04392826876358538,1.4828153740987091,2.7695649858819578,0.0002995314442097789,-2.0468037764178675,-1.8543065229998987,-1.8980305830584925,-0.9602416197406214,1.5708585977554321,0.507116973400116,1
869,1788173927.5351238,-0.34207548575190405,-0.4253454061378094,0.043896925224209404,1.4824956149639321,2.769724064406476,0.0004316154229823931,-2.0468161741839808,-1.854342285786764,-1.8980544249164026,-0.9602659384356897,1.5708705186843872,0.5068773031234741,1
870,1788173927.5760822,-0.3420922797756487,-0.42535212965479147,0.04391826065365684,1.4810766339397345,2.770508900319926,0.0003171638704839297,-2.046828095112936,-1.8543184439288538,-1.8980420271502894,-0.9602296988116663,1.5708465576171875,0.5058331489562988,1
871,1788173927.6174722,-0.3420790233368346,-0.42534286194645404,0.04389681185147776,1.478377303069758,2.771977922799626,0.0003922130247303496,-2.0468037764178675,-1.8543303648578089,-1.8980782667743128,-0.9602296988116663,1.5708225965499878,0.5039010643959045,1
872,1788173927.6588414,-0.34210244964147996,-0.42537185484987067,0.04394176775588643,1.47448894867036,2.7740189832308992,0.0002046450174183691,-2.046828095112936,-1.8543065229998987,-1.8980062643634241,-0.9602058569537562,1.5708465576171875,0.5010810494422913,1
873,1788173927.6983135,-0.34208395069784525,-0.4253558859314699,0.043924280339856236,1.4694377442860456,2.7766845312356376,0.00026162942901172695,-2.0468161741839808,-1.8542946020709437,-1.8980663458453577,-0.9601939360248011,1.5708585977554321,0.49745693802833557,1
874,1788173927.7363079,-0.3420944860039187,-0.425378793914122,0.043936163878879414,1.4635797650372806,2.779802951737427,0.00016748309436744553,-2.0468037764178675,-1.8543065229998987,-1.8980305830584925,-0.9601581732379358,1.5708345174789429,0.4932444989681244,1
875,1788173927.7753925,-0.3421146441167467,-0.42539748381564657,0.043927694101591724,1.4582622601747068,2.7826081128107107,-9.714852555145682e-05,-2.0468161741839808,-1.8543184439288538,-1.8980901877032679,-0.9599183241473597,1.5708225965499878,0.48940467834472656,1
876,1788173927.817489,-0.3421541662753584,-0.42550655225776307,0.04400455974018544,1.4487355129889812,2.7875377371927272,-0.0008505920325136777,-2.0468037764178675,-1.8542822043048304,-1.8980420271502894,-0.9595230261432093,1.5708585977554321,0.4825882613658905,1
877,1788173927.8578782,-0.3421655816941816,-0.4254883057440469,0.04396725799427631,1.4390544750844896,2.79257707680611,-0.0007370892208182518,-2.046828095112936,-1.854342285786764,-1.8980544249164026,-0.9595230261432093,1.5708345174789429,0.4756157100200653,1
878,1788173927.900477,-0.34214473251446675,-0.42550019150844176,0.043978884013285424,1.4286676567753223,2.7978531985016626,-0.0007563122061712191,-2.0468037764178675,-1.8543184439288538,-1.8980544249164026,-0.9595349470721644,1.5708825588226318,0.46822330355644226,1
879,1788173927.941938,-0.34215486674648465,-0.42547154252169395,0.04396572935957885,1.4176001001869345,2.803492022359459,-0.0006256186213715812,-2.046840016041891,-1.8543303648578089,-1.8980544249164026,-0.9596064726458948,1.5708705186843872,0.460279256105423,1
880,1788173927.9830515,-0.34215295416684305,-0.42547581037093185,0.04398486098890514,1.4061720380601157,2.8092570970853736,-0.0006820170246325521,-2.046828095112936,-1.8542946020709437,-1.8980544249164026,-0.9596064726458948,1.5708585977554321,0.4521423578262329,1
881,1788173928.0240455,-0.3421485493733291,-0.42548118343211666,0.04397859305307844,1.392925102799879,2.8158504934819404,-0.0006255149383599165,-2.0468161741839808,-1.8543184439288538,-1.8980305830584925,-0.9596427122699183,1.5708585977554321,0.4427339732646942,1
882,1788173928.0660546,-0.3421220773426313,-0.42543577656452924,0.043945224836419355,1.3811978966618312,2.8216049186741774,-0.00028703719193504557,-2.0468161741839808,-1.8543303648578089,-1.8980544249164026,-0.959822956715719,1.5708705186843872,0.4344176650047302,1
883,1788173928.1090314,-0.3420889941470288,-0.42533184458912265,0.04388942190380668,1.3700352807590503,2.8270560107743616,0.0004652219563208243,-2.046840016041891,-1.854354206715719,-1.8980544249164026,-0.9602778593646448,1.5708465576171875,0.42648524045944214,1
884,1788173928.150833,-0.34206799784769865,-0.42534732675084597,0.04391568312534458,1.3587424206731056,2.832499230551576,0.00048357878820408747,-2.0467918554889124,-1.8543184439288538,-1.8980181852923792,-0.9603617827044886,1.5708465576171875,0.418552428483963,1
885,1788173928.1918101,-0.34206353792175637,-0.42532223177324446,0.04390125793649102,1.3448630152987984,2.8390845584357547,0.0005941322082453494,-2.0468161741839808,-1.8543184439288538,-1.8980420271502894,-0.9604094664203089,1.5708705186843872,0.4087478518486023,1
886,1788173928.2336705,-0.34205677879054985,-0.42532556463660837,0.04389727378589184,1.334027686790228,2.8442168033310278,0.0005950225659492558,-2.0467918554889124,-1.8543184439288538,-1.8980544249164026,-0.9603970686541956,1.5708465576171875,0.40113934874534607,1
887,1788173928.272678,-0.34205597604500754,-0.4253240075146483,0.04390885161226127,1.3239157008982703,2.8489367886451227,0.0005766981610968995,-2.0467918554889124,-1.8542946020709437,-1.8980544249164026,-0.9604094664203089,1.5708465576171875,0.3940349519252777,1
888,1788173928.3128982,-0.34207701661144974,-0.42532852395444976,0.043900519242545316,1.3153062323827636,2.8529091452892157,0.0005186789070731957,-2.046828095112936,-1.8543303648578089,-1.8980420271502894,-0.9603498617755335,1.5708585977554321,0.38796234130859375,1
889,1788173928.3524683,-0.342060170576996,-0.42531372601879525,0.043901350069708744,1.30770191802485,2.8563592794793307,0.0006099882691549111,-2.046828095112936,-1.8543065229998987,-1.8980544249164026,-0.960421387349264,1.570894479751587,0.38264620304107666,1
890,1788173928.3936627,-0.34208382866993564,-0.4253278242424937,0.04391439735714486,1.301150423510836,2.859393189498144,0.00046196531079392364,-2.046840016041891,-1.8543065229998987,-1.8980420271502894,-0.9603379408465784,1.5708585977554321,0.3780378997325897,1
891,1788173928.4350128,-0.34208358148304263,-0.42532734481955514,0.043908022009163244,1.2953479691828833,2.8620251380448662,0.00048042012510960216,-2.046840016041891,-1.8543184439288538,-1.8980420271502894,-0.9603379408465784,1.5708585977554321,0.3739815950393677,1
892,1788173928.4756505,-0.34208125336376305,-0.4253228293948945,0.04390924092473017,1.2909152239337645,2.864026711489622,0.0004809778121438206,-2.046840016041891,-1.8543065229998987,-1.8980544249164026,-0.9603379408465784,1.5708585977554321,0.3708851933479309,1
893,1788173928.5161788,-0.34213682524165917,-0.4250613680419719,0.04390920913112259,1.2879636943739625,2.865371561293696,0.0003868487275007298,-2.0471513907061976,-1.8539345900165003,-1.8985818068133753,-0.9601219336139124,1.5708465576171875,0.3685089349746704,1
894,1788173928.5560763,-0.3422557477772564,-0.42455780386407843,0.04398067901623873,1.2863314069212326,2.8661122462820647,-0.00016025296967953455,-2.047786537800924,-1.8530591169940394,-1.8996604124652308,-0.9595707098590296,1.5708585977554321,0.366732656955719,1
895,1788173928.5966477,-0.34237737402171736,-0.4237403862952426,0.04398459672727237,1.2855185138078127,2.866467758395606,-0.0002563848033020331,-2.048697296773092,-1.8518713156329554,-1.9012907187091272,-0.9590676466571253,1.5708705186843872,0.3652570843696594,1
896,1788173928.638172,-0.34261038126936666,-0.4226959489534388,0.0439827944185551,1.2855432827067246,2.8664369465523114,-8.935904158654074e-05,-2.0499919096576136,-1.8505271116839808,-1.9031012693988245,-0.9587085882769983,1.5708825588226318,0.3639848828315735,1
897,1788173928.6782696,-0.34360077395829086,-0.4218967895326435,0.043901920963969804,1.2856348612119808,2.866423539869172,0.0001970880595277764,-2.052316967641012,-1.8507078329669397,-1.903053108845846,-0.9587567488299769,1.5708465576171875,0.36171650886535645,1
898,1788173928.7187164,-0.34493836794675986,-0.42137266207790397,0.04394618898950234,1.2858123396609809,2.866371536612832,-0.0001406040253568813,-2.0549896399127405,-1.8514869848834437,-1.901914421712057,-0.958900276814596,1.5708345174789429,0.35916048288345337,1
899,1788173928.7569315,-0.3457976486279192,-0.42132170847827904,0.04399720875531746,1.2854147032721668,2.866553636357057,-0.0005171274395408472,-2.0564635435687464,-1.852386776600973,-1.9005959669696253,-0.9590795675860804,1.5708465576171875,0.35740816593170166,1
900,1788173928.797659,-0.3458045105653859,-0.42126160023911796,0.043966729714823405,1.285409908589822,2.866495013980219,-0.0003343416510478253,-2.0565479437457483,-1.852386776600973,-1.9006555716144007,-0.959139649068014,1.570894479751587,0.35733625292778015,1
901,1788173928.8385086,-0.34580590161282915,-0.42126669803512,0.04394963571145108,1.285401602444365,2.8665240737038786,-0.00031249471841854153,-2.056535545979635,-1.8524230162249964,-1.9006555716144007,-0.9591158072101038,1.5708705186843872,0.35733625292778015,1
902,1788173928.8784895,-0.3457843315464441,-0.42125899641966247,0.04395822212648365,1.2853794264693787,2.866520043114789,-0.000295765834046856,-2.056511704121725,-1.8523748556720179,-1.900691334401266,-0.959139649068014,1.5708825588226318,0.3573482632637024,1
903,1788173928.9182003,-0.3458025688618364,-0.4212721023271628,0.04395983047838983,1.2853921265052843,2.8665029529690673,-0.0003335933724379939,-2.056535545979635,-1.8524110952960413,-1.9006436506854456,-0.9591277281390589,1.570894479751587,0.35733625292778015,1
904,1788173928.9610946,-0.3458047067678177,-0.4212703225011129,0.04395616452007972,1.2839689942237684,2.867152152655274,-0.0002950785831994737,-2.056535545979635,-1.8524230162249964,-1.9006317297564905,-0.959151569996969,1.5708825588226318,0.3563404381275177,1
905,1788173929.0006678,-0.3458083506619195,-0.4212556494601544,0.043952507398242274,1.281159150453141,2.8684885503327853,-0.0003064613201834233,-2.05652362505068,-1.852398697529928,-1.900679890309469,-0.9591158072101038,1.5708105564117432,0.3543720543384552,1
906,1788173929.0427594,-0.3458200146625604,-0.4212675333847052,0.04399329608725519,1.2777212001327534,2.86998867793859,-0.00044251880604665936,-2.0565479437457483,-1.8523505369769495,-1.9006436506854456,-0.9591158072101038,1.5708465576171875,0.35195985436439514,1
907,1788173929.0846918,-0.3458004913283497,-0.42126425508439025,0.04397196568779274,1.272924952932579,2.8721011615896845,-0.00033105853356270754,-2.05652362505068,-1.8523748556720179,-1.9006555716144007,-0.959151569996969,1.5708585977554321,0.34864771366119385,1
908,1788173929.127427,-0.3458243278738752,-0.42125618111682345,0.043983406818429716,1.2671764409551707,2.8746687289846564,-0.00032779947696055437,-2.0565598646747034,-1.8523748556720179,-1.9006198088275355,-0.9591878096209925,1.5708345174789429,0.34460338950157166,1
909,1788173929.1685357,-0.345787523456474,-0.4212220853156054,0.04396309206319515,1.258907436429304,2.8782979175354853,-2.6986254066943515e-05,-2.05652362505068,-1.8523624579059046,-1.9006436506854456,-0.9593675772296351,1.5708225965499878,0.3388906717300415,1
910,1788173929.2095778,-0.3457582744856728,-0.4212232700750483,0.04393540179102151,1.2525053729393527,2.8810175031692924,9.725967621010115e-05,-2.05649978319277,-1.852398697529928,-1.9006555716144007,-0.9594033400165003,1.5708825588226318,0.3344864547252655,1
911,1788173929.2507982,-0.3457791013550757,-0.4212295666188221,0.043966921500006695,1.2476354312704603,2.883149820849087,-3.295426065908448e-05,-2.05652362505068,-1.8523624579059046,-1.9006317297564905,-0.9593794981585901,1.5708705186843872,0.33107808232307434,1
912,1788173929.2905276,-0.3457689845157974,-0.42124547546108765,0.04396917809429679,1.2439209064891406,2.884769388858683,-6.896232734426906e-05,-2.0564878622638147,-1.8523624579059046,-1.9006317297564905,-0.95935565630068,1.5708585977554321,0.3285340666770935,1
913,1788173929.3310103,-0.34576076595088623,-0.4212357360353945,0.043939914346673464,1.2414900736384484,2.8857982724361837,2.355066518351283e-05,-2.0564878622638147,-1.852398697529928,-1.9006555716144007,-0.95935565630068,1.5708705186843872,0.3268536329269409,1
914,1788173929.3711004,-0.34576531823375023,-0.4212409336419826,0.043947571432790655,1.2402747060034838,2.886359881285183,2.801152764437605e-05,-2.0564754644977015,-1.852398697529928,-1.9006317297564905,-0.9593794981585901,1.5708345174789429,0.32601398229599,1
915,1788173929.4117308,-0.3457730458568967,-0.42123953444003054,0.04394880801265191,1.2404383115384674,2.886262413828609,4.36638492729089e-05,-2.05649978319277,-1.8524110952960413,-1.9006074110614222,-0.9594033400165003,1.5708585977554321,0.3261098563671112,1
916,1788173929.4532661,-0.3457675790275232,-0.42123692460611606,0.04393728756418533,1.2405115729180023,2.886241881615015,8.32521119230085e-05,-2.0564878622638147,-1.8524230162249964,-1.9006198088275355,-0.9594033400165003,1.5708465576171875,0.32616978883743286,1
917,1788173929.4950778,-0.3457675790275232,-0.42123692460611606,0.04393728756418533,1.2404424146238966,2.8862716035988214,8.325005524559418e-05,-2.0564878622638147,-1.8524230162249964,-1.9006198088275355,-0.9594033400165003,1.5708465576171875,0.32612186670303345,1
918,1788173929.5360596,-0.34575988058149654,-0.4212164522577969,0.04392286158350578,1.2404794817993259,2.8862625275199094,0.00019675142981128566,-2.0564878622638147,-1.8524230162249964,-1.9006436506854456,-0.9594510237323206,1.5708345174789429,0.32614582777023315,1
919,1788173929.5767043,-0.34577292648841035,-0.42124116666056577,0.04386499559678844,1.2404824672944823,2.8862694811739202,4.817404696880223e-05,-2.0564878622638147,-1.8525312582599085,-1.9007037321673792,-0.9591878096209925,1.5708345174789429,0.32614582777023315,1
920,1788173929.6167653,-0.34569710083574356,-0.42111758589590403,0.04259147051840956,1.2404152086320221,2.886209876067154,0.001402497027465657,-2.0564754644977015,-1.854342285786764,-1.901938263569967,-0.957008186970846,1.5708465576171875,0.3261338472366333,1
921,1788173929.656864,-0.34573675083159006,-0.4211726348413189,0.04078804893245999,1.240425267872384,2.886231655100809,0.0011703243359223224,-2.0564878622638147,-1.8570297400103968,-1.903928581868307,-0.9521811644183558,1.5708345174789429,0.32612186670303345,1
922,1788173929.697593,-0.3457679127284617,-0.4212473582534124,0.03826467673406975,1.2404494972530515,2.88619294418853,0.0005028120142704306,-2.05649978319277,-1.8607247511493128,-1.9068778196917933,-0.9451153914081019,1.570894479751587,0.3261338472366333,1
923,1788173929.739473,-0.3457546633164452,-0.42121642921199653,0.035032534388632214,1.2404373022221218,2.886212237470713,0.0004841470617791915,-2.05649978319277,-1.8654034773456019,-1.9105942885028284,-0.9367073217975062,1.5708825588226318,0.32612186670303345,1
924,1788173929.7777045,-0.34577683763615824,-0.42126864527835217,0.03191363200239428,1.2404431319742744,2.8862749367308083,1.7548643083948454e-05,-2.0564754644977015,-1.8700578848468226,-1.9140947500811976,-0.9282515684710901,1.5708465576171875,0.3261338472366333,1
925,1788173929.8165827,-0.345784346183601,-0.42125505323299717,0.02866262402029862,1.240461327291162,2.8862681922146614,-1.864909505188096e-06,-2.05649978319277,-1.8749406973468226,-1.9176314512835901,-0.9198196570025843,1.5708465576171875,0.32612186670303345,1
926,1788173929.8559122,-0.34578640691097723,-0.4212667042256367,0.025677293202834572,1.2403969805921742,2.8863089922590204,-1.8514511236673093e-06,-2.0564878622638147,-1.8795116583453577,-1.9207728544818323,-0.9121063391314905,1.5708345174789429,0.3260858952999115,1
927,1788173929.895361,-0.34578104590112585,-0.4212825061459848,0.023009043907594978,1.2403527862031334,2.8863031407310165,-2.8011803979148288e-05,-2.0564754644977015,-1.8836382071124476,-1.923542324696676,-0.9051955381976526,1.5708585977554321,0.32607391476631165,1
928,1788173929.9367726,-0.3458164587423696,-0.42133541150749426,0.02056012525275333,1.2403264289415339,2.8863355046006935,-0.00040804333077043217,-2.0564878622638147,-1.887501064931051,-1.9260600248919886,-0.8985722700702112,1.5708585977554321,0.3260379731655121,1
929,1788173929.9767163,-0.3457906585476217,-0.4212397414373868,0.018335670746918054,1.2403043214223688,2.8863325177872943,5.4871588556142825e-05,-2.05652362505068,-1.8908966223346155,-1.9283612410174769,-0.893170181904928,1.5708465576171875,0.3259900212287903,1
930,1788173930.0174427,-0.3458211821341255,-0.421299479383305,0.01691800653847267,1.240336617024651,2.886359781344202,-0.00021538835831927606,-2.056511704121725,-1.8932116667376917,-1.9297283331500452,-0.8893135229693812,1.5708225965499878,0.32601398229599,1
931,1788173930.0591981,-0.34580474241199943,-0.4213132158805384,0.01632376090307225,1.2402346096359695,2.886360254819106,-0.0001422489794235713,-2.0564878622638147,-1.8941715399371546,-1.930279556904928,-0.8878520170794886,1.5708585977554321,0.32597804069519043,1
932,1788173930.1015954,-0.3458188740083184,-0.42132046148725016,0.016329688267898407,1.2402086328614519,2.886396927496792,-0.0003654750377229688,-2.05649978319277,-1.8941476980792444,-1.9303391615497034,-0.8876727263080042,1.5708465576171875,0.32594171166419983,1
933,1788173930.1434648,-0.3458506154537716,-0.42035144486521664,0.016194639932904986,1.2397327798318265,2.886533404100678,0.0003824540832576385,-2.057411019002096,-1.8930557409869593,-1.9322097937213343,-0.8873737494098108,1.5708705186843872,0.32471781969070435,1
934,1788173930.1827507,-0.34594998067255833,-0.41921628587644943,0.01617993193105738,1.239611003859318,2.8865929352648956,0.00025015164890043534,-2.058573071156637,-1.8914359251605433,-1.9346197287188929,-0.8864992300616663,1.5708705186843872,0.3234695792198181,1
935,1788173930.221873,-0.34599185660758386,-0.41837241187951124,0.01624963625688655,1.239796238865974,2.8865499935590564,6.656117824501821e-05,-2.059376064931051,-1.8900449911700647,-1.9364302794085901,-0.8859604040728968,1.5708465576171875,0.32278573513031006,1
936,1788173930.2616584,-0.3460123111556344,-0.4178717985535625,0.016262353739170787,1.2399367023100665,2.886449642167694,7.823690097056083e-05,-2.0598676840411585,-1.8892887274371546,-1.9374731222735804,-0.8856843153582972,1.5708825588226318,0.3224014937877655,1
937,1788173930.3027325,-0.34602650467777923,-0.41790848485816473,0.016288322518270698,1.2400047483100585,2.886464901066959,-1.1098425222862085e-05,-2.05984336534609,-1.8893006483661097,-1.9373891989337366,-0.8856962362872522,1.5708465576171875,0.3224617838859558,1
938,1788173930.3420687,-0.34602511643710177,-0.4179135116116519,0.016286958243066862,1.2400968482387156,2.8864405498772387,-4.6843122266498695e-05,-2.059831444417135,-1.8893006483661097,-1.9374011198626917,-0.885660473500387,1.5708345174789429,0.3225336968898773,1
939,1788173930.3827984,-0.3460291731673056,-0.41791349926365506,0.016293071759754252,1.2400397635311724,2.886450937572164,-2.9757649863338127e-05,-2.05984336534609,-1.8893006483661097,-1.9373772780047815,-0.8856962362872522,1.5708465576171875,0.3224857747554779,1
940,1788173930.4245126,-0.34601331535324575,-0.41793001186390183,0.016295596331851875,1.2400195725521244,2.88645090915196,-0.0001067149831699816,-2.059807602559225,-1.8892887274371546,-1.9374011198626917,-0.8856361548053187,1.5708585977554321,0.3225097358226776,1
941,1788173930.4654226,-0.34600852374032065,-0.41791331348199745,0.016274745505997862,1.240064309489345,2.886412245660609,4.436005269311823e-06,-2.05981952348818,-1.8893125692950647,-1.9374130407916468,-0.8856723944293421,1.5708705186843872,0.3225336968898773,1
942,1788173930.5079882,-0.3460197229093244,-0.41790159222966466,0.016276109598098054,1.240085335318025,2.886413983559458,4.3311400609140085e-05,-2.05984336534609,-1.8893125692950647,-1.9374011198626917,-0.8857081572162073,1.5708585977554321,0.32252171635627747,1
943,1788173930.5493038,-0.34603286409565,-0.4179320792432532,0.01631384621994461,1.2400664967410233,2.8864178217686183,-0.00010827357189321331,-2.05984336534609,-1.8892887274371546,-1.937341038380758,-0.8856962362872522,1.5708705186843872,0.3225097358226776,1
944,1788173930.5908744,-0.34600878797368584,-0.41791196797467295,0.01627723849788479,1.2401062782433765,2.8863671471625425,1.996738153654804e-05,-2.059831444417135,-1.8893125692950647,-1.9374011198626917,-0.8856962362872522,1.570894479751587,0.322557657957077,1
945,1788173930.6295054,-0.3459852948488916,-0.4178345184537469,0.016286262056994016,1.2400254383640799,2.8864159294836966,2.1105304249841076e-06,-2.0598557631122034,-1.8891447226153772,-1.9376166502581995,-0.8856361548053187,1.5708825588226318,0.32247379422187805,1
946,1788173930.670581,-0.3457544688488246,-0.4169601675410222,0.01628344978617749,1.240211734686091,2.8863272920779193,-7.41357594473391e-05,-2.060251061116354,-1.887501064931051,-1.940002743397848,-0.8848460356341761,1.570894479751587,0.32220974564552307,1
947,1788173930.7129316,-0.3453813177521662,-0.415500568169451,0.016181279302800944,1.240579825238773,2.8861860870291816,0.0003059335344349927,-2.0609100500689905,-1.8850176970111292,-1.9438274542437952,-0.8837445417987269,1.5708585977554321,0.3218015432357788,1
948,1788173930.7550282,-0.3450376347973023,-0.414385693131341,0.01622903239036738,1.2405386965099605,2.8862357792412836,-0.0002404269877329878,-2.0613296667682093,-1.8826902548419397,-1.9471114317523401,-0.8824389616595667,1.5708585977554321,0.32134538888931274,1
949,1788173930.7938886,-0.3448782702011159,-0.41401242687181566,0.016228887528906083,1.2406371359318953,2.886178396582341,-0.00020544193402071762,-2.061401669179098,-1.8819225470172327,-1.9482024351703089,-0.8821390310870569,1.5708705186843872,0.32134538888931274,1
950,1788173930.832302,-0.344894890149608,-0.41403018934626346,0.016210286580968375,1.2407041727312607,2.8861439681285743,-0.00010991171460702131,-2.061413590108053,-1.8820188681231897,-1.9481070677386683,-0.8821991125689905,1.5708705186843872,0.3213813304901123,1
951,1788173930.8725963,-0.34489328505934586,-0.41406777418153856,0.016231690752857603,1.2406196948785018,2.886186898630203,-0.00022260553771467063,-2.0613773504840296,-1.8820188681231897,-1.9480589071856897,-0.8821752707110804,1.5708705186843872,0.3213573694229126,1
952,1788173930.9139318,-0.34489876426264204,-0.4140333489972435,0.016196342851369866,1.240665781979898,2.8861973697564864,-6.856382913389121e-05,-2.061401669179098,-1.882054630910055,-1.948094669972555,-0.8821991125689905,1.5708345174789429,0.3213573694229126,1
953,1788173930.9550006,-0.34489148249968377,-0.41403138504422476,0.01621544852524129,1.2406225062341183,2.886192004370736,-0.00010833115609393203,-2.061401669179098,-1.8820069471942347,-1.9481070677386683,-0.8822110334979456,1.5708585977554321,0.3213334083557129,1
954,1788173930.996527,-0.3448825533999337,-0.41404768250932694,0.016196145523560912,1.2406157257858594,2.8861776473118073,-3.602550737296503e-05,-2.0613773504840296,-1.88206655183901,-1.9480708281146448,-0.8822348753558558,1.5708705186843872,0.3213573694229126,1
955,1788173931.0346086,-0.3448936808158043,-0.4140412767345671,0.016230279043879497,1.2404975591726572,2.886235020607986,-0.00014798028251475871,-2.061401669179098,-1.8819950262652796,-1.9480827490436,-0.8822229544269007,1.5708705186843872,0.32124951481819153,1
956,1788173931.0750782,-0.3448788987536259,-0.4140269546297441,0.016209753840012858,1.2401130328487397,2.8863903407952214,2.0672489055449578e-05,-2.061389748250143,-1.8820188681231897,-1.9480827490436,-0.8823068777667444,1.5708705186843872,0.3209974765777588,1
957,1788173931.1139333,-0.34488302039671465,-0.4139980989898503,0.016216194549973945,1.2398697923235904,2.8865412982159584,0.0001203323935319167,-2.061401669179098,-1.8819826284991663,-1.948094669972555,-0.8823908011065882,1.5708225965499878,0.3208053410053253,1
958,1788173931.1539493,-0.34465064825291886,-0.4139354292462101,0.016193215211170814,1.239878510752118,2.8864657183309608,0.00045206774570696027,-2.061089817677633,-1.8816946188556116,-1.948514763508932,-0.8824747244464319,1.5708705186843872,0.3211412727832794,1
959,1788173931.1941724,-0.3438078051781916,-0.4139350674561397,0.016272297522987866,1.2398991422111867,2.8865051188485413,0.00030547000226212437,-2.0596635977374476,-1.8804591337787073,-1.9500487486468714,-0.8820794264422815,1.5708345174789429,0.32256966829299927,1
960,1788173931.2368026,-0.3426638351190462,-0.4139780053681412,0.016273062984844877,1.2396619796397095,2.8865651156660905,0.0003577694324233415,-2.0577219168292444,-1.8790796438800257,-1.952003304158346,-0.881540600453512,1.5708705186843872,0.3243575394153595,1
961,1788173931.2789423,-0.34190162589212636,-0.4139657213276454,0.01630983902579869,1.2398910056843646,2.886469199998431,0.0003198898167075398,-2.0564516226397913,-1.878023926411764,-1.9533942381488245,-0.8811810652362269,1.5708705186843872,0.32578590512275696,1
962,1788173931.3215961,-0.34187904949603753,-0.41389027137285056,0.01624679786517963,1.2399586920009704,2.886436390755002,0.0006207712590575964,-2.0564754644977015,-1.878035847340719,-1.9535258452044886,-0.8812287489520472,1.5708585977554321,0.32580989599227905,1
963,1788173931.3625662,-0.3418890009902264,-0.4139032358193425,0.01627240376900313,1.2399476406407473,2.8864583568912026,0.0005476233939546663,-2.0564754644977015,-1.8780120054828089,-1.9534900824176233,-0.8812406698810022,1.5708465576171875,0.3257979154586792,1
964,1788173931.4027398,-0.3418811495366961,-0.41391520809322885,0.016265913266945237,1.239879359724306,2.886489766575608,0.0005102935194434434,-2.0564516226397913,-1.878023926411764,-1.9535020033465784,-0.8811929861651819,1.5708465576171875,0.3257739245891571,1
965,1788173931.444027,-0.3418822097740097,-0.4139096816732921,0.016279977695102976,1.2399272084361006,2.8864582314529312,0.0004714523899387747,-2.0564635435687464,-1.8779881636248987,-1.9535139242755335,-0.8811929861651819,1.5708585977554321,0.3257979154586792,1
966,1788173931.4829187,-0.341892407252953,-0.41390968889904195,0.01626951981759725,1.239982976502001,2.8864452604908455,0.0005102949690067121,-2.0564754644977015,-1.878023926411764,-1.9534900824176233,-0.881204907094137,1.5708465576171875,0.3258218765258789,1
967,1788173931.5229144,-0.34189729131546837,-0.413926477014567,0.01627254253549626,1.2400066102811893,2.8864523725591,0.0004364018258260883,-2.0564635435687464,-1.878035847340719,-1.9534781614886683,-0.8811567465411585,1.5708345174789429,0.3258458375930786,1
968,1788173931.5626588,-0.34186942470183296,-0.4139315616487479,0.01625315938854821,1.2403226331376696,2.886279649071302,0.00039457524716523574,-2.056427780781881,-1.878035847340719,-1.9535496870623987,-0.8810613791095179,1.5708705186843872,0.3261098563671112,1
969,1788173931.602872,-0.3419085344488816,-0.41398051680828785,0.016300511178475197,1.2403567937996438,2.886311751569017,2.277545933000836e-05,-2.0564397017108362,-1.8780120054828089,-1.9535020033465784,-0.8808935324298304,1.5708465576171875,0.3261098563671112,1
970,1788173931.6432512,-0.34192199500457515,-0.4140177390187547,0.01632397882284467,1.240386131740466,2.886284594633976,-0.00018703533814451375,-2.0564397017108362,-1.8780120054828089,-1.953465763722555,-0.8807976881610315,1.5708705186843872,0.3261338472366333,1
971,1788173931.6843216,-0.3419242610111672,-0.4140296290318335,0.016324703815548874,1.240339746624352,2.886319527908129,-0.00022287586945990437,-2.056427780781881,-1.878023926411764,-1.9534538427936,-0.8807738463031214,1.5708585977554321,0.3261098563671112,1
972,1788173931.7263227,-0.34192748885777724,-0.4140298558702587,0.016317132040485294,1.2403275858588347,2.8863388915396873,-0.00024078250387909512,-2.056427780781881,-1.878035847340719,-1.953465763722555,-0.880737606679098,1.5708465576171875,0.32609787583351135,1
973,1788173931.7663002,-0.3419093802113943,-0.41400726510804026,0.016315851028554096,1.2403681650312766,2.8862902085842896,-0.00014895712231837731,-2.056427780781881,-1.8780000845538538,-1.9535020033465784,-0.8807976881610315,1.5708705186843872,0.3261338472366333,1
974,1788173931.8078501,-0.34191844173771013,-0.41402443392646293,0.016326274736442326,1.240318511952014,2.886317784686838,-0.000261698588855183,-2.056427780781881,-1.8780000845538538,-1.9534900824176233,-0.880737606679098,1.5708705186843872,0.32609787583351135,1
975,1788173931.8459246,-0.34190549864730974,-0.4140150450598211,0.016314501284379918,1.2403093149006394,2.886343560540301,-0.00018329117377425264,-2.056403938923971,-1.8780000845538538,-1.9535139242755335,-0.8807619253741663,1.5708465576171875,0.3261098563671112,1
976,1788173931.8854072,-0.3419104882086629,-0.4140110717841789,0.016296828147881026,1.2403603931019498,2.8863195450862023,-0.0001459594916633645,-2.056415859852926,-1.878035847340719,-1.9535139242755335,-0.8807500044452112,1.5708465576171875,0.3261338472366333,1
977,1788173931.9244263,-0.34189180420152243,-0.414034098726275,0.016316576352643747,1.2402600471580714,2.886325669717771,-0.00018779256575263283,-2.0563796202289026,-1.8780120054828089,-1.9534900824176233,-0.8807738463031214,1.5708825588226318,0.3261098563671112,1
978,1788173931.9649367,-0.3419016134688035,-0.41403507632455316,0.016318833103883323,1.2402922988528513,2.8863529344483885,-0.00022062137531361813,-2.0563796202289026,-1.8780120054828089,-1.9534900824176233,-0.8807500044452112,1.5708465576171875,0.32612186670303345,1
979,1788173932.0077317,-0.34189566543790756,-0.4140414154408161,0.016320007518228874,1.2402958049056274,2.886313439789287,-0.0002445342049129386,-2.0563796202289026,-1.8780120054828089,-1.9534900824176233,-0.880737606679098,1.5708825588226318,0.3261338472366333,1
980,1788173932.0468047,-0.341899847238879,-0.4140451581429665,0.01631220733527733,1.2402577766833052,2.8863678099865537,-0.00022136800430805033,-2.0563676992999476,-1.878035847340719,-1.9534781614886683,-0.880737606679098,1.5708465576171875,0.3261098563671112,1
981,1788173932.087538,-0.3419060966013993,-0.414041863421039,0.016331010164391285,1.2403012066554708,2.886326247388822,-0.0002803612694188542,-2.0563915411578577,-1.8780000845538538,-1.9534781614886683,-0.880737606679098,1.5708705186843872,0.32612186670303345,1
982,1788173932.1270766,-0.34189958770419493,-0.41403712715311874,0.016325100663462988,1.2403052225956006,2.886335348681685,-0.00024079198459262278,-2.0563796202289026,-1.8780000845538538,-1.9534900824176233,-0.8807500044452112,1.5708585977554321,0.3261338472366333,1
983,1788173932.1681874,-0.34191038482802916,-0.41404580782405015,0.016323399475510758,1.2402978162885745,2.8863657730010304,-0.0002579407362326773,-2.0563796202289026,-1.878023926411764,-1.953465763722555,-0.880737606679098,1.5708345174789429,0.32612186670303345,1
984,1788173932.209182,-0.3419248498487483,-0.414065677819598,0.016181663481192682,1.240317002875263,2.8863630190923124,-0.0005954310637472014,-2.0563915411578577,-1.87823993364443,-1.953693691884176,-0.8800790945636194,1.5708465576171875,0.32612186670303345,1
985,1788173932.2507453,-0.34193274108051197,-0.4141233912791185,0.015750829139238726,1.2403155689929417,2.8863118586065792,-0.0008440799660373859,-2.0563796202289026,-1.878995720540182,-1.9540894667254847,-0.8787735144244593,1.5709065198898315,0.32614582777023315,1
986,1788173932.2909064,-0.34190841710224534,-0.4140941476604426,0.014981901213835469,1.2402605962005468,2.8863738111465116,-0.0005902139728892775,-2.0563438574420374,-1.880207363759176,-1.9548566977130335,-0.8769529501544397,1.5708585977554321,0.3261338472366333,1
987,1788173932.334047,-0.3418741211284403,-0.41398298067915984,0.013345271034807177,1.2402521072279142,2.886354835238979,5.712196482445721e-05,-2.0563796202289026,-1.8827746550189417,-1.95648700395693,-0.8731678167926233,1.5708465576171875,0.32609787583351135,1
988,1788173932.3748639,-0.3418426588931506,-0.4139426775774073,0.011593124134610694,1.2402923977704179,2.8863052157701072,0.00040279440019765626,-2.0563676992999476,-1.8856056372271937,-1.9581897894488733,-0.8688557783709925,1.5708585977554321,0.32614582777023315,1
989,1788173932.4167976,-0.3418589163827591,-0.41398102242179813,0.010270540569727593,1.2403050014208263,2.8863343398014703,1.680779961469867e-05,-2.0563557783709925,-1.8877885977374476,-1.9595444838153284,-0.8650706450091761,1.5708465576171875,0.326157808303833,1
990,1788173932.4565375,-0.34187897072569134,-0.4139921702552497,0.009320201891370061,1.240291939885972,2.8863520979538526,-0.0002027023131127683,-2.0563796202289026,-1.8893607298480433,-1.960503403340475,-0.8623994032489222,1.5708465576171875,0.32612186670303345,1
991,1788173932.497715,-0.3419080787746611,-0.41404143805236077,0.00879572012493482,1.240318768005616,2.8863668731848957,-0.0004408658890381667,-2.0563796202289026,-1.8902962843524378,-1.960959259663717,-0.8608549276935022,1.5708345174789429,0.3261338472366333,1
992,1788173932.5384402,-0.3419269983487707,-0.4140907190628513,0.008879226165363463,-1.2402719075801254,-2.886400721501743,0.0008164246457133865,-2.0563676992999476,-1.8901885191546839,-1.9609110991107386,-0.8607710043536585,1.5708345174789429,0.3261098563671112,1
993,1788173932.579165,-0.34191704127758726,-0.41406431071331407,0.008838554508258933,1.240299365167814,2.8863694014169923,-0.0005737784022840059,-2.0563796202289026,-1.8902486006366175,-1.9609110991107386,-0.8608668486224573,1.5708465576171875,0.32612186670303345,1
994,1788173932.6213317,-0.3419161651816456,-0.41407437123473767,0.008844360943648627,1.240342541512009,2.886326901693203,-0.0006141020675586396,-2.0563796202289026,-1.8902486006366175,-1.9608991781817835,-0.8608549276935022,1.5708705186843872,0.326157808303833,1
995,1788173932.6614769,-0.34192470333840996,-0.41405951085903653,0.00884240411141865,1.2403393473256903,2.8863673429595,-0.000609606274068454,-2.0563915411578577,-1.8902366797076624,-1.9609230200396937,-0.8608430067645472,1.5708345174789429,0.3261338472366333,1
996,1788173932.7013128,-0.3419304997427026,-0.41407638358213655,0.008858852952888657,1.2402834408318126,2.886380370076547,-0.0006484426288487581,-2.0563915411578577,-1.8902366797076624,-1.9608753363238733,-0.8608668486224573,1.5708465576171875,0.32609787583351135,1
997,1788173932.7420392,-0.34191232364988894,-0.4140746901800036,0.00884417300748061,1.2402762847162276,2.886363122946391,-0.0005185380769229084,-2.0563676992999476,-1.8902605215655726,-1.9608634153949183,-0.860938851033346,1.5708585977554321,0.32612186670303345,1
998,1788173932.7825308,-0.34172017190072934,-0.4141418909272013,0.008837590169049336,1.2403445831022022,2.886327477213311,-0.00040651659611694345,-2.0559847990619105,-1.8901527563678187,-1.9610188643084925,-0.8609626928912562,1.5708585977554321,0.32655367255210876,1
999,1788173932.8238466,-0.34140905704001556,-0.4143259027645821,0.008781770740475758,1.2402048333714686,2.886429213727047,-0.00021238074768026711,-2.055277172719137,-1.8901646772967737,-1.9611509482013147,-0.860938851033346,1.5708105564117432,0.3271539807319641,1
1000,1788173932.8608503,-0.3411820291172141,-0.414457237603115,0.00876652589308663,1.2399504467844802,2.8864552119892424,-0.00012713250670090645,-2.054809872304098,-1.8901289145099085,-1.9612348715411585,-0.8609507719623011,1.5708825588226318,0.3274659514427185,1
1001,1788173932.9007726,-0.3411844621424325,-0.4144559585060296,0.008766525672602415,1.2400076156118083,2.8864437155046336,-0.00012565223188329278,-2.054809872304098,-1.8901289145099085,-1.9612348715411585,-0.8609507719623011,1.5708705186843872,0.3275022804737091,1
1002,1788173932.9395773,-0.34119093585847643,-0.414427878509696,0.008748652754957176,1.2400573940045263,2.8864172618408044,-3.2316032165380074e-05,-2.054845635090963,-1.8901408354388636,-1.9612587133990687,-0.8609746138202112,1.5708705186843872,0.3275022804737091,1
1003,1788173932.9797256,-0.3411885284212696,-0.4144367635510622,0.008750909532347445,1.2400409238556551,2.886426365758207,-6.96505764980226e-05,-2.054833714162008,-1.8901408354388636,-1.9612587133990687,-0.8609507719623011,1.5708705186843872,0.3275022804737091,1
1004,1788173933.0208602,-0.34119100910550854,-0.41444909810013697,0.008771913402158077,1.2399943866647485,2.8864623754256113,-0.0001249371747218951,-2.054821793233053,-1.8901165167437952,-1.9612348715411585,-0.8609626928912562,1.5708585977554321,0.32747793197631836,1
1005,1788173933.060489,-0.3411839176733017,-0.414427993758123,0.008751922949509439,1.2395732459680335,2.8866283049304484,-8.908273749789518e-05,-2.054833714162008,-1.8901165167437952,-1.9612944761859339,-0.8609269301043909,1.5708705186843872,0.3271779716014862,1
1006,1788173933.1017582,-0.3411869496965381,-0.41443546982417345,0.008762863360344597,1.2381801444413212,2.8872541943488073,-0.00012350256952963146,-2.054821793233053,-1.8901045958148401,-1.9612825552569788,-0.8609269301043909,1.5708465576171875,0.32621774077415466,1
1007,1788173933.1462016,-0.341173619282114,-0.41440840588236066,0.00877558091303629,1.235292456269703,2.888459705557327,-3.1756738696592135e-05,-2.054833714162008,-1.8900449911700647,-1.9613068739520472,-0.8610227743731897,1.5708705186843872,0.32421374320983887,1
1008,1788173933.1869755,-0.3411741987600116,-0.4143685818997927,0.008789036583015497,1.2314922096697902,2.8900715732610966,0.00015322661342561788,-2.0548699537860315,-1.889996353779928,-1.9612944761859339,-0.8612020651446741,1.5708705186843872,0.32154950499534607,1
1009,1788173933.2291071,-0.34115166959975063,-0.4143064265510791,0.008940394866489315,1.2264278978931415,2.892228366473242,0.00030458061134331136,-2.0548818747149866,-1.889648739491598,-1.9612587133990687,-0.8616812864886683,1.5708585977554321,0.31803324818611145,1
1010,1788173933.2706668,-0.34118487348534676,-0.4142764658846778,0.009209711346024024,1.220276574284217,2.8948635627442894,0.00015678141455600776,-2.0549538771258753,-1.8891690413104456,-1.961078945790426,-0.8622444311725062,1.5708345174789429,0.31370094418525696,1
1011,1788173933.312455,-0.3411552235678701,-0.4142399875342602,0.009633438459566657,1.2108601725955195,2.898781025331019,0.000489108055028314,-2.054941479359762,-1.8884370962726038,-1.9606474081622522,-0.8636215368853968,1.5708465576171875,0.3072204887866974,1
1012,1788173933.3553867,-0.3411928001273305,-0.414278080266986,0.010106205918221783,1.2024447094293071,2.902304798313093,0.00031892505587828986,-2.0549657980548304,-1.8877289930926722,-1.9601200262652796,-0.8647473494159144,1.5708345174789429,0.3013879060745239,1
1013,1788173933.3961337,-0.3411971538704158,-0.4143351324689553,0.010651307839172036,1.1932547575047237,2.9060270919957842,0.00015435801103548183,-2.0549538771258753,-1.8869012037860315,-1.95952016512026,-0.8660767714129847,1.5709065198898315,0.2950875759124756,1
1014,1788173933.4405708,-0.3411868767513286,-0.41425926554848125,0.011059808261367127,1.1844033281633866,2.909682286827428,0.0005736895370402543,-2.0549777189837855,-1.886169735585348,-1.9591248671161097,-0.8674662748919886,1.5708465576171875,0.2889670133590698,1
1015,1788173933.4816408,-0.34118718958741573,-0.4142833641225762,0.011547866243807409,1.175759060919535,2.9131453568943244,0.0003943251003509229,-2.0549777189837855,-1.8853777090655726,-1.9586690107928675,-0.8686044851886194,1.570894479751587,0.28303855657577515,1
1016,1788173933.521913,-0.34119962858819375,-0.4143221802370634,0.011919909734662198,1.1700020822853687,2.9155021366032297,0.00018992830424995188,-2.0549538771258753,-1.8848016897784632,-1.9582975546466272,-0.8694189230548304,1.5708705186843872,0.2791021168231964,1
1017,1788173933.564186,-0.3411602279513701,-0.4142495035438771,0.012159203918665179,1.16536254700392,2.9173557162833688,0.0006040837443886357,-2.054941479359762,-1.8843219915973108,-1.9581058661090296,-0.8703530470477503,1.5708465576171875,0.27593380212783813,1
1018,1788173933.60555,-0.34116425018800617,-0.41424906202171957,0.01234326316980544,1.1615066796663505,2.9188809387901373,0.000583280156832022,-2.0549538771258753,-1.8840225378619593,-1.957926098500387,-0.8708203474627894,1.5708585977554321,0.2732815444469452,1
1019,1788173933.6462946,-0.3411967141235805,-0.41426451286363764,0.012467024371071889,1.1589383021707602,2.919921218302069,0.0004890696835520221,-2.0549896399127405,-1.8838656584369105,-1.9577582518206995,-0.8710835615741175,1.5708465576171875,0.2714816629886627,1
1020,1788173933.6873703,-0.3412017466218932,-0.41430099664172976,0.012528808504126882,1.1575950054456905,2.9204717872828123,0.00024548753887550386,-2.0549657980548304,-1.8837817350970667,-1.957722012196676,-0.8710477987872522,1.5708465576171875,0.27058133482933044,1
1021,1788173933.728042,-0.3411875717384041,-0.414319156982388,0.01252205001784884,1.157774345534837,2.9203622041920387,0.00023947175609128433,-2.054941479359762,-1.883806053792135,-1.9577096144305628,-0.8710358778582972,1.5708825588226318,0.27073749899864197,1
1022,1788173933.770549,-0.3412184710455504,-0.41430587957760284,0.01254198263954584,1.1579288302710387,2.920342250431983,0.00020751559153832808,-2.0549896399127405,-1.8837817350970667,-1.9576857725726526,-0.8710597197162073,1.5708465576171875,0.27078545093536377,1
1023,1788173933.8130717,-0.34121316299650184,-0.4143420686433381,0.01256193025361696,1.1578395069785978,2.9203716220632105,0.00011240951615630029,-2.0549538771258753,-1.8837817350970667,-1.9576380888568323,-0.8710477987872522,1.5708585977554321,0.2707614600658417,1
1024,1788173933.855108,-0.3412298418320255,-0.4143392506119024,0.01259047147948511,1.1579233245655898,2.920328370950821,7.31775431623131e-05,-2.0549896399127405,-1.8837459723102015,-1.9576018492328089,-0.8710959593402308,1.5708705186843872,0.27078545093536377,1
1025,1788173933.8931878,-0.34122589836320055,-0.4143124479609942,0.012562793889541374,1.1579957097327678,2.920306955104964,0.00014964698894706242,-2.0550015608416956,-1.8837578932391565,-1.9576619307147425,-0.8710716406451624,1.5708585977554321,0.27082139253616333,1
1026,1788173933.932928,-0.3412195732920068,-0.41435425767819695,0.0126220473686533,1.1579652971771657,2.9203313629127154,-1.8660360542414172e-05,-2.0549538771258753,-1.8836858908282679,-1.9576018492328089,-0.8710959593402308,1.5708585977554321,0.27084535360336304,1
1027,1788173933.9741035,-0.34124313865444045,-0.41413052471375017,0.012692910748983682,1.1580290114619531,2.9203414288870535,-0.0001449747920107789,-2.055181328450338,-1.8832305113421839,-1.958045784627096,-0.8710239569293421,1.5708345174789429,0.27065324783325195,1
1028,1788173934.0141897,-0.3412969449604666,-0.41323184659659135,0.012848096077358845,1.1583597063328945,2.9202082072053637,-0.0004685376990803901,-2.056080166493551,-1.8816106955157679,-1.9599164167987269,-0.8705685774432581,1.5708585977554321,0.26998138427734375,1
1029,1788173934.054621,-0.34127147959489035,-0.4119918746110925,0.012789889035119961,1.1584157936026618,2.9201498713268936,-0.00015342304500581366,-2.0571468512164515,-1.8798349539386194,-1.9625895659076136,-0.8698743025409144,1.5708705186843872,0.2689615786075592,1
1030,1788173934.0950289,-0.34125767512135163,-0.41120859642255053,0.012772516681441137,1.1581432819777415,2.9202849513914924,-0.00033981984217353473,-2.0578182379352015,-1.8786113897906702,-1.964435879384176,-0.8691309134112757,1.5708585977554321,0.2680972218513489,1
1031,1788173934.1365848,-0.34123050681008565,-0.41021540980216104,0.012790897802968215,1.1577793904565539,2.9204466261599102,-0.00039437408752464705,-2.0586569944964808,-1.8770158926593226,-1.9666655699359339,-0.8684604803668421,1.5708465576171875,0.26700517535209656,1
1032,1788173934.1790326,-0.3411820045846763,-0.41020208910129846,0.01277048511119594,1.1578220963946346,2.9203997692932977,-0.0003419347627958267,-2.0585973898517054,-1.8769801298724573,-1.9667733351336878,-0.8684247175799769,1.5708705186843872,0.2671010494232178,1
1033,1788173934.2182426,-0.34119300013033516,-0.41020372253800885,0.01279032571925881,1.157844856926298,2.9204063692510553,-0.00037784149386320247,-2.0586093107806605,-1.876955811177389,-1.9667494932757776,-0.868448559437887,1.5708585977554321,0.2671010494232178,1
1034,1788173934.257194,-0.3411862552988792,-0.4102159655948772,0.012798810152090973,1.157820114487988,2.9203947867335502,-0.00043781698812929296,-2.0585973898517054,-1.8769438902484339,-1.9667494932757776,-0.8684247175799769,1.5708825588226318,0.2671010494232178,1
1035,1788173934.2971778,-0.34119268645517753,-0.41020468556355716,0.012785443455345352,1.1577847152800504,2.920458782160027,-0.00041090187898073073,-2.0585973898517054,-1.876955811177389,-1.9667733351336878,-0.8684008757220667,1.5708345174789429,0.2670650780200958,1
1036,1788173934.3407443,-0.3411956909817125,-0.41020879404519917,0.012795024727352194,1.157775321708602,2.9204353530370226,-0.0003964541969826509,-2.0586093107806605,-1.876955811177389,-1.9667375723468226,-0.868448559437887,1.5708585977554321,0.26705309748649597,1
1037,1788173934.3816104,-0.34118386850773974,-0.4102056021795196,0.01279807880995859,1.1578060693880246,2.9204104109034437,-0.00039851362371240597,-2.0585973898517054,-1.8769319693194788,-1.9667614142047327,-0.868448559437887,1.5708705186843872,0.2670890688896179,1
1038,1788173934.4214268,-0.34120194541999055,-0.4102471513153692,0.012751115199897384,1.1580535892754569,2.92031783178453,-0.0003019009142661037,-2.0585854689227503,-1.8771122137652796,-1.9666417280780237,-0.868448559437887,1.5708585977554321,0.26726919412612915,1
1039,1788173934.4647677,-0.34099250619816496,-0.4106365409243026,0.012732773436740702,1.15824285880159,2.920279763437295,-0.0002778060186996767,-2.05786639848818,-1.8774717489825647,-1.9661858717547815,-0.8685563246356409,1.5708225965499878,0.26810920238494873,1
1040,1788173934.5034149,-0.34054412586604077,-0.4114414006142224,0.012648626438794497,1.1585391226274369,2.9200996927196634,3.6322413718242284e-05,-2.056403938923971,-1.8783357779132288,-1.9651673475848597,-0.8689158598529261,1.5708585977554321,0.2697892487049103,1
1041,1788173934.5466425,-0.33994614307353643,-0.4126068292746048,0.012643174337903268,1.158330980287042,2.920175476484547,0.00013036938333421512,-2.054354492818014,-1.8793914953814905,-1.9636567274676722,-0.8694308439837855,1.5708585977554321,0.2716977298259735,1
1042,1788173934.587294,-0.33919310594064483,-0.4139121008343638,0.012603290793201993,1.158415641628248,2.920070829529315,0.0004037206568894574,-2.0519450346576136,-1.8805673758136194,-1.9620497862445276,-0.8700416723834437,1.5709065198898315,0.2741818428039551,1
1043,1788173934.6297789,-0.3385984438792291,-0.41499573284979846,0.012566442965228714,1.1585869406901552,2.9200301393460486,0.0005790349687000309,-2.0499680677997034,-1.8815744558917444,-1.9606955687152308,-0.8704970518695276,1.5708705186843872,0.27626973390579224,1
1044,1788173934.669766,-0.33843642136916463,-0.4153794597683751,0.012643221721514997,1.1584743568936404,2.9201010699256673,0.0002043115748263196,-2.049356762562887,-1.8817666212665003,-1.9602397123919886,-0.8705208937274378,1.5708705186843872,0.2767977714538574,1
1045,1788173934.7127619,-0.3384474692787801,-0.41531874340054936,0.01262285014872172,1.158420659780117,2.920118425310518,0.00026093242551994145,-2.0494287649737757,-1.881730858479635,-1.9603474775897425,-0.8704851309405726,1.5708705186843872,0.27668991684913635,1
1046,1788173934.7540047,-0.3384635971466972,-0.41533794847035904,0.012651720569622743,1.158397563470064,2.9201622903317235,0.00013432042793985245,-2.0494287649737757,-1.881707016621725,-1.9603117148028772,-0.8704612890826624,1.5708465576171875,0.27666595578193665,1
1047,1788173934.7971976,-0.3384526775476907,-0.4153250550837128,0.012633805386094765,1.158434140835983,2.920154200644671,0.0002293774825710732,-2.0494163672076624,-1.88171893755068,-1.9603355566607874,-0.8704851309405726,1.5708345174789429,0.2767018973827362,1
1048,1788173934.8405457,-0.33845154663250077,-0.4153384788578566,0.012651074411630853,1.1583979388208319,2.9201121951544424,0.0001073564967105342,-2.0494287649737757,-1.8816946188556116,-1.9603355566607874,-0.8704374472247522,1.570894479751587,0.2766779363155365,1
1049,1788173934.881686,-0.3384535629362015,-0.41531691096067797,0.012639411720463262,1.1583168398118262,2.9201648310789157,0.00018566325302933636,-2.0494406859027308,-1.8816946188556116,-1.9603593985186976,-0.8704612890826624,1.5708705186843872,0.27660566568374634,1
1050,1788173934.9212039,-0.338569036233765,-0.41536524289178656,0.012666821070318995,1.1581116184974565,2.920311749967132,-1.16773536890991e-05,-2.049572769795553,-1.8818267027484339,-1.9601200262652796,-0.8704374472247522,1.5708225965499878,0.27631765604019165,1
1051,1788173934.9604504,-0.33858582804036275,-0.4153551652317367,0.012660246582639478,1.1580302455339826,2.920311890023762,7.765879811004398e-05,-2.0496204535113733,-1.8818624655352991,-1.960071865712301,-0.8705094496356409,1.5708465576171875,0.27622178196907043,1
1052,1788173935.0004075,-0.33859994974776025,-0.4153942415337507,0.012680750876891161,1.1579559407880549,2.920328731248911,-0.00011318490879550991,-2.0496204535113733,-1.8818743864642542,-1.9600241819964808,-0.8704255262957972,1.5708705186843872,0.276173859834671,1
1053,1788173935.0396864,-0.33859855530656563,-0.4154008674955597,0.012698342121642336,1.1579693356487082,2.920361999717828,-0.00010821005386070535,-2.049596611653463,-1.881850544606344,-1.9599998633014124,-0.8704732100116175,1.5708345174789429,0.2761978209018707,1
1054,1788173935.0783591,-0.3388365834777233,-0.4154422176836607,0.01271096875595562,1.1578633219292058,2.9204028859194353,-0.0002778058393217475,-2.0499680677997034,-1.8821623961078089,-1.9595444838153284,-0.8705094496356409,1.5708465576171875,0.27575403451919556,1
1055,1788173935.1182897,-0.3392599132511292,-0.4154852025024351,0.012689521449226221,1.1575163215848363,2.9205039960553982,5.699150349818046e-05,-2.0506508986102503,-1.8828585783587855,-1.9585493246661585,-0.8710239569293421,1.5708585977554321,0.27484211325645447,1
1056,1788173935.160689,-0.34001464906075657,-0.41600631639564456,0.012657834258702538,1.1574996252050918,2.9205158724208884,-1.759450201150792e-05,-2.0514662901507776,-1.8846457640277308,-1.9561036268817347,-0.8716347853290003,1.5708585977554321,0.27401405572891235,1
1057,1788173935.2018235,-0.3403763360940792,-0.41656356768341324,0.012681395141276974,1.1579050712598882,2.9203644011667342,-0.00014796920650869024,-2.0515859762774866,-1.8858936468707483,-1.9542573134051722,-0.8721497694598597,1.5708585977554321,0.2741698622703552,1
1058,1788173935.2433019,-0.3406439226937068,-0.4170063020502989,0.012663832312170331,1.1578094212301306,2.920378071961543,-0.00017123164853878213,-2.0516579786883753,-1.8869369665728968,-1.9528182188617151,-0.872533146535055,1.5708825588226318,0.27403804659843445,1
1059,1788173935.284165,-0.34159827145621674,-0.41713560085356677,0.012711082017658887,1.157944388110748,2.920371233592362,-0.00027647454650674044,-2.053131882344381,-1.8882330099688929,-1.9508164564715784,-0.8731678167926233,1.5708465576171875,0.27264562249183655,1
1060,1788173935.3262017,-0.34271412186960426,-0.4171690254198265,0.012738878753738359,1.1578118042706804,2.9204044019840065,-0.00018474490864231775,-2.0549777189837855,-1.889660660420553,-1.948646370564596,-0.8739703337298792,1.5708585977554321,0.27071353793144226,1
1061,1788173935.3676019,-0.3433969369475823,-0.41718873125382094,0.012681909621245213,1.1581332860998301,2.920301377364048,-0.00016139660319255554,-2.056092087422506,-1.890644375477926,-1.947411839162008,-0.8742335478412073,1.5708345174789429,0.269813597202301,1
1062,1788173935.4069045,-0.34336409823469427,-0.4172405521111493,0.012697374203011091,1.1580614965095624,2.920322523672476,-0.00023863706837884058,-2.0559967199908655,-1.890644375477926,-1.9473755995379847,-0.8742216269122522,1.5708465576171875,0.26986151933670044,1
1063,1788173935.448065,-0.34337376194635555,-0.4172183008069078,0.01269035594164411,1.1581298202215036,2.92029124492719,-0.00018204273140798874,-2.0560324827777308,-1.890644375477926,-1.9473875204669397,-0.8742459456073206,1.5708465576171875,0.2698735296726227,1
1064,1788173935.4905314,-0.34336980920927096,-0.41723196324439626,0.012689936584513978,1.1580823744268065,2.9203243692625316,-0.00019937211554964078,-2.0560086409198206,-1.8906562964068812,-1.9473755995379847,-0.8742335478412073,1.5708345174789429,0.26986151933670044,1
1065,1788173935.530424,-0.34338451028281985,-0.4172345897592157,0.01269078936914994,-1.158143273702415,-2.9203249071155004,0.00023330720378507533,-2.0560205618487757,-1.8906682173358362,-1.9473632017718714,-0.8742097059832972,1.5708105564117432,0.26988551020622253,1
1066,1788173935.5690405,-0.34337016401536324,-0.4172250032590001,0.01267589308368633,1.158146438056345,2.920281843274419,-0.00014406346412787285,-2.0560205618487757,-1.8906806151019495,-1.9473755995379847,-0.8742459456073206,1.5708465576171875,0.2698974907398224,1
1067,1788173935.609422,-0.3433691254601839,-0.417240655692091,0.012695970381452065,1.158083130323704,2.920275496755636,-0.0002454571892087548,-2.0560205618487757,-1.8906562964068812,-1.9473632017718714,-0.8742216269122522,1.5708825588226318,0.26986151933670044,1
1068,1788173935.650756,-0.34337359742170454,-0.4172315149352397,0.012673015204272914,1.1580948770116481,2.920305102481441,-0.00018204273328179142,-2.0560205618487757,-1.8906925360309046,-1.9473755995379847,-0.8742097059832972,1.5708465576171875,0.26986151933670044,1
1069,1788173935.694075,-0.343369818002553,-0.4172225494439191,0.012685221334646168,1.1581560407616656,2.92025527219011,-0.0001868298514121793,-2.0560324827777308,-1.8906562964068812,-1.9473875204669397,-0.8742335478412073,1.5708705186843872,0.2698974907398224,1
1070,1788173935.7351375,-0.34336309022100736,-0.417232746480864,0.012682454052270725,1.1581340222556367,2.920301074856135,-0.00016139249863750683,-2.0559967199908655,-1.8906682173358362,-1.9473755995379847,-0.8742459456073206,1.5708345174789429,0.26990947127342224,1
1071,1788173935.7741458,-0.3433721043708586,-0.4172192530314367,0.012606381287682544,1.1581699563356285,2.9202395751456773,-0.00022535061816749736,-2.056044403706686,-1.8907764593707483,-1.9474833647357386,-0.8739941755877894,1.5708825588226318,0.2698974907398224,1
1072,1788173935.8139606,-0.3433431557265763,-0.4171408386892635,0.011634247778416151,1.1581859252788214,2.92022874152608,0.0005370989392949815,-2.056044403706686,-1.8923361937152308,-1.948310677205221,-0.8720901648150843,1.5708345174789429,0.26990947127342224,1
1073,1788173935.8549376,-0.34335361522577007,-0.41720714304909895,0.010237204541425182,1.158133875729336,2.92024987906491,0.0003548613286790594,-2.0560086409198206,-1.8946993986712855,-1.9495814482318323,-0.8683407942401331,1.5708465576171875,0.26990947127342224,1
1074,1788173935.8940637,-0.34338823771654636,-0.4172516476029573,0.008808907180286124,1.158105436930358,2.9202809303482056,-8.801331421572241e-05,-2.0560324827777308,-1.8970745245562952,-1.950996224080221,-0.8642686049090784,1.5708585977554321,0.26986151933670044,1
1075,1788173935.9345005,-0.3433468241998528,-0.4172254118176559,0.006778741069568717,1.158090036089826,2.9202411770572736,0.00018123548665529952,-2.0559967199908655,-1.9003856817828577,-1.9529264608966272,-0.8592022101031702,1.5708825588226318,0.2698974907398224,1
1076,1788173935.9722438,-0.34338480718146525,-0.41724514156156806,0.005784000235517672,1.1581433706308755,2.920274369732192,-0.0002026908281023158,-2.0560324827777308,-1.902041260396139,-1.9539335409747522,-0.8562911192523401,1.5708585977554321,0.26988551020622253,1
1077,1788173936.0118263,-0.3434006485165915,-0.41728691317016553,0.005462476025568291,1.158137374299342,2.920259269152472,-0.00031694435586770775,-2.0560324827777308,-1.9026411215411585,-1.9541614691363733,-0.8553927580462855,1.5708825588226318,0.26988551020622253,1
1078,1788173936.052711,-0.34340421190154513,-0.4173089993016574,0.005516214421933646,1.1581156027392747,2.920305962930004,-0.000481197797626287,-2.0560086409198206,-1.9025571982013147,-1.9541376272784632,-0.8553927580462855,1.5708585977554321,0.26988551020622253,1
1079,1788173936.0910325,-0.34341676114230757,-0.4173269068089711,0.005523927060008205,1.158139883007232,2.9203161376429607,-0.0005729972589966287,-2.0560086409198206,-1.9025691191302698,-1.9541133085833948,-0.8553450743304651,1.5708465576171875,0.2698974907398224,1
1080,1788173936.1315937,-0.3434216225968489,-0.4173420207606695,0.005543087863592838,1.1581368778305003,2.9203085739399883,-0.0006308783946732397,-2.0560086409198206,-1.9025571982013147,-1.9540775457965296,-0.8553569952594202,1.5708585977554321,0.2698974907398224,1
1081,1788173936.1749327,-0.3434054858661411,-0.41731725079834103,0.005501801692824965,1.1581466865837413,2.92028225623387,-0.0005018242347216744,-2.0560086409198206,-1.90259296098818,-1.9541376272784632,-0.8553450743304651,1.5708705186843872,0.26990947127342224,1
1082,1788173936.2154489,-0.34340271540781336,-0.4173178899175415,0.005513292496769018,1.1581252485756754,2.920279257171361,-0.0005224716663173416,-2.0560086409198206,-1.9025691191302698,-1.9541376272784632,-0.8553569952594202,1.5708825588226318,0.2698974907398224,1
1083,1788173936.255935,-0.3433929682733122,-0.4173129320828363,0.005512684355427622,1.1580894083511704,2.920290720993381,-0.0004852379881913165,-2.0559967199908655,-1.9025571982013147,-1.9541495482074183,-0.8553808371173304,1.5708825588226318,0.26988551020622253,1
1084,1788173936.295407,-0.3434175528665627,-0.41730898577987,0.0055156931023301325,1.1581947901917697,2.920301684542135,-0.0004957539706472621,-2.0560205618487757,-1.9025691191302698,-1.954125706349508,-0.8553808371173304,1.5708345174789429,0.2699214518070221,1
1085,1788173936.3362134,-0.3433923408018781,-0.4173000128142549,0.005519612727525575,1.158131750452439,2.920295373490847,-0.0004246013985882827,-2.0559967199908655,-1.9025333563434046,-1.9541495482074183,-0.855440918599264,1.5708585977554321,0.26990947127342224,1
1086,1788173936.376469,-0.34340425633409877,-0.4172896615401852,0.005513302960754307,1.1581530159972093,2.9202984474446216,-0.00040395474634355433,-2.0560205618487757,-1.9025452772723597,-1.9541495482074183,-0.855440918599264,1.5708465576171875,0.2698974907398224,1
1087,1788173936.4171765,-0.3433927864974939,-0.41726027441115404,0.005500840876205865,1.1581433140781572,2.920274226937098,-0.0002004568311399638,-2.0560324827777308,-1.9025452772723597,-1.9541495482074183,-0.855572525654928,1.5708585977554321,0.26988551020622253,1
1088,1788173936.457688,-0.3433765350707756,-0.417237086379046,0.005492289160504954,1.1585640288891907,2.92010776394768,-3.0118300283376495e-05,-2.0560205618487757,-1.9025333563434046,-1.9541614691363733,-0.8556802908526819,1.5708465576171875,0.2701854705810547,1
1089,1788173936.497069,-0.3433601939345623,-0.41721198785228486,0.005464903217528877,1.1587313035508773,2.9200188262369036,9.892125720927377e-05,-2.0560205618487757,-1.9025452772723597,-1.9542096296893519,-0.8557041327105921,1.5708585977554321,0.270305335521698,1
1090,1788173936.5395553,-0.3433552724888449,-0.41722970630852446,0.005483745862652378,1.158663389273984,2.9200513890185524,2.2964221975186312e-05,-2.0559967199908655,-1.9025209585772913,-1.9541972319232386,-0.855692211781637,1.5708585977554321,0.2702813446521759,1
1091,1788173936.5791476,-0.3433504646337779,-0.4172205873748056,0.005467446647279384,1.1586609957336185,2.920045348809924,0.00011753813098810288,-2.0559967199908655,-1.9025452772723597,-1.9541972319232386,-0.8557284514056605,1.5708585977554321,0.2702813446521759,1
1092,1788173936.619367,-0.3433555276695707,-0.41721077022882996,0.0054689102368219444,1.1587353153401516,2.9200286826361936,0.00012031275459277388,-2.0560086409198206,-1.9025333563434046,-1.9542096296893519,-0.8557284514056605,1.5708465576171875,0.27031731605529785,1
1093,1788173936.6606543,-0.34335364413762076,-0.4172459803178082,0.005465925797580901,1.1586756798604565,2.920030955135617,5.893646015258379e-05,-2.0559847990619105,-1.902581040059225,-1.9541614691363733,-0.855692211781637,1.5708705186843872,0.270305335521698,1
1094,1788173936.7015052,-0.34337288697217105,-0.41719901969164047,0.005453701144388756,1.1587294081642374,2.9200654574403107,0.00018148412295634176,-2.0560324827777308,-1.9025691191302698,-1.9541972319232386,-0.8557403723346155,1.5708105564117432,0.2702813446521759,1
1095,1788173936.7406185,-0.34336018087513687,-0.417198437535316,0.005445137217199164,1.158727872551118,2.920010549757071,0.00022923762882268584,-2.0560324827777308,-1.902581040059225,-1.9541972319232386,-0.8557642141925257,1.5708585977554321,0.27029332518577576,1
1096,1788173936.7786312,-0.3433032057425918,-0.417115634705567,0.005566500479636638,1.1586898500686615,2.919965435383273,0.0006921000739319408,-2.0560205618487757,-1.90226918855776,-1.9541495482074183,-0.8564227263080042,1.5708825588226318,0.27029332518577576,1
1097,1788173936.818369,-0.3432946026073885,-0.41709521858558085,0.0065227159657497424,1.1587047411420732,2.92000261991462,0.000636368352961435,-2.0560086409198206,-1.9006255308734339,-1.953346077595846,-0.8588302771197718,1.5708465576171875,0.270305335521698,1
1098,1788173936.8589323,-0.3433238842978069,-0.4171624836957624,0.008243552346429622,1.1586545583193901,2.920029369168849,0.000193718182547297,-2.0560086409198206,-1.8978422323810022,-1.9517157713519495,-0.8629630247699183,1.5708705186843872,0.27026936411857605,1
1099,1788173936.8969293,-0.34333645730694257,-0.4171881262828379,0.010800358702405172,1.1586628639715826,2.9200500523524613,0.00022009823921749545,-2.0559967199908655,-1.8937032858477991,-1.9491737524615687,-0.8696582953082483,1.5708465576171875,0.2702813446521759,1
1100,1788173936.9367616,-0.3433802171752875,-0.41721467873881685,0.014044212004535012,1.1587323169703396,2.920020256005129,-0.00010043037909670773,-2.056056801472799,-1.888472859059469,-1.9460089842425745,-0.8778508345233362,1.5708705186843872,0.27026936411857605,1
1101,1788173936.975295,-0.34336441958713537,-0.4172317306991516,0.016433408363800223,1.1586530726060973,2.92002588936657,7.254028793294491e-05,-2.0560205618487757,-1.8846700827227991,-1.9435394446002405,-0.8842352072345179,1.5708825588226318,0.2702573835849762,1
1102,1788173937.0131292,-0.3433621459808667,-0.4172021643717477,0.017845203540478943,1.1586931715099824,2.9200251441736294,0.00021806611411891427,-2.0560324827777308,-1.8823908011065882,-1.9421246687518519,-0.8880198637591761,1.5708585977554321,0.27026936411857605,1
1103,1788173937.0511062,-0.3433499205020875,-0.4171789786334432,0.018793479671217833,1.158672490303728,2.9200240364200973,0.00034391413391584105,-2.0560324827777308,-1.880854908620016,-1.9411776701556605,-0.8905833403216761,1.5708585977554321,0.2702573835849762,1
1104,1788173937.0913723,-0.3433103654619263,-0.4171039621199413,0.01890497215362924,1.1587111903440568,2.9199684545381284,0.0008867720493543688,-2.0560324827777308,-1.8806150595294397,-1.9410460630999964,-0.8913024107562464,1.5708585977554321,0.27029332518577576,1
1105,1788173937.1325161,-0.3433260827031503,-0.41713377001905444,0.01839810610554582,1.1586851860271736,2.9200049931850773,0.0005330592275727405,-2.0560324827777308,-1.8814190069781702,-1.9416330496417444,-0.8896849791156214,1.5708585977554321,0.27026936411857605,1
1106,1788173937.173455,-0.3433305205348621,-0.41716923483551693,0.017128507285631728,1.1586913283597327,2.9200199848019777,0.00029774875270999305,-2.0560086409198206,-1.883458439503805,-1.9429400602923792,-0.8861878553973597,1.5708585977554321,0.27029332518577576,1
1107,1788173937.215869,-0.3433802753068931,-0.41722476009947645,0.015051134688395862,1.158623628920825,2.920105029029557,-0.00013681221677117118,-2.0560324827777308,-1.8868535200702112,-1.9450138250934046,-0.8804381529437464,1.5708345174789429,0.2702094614505768,1
1108,1788173937.2579193,-0.3433218520885433,-0.41713927006946583,0.011422263827200296,1.1583565113427372,2.920147775168842,0.00036549616036334086,-2.0560205618487757,-1.8926237265216272,-1.948634449635641,-0.8713715712176722,1.5708585977554321,0.27005326747894287,1
1109,1788173937.2980244,-0.34332052959001863,-0.41715432563573734,0.008197039437466774,1.158357123524835,2.920098117572742,0.000508370510495987,-2.0560205618487757,-1.8979623953448694,-1.9516318480121058,-0.8631308714496058,1.570894479751587,0.2700652778148651,1
1110,1788173937.3415391,-0.34334926418404865,-0.4172006875962999,0.005317027711462197,1.158358718946143,2.9202037701474803,0.00012359868882104962,-2.0559967199908655,-1.9027608076678675,-1.9543889204608362,-0.855321232472555,1.5708225965499878,0.2700652778148651,1
1111,1788173937.3817515,-0.3433924025014556,-0.41727307347463616,0.003193902342173066,1.1584036912507585,2.920164552962591,-0.0001140667456703233,-2.0560205618487757,-1.9064319769488733,-1.9562233130084437,-0.8496673742877405,1.5708585977554321,0.27007725834846497,1
1112,1788173937.4228776,-0.34336808845028155,-0.41722516269337767,0.0018371849747942093,1.1583908612904574,2.9201324494196057,3.827118208668293e-05,-2.0560324827777308,-1.9086392561541956,-1.9575422445880335,-0.8462412993060511,1.5708825588226318,0.2700652778148651,1
1113,1788173937.4648955,-0.3433829491297947,-0.41720457698538377,0.001313675614419918,1.158470074900223,2.920177763037422,5.4140140833753297e-05,-2.056044403706686,-1.9095032850848597,-1.958045784627096,-0.8448761145221155,1.5708105564117432,0.27008959650993347,1
1114,1788173937.5065572,-0.34339259622156787,-0.4172599135528376,0.0013980936900577778,1.1584426346516736,2.92015939485834,-0.0002533210626252797,-2.0560324827777308,-1.9094074408160608,-1.9579618612872522,-0.8448641935931605,1.5708585977554321,0.27008959650993347,1
1115,1788173937.547973,-0.34338736424153987,-0.4172635180910186,0.0014252658175242794,1.1584446662451107,2.920164141546743,-0.00032853289084822215,-2.0560205618487757,-1.9093473593341272,-1.9579737822162073,-0.8448641935931605,1.5708585977554321,0.2701016068458557,1
1116,1788173937.589109,-0.34338141397670224,-0.4172715955924135,0.0014133336250772566,1.1583859262923493,2.920170569245846,-0.0002746915907996022,-2.0560086409198206,-1.9093831221209925,-1.9579499403582972,-0.8448880354510706,1.5708705186843872,0.27007725834846497,1
1117,1788173937.629579,-0.34339027971956204,-0.41724962692735496,0.001397771400373532,1.158428112559192,2.9201753390645018,-0.00021480250720489388,-2.0560324827777308,-1.9093950430499476,-1.9579737822162073,-0.8448880354510706,1.5708465576171875,0.27007725834846497,1
1118,1788173937.6697605,-0.34337224667553756,-0.4172812642892241,0.0014081531147092652,1.1583160860989647,2.9201982728029376,-0.00027469159556655183,-2.0559847990619105,-1.9093950430499476,-1.9579499403582972,-0.8448761145221155,1.5708705186843872,0.27005326747894287,1
1119,1788173937.7087736,-0.34338461842144724,-0.417277673203842,0.0014242694562470737,1.1583693753551847,2.9201798859305157,-0.0003119259274123224,-2.0560086409198206,-1.9093712011920374,-1.957938019429342,-0.8448880354510706,1.5708705186843872,0.2700652778148651,1
1120,1788173937.7462234,-0.3433981365648989,-0.41726452750996257,0.0014231402944596128,1.1584299965319018,2.920180093315548,-0.00028927052157405787,-2.0560324827777308,-1.9093712011920374,-1.957938019429342,-0.8448999563800257,1.5708465576171875,0.27007725834846497,1
1121,1788173937.7855327,-0.34337214467978033,-0.41726170735627693,0.0014029519913702215,1.1583714795865565,2.920184923875667,-0.0002168309939063386,-2.0559967199908655,-1.9093831221209925,-1.9579737822162073,-0.8448999563800257,1.5708585977554321,0.27007725834846497,1
1122,1788173937.8235571,-0.34338690079674405,-0.41724911212496657,0.0014167653504930655,1.158459228546179,2.9201500601437895,-0.00021608675178619712,-2.0560324827777308,-1.9093592802630823,-1.9579618612872522,-0.8449361960040491,1.5708585977554321,0.2701016068458557,1
1123,1788173937.8618212,-0.3433729947705439,-0.4172421006029181,0.0014087534056951012,1.1583649892609387,2.920169192691368,-0.00014363079038589416,-2.0560205618487757,-1.9093592802630823,-1.9579737822162073,-0.8449719587909144,1.5708705186843872,0.27005326747894287,1
1124,1788173937.903523,-0.34338141821004187,-0.4172639696888152,0.00141107636482532,1.1584159896981763,2.9201430146882354,-0.00023948729661394795,-2.0560205618487757,-1.9093831221209925,-1.9579499403582972,-0.8449118773089808,1.5708825588226318,0.27008959650993347,1
1125,1788173937.944423,-0.3433813356150134,-0.417238557704385,0.0014059419516498084,1.1584038307249576,2.9201651592066957,-0.00012300384698187464,-2.0560324827777308,-1.9093712011920374,-1.9579618612872522,-0.8449838797198694,1.5708585977554321,0.2700652778148651,1
1126,1788173937.9853063,-0.3433664258483754,-0.41723733354948334,0.0013875696542177685,1.1583321056863543,2.9201881047835565,-4.853671184620566e-05,-2.0560086409198206,-1.9093950430499476,-1.9579737822162073,-0.8449958006488245,1.5708585977554321,0.270041286945343,1
1127,1788173938.0234764,-0.34338224681422785,-0.4172420255797003,0.0014193584516639657,1.1583417897846682,2.9202127732713743,-8.170996389743614e-05,-2.0560205618487757,-1.9093592802630823,-1.957926098500387,-0.8450554052935999,1.5708345174789429,0.27002930641174316,1
1128,1788173938.0631442,-0.3433670919691983,-0.4172385969270228,0.0013962477098800608,1.1583495983034318,2.92018116584239,-4.8536154473758706e-05,-2.0560086409198206,-1.9093831221209925,-1.9579618612872522,-0.8450196425067347,1.5708585977554321,0.27005326747894287,1
1129,1788173938.1026855,-0.3433709708836631,-0.41724006012699966,0.0013997452115417364,1.1583715484752635,2.920185336547508,-4.650523561971167e-05,-2.0560086409198206,-1.9093831221209925,-1.9579499403582972,-0.8450315634356897,1.5708465576171875,0.2700652778148651,1
1130,1788173938.1428447,-0.3433658422137722,-0.41723442880879286,0.0014089783671776546,1.1583752843217405,2.9201439716083795,-3.396032000047998e-05,-2.0560205618487757,-1.9093592802630823,-1.9579499403582972,-0.845067326222555,1.5708825588226318,0.2700652778148651,1
1131,1788173938.1814706,-0.34336884528723033,-0.41724955572726136,0.0014059417970288535,1.1583735204233485,2.9201900589024,-0.00012097196336912024,-2.0559967199908655,-1.9093712011920374,-1.9579618612872522,-0.8449838797198694,1.5708465576171875,0.27007725834846497,1
1132,1788173938.219217,-0.3433634506397525,-0.417225797088008,0.0013788645316608894,1.1583861932171284,2.9201712105170152,6.594076949408099e-05,-2.0560086409198206,-1.9094074408160608,-1.9579618612872522,-0.845067326222555,1.5708465576171875,0.27007725834846497,1
1133,1788173938.2593982,-0.3433806287059186,-0.41722543033012643,0.001395873294943839,1.1583908605742324,2.9201836134051526,4.935304191922581e-05,-2.0560324827777308,-1.9093950430499476,-1.957926098500387,-0.8451035658465784,1.5708345174789429,0.27005326747894287,0
1134,1788173938.2976894,-0.34336905512573895,-0.4172346288128337,0.0014037976762695803,1.1583796983601273,2.920155098619989,-3.192980769949319e-05,-2.0560205618487757,-1.9093712011920374,-1.9579499403582972,-0.8450554052935999,1.5708705186843872,0.2700652778148651,0
1135,1788173938.3354173,-0.3433694080735469,-0.41723709607132026,0.0014101061723617858,1.1583715484721735,2.9201853365487334,-4.650523561973019e-05,-2.0560086409198206,-1.9093592802630823,-1.9579499403582972,-0.8450554052935999,1.5708465576171875,0.2700652778148651,0
1136,1788173938.3739874,-0.3433806005610852,-0.41723716366755004,0.0014119213540992326,1.1584019456339227,2.920160400855224,-4.8536707020659545e-05,-2.0560324827777308,-1.9093712011920374,-1.957926098500387,-0.845067326222555,1.5708585977554321,0.2700652778148651,0
1137,1788173938.4144213,-0.3433791531296401,-0.4172344185999185,0.0014084235868318529,1.1583844096293117,2.9201673573724745,-4.853726183417937e-05,-2.0560324827777308,-1.9093712011920374,-1.957938019429342,-0.8450554052935999,1.5708585977554321,0.27005326747894287,0
1138,1788173938.4538996,-0.3433613523719294,-0.4172470732694121,0.0014175437924281165,1.1583818076568837,2.920158390315697,-8.777732980561241e-05,-2.0559967199908655,-1.9093473593341272,-1.9579499403582972,-0.8450434843646448,1.5708705186843872,0.27008959650993347,0
1139,1788173938.4929082,-0.3433779082326209,-0.41722616428358245,0.0014066084420888136,1.158406359845356,2.9201715278018785,-4.650612044794026e-05,-2.0560324827777308,-1.9093592802630823,-1.9579618612872522,-0.8450434843646448,1.5708465576171875,0.2700652778148651,0
1140,1788173938.5318658,-0.34336973321162806,-0.41721655363497007,0.0013934172377182419,1.1584000598919975,2.92015564086542,2.593019220311727e-05,-2.0560324827777308,-1.9093712011920374,-1.9579737822162073,-0.845067326222555,1.5708585977554321,0.2700652778148651,0
1141,1788173938.5726712,-0.34336218910760263,-0.41723693112439203,0.0013963602109164641,1.1583527284564579,2.9201886715815104,9.345719649740098e-06,-2.0559967199908655,-1.9093831221209925,-1.9579499403582972,-0.845067326222555,1.5708465576171875,0.2700652778148651,0
1142,1788173938.612291,-0.34335770314115965,-0.4172419497235186,0.0014026690024111499,1.158335794202439,2.920196765651405,-9.270634826059793e-06,-2.0559847990619105,-1.9093712011920374,-1.9579499403582972,-0.845067326222555,1.5708465576171875,0.2700652778148651,0
1143,1788173938.6527357,-0.3433573501711011,-0.4172394823991468,0.0013963605512330723,1.1583264086541434,2.9201734834518644,5.30421994421697e-06,-2.0559967199908655,-1.9093831221209925,-1.9579499403582972,-0.845067326222555,1.5708705186843872,0.27005326747894287,0
1144,1788173938.69168,-0.3433667030588728,-0.4172184393370937,0.0013871084304811765,1.1583865965256315,2.9201724824468855,4.657831148522392e-05,-2.0560205618487757,-1.9093831221209925,-1.9579737822162073,-0.845067326222555,1.5708465576171875,0.2700652778148651,0
1145,1788173938.7307737,-0.34338380553138936,-0.41722382243539374,0.0013881161676610743,1.1584393528530836,2.920152876340407,2.8705728262053063e-05,-2.056044403706686,-1.9094074408160608,-1.957938019429342,-0.845067326222555,1.5708465576171875,0.27007725834846497,0
1146,1788173938.7688277,-0.3433650529246593,-0.4172212032417193,0.0013819281487264523,1.158364646784042,2.920168311383221,4.4546872272062275e-05,-2.0560205618487757,-1.9093950430499476,-1.9579737822162073,-0.8450554052935999,1.5708585977554321,0.27005326747894287,0
1147,1788173938.8075578,-0.3433651468879937,-0.4172154879588053,0.0013834258168953228,1.1584220851021707,2.920158349738506,4.73240146544176e-05,-2.0560205618487757,-1.9093831221209925,-1.9579861799823206,-0.8450554052935999,1.5708465576171875,0.27008959650993347,0
1148,1788173938.8461072,-0.3433814653094019,-0.41724054340546635,0.0014245389761020077,1.1583943113231363,2.9201919383355492,-8.170903667987112e-05,-2.0560205618487757,-1.9093473593341272,-1.957926098500387,-0.845067326222555,1.5708345174789429,0.2700652778148651,0
1149,1788173938.8862689,-0.34336752418258737,-0.41722942710565186,0.0013865535477025903,1.1583829469245122,2.9202138141336698,3.403424979082908e-05,-2.0559967199908655,-1.9093950430499476,-1.9579618612872522,-0.8450554052935999,1.5708105564117432,0.27007725834846497,0
1150,1788173938.9249225,-0.34337114897861276,-0.41724039790529965,0.0014021145388346812,1.1583885696818927,2.9201772077566175,-2.788793534313391e-05,-2.0560086409198206,-1.9093831221209925,-1.957938019429342,-0.8450554052935999,1.5708465576171875,0.27007725834846497,0
1151,1788173938.9653265,-0.34335075456296876,-0.4172328664375795,0.001388237227493233,1.1583390599015693,2.920154210306796,2.1891101170769398e-05,-2.0559967199908655,-1.9093831221209925,-1.9579737822162073,-0.8450554052935999,1.5708825588226318,0.2700652778148651,0
1152,1788173939.0048375,-0.3433467171569852,-0.4172310441974913,0.0013831248868347301,1.1582982290689354,2.920153468867625,7.647291795409568e-05,-2.0559967199908655,-1.9093950430499476,-1.9579618612872522,-0.8450916449176233,1.570894479751587,0.270041286945343,0
1153,1788173939.043337,-0.34333088366894143,-0.41716582575276007,0.0015292570884772039,1.1583652523126984,2.9201691877199933,0.0005555064792563033,-2.0559967199908655,-1.9091070334063929,-1.9577940146075647,-0.8458464781390589,1.5708225965499878,0.27007725834846497,0
1154,1788173939.0804753,-0.34334284933083775,-0.4171849278346316,0.002569034196523573,1.1584234036037602,2.9201104811395986,0.00033668031357923805,-2.0560205618487757,-1.907368008290426,-1.9568708578692835,-0.8483737150775355,1.5708705186843872,0.2701016068458557,0
1155,1788173939.118196,-0.3433298821330568,-0.4171756553243466,0.004211995055923651,1.158323221775196,2.9201654174741534,0.00048146249158930994,-2.0559967199908655,-1.9046085516559046,-1.9553363958941858,-0.852757755910055,1.5708465576171875,0.27005326747894287,0
1156,1788173939.1595433,-0.3433346811650851,-0.4171964866823414,0.006789043666263761,1.158305370637899,2.9201714697615073,0.00014530030582444835,-2.0559967199908655,-1.900301758443014,-1.953022305165426,-0.8591659704791468,1.5708705186843872,0.270041286945343,0
1157,1788173939.1989975,-0.3433890686026797,-0.41726849098092167,0.010012125259700883,1.1584372784689865,2.920196291277559,-0.0003713899281629336,-2.0560086409198206,-1.8950713316546839,-1.9499409834491175,-0.8671429792987269,1.5708345174789429,0.2701016068458557,0
1158,1788173939.2390852,-0.3433530086280038,-0.41723714165895,0.013183587051566165,1.158321712318173,2.9201616422468555,1.4443634775534064e-05,-2.0559967199908655,-1.889888111745016,-1.9468000570880335,-0.8757193724261683,1.5708825588226318,0.27005326747894287,0
1159,1788173939.2789307,-0.3434136616501865,-0.4172998643338458,0.01646738672707962,1.1583770143737835,2.9201997850692325,-0.0004476840109754732,-2.0560324827777308,-1.8846820036517542,-1.9435151259051722,-0.8839119116412562,1.5708585977554321,0.270041286945343,0
1160,1788173939.318965,-0.3433548808834669,-0.4172347989574801,0.019586174614487528,1.1583227313791367,2.9201641982458617,0.00015051373498278908,-2.0559967199908655,-1.8796551863299769,-1.9403265158282679,-0.8925116697894495,1.5708705186843872,0.27005326747894287,0
1161,1788173939.3606706,-0.34336645653095654,-0.4172626479426657,0.02282289650320407,1.1582899494276941,2.9201836580916187,-0.00011289564226652578,-2.0559967199908655,-1.8745687643634241,-1.9370291868792933,-0.9007280508624476,1.5708825588226318,0.27002930641174316,0
1162,1788173939.4027746,-0.3433689376551681,-0.41723440601152184,0.025983616646505447,1.15834144525675,2.920160851904681,9.540640970918409e-05,-2.0560205618487757,-1.8696497122394007,-1.9336722532855433,-0.9091361204730433,1.5708705186843872,0.270041286945343,0
1163,1788173939.4464507,-0.3433382964806536,-0.41719924664900665,0.029144527408757614,1.1583118154189862,2.9201874573057953,0.00042094399735146916,-2.0559847990619105,-1.8647554556476038,-1.930279556904928,-0.9176276365863245,1.5708345174789429,0.27005326747894287,0
1164,1788173939.487141,-0.34337534555366156,-0.41724246357251976,0.03305082918990132,1.1583424423077329,2.9202141655472746,-0.00010404967214680836,-2.0560086409198206,-1.8588412443744105,-1.9261077086078089,-0.9273775259601038,1.5708345174789429,0.270041286945343,0
1165,1788173939.529637,-0.3433390999956459,-0.417177816964188,0.03621086642996102,1.1582832668285736,2.920167273085479,0.00032029055179588317,-2.0560205618487757,-1.8540542761432093,-1.9225948492633265,-0.9359529654132288,1.5708705186843872,0.27000534534454346,0
1166,1788173939.5724542,-0.3433778126271533,-0.4172142545858258,0.03951298087319355,1.1583986271180717,2.9202031977685765,-8.26778901888678e-05,-2.0560324827777308,-1.8491957823382776,-1.9189141432391565,-0.9442289511310022,1.5708225965499878,0.27005326747894287,0
1167,1788173939.6168313,-0.3433584196867418,-0.4172027293699724,0.043282930672014996,1.158399937410154,2.9201550662823865,0.00021040583932888828,-2.0560205618487757,-1.8437255064593714,-1.914490048085348,-0.9543135801898401,1.5708465576171875,0.27007725834846497,0
1168,1788173939.659088,-0.3433824495645123,-0.41724067030046347,0.0465271882227509,1.1584048860873353,2.920167823165706,-0.0001647055541505928,-2.0560324827777308,-1.8390830198871058,-1.9107382933246058,-0.9624689261065882,1.5708585977554321,0.2700652778148651,0
1169,1788173939.6997972,-0.34339308692774734,-0.41728789944328043,0.04975856084609118,1.1583595996676057,2.9202064127068805,-0.00044395970085868257,-2.0560086409198206,-1.834536377583639,-1.9069016615497034,-0.9706733862506312,1.5708585977554321,0.27005326747894287,0
1170,1788173939.739253,-0.34335826269377084,-0.41722768640202196,0.05290765255428029,1.158342928064751,2.9201643416955982,4.030279762485815e-05,-2.0560086409198206,-1.830097500477926,-1.903053108845846,-0.9792721907245081,1.5708705186843872,0.27005326747894287,0
1171,1788173939.7805393,-0.3433814154125234,-0.4172562723884307,0.056181818255889054,1.1583968672593172,2.920147643645426,-0.0003740503087502182,-2.0560324827777308,-1.8255747000323694,-1.899121109639303,-0.9874642531024378,1.570894479751587,0.2700652778148651,0
1172,1788173939.820416,-0.34338320994848737,-0.4172632729468744,0.059337345742062564,1.1583421927436373,2.9202135492944077,-0.0002706538038214205,-2.0560086409198206,-1.8213160673724573,-1.8951290289508265,-0.9957760016070765,1.5708465576171875,0.270041286945343,0
1173,1788173939.8628209,-0.34337760988101934,-0.41727207303452035,0.06252466793023842,1.1583199005045668,2.920208137262067,-0.0002540661867727858,-2.0559967199908655,-1.817056957875387,-1.8910768667804163,-1.004099194203512,1.5708585977554321,0.270041286945343,0
1174,1788173939.9049678,-0.3433630918526135,-0.4172427390951575,0.06636712754778573,1.158379665911149,2.920154783206203,-0.00020374308824181033,-2.0560086409198206,-1.8119352499591272,-1.8861973921405237,-1.0141351858722132,1.5708825588226318,0.27007725834846497,0
1175,1788173939.946096,-0.34339878563013365,-0.4172581247096194,0.069550029684911,1.158371599130669,2.9201863695667343,-0.00023694078060725285,-2.056044403706686,-1.8078678289996546,-1.881965462361471,-1.0224106947528284,1.5708585977554321,0.27002930641174316,0
1176,1788173939.9883978,-0.3434073731172124,-0.417301466180928,0.07278343794423278,1.1584318916984155,2.920183117119013,-0.0005169382872657612,-2.0560205618487757,-1.8037532011615198,-1.877709690724508,-1.0306018034564417,1.5708585977554321,0.27008959650993347,0
1177,1788173940.0280018,-0.3433995644767881,-0.41728076309961754,0.07605592795638103,1.1584192540514908,2.9202038129818817,-0.0005528891329434426,-2.0560205618487757,-1.7995780150042933,-1.8733938376056116,-1.0390685240374964,1.5708465576171875,0.27007725834846497,0
1178,1788173940.065139,-0.3433822828039625,-0.41724798729277945,0.0791949717392374,1.1583591279360352,2.9202054572877665,-0.0002520371107438482,-2.0560205618487757,-1.7956793943988245,-1.869077507649557,-1.0474761168109339,1.5708465576171875,0.270041286945343,0
1179,1788173940.1039739,-0.3434144842891874,-0.4173207881113228,0.0824492317160741,1.1583995114322156,2.9202051246742253,-0.0008160779138657706,-2.0560205618487757,-1.7917450110064905,-1.8646424452411097,-1.0554869810687464,1.5708705186843872,0.2700652778148651,0
1180,1788173940.1450367,-0.34339988592433435,-0.4172872662317964,0.08565755692956267,1.158400578997353,2.9202077916996743,-0.0006830043814517495,-2.0560205618487757,-1.7878463904010218,-1.860194508229391,-1.0639174620257776,1.5708585977554321,0.2700652778148651,0
1181,1788173940.1838639,-0.3433992128063847,-0.41730715297300836,0.08880353423316686,1.1583337453198708,2.920243062544165,-0.0006251242671838111,-2.0559967199908655,-1.784175221120016,-1.8556740919696253,-1.0721448103534144,1.5708465576171875,0.270041286945343,0
1182,1788173940.2239976,-0.3433783749306616,-0.41726583163950093,0.09200224553891412,1.1583863404634147,2.920171614996746,-0.00029107447177401184,-2.0560086409198206,-1.7804444471942347,-1.8510468641864222,-1.080719296132223,1.5708705186843872,0.27007725834846497,0
1183,1788173940.2641528,-0.3434082585333041,-0.4173031454196767,0.09527349251351172,1.1583843968861693,2.920218166592679,-0.0007366223136201051,-2.0560205618487757,-1.7767017523394983,-1.8463833967791956,-1.0888388792621058,1.5708585977554321,0.27005326747894287,0
1184,1788173940.3037646,-0.343408649671299,-0.4173115223964292,0.0984721447585227,1.158369960500938,2.9202325412306296,-0.0006772527962900733,-2.0560086409198206,-1.7731388250934046,-1.8416364828692835,-1.0971854368792933,1.5708465576171875,0.27005326747894287,0
1185,1788173940.3470788,-0.3433502022526841,-0.4172259250840343,0.10158410263731463,1.1582917438100355,2.920188169849031,-7.3565086484208295e-06,-2.0559967199908655,-1.7696479002581995,-1.8369610945331019,-1.1057832876788538,1.5708705186843872,0.27002930641174316,0
1186,1788173940.388142,-0.34337444430064323,-0.41726017518498315,0.10480745402722516,1.1583256152646564,2.92022254410731,-0.00030341947967395033,-2.0559967199908655,-1.7661688963519495,-1.8321412245379847,-1.1138899962054651,1.5708465576171875,0.270041286945343,0
1187,1788173940.4284132,-0.3433398201215984,-0.41720039816015525,0.10802422735758344,1.1583164339998913,2.9201993863142075,-0.00011704596056775898,-2.0559967199908655,-1.7626422087298792,-1.827334229146139,-1.1223443190204065,1.5708585977554321,0.270041286945343,0
1188,1788173940.4706988,-0.34336552923426994,-0.4172297393419898,0.11119300023452608,1.1584277394664548,2.920172237401263,-0.0001708650163472159,-2.0560086409198206,-1.7594030539142054,-1.8223708311664026,-1.1305111090289515,1.5708465576171875,0.2701016068458557,0
1189,1788173940.5118122,-0.34338657726970295,-0.4172561320078337,0.11509521022469626,1.158375131813729,2.920194760854937,-0.00019320717220920974,-2.0560205618487757,-1.7554801146136683,-1.8161967436419886,-1.1405938307391565,1.5708465576171875,0.27005326747894287,0
1190,1788173940.5524263,-0.3433787769629948,-0.4172819209971499,0.11829974105356761,1.158344197699652,2.9202179738640686,-0.0003413975125053082,-2.0559847990619105,-1.7522652784930628,-1.8111618200885218,-1.1487486998187464,1.5708465576171875,0.2700652778148651,0
1191,1788173940.5918603,-0.3434011334786389,-0.41728963228310767,0.12151863986048342,1.158380636904246,2.9202086752377325,-0.00058768428925094,-2.0560205618487757,-1.7490862051593226,-1.8060782591449183,-1.1568549315081995,1.5708585977554321,0.27005326747894287,0
1192,1788173940.6323595,-0.3433662747310636,-0.41724877577792024,0.12463000949652048,1.1583411531521888,2.9201598785676697,-6.598092130760542e-05,-2.0560086409198206,-1.7461112181292933,-1.8009355703936976,-1.165309254323141,1.5708825588226318,0.27005326747894287,0
1193,1788173940.6742785,-0.34336056124443554,-0.4172203169497721,0.12780442476199394,1.158388418823695,2.9201768270577526,-2.1930549326658975e-05,-2.0560086409198206,-1.7430642286883753,-1.795804802571432,-1.1735113302813929,1.5708465576171875,0.27007725834846497,0
1194,1788173940.7147684,-0.34338339447389343,-0.4172500956235984,0.1310354050144737,1.1583405237016902,2.9202095912130988,-0.00020810141858129731,-2.0560205618487757,-1.7401135603534144,-1.790457550679342,-1.1816900412188929,1.5708465576171875,0.27002930641174316,0
1195,1788173940.7568595,-0.3433489651768706,-0.41721774333722844,0.1342591398882232,1.1583003358298904,2.920209845578266,-0.00017215229935169826,-2.0559967199908655,-1.7371023336993616,-1.7851832548724573,-1.1899998823748987,1.5708585977554321,0.27002930641174316,0
1196,1788173940.7971513,-0.34337953664900345,-0.4172468742525278,0.13747498763560742,1.1584526251215763,2.920133431644735,-0.0003065078902265649,-2.0560324827777308,-1.73431903520693,-1.7797043959247034,-1.1981785933123987,1.5708825588226318,0.2701016068458557,0
1197,1788173940.8395612,-0.3433617917563021,-0.41720912467421883,0.14069402049950594,1.158443675243092,2.9201616236122674,-0.00011278049742664753,-2.0560205618487757,-1.7314885298358362,-1.7742379347430628,-1.2065957228290003,1.5708465576171875,0.2701016068458557,0
1198,1788173940.8787808,-0.3433936922853439,-0.4172660283527842,0.1444992914618787,1.1583804687147796,2.9201577277540274,-0.00042245602346535513,-2.056044403706686,-1.7283452192889612,-1.7676447073565882,-1.2161391417132776,1.570894479751587,0.270041286945343,0
1199,1788173940.9207242,-0.3433441213635207,-0.417226120759141,0.14773943016304655,1.1583610126108879,2.9201585616226464,-0.00032936716636572415,-2.0559967199908655,-1.7255619207965296,-1.7621176878558558,-1.224509064351217,1.570894479751587,0.27007725834846497,0
1200,1788173940.9590583,-0.3433625054462556,-0.41720458473827077,0.15086933186576323,1.1583543578698121,2.920193409121887,0.00011265009116280459,-2.0560205618487757,-1.7231510321246546,-1.7564118544207972,-1.2329023520099085,1.5708345174789429,0.270041286945343,0
1201,1788173940.9989493,-0.3433797484099027,-0.417262601308349,0.15406074088351074,1.1583688684541722,2.920178586812156,-0.00011704544037060473,-2.0560086409198206,-1.7207158247577112,-1.7506926695453089,-1.2409122625934046,1.5708585977554321,0.2700652778148651,0
1202,1788173941.0406888,-0.34338731756962243,-0.41723811575582426,0.15725861390865145,1.1583755188591531,2.920195979345754,-3.554009477881563e-05,-2.0560324827777308,-1.7182567755328577,-1.7449505964862269,-1.2491629759417933,1.5708345174789429,0.270041286945343,0
1203,1788173941.08289,-0.34338141898579105,-0.4172580775997117,0.1604622594697421,1.1582971860109377,2.920202420586271,-0.00022927026692474742,-2.0560205618487757,-1.7158454100238245,-1.7391961256610315,-1.2572086493121546,1.5708705186843872,0.27000534534454346,0
1204,1788173941.1212764,-0.3433370893310942,-0.41717759579956437,0.1636262015826529,1.1583574539950867,2.920200579433082,0.0001734918225534306,-2.0559967199908655,-1.7134464422809046,-1.7334540526019495,-1.2656024138080042,1.5708225965499878,0.2700652778148651,0
1205,1788173941.1618009,-0.3433669454669407,-0.41721300551640866,0.16685512526805496,1.1583424875741966,2.920214533877315,-0.00010926300068100549,-2.0560205618487757,-1.7111910025226038,-1.7274959723102015,-1.2736361662494105,1.5708345174789429,0.27002930641174316,0
1206,1788173941.202653,-0.34337241878726904,-0.4172797917373784,0.17002240415097994,1.1583419964490738,2.92016165138331,-0.0002690495128421713,-2.0559967199908655,-1.7091034094439905,-1.72150165239443,-1.2816222349749964,1.570894479751587,0.2700652778148651,0
1207,1788173941.2437887,-0.34338588621227045,-0.4172530228872992,0.17329691231747157,1.1583854277938808,2.9201699462293975,-0.0002635235769010567,-2.0560324827777308,-1.7068842093097132,-1.7153647581683558,-1.2899792830096644,1.5708705186843872,0.27005326747894287,0
1208,1788173941.2854307,-0.34336512838037103,-0.41724660156439813,0.17644634299213438,1.158326806583589,2.9201747630426973,-0.00019034109852777663,-2.0560086409198206,-1.7048209349261683,-1.7093823591815394,-1.2980731169330042,1.5708825588226318,0.270041286945343,0
1209,1788173941.325856,-0.3433897475335615,-0.41727567220334555,0.17965613653840928,1.158380667082904,2.9202083486945294,-0.0004069302764262403,-2.0560086409198206,-1.702817742024557,-1.7032325903521937,-1.3060835043536585,1.5708465576171875,0.2700652778148651,0
1210,1788173941.3674793,-0.3433631073479192,-0.41719809418384196,0.18286097382996502,1.1583936684513623,2.9201907103926614,-0.00023788820271174966,-2.0560324827777308,-1.7007306257831019,-1.6971429030047815,-1.3143685499774378,1.5708465576171875,0.27005326747894287,0
1211,1788173941.4090838,-0.34338312233751117,-0.4172825283128216,0.18675177339855803,1.1583617606682268,2.920211486502143,-0.0005243851585715158,-2.0559967199908655,-1.6985352675067347,-1.68945819536318,-1.324066464100973,1.5708585977554321,0.2700652778148651,0
1212,1788173941.4491959,-0.34337794516857445,-0.41722034089291155,0.18985984350437643,1.158407132309885,2.9201734669629467,9.92464471673136e-05,-2.0560324827777308,-1.696832005177633,-1.683141056691305,-1.3324835936175745,1.5708345174789429,0.2700652778148651,0
1213,1788173941.4893296,-0.34339658050514715,-0.417308054066729,0.19313029758830372,1.1583280870105133,2.9202288035550015,-0.0005780031263561201,-2.0559967199908655,-1.6950205008136194,-1.676739517842428,-1.3402655760394495,1.5708585977554321,0.270041286945343,0
1214,1788173941.5308948,-0.3433809939615474,-0.41727259771632536,0.1963038687374202,1.1583618299539276,2.92021164095436,-0.00035033398287527003,-2.0559967199908655,-1.6933172384845179,-1.670337978993551,-1.3485148588763636,1.5708465576171875,0.2700652778148651,0
1215,1788173941.5728097,-0.3433939212770695,-0.4172700603536374,0.19951285818267525,1.1583785793779853,2.9202034612985073,-0.00032948361520322375,-2.0560205618487757,-1.69169789949526,-1.663792912160055,-1.3566926161395472,1.5708465576171875,0.27005326747894287,0
1216,1788173941.615095,-0.3434061978886385,-0.417295143357851,0.202740126732336,-1.1583672489523125,-2.9202256791608168,0.0005495928812470366,-2.0560086409198206,-1.6901024023639124,-1.6572235266314905,-1.3647139708148401,1.5708225965499878,0.27005326747894287,0
1217,1788173941.6547666,-0.34338808018156175,-0.41729013237797935,0.2066116562335042,1.158337605581614,2.9202020378976283,-0.0006177851563117138,-2.0560086409198206,-1.6882312933551233,-1.6492756048785608,-1.374495808278219,1.5708825588226318,0.270041286945343,0
1218,1788173941.6926885,-0.34338867748592844,-0.41729306460857196,0.20914397067290716,1.15829298980978,2.9202423999520914,-0.0005735354467000424,-2.0559967199908655,-1.6871030966388147,-1.6439650694476526,-1.3809602896319788,1.5708585977554321,0.2700173258781433,0
1219,1788173941.733483,-0.34337929682804513,-0.41722699988969203,0.21226139509837905,1.1584154518849998,2.920143669449922,-6.91645097498148e-05,-2.056044403706686,-1.6857717672931116,-1.6372998396502894,-1.3892810980426233,1.5708705186843872,0.2700652778148651,0
1220,1788173941.7766492,-0.34336416229722616,-0.41724830700631815,0.21608082406973078,1.1583203511202282,2.920208993959273,8.435426827305628e-05,-2.0559847990619105,-1.6842482725726526,-1.6291001478778284,-1.3990986982928675,1.5708345174789429,0.27005326747894287,0
1221,1788173941.8164637,-0.34338694635258715,-0.4172627254418772,0.2193440087610248,1.1583893077101644,2.9201793400628673,-0.0002369386080093168,-2.0560205618487757,-1.6829283873187464,-1.6221955458270472,-1.4071200529681605,1.5708585977554321,0.2700652778148651,0
1222,1788173941.8597963,-0.34337266467190086,-0.4172550013956781,0.22255397394016646,1.1583480921239355,2.9201773808609772,-0.00016373630361514945,-2.0560086409198206,-1.6817172209369105,-1.6152542273150843,-1.4153206984149378,1.5708705186843872,0.27005326747894287,0
1223,1788173941.8996427,-0.3433530890752195,-0.41723140039071455,0.2256940661583639,1.1583268422209045,2.9201745782180577,-1.182311871436638e-05,-2.0559967199908655,-1.680577580128805,-1.6084097067462366,-1.4234021345721644,1.5708705186843872,0.27005326747894287,0
1224,1788173941.9431171,-0.34336092577981375,-0.41724042866030625,0.22887820733168465,1.1583117959903455,2.9201876780038734,6.614283708779027e-05,-2.0559967199908655,-1.6795581022845667,-1.6013372580157679,-1.431542698537008,1.5708585977554321,0.270041286945343,0
1225,1788173941.9842968,-0.3433917132649941,-0.4172811995646386,0.23278555551175276,1.158386094496606,2.9202217590591752,-0.0002666140834146907,-2.0559967199908655,-1.6783345381366175,-1.592706028615133,-1.4411805311786097,1.5708225965499878,0.27007725834846497,0
1226,1788173942.027293,-0.34338695031192856,-0.4172586380196532,0.23600395682018066,1.1583528261750025,2.9202403504989,-0.00033959369900061625,-2.0560086409198206,-1.6773150602923792,-1.585585896168844,-1.449273411427633,1.5708225965499878,0.270041286945343,0
1227,1788173942.068811,-0.3433593061266561,-0.4172238300439859,0.2391877002006696,1.1583528399267138,2.9201893488041737,-0.00017661986538991824,-2.0560086409198206,-1.6763914267169397,-1.5784171263324183,-1.4574740568744105,1.5708585977554321,0.27005326747894287,0
1228,1788173942.1107006,-0.343382265721684,-0.4172362261938972,0.24238916959341547,1.1583711358112903,2.9202357261846053,-0.0003932111579290003,-2.0560205618487757,-1.675551716481344,-1.571176830922262,-1.4654114882098597,1.5708225965499878,0.270041286945343,0
1229,1788173942.148777,-0.34338229817851995,-0.41726154358453177,0.24560898673488551,1.1583780310369511,2.9202016962456265,-0.0003026745180115639,-2.0560086409198206,-1.6748679319964808,-1.5636728445636194,-1.4736598173724573,1.5708465576171875,0.2700652778148651,0
1230,1788173942.1874194,-0.34336444508905467,-0.41722588547261047,0.24873413472850717,1.1583392756082966,2.9201553735899815,0.00018104239891197018,-2.0560205618487757,-1.674255673085348,-1.5562766234027308,-1.4819806257831019,1.5708705186843872,0.270041286945343,0
1231,1788173942.2277656,-0.3433706199404661,-0.4172529215557602,0.2519030704453159,1.1583132275479127,2.920191280258986,0.00018583125611743183,-2.0559967199908655,-1.6736801306353968,-1.5488083998309534,-1.4900248686419886,1.5708465576171875,0.270041286945343,0
1232,1788173942.2692003,-0.34336857680218236,-0.41725494014401515,0.255098028474706,1.158345674422587,2.9201708793261414,0.00011156880208080161,-2.0559967199908655,-1.6730807463275355,-1.541316334401266,-1.4980700651751917,1.5708585977554321,0.2700652778148651,0
1233,1788173942.3117092,-0.3434009292017074,-0.41729507993762116,0.25833216607712295,1.1583675698806388,2.920175708605263,-0.00024565086759080593,-2.0560205618487757,-1.6725643316852015,-1.533680264149801,-1.5059950987445276,1.5708705186843872,0.27005326747894287,0
1234,1788173942.353142,-0.3433681887068203,-0.4172329854788625,0.2622199198446191,1.1583784918208577,2.9201520522389024,1.572884518280108e-05,-2.0560205618487757,-1.6719406286822718,-1.524402920399801,-1.5160635153399866,1.5708705186843872,0.2700652778148651,0
1235,1788173942.3947968,-0.3433623782294948,-0.4172296566416934,0.2653953170065996,1.15834882530679,2.9201792145371104,-1.8004675750445867e-05,-2.0560086409198206,-1.671532932912008,-1.5167549292193812,-1.5240963141070765,1.5708585977554321,0.27005326747894287,0
1236,1788173942.437185,-0.3433703191498752,-0.4172447175423981,0.2685023895969632,1.1583630043584163,2.9201637841140675,0.00011454680840347434,-2.0560086409198206,-1.671305004750387,-1.5090587774859827,-1.5321052710162562,1.5708585977554321,0.2700652778148651,0
1237,1788173942.4797559,-0.3433863445666863,-0.4172421637529684,0.2724074080815191,1.1583852204641918,2.920169391036454,9.572543682583648e-05,-2.0560324827777308,-1.6710050741778772,-1.4994333426104944,-1.5420172850238245,1.5708465576171875,0.27005326747894287,0
1238,1788173942.5204992,-0.34339416233346265,-0.4172452618570105,0.2755883529618104,1.158373620913681,2.920191185409309,0.00021370220307359748,-2.0560324827777308,-1.670872990285055,-1.4914501349078577,-1.5502055327044886,1.5708225965499878,0.270041286945343,0
1239,1788173942.5617487,-0.3433862158108796,-0.4172342865235079,0.27873723618258617,1.1583928700720856,2.9201378735797703,0.00030443266652120643,-2.056044403706686,-1.670753304158346,-1.4835389296161097,-1.558298412953512,1.5708585977554321,0.27005326747894287,0
1240,1788173942.6053433,-0.34339767663507015,-0.4172753834895515,0.2819811286702333,1.158377701222831,2.92015043745053,4.179067633315548e-05,-2.0560324827777308,-1.6706932226764124,-1.4753754774676722,-1.566355053578512,1.5708705186843872,0.27005326747894287,0
1241,1788173942.6471913,-0.3434050436293589,-0.4173182120569629,0.285290499909131,1.1582907243835316,2.9202366610894734,-0.00030714343794518875,-2.0559967199908655,-1.6706574598895472,-1.4670327345477503,-1.5745075384723108,1.5708465576171875,0.2700173258781433,0
1242,1788173942.6893861,-0.3433999152991961,-0.41724264565627556,0.2891168052324639,1.1584155047132807,2.920194960983744,-6.182707704029416e-05,-2.056044403706686,-1.6706693808185022,-1.4572270552264612,-1.5844557921039026,1.5708225965499878,0.27005326747894287,0
1243,1788173942.7307546,-0.343392637206329,-0.4172811527627123,0.2921946911993394,1.1583885111921772,2.9202281445073366,-0.0007174663041616031,-2.0560086409198206,-1.670633618031637,-1.449519459401266,-1.5917819182025355,1.5708465576171875,0.2700652778148651,0
1244,1788173942.7733386,-0.3433455151529793,-0.41719178017057346,0.2943395271256074,1.158303174610554,2.9202172497228513,-0.00011129357630213075,-2.0560086409198206,-1.6707294623004358,-1.4438498655902308,-1.5977438131915491,1.5708465576171875,0.2700173258781433,0
1245,1788173942.8156862,-0.3433466297990879,-0.4171668443045876,0.29585206444216217,1.158379830416602,2.920206872627306,-0.00038235656320888175,-2.0560324827777308,-1.6706932226764124,-1.4400742689715784,-1.601382080708639,1.5708465576171875,0.270041286945343,0
1246,1788173942.8560314,-0.34333826049189087,-0.41718391446381287,0.2964236835267099,1.1582900634268047,2.9202352664578837,-0.00046108859434765536,-2.0560086409198206,-1.6707294623004358,-1.4385879675494593,-1.6027830282794397,1.5708585977554321,0.27000534534454346,0
1247,1788173942.8973255,-0.3433368622169886,-0.41718709773978574,0.2963348806033872,1.1583495047929817,2.9201809478280367,-0.00021958674230416315,-2.0560086409198206,-1.6708133856402796,-1.438683811818258,-1.6027591864215296,1.5708705186843872,0.27005326747894287,0
1248,1788173942.937461,-0.34334073229766815,-0.4172003314327837,0.2963282269895309,1.1583465017613226,2.9201733872018143,-0.0002774669082834157,-2.0560086409198206,-1.6708253065692347,-1.4386962095843714,-1.602699104939596,1.5708825588226318,0.27005326747894287,0
1249,1788173942.9790359,-0.3433541059370157,-0.41719454795453365,0.2963268237920881,1.158341673146711,2.9202124921064794,-0.0002535267829404173,-2.0560205618487757,-1.6708372274981897,-1.438683811818258,-1.602711025868551,1.5708465576171875,0.27002930641174316,0
1250,1788173943.0225766,-0.34335033860388453,-0.4172050250845168,0.2963200099219332,1.1583805209209632,2.920157196879968,-0.0002409779842503768,-2.0560205618487757,-1.6708610693561,-1.438671890889303,-1.602711025868551,1.5708825588226318,0.2700652778148651,0
1251,1788173943.0646229,-0.34335838085202025,-0.41721028787787334,0.2962980680316738,1.1583258357867274,2.9202233406894265,-0.00013904982671061392,-2.0560086409198206,-1.6709092299090784,-1.438659969960348,-1.6027348677264612,1.5708345174789429,0.27002930641174316,0
1252,1788173943.106691,-0.34336179939763706,-0.41721503258853343,0.29623044832073603,1.1583467013942754,2.9201741072732514,6.241825007527142e-05,-2.0560205618487757,-1.6709931532489222,-1.4387076536761683,-1.6027348677264612,1.5708585977554321,0.270041286945343,0
1253,1788173943.1470802,-0.34335785598666047,-0.4172287124768797,0.29623083748032886,1.1582992634226426,2.9202071244157057,4.6577805007211564e-05,-2.0559967199908655,-1.6710050741778772,-1.4386962095843714,-1.6027229467975062,1.5708465576171875,0.27002930641174316,0
1254,1788173943.1866608,-0.34336290736681563,-0.4172364954710905,0.29624960385034166,1.1583097904498936,2.9201828843641797,-3.2675844612048054e-05,-2.0560086409198206,-1.6710050741778772,-1.438659969960348,-1.602711025868551,1.5708705186843872,0.27002930641174316,0
1255,1788173943.2272077,-0.3433689655015854,-0.41721683658531056,0.296229709155036,1.1583380163628232,2.9202032526224393,6.72247624543628e-05,-2.0560205618487757,-1.6710050741778772,-1.4386962095843714,-1.6027348677264612,1.5708345174789429,0.27002930641174316,0
1256,1788173943.2678516,-0.3433617963810868,-0.4172226594595877,0.29624458307157653,1.158318083916472,2.920203790806768,-9.272981862259061e-06,-2.0560086409198206,-1.670981232319967,-1.4386962095843714,-1.602711025868551,1.5708465576171875,0.27002930641174316,0
1257,1788173943.3078003,-0.3433640785774154,-0.4172116644443584,0.29621552997583933,1.1583578318614172,2.9201513749709322,0.000135617347445338,-2.0560324827777308,-1.6710169951068323,-1.4387076536761683,-1.6027591864215296,1.5708705186843872,0.270041286945343,0
1258,1788173943.3482933,-0.3433665582197723,-0.4172105321027872,0.2962106692345863,1.1583447083810354,2.920169330448723,0.00013762804904863006,-2.0560324827777308,-1.6710169951068323,-1.4387200514422815,-1.6027467886554163,1.5708585977554321,0.27002930641174316,0
1259,1788173943.387879,-0.3433701669693465,-0.4172385352780088,0.29624442302998244,1.1584066032839715,2.9201701089916745,-2.863214883711002e-05,-2.0560086409198206,-1.6710169951068323,-1.438659969960348,-1.602699104939596,1.5708465576171875,0.27008959650993347,0
1260,1788173943.4305682,-0.3433589857035836,-0.4172308551816016,0.2962294344705039,1.1583688254415232,2.9201782104269474,6.445194659427253e-05,-2.0559967199908655,-1.6710169951068323,-1.438683811818258,-1.6027348677264612,1.5708465576171875,0.27007725834846497,0
1261,1788173943.4720392,-0.34335926014505125,-0.41722957808026795,0.29623196605685653,1.1583608789725026,2.9201584330772907,2.392088101126629e-05,-2.0560086409198206,-1.6710050741778772,-1.4386962095843714,-1.602711025868551,1.5708705186843872,0.2700652778148651,0
