frame_index,timestamp,tcp_x,tcp_y,tcp_z,tcp_rx,tcp_ry,tcp_rz,joint_0,joint_1,joint_2,joint_3,joint_4,joint_5,suction_on
0,1788171221.1386123,-0.10910048829198529,-0.4868945270539558,0.2858725932704467,-1.2022843612004246,2.902402232248745,-0.00014820007315143087,-1.570723835621969,-1.570723835621969,-1.5708525816546839,-1.5707362333880823,1.5708585977554321,-0.7853668371783655,0
1,1788171221.1804795,-0.10910357064157038,-0.4868986689089701,0.2858842025371016,-1.2022490392006107,2.9024148144630093,-0.00018996524412000465,-1.5707357565509241,-1.570723835621969,-1.5708287397967737,-1.5707362333880823,1.5708705186843872,-0.7853549162494105,0
2,1788171221.2250576,-0.10910323702827991,-0.4868949032768199,0.28588887778369565,-1.2022921092969756,2.9024209361478492,-0.00017556500644793832,-1.570723835621969,-1.570711914693014,-1.5708287397967737,-1.5707481543170374,1.5708465576171875,-0.7853668371783655,0
3,1788171221.2685652,-0.10912943441410829,-0.48690522431438654,0.28588178366991657,1.2021860520538954,-2.902460438470434,0.00020292849491070406,-1.5707719961749476,-1.5707357565509241,-1.5708287397967737,-1.570700470601217,1.5708345174789429,-0.7853429953204554,0
4,1788171221.310428,-0.10911209627904755,-0.4869012181090802,0.2859061298455488,1.2022557312531226,-2.9024309618975024,0.0003039030286507132,-1.5707476774798792,-1.5706880728351038,-1.5708287397967737,-1.570688549672262,1.5708585977554321,-0.7853668371783655,0
5,1788171221.3526394,-0.10909501753129631,-0.4869007216476243,0.28589806848470734,-1.2022690656836947,2.902414220253432,-0.00026640289294725656,-1.570723835621969,-1.5706999937640589,-1.5708287397967737,-1.5707123915301722,1.5708825588226318,-0.7853549162494105,0
6,1788171221.3951604,-0.10911178908018754,-0.4869091788043298,0.28588178366991657,1.2023078427960456,-2.9024099894897084,0.0002029283776042508,-1.5707357565509241,-1.5707357565509241,-1.5708287397967737,-1.570700470601217,1.5708345174789429,-0.7853906790362757,0
7,1788171221.4377954,-0.1091120957040076,-0.4869130380893931,0.2858768760626807,-1.2022739757337575,2.9024260840511076,-0.00021671034674380804,-1.5707476774798792,-1.5707481543170374,-1.5708287397967737,-1.570688549672262,1.5708585977554321,-0.7853787581073206,0
8,1788171221.4772131,-0.10909810000028528,-0.48690411142072243,0.28588646025045894,-1.2022786606247353,2.9023884554171087,-0.0002389668906944509,-1.5707357565509241,-1.570723835621969,-1.5708287397967737,-1.5707123915301722,1.570894479751587,-0.7853787581073206,0
9,1788171221.519489,-0.10911179004640408,-0.48689322677319874,0.28587259299430023,-1.2023454665165574,2.902401004023003,-0.00013372813761182583,-1.5707357565509241,-1.570723835621969,-1.5708525816546839,-1.5707362333880823,1.5708345174789429,-0.785414997731344,0
10,1788171221.5629642,-0.10909776654663711,-0.48689724831186015,0.28587372199602024,-1.202299192548028,2.9023891037942096,-0.00017266514798651233,-1.570723835621969,-1.570723835621969,-1.5708525816546839,-1.5707243124591272,1.5708705186843872,-0.7853787581073206,0
11,1788171221.606129,-0.10910357092565603,-0.4868939787472874,0.28589113490811524,-1.2022871309527554,2.9024089095054846,-0.00022456664989363426,-1.5707357565509241,-1.5706999937640589,-1.5708406607257288,-1.5707243124591272,1.5708705186843872,-0.7853787581073206,0
12,1788171221.6485274,-0.10909196336566565,-0.48688558524215453,0.2858865754130307,-1.2023499674153033,2.9023629368836477,-0.00015467319606723656,-1.570711914693014,-1.5706999937640589,-1.5708406607257288,-1.5707724730121058,1.5708705186843872,-0.785403076802389,0
13,1788171221.6915817,-0.10908857131725641,-0.48691438094678546,0.2858864596542965,1.2023424439079018,-2.9023956609394657,0.00020292905376741377,-1.5706880728351038,-1.5707357565509241,-1.5708168188678187,-1.5707123915301722,1.5708345174789429,-0.7853668371783655,0
14,1788171221.733529,-0.1090919625011275,-0.48689582710545776,0.28588194542490364,-1.2022801462927701,2.902392055286558,-0.00015536370845567596,-1.570711914693014,-1.570723835621969,-1.5708287397967737,-1.5707600752459925,1.5708705186843872,-0.7853549162494105,0
15,1788171221.7734303,-0.10910082154833128,-0.4869041118489247,0.2858771080307907,-1.2023001746806157,2.902391466184718,-0.0002318029184000608,-1.5707357565509241,-1.570723835621969,-1.5708525816546839,-1.570688549672262,1.5708825588226318,-0.7853906790362757,0
16,1788171221.8146048,-0.10909535094696911,-0.4869088953111536,0.2858699437823619,-1.2022881419499702,2.902362418185456,-0.0002109108325341253,-1.5707357565509241,-1.5707481543170374,-1.5708406607257288,-1.570700470601217,1.5709065198898315,-0.7853906790362757,0
17,1788171221.8562725,-0.10910390451689818,-0.4868992125979227,0.2858520655692882,-1.202287712478982,2.9023594341864274,-0.00015039158800233992,-1.5707476774798792,-1.5707481543170374,-1.5708773771869105,-1.570700470601217,1.570894479751587,-0.785403076802389,0
18,1788171221.8974624,-0.10912363015266947,-0.4869035211169505,0.2858781659605226,-1.2022592594286503,2.902441453270535,-0.00015033645349819323,-1.5707600752459925,-1.5707481543170374,-1.5708168188678187,-1.5707362333880823,1.5708345174789429,-0.7853787581073206,0
19,1788171221.938058,-0.10910870681049446,-0.48690220668073075,0.28586413763317403,1.2023089347723452,-2.902412630543374,0.00014317098593506382,-1.570723835621969,-1.5707357565509241,-1.5708649794207972,-1.570700470601217,1.5708225965499878,-0.7853787581073206,0
20,1788171221.9792511,-0.10909776677911472,-0.4868940413373048,0.28587496765684095,-1.2023291758819716,2.902361677320316,-0.0001200732328777925,-1.570723835621969,-1.5707357565509241,-1.5708287397967737,-1.5707724730121058,1.5708705186843872,-0.785403076802389,0
21,1788171222.0174024,-0.109112095936763,-0.486908253808102,0.2858933929494827,-1.2022775370490983,2.902434678364207,-0.0002520034077751984,-1.5707476774798792,-1.570723835621969,-1.5708168188678187,-1.570700470601217,1.5708585977554321,-0.7853787581073206,0
22,1788171222.0551448,-0.10910937478586295,-0.48690008968676346,0.28588533114186365,-1.2022680856686114,2.9024118634842733,-0.0002072664337805146,-1.5707476774798792,-1.570723835621969,-1.5708287397967737,-1.5707243124591272,1.5708705186843872,-0.7853787581073206,0
23,1788171222.0959127,-0.10910870680260801,-0.4869023154997908,0.2858737217835323,1.2023261644386225,-2.902405295071044,0.00014386289331902276,-1.570723835621969,-1.5707357565509241,-1.5708406607257288,-1.5707243124591272,1.5708225965499878,-0.7853906790362757,0
24,1788171222.137492,-0.10910357033467974,-0.4869037355670812,0.28587485090541115,-1.2022490392006104,2.9024148144630093,-0.0001899652498913342,-1.5707357565509241,-1.5707357565509241,-1.5708406607257288,-1.5707123915301722,1.5708705186843872,-0.7853549162494105,0
25,1788171222.1753871,-0.10910937427459749,-0.4869105988977969,0.28588758878578424,-1.2022542772553246,2.902427454490525,-0.0002418671306870784,-1.5707476774798792,-1.5707357565509241,-1.5708168188678187,-1.570700470601217,1.5708705186843872,-0.7853668371783655,0
26,1788171222.215306,-0.10909776615213572,-0.4869026904322943,0.28589468311061605,-1.202285384465805,2.9024046951735447,-0.00020726571823962396,-1.570723835621969,-1.570723835621969,-1.5708048979388636,-1.5707481543170374,1.5708705186843872,-0.7853668371783655,0
27,1788171222.253511,-0.10910870776172357,-0.4868890846990093,0.28587033592415495,-1.2022935975306226,2.9024245363490757,-9.196236572169022e-05,-1.570723835621969,-1.570723835621969,-1.5708525816546839,-1.5707600752459925,1.5708225965499878,-0.7853668371783655,0
28,1788171222.294542,-0.10910904081114607,-0.48690101435290273,0.2858783979771558,-1.2022730640196673,2.9024238897596586,-0.00015826459930488095,-1.5707357565509241,-1.5707357565509241,-1.5708287397967737,-1.5707362333880823,1.5708465576171875,-0.7853668371783655,0
29,1788171222.333657,-0.10911209626251316,-0.4869015577259484,0.285846260670585,-1.2022633607198925,2.902400467463111,-0.00011152441172092464,-1.5707476774798792,-1.5707600752459925,-1.5708773771869105,-1.570700470601217,1.5708585977554321,-0.7853787581073206,0
30,1788171222.3737245,-0.10910629095076346,-0.4869191225503923,0.2858650350439175,-1.2022531137008143,2.9024246535082168,-0.00018141693827000393,-1.5707357565509241,-1.5707724730121058,-1.5708287397967737,-1.570688549672262,1.5708585977554321,-0.7853549162494105,0
31,1788171222.4153256,-0.10910904157351937,-0.4868884277581303,0.2858792931741841,-1.2023093399815554,2.9024136031865218,-0.00017487323265901722,-1.5707357565509241,-1.5706999937640589,-1.5708649794207972,-1.5707243124591272,1.5708465576171875,-0.7853906790362757,0
32,1788171222.4546795,-0.10911813288400042,-0.486896391840307,0.28589113518028275,-1.2022387538798889,2.9024408712561147,-0.00021740235338711317,-1.5707600752459925,-1.570711914693014,-1.5708287397967737,-1.5707243124591272,1.5708585977554321,-0.7853668371783655,0
33,1788171222.4958231,-0.1091035709028963,-0.48689435454407093,0.2859027437303349,-1.202325914791088,2.90240271756291,-0.00025916791288446977,-1.5707357565509241,-1.5706880728351038,-1.5708287397967737,-1.5707243124591272,1.5708705186843872,-0.785403076802389,0
34,1788171222.5355606,-0.10911484538587363,-0.48689416199695434,0.28586188079769803,-1.2022522030313947,2.9024224611008367,-0.0001229719836669328,-1.5707476774798792,-1.5707357565509241,-1.5708649794207972,-1.5707243124591272,1.5708465576171875,-0.7853668371783655,0
35,1788171222.5759463,-0.10912088147752168,-0.48690108226119716,0.2858795265494759,-1.2022395185509849,2.9024427228448477,-0.00017556526209170327,-1.5707600752459925,-1.5707357565509241,-1.5708287397967737,-1.5707243124591272,1.5708465576171875,-0.7853668371783655,0
36,1788171222.6214175,-0.10911209613011506,-0.4869042792096818,0.28584738914168506,-1.202265106702273,2.902404680939683,-0.0001288246045599496,-1.5707476774798792,-1.5707600752459925,-1.5708773771869105,-1.570688549672262,1.5708585977554321,-0.7853787581073206,0
37,1788171222.6614487,-0.1091090414942204,-0.4868897368907175,0.2858573222496792,-1.2022624491955989,2.902398271838883,-5.307874374862934e-05,-1.5707357565509241,-1.5707481543170374,-1.5708525816546839,-1.5707724730121058,1.5708465576171875,-0.7853668371783655,0
38,1788171222.699968,-0.10910356969245141,-0.4869143386074686,0.2858768762483764,-1.2023043611253181,2.9024015755343147,-0.00022387481084578441,-1.5707357565509241,-1.5707481543170374,-1.5708287397967737,-1.570688549672262,1.5708705186843872,-0.7853906790362757,0
39,1788171222.738045,-0.10911484473234821,-0.48690759542472023,0.2858699426843066,-1.20227474042976,2.90242793562452,-0.00017487321154545176,-1.5707476774798792,-1.5707481543170374,-1.5708406607257288,-1.570700470601217,1.5708465576171875,-0.7853787581073206,0
40,1788171222.7772741,-0.10910598466270673,-0.4869104794836186,0.28588178366991657,1.2023251427831063,-2.9024028238413897,0.0002029284926331488,-1.570723835621969,-1.5707357565509241,-1.5708287397967737,-1.570700470601217,1.5708345174789429,-0.7853906790362757,0
41,1788171222.8149786,-0.10909196274920088,-0.48689288821938576,0.28586164862199775,-1.2023481514350505,2.9023585551608218,-0.00013668094483929128,-1.570711914693014,-1.570723835621969,-1.5708773771869105,-1.5707243124591272,1.5708705186843872,-0.785403076802389,0
42,1788171222.8540146,-0.10910629235446702,-0.4868959477916099,0.285878397794706,-1.2023034074479941,2.9023992808579147,-0.00016550116679824042,-1.5707357565509241,-1.570723835621969,-1.5708406607257288,-1.5707362333880823,1.5708585977554321,-0.7853906790362757,0
43,1788171222.891306,-0.10909776622716091,-0.4869016553635838,0.2858549487390328,-1.202274838852105,2.9023792482550066,-0.00010277162291391332,-1.570723835621969,-1.5707600752459925,-1.5708525816546839,-1.5707362333880823,1.5708705186843872,-0.7853668371783655,0
44,1788171222.931604,-0.10911484525877453,-0.4868967745382007,0.28585810113921,-1.2022538790056603,2.9024265059817553,-0.0001395802998004173,-1.5707476774798792,-1.5707357565509241,-1.5708773771869105,-1.570700470601217,1.5708465576171875,-0.7853668371783655,0
45,1788171222.971171,-0.1090950166471947,-0.486912917574104,0.2858757478329543,-1.2023336498724713,2.902372465473913,-0.0002138105728329293,-1.570723835621969,-1.5707481543170374,-1.5708287397967737,-1.570700470601217,1.5708825588226318,-0.785403076802389,0
46,1788171223.0106285,-0.10910904081114607,-0.48690101435290273,0.2858783979771558,-1.2022557639752565,2.902431055262208,-0.0001582644750310155,-1.5707357565509241,-1.5707357565509241,-1.5708287397967737,-1.5707362333880823,1.5708465576171875,-0.7853549162494105,0
47,1788171223.0490763,-0.10910904062353144,-0.4869041118682257,0.2858911354231287,1.2023121008631703,-2.902420265537157,0.00021016621767510807,-1.5707357565509241,-1.570723835621969,-1.5708168188678187,-1.5707243124591272,1.5708465576171875,-0.7853906790362757,0
48,1788171223.08607,-0.10910357049951401,-0.486901014173375,0.2858690463487087,-1.2023344846310222,2.9023744868538737,-0.00017266646598333,-1.5707357565509241,-1.5707357565509241,-1.5708525816546839,-1.5707123915301722,1.5708705186843872,-0.785414997731344,0
49,1788171223.1256776,-0.10910629247374251,-0.4868939786411378,0.28589581070679443,-1.2022567447872325,2.902433416342683,-0.00021740208801567862,-1.5707357565509241,-1.5706999937640589,-1.5708287397967737,-1.5707362333880823,1.5708585977554321,-0.7853549162494105,0
50,1788171223.166122,-0.10909468447684251,-0.4868907610999657,0.2858772688573611,-1.2023016606299781,2.9023950655061643,-0.00014819981518553315,-1.570711914693014,-1.570711914693014,-1.5708525816546839,-1.5707481543170374,1.5708585977554321,-0.7853668371783655,0
51,1788171223.2063315,-0.109114845399633,-0.48689387913919374,0.2858547160085028,-1.2023012328602107,2.9023920814038093,-8.768032484229614e-05,-1.5707476774798792,-1.5707481543170374,-1.5708649794207972,-1.5707362333880823,1.5708465576171875,-0.785403076802389,0
52,1788171223.2481234,-0.1091093748179139,-0.4868994307913107,0.28586655740888267,-1.202243732080288,2.902402007773002,-0.0001373729394830361,-1.5707476774798792,-1.5707481543170374,-1.5708406607257288,-1.5707362333880823,1.5708705186843872,-0.7853668371783655,0
53,1788171223.2892768,-0.10909776521346984,-0.48691563908721214,0.2858815522327578,-1.2023216604419094,2.9023944084092896,-0.00022387463412361028,-1.570723835621969,-1.5707481543170374,-1.5708168188678187,-1.570700470601217,1.5708705186843872,-0.7853906790362757,0
54,1788171223.32975,-0.10911209596879459,-0.48690759529097877,0.2858699428389276,-1.2023057760575648,2.902403040164939,-0.00018210987263220447,-1.5707476774798792,-1.5707481543170374,-1.5708406607257288,-1.570700470601217,1.5708585977554321,-0.785403076802389,0
55,1788171223.3713593,-0.10910018116697612,-0.48690067670982845,0.28585810101768455,-1.2023799256929402,2.9023863327439128,-0.00013234401807392173,-1.570711914693014,-1.5707357565509241,-1.5708773771869105,-1.570700470601217,1.5708345174789429,-0.785414997731344,0
56,1788171223.412601,-0.10910904145430185,-0.4868903960156769,0.28588077143752877,-1.2023041023752459,2.9024009631221768,-0.00012297219062564938,-1.5707357565509241,-1.570723835621969,-1.5708287397967737,-1.5707724730121058,1.5708465576171875,-0.7853906790362757,0
57,1788171223.4534898,-0.10910018019798276,-0.48691215611346017,0.28589339267333624,1.2023389509613214,-2.902387227269271,0.00023752837105540042,-1.570711914693014,-1.570723835621969,-1.5708168188678187,-1.570700470601217,1.5708345174789429,-0.7853906790362757,0
58,1788171223.493524,-0.10909776694908735,-0.48689169657777853,0.28586655678532635,-1.2023309220528857,2.90236589067341,-0.0001373733669599464,-1.570723835621969,-1.570723835621969,-1.5708649794207972,-1.5707362333880823,1.5708705186843872,-0.785403076802389,0
59,1788171223.5324595,-0.10910323782526914,-0.48688390894431466,0.2858749665819865,-1.2023376476025227,2.9023821301817074,-0.00010567194845762274,-1.570723835621969,-1.570711914693014,-1.5708525816546839,-1.5707724730121058,1.5708465576171875,-0.785403076802389,0
60,1788171223.5745034,-0.10910904015179833,-0.48691190003921836,0.28588291246108766,1.2022238574756985,-2.902451884311172,0.0002274661745509986,-1.5707357565509241,-1.5707357565509241,-1.5708287397967737,-1.570688549672262,1.5708465576171875,-0.7853310743915003,0
61,1788171223.613751,-0.10910048730560983,-0.48690813393213916,0.2858875882630178,-1.2023103902222438,2.9024161314069836,-0.00023470271052157557,-1.570723835621969,-1.570723835621969,-1.5708287397967737,-1.570700470601217,1.5708585977554321,-0.7853787581073206,0
62,1788171223.653692,-0.10909809997746935,-0.4869044880815799,0.2858791782165883,-1.2022648525862003,2.902404045739817,-0.0002735674021915885,-1.5707357565509241,-1.570711914693014,-1.5708649794207972,-1.5706642309771937,1.570894479751587,-0.7853668371783655,0
63,1788171223.695223,-0.1091175941075308,-0.48689502347660907,0.2858900062669323,1.2023102800598113,-2.902413916919615,0.00018562838875026326,-1.5707476774798792,-1.570711914693014,-1.5708287397967737,-1.5707362333880823,1.5708345174789429,-0.785403076802389,0
64,1788171223.7365136,-0.10911541144821522,-0.4868932942263042,0.2858783979804016,-1.2022639023129358,2.9024037251954433,-0.0001726664609681235,-1.5707600752459925,-1.570723835621969,-1.5708406607257288,-1.5707362333880823,1.5708705186843872,-0.7853906790362757,0
65,1788171223.7791266,-0.10910629233168888,-0.4868963238920816,0.2858900065430787,-1.2023421911374201,2.902393089081794,-0.0002001021966968506,-1.5707357565509241,-1.570711914693014,-1.5708287397967737,-1.5707362333880823,1.5708585977554321,-0.785414997731344,0
66,1788171223.8205457,-0.10908615851543357,-0.4868942975328534,0.28586655678532635,-1.2023302292691294,2.902366175386269,-0.00013737170174875859,-1.5706999937640589,-1.570723835621969,-1.5708649794207972,-1.5707362333880823,1.5708705186843872,-0.7853787581073206,0
67,1788171223.8612661,-0.10910904048147056,-0.48690645722296894,0.285880655154238,-1.202293855539307,2.9024251504754663,-0.00019286562306809643,-1.5707357565509241,-1.5707357565509241,-1.5708287397967737,-1.5707123915301722,1.5708465576171875,-0.7853787581073206,0
68,1788171223.902524,-0.10911209644801571,-0.4868977448392539,0.28588645919590516,-1.2022913456690427,2.902419087172247,-0.0002174024445175367,-1.5707476774798792,-1.570711914693014,-1.5708406607257288,-1.5707123915301722,1.5708585977554321,-0.7853906790362757,0
69,1788171223.9408574,-0.1090919616139874,-0.4869063367085657,0.2858701749210288,-1.2023355376443037,2.9023789840259293,-0.000189965533962394,-1.570711914693014,-1.5707357565509241,-1.5708525816546839,-1.570700470601217,1.5708705186843872,-0.7853906790362757,0
70,1788171223.9803932,-0.10910018116697612,-0.48690067670982845,0.28585810101768455,-1.2022754343465243,2.902429615187929,-0.00013234367023455318,-1.570711914693014,-1.5707357565509241,-1.5708773771869105,-1.570700470601217,1.5708345174789429,-0.7853429953204554,0
71,1788171224.0206938,-0.10910082249835108,-0.48688842726024134,0.2858792937349849,-1.2022793128978277,2.902390037389465,-0.00019650988045504019,-1.5707357565509241,-1.5706999937640589,-1.5708649794207972,-1.5707243124591272,1.5708825588226318,-0.7853787581073206,0
72,1788171224.0615833,-0.10908615693201841,-0.48691073447459093,0.28589226443309107,-1.2023234747707967,2.902398786296402,-0.0002418665131397014,-1.5706999937640589,-1.570723835621969,-1.5708168188678187,-1.5707123915301722,1.5708705186843872,-0.7853668371783655,0
73,1788171224.1001644,-0.10910018074479629,-0.4869056781412099,0.28586542868720805,-1.202306612662168,2.9024070255499255,-9.8434827973203e-05,-1.570711914693014,-1.5707600752459925,-1.5708287397967737,-1.5707481543170374,1.5708345174789429,-0.7853668371783655,0
74,1788171224.1405573,-0.10910662607798778,-0.48689894501047687,0.2858500407987855,-1.2022705127628859,2.902368803853552,-0.00010931815044105755,-1.5707476774798792,-1.5707600752459925,-1.5708649794207972,-1.5707243124591272,1.5708825588226318,-0.7853906790362757,0
75,1788171224.1809478,-0.10909776615208602,-0.4869026910781222,0.28588065515748373,-1.2022853844658041,2.9024046951735447,-0.00020726571823962396,-1.570723835621969,-1.570723835621969,-1.5708406607257288,-1.5707123915301722,1.5708705186843872,-0.7853668371783655,0
76,1788171224.2228634,-0.10911209659871654,-0.48689464710865415,0.285878397794706,-1.2022342080323054,2.902427944014607,-0.00016550073392042623,-1.5707476774798792,-1.570723835621969,-1.5708406607257288,-1.5707362333880823,1.5708585977554321,-0.7853549162494105,0
77,1788171224.265896,-0.10910048829199377,-0.48689452695016405,0.28587726925482804,-1.202301661060472,2.9023950665453877,-0.000148200343446504,-1.570723835621969,-1.570723835621969,-1.5708406607257288,-1.5707481543170374,1.5708585977554321,-0.7853787581073206,0
78,1788171224.308056,-0.10908649127063846,-0.48690671238373434,0.28588646025045894,-1.2023485506063996,2.9023595034062724,-0.0002389669096669176,-1.570711914693014,-1.570723835621969,-1.5708287397967737,-1.5707123915301722,1.570894479751587,-0.785403076802389,0
79,1788171224.3482757,-0.10910357114265909,-0.4868903959964539,0.28586655678532635,-1.2022956310807567,2.902380509999771,-0.0001373733534092403,-1.5707357565509241,-1.570723835621969,-1.5708649794207972,-1.5707362333880823,1.5708705186843872,-0.7853906790362757,0
80,1788171224.3910134,-0.10910357081298025,-0.48689583892140204,0.2858688138300446,-1.2022991232079174,2.9023889364775464,-0.00017197378817391043,-1.5707357565509241,-1.570723835621969,-1.5708649794207972,-1.5707123915301722,1.5708705186843872,-0.7853906790362757,0
81,1788171224.4338777,-0.10910356998223987,-0.486909554326176,0.2858933931351783,-1.2023079227224391,2.902410169642153,-0.0002591677969699292,-1.5707357565509241,-1.570723835621969,-1.5708168188678187,-1.570700470601217,1.5708705186843872,-0.7853906790362757,0
82,1788171224.4764588,-0.1091062925193166,-0.48689322617686426,0.28588194523920796,-1.2022497617856878,2.902416564392591,-0.0001482000793082348,-1.5707357565509241,-1.570723835621969,-1.5708287397967737,-1.5707600752459925,1.5708585977554321,-0.7853549162494105,0
83,1788171224.51663,-0.10910323726070753,-0.48689169689876455,0.2858572044762451,-1.202252202317022,2.90242245937623,-0.00012297114007128482,-1.570723835621969,-1.570723835621969,-1.5708888212787073,-1.5707123915301722,1.5708465576171875,-0.7853429953204554,0
84,1788171224.5578759,-0.10910629189986791,-0.48690345307588007,0.28586768572932486,-1.202266991895677,2.902409230365614,-0.00014750832599494214,-1.5707357565509241,-1.5707481543170374,-1.5708406607257288,-1.5707243124591272,1.5708585977554321,-0.7853668371783655,0
85,1788171224.5998213,-0.10889346484743223,-0.48690617189040086,0.2858384290373005,-1.202340467849117,2.9023419719643786,-6.744046052556945e-05,-1.5703042189227503,-1.5706761519061487,-1.570972744618551,-1.5707243124591272,1.5708705186843872,-0.7849949041949671,0
86,1788171224.6414392,-0.10823070519712301,-0.48691154214675864,0.28582210543315445,-1.2025155614159508,2.9022714664164777,-2.5552325683972956e-05,-1.568937126790182,-1.5703523794757288,-1.5713322798358362,-1.5707123915301722,1.5708585977554321,-0.7837479750262659,0
87,1788171224.683736,-0.10683923435407831,-0.48687902079736883,0.28585483717519233,-1.2025434632963732,2.9022918402771425,-8.884057754859496e-05,-1.5660713354693812,-1.5695245901690882,-1.57208758989443,-1.5707362333880823,1.5708465576171875,-0.780893627797262,0
88,1788171224.7262056,-0.10495122397853221,-0.48687582290706166,0.2857967903296032,-1.202440950359655,2.902242071265573,4.0764161286517946e-05,-1.5622103849994105,-1.568613354359762,-1.5731189886676233,-1.5707243124591272,1.570894479751587,-0.7769845167743128,0
89,1788171224.770118,-0.10337799872100283,-0.4868812674137258,0.28578256783918876,-1.2023817408552917,2.902247886225599,0.00010949741617570243,-1.558972183858053,-1.56785756746401,-1.573897663746969,-1.5707481543170374,1.570894479751587,-0.7737100760089319,0
90,1788171224.8127303,-0.10178243046171194,-0.4868936500898654,0.2858501542556267,-1.2024849333352545,2.902301242119288,-0.00013840823517252988,-1.5556748549090784,-1.5669940153705042,-1.5746291319476526,-1.570700470601217,1.5708705186843872,-0.7704604307757776,0
91,1788171224.8547966,-0.09983868781556149,-0.486916434210353,0.2858931002238422,-1.20240773639799,2.9023614692264066,-0.00024411854731425035,-1.5516694227801722,-1.5660584608661097,-1.5754683653460901,-1.5707243124591272,1.5708705186843872,-0.7663949171649378,0
92,1788171224.897697,-0.09824927886313677,-0.4870054676321062,0.28594028393457455,1.202354576029343,-2.9023818637715055,0.00040391454765786254,-1.5483954588519495,-1.5654462019549769,-1.5759833494769495,-1.5707123915301722,1.5708705186843872,-0.7630847136126917,0
93,1788171224.9390593,-0.09666702923090766,-0.48727662825286827,0.2859874660411669,1.2020347449124338,-2.9024493776294844,0.0005478103696211044,-1.5451338926898401,-1.5652783552752894,-1.5760558287249964,-1.570700470601217,1.5708465576171875,-0.7596185843097132,0
94,1788171224.980397,-0.09511224020830908,-0.48819840796760444,0.28590280419331016,-1.202386853080677,2.9023639010071705,-0.00022632260716634622,-1.5419920126544397,-1.566861931477682,-1.5746410528766077,-1.5707600752459925,1.5708705186843872,-0.7567046324359339,0
95,1788171225.0213463,-0.09404732900582141,-0.4899729120890918,0.2858419743633628,-1.2022865805446727,2.9023704135982347,-4.028122775506491e-05,-1.5399053732501429,-1.5706399122821253,-1.5709970633136194,-1.5707481543170374,1.5708585977554321,-0.7545574347125452,0
96,1788171225.0604317,-0.0938334581932621,-0.4915854389599623,0.28587310899959595,-1.202250556945323,2.902430221607629,-0.00021259905505209136,-1.5395696798907679,-1.5742986837970179,-1.5672805945025843,-1.570688549672262,1.5708585977554321,-0.754185978566305,0
97,1788171225.0991626,-0.09359733133306505,-0.4928503532363784,0.28591042940866807,-1.2024581538258594,2.9023403072773415,-0.00025073869932570333,-1.5391739050494593,-1.5771778265582483,-1.564296070729391,-1.5707724730121058,1.5708705186843872,-0.7539342085467737,0
98,1788171225.139183,-0.0933134252649994,-0.4944472276945443,0.28590004975256894,1.2024264852000912,-2.9023636825151256,0.00020974386140518384,-1.5386822859393519,-1.5808361212359827,-1.5606282393084925,-1.570796314870016,1.5708345174789429,-0.753418270741598,0
99,1788171225.181173,-0.09299624993828065,-0.4960675440919516,0.28591194715803864,-1.202305765497295,2.90241669023669,-0.0003562091648243315,-1.5381668249713343,-1.5844948927508753,-1.5569117704974573,-1.5707724730121058,1.5708825588226318,-0.7528188864337366,0
100,1788171225.2217689,-0.09258679963717968,-0.4979667444374486,0.2858710021110681,-1.2023925673556035,2.90233269516575,-0.0001174672810692487,-1.5374591986285608,-1.5888965765582483,-1.5525005499469202,-1.570939842854635,1.5708705186843872,-0.7521827856646937,0
101,1788171225.2642345,-0.09222917069835121,-0.49958281860254117,0.28587880885572303,-1.202628876863057,2.9022612038483167,-0.00021981312255737122,-1.5368474165545862,-1.5925315062152308,-1.548784081135885,-1.5709517637835901,1.5708705186843872,-0.7517274061786097,0
102,1788171225.3071625,-0.09189060191732491,-0.5011919384161972,0.28583821276037635,-1.2027031569095925,2.9021959080328257,-3.295495735147617e-05,-1.536271874104635,-1.5962618033038538,-1.5450323263751429,-1.5710957686053675,1.5708585977554321,-0.7512114683734339,0
103,1788171225.3509398,-0.09139302802089656,-0.5031063464225027,0.2858414251113404,-1.2026833065765468,2.9021988769404183,-1.2526989290131055e-05,-1.5354087988482874,-1.6005919615374964,-1.5405610243426722,-1.5712507406817835,1.5708585977554321,-0.750335995350973,0
104,1788171225.3927972,-0.0908040545772273,-0.5046989569967891,0.2858722961754381,-1.2022113640076515,2.902437387410656,-0.0001258470994787662,-1.5343411604510706,-1.6040704886065882,-1.5369046370135706,-1.5713470617877405,1.5708465576171875,-0.7489326635943812,0
105,1788171225.4326115,-0.08989179976748396,-0.5062204440160436,0.28581078795197934,-1.2023017797868272,2.9023601405965413,0.00013804492700738484,-1.5326264540301722,-1.6073811689959925,-1.5335844198810022,-1.571526829396383,1.5708225965499878,-0.7472899595843714,0
106,1788171225.4745116,-0.0887633403999766,-0.5076366534417339,0.28590970480753775,-1.2020568358522339,2.9024596727169154,-0.0001805018662921561,-1.5305278936969202,-1.6101763884173792,-1.5304678122149866,-1.5716584364520472,1.570894479751587,-0.7450230757342737,0
107,1788171225.515873,-0.0876891800155912,-0.5089875740969655,0.28582085623956277,-1.202176617773145,2.9024063604811032,0.0001623609143627083,-1.5284774939166468,-1.6130431334124964,-1.5276511351214808,-1.5718143622027796,1.5708225965499878,-0.7430561224566858,0
108,1788171225.556821,-0.08657920189776189,-0.5103123836268418,0.28566167446460555,-1.2019984238874586,2.9025163565510117,-3.601197758821088e-05,-1.5264022986041468,-1.6156700293170374,-1.5253375212298792,-1.5713709036456507,1.5708345174789429,-0.7408493200885218,0
109,1788171225.5974479,-0.08519278586120554,-0.5119147492566379,0.2841214678608902,-1.201910405420046,2.9023058490543217,0.0008469246486408311,-1.5238240400897425,-1.6192567984210413,-1.5253499189959925,-1.5683777968036097,1.5708585977554321,-0.7382705847369593,0
110,1788171225.6372333,-0.08405133008522561,-0.5133327718279861,0.282156223731253,-1.202232216004338,2.902245098006305,0.0005586389481295019,-1.5217135588275355,-1.6220997015582483,-1.5274108091937464,-1.5632785002337855,1.5708585977554321,-0.7363641897784632,0
111,1788171225.678931,-0.08291085592101977,-0.5146852601869646,0.27947116694724305,-1.202167395559049,2.902239327159042,0.0006398060071383991,-1.5196149984942835,-1.6249783674823206,-1.5311992804156702,-1.5566700140582483,1.5708705186843872,-0.7342289129840296,0
112,1788171225.7202072,-0.08172284433213954,-0.5161239742894331,0.2762597817632152,-1.2023264372684002,2.902276820771424,0.00027602165562026364,-1.5174325148211878,-1.62795335451235,-1.5362938086139124,-1.5483501593219202,1.5708585977554321,-0.7321308294879358,0
113,1788171225.760572,-0.08059766099347192,-0.5175996803109872,0.2730974675868706,-1.2025487859068305,2.9023222787898555,-0.0002911156937201456,-1.5153935591327112,-1.631036106740133,-1.5411723295794886,-1.5400059858905237,1.5708585977554321,-0.7302115599261683,0
114,1788171225.80122,-0.07947814458550793,-0.518986562141469,0.2698915249529863,-1.2024018042874314,2.9023608556268177,-0.0001998695142541709,-1.513367001210348,-1.6342151800738733,-1.545943562184469,-1.5321171919452112,1.5708585977554321,-0.7280891577350062,0
115,1788171225.8403854,-0.07829073337118879,-0.520381696411233,0.2666772669856693,-1.2025099151712753,2.902328262862296,-0.0002521762388964093,-1.5112202803241175,-1.6374056974994105,-1.5507386366473597,-1.5240963141070765,1.5708585977554321,-0.7260139624225062,0
116,1788171225.879888,-0.07715996104101688,-0.5216720028922909,0.2634571643884126,-1.202292769637732,2.902346219855548,5.031250953243169e-05,-1.5091818014727991,-1.6405604521380823,-1.555521313344137,-1.51636249223818,1.5708585977554321,-0.7238433996783655,0
117,1788171225.920259,-0.07603918780363003,-0.5231132793466209,0.26023975359783635,-1.202122481156454,2.9024791969949537,-0.0002145381837498474,-1.507191006337301,-1.6439431349383753,-1.5601361433612269,-1.5081866423236292,1.5708585977554321,-0.721720043812887,0
118,1788171225.960783,-0.07484608245084834,-0.5244843633683919,0.257028617257149,-1.2022848741980248,2.902378028232283,-0.000128986463138855,-1.5050681273089808,-1.6473262945758265,-1.5646680037127894,-1.5003331343280237,1.5708705186843872,-0.7197173277484339,0
119,1788171226.00127,-0.07378305652639297,-0.5258206480325337,0.2537962281883978,-1.2020869408019914,2.9023934226754675,0.0002749807549500273,-1.5031855742083948,-1.6508405844317835,-1.569054905568258,-1.492695156727926,1.5708465576171875,-0.7177146116839808,0
120,1788171226.0443645,-0.07278313470075315,-0.5273104439279233,0.2506705253344562,-1.2023887381224199,2.9023880318878765,-0.00018174973516339767,-1.5014589468585413,-1.654487435017721,-1.5731547514544886,-1.4846375624286097,1.5708345174789429,-0.7161667982684534,0
121,1788171226.084669,-0.07155143718364287,-0.5291173144830367,0.24687002733658917,1.2022476133125948,-2.9023898359213436,0.00044398240702950303,-1.499347988759176,-1.6590936819659632,-1.5778897444354456,-1.4751203695880335,1.5708345174789429,-0.7139723936664026,0
122,1788171226.1259685,-0.07057505086908439,-0.530573739639358,0.24364308280334546,-1.2023533251021257,2.902400394955519,-0.00023390214161878587,-1.4976933638202112,-1.6630643049823206,-1.581761662160055,-1.4674227873431605,1.5708465576171875,-0.7123773733722132,0
123,1788171226.165206,-0.06970305019715071,-0.5320492150894089,0.24048662707198043,1.202104248217791,-2.9024879974977518,0.00045838177454342235,-1.496253792439596,-1.6670110861407679,-1.5855382124530237,-1.4595568815814417,1.5708705186843872,-0.7107699553119105,0
124,1788171226.2052743,-0.06887172093304081,-0.5335460515040601,0.23714582937953352,-1.2024144789357631,2.9022525471252445,0.00024560892076386096,-1.4948867003070276,-1.6714370886432093,-1.58909780183901,-1.4520390669452112,1.5708585977554321,-0.7096427122699183,0
125,1788171226.2467303,-0.06827482029623418,-0.5348363477525437,0.23463696542174292,-1.2024289385262377,2.902340254511374,-0.00010857573759714566,-1.4939397017108362,-1.674903694783346,-1.5917471090899866,-1.4456818739520472,1.5708465576171875,-0.7086828390704554,0
126,1788171226.2882614,-0.06752243152294171,-0.5367412492972091,0.23084169573782173,-1.2022957654430835,2.902410190707154,-0.00017475613545652325,-1.4928000609027308,-1.6803138891803187,-1.5954750219928187,-1.4364994207965296,1.5708465576171875,-0.7074478308307093,0
127,1788171226.3290243,-0.06708422460112357,-0.5382956039918961,0.2275177358625196,-1.202286373930807,2.902289699689112,0.0004415758781993795,-1.4922006765948694,-1.6851361433612269,-1.5985196272479456,-1.4290412108050745,1.5708345174789429,-0.7068722883807581,0
128,1788171226.371435,-0.06666911701208372,-0.5399477690763834,0.22436329262143972,-1.2023705037797434,2.9023459822496442,-2.6532613894314228e-05,-1.4916728178607386,-1.689838711415426,-1.6014211813556116,-1.4211276213275355,1.5708465576171875,-0.7063801924334925,0
129,1788171226.4135108,-0.0663039026175125,-0.541565895566907,0.22119177733164685,-1.2023514515788207,2.9023489086213967,-0.0001264542352841025,-1.4912412802325647,-1.6946609655963343,-1.604154411946432,-1.4135130087481897,1.5708705186843872,-0.7059367338763636,0
130,1788171226.4548264,-0.06592769168469392,-0.5434830893623771,0.21750593070165428,-1.2022305256748282,2.902350579070949,0.00015158243504277919,-1.4908211866961878,-1.7005508581744593,-1.6069229284869593,-1.405036751423971,1.5708585977554321,-0.7054451147662562,0
131,1788171226.494894,-0.06575731471565813,-0.5451733297937895,0.2154738635590633,1.2022415182490818,-2.9023789906334874,0.0007001209356601268,-1.4907615820514124,-1.7050007025348108,-1.607222859059469,-1.3997209707843226,1.5708705186843872,-0.7053850332843226,0
132,1788171226.536647,-0.0656500304585204,-0.5466942129715168,0.21394410615389164,-1.2022433166450004,2.9024323249215227,-0.00011614552061851188,-1.4907735029803675,-1.709343735371725,-1.606096092854635,-1.396883789693014,1.5708345174789429,-0.7053850332843226,0
133,1788171226.5772467,-0.06553341332222405,-0.5482070015456358,0.21323046750828514,-1.2021266384394647,2.9023463980690467,0.00030261477532985765,-1.4907973448382776,-1.7133024374591272,-1.6033032576190394,-1.3960097471820276,1.5708705186843872,-0.7053611914264124,0
134,1788171226.61803,-0.06543774011640326,-0.5498425723664881,0.21329041300148965,-1.2022405802744,2.9023748413544745,2.4012182285839567e-05,-1.4908574263202112,-1.716996971760885,-1.5989154020892542,-1.396512810383932,1.5708585977554321,-0.7054813543902796,0
135,1788171226.6556597,-0.06536571853821854,-0.5514796880369568,0.21326955806251224,-1.2022721648528927,2.902357148527836,4.4665205665687484e-05,-1.4909656683551233,-1.7208359877215784,-1.5945037047015589,-1.3970993200885218,1.5708585977554321,-0.7056124846087855,0
136,1788171226.6977715,-0.06534444454177146,-0.5530928373997642,0.21329365263141692,-1.2022889153510752,2.9023975731876326,-0.00010630297888850792,-1.491157356892721,-1.7245548407184046,-1.5901292006122034,-1.3976500670062464,1.5708465576171875,-0.7058041731463831,0
137,1788171226.7390456,-0.06529167909982735,-0.5547109725734122,0.2132694378833132,-1.2024802650450976,2.902317368757594,-0.00016344525110752552,-1.4913013617144983,-1.7283332983600062,-1.5857775847064417,-1.398188892995016,1.5708585977554321,-0.7060802618609827,0
138,1788171226.7812445,-0.0653010397983794,-0.5563009582685364,0.21320734621548573,-1.2023189037052568,2.902319285919969,6.66064370845122e-05,-1.4915531317340296,-1.7321723143206995,-1.5813902060138147,-1.3988950888263147,1.5708705186843872,-0.7062366644488733,0
139,1788171226.823137,-0.06527208964035693,-0.5582217790022688,0.21318900398202814,-1.2022302265001648,2.9024007325291223,0.00011047015816941862,-1.4917567412005823,-1.7366827170001429,-1.57611591020693,-1.399672810231344,1.5708225965499878,-0.7063682715045374,0
140,1788171226.8638318,-0.06511531452790556,-0.5598121451032054,0.21325545661347137,-1.2022239887800623,2.9023856672062056,-5.453062532357453e-05,-1.491720978413717,-1.740305248891012,-1.5716798941241663,-1.4003914038287562,1.5708705186843872,-0.7063325087176722,0
141,1788171226.9050093,-0.06499025244098602,-0.5614740965746096,0.21333783144605403,1.202311290219275,-2.902398704790743,0.0004805888373329127,-1.4917328993426722,-1.744000260029928,-1.5671489874469202,-1.4009421507464808,1.5708705186843872,-0.7063925901996058,0
142,1788171226.945647,-0.06488176128416678,-0.563065909236629,0.21328455758640905,1.2021878756019846,-2.9024452687436,0.0002571612663197348,-1.4917448202716272,-1.7477906386004847,-1.562737766896383,-1.4016969839679163,1.5708225965499878,-0.7063205877887171,0
143,1788171226.9872966,-0.06469128093012545,-0.5646052790448194,0.21329443922982014,-1.2023278046472026,2.9023407655961324,1.4660543184116095e-05,-1.4916370550738733,-1.7514494101153772,-1.5582907835589808,-1.4026787916766565,1.5708585977554321,-0.7063205877887171,0
144,1788171227.0280626,-0.06453444635298261,-0.56617706837708,0.21332365275718368,-1.2021498114875695,2.902451246352089,3.353691254654581e-05,-1.4915650526629847,-1.7550843397723597,-1.5538552443133753,-1.403480354939596,1.5708225965499878,-0.7061169783221644,0
145,1788171227.0693176,-0.06434965338994465,-0.5677562046361792,0.21322356107230106,-1.2020960847276128,2.9023724444063945,0.0003639476048330051,-1.4914692083941858,-1.7588990370379847,-1.5494673887835901,-1.4042823950396937,1.5708465576171875,-0.7060087362872522,0
146,1788171227.1098926,-0.06408364239884584,-0.5697063647127387,0.21325132558439608,-1.20210896892932,2.9024054967007964,0.00013085534122344976,-1.4912775198565882,-1.7633259932147425,-1.5440858046161097,-1.4050849119769495,1.5708585977554321,-0.7058165709124964,0
147,1788171227.1512606,-0.06386786093120293,-0.5712687396923735,0.21328024547586613,-1.2020455950426177,2.9023992973847306,0.00021561454940067552,-1.4911211172686976,-1.766960922871725,-1.5395901838885706,-1.406006161366598,1.5708705186843872,-0.7056244055377405,0
148,1788171227.190367,-0.06360933722333152,-0.572873118097848,0.21322145175759805,-1.202075842135973,2.9023744628075936,0.00039328477245472533,-1.4908817450152796,-1.7707398573504847,-1.535119358693258,-1.406809155141012,1.5708465576171875,-0.7054088751422327,0
149,1788171227.2296,-0.0633977645013744,-0.5745072953325269,0.21315028069173003,-1.2019543028808262,2.902523343937694,-0.00017130420822904325,-1.4907496611224573,-1.7743743101703089,-1.530959431325094,-1.4069646040545862,1.5708705186843872,-0.7051690260516565,0
150,1788171227.270763,-0.06312727195553806,-0.5760871077084129,0.21238441311058848,-1.2018772500219452,2.9024860856187535,0.00013948146252016496,-1.490497891102926,-1.778416935597555,-1.5279386679278772,-1.4061506430255335,1.5708705186843872,-0.7048810164081019,0
151,1788171227.3125877,-0.0629517938838233,-0.5776505759052561,0.2108019565537188,-1.2012190316285978,2.9027171849653364,0.00044833347127278976,-1.490401569996969,-1.782759968434469,-1.5266440550433558,-1.4033010641681116,1.5708465576171875,-0.7043412367450159,0
152,1788171227.3549502,-0.06268392414790931,-0.5792486080878977,0.20858805580039788,-1.2008007388108801,2.9028385581231197,0.0004973727363276407,-1.490173641835348,-1.7873542944537562,-1.526691738759176,-1.398703400288717,1.5708825588226318,-0.7038376967059534,0
153,1788171227.3956294,-0.06251427667283033,-0.5808181515779205,0.20566460189856736,-1.1998943077146071,2.9032101760788045,0.0006352155835024917,-1.4900897184955042,-1.7922371069537562,-1.5281904379474085,-1.3924062887774866,1.5708585977554321,-0.70313007036318,0
154,1788171227.4393528,-0.06231012511275529,-0.5828312617688087,0.20177424186719242,-1.1985125948768576,2.903863308592567,0.00026385899546214485,-1.4900181929217737,-1.798450771962301,-1.5305998961078089,-1.3835347334491175,1.5708585977554321,-0.7020867506610315,0
155,1788171227.4823906,-0.06207417295798563,-0.5844420732451752,0.1986834052843518,-1.1970874876509445,2.904558772124229,-9.96692840047034e-05,-1.489826504384176,-1.8034175078021448,-1.5324700514422815,-1.3764470259295862,1.5708345174789429,-0.7008875052081507,0
156,1788171227.5242126,-0.06187864180934834,-0.5859928032127415,0.1955011454891096,-1.1960393417866348,2.904881461601998,8.639108701462999e-05,-1.489730183278219,-1.8085396925555628,-1.5342677275287073,-1.3696706930743616,1.570894479751587,-0.7000959555255335,0
157,1788171227.567871,-0.06166937655836528,-0.5878755434913614,0.19159457623295809,-1.194660852203994,2.9054423908539455,0.00042480995086967646,-1.4896100203143519,-1.8148496786700647,-1.5364139715777796,-1.3614214102374476,1.5708345174789429,-0.6990283171283167,0
158,1788171227.6109293,-0.061469436380791095,-0.5895429587318709,0.1884776724382343,-1.19316095586833,2.9061552081173176,-0.00020099180404350991,-1.489514176045553,-1.8200443426715296,-1.5380438009845179,-1.3541901747332972,1.5708705186843872,-0.6978767553912562,0
159,1788171227.653005,-0.0612755640001379,-0.5910952877021075,0.18518745462866423,-1.1923913436701765,2.906365182613853,0.0003443084908828594,-1.489394489918844,-1.8254669348346155,-1.539626423512594,-1.3475454489337366,1.5708585977554321,-0.6972530523883265,0
160,1788171227.692645,-0.0610427604068762,-0.5930643941626448,0.18139628384049009,-1.1926359247620937,2.9063633863347436,1.888541479745472e-05,-1.4892624060260218,-1.8318851629840296,-1.5413644949542444,-1.3391640822040003,1.5708345174789429,-0.6972654501544397,0
161,1788171227.7352974,-0.0608598412808207,-0.5946298054928284,0.17814335348553553,-1.192741568792019,2.906224306766681,0.0003314811557058973,-1.489178482686178,-1.8373554388629358,-1.542778793965475,-1.3324959913836878,1.5708585977554321,-0.6972773710833948,0
162,1788171227.7798145,-0.060678070526534,-0.5962643786094742,0.1750363965017239,-1.1929066962338226,2.9062300959242697,-0.00012888737996655656,-1.4891064802752894,-1.842705551777975,-1.5440734068499964,-1.3255513350116175,1.5708825588226318,-0.697301212941305,0
163,1788171227.82147,-0.06053000033114098,-0.5979146485759277,0.17181597140581337,-1.1928925559708117,2.9062962424961327,-0.00021811358641370555,-1.4890707174884241,-1.8483083883868616,-1.5452597776996058,-1.3186910788165491,1.5708465576171875,-0.6972411314593714,0
164,1788171227.864213,-0.060349523970658604,-0.5997878570816124,0.1680197685011735,-1.1927589136125119,2.9063178132851775,-0.000190248148533503,-1.4890344778644007,-1.8548582235919397,-1.5466745535479944,-1.3107526938067835,1.5708705186843872,-0.6971209684955042,0
165,1788171227.9070597,-0.06023348462001406,-0.601304565689252,0.16466341468421722,-1.1927520875250965,2.906200618527903,0.0005449692907651789,-1.4890344778644007,-1.8605926672564905,-1.547861401234762,-1.3043111006366175,1.5708345174789429,-0.6971452871905726,0
166,1788171227.9497623,-0.060090898046105984,-0.6029439667443778,0.1615391516422482,-1.192780321389696,2.9062693847493986,-8.936525377946763e-06,-1.4890344778644007,-1.8661230246173304,-1.5488923231707972,-1.2973912397967737,1.5708705186843872,-0.6971452871905726,0
167,1788171227.9910617,-0.05991704176238352,-0.6048707424222912,0.15777157806457173,-1.1927616592987573,2.9063245140019798,-0.0001017544426576566,-1.4889987150775355,-1.8728888670550745,-1.549887482319967,-1.289560619984762,1.5708465576171875,-0.697085205708639,0
168,1788171228.0347378,-0.059801017386810804,-0.6064609574633418,0.15456390149970087,-1.1927533243100574,2.90630421220106,6.7472208067604525e-06,-1.4890225569354456,-1.8786476294146937,-1.550678555165426,-1.2830832640277308,1.5708465576171875,-0.6971090475665491,0
169,1788171228.0732868,-0.05966446427668505,-0.608127122535014,0.1513963714479471,1.1926961448650755,-2.9063621386049325,0.0003701595713144104,-1.4890225569354456,-1.8844416777240198,-1.5513737837420862,-1.2763422171222132,1.5708465576171875,-0.6970613638507288,0
170,1788171228.1117787,-0.05952995010393286,-0.6096677873020323,0.14814988432602347,-1.1926329245253586,2.906308730505695,2.5318502221484937e-05,-1.4890225569354456,-1.8902843634234827,-1.5520570913897913,-1.2700918356524866,1.5708825588226318,-0.6970370451556605,0
171,1788171228.1489294,-0.059421670376512185,-0.6112996618822779,0.14494614606013068,-1.1926764940754582,2.906363597770592,-5.8194830431736545e-05,-1.4890463987933558,-1.8961871306048792,-1.5526083151446741,-1.263566795979635,1.5708345174789429,-0.6970732847796839,0
172,1788171228.1885848,-0.05931324830171387,-0.612934564683454,0.14179806190055255,-1.1925993838544011,2.906424236907898,-0.00044011115515384846,-1.4891064802752894,-1.9020293394671839,-1.5531118551837366,-1.2569811979876917,1.5708825588226318,-0.6970732847796839,0
173,1788171228.2261505,-0.059279332191527534,-0.6142299648734257,0.1392249819898757,1.192543901729221,-2.9063877094869888,0.0004144259223334496,-1.4892023245440882,-1.9068282286273401,-1.5534237066852015,-1.2518685499774378,1.5708225965499878,-0.6971452871905726,0
174,1788171228.2679267,-0.05918581499804147,-0.615780805645032,0.13597005215920593,-1.1928841476995677,2.906226459790663,-7.541993306874323e-06,-1.489274803792135,-1.9128626028644007,-1.5537713209735315,-1.2457736174212855,1.5708705186843872,-0.6974571386920374,0
175,1788171228.3103297,-0.059171448252609005,-0.6173938433937992,0.13284879721376663,-1.1933504634149565,2.906070517968056,-0.00016959031408647355,-1.4894664923297327,-1.9188130537616175,-1.553950611745016,-1.2395356337176722,1.5708705186843872,-0.6979611555682581,0
176,1788171228.3529146,-0.05910017066060164,-0.6193730266117541,0.1291384002936189,-1.1944617874626497,2.905651477762547,-0.0004643570760486181,-1.489621941243307,-1.9260347525226038,-1.553939167653219,-1.232136074696676,1.570894479751587,-0.6988723913775843,0
177,1788171228.3939812,-0.05905583938320274,-0.6209555126274898,0.12668594480370235,1.195552662417672,-2.9051846815523636,0.0005699591399250561,-1.4897545019732874,-1.9314692656146448,-1.5529683271991175,-1.227598015462057,1.5708825588226318,-0.6997602621661585,0
178,1788171228.4361308,-0.05902406559822605,-0.6225059021604478,0.12480010310035156,-1.196136002036567,2.904919472571907,-8.194062912186928e-05,-1.4898980299579065,-1.9365680853473108,-1.5508101622210901,-1.224975887929098,1.5708585977554321,-0.7003114859210413,0
179,1788171228.4762003,-0.059038486379121936,-0.6240690672906078,0.12387389007100325,-1.196288458063721,2.904843180595095,-2.06180738932529e-05,-1.4901259581195276,-1.9408271948443812,-1.547286335621969,-1.2242816130267542,1.5708585977554321,-0.7006476561175745,0
180,1788171228.5170395,-0.059018205385687264,-0.6260102577645508,0.12364635920228847,-1.1959871710295578,2.9049514717483085,0.00011281769266659373,-1.4903414885150355,-1.945385758076803,-1.541412655507223,-1.2256820837603968,1.5708465576171875,-0.7006595770465296,0
181,1788171228.557866,-0.05904726318484614,-0.6275984541293927,0.12366902638373914,-1.195950289075154,2.904962227184227,0.00013275898543783552,-1.490593735371725,-1.9489372412311,-1.5362938086139124,-1.2272627989398401,1.5708465576171875,-0.7008875052081507,0
182,1788171228.5990465,-0.05900949696438397,-0.6292699561520338,0.12374811710614292,-1.196094614856577,2.904964503280867,-0.0003317094829490117,-1.4907615820514124,-1.9524877707110804,-1.531091038380758,-1.2286160627948206,1.5708825588226318,-0.7011397520648401,0
183,1788171228.6406412,-0.05927535077216823,-0.6308489043269978,0.12368105224589368,-1.196325204545017,2.904784888029966,-7.160292914884041e-05,-1.4913972059832972,-1.9562190214740198,-1.5258892218219202,-1.2302683035479944,1.5709065198898315,-0.7019546667682093,0
184,1788171228.6815689,-0.060019943234472954,-0.6324139504032605,0.12367546702824864,-1.1966637363342436,2.9046667440678857,7.746294318855993e-05,-1.4927642981158655,-1.9599264303790491,-1.5205662886248987,-1.2319682280169886,1.5708585977554321,-0.7035496870623987,0
185,1788171228.7231598,-0.060811908663618706,-0.6339991850528623,0.1237462223612866,-1.1965607456720389,2.9047608445472752,-9.282094472144053e-05,-1.4942153135882776,-1.9635494391070765,-1.5151966253863733,-1.2335971037494105,1.5708465576171875,-0.7049172560321253,0
186,1788171228.7635555,-0.06169201452658842,-0.6356039570640979,0.12370318278281861,-1.1964783781502644,2.904761457636708,-0.00018676360740039254,-1.4958227316485804,-1.9673646132098597,-1.5098260084735315,-1.235105339680807,1.570894479751587,-0.7064760367022913,0
187,1788171228.8050122,-0.06250858827718757,-0.637269623290728,0.12371900508643369,1.1963826498738388,-2.904822085141968,0.0003466831906573537,-1.4972851912127894,-1.97121507326235,-1.5042522589312952,-1.2366979757892054,1.5708225965499878,-0.707867447529928,0
188,1788171228.8437731,-0.06344594841030672,-0.6391339094432893,0.12374486423304767,-1.1963894368171513,2.9047894013959845,-8.732728384441761e-05,-1.499000374470846,-1.9756901899920862,-1.4976475874530237,-1.239021126423971,1.5708825588226318,-0.7095945517169397,0
189,1788171228.8849385,-0.06406424168779339,-0.6404365474060462,0.12374040228535665,-1.196534388321286,2.904746020396567,-9.857285297191546e-05,-1.500115696583883,-1.9787614981280726,-1.4932001272784632,-1.2403858343707483,1.5708705186843872,-0.7108057180987757,0
190,1788171228.9256864,-0.06513804280972509,-0.6423154636968952,0.12367078036473955,-1.19604520913447,2.9049389790916953,0.0002366001004009768,-1.501986328755514,-1.983380142842428,-1.4866073767291468,-1.2425649801837366,1.5708105564117432,-0.712341610585348,0
191,1788171228.9666228,-0.0659518280734169,-0.6438858637440162,0.12344076118878972,-1.196246127877157,2.9047856602508073,0.00024486385307514265,-1.5034497419940394,-1.9873030821429651,-1.4814890066729944,-1.2437861601458948,1.5708705186843872,-0.7139604727374476,0
192,1788171229.0090995,-0.06668475867185539,-0.645523760406373,0.12250495512954704,-1.1961172389711918,2.904915224053978,3.15776985137229e-05,-1.5047567526446741,-1.9918139616595667,-1.4774373213397425,-1.2431758085833948,1.5708465576171875,-0.7151601950274866,0
193,1788171229.0495088,-0.06736277612636156,-0.6470833969123959,0.12062157335869933,-1.1964413141825878,2.904712813487364,0.0003866114506523669,-1.50596791902651,-1.9970324675189417,-1.474776569996969,-1.2408526579486292,1.5708345174789429,-0.7166112104998987,0
194,1788171229.0904992,-0.06804616898768194,-0.6486874361190593,0.11799304247426523,-1.1963418775634007,2.9047172431978607,0.000365367679003892,-1.5072029272662562,-2.0028393904315394,-1.4732897917376917,-1.236530605946676,1.5708705186843872,-0.7177866140948694,0
195,1788171229.1284885,-0.06884537827986287,-0.6503389504794291,0.1147799175861213,-1.195868439094237,2.9050034408836662,9.148919795623284e-05,-1.5085943380938929,-2.009174172078268,-1.4726184050189417,-1.2306750456439417,1.5708465576171875,-0.7188299337970179,0
196,1788171229.1674743,-0.06969027914280643,-0.6518154038125624,0.1115669291565208,-1.1961962541887297,2.904810103489021,0.00028004596326319255,-1.510045353566305,-2.0153043905841272,-1.4721391836749476,-1.2251551787005823,1.5708585977554321,-0.7205207983600062,0
197,1788171229.206605,-0.07112214731757541,-0.6530037157590107,0.10833238165113881,-1.1962938445091564,2.904748113132678,0.000427347544678316,-1.5123594442950647,-2.0209668318377894,-1.4724028746234339,-1.2193244139300745,1.5708465576171875,-0.7229073683368128,0
198,1788171229.2458751,-0.07264893906028891,-0.6539994367225087,0.10519695015351538,-1.196455919705269,2.9047954519578854,5.001243720452184e-06,-1.51479417482485,-2.026017967854635,-1.4733975569354456,-1.2129901091205042,1.5708345174789429,-0.7254260222064417,0
199,1788171229.2852476,-0.07400836470296526,-0.6541767109591312,0.10200638660728856,-1.1964501404205108,2.9047303048129183,0.00022764885173366835,-1.516904656087057,-2.02948505083193,-1.476814095173971,-1.2062609831439417,1.5708465576171875,-0.727548901234762,0
200,1788171229.3291156,-0.07457044643947769,-0.6542172879620484,0.09871192503654908,-1.196534332825546,2.9046869154451067,0.0003199832649645039,-1.5177682081805628,-2.032543961201803,-1.4811652342425745,-1.198909107838766,1.5708345174789429,-0.7284725348102015,0
201,1788171229.3738253,-0.07470467779225183,-0.6543292823116605,0.0956635946872132,1.196382037782647,-2.904810755450929,0.0004290900188459493,-1.5179837385760706,-2.035255257283346,-1.485528294240133,-1.191329304371969,1.5708345174789429,-0.7285683790790003,0
202,1788171229.4161534,-0.07474080733946414,-0.6542292058006334,0.09179187175737949,-1.196300493710085,2.904811438192704,3.268312795148308e-05,-1.5180438200580042,-2.038602654133932,-1.4909828344928187,-1.1828516165362757,1.5708705186843872,-0.7285803000079554,0
203,1788171229.4589565,-0.07475760352002143,-0.6542137920636206,0.08858272596432828,-1.1962414624521687,2.904864787595481,8.323071024686717e-05,-1.5180557409869593,-2.0414698759662073,-1.495441738759176,-1.175546948109762,1.5708345174789429,-0.7285445372210901,0
204,1788171229.499944,-0.07475101285461927,-0.6542343545220167,0.08467796534348132,-1.1963259753195563,2.9048221682903197,1.4371527897801598e-06,-1.5180557409869593,-2.045081440602438,-1.5007160345660608,-1.1666143576251429,1.5708585977554321,-0.7286046187030237,0
205,1788171229.5425253,-0.074750233248371,-0.6542065665497265,0.08213767357294038,-1.196234297186577,2.9048473924626292,0.00016732200655028993,-1.5180438200580042,-2.0474327246295374,-1.504120175038473,-1.1609624067889612,1.5708345174789429,-0.7285326162921351,0
206,1788171229.5839753,-0.07475135037370337,-0.6542279608238801,0.07832608859368906,-1.1962738822580137,2.9048451604857872,-4.920729040284285e-06,-1.5180557409869593,-2.0510557333575647,-1.5091665426837366,-1.1521852652179163,1.5708585977554321,-0.7285683790790003,0
207,1788171229.625155,-0.07477090498395211,-0.6542092362516666,0.0751672511195213,-1.19625743106302,2.9048563553123348,3.385286769826059e-05,-1.5180800596820276,-2.0540788809405726,-1.5133021513568323,-1.1450484434710901,1.5708465576171875,-0.7285803000079554,0
208,1788171229.666448,-0.07478637586318325,-0.6542620453191086,0.0719845042680132,-1.196225045600528,2.9049252289313925,-0.0001386587836833895,-1.5181039015399378,-2.057270352040426,-1.5172942320453089,-1.1377442518817347,1.5708345174789429,-0.7285683790790003,0
209,1788171229.707969,-0.07475789252796808,-0.6543030381455323,0.06878047735878756,1.1962662756602043,-2.9048758342204963,0.0004141591111980277,-1.5180676619159144,-2.0604732672320765,-1.521357838307516,-1.1302960554706019,1.5708465576171875,-0.7285683790790003,0
210,1788171229.748017,-0.07476549156254517,-0.6542080138156839,0.06554244977524687,-1.1962494848329726,2.9048370607836156,1.3601628765987822e-05,-1.5180800596820276,-2.06366473833193,-1.525421444569723,-1.1233380476581019,1.5708705186843872,-0.7285803000079554,0
211,1788171229.7871418,-0.07479131431040209,-0.6541593216128683,0.0623492218708028,-1.196153181149565,2.90479993209552,0.0003308695864993706,-1.5181158224688929,-2.066928211842672,-1.5292814413653772,-1.1164286772357386,1.5708705186843872,-0.7285683790790003,0
212,1788171229.8278046,-0.07484626688533508,-0.6542037920484901,0.06001153500656825,-1.1961445203474392,2.904877225181186,8.268874602907976e-05,-1.5181997458087366,-2.069399658833639,-1.532074276600973,-1.110992733632223,1.5708585977554321,-0.7286284605609339,0
213,1788171229.8683739,-0.07483259913838675,-0.6544634123607651,0.05827408782512761,1.1961574302156992,-2.904957722046951,0.00031796811165751447,-1.5181997458087366,-2.071667019520895,-1.5335124174701136,-1.1070168654071253,1.5708585977554321,-0.7286165396319788,0
214,1788171229.9089804,-0.07483765751293547,-0.6548587476463642,0.05764392086831999,-1.1961208300579973,2.904919992401464,-0.00016721846575198416,-1.5182479063617151,-2.073214832936422,-1.5328295866595667,-1.1062620321856897,1.5708825588226318,-0.728652302418844,0
215,1788171229.9501865,-0.0748297262695471,-0.6558065110454628,0.057592803456768205,-1.1962019458280917,2.904920261949383,-0.00024927790900639767,-1.5183079878436487,-2.0752537886248987,-1.5297606627093714,-1.107232395802633,1.5708705186843872,-0.728760067616598,0
216,1788171229.9907122,-0.07470200157969245,-0.6572982261716181,0.05763403269986711,1.1962003172830225,-2.904916305594844,0.0003590365277279989,-1.518224064503805,-2.078313652669088,-1.5248101393329065,-1.1090405623065394,1.5708465576171875,-0.7286761442767542,0
217,1788171230.0336692,-0.07451541921698736,-0.6588951934405223,0.057423480005990596,-1.1963236004850473,2.904818360136626,-9.230670401088105e-05,-1.5180800596820276,-2.0819605032550257,-1.519559685383932,-1.1108368078814905,1.5708825588226318,-0.7286284605609339,0
218,1788171230.075227,-0.07442718227855394,-0.6604653570878044,0.057474830174463476,-1.1963601148157228,2.904806716402159,-4.9291477070468294e-05,-1.5180676619159144,-2.085235897694723,-1.5141895453082483,-1.1129563490497034,1.5708705186843872,-0.728640381489889,0
219,1788171230.1155474,-0.07435797467351364,-0.661879066895429,0.057498837750041,-1.1963609838583138,2.904712496415365,0.0002814871030485366,-1.5180800596820276,-2.088295284901754,-1.5091784636126917,-1.1151354948626917,1.5708825588226318,-0.7286761442767542,0
220,1788171230.1558375,-0.0743619505249796,-0.6632023770703609,0.05754404998895071,-1.196396811684975,2.904748328426516,0.00012946103486420415,-1.5181878248797815,-2.0910304228412073,-1.5047076384173792,-1.1167643705951136,1.5708705186843872,-0.7287963072406214,0
221,1788171230.1972692,-0.07475406704913502,-0.6637798290152723,0.05752045922051527,-1.1963184859527234,2.9048551211726767,4.84056824259537e-05,-1.5188115278827112,-2.0923503080951136,-1.5026820341693323,-1.1173985640155237,1.5708225965499878,-0.7293480078326624,0
222,1788171230.2407331,-0.0751463394640602,-0.664089357146111,0.05754146902938756,-1.1966389866024993,2.904691209270052,-4.662302212016859e-05,-1.5194466749774378,-2.093069855366842,-1.5014832655536097,-1.1178305784808558,1.5708705186843872,-0.7302115599261683,0
223,1788171230.2802484,-0.07542913347309123,-0.6643048574256674,0.05755514624133909,1.1965891465119658,-2.9047707875774162,0.00024037558084189834,-1.519879166279928,-2.0935261885272425,-1.5007522741900843,-1.1179617086993616,1.5708345174789429,-0.7305954138385218,0
224,1788171230.318263,-0.07565505559162385,-0.6644715185123539,0.05756736355728875,-1.196431939928979,2.9048335643016983,-0.0003375672383216825,-1.5202506224261683,-2.093909565602438,-1.5001166502581995,-1.1181653181659144,1.5708825588226318,-0.7308591047870081,0
225,1788171230.3591301,-0.07592699510221884,-0.6645838201098774,0.05754960662553629,-1.196159406401389,2.904913365879451,-3.4872705743639575e-05,-1.520658318196432,-2.0943053404437464,-1.499481503163473,-1.11859637895693,1.5708465576171875,-0.7310870329486292,0
226,1788171230.400997,-0.0761534812209774,-0.6646964468659493,0.057340987434643415,-1.196064042432188,2.9048804694812076,0.00014806076185018912,-1.521017853413717,-2.0948694388019007,-1.4991334120379847,-1.1185124556170862,1.5708705186843872,-0.7313984076129358,0
227,1788171230.445599,-0.07641728716344212,-0.6648106895597091,0.05621702107219004,-1.195965222981619,2.904837219971315,0.0004910059294826912,-1.5214255491839808,-2.096429173146383,-1.4997571150409144,-1.1165607611285608,1.5708705186843872,-0.7317584196673792,0
228,1788171230.4867585,-0.07671995768855855,-0.6650628973933105,0.05422144211119592,-1.1959178496047587,2.904970000374772,0.00014006095001154346,-1.5218938032733362,-2.099020306264059,-1.5013273398028772,-1.1121538321124476,1.5708465576171875,-0.7321665922748011,0
229,1788171230.528121,-0.07688688329858334,-0.6652661440345384,0.051660569340501505,1.195979516670401,-2.905019425516786,0.00024879859482935255,-1.5221570173846644,-2.10207969347109,-1.5037606398211878,-1.106394116078512,1.5708345174789429,-0.7324541250811976,0
230,1788171230.5711453,-0.07692898100857094,-0.665260261905891,0.048301742453140506,-1.1958866571038482,2.904892298501994,0.00028481847747257086,-1.522240940724508,-2.1057990233050745,-1.5072372595416468,-1.0995801130877894,1.570894479751587,-0.7325142065631312,0
231,1788171230.613888,-0.07693874303085632,-0.6652918291148809,0.04530772622196577,-1.1959986336779274,2.9049675033685074,0.0001829701452644489,-1.522229019795553,-2.1090505758868616,-1.5105693976031702,-1.0928977171527308,1.5708105564117432,-0.7325499693499964,0
232,1788171230.6560853,-0.07692410506187995,-0.6653670712044313,0.04285362446758875,1.196069694525666,-2.9049905490835055,0.0003278118012371309,-1.522229019795553,-2.1117613951312464,-1.5133021513568323,-1.0871260801898401,1.5708585977554321,-0.7325862089740198,0
233,1788171230.6997044,-0.07700186075238953,-0.665353968068048,0.041740253997096355,1.1960389577392594,-2.904967054045397,0.00036239276685700895,-1.5223372618304651,-2.1129615942584437,-1.5145610014544886,-1.084635082875387,1.5708345174789429,-0.7326820532428187,0
234,1788171230.7398791,-0.07698539999926324,-0.6653048978417504,0.04130351653470954,-1.1961611487303538,2.9049156291946083,-4.6985850491438375e-05,-1.5223129431353968,-2.113417450581686,-1.5150168577777308,-1.0839408079730433,1.5708465576171875,-0.7327421347247522,0
235,1788171230.7838974,-0.07693160096339652,-0.6656438083776446,0.04139233226792727,-1.196261324530995,2.9049110188428227,-0.00030869056009689505,-1.5222647825824183,-2.1139567534076136,-1.513925854359762,-1.0843241850482386,1.5708705186843872,-0.7327540556537073,0
236,1788171230.8256762,-0.07644283194716224,-0.6665515449845051,0.04114516971410492,-1.196322217825048,2.904763894879594,0.0001895815824753865,-1.5215938727008265,-2.116140667592184,-1.5109770933734339,-1.0854256788836878,1.5708705186843872,-0.732154671345846,0
237,1788171230.8688798,-0.07606138851742576,-0.6677797916851569,0.04122779199166124,1.1965577990290277,-2.9047930104438535,0.00025796998676014466,-1.521102253590719,-2.118420426045553,-1.5070932547198694,-1.0867188612567347,1.5708465576171875,-0.7317946592914026,0
238,1788171230.9112775,-0.07586883950764226,-0.6690256022595072,0.041204293096987143,-1.1965308435564843,2.9047767412266436,-0.0001584042063382664,-1.5209100882159632,-2.121047321950094,-1.5028374830829065,-1.088419262562887,1.5708585977554321,-0.7315905729876917,0
239,1788171230.9526298,-0.07579523181619885,-0.6698028678958832,0.04124575815638129,1.196606908096437,-2.9047627491414922,0.00041173728721558326,-1.5208619276629847,-2.122558895741598,-1.500284496937887,-1.0892937819110315,1.5708705186843872,-0.7315905729876917,0
240,1788171230.994512,-0.07581904411208881,-0.6698093529841773,0.041231324465170444,1.1965415734700597,-2.9048027679530573,0.00035808831980103033,-1.520898167287008,-2.1226075331317347,-1.5002363363849085,-1.0893295446978968,1.5708705186843872,-0.7315786520587366,0
241,1788171231.0366225,-0.07579403955279705,-0.6698267246421015,0.04123620021697627,1.196589655650746,-2.9047700303298423,0.000411031517025383,-1.5208619276629847,-2.1226194540606897,-1.5002124945269983,-1.0893057028399866,1.5708705186843872,-0.7315786520587366,0
242,1788171231.079421,-0.07581849862783699,-0.6698202758612369,0.04125804902778715,1.1965527542873817,-2.9047807394935825,0.00042938437602315217,-1.520898167287008,-2.1225832144366663,-1.5002124945269983,-1.0893295446978968,1.5708705186843872,-0.7315905729876917,0
243,1788171231.1194582,-0.07577551773482637,-0.6698303155639606,0.041255392808153074,1.1965095301087334,-2.9047741467607158,0.000416805052835917,-1.5208261648761194,-2.1225951353656214,-1.5002005735980433,-1.0893295446978968,1.5708465576171875,-0.7314947287188929,0
244,1788171231.1578226,-0.07577032795189247,-0.6698245696086289,0.04124187212568958,1.1962248195050533,-2.9049246496144154,0.00039338638717125146,-1.5208261648761194,-2.1226075331317347,-1.5002124945269983,-1.0893295446978968,1.5708705186843872,-0.7312906424151819,0
245,1788171231.1960092,-0.07576835642697277,-0.6698089598093456,0.04109711873300742,-1.1962047798811184,2.904925164854081,-0.00032910744157826796,-1.5208261648761194,-2.122751061116354,-1.5003803412066858,-1.0890658537494105,1.5708825588226318,-0.7312787214862269,0
246,1788171231.2346456,-0.07575515795063513,-0.6696998520459861,0.04026199373507158,-1.196185888262053,2.9047790420675472,0.0004141327241367134,-1.520789925252096,-2.1236146132098597,-1.5012314955340784,-1.0878446737872522,1.5708585977554321,-0.7312668005572718,0
247,1788171231.2740424,-0.0757340133296837,-0.6696465397065807,0.03861364812033061,-1.1962539953797835,2.904649431034701,0.0008299084130129359,-1.5207541624652308,-2.1254146734820765,-1.5029457251178187,-1.0846112410174769,1.5708585977554321,-0.731302563344137,0
248,1788171231.313447,-0.07569883824305274,-0.6696055993138212,0.03627078716744117,-1.1962155573179156,2.9045561691962942,0.001163932178952635,-1.5207064787494105,-2.1280058065997522,-1.5053790251361292,-1.0798209349261683,1.5708825588226318,-0.7312548796283167,0
249,1788171231.3524847,-0.07571094535865175,-0.6696865924180296,0.034215903896608696,-1.1962295357907484,2.9046883586881234,0.0007684812363495663,-1.5207183996783655,-2.130369488392965,-1.507500950490133,-1.0750554243670862,1.5708465576171875,-0.7312429586993616,0
250,1788171231.3944693,-0.07568946531351707,-0.6697925651177868,0.033138531973550156,-1.1963322957263485,2.904790314423986,8.355222909646044e-06,-1.5207064787494105,-2.1316168943988245,-1.5086992422686976,-1.0721090475665491,1.5708825588226318,-0.7312668005572718,0
251,1788171231.4385536,-0.075688879585951,-0.6698591484877141,0.0328121657741621,-1.196327713014912,2.9048774983097334,-0.00028466483277596636,-1.5207064787494105,-2.1320489088641565,-1.508986775075094,-1.0711873213397425,1.5708705186843872,-0.7312429586993616,0
252,1788171231.482614,-0.07567281569347999,-0.669856478425952,0.03274362433975944,1.1963761591615558,-2.9048456300567134,0.00046186673812807815,-1.520682160054342,-2.132073227559225,-1.5091784636126917,-1.0708516279803675,1.5708705186843872,-0.7312548796283167,0
253,1788171231.5251439,-0.07568597077300085,-0.6698068207869712,0.03163124176624968,-1.1964162460603818,2.9047954952590436,-4.190521917511997e-05,-1.5206940809832972,-2.1333330313311976,-1.5102456251727503,-1.0688040892230433,1.5708585977554321,-0.731302563344137,0
254,1788171231.567396,-0.07568253233748035,-0.6697170802884119,0.029510449149494328,-1.196290834490888,2.9047368776217057,0.0004099150646545695,-1.520682160054342,-2.135671917592184,-1.512451473866598,-1.0645645300494593,1.5708585977554321,-0.7312310377704065,0
255,1788171231.6082,-0.0756883760449091,-0.6697045110626194,0.02696354267562251,-1.1962252387376517,2.9047270959346303,0.0005046097329423454,-1.5206940809832972,-2.138599220906393,-1.5149930159198206,-1.0591638723956507,1.5708705186843872,-0.7312067190753382,0
256,1788171231.6485662,-0.07568055872082483,-0.669702100004919,0.024475826337333167,-1.1962820053384364,2.904666304184661,0.000657790429327576,-1.520682160054342,-2.141515080128805,-1.5173781553851526,-1.0539663473712366,1.5708705186843872,-0.7312429586993616,0
257,1788171231.6901908,-0.0756781397752673,-0.6697503282816967,0.02296292827652932,-1.1963104229716852,2.904735270275383,0.0003274162355226758,-1.520682160054342,-2.1433022657977503,-1.518888298665182,-1.050445858632223,1.5708705186843872,-0.7312429586993616,0
258,1788171231.7303512,-0.07567398904154177,-0.6698874141853178,0.022359390160321707,1.1963780263330597,-2.9048009894600493,0.0005855057075206964,-1.520682160054342,-2.1440699736224573,-1.5195477644549769,-1.0483978430377405,1.5708585977554321,-0.7312668005572718,0
259,1788171231.77245,-0.07566624309680355,-0.6699383974478231,0.022375982797402993,1.1963742030975826,-2.9047425339172643,0.0007747316996747874,-1.520670239125387,-2.1441057364093226,-1.5194757620440882,-1.0483019987689417,1.5708465576171875,-0.7312668005572718,0
260,1788171231.8138711,-0.07564254769596171,-0.6701432033566099,0.022334669439185967,1.1963965906571283,-2.9047968814911744,0.0006270617103335505,-1.520658318196432,-2.1446102301227015,-1.5187204519854944,-1.0486610571490687,1.5708705186843872,-0.7312548796283167,0
261,1788171231.8536003,-0.07562806420403351,-0.6708579241824891,0.02221506030786427,-1.1963619514962283,2.9048111818117723,4.207244665296612e-05,-1.520682160054342,-2.1463735739337366,-1.5159876982318323,-1.0500739256488245,1.5708465576171875,-0.7312548796283167,0
262,1788171231.893875,-0.07562830178421182,-0.6718068670888431,0.02224739312934651,-1.196296332450629,2.904801334923237,2.3879245556892294e-05,-1.5207660833941858,-2.148292843495504,-1.5126670042621058,-1.0514758268939417,1.5708825588226318,-0.731302563344137,0
263,1788171231.9360209,-0.07565104283730474,-0.673283116354292,0.022324656578825708,-1.1962061327512488,2.9048793107941884,2.5819911697517666e-05,-1.520898167287008,-2.1512449423419397,-1.5074766317950647,-1.0537026564227503,1.5708465576171875,-0.7313626448260706,0
264,1788171231.9771123,-0.07568622164675963,-0.6743411406668882,0.022256568424259632,-1.1962794664973297,2.904807586716982,2.6661722255969206e-05,-1.5210416952716272,-2.1535242239581507,-1.5038331190692347,-1.0550802389727991,1.5708825588226318,-0.7315667311297815,0
265,1788171232.018248,-0.07600627093364778,-0.6745475056514589,0.02225406200525562,-1.1962774772481584,2.9048538901363976,9.526860571177902e-06,-1.5215218702899378,-2.1540163199054163,-1.5030177275287073,-1.0553792158709925,1.5708465576171875,-0.7320345083819788,0
266,1788171232.0579317,-0.07597766747920498,-0.6745852303172815,0.022252031660565913,-1.1961823768719593,2.904919961195506,-0.0001570142876544275,-1.5214861075030726,-2.1540520826922815,-1.502993408833639,-1.0552595297442835,1.5708585977554321,-0.7319267431842249,0
267,1788171232.1002276,-0.07599876863095763,-0.6745885756941526,0.0222761434229011,-1.1961811411173868,2.9049169544579705,-0.00019857378667601834,-1.5215218702899378,-2.1540282408343714,-1.5029695669757288,-1.0552833716021937,1.5708705186843872,-0.7319625059710901,0
268,1788171232.1423876,-0.07600636828901279,-0.6745455314730984,0.022227161319404692,-1.1961179149489278,2.9049109651937943,4.482105378505255e-05,-1.5215218702899378,-2.1540520826922815,-1.5030296484576624,-1.0553553740130823,1.5708465576171875,-0.7319267431842249,0
269,1788171232.185653,-0.07601077758042031,-0.6745624705312842,0.022244087511804594,-1.1961543644234935,2.904901121867694,-3.279664125684511e-05,-1.5215337912188929,-2.1540520826922815,-1.502993408833639,-1.0553434530841272,1.5708585977554321,-0.7319625059710901,0
270,1788171232.2244065,-0.07602406346079786,-0.6745668336745668,0.022103511890098793,-1.196104320569295,2.9049762997519153,-0.0001429433652765699,-1.521545712147848,-2.154196087514059,-1.5031855742083948,-1.0549243132220667,1.5708345174789429,-0.7319267431842249,0
271,1788171232.2650876,-0.07602039280287257,-0.6744790868397432,0.02101436892604258,-1.1952062211193342,2.905171490319749,0.0005706708140006816,-1.5215337912188929,-2.1554558912860315,-1.504120175038473,-1.0532119909869593,1.5708345174789429,-0.7313388029681605,0
272,1788171232.303729,-0.0759982242991659,-0.6744885515514498,0.019484003788342336,-1.1934292733137992,2.9058524166458453,0.0004927860332459963,-1.5215218702899378,-2.15725547472109,-1.505582634602682,-1.0499184767352503,1.570894479751587,-0.7301157156573694,0
273,1788171232.343821,-0.07600662721143082,-0.6745402810104074,0.01801866398407198,-1.1906117799433715,2.9071245827400882,0.00024064062666266675,-1.5215218702899378,-2.1590188185321253,-1.5069611708270472,-1.046589199696676,1.5708465576171875,-0.7281487623797815,0
274,1788171232.3817177,-0.07600084977756393,-0.674601628839099,0.017116629023307267,-1.1885158420175874,2.9080721301475134,-0.00018726659228654203,-1.5215218702899378,-2.1601102987872522,-1.507848087941305,-1.044326130543844,1.5708585977554321,-0.7266853491412562,0
275,1788171232.4226928,-0.07600207810332284,-0.6745214659804883,0.016569511130144654,-1.1870755827038844,2.908531406613524,0.00028911674065869346,-1.5215218702899378,-2.16071063676943,-1.5083521048175257,-1.0435474554644983,1.5708705186843872,-0.7257259527789515,0
276,1788171232.4637153,-0.07600569057171769,-0.6745592742441305,0.016671482750945626,-1.1871285613954956,2.9086116260387676,-1.846153624143748e-05,-1.5215218702899378,-2.1605899969684046,-1.5083163420306605,-1.043487850819723,1.5708465576171875,-0.7257378737079065,0
277,1788171232.5066125,-0.07602163205595602,-0.6745621038559448,0.01664177352291446,-1.1870758749237909,2.9085836307811976,1.576281763344785e-05,-1.5215581099139612,-2.160650078450338,-1.508292023335592,-1.043487850819723,1.5708825588226318,-0.7257497946368616,0
278,1788171232.5505345,-0.0760142144992295,-0.674548580389122,0.016628972262949154,-1.1871006979879444,2.908592918402264,0.00010589243240776282,-1.5215337912188929,-2.160650078450338,-1.5083163420306605,-1.043511692677633,1.5708465576171875,-0.7257378737079065,0
279,1788171232.5927336,-0.0760236234589505,-0.6745757603626915,0.0164823334761926,-1.1871230515556859,2.9086476746627676,-0.00010121487776628653,-1.521545712147848,-2.160830322896139,-1.5084832350360315,-1.0430205504046839,1.5708345174789429,-0.7257497946368616,0
280,1788171232.6362433,-0.07600859826913438,-0.6745514052773196,0.015460210995487833,-1.1868928351171248,2.908682214510282,-2.5996628210895528e-05,-1.5215337912188929,-2.1620176474200647,-1.5094664732562464,-1.0409134070025843,1.5708705186843872,-0.7255938688861292,0
281,1788171232.6810803,-0.07602139939359377,-0.6745092132946181,0.013603140785793999,-1.1854844726309572,2.909219501349504,0.0001837864074485988,-1.521545712147848,-2.164201561604635,-1.5112045446978968,-1.037128750477926,1.5708585977554321,-0.7246463934527796,0
282,1788171232.7238247,-0.07601430111319102,-0.6745421066126801,0.01188197666025173,-1.1834880107478996,2.9100104748152225,0.00016085213016619077,-1.521545712147848,-2.1663368383990687,-1.5126670042621058,-1.0335238615619105,1.5708825588226318,-0.7232793013202112,0
283,1788171232.7664678,-0.07601359157656884,-0.6746123359444488,0.01093140494464645,-1.1814694618982016,2.9109480518469737,-0.0002704237023176144,-1.521545712147848,-2.167525116597311,-1.5135424772845667,-1.0311649481402796,1.5708705186843872,-0.7218640486346644,0
284,1788171232.8070004,-0.07601358155372215,-0.6746701773485984,0.010991227041646456,1.1814265947407658,-2.9109439503974044,0.0006391934421983378,-1.5215581099139612,-2.1674888769732874,-1.5134943167315882,-1.0310090223895472,1.570894479751587,-0.7218521277057093,0
285,1788171232.8473659,-0.07601151842827039,-0.6746543957606629,0.0109245012312435,1.1815016153934694,-2.910927670231882,0.000466275089941803,-1.521545712147848,-2.167572800313131,-1.5135186354266565,-1.0310090223895472,1.5708705186843872,-0.7218878904925745,0
286,1788171232.8869002,-0.07600921457008145,-0.6746499938195457,0.010954159393993301,1.1815233645557326,-2.910881687399469,0.0005068769961363026,-1.5215337912188929,-2.1675131956683558,-1.5135424772845667,-1.0310090223895472,1.5708465576171875,-0.7218998114215296,0
287,1788171232.926426,-0.0760115069900891,-0.6746593175451029,0.010959541839517417,1.1814496302553328,-2.9108991882532202,0.0005013435528361098,-1.5215337912188929,-2.167525116597311,-1.5135062376605433,-1.0310328642474573,1.5708345174789429,-0.7218521277057093,0
288,1788171232.9678152,-0.07598992941525538,-0.674656755696329,0.01093557825627775,1.181614862619661,-2.910905937468328,0.00047940640166254446,-1.5215218702899378,-2.167560879384176,-1.5135062376605433,-1.0310328642474573,1.570894479751587,-0.721936051045553,0
289,1788171233.010098,-0.07601416248907818,-0.6746560348469264,0.010969283934737117,1.1815290610923999,-2.910895715121382,0.0004961509554619665,-1.521545712147848,-2.1675131956683558,-1.5134943167315882,-1.0310686270343226,1.5708585977554321,-0.7219117323504847,0
290,1788171233.0485237,-0.07603414258667889,-0.6746375160314346,0.010948549741504693,1.181479498329558,-2.910924978457275,0.00040082331074460926,-1.5215700308429163,-2.167525116597311,-1.5135186354266565,-1.0310924688922327,1.5708465576171875,-0.7218998114215296,0
291,1788171233.0891376,-0.0760339828866804,-0.6746407576115238,0.010947001516574878,1.1814938287882035,-2.9109104931797902,0.0004368807537055364,-1.5215700308429163,-2.167525116597311,-1.5135300795184534,-1.0310567061053675,1.5708465576171875,-0.7219117323504847,1
292,1788171233.1285348,-0.07601537228833032,-0.6746314905658903,0.01094244049327961,1.1815575243547485,-2.91091407028188,0.00037171532262546286,-1.521545712147848,-2.167525116597311,-1.5135300795184534,-1.031104866658346,1.5708585977554321,-0.721924130116598,1
293,1788171233.1685617,-0.07602447635733357,-0.6746155281914809,0.010914848998501536,-1.181544636203964,2.9109341057846687,-0.0002826291994634676,-1.5215581099139612,-2.167548958455221,-1.5135543982135218,-1.031116787587301,1.5708585977554321,-0.721924130116598,1
294,1788171233.2101502,-0.07601665011741157,-0.6746055661028557,0.01093312301645219,-1.1816124079616606,2.9108979395647347,-0.0002465694840357155,-1.521545712147848,-2.1675131956683558,-1.5135543982135218,-1.0311768690692347,1.5708585977554321,-0.7219603697406214,1
295,1788171233.2510147,-0.07603582053651947,-0.674603457115471,0.010913172050424053,-1.1815241018652667,2.910933314810291,-0.0001872993045491129,-1.5215700308429163,-2.167548958455221,-1.5135424772845667,-1.0311887899981897,1.5708465576171875,-0.721924130116598,1
296,1788171233.2914467,-0.07603572559090471,-0.6746006787534189,0.010917148322208109,-1.1815128038154346,2.910905469384727,-0.0002236380104595439,-1.5215819517718714,-2.167537037526266,-1.5135543982135218,-1.0311768690692347,1.5708825588226318,-0.721936051045553,1
297,1788171233.332652,-0.0760085442986478,-0.6746036187454912,0.010914265411125751,-1.1815454457786725,2.910884315777907,-0.00024749167219815653,-1.521545712147848,-2.167537037526266,-1.5135663191424769,-1.0311530272113245,1.570894479751587,-0.721924130116598,1
298,1788171233.3711452,-0.07601957543582082,-0.6746020518792383,0.010924006645498335,-1.1815963713974795,2.9109082251623057,-0.00020497557696059902,-1.521545712147848,-2.167525116597311,-1.5135543982135218,-1.0311887899981897,1.5708465576171875,-0.7219484488116663,1
299,1788171233.411137,-0.07601739773797218,-0.6745927354747888,0.010917738382221098,-1.1815229616383303,2.9108807089140263,-0.00019446385266484164,-1.5215581099139612,-2.167525116597311,-1.5135663191424769,-1.0312007109271448,1.570894479751587,-0.721924130116598,1
300,1788171233.4511585,-0.07601178584063452,-0.6745978407947484,0.010918866166191726,-1.181558801703937,2.910919227037431,-0.00018729889077717107,-1.5215337912188929,-2.167525116597311,-1.5135663191424769,-1.0311887899981897,1.5708465576171875,-0.7219117323504847,1
301,1788171233.4905982,-0.07604171614902946,-0.6745949590549811,0.010898915402186043,-1.1815455187160657,2.910936297912561,-0.0001218495550892697,-1.5215700308429163,-2.167560879384176,-1.5135543982135218,-1.0312007109271448,1.5708225965499878,-0.721936051045553,1
302,1788171233.53075,-0.07601443632974633,-0.6745951976801401,0.010922842117575132,-1.1816052166068367,2.910880223787839,-0.00021739642264310502,-1.521545712147848,-2.1675131956683558,-1.513578240071432,-1.0311768690692347,1.5708705186843872,-0.7219603697406214,1
303,1788171233.571561,-0.07601717030013817,-0.6745950126899745,0.010925725154945443,-1.1815552224651331,2.9109084149058297,-0.00019354010811905664,-1.521545712147848,-2.1675131956683558,-1.5135663191424769,-1.0312007109271448,1.5708585977554321,-0.721924130116598,1
304,1788171233.6136386,-0.07603654491454105,-0.6745840441411449,0.010919411409169771,-1.1815083043502643,2.9108943905468507,-0.000169902975134998,-1.5215819517718714,-2.1675131956683558,-1.513578240071432,-1.031213108693258,1.5708825588226318,-0.721936051045553,1
305,1788171233.653335,-0.0760286848170204,-0.6745859742458427,0.01089950577998769,-1.1814986577965378,2.9109224145867065,-9.891765395816612e-05,-1.5215581099139612,-2.167548958455221,-1.5135663191424769,-1.031224552785055,1.5708465576171875,-0.7218998114215296,1
306,1788171233.6933463,-0.07601217214808925,-0.6745900053290276,0.010912597184725897,-1.1815738868640093,2.910904614768534,-0.00015194632217958856,-1.5215337912188929,-2.167525116597311,-1.513578240071432,-1.0312007109271448,1.5708465576171875,-0.721924130116598,1
307,1788171233.7338135,-0.07603950729458064,-0.6745238993573409,0.011042796613952521,-1.1814584418946574,2.910821378061378,0.00021825113457940462,-1.5215819517718714,-2.167332951222555,-1.5134461561786097,-1.0317872206317347,1.5708825588226318,-0.721924130116598,1
308,1788171233.7758074,-0.07603498127099205,-0.6744582002329703,0.01193740750001221,-1.1814735222745127,2.910758972522159,0.000623642893523928,-1.5215581099139612,-2.1662052313434046,-1.5126431624041956,-1.0339787642108362,1.5708465576171875,-0.721924130116598,1
309,1788171233.8164723,-0.07602021054443467,-0.6744222166960631,0.013684792762749226,-1.1814818373519158,2.9106779516823638,0.000775350083635278,-1.521545712147848,-2.164069954548971,-1.5110729376422327,-1.0377991835223597,1.5708825588226318,-0.721936051045553,1
310,1788171233.8582523,-0.07601036346049073,-0.674510877472192,0.016420484248519523,-1.1815515076027174,2.91074797858127,0.0002524894004284839,-1.521545712147848,-2.160866085683004,-1.50853139558901,-1.0432003180133265,1.5709065198898315,-0.7219603697406214,1
311,1788171233.8995473,-0.07602352900389447,-0.6746329581861997,0.019695481950479404,1.1815603109995636,-2.9108711650485137,0.00037425813824011194,-1.521545712147848,-2.1570876280414026,-1.5054147879229944,-1.049643341694967,1.5708225965499878,-0.721936051045553,1
312,1788171233.938161,-0.07599450411503622,-0.6746192444835234,0.02290086698106883,-1.181641739990732,2.9108706168523404,-0.0002964630687426563,-1.5215218702899378,-2.15334397951235,-1.5023101011859339,-1.0565651098834437,1.5708825588226318,-0.7219603697406214,1
313,1788171233.9786437,-0.07603133853744598,-0.674587970706489,0.026115265225438777,-1.1815630173887672,2.9109296156832998,-0.00018035096482682043,-1.5215581099139612,-2.1496008078204554,-1.4991934935199183,-1.063486401234762,1.5708345174789429,-0.721936051045553,1
314,1788171234.0197916,-0.07602426221294677,-0.6746710346991748,0.029404409250408686,1.181577344327332,-2.9108632801215073,0.0006634073970781806,-1.5215700308429163,-2.1459177176104944,-1.4958727995501917,-1.0701811949359339,1.5708825588226318,-0.7219722906695765,1
315,1788171234.060593,-0.07601967186596303,-0.6746018820816001,0.032535872113154174,-1.1815589172815575,2.910867732743865,-0.00014444914569301895,-1.5215581099139612,-2.142378632222311,-1.4926007429706019,-1.0773423353778284,1.5708825588226318,-0.7219484488116663,1
316,1788171234.1006105,-0.07601153943919008,-0.6745981352686872,0.03641141832548728,-1.1815843618793769,2.910878629001289,-0.00023282883308361642,-1.521545712147848,-2.138047520314352,-1.4886210600482386,-1.0855935255633753,1.5708825588226318,-0.7219484488116663,1
317,1788171234.1404321,-0.0760146664381543,-0.6746458109003327,0.039688780016316844,1.1815362685255173,-2.9108616816378223,0.0006255325190126521,-1.521545712147848,-2.1344602743731897,-1.4852049986468714,-1.0923236052142542,1.5708585977554321,-0.721924130116598,1
318,1788171234.1810718,-0.07599642961904762,-0.674580199074102,0.04275704664253391,-1.181566792729488,2.9108373625910184,-3.1320257923709034e-05,-1.5215218702899378,-2.1311610380755823,-1.4817402998553675,-1.0994966665851038,1.5708825588226318,-0.721924130116598,1
319,1788171234.22139,-0.07604220832677479,-0.6745249362389177,0.04595185497962764,-1.1815062775177687,2.910787885990556,0.00033407386628511135,-1.5215819517718714,-2.127742115651266,-1.4781683127032679,-1.106729809437887,1.5708705186843872,-0.7219603697406214,1
320,1788171234.2625344,-0.0760192590746062,-0.6746131713230145,0.049263618710416845,1.18156402886533,-2.9108803323394006,0.00027256867183062206,-1.5215337912188929,-2.124274555836813,-1.4745367209063929,-1.113398853932516,1.5708105564117432,-0.721924130116598,1
321,1788171234.3032544,-0.07601911398576124,-0.674611413902927,0.05246222192553998,-1.181576314227857,2.910910592677487,-0.00018093572504909917,-1.521545712147848,-2.1209877173053187,-1.4708083311664026,-1.12048846880068,1.5708465576171875,-0.721936051045553,1
322,1788171234.3446515,-0.07601175866009119,-0.6745936878177277,0.05556469240887557,-1.1815221438644326,2.910826951840236,8.745809898645947e-05,-1.521545712147848,-2.1178558508502405,-1.4670804182635706,-1.1275418440448206,1.5708825588226318,-0.721924130116598,1
323,1788171234.3831913,-0.07601822253562954,-0.6746312934692522,0.05881908448982048,-1.1815719419309598,2.9108998011358613,-0.0002999988201015172,-1.5215581099139612,-2.1145570913897913,-1.4633286635028284,-1.1343310515033167,1.5708825588226318,-0.7219484488116663,1
324,1788171234.4242306,-0.07601532110230817,-0.67452613537184,0.06197441546278404,-1.1815911620475374,2.9107958564293095,0.0002715615903729253,-1.5215337912188929,-2.1113413015948694,-1.459564510975973,-1.1416838804828089,1.5708465576171875,-0.7219603697406214,1
325,1788171234.4649277,-0.07601799219267527,-0.6745783384460858,0.0651958194703543,-1.1815741586351107,2.9108535188598057,3.016141668166047e-06,-1.521545712147848,-2.108234707509176,-1.455597225819723,-1.1485808531390589,1.5708585977554321,-0.7219484488116663,1
326,1788171234.507026,-0.07602509485468638,-0.6746029772565886,0.06836985525971967,-1.181608399574427,2.9108900598142924,-0.00020697505370391954,-1.5215581099139612,-2.105175320302145,-1.4516895453082483,-1.1554063002215784,1.5708585977554321,-0.7219722906695765,1
327,1788171234.5492735,-0.07601467386211905,-0.6745345445700139,0.07157009456852528,-1.181523861369343,2.9108311806379357,6.695456411429355e-05,-1.521545712147848,-2.102067772542135,-1.447709862385885,-1.1626866499530237,1.5708825588226318,-0.721924130116598,1
328,1788171234.5894558,-0.07603040564730305,-0.6745510536852181,0.07551759906629904,-1.1815094373436705,2.9108991890414466,-2.0436414607936256e-05,-1.5215581099139612,-2.0983970800982874,-1.4426396528827112,-1.1713560263263147,1.5708465576171875,-0.7219117323504847,1
329,1788171234.6291356,-0.07601509846389204,-0.6745864720420097,0.07863143233697117,-1.1816255788600862,2.9108806162826326,-8.20713225951235e-05,-1.5215337912188929,-2.0956013838397425,-1.4384921232806605,-1.178253475819723,1.5708345174789429,-0.7219603697406214,1
330,1788171234.6712384,-0.07600027058103039,-0.6745581193034135,0.08178739489150239,-1.1816046221010015,2.9107792360832603,0.0002039929749545883,-1.5215218702899378,-2.0927818457232874,-1.4342129866229456,-1.1855576674090784,1.5708705186843872,-0.7219603697406214,1
331,1788171234.7131195,-0.0760119845007021,-0.6745891061098716,0.08505948307835728,-1.181589159830192,2.91084068202829,-8.293724195847995e-05,-1.521545712147848,-2.089878861104147,-1.429861847554342,-1.192622486745016,1.5708825588226318,-0.7219603697406214,1
332,1788171234.755894,-0.07601267518065959,-0.6745750936804925,0.08829783110691078,-1.181559568130363,2.9108693352179835,-0.0001522254327394453,-1.521545712147848,-2.0870116392718714,-1.4255221525775355,-1.199782673512594,1.5708825588226318,-0.721936051045553,1
333,1788171234.7989528,-0.07603371806248434,-0.6745396832506125,0.09204224160813465,-1.1814963642638463,2.9108669917824535,0.0001929646008762675,-1.5215581099139612,-2.083832089100973,-1.4202364126788538,-1.2084639708148401,1.5708345174789429,-0.7219117323504847,1
334,1788171234.8394501,-0.07602326285844928,-0.6745848586665828,0.09522051463209358,-1.1815222313221287,2.9108789260226886,-7.174519057139863e-05,-1.5215581099139612,-2.0812047163592737,-1.415741268788473,-1.2154205481158655,1.5708705186843872,-0.721924130116598,1
335,1788171234.8804994,-0.07601015160913682,-0.6746262916788143,0.09855386942971284,1.1815795369762232,-2.9109184965214916,0.0004300964126893427,-1.521545712147848,-2.0784576574908655,-1.4110425154315394,-1.2226288954364222,1.5708825588226318,-0.721936051045553,1
336,1788171234.9215662,-0.0760101817857398,-0.6745745553531892,0.10180185775761202,-1.1816245485753598,2.9108780682259923,-0.00018434893474680248,-1.5215337912188929,-2.075794045125143,-1.406356159840719,-1.2301362196551722,1.5708585977554321,-0.7219603697406214,1
337,1788171234.9632359,-0.076023304667947,-0.6745822283301496,0.10501944973562763,1.1816072210901538,-2.9108851657926222,0.00029347543570889124,-1.521545712147848,-2.0732386747943323,-1.4016569296466272,-1.2373088041888636,1.5708345174789429,-0.7219603697406214,1
338,1788171235.00513,-0.07600758634291227,-0.6745766393934546,0.10807219714568392,-1.1816365350218858,2.910857826190024,-5.7107263218810205e-06,-1.5215218702899378,-2.070946995412008,-1.3969343344317835,-1.2445171515094202,1.5708345174789429,-0.7219603697406214,1
339,1788171235.0468125,-0.07601690264708003,-0.6745451617121886,0.111886447289513,-1.1815402746971269,2.9108218354744726,0.00013541299200064703,-1.521545712147848,-2.0680440107928675,-1.3911450544940394,-1.2533171812640589,1.5708705186843872,-0.721936051045553,1
340,1788171235.087602,-0.0760217158043305,-0.6745586287401453,0.11504296401420261,-1.1816118309395043,2.910846755850362,2.4811573747248605e-05,-1.521545712147848,-2.0657041708575647,-1.3863137404071253,-1.2604053656207483,1.5708465576171875,-0.7219722906695765,1
341,1788171235.127389,-0.07603711430585111,-0.6745213348264762,0.11835419523014287,-1.1815086990686967,2.910845606197006,0.00014654056930305166,-1.5215700308429163,-2.0632689634906214,-1.381183926259176,-1.2680566946612757,1.5708585977554321,-0.721936051045553,1
342,1788171235.16889,-0.0760202620631272,-0.6745881221172519,0.12160644958360053,1.1815965745010286,-2.91090872084276,0.00027073056324131676,-1.521545712147848,-2.0609896818744105,-1.376077953969137,-1.275156323109762,1.5708465576171875,-0.7219484488116663,1
343,1788171235.2100656,-0.0759964143933751,-0.674636315499353,0.1247287347900426,-1.1815968188085424,2.9109113006559935,-0.00033264564335387274,-1.5215218702899378,-2.0589259306537073,-1.3709357420550745,-1.2823289076434534,1.5708705186843872,-0.721924130116598,1
344,1788171235.2514107,-0.07601535376472643,-0.6745783659583315,0.12789905834893478,-1.1815700084310958,2.9107955111056163,2.341835499497594e-05,-1.5215581099139612,-2.0567782560931605,-1.3657334486590784,-1.289931599293844,1.5709065198898315,-0.7219722906695765,1
345,1788171235.2927222,-0.07601579344394183,-0.6745676651898038,0.13112427533423804,-1.1815537176684818,2.910854936574904,-2.5081021196570435e-05,-1.521545712147848,-2.0546067396747034,-1.3605077902423304,-1.2972834745990198,1.5708705186843872,-0.721936051045553,1
346,1788171235.331206,-0.07600856144358846,-0.6746121211414764,0.13501102299439097,1.1815921108140577,-2.9108499331532096,0.00040890292358957797,-1.5215218702899378,-2.0520876089679163,-1.35413104692568,-1.305903736745016,1.5708225965499878,-0.721936051045553,1
347,1788171235.3718772,-0.07603068766136563,-0.6745964737114208,0.13763796991716631,1.1815704622150829,-2.9108961404945544,0.0004811203756030724,-1.5215700308429163,-2.050408188496725,-1.3497560659991663,-1.3119261900531214,1.5708705186843872,-0.7219603697406214,1
348,1788171235.4110916,-0.07603269435490032,-0.6746622220525945,0.14089560513496824,1.1815233943187438,-2.9108299133982154,0.0008931760208979604,-1.5215819517718714,-2.048452679310934,-1.3442061583148401,-1.31915790239443,1.5708825588226318,-0.7219603697406214,1
349,1788171235.4514477,-0.07603463617114341,-0.6746274978408776,0.14398657985781957,1.1815344916129051,-2.9109091101771085,0.00037395570093528413,-1.5215700308429163,-2.0467007795916956,-1.338644806538717,-1.3268087545977991,1.5708465576171875,-0.721936051045553,1
350,1788171235.4940557,-0.07602560738646882,-0.6745925767711829,0.14715207048135281,-1.181584477686949,2.91088092012916,-0.0001284931206036601,-1.5215581099139612,-2.044877831135885,-1.3330472151385706,-1.3343990484820765,1.5708585977554321,-0.7219603697406214,1
351,1788171235.5364795,-0.07602768504353193,-0.6746574207072402,0.15106251573539914,1.18149906726725,-2.910871578718312,0.0007038268525977421,-1.5215700308429163,-2.0426700750934046,-1.326226536427633,-1.343043629323141,1.5708705186843872,-0.721924130116598,1
352,1788171235.5785449,-0.07603339590540766,-0.6745968108241347,0.1541792821219811,-1.181593239956607,2.9109024971516315,-0.00023313589855290825,-1.5215700308429163,-2.04100209871401,-1.3205092589007776,-1.3507421652423304,1.5708585977554321,-0.7219722906695765,1
353,1788171235.6183603,-0.07600798080317436,-0.6746191980666767,0.15750876197120783,1.1815788444752662,-2.9108670071487768,0.0005315010325508269,-1.5215337912188929,-2.0392149130450647,-1.3145526091205042,-1.3582847754107874,1.5708585977554321,-0.721936051045553,1
354,1788171235.65811,-0.07600206109199449,-0.674632873663346,0.16072799999466122,1.181611081766127,-2.9107950745546307,0.0007189734645412082,-1.5215218702899378,-2.0375588575946253,-1.308678929005758,-1.3656838575946253,1.5708465576171875,-0.7219603697406214,1
355,1788171235.700189,-0.07602593711076863,-0.6746370382933394,0.16382723033007202,1.1815486266741273,-2.9108921130289245,0.0005920016170318679,-1.5215700308429163,-2.03611928621401,-1.3027461210833948,-1.3731544653521937,1.5708825588226318,-0.7219484488116663,1
356,1788171235.742444,-0.07599874426122075,-0.6746401855576537,0.16715572861088385,1.1815908219981772,-2.9108964877749646,0.0005592995062224744,-1.5215337912188929,-2.034571949635641,-1.2964056173907679,-1.381068531666891,1.570894479751587,-0.721936051045553,1
357,1788171235.7839706,-0.07602479903629397,-0.6745519110077245,0.16900786906492138,-1.1815785046948006,2.9108642270430005,6.569909955933892e-05,-1.521545712147848,-2.033719841633932,-1.2927735487567347,-1.3859532515155237,1.5708345174789429,-0.7219484488116663,1
358,1788171235.824874,-0.07604225614310396,-0.6745239659485408,0.1701504376308738,-1.1815079233462793,2.9107421755919356,0.0005214210239833035,-1.5215819517718714,-2.0333121458636683,-1.2903407255755823,-1.389113728200094,1.5708705186843872,-0.7219722906695765,1
359,1788171235.8666363,-0.07601568486502637,-0.6745140338611916,0.17060897026863284,-1.1815174255284764,2.9107138257407517,0.0005660885360178073,-1.521545712147848,-2.0330966154681605,-1.2894652525531214,-1.3902390638934534,1.5708825588226318,-0.7219484488116663,1
360,1788171235.9086926,-0.07624399485982751,-0.6745127355405445,0.17052660398297867,-1.1817156321150182,2.910602743614841,0.0007496216578128449,-1.5218818823443812,-2.0332520643817347,-1.289417568837301,-1.3902509848224085,1.5708705186843872,-0.7224281469928187,1
361,1788171235.951019,-0.07755565354723455,-0.6747192913100211,0.1707394403245754,-1.1820040001975651,2.9106578633658966,-7.955185147274212e-05,-1.5238598028766077,-2.0337441603290003,-1.288266960774557,-1.3903587500201624,1.570894479751587,-0.724562946950094,1
362,1788171235.9926496,-0.07916910131782932,-0.674937802016136,0.17074981432934025,-1.1818421634530567,2.9107609913145005,-0.00012021551660096913,-1.5262702147113245,-2.034704033528463,-1.286816422139303,-1.3908136526690882,1.5708705186843872,-0.7268531958209437,1
363,1788171236.033449,-0.08078231778847168,-0.6752064048487343,0.17080332217525412,1.181693777326301,-2.9107977061659085,0.0003884090279409402,-1.5286691824542444,-2.0356877485858362,-1.2852585951434534,-1.3911851088153284,1.5708105564117432,-0.7291558424579065,1
364,1788171236.0749943,-0.08235392588061682,-0.6753840060528684,0.17072247969702628,-1.1816765142587422,2.910802976175612,-7.275007033015197e-05,-1.5310433546649378,-2.036743466054098,-1.2838318983661097,-1.3917954603778284,1.5708825588226318,-0.731518570576803,1
365,1788171236.1158528,-0.08395281225873191,-0.6755996073942386,0.1707734093149032,-1.1813717094014256,2.9109521914710683,-0.00011937118143514862,-1.5334299246417444,-2.037703339253561,-1.2822735945331019,-1.392358128224508,1.5708705186843872,-0.7336896101581019,1
366,1788171236.1564608,-0.08563322450934244,-0.6758249701447163,0.17077897335959646,-1.1811589692993092,2.911077306778612,-0.0002186540731600619,-1.53593618074526,-2.038722817097799,-1.2807515303241175,-1.3927891890155237,1.5708585977554321,-0.7360404173480433,1
367,1788171236.1980567,-0.08749074525085072,-0.6761115730310425,0.17075381410263724,1.1812798164330518,-2.911022527488291,0.0003161780814103637,-1.538706127797262,-2.0399706999408167,-1.2789657751666468,-1.3932564894305628,1.5708465576171875,-0.7388947645770472,1
368,1788171236.2400098,-0.08916080100347698,-0.6763536848702335,0.1706673058762211,-1.1812164914044223,2.911067665184555,-0.00026932973929553214,-1.5412009398089808,-2.0411461035357874,-1.2774198690997522,-1.39366323152651,1.5708585977554321,-0.7413414160357874,1
369,1788171236.2829273,-0.09065907143892418,-0.6766148827494852,0.17061837705854127,-1.181705994076116,2.9108715998601955,-0.00022623175353250557,-1.5434311071978968,-2.042297665272848,-1.2758138815509241,-1.3941424528705042,1.5708465576171875,-0.7439072767840784,1
370,1788171236.324653,-0.0922845357964179,-0.6768143598338944,0.17064580636585147,-1.181706092743868,2.9108698450732264,-0.0002693469227255108,-1.5458534399615687,-2.043293301259176,-1.274255100880758,-1.3946808020221155,1.5708585977554321,-0.7463300863849085,1
371,1788171236.3682163,-0.09423022732866007,-0.6769976743754051,0.1706652729358358,-1.181678008838636,2.9107987034965723,4.846679935879569e-05,-1.5487435499774378,-2.0444935003863733,-1.2723496595965784,-1.3956025282489222,1.5708585977554321,-0.7492206732379358,1
372,1788171236.409197,-0.095812415080289,-0.677216793920294,0.17068002926044826,-1.1817068893975697,2.910768298931638,0.00011881469764264419,-1.551093880330221,-2.0455849806415003,-1.2706597487079065,-1.3962491194354456,1.5708585977554321,-0.7515953222857874,1
373,1788171236.4483433,-0.09745539902543057,-0.6774446278322612,0.1706558893255789,-1.1814368415826664,2.910903561280696,7.356328088698907e-05,-1.553528134022848,-2.0467007795916956,-1.2690532843219202,-1.3967044989215296,1.5708465576171875,-0.7538378874408167,1
374,1788171236.4861188,-0.09896436049627232,-0.6776985375409003,0.17059385001383276,-1.1815172342898246,2.910798935732192,0.0001347063655118419,-1.5557826201068323,-2.047912899647848,-1.2673752943622034,-1.3972309271441858,1.570894479751587,-0.756164852772848,1
375,1788171236.5268524,-0.10058292797154435,-0.6779788584984144,0.17066454019808758,1.181637040674249,-2.9108929194980293,0.0001392462568515393,-1.5581567923175257,-2.049028221760885,-1.2655656973468226,-1.39771014848818,1.5708225965499878,-0.7585871855365198,1
376,1788171236.5661519,-0.10220094986239357,-0.6782184751197353,0.1707468080391056,1.1813342498948853,-2.9109972920906637,0.00041211462046376814,-1.5605672041522425,-2.050083939229147,-1.2638033072101038,-1.3982489744769495,1.5708705186843872,-0.7607939879046839,1
377,1788171236.6077673,-0.10378804589085389,-0.6784494360605425,0.1707247701509163,1.1814923384639584,-2.910932720961635,0.0003090289982789894,-1.5629051367389124,-2.051272217427389,-1.2620537916766565,-1.3988712469684046,1.5708465576171875,-0.7632406393634241,1
378,1788171236.6484478,-0.10545310556036964,-0.678678536542151,0.17066679510340196,-1.1816085427764935,2.9108705114462827,-6.34117447168209e-05,-1.5653637091266077,-2.0525673071490687,-1.2602084318744105,-1.3995898405658167,1.5708465576171875,-0.765782658253805,1
379,1788171236.6892662,-0.10706235480646657,-0.6789567713383836,0.17072958034353944,1.1815349860333253,-2.9109362019965284,0.0003813735293822785,-1.5677498022662562,-2.0537312666522425,-1.2583382765399378,-1.4000924269305628,1.5708825588226318,-0.7681096235858362,1
380,1788171236.7308989,-0.10861163492641891,-0.6792310885925722,0.17062474461466823,-1.1815269763915268,2.9109184827486043,-0.00021666289132079946,-1.5700286070453089,-2.055098835621969,-1.2565162817584437,-1.4006550947772425,1.5708705186843872,-0.7703879515277308,1
381,1788171236.7711017,-0.11028761651714833,-0.6794957070565589,0.1707433562523885,1.1813744659347591,-2.9108912305049417,0.0006200429884159194,-1.5724871794330042,-2.0562027136432093,-1.2546103636371058,-1.4011700789081019,1.5708465576171875,-0.7727630774127405,1
382,1788171236.812495,-0.11179909497385015,-0.6797160879017101,0.17070162991312654,1.1815708651187236,-2.910923039157161,0.0003200839204600214,-1.5747173468219202,-2.057474438344137,-1.2527406851397913,-1.4019840399371546,1.5708705186843872,-0.7751014868365687,1
383,1788171236.8528118,-0.11381548645025001,-0.6799208411361258,0.17061608382081198,-1.1813040291069443,2.9109169024166754,0.00025868001083030113,-1.5776670614825647,-2.0590222517596644,-1.2505233923541468,-1.4030373732196253,1.5708345174789429,-0.7778952757464808,1
384,1788171236.892857,-0.11534724405690197,-0.6801390975634732,0.17059441006343146,-1.1813059100081111,2.9108717586758512,0.0003135769170738386,-1.5799220244037073,-2.060221497212545,-1.2487495581256312,-1.4036601225482386,1.5708585977554321,-0.7801621595965784,1
385,1788171236.9316206,-0.11694663756347806,-0.6802328402651737,0.17060276362482538,-1.1813524671132214,2.9108351161343804,0.00032442361925114527,-1.5822718779193323,-2.0611217657672327,-1.2473591009723108,-1.4041631857501429,1.5708705186843872,-0.7825482527362269,1
386,1788171236.970322,-0.11827431196996196,-0.6802823569018938,0.17071128847797912,-1.1814017405771668,2.9109524963349416,-0.00010361532631432489,-1.5842145125018519,-2.061601463948385,-1.2464240233050745,-1.4043181578265589,1.5708585977554321,-0.7844918409930628,1
387,1788171237.0115972,-0.11981244402649179,-0.6803375830179583,0.17074854738465742,1.18166759583451,-2.910854658046193,0.0003630143354207518,-1.586468521748678,-2.0622852484332483,-1.245333496724264,-1.4045456091510218,1.5708585977554321,-0.7869260946856897,1
388,1788171237.05125,-0.12174090589957764,-0.6803312765630074,0.17074332369745937,1.1817344724758279,-2.910818291975711,0.00029566372722276903,-1.5892866293536585,-2.063124958668844,-1.2440627256976526,-1.4050129095660608,1.5708345174789429,-0.7897923628436487,1
389,1788171237.0903854,-0.12299272463711147,-0.680309034495572,0.17070836641272039,-1.181560054147682,2.9108864667625856,-0.00014378482804484034,-1.591132942830221,-2.0637009779559534,-1.2432482878314417,-1.4053719679461878,1.5708705186843872,-0.7915194670306605,1
390,1788171237.13236,-0.12455383761087627,-0.680277683980918,0.17068076616487332,-1.1815929122319606,2.910820071974225,0.00013017651000333416,-1.5934117476092737,-2.06442100206484,-1.242181126271383,-1.4058988730060022,1.5708465576171875,-0.7938335577594202,1
391,1788171237.1702325,-0.1262224744687051,-0.680274490824573,0.1706617504722433,-1.1814251175462696,2.9109065404254233,0.00016203073710576536,-1.5958460013019007,-2.065176312123434,-1.2410786787616175,-1.4062579313861292,1.5708225965499878,-0.7961481253253382,1
392,1788171237.209429,-0.12787297722069565,-0.6802759201877167,0.17066668181653755,-1.1812323477727493,2.910981272533315,7.873602716310202e-05,-1.5982683340655726,-2.0659082571612757,-1.2399638334857386,-1.4065936247455042,1.5708465576171875,-0.798438851033346,1
393,1788171237.247842,-0.12939116214906907,-0.6803120871756669,0.17062523424333892,-1.1813227598950409,2.910903304466009,7.41544903056928e-05,-1.6004985014544886,-2.0667246023761194,-1.2388251463519495,-1.406928841267721,1.5708825588226318,-0.8007410208331507,1
394,1788171237.2885718,-0.13106180564133732,-0.6802907115071183,0.17057299854284644,-1.181357252617879,2.910886721163844,0.00017455376937636883,-1.6029327551471155,-2.0675037542926233,-1.2377589384662073,-1.4072755018817347,1.5708585977554321,-0.803199593220846,1
395,1788171237.327496,-0.13256783031453626,-0.6803164463643663,0.17059331818143572,-1.181814388208676,2.9107085336980156,5.687149274292757e-05,-1.6051390806781214,-2.0682361761676233,-1.236607853566305,-1.4076231161700647,1.5708825588226318,-0.8057182470904749,1
396,1788171237.3666403,-0.13418654225560522,-0.6803283079428691,0.17066187090081883,-1.1817827578596514,2.910779930674847,-0.00013345819080814653,-1.6075013319598597,-2.0689433256732386,-1.2353852430926722,-1.4080060164081019,1.5708825588226318,-0.808044735585348,1
397,1788171237.4087694,-0.1358243826732859,-0.6803167514107525,0.17069666698714844,-1.1818798012832539,2.91076807172385,-0.0001756964128029831,-1.609887425099508,-2.0696757475482386,-1.2341869513141077,-1.4084370771991175,1.5708705186843872,-0.81049091020693,1
398,1788171237.4508266,-0.1373688423012736,-0.6803410488079513,0.17065440173631452,-1.181893138928852,2.9107491690562646,-4.091106766332287e-05,-1.6121299902545374,-2.0705512205706995,-1.2329400221454065,-1.4088919798480433,1.5708465576171875,-0.8127458731280726,1
399,1788171237.490305,-0.1390517661264723,-0.6802522926071952,0.1706516009774881,-1.1815314091024576,2.910809952705084,0.00023268998147566564,-1.6145880858050745,-2.0712712446795862,-1.2318013350116175,-1.4095023314105433,1.5708465576171875,-0.8149760405169886,1
400,1788171237.5297325,-0.1405939393080291,-0.6802554589790546,0.1706156839830566,-1.181609551321605,2.910751549617214,0.00036056972889021575,-1.6168301741229456,-2.072110954915182,-1.230591122304098,-1.409957234059469,1.5708345174789429,-0.8172782103167933,1
401,1788171237.5675435,-0.14216180438940287,-0.6803144113512403,0.170624059092701,-1.1816769820963837,2.910764323749829,9.773419181915952e-05,-1.6191204229937952,-2.072963062916891,-1.2293084303485315,-1.4102204481707972,1.5708705186843872,-0.8196051756488245,1
402,1788171237.606664,-0.14379898548013248,-0.6803084772336484,0.17064267589273863,-1.1813963409796482,2.910923269799797,4.535807476205587e-05,-1.6214945952044886,-2.073754612599508,-1.2280619780169886,-1.4106276671039026,1.5708465576171875,-0.8217757383929651,1
403,1788171237.6475139,-0.14538261935730054,-0.6803117354048442,0.1707309380852529,-1.1815420065809523,2.9109296314885738,-0.0001583313900439783,-1.6237967650042933,-2.074474636708395,-1.2267678419696253,-1.4110587278949183,1.5708465576171875,-0.8241623083697718,1
404,1788171237.688362,-0.1470159014467185,-0.6802927703527049,0.17072121639498683,-1.1816634740694165,2.910880368337136,-0.00015768467317565455,-1.6261714140521448,-2.075290028248922,-1.2255452314959925,-1.411466423665182,1.5708465576171875,-0.8266204039203089,1
405,1788171237.7284005,-0.14868956096762193,-0.6802986179772196,0.170735586966115,-1.1812576762197602,2.9110316982806337,-0.00029149234264559963,-1.6286171118365687,-2.0761540571795862,-1.2242029348956507,-1.4118731657611292,1.570894479751587,-0.8287904898272913,1
406,1788171237.7691462,-0.15022727677754844,-0.6803077746224607,0.17073487195686418,-1.1811947240638099,2.911075779971372,-0.00021590779147079466,-1.6308358351336878,-2.0770180861102503,-1.222872559224264,-1.4123757521258753,1.5708585977554321,-0.8309615294085901,1
407,1788171237.8106995,-0.15189361918952407,-0.6802921763192977,0.17067742961263024,-1.1791798985805901,2.9118195412134207,-3.694390589826058e-05,-1.6332576910602015,-2.077977482472555,-1.221518341694967,-1.4129026571856897,1.5708705186843872,-0.8320167700396937,1
408,1788171237.8503935,-0.1534742247665833,-0.6802967149019079,0.17058686359411598,-1.1762209333111293,2.912943395448568,0.0001829307752809612,-1.635547939931051,-2.078973118458883,-1.2201874891864222,-1.4133933226214808,1.5708705186843872,-0.8322923819171351,1
409,1788171237.8904052,-0.15504704710244574,-0.680333106172503,0.17060439575532776,-1.172286855617707,2.9146189947623418,-3.2963859896702667e-06,-1.6378143469439905,-2.0798490683185022,-1.2188332716571253,-1.4137285391436976,1.5708465576171875,-0.8318370024310511,1
410,1788171237.9304636,-0.15668398215355525,-0.6803260908910306,0.17060335161016976,-1.167466258264598,2.916563703137978,-7.835157122988045e-05,-1.6401880423175257,-2.0807250181781214,-1.2175028959857386,-1.414135758076803,1.5708585977554321,-0.8309014479266565,1
411,1788171237.9709678,-0.15822195106938902,-0.6803458472466464,0.17068337116368013,1.16159228883349,-2.9189203740376497,0.00029063872452333165,-1.6424062887774866,-2.0815284887896937,-1.2161005179034632,-1.4145787397967737,1.5708465576171875,-0.8290904203998011,1
412,1788171238.0117888,-0.15985373000873912,-0.6803457298572652,0.17066107487458537,1.154030119410278,-2.9219249928024054,0.00031439089978153406,-1.644768540059225,-2.0824645201312464,-1.2147224585162562,-1.4150098005877894,1.5708585977554321,-0.8262723127948206,1
413,1788171238.051268,-0.16176161548026047,-0.6803195883180337,0.1706305684325506,-1.14329013586046,2.926113860118546,-4.387573637426706e-05,-1.6475265661822718,-2.083616081868307,-1.2129839102374476,-1.4157879988299769,1.5708585977554321,-0.8216913382159632,1
414,1788171238.0927353,-0.163313446955399,-0.680255892155974,0.17063851267979593,-1.1331721539408304,2.929923713390348,0.0002450504607649758,-1.6497810522662562,-2.084480110798971,-1.2115815321551722,-1.416541878377096,1.5708825588226318,-0.8170631567584437,1
415,1788171238.1311142,-0.1649623437437102,-0.6802575897105557,0.17065297852049477,-1.1220686645954525,2.9342683429315977,0.00019291374825162563,-1.6521428267108362,-2.0854151884662073,-1.2101195494281214,-1.4170087019549769,1.5708345174789429,-0.8118341604815882,1
416,1788171238.170434,-0.16619102737530897,-0.6802935691485694,0.17068917327251584,-1.1126604807928604,2.9378804041630375,8.531482322961874e-06,-1.65391713777651,-2.0861595312701624,-1.2089088598834437,-1.417356316243307,1.5708585977554321,-0.807192627583639,1
417,1788171238.2108834,-0.16777930544560343,-0.6803339253381275,0.17076793429992337,1.100738432776496,-2.942405058117037,0.0003058849763164946,-1.6561954657184046,-2.0870593229876917,-1.2073748747455042,-1.4177630583392542,1.5708465576171875,-0.8013528029071253,1
418,1788171238.2514656,-0.16946302638729183,-0.6803051165300082,0.170791052814415,1.0887137799074247,-2.9468717097810453,0.0004067086609365589,-1.6586297194110315,-2.087971035634176,-1.2059243361102503,-1.4182422796832483,1.5708705186843872,-0.7956207434283655,1
419,1788171238.2900124,-0.1710747056757054,-0.6802996043498095,0.17070801498439397,-1.077145349875864,2.9511623789701065,-0.00022807372560411997,-1.6609438101397913,-2.089038674031393,-1.2044623533831995,-1.4187567869769495,1.5708585977554321,-0.7900798956500452,1
420,1788171238.3308108,-0.17262978848042096,-0.6803301069427687,0.1706872921989331,-1.0655117249874948,2.9553818963098606,-0.0002267160470401154,-1.6631739775287073,-2.0900824705706995,-1.20290452638735,-1.4192717711078089,1.5708585977554321,-0.7844317595111292,1
421,1788171238.3710392,-0.17424978565460608,-0.6802682127132798,0.1706063688283732,-1.0534439466070233,2.9595639031730627,0.00017531220649333242,-1.6655119101153772,-2.0911267439471644,-1.2014301458941858,-1.4199898878680628,1.5708705186843872,-0.7786391417132776,1
422,1788171238.4095933,-0.17576764062818326,-0.6802893290057722,0.17054531813130946,-1.0418411026070302,2.963647581442925,0.00028681303898277504,-1.6676824728595179,-2.092194382344381,-1.1999200026141565,-1.4205048719989222,1.5708585977554321,-0.7729786078082483,1
423,1788171238.4496105,-0.17744464107394847,-0.6803009782107865,0.17059041593428514,-1.0301193952375776,2.9677886177540924,4.978805174930949e-05,-1.6700924078570765,-2.0931900183307093,-1.1983020941363733,-1.420971695576803,1.5708825588226318,-0.7674739996539515,1
424,1788171238.4881644,-0.17904892796190702,-0.6803276893728165,0.17066471886044915,1.018027077300045,-2.9720697708163186,0.00015780989505374387,-1.6723702589618128,-2.0941618124591272,-1.1966479460345667,-1.4214862028705042,1.5708345174789429,-0.7615855375873011,1
425,1788171238.527374,-0.1805979954804135,-0.6803429707082271,0.1706696252201339,1.0062559292181517,-2.9760717501847385,0.00021676808454082198,-1.6745885054217737,-2.0951812903033655,-1.1950658003436487,-1.4220131079303187,1.5708465576171875,-0.7558887640582483,1
426,1788171238.566329,-0.18226007107507203,-0.6803266762765118,0.17069229045767417,-0.9943468849593897,2.9800798363688212,-0.0002821588625723355,-1.6769750753985804,-2.096201244984762,-1.1934359709369105,-1.4225881735431116,1.5708705186843872,-0.7502759138690394,1
427,1788171238.6076436,-0.18381769157175606,-0.6802929507824408,0.17070660087046985,-0.9825830543217652,2.983861649424196,-3.074671569657574e-05,-1.6792171637164515,-2.097245518361227,-1.1917336622821253,-1.4234383741961878,1.5709065198898315,-0.7446516195880335,1
428,1788171238.6465676,-0.18542320162123457,-0.680255808826961,0.17068579151641106,-0.9704789557477032,2.9878155518889473,0.0002137912663469118,-1.6814950148211878,-2.0983007589923304,-1.190115753804342,-1.4241445700274866,1.5708465576171875,-0.7388227621661585,1
429,1788171238.6853294,-0.1870210408525831,-0.680260990611956,0.1706835271079104,-0.9586089350609464,2.9916365193178294,0.00010551300276074352,-1.6837847868548792,-2.099356476460592,-1.1884978453265589,-1.4246471563922327,1.5708825588226318,-0.7331736723529261,1
430,1788171238.723822,-0.18861698163552013,-0.6802845782656374,0.17074515445065355,-0.9468494198921845,2.995496852902327,-0.00010250640323269352,-1.6860392729388636,-2.1003764311419886,-1.186796013508932,-1.425162140523092,1.5708345174789429,-0.727548901234762,1
431,1788171238.7624235,-0.18988247341202888,-0.6803052782118287,0.1707628158044418,-0.9372206508491272,2.998534905171678,-0.00028010303999943337,-1.6878493467914026,-2.1012280623065394,-1.1854537169085901,-1.4255450407611292,1.5708705186843872,-0.722931210194723,1
432,1788171238.8026927,-0.1915873218260703,-0.6802790457800789,0.17070957369634787,-0.9245497540834489,3.0024476221744427,-0.00012654992004642484,-1.6902712027179163,-2.1024039427386683,-1.18373948732485,-1.4261797110186976,1.5708465576171875,-0.7169106642352503,1
433,1788171238.843053,-0.19312801285468867,-0.6802750295592452,0.1706702618940026,-0.9126731916615963,3.0059965003161784,0.00010696817978668119,-1.692465607319967,-2.103567425404684,-1.1819899717914026,-1.4269335905658167,1.5708585977554321,-0.7112138907061976,1
434,1788171238.8809292,-0.1947507047079148,-0.6802609563626452,0.17058066683524542,-0.9008179367566392,3.0094870910817937,0.00029905270087355923,-1.694780174885885,-2.104779068623678,-1.1802995840655726,-1.42755633989443,1.5708825588226318,-0.705660645161764,1
435,1788171238.924029,-0.19638216720521853,-0.6802891050647157,0.17065387747092825,-0.8885156629834491,3.0132501752189036,2.3115273710702657e-05,-1.6970818678485315,-2.105859104787008,-1.1784780661212366,-1.4280951658831995,1.5708585977554321,-0.6997721830951136,1
436,1788171238.967784,-0.1982302244906098,-0.6801007572009176,0.17069015819436623,-0.8740833153593208,3.017524655289482,-0.00012426659254315554,-1.6997316519366663,-2.10663873354067,-1.1771958510028284,-1.4284899870501917,1.5708465576171875,-0.6928394476519983,1
437,1788171239.0100677,-0.1998988803453212,-0.679807187041127,0.17078982218598002,0.862156768387785,-3.0208985832024937,0.0005117151186466054,-1.70215350786318,-2.10693866411318,-1.1765359083758753,-1.4285863081561487,1.5708585977554321,-0.6873706022845667,1
438,1788171239.0534773,-0.2014019967914876,-0.6793922383006328,0.17065553501326697,-0.8504540487574346,3.0242376885023,-6.221279267412399e-05,-1.7043598333941858,-2.1072266737567347,-1.176356617604391,-1.4287894407855433,1.5708585977554321,-0.6818292776690882,1
439,1788171239.095739,-0.20335409142574237,-0.6787965409619502,0.17071630583105027,-0.8356562300080546,3.0283993545923074,-0.00020107259313045244,-1.7072370688067835,-2.1071184317218226,-1.1763923803912562,-1.428765598927633,1.5708585977554321,-0.6749203840838831,1
440,1788171239.1406486,-0.20496055925190515,-0.6781991785709528,0.1706004975209612,-0.8234968583476446,3.0316417206087767,0.0001534937889881352,-1.709623161946432,-2.1070106665240687,-1.1768000761615198,-1.4287059942828577,1.5708465576171875,-0.6692951361285608,1
441,1788171239.1838102,-0.20682515457151834,-0.6773977279165284,0.1706228785381286,-0.8091244358698954,3.0355014737656987,8.598377874263745e-05,-1.7124288717852991,-2.106410805379049,-1.1776865164386194,-1.428382698689596,1.5708705186843872,-0.6626265684710901,1
442,1788171239.225943,-0.20848573357456618,-0.6765708617045081,0.17058913417393798,-0.7966333751329051,3.0387411688443278,0.00045520950506964424,-1.7149346510516565,-2.1057751814471644,-1.1787055174456995,-1.4282391707049769,1.5708345174789429,-0.6569169203387659,1
443,1788171239.2686286,-0.2100294303099371,-0.6757123502216884,0.17058040405103161,-0.7844573989023443,3.041839906053326,0.0005544332142240029,-1.7173083464251917,-2.104899231587545,-1.1800721327411097,-1.4278319517718714,1.5708705186843872,-0.6512916723834437,1
444,1788171239.3114593,-0.21196966332168815,-0.6746143625264321,0.17058454300418482,-0.7701538775030248,3.045514672280833,0.000526386582005879,-1.7202819029437464,-2.103687588368551,-1.1819537321673792,-1.4271372000323694,1.5708585977554321,-0.6448629538165491,1
445,1788171239.3531687,-0.21362167788406583,-0.6736125370570837,0.17061950010746077,-0.757770997259794,3.0486439020368143,0.0004391137086720227,-1.7228358427630823,-2.102475945149557,-1.18376332918276,-1.426478687916891,1.5708585977554321,-0.6392853895770472,1
446,1788171239.396309,-0.21510409542367054,-0.6727031290825761,0.17070672736066134,-0.7455083887802229,3.0517873816314194,-5.377301003897256e-05,-1.7251375357257288,-2.101204220448629,-1.1855972448932093,-1.4255812803851526,1.5708705186843872,-0.6335280577289026,1
447,1788171239.439307,-0.21703017475156164,-0.6714930026747192,0.170670862047294,-0.7308743757558571,3.055312425395748,0.0001410616788376381,-1.7281230131732386,-2.0998485724078577,-1.1877663771258753,-1.4248870054828089,1.5708345174789429,-0.6269305388080042,1
448,1788171239.481189,-0.21848560248795393,-0.6705915896549435,0.17067335374167866,-0.7189972184721763,3.058128185025945,-2.8578666778917964e-06,-1.730400864277975,-2.098769013081686,-1.1894562880145472,-1.424192253743307,1.5708705186843872,-0.6214373747455042,1
449,1788171239.5206404,-0.22014634851332412,-0.6695967486459924,0.17060944903761602,-0.7061467296365445,3.0610905667772963,0.0001603823501981077,-1.7329791227923792,-2.0977609793292444,-1.1911585966693323,-1.4236052672015589,1.5708585977554321,-0.6156199614154261,1
450,1788171239.559557,-0.2216838699573075,-0.6687801350234728,0.17067656634117992,0.6939568292586676,-3.063982176162865,0.00033396546473456456,-1.7353528181659144,-2.0968130270587366,-1.1925371328936976,-1.4228394667254847,1.5708705186843872,-0.6100180784808558,1
451,1788171239.6009748,-0.22326816398992308,-0.6681186106353572,0.1706716175546385,0.6818735708338887,-3.0666645042341916,0.00039632945819427913,-1.7377508322345179,-2.0964654127704065,-1.1931002775775355,-1.4225762526141565,1.5708585977554321,-0.6045363585101526,1
452,1788171239.6437821,-0.22489804198953278,-0.6676014647765729,0.1706964250919666,-0.6694989794596597,3.0694204311113626,-0.00024017593543515967,-1.7401841322528284,-2.0965850988971155,-1.192824665700094,-1.4228394667254847,1.5708585977554321,-0.5988987127887171,1
453,1788171239.6867206,-0.22674118784562938,-0.6671901472156682,0.17081057229180183,-0.6546900786213112,3.0726040975596667,-0.00020679625912162206,-1.7428939978228968,-2.097064797078268,-1.1917813459979456,-1.4234259764300745,1.5708585977554321,-0.5919655005084437,1
454,1788171239.7290547,-0.22838112293734625,-0.6669410208932233,0.17075625526514765,-0.6424280332127033,3.0751677640713035,-1.5371855092387826e-05,-1.745267693196432,-2.0978930632220667,-1.1906073729144495,-1.4238932768451136,1.5708345174789429,-0.5863640944110315,1
455,1788171239.7724779,-0.2300018433852813,-0.6668958115357806,0.17075176047129748,-0.6303827244336885,3.0776660447802606,-0.00019346599470188738,-1.7475813070880335,-2.0990684668170374,-1.1888216177569788,-1.4243958632098597,1.5708705186843872,-0.580846134816305,1
456,1788171239.8165805,-0.2318545166500664,-0.6669152740502261,0.17074729633736888,-0.6155508900418301,3.0806506083565934,-0.00018290063715338753,-1.750195328389303,-2.1006644407855433,-1.1863520781146448,-1.4252813498126429,1.5708825588226318,-0.5738285223590296,1
457,1788171239.8588037,-0.2335516349950388,-0.6669265197707612,0.170762808952157,0.6027972005224801,-3.083163647780019,0.0003809670578799878,-1.7525690237628382,-2.1020200888263147,-1.1842430273639124,-1.425880257283346,1.5708345174789429,-0.5679267088519495,1
458,1788171239.9000611,-0.23515699836389317,-0.666917235855143,0.17069873744124325,-0.5906441559084161,3.085508702827723,-0.000128944264979952,-1.7548473517047327,-2.10348350206484,-1.1820853392230433,-1.4267657438861292,1.5708825588226318,-0.5623253027545374,1
459,1788171239.943997,-0.23706867322623354,-0.6668968439229387,0.1705973322443275,-0.5757141445870181,3.088280754610057,0.00016690865118346545,-1.7575328985797327,-2.105199162160055,-1.1796286741839808,-1.427699391041891,1.5708585977554321,-0.5553434530841272,1
460,1788171239.9873068,-0.23868499648837205,-0.6669116669283032,0.17065466408886976,-0.5632797588472456,3.0906593330822933,-2.053380433883133e-05,-1.7597869078265589,-2.1065190474139612,-1.1774590651141565,-1.4284070173846644,1.5708225965499878,-0.5495379606830042,1
461,1788171240.0275636,-0.2402075015771315,-0.6669462682477543,0.1706514237465593,-0.5511722328212554,3.0928406575771197,-0.00012206515811959145,-1.7619207541095179,-2.107886616383688,-1.175349537526266,-1.4290888945208948,1.5708465576171875,-0.5438397566424769,1
462,1788171240.0691543,-0.24219778611449802,-0.6668972814055764,0.17062782831085474,-0.5363593185369326,3.0954097074639515,0.000120908204269141,-1.7647140661822718,-2.1095903555499476,-1.1727131048785608,-1.4301779905902308,1.5708225965499878,-0.5370619932757776,1
463,1788171240.1126063,-0.2436948063950597,-0.6668681026511454,0.17061565051321695,-0.5238689774505685,3.09747782866863,0.0003016019566225618,-1.7668240706073206,-2.1109097639666956,-1.1706512610064905,-1.4310525099383753,1.5708465576171875,-0.531112019215719,1
464,1788171240.1549213,-0.24529354651429006,-0.6667224751366668,0.1706223596503103,-0.5115409974429824,3.0994880685430206,0.00029349567018008033,-1.7691143194781702,-2.1119778792010706,-1.1689613501178187,-1.4316867033587855,1.570894479751587,-0.5254500547992151,1
465,1788171240.1974754,-0.24695077547568065,-0.6665806599302868,0.1707679599850751,-0.4992179741773662,3.1016407879105437,-0.0002447605684129046,-1.771463696156637,-2.1128533522235315,-1.1673076788531702,-1.432093922291891,1.5708825588226318,-0.5198357740985315,1
466,1788171240.2426562,-0.24883317065178465,-0.6664361958725669,0.17071621631121367,0.4843356982947701,-3.1040267228444636,0.00036008084019477414,-1.7741254011737269,-2.1141613165484827,-1.1654141584979456,-1.432596508656637,1.5708705186843872,-0.5129020849810999,1
467,1788171240.2866054,-0.2504535177980334,-0.6661686147874291,0.17064244834069933,-0.4715526900296833,3.105937117674771,4.0513344865123075e-05,-1.7764514128314417,-2.1151450316058558,-1.163999382649557,-1.4332907835589808,1.5708465576171875,-0.5069997946368616,1
468,1788171240.327717,-0.252311114375834,-0.6659049734262665,0.17064157163151736,-0.45714622310962744,3.1080648218715425,0.0001474826844003145,-1.7791126410113733,-2.1162365118609827,-1.1622737089740198,-1.4339974562274378,1.5708465576171875,-0.5003898779498499,1
469,1788171240.3687134,-0.25390455708943876,-0.6657169777420322,0.17065039005638155,-0.4448657991063957,3.1098909895013915,1.4372458025519626e-05,-1.7813785711871546,-2.1171844641314905,-1.1607878843890589,-1.4344404379474085,1.5708345174789429,-0.49475175539125615,1
470,1788171240.4124548,-0.2555888365087869,-0.6654753703932929,0.17074288403482382,-0.43181137056642704,3.111767158557342,-0.00030598624902571076,-1.7838004271136683,-2.118012253438131,-1.1593011061297815,-1.4348953405963343,1.5708705186843872,-0.4887774626361292,1
471,1788171240.4549112,-0.2574567666475957,-0.6652507896259972,0.17074588820049377,0.41736301626184286,-3.1137406141166406,0.0004180099464577933,-1.786462132130758,-2.1191638151751917,-1.1575034300433558,-1.435469929371969,1.5708825588226318,-0.4821556250201624,1
472,1788171240.4938886,-0.25912213406421414,-0.6650051321620929,0.1707162678787629,0.40512564439403426,-3.1153342970353872,0.00040450219193131687,-1.7888358275042933,-2.1201356093036097,-1.15605336824526,-1.435948673878805,1.5708585977554321,-0.4766729513751429,1
473,1788171240.5361238,-0.2607142597602785,-0.6647489497995032,0.17069490842797413,-0.39234467602399037,3.116981726610328,-0.00016701994116737003,-1.7911136786090296,-2.1211074034320276,-1.1545432249652308,-1.436643425618307,1.5708465576171875,-0.47074681917299444,1
474,1788171240.5752988,-0.26225416125585366,-0.6645249563974854,0.17064862911339496,-0.37982241517716037,3.118420286870659,0.00020889582808378442,-1.7933195273028772,-2.1221869627581995,-1.1529009977923792,-1.4374688307391565,1.5708705186843872,-0.4649284521685999,1
475,1788171240.6155336,-0.2639388442778695,-0.6643728599339785,0.17071462539814633,-0.36742732620718904,3.1199656423825206,-5.537839069241238e-05,-1.7956932226764124,-2.123302761708395,-1.1510193983661097,-1.4380558172809046,1.5708705186843872,-0.45934993425478154,1
476,1788171240.6573203,-0.26548158949540235,-0.664239845683982,0.17072719453550209,-0.35515171949491575,3.1213944508098903,-8.908458933041538e-05,-1.7978628317462366,-2.1244428793536585,-1.1491978804217737,-1.438714329396383,1.5708705186843872,-0.4536517302142542,1
477,1788171240.6973772,-0.26709577885114677,-0.6641307900279204,0.17072637279880973,-0.3423075505525154,3.1228422519542662,-0.00026108175630456377,-1.8001287619220179,-2.125678364430563,-1.1472800413714808,-1.4392889181720179,1.570894479751587,-0.4476888815509241,1
478,1788171240.7381046,-0.26875011578535524,-0.663988178468772,0.17078086513306295,0.3297043439253652,-3.1242356058023337,0.0003892032716999116,-1.8024428526507776,-2.126866165791647,-1.1452906767474573,-1.439995590840475,1.5708705186843872,-0.4419305960284632,1
479,1788171240.780356,-0.2702846882220213,-0.6638500596846594,0.1706728464086011,-0.31776196531515755,3.1254321097964253,-2.0342928171344833e-05,-1.8045886198626917,-2.128197971974508,-1.1434090773211878,-1.4407857100116175,1.5708465576171875,-0.4364355246173304,1
480,1788171240.8206031,-0.27223911509716375,-0.6637040213015428,0.17065523864606566,-0.3024455624109855,3.1269634491028513,-0.00013253930175727272,-1.8073223272906702,-2.129733387623922,-1.141047779713766,-1.4415400663958948,1.5708585977554321,-0.42936975160707647,1
481,1788171240.861474,-0.2738199460036827,-0.6635375701926347,0.17062704869136147,-0.289745451406519,3.1281349545417143,-0.00010854413942221728,-1.8095515410052698,-2.130921188985006,-1.1392377058612269,-1.4421866575824183,1.5708825588226318,-0.42347938219179326,1
482,1788171240.9028475,-0.2753885978927471,-0.6633844353864288,0.17063814808051206,-0.277626544641989,3.1292799646214133,-0.00026171363151212835,-1.8117459456073206,-2.1320489088641565,-1.1374524275409144,-1.4427369276629847,1.5708705186843872,-0.41792422929872686,1
483,1788171240.9455693,-0.27703097477953215,-0.6631244053138805,0.1706653062013741,-0.2650271988826468,3.1303061203193803,-1.7418378342245162e-05,-1.8140829245196741,-2.133153263722555,-1.135594669972555,-1.4436586538897913,1.5708825588226318,-0.41221362749208623,1
484,1788171240.9887865,-0.2786265578736929,-0.6628688665004064,0.17065348156958582,-0.2520287805679156,3.131318016518813,0.0002673750768460562,-1.8163488546954554,-2.134256188069479,-1.1338327566729944,-1.4445088545428675,1.5708825588226318,-0.4061792532550257,1
485,1788171241.0279858,-0.28054942273547373,-0.6625593955326267,0.17060700800352327,-0.23715421124379948,3.132506453453945,0.0002627850316387635,-1.8190701643573206,-2.135468308125631,-1.1320350805865687,-1.445082966481344,1.5708585977554321,-0.39940053621401006,1
486,1788171241.0692089,-0.2821981969504234,-0.6621917561346532,0.1707349585390025,-0.22502165867064933,3.13347779276704,-9.426692447038762e-05,-1.8214438597308558,-2.136092011128561,-1.1307762304889124,-1.4454782644854944,1.5708585977554321,-0.39402562776674444,1
487,1788171241.1103334,-0.28370393651572234,-0.6617446536368496,0.17073558142514664,-0.21255933191192883,3.1343361343602267,-3.940457977729194e-05,-1.8236497084247034,-2.1365841070758265,-1.1299856344806116,-1.4458134810077112,1.5708585977554321,-0.3882787863360804,1
488,1788171241.1529086,-0.2853659584809623,-0.6611074320079262,0.17072459121925504,-0.1995335490344403,3.135222598960452,-0.00012294180322214093,-1.8261311689959925,-2.1367395559894007,-1.1297820250140589,-1.4458015600787562,1.5708465576171875,-0.38244849840273076,1
489,1788171241.1950235,-0.28694086902215105,-0.6603514692791103,0.17072858444333558,-0.18734758932767115,3.1359817094415248,-0.00015845885762200157,-1.828541103993551,-2.136547867451803,-1.1300814787494105,-1.445669953023092,1.5708465576171875,-0.3770855108844202,1
490,1788171241.2354496,-0.288506913440239,-0.6595202019486557,0.1706167595931552,-0.1753013023923683,3.136546571181229,0.0001689756976926887,-1.830986801777975,-2.1363676230060022,-1.1305964628802698,-1.4455741087542933,1.5709065198898315,-0.37185413042177373,1
491,1788171241.2747133,-0.29015569871526486,-0.6586000008777253,0.17060997421066015,-0.16397587516866566,3.1371408265201866,0.00037885324762898764,-1.8335521856891077,-2.135972325001852,-1.1312082449542444,-1.4454901854144495,1.5708825588226318,-0.3671992460833948,1
492,1788171241.3160746,-0.29171225051830063,-0.6577372131704846,0.17059985946662562,-0.1541380027382313,3.1376850086064505,0.0002824127392910175,-1.8359735647784632,-2.1355159918414515,-1.131974999104635,-1.4451072851764124,1.5708585977554321,-0.3633478323565882,1
493,1788171241.3574307,-0.29363127289413077,-0.6566109982570368,0.1705446235300843,-0.14414523496908974,3.1381303226255546,0.000425620955889,-1.83899432817568,-2.1349404493915003,-1.133005444203512,-1.4447482267962855,1.5708585977554321,-0.36000043550600225,1
494,1788171241.3998508,-0.2951562938818159,-0.6556874567742911,0.1705775603489339,-0.13739164268816853,3.1384818573322213,0.00025191728012605386,-1.8414042631732386,-2.1342924276935022,-1.1339762846576136,-1.4443052450763147,1.5708465576171875,-0.3581050078021448,1
495,1788171241.4410498,-0.29669038187839913,-0.6547197855435041,0.1706197880542804,-0.13201187024261057,3.1387425126646407,0.00010795035922100373,-1.8438494841205042,-2.1335724035846155,-1.1350310484515589,-1.4438741842852991,1.5708465576171875,-0.3571212927447718,1
496,1788171241.4817383,-0.29830819450117146,-0.6537082033298062,0.17067994838283063,-0.12734599791779672,3.1389752950679997,-0.0002664121954811263,-1.8464391867267054,-2.1327689329730433,-1.1362059752093714,-1.4432638327227991,1.5708825588226318,-0.35673696199526006,1
497,1788171241.5238278,-0.29981400550352466,-0.6526862428858564,0.17070995774033546,0.12426312260923175,-3.13913155976347,0.00044580414472857586,-1.848872486745016,-2.1319053808795374,-1.1375239531146448,-1.4426892439471644,1.5708825588226318,-0.35720521608461553,1
498,1788171241.5674834,-0.3017140986467306,-0.6512796486819475,0.17061741717884343,-0.12115709340677049,3.1391759196362488,6.6863218300871195e-06,-1.8519890944110315,-2.1308496634112757,-1.139357868825094,-1.4422104994403284,1.5708705186843872,-0.358344856892721,1
499,1788171241.6077414,-0.30310862615138245,-0.6502165318297405,0.17068370348161993,-0.12051926986528352,3.1392160066635904,-7.5475021833939535e-06,-1.8542912642108362,-2.129841152821676,-1.1407840887652796,-1.4417794386493128,1.5708585977554321,-0.3602402845965784,1
500,1788171241.64743,-0.30452857453253734,-0.6488566735654413,0.17061103006286688,-0.12034901274392742,3.1391158697278656,0.0003721025133725897,-1.8567608038531702,-2.1283777395831507,-1.1432173887835901,-1.4410727659808558,1.5708825588226318,-0.3626039663897913,1
501,1788171241.6900535,-0.3059005409274466,-0.6474999052046193,0.17072437336056678,-0.12056182718409288,3.1391727698472884,0.0001264051711914719,-1.8591578642474573,-2.126578156148092,-1.1458056608783167,-1.4401152769671839,1.5708705186843872,-0.3651350180255335,1
502,1788171241.731664,-0.30719319211652396,-0.6462043465270021,0.1707541606359476,-0.12073562759856397,3.139189663363478,-4.170025258680456e-05,-1.8614357153521937,-2.124911133443014,-1.1483824888812464,-1.439096752797262,1.5708825588226318,-0.36752301851381475,1
503,1788171241.7724895,-0.3086167695051502,-0.6447798668175941,0.17072484019434173,-0.12089005970108967,3.1391904007215374,0.00015958745071444102,-1.8639290968524378,-2.1232426802264612,-1.151055637990133,-1.4382112661944788,1.5708345174789429,-0.37011462846864873,1
504,1788171241.8133223,-0.3101411295919437,-0.6431758666671603,0.17056997378056654,-0.12094660571847324,3.1390826100259486,0.0005196897129506587,-1.866662327443258,-2.1214073340045374,-1.1542795340167444,-1.4370740095721644,1.5708585977554321,-0.3728864828692835,1
505,1788171241.8538709,-0.3114529692587821,-0.6419063331289047,0.17057258121991514,-0.11944645115658661,3.139229886809927,0.00017048075168618452,-1.8689635435687464,-2.1197999159442347,-1.1568568388568323,-1.4358647505389612,1.5708465576171875,-0.3742297331439417,1
506,1788171241.8946738,-0.31279338384546307,-0.6405384661386252,0.1706654209010572,-0.1165315386828459,3.139348912527711,1.3635583948086169e-05,-1.8713610808001917,-2.1180599371539515,-1.1593731085406702,-1.434991184865133,1.5708705186843872,-0.37476998964418584,1
507,1788171241.9348998,-0.31401985029884083,-0.6391961740539074,0.17064122920304106,-0.1123695399084226,3.139449119255409,0.0002431196282868981,-1.8735907713519495,-2.1164401213275355,-1.1619380156146448,-1.4342010656939905,1.5708705186843872,-0.3743494192706507,1
508,1788171241.9758358,-0.315334307789908,-0.6378450537984415,0.17057793186864387,-0.10668428923507876,3.1396199736919694,0.00030804925552628423,-1.8759525457965296,-2.114868942891256,-1.164551083241598,-1.4332073370562952,1.5708825588226318,-0.37309009233583623,1
509,1788171242.0167036,-0.31673655988045946,-0.6365140291308714,0.17059709287710503,-0.10013611591832343,3.1399389319978392,-9.465601240997837e-05,-1.8784220854388636,-2.1132496039019983,-1.1671040693866175,-1.4319976011859339,1.5708705186843872,-0.37138635316957647,1
510,1788171242.0573792,-0.3180236697772096,-0.6351664806488215,0.1705288741599093,-0.09234198953404295,3.1402050848637515,-0.00015974508929416018,-1.8807476202594202,-2.1116297880755823,-1.1698249022113245,-1.4308484236346644,1.5708585977554321,-0.36874705949892217,1
511,1788171242.0971,-0.31943444898136575,-0.6338120648965171,0.170275841330854,-0.08294475615049106,3.1404631801343914,-0.0001413550683402265,-1.8832529226886194,-2.1102502981769007,-1.172629181538717,-1.4294360319720667,1.5708585977554321,-0.36526757875551397,1
512,1788171242.1381238,-0.3206737431621452,-0.6324854502637787,0.16994211072172183,-0.07307470213997334,3.140656867064048,8.834574909256654e-05,-1.8855183760272425,-2.1088579336749476,-1.1756251494037073,-1.4279874006854456,1.5708585977554321,-0.3612483183490198,1
513,1788171242.179346,-0.3219764437683013,-0.6311023551403436,0.16968317151154577,-0.06211156451362208,3.140871921283671,0.00029680650728147935,-1.8878920714007776,-2.107382599507467,-1.1785619894610804,-1.4266579786883753,1.5708345174789429,-0.35664111772646123,1
514,1788171242.2204094,-0.32358467687101283,-0.6294800991518155,0.1693668247767033,-0.047079764227995334,3.1411573111431914,0.00013245589462503613,-1.8908050696002405,-2.105631176625387,-1.1821334997760218,-1.4247310797320765,1.5708465576171875,-0.3499825636493128,1
515,1788171242.2603319,-0.32488046646339347,-0.6282262804909818,0.16908433018944033,-0.03404354413598932,3.1413647880158404,-4.426007437565357e-05,-1.893130127583639,-2.104347530995504,-1.184890095387594,-1.4231389204608362,1.5708465576171875,-0.34400731721986944,1
516,1788171242.2991042,-0.3263471417961406,-0.6269982645330004,0.16877184086289912,0.02147753695220223,-3.1415151917251314,0.0003187209492600177,-1.8956835905658167,-2.1033151785479944,-1.1873467604266565,-1.4215338865863245,1.5708585977554321,-0.33856040636171514,1
517,1788171242.3384519,-0.32742795548800613,-0.6260136557332355,0.16855343785769483,-0.01169910915650595,3.141512855399535,-0.00020949360880044156,-1.8976133505450647,-2.1025002638446253,-1.1891568342791956,-1.4206245581256312,1.570894479751587,-0.3342650572406214,1
518,1788171242.3800595,-0.32883086501056974,-0.6247533218400999,0.16830247960159866,0.0006039450343205564,3.141522405599633,-9.62812235169715e-05,-1.9000948111163538,-2.1014559904681605,-1.1914103666888636,-1.4194873015033167,1.5708825588226318,-0.3289139906512659,1
519,1788171242.4225035,-0.3306072348485657,-0.623338668220746,0.1679382553517234,0.016392931192092616,3.1415173422528495,-9.491649669233715e-05,-1.9031513373004358,-2.1005199591266077,-1.1938074270831507,-1.4180148283587855,1.5708465576171875,-0.3219187895404261,1
520,1788171242.4637306,-0.33203385717912803,-0.6222929596336494,0.16762085702403282,0.028864876515520315,3.1414080076610675,5.4562301439524645e-05,-1.9055727163897913,-2.1000521818744105,-1.195329491292135,-1.4170568625079554,1.5708345174789429,-0.3163998762713831,1
521,1788171242.505854,-0.3336032977437548,-0.6211884315572532,0.16728202413543788,0.041015681451253,3.1411965110530087,0.00023399490251748873,-1.908233944569723,-2.099668327962057,-1.1967676321612757,-1.4161351362811487,1.5708705186843872,-0.31132442155946904,1
522,1788171242.5454736,-0.33513432946892374,-0.6202489278639626,0.16700684383697334,0.05375134581010087,3.1410879603189663,-0.0002755567229924768,-1.9107630888568323,-2.099344555531637,-1.1980622450457972,-1.4148300329791468,1.570894479751587,-0.3057454268084925,1
523,1788171242.586801,-0.3367174744021134,-0.6191856251456425,0.1666109650125654,0.06682465728906355,3.1407836159516265,3.462764097405332e-05,-1.9134123961078089,-2.099152390156881,-1.1993325392352503,-1.4139559904681605,1.5708825588226318,-0.3000696341144007,1
524,1788171242.6264443,-0.33819356205232726,-0.6181178166330237,0.16627680684986876,0.07885787129200125,3.140451507412744,0.00040570241051477335,-1.915917698537008,-2.0988286177264612,-1.2006390730487269,-1.4132140318499964,1.5708585977554321,-0.2949112097369593,1
525,1788171242.6662002,-0.33970819674088476,-0.6171210984111055,0.1659439512063785,0.0911944800880894,3.1401253941695377,0.00043045289588516613,-1.9184468428241175,-2.09860068956484,-1.2018492857562464,-1.4122441450702112,1.5708465576171875,-0.28958350816835576,1
526,1788171242.7059083,-0.3413478654943463,-0.6161050904259053,0.1657014994057749,0.10422775383392444,3.1397606956315927,0.0001165993825467743,-1.9211681524859827,-2.0983484427081507,-1.202916447316305,-1.4112265745746058,1.5708705186843872,-0.284004036580221,1
527,1788171242.7445748,-0.34282781128511797,-0.6151272008486705,0.1654032745438318,0.11682380149149128,3.1393135202285274,0.00013535707713660964,-1.9236491362201136,-2.0981324354754847,-1.2040188948260706,-1.4103525320636194,1.5708705186843872,-0.27846080461610967,1
528,1788171242.7854693,-0.3443982571174029,-0.6140693921674726,0.1651136887841744,0.12913442927084137,3.138812055074386,0.00016747092317303438,-1.926297966633932,-2.0978687445269983,-1.205169979725973,-1.4094904104815882,1.5708825588226318,-0.2732656637774866,1
529,1788171242.8261588,-0.3459427274047224,-0.6130968000091254,0.16478636820853199,0.1415236514173405,3.1383569737466344,2.9933591414372376e-05,-1.9288514296161097,-2.097712818776266,-1.2062838713275355,-1.4084246794330042,1.5708345174789429,-0.26792651811708623,1
530,1788171242.8640983,-0.34747780417150204,-0.6120865336811029,0.1644940248567315,0.15441424783263427,3.1377106177195513,3.3389384982136375e-05,-1.9314406553851526,-2.0975330511676233,-1.2073147932635706,-1.4075873533831995,1.5708705186843872,-0.26229888597597295,1
531,1788171242.9034517,-0.3490457090309784,-0.6110588848976146,0.1642514231986851,0.16715393338705803,3.1370915449445533,-8.433073820059563e-06,-1.9340651671039026,-2.0973170439349573,-1.2082856337176722,-1.4067967573748987,1.5708465576171875,-0.25680333772768194,1
532,1788171242.9448094,-0.350475656115389,-0.6100685026008406,0.16391359297185376,0.179097478109823,3.1363694824654433,0.00023854327549774443,-1.9364989439593714,-2.09717303911318,-1.2093408743487757,-1.4060543219195765,1.5708585977554321,-0.25161964098085576,1
533,1788171242.9878113,-0.3521322054373277,-0.6090077143890082,0.1636429160805806,0.1916985384818811,3.1356432890062123,0.00020951038775928396,-1.9392674604998987,-2.0970409552203577,-1.2102511564837855,-1.405252758656637,1.5708465576171875,-0.24635249773134404,1
534,1788171243.0285373,-0.35395165589029043,-0.6078088512990281,0.16360195140196832,0.20694835801910078,3.1346806083524252,0.00011408818954271999,-1.942336384450094,-2.0967167059527796,-1.2108748594867151,-1.4048932234393519,1.5708585977554321,-0.2396934668170374,1
535,1788171243.069161,-0.3556037325032567,-0.6067058240541321,0.16362258913732589,0.2190715460359442,3.133838710991495,0.0002042664860317516,-1.9451292196856897,-2.096441094075338,-1.2112343947040003,-1.4048693815814417,1.5708585977554321,-0.2347496191607874,1
536,1788171243.1116607,-0.357063190506923,-0.6057088202976602,0.16356035253511322,0.22919527577491475,3.13305356705425,0.0005095554196564954,-1.9476102034198206,-2.0962732473956507,-1.2116058508502405,-1.4048693815814417,1.5708585977554321,-0.2307661215411585,1
537,1788171243.1527777,-0.3586536339408468,-0.6046905824215246,0.16358130787679354,0.23881165072882865,3.1323072432902186,0.00039853298010041185,-1.9502952734576624,-2.096069637929098,-1.2118819395648401,-1.4047377745257776,1.5709065198898315,-0.22731048265566045,1
538,1788171243.1939154,-0.36020996496876023,-0.6036952439399499,0.16357881432096788,0.24688834023394615,3.131691849028469,0.0003442025366377778,-1.9529083410846155,-2.0959017912494105,-1.2121575514422815,-1.4045937697040003,1.5709065198898315,-0.22476655641664678,1
539,1788171243.2366517,-0.36205968273697825,-0.6025262087152256,0.1636007623384305,0.25536382286282294,3.1311092643778844,0.00017359723103844057,-1.9559887091266077,-2.0956853071795862,-1.2124689261065882,-1.4043663183795374,1.5708465576171875,-0.22243863741029912,1
540,1788171243.277326,-0.36363682740020054,-0.6014627826476604,0.16365252545576497,0.2609753505605643,3.1306422414996558,0.00013136166768763714,-1.9586737791644495,-2.095409695302145,-1.2127683798419397,-1.4043181578265589,1.5708585977554321,-0.22153884569276983,1
541,1788171243.3190823,-0.36516308542469983,-0.6004249791032982,0.16363567921359778,0.2649157106957716,3.1303149063964435,0.00011259968676247371,-1.9612749258624476,-2.0951693693744105,-1.2131875197040003,-1.4041269461261194,1.5708585977554321,-0.22162276903261358,1
542,1788171243.360475,-0.36671751285315923,-0.5993142219387181,0.16365303105292836,0.2675576705103414,3.130082144262977,8.953994208263129e-05,-1.9639595190631312,-2.094809357319967,-1.213703457509176,-1.4039595762835901,1.5708705186843872,-0.2226188818560999,1
543,1788171243.401088,-0.3681946524316948,-0.5982299581076918,0.16364778345220107,0.2692071903837693,3.129944239631457,7.139987259748048e-05,-1.966524902974264,-2.0944255034076136,-1.2143147627459925,-1.4037202040301722,1.5708705186843872,-0.2241304556476038,1
544,1788171243.4435258,-0.36970342688717883,-0.5971402808857749,0.16370561334545908,0.2694500648136797,3.1299711843659024,-0.00016131939935737073,-1.9691374937640589,-2.0939820448504847,-1.2148903051959437,-1.4034326712237757,1.5708705186843872,-0.22659045854677373,1
545,1788171243.4852333,-0.37095960575492765,-0.5958335095833729,0.1636584048012732,0.2696366831786164,3.129981990975284,-0.00022904368011156907,-1.9715350309955042,-2.092853848134176,-1.216771427785055,-1.402630631123678,1.5708585977554321,-0.22887021700014287,1
546,1788171243.5254962,-0.37141675939043545,-0.5939716527893504,0.16371853600302766,-0.26951764257857735,-3.1299528691962424,0.0005278520968299385,-1.9731891790973108,-2.0893753210650843,-1.2220452467547815,-1.4006312529193323,1.5708465576171875,-0.230598274861471,1
547,1788171243.5667546,-0.3713830460291595,-0.5923006152228407,0.1637756919851796,0.2699902734055364,3.1299675130602327,-0.00036376081365625134,-1.9740999380694788,-2.0858357588397425,-1.2273309866534632,-1.3990028540240687,1.5708705186843872,-0.2312100569354456,1
548,1788171243.6054804,-0.3714429837734445,-0.5906666829326074,0.16369496507254785,0.2700962721211682,3.1299063352951393,-5.555622556383345e-05,-1.9751065413104456,-2.0826085249530237,-1.2324608008014124,-1.3973029295550745,1.5708585977554321,-0.23214608827699834,1
549,1788171243.6444485,-0.3713974383688045,-0.5890306282049298,0.16365316173767297,0.2701270741547774,3.12983628345042,0.00026369036905926147,-1.9759815374957483,-2.0792372862445276,-1.2376988569842737,-1.3956502119647425,1.5708585977554321,-0.23299771944154912,1
550,1788171243.6825757,-0.3713771699012632,-0.5877792950755457,0.16367714776926615,0.27078665838381716,3.1298134166784943,4.226382061130136e-05,-1.9766767660724085,-2.0765016714679163,-1.2418697516070765,-1.3940704504596155,1.5708705186843872,-0.23327333131899053,1
551,1788171243.7212749,-0.3712883476270585,-0.58618519537963,0.16380408436690141,0.27270064545369904,3.1296474896467013,-1.9167364352314207e-05,-1.9774802366839808,-2.072974983845846,-1.2469514052020472,-1.3924782911883753,1.5708825588226318,-0.23285371461977178,1
552,1788171243.7611904,-0.3711866543063463,-0.5846166632367596,0.163788793925353,0.275587774508879,3.129372659149758,0.00014465093130890417,-1.9782469908343714,-2.06962758699526,-1.2520812193499964,-1.390801731740133,1.5708705186843872,-0.2317741552935999,1
553,1788171243.8027494,-0.37110116413280103,-0.5830152836343708,0.16395566737990888,0.27992347625452707,3.128992067096456,0.0001248350644811672,-1.9790619055377405,-2.0661004225360315,-1.2570317427264612,-1.389365021382467,1.5708705186843872,-0.22981816927065069,1
554,1788171243.8427076,-0.37101000425419856,-0.5814263991901912,0.16422985470922524,0.28578500046807986,3.12852675622995,-0.00018162552004713587,-1.9798653761493128,-2.062453095112936,-1.2619221846209925,-1.387916390095846,1.5708705186843872,-0.22687846819032842,1
555,1788171243.8843994,-0.3708801496100305,-0.5798304199972524,0.1644807751069939,0.2928253532077575,3.1279136684388904,-0.00030383248422130864,-1.9806202093707483,-2.0588181654559534,-1.2668121496783655,-1.3865755240069788,1.5708585977554321,-0.22313434282411748,1
556,1788171243.92492,-0.3705993117289764,-0.5778449358617156,0.16477738993930433,0.3029285256044083,3.126863374815589,0.00024000572420230842,-1.9813993612872522,-2.0543907324420374,-1.2726615110980433,-1.3855097929583948,1.5708345174789429,-0.2174471060382288,1
557,1788171243.9679215,-0.37028713543744257,-0.5762147174250521,0.16518065744758165,0.31226390973358537,3.1259004008881597,0.00027362622010330506,-1.981950585042135,-2.050455872212545,-1.2775514761554163,-1.3845885435687464,1.5708705186843872,-0.21202356020082647,1
558,1788171244.009201,-0.3699800999657484,-0.5746468347314035,0.16556388188299956,0.32252821103826324,3.124937118372873,1.3072246157100831e-05,-1.9824541250811976,-2.0465567747699183,-1.2824776808368128,-1.3833792845355433,1.5708465576171875,-0.20596391359438115,1
559,1788171244.0489557,-0.36951378884850333,-0.5730615168064452,0.16558696800383899,0.33472237159504276,3.1235728067459143,0.00016792494715193676,-1.9827778975116175,-2.0427420775042933,-1.2881234327899378,-1.3816664854632776,1.570894479751587,-0.19847613969911748,1
560,1788171244.0903575,-0.36904328113714957,-0.5715629203786649,0.16563120356190347,0.34723114742717726,3.1223245211308335,-0.00022936115252621573,-1.9830172697650355,-2.0388906637774866,-1.2938526312457483,-1.379512135182516,1.5708585977554321,-0.1907127539264124,1
561,1788171244.1325073,-0.3686019605929647,-0.569985261675254,0.1657865844202452,-0.35931269411080824,-3.1209705301890214,0.0004952003530761635,-1.9833653608905237,-2.034931484852926,-1.2994139830218714,-1.377740208302633,1.5708825588226318,-0.18332130113710576,1
562,1788171244.1747935,-0.3679799607462384,-0.5679654455827591,0.1655582789640228,0.37475806546550056,3.119022665602233,0.0004374393685625875,-1.9837124983416956,-2.0304086844073694,-1.306605641041891,-1.3756807486163538,1.5708465576171875,-0.1737578550921839,1
563,1788171244.2158017,-0.36749075201553527,-0.5663644503320657,0.16561809774560407,0.38699627425201444,3.117547616808933,0.00020854412347359882,-1.9840124289142054,-2.0264137426959437,-1.3124306837665003,-1.3737052122699183,1.5708705186843872,-0.16620999971498662,1
564,1788171244.2558465,-0.3669862562834011,-0.5647637891617301,0.16568252462319355,0.3996616326976602,3.1159972292331517,9.123093495575719e-05,-1.9842761198626917,-2.022430721913473,-1.3181961218463343,-1.3718374411212366,1.5708465576171875,-0.1583502928363245,1
565,1788171244.296347,-0.3664921974635342,-0.5631769624500165,0.1656344525023209,0.41221509666872314,3.114321785050997,0.00017035947675505365,-1.9845636526690882,-2.018627468739645,-1.323937718068258,-1.369958225880758,1.5708705186843872,-0.15057498613466436,1
566,1788171244.3369908,-0.3660115969252676,-0.5615703086795673,0.16563689305504087,0.4242065141521593,3.112705250376393,0.00020480722606585803,-1.9848750273333948,-2.0147646109210413,-1.3296311537372034,-1.3681500593768519,1.5708705186843872,-0.1431830565081995,1
567,1788171244.3786373,-0.36551748574335247,-0.5600060833796402,0.16575906277312846,-0.4369923161474009,-3.1110463776090596,0.000389213890879816,-1.9851391951190394,-2.010709587727682,-1.3353846708880823,-1.3660548369037073,1.5708585977554321,-0.13523942628969365,1
568,1788171244.4197648,-0.36497608867281117,-0.5583584330173331,0.16560915289348613,0.44949645772676866,3.1091535226194504,0.00014337331021637301,-1.9854024092303675,-2.0069425741778772,-1.341222111378805,-1.364342991505758,1.5708825588226318,-0.12745172182192022,1
569,1788171244.4595284,-0.36438976326385253,-0.556459271040767,0.16562423817372937,0.46441856890530353,3.1069863270761338,-5.3889276816548125e-06,-1.9857505003558558,-2.0023115316974085,-1.3479936758624476,-1.3621037642108362,1.5708825588226318,-0.11820012727846319,1
570,1788171244.4983351,-0.36398072262717207,-0.5551671214890807,0.16569111429676953,0.47464035545727407,3.1055028011375905,-0.00021499764382986345,-1.9859660307513636,-1.9990842978106897,-1.352572266255514,-1.3606074492083948,1.5708585977554321,-0.1118400732623499,1
571,1788171244.5403574,-0.36351155772254096,-0.5536503322364447,0.16571388577141696,-0.4866321077508255,-3.103631493575906,0.0005559777671930337,-1.9862411657916468,-1.995317284260885,-1.3580625692950647,-1.3586562315570276,1.5708465576171875,-0.10438853899110967,1
572,1788171244.5804307,-0.3628632971256269,-0.5516643858649655,0.16563326896219713,0.5016707233266626,3.101213859055699,-8.489225444499147e-07,-1.986565415059225,-1.9907344023333948,-1.3648465315448206,-1.356823746358053,1.5708585977554321,-0.09501582780946904,1
573,1788171244.6210892,-0.36232129424502796,-0.5500134871133915,0.16567322909843524,0.5140909012039286,3.099158213036711,0.00012574888002691548,-1.986828629170553,-1.9867633024798792,-1.3704803625689905,-1.355243984852926,1.5708585977554321,-0.08726436296571904,1
574,1788171244.665289,-0.36189356703043085,-0.5485835444070628,0.16564333235828854,0.5261720041019178,3.0971188699658767,0.0001959318509210276,-1.9871166388141077,-1.9834039847003382,-1.375406567250387,-1.353722874318258,1.5708585977554321,-0.07975227037538701,1
575,1788171244.7038336,-0.3616657942949432,-0.5478132836982595,0.16558836525245457,0.53898684057827,3.094900363087498,0.00013146958223322357,-1.9872844854937952,-1.9815924803363245,-1.3781750837909144,-1.3527291456805628,1.5708825588226318,-0.07164031664003545,1
576,1788171244.7444208,-0.3616374756708251,-0.5477683398837143,0.16561317424020297,0.5511108247265302,3.0927791847201287,4.120891112420351e-05,-1.9872725645648401,-1.981424633656637,-1.3783672491656702,-1.352645222340719,1.5708825588226318,-0.06379253069032842,1
577,1788171244.7865913,-0.36170587801288345,-0.5478780248861321,0.1656132062558666,0.5632458808419293,3.0906126235024565,-7.667990860232573e-06,-1.9872964064227503,-1.98171312013735,-1.3779595533954065,-1.3527291456805628,1.5708705186843872,-0.055968586598531544,1
578,1788171244.8299057,-0.36193352809209395,-0.5481688569233066,0.16570070832623682,0.575562485003379,3.0883840595178382,-0.00035997078350599255,-1.9874404112445276,-1.9824321905719202,-1.376749340687887,-1.352992359791891,1.5708825588226318,-0.048144165669576466,1
579,1788171244.8707304,-0.36296406559030575,-0.549016623421107,0.16567057172934793,0.5883426855790473,3.0859845037820848,-0.00017918140554144409,-1.9883511702166956,-1.985527817402975,-1.3723261992083948,-1.3544295469867151,1.5708465576171875,-0.04077655473817998,1
580,1788171244.910761,-0.3641582401079411,-0.5501957243055697,0.16573660499229945,0.5979296756197484,3.0841452724030063,-0.0002913623047865872,-1.989298168812887,-1.9893673102008265,-1.3666084448443812,-1.3562372366534632,1.5708585977554321,-0.03550893465151006,1
581,1788171244.9516594,-0.3653920457043969,-0.5513864904948971,0.16573127558307285,0.6063428103436114,3.0824888947322258,-0.0003719883926944089,-1.9902928511248987,-1.9933374563800257,-1.3608668486224573,-1.3579614798175257,1.5708825588226318,-0.031044785176412404,1
582,1788171244.995366,-0.366631232705885,-0.5526259502743425,0.16565292824632696,0.6131815132473846,3.081129560599308,-0.0003317536724282772,-1.991251293812887,-1.997488800679342,-1.3550179640399378,-1.35968524614443,1.5708825588226318,-0.027564350758687794,1
583,1788171245.0377874,-0.36819303932518527,-0.5540684514616417,0.16569561173359157,0.6196007966337299,3.0798842053083764,-0.00025729815030129803,-1.9925101439105433,-2.0024192968951624,-1.347694222127096,-1.3621161619769495,1.5708345174789429,-0.024660412465230763,1
584,1788171245.0799987,-0.36954188382188535,-0.5553478288312251,0.16571963619846072,-0.6240868760605719,-3.078967829268133,0.0004419077469085249,-1.9935887495623987,-2.006690804158346,-1.3414014021502894,-1.3640196959124964,1.5708465576171875,-0.02282411256899053,1
585,1788171245.122518,-0.37087725626668383,-0.5565490040379724,0.16563423089699714,0.6268275999553669,3.0783616916785776,-2.2418697391234474e-05,-1.9946916739093226,-2.011045281087057,-1.3351567427264612,-1.3661864439593714,1.5708585977554321,-0.022140328084127248,1
586,1788171245.1646025,-0.37247403633380566,-0.5581006739463198,0.1657418143347968,0.6285680763149003,3.078038841219378,-0.00023939562957900101,-1.9959262053119105,-2.0161564985858362,-1.3273776213275355,-1.3687127272235315,1.5708585977554321,-0.022248093281881154,1
587,1788171245.2061698,-0.3738322367997737,-0.5594345612293491,0.1656359190469585,0.6289321906385206,3.0779463520535644,-3.150078714840934e-05,-1.9969571272479456,-2.0207632223712366,-1.3208087126361292,-1.370807949696676,1.5708465576171875,-0.023040119801656544,1
588,1788171245.247389,-0.37524690821439155,-0.5607301229646708,0.1656998493801773,0.6301940344467967,3.077735242420912,-0.00026241488511772405,-1.9980834166156214,-2.025153938923971,-1.3141692320453089,-1.3729031721698206,1.5708345174789429,-0.02335244814027959,1
589,1788171245.288453,-0.37673809238853095,-0.5619318712855075,0.1657869274590888,-0.6325525354574887,-3.0772305792009202,0.0005818588738606617,-1.999378506337301,-2.0294368902789515,-1.3076241652118128,-1.3749621550189417,1.5708585977554321,-0.023112122212545216,1
590,1788171245.3290024,-0.37822820221912845,-0.5630060054272497,0.16559272419356494,0.6356376656767374,3.07652623206203,-5.069369582694285e-07,-2.000744644795553,-2.0338996092425745,-1.3013795057879847,-1.377129379902975,1.5708825588226318,-0.02246410051454717,1
591,1788171245.3704767,-0.3797016267773247,-0.5640780501812886,0.1656492965553552,0.6398869840311687,3.075685839502253,-0.000272033855779886,-2.0020745436297815,-2.037942711506979,-1.2952311674701136,-1.3790572325335901,1.5708825588226318,-0.021036450062887013,1
592,1788171245.412415,-0.38117372202806415,-0.565141989197863,0.16569453357467087,-0.6456278082593526,-3.074512422522808,0.0005920868628068403,-2.003392998372213,-2.041961971913473,-1.2891419569598597,-1.3809126059161585,1.5708585977554321,-0.018624607716695607,1
593,1788171245.4538944,-0.38301039102514234,-0.5661806519728441,0.16566277926497536,0.6544566231236688,3.072634594368272,-0.00012715414594468064,-2.0052149931537073,-2.046736542378561,-1.2819741407977503,-1.3836067358600062,1.5708465576171875,-0.014700237904683888,1
594,1788171245.4950752,-0.3845977045088945,-0.566988653592055,0.16568949035874012,0.6631858397991336,3.0707391030561815,-5.6048270186918584e-05,-2.006845299397604,-2.050563637410299,-1.2761252562152308,-1.3856776396380823,1.5708585977554321,-0.010643784199849904,1
595,1788171245.5375445,-0.38612740919660327,-0.5678287234529815,0.16576583261320768,0.6727536783781153,3.0687134095385504,-0.00043951300087724635,-2.008367363606588,-2.054210964833395,-1.2704795042621058,-1.387425724660055,1.5708585977554321,-0.005939785634176076,1
596,1788171245.5792017,-0.38761831810574227,-0.5685057074564251,0.1657052514342091,0.6830008917347253,3.0663558750536684,0.000109740546932715,-2.009937111531393,-2.0578582922564905,-1.2650263945208948,-1.38959247270693,1.5708705186843872,-0.0008156935321252945,1
597,1788171245.6209953,-0.38954160301841717,-0.5692151158225186,0.16562721567864144,0.6978213566559716,3.0630314764238027,9.880988700711672e-05,-2.0120466391192835,-2.061997715626852,-1.2589495817767542,-1.391519848500387,1.5708585977554321,0.0067444974556565285,1
598,1788171245.6625926,-0.39032006732718055,-0.5694984888425685,0.1655904441409481,0.71030679381678,3.0601363133995725,9.19386482032925e-05,-2.012909714375631,-2.063676659260885,-1.2564924399005335,-1.3922985235797327,1.5708825588226318,0.01404101774096489,1
599,1788171245.7012014,-0.3904026439315722,-0.5695519791539564,0.16546191480888528,0.722158254107304,3.0573450120766505,2.9747178807753412e-05,-2.012993637715475,-2.0639408270465296,-1.2564323584186,-1.3920586744891565,1.5709065198898315,0.021708674728870392,1
600,1788171245.739455,-0.39090613740863545,-0.5689668275494525,0.1652584489240529,0.7348963839038576,3.054368968960135,-4.50891428801443e-05,-2.014012638722555,-2.0635088125811976,-1.2576311270343226,-1.3912327925311487,1.5708585977554321,0.029017554596066475,1
601,1788171245.779531,-0.3915989906467062,-0.5680789208089834,0.1651125436128645,0.744780648082082,3.051954738936965,-9.000088390977189e-05,-2.015498463307516,-2.0627287069903772,-1.2592013517962855,-1.3904183546649378,1.5708825588226318,0.034009359776973724,1
602,1788171245.8214092,-0.3928382380394126,-0.5660865860027778,0.16487758862959292,0.7591640186689461,3.048422168483879,0.0001836757248475671,-2.0183871428119105,-2.060617272053854,-1.2629769484149378,-1.3889220396624964,1.5708345174789429,0.04054975137114525,1
603,1788171245.8626988,-0.39353621031773933,-0.5645434526372398,0.16464478635998128,0.7711652320016491,3.0453841405402913,0.00017703845326577162,-2.020304505025045,-2.0585902372943323,-1.266656223927633,-1.3872702757464808,1.5708585977554321,0.04651377350091934,1
604,1788171245.9037614,-0.39417648957924534,-0.5629507712779984,0.16452209169322332,0.7836776128296952,3.0422058379199877,4.739406086886385e-05,-2.022174660359518,-2.056298557912008,-1.2704680601703089,-1.3856657187091272,1.5708585977554321,0.052862416952848434,1
605,1788171245.9424655,-0.39471076013874307,-0.5612924948453382,0.16438143178882061,0.7955749345511458,3.0390630401769863,0.00026059900342088177,-2.0239604155169886,-2.0538633505450647,-1.2744830290423792,-1.3842290083514612,1.5708825588226318,0.05891070514917374,1
606,1788171245.9830585,-0.39517556682357985,-0.5596488117418101,0.16423677056967992,0.8076023579750131,3.0358970339848277,0.00029996547762324143,-2.0256384054767054,-2.051307980214254,-1.2787140051471155,-1.3825762907611292,1.5708705186843872,0.06515074521303177,1
607,1788171246.024239,-0.3955395851168058,-0.5581157513051516,0.16420740661949093,0.8201206227699666,3.0325940044703503,-0.0002207595282315187,-2.0271242300616663,-2.0486086050616663,-1.2829449812518519,-1.3807089964496058,1.5708825588226318,0.07190722227096558,1
608,1788171246.0658774,-0.3959209038923884,-0.5565635191203996,0.16393322653819775,0.8321608844026398,3.02932511833122,-2.523451038699994e-05,-2.0286343733416956,-2.0462449232684534,-1.2871878782855433,-1.3789494673358362,1.5708465576171875,0.07833975553512573,1
609,1788171246.1064892,-0.3962068378386768,-0.5548690579772172,0.16377321963170396,0.84398664033073,3.0259885667128468,0.0003768979332974964,-2.03013259569277,-2.043497387562887,-1.291671101246969,-1.3774765173541468,1.5708585977554321,0.08466405421495438,1
610,1788171246.1482713,-0.3963572944192703,-0.5529825026139132,0.16368048353896633,0.8587561345537614,3.0218395332204175,0.00020690584201113482,-2.0315831343280237,-2.0399706999408167,-1.297232453023092,-1.375333611165182,1.5708705186843872,0.09298036247491837,1
611,1788171246.191905,-0.39639379154898824,-0.5513400568127107,0.16357054147110267,0.8707449930124903,3.018455548061075,0.00012249546586515404,-2.0327094236956995,-2.0368030706988733,-1.3022783438311976,-1.3733938376056116,1.5708345174789429,0.09978477656841278,1
612,1788171246.2327943,-0.39631218896714826,-0.5497549590025358,0.16334882488469452,0.8824450717355902,3.0150184114355865,0.000437497716102035,-2.033656422291891,-2.0337799231158655,-1.3073247114764612,-1.3715742270099085,1.5708345174789429,0.10660117864608765,1
613,1788171246.2744985,-0.3963403582289445,-0.5481460893613612,0.16317881186604294,0.8950003132083107,3.01128578388918,0.0003720139087764513,-2.0347827116595667,-2.0307329336749476,-1.3123229185687464,-1.3695867697345179,1.5708705186843872,0.11381381005048752,1
614,1788171246.3165622,-0.39644485580589583,-0.546510987896215,0.1630758681927,0.9097430884754137,3.0069078691288493,0.00011536448841035106,-2.0360172430621546,-2.027649227772848,-1.3172252813922327,-1.3675997892962855,1.5708585977554321,0.1223701760172844,1
615,1788171246.360281,-0.3964278702814349,-0.546204144437326,0.16296786926037202,0.921589643375071,3.0033632250285587,-0.00034555081099503645,-2.036197010670797,-2.0269292036639612,-1.3186515013324183,-1.3665936628924769,1.5708465576171875,0.1300625503063202,1
616,1788171246.4024487,-0.3964108383246031,-0.5462525658161331,0.16279100428782597,0.9338192327595235,2.999582327093152,-0.00022931000747748506,-2.036137406026022,-2.0271218458758753,-1.3188074270831507,-1.3663180510150355,1.5708345174789429,0.13827137649059296,1
617,1788171246.4446356,-0.3964212827069698,-0.5462270329392662,0.16270562937833632,0.9455155943105317,2.995869498358807,-0.00027670942693240245,-2.036185089741842,-2.0271218458758753,-1.3190353552447718,-1.3660672346698206,1.5708825588226318,0.1460360288619995,1
618,1788171246.486505,-0.39640543698196107,-0.5461771642986605,0.1625285858117656,0.9599974585275696,2.991273455726057,-4.330532364786566e-05,-2.036185089741842,-2.0271580854998987,-1.319406811391012,-1.3658040205584925,1.5708465576171875,0.15570878982543945,1
619,1788171246.5272427,-0.3963947160891237,-0.5461973230838187,0.16238652609578666,0.9717799109027561,2.987457664640563,-8.362262293262781e-05,-2.036161247883932,-2.0272415320025843,-1.3196585814105433,-1.3654444853412073,1.5708585977554321,0.16361725330352783,1
620,1788171246.567838,-0.3964085254933993,-0.5461655401411787,0.1621949599126342,0.9837152040994491,2.9835033348603424,0.0001164456759332832,-2.0362094084369105,-2.0273616949664515,-1.3199461142169397,-1.365168873463766,1.5708825588226318,0.17157365381717682,1
621,1788171246.6092908,-0.39637455144980877,-0.5461992384566697,0.16200593482004494,0.9957818880076443,2.9794675142331375,0.00016806397138122365,-2.036149326954977,-2.0274933020221155,-1.3202336470233362,-1.3647859732257288,1.5709065198898315,0.17973417043685913,1
622,1788171246.6504343,-0.3964177989529081,-0.5461779647948145,0.1618653245218522,1.0075824114002094,2.975587196357732,3.688793469186814e-05,-2.036197010670797,-2.027529541646139,-1.3205693403827112,-1.364319149647848,1.5708345174789429,0.1875946968793869,1
623,1788171246.689861,-0.39638546853385814,-0.5459952012228529,0.1616636548072934,1.0194808882913782,2.9715224336913884,-1.767261381696349e-06,-2.036280934010641,-2.027217690144674,-1.3215644995318812,-1.363612476979391,1.5708465576171875,0.19551551342010498,1
624,1788171246.7289011,-0.3964539804729181,-0.5450010217203736,0.16135738056030727,1.0314731666170402,2.967330069850192,0.00042443377929634696,-2.0370481649981897,-2.025669876729147,-1.3245967070208948,-1.3624032179461878,1.5708585977554321,0.20283600687980652,1
625,1788171246.7681642,-0.39681439444496963,-0.5439868287410798,0.1613091593617736,1.042848446926209,2.963374047551391,3.0256011308747084e-05,-2.0382230917560022,-2.0241101423846644,-1.327102009450094,-1.3612058798419397,1.5708705186843872,0.20932845771312714,1
626,1788171246.8067102,-0.3979947488832495,-0.5428750063768929,0.16112585774334875,1.0549894626091045,2.9591037380481895,-0.00017146222521166954,-2.0405600706683558,-2.0236547628985804,-1.3282883802997034,-1.3603437582599085,1.5708585977554321,0.2151850014925003,1
627,1788171246.8474357,-0.3995447706401946,-0.5416974527667766,0.1610544580596055,1.0668663154995717,2.954826504102335,-0.00013583536734105542,-2.043448273335592,-2.02363092104067,-1.3285039106952112,-1.3601763884173792,1.5708705186843872,0.22033335268497467,1
628,1788171246.8889346,-0.40107752084136106,-0.5406511587772266,0.16115132986729513,1.0783683787460696,2.9506766714872597,-0.00032066434255171986,-2.0462163130389612,-2.0236905256854456,-1.3281925360309046,-1.3603079954730433,1.5708585977554321,0.22534987330436707,1
629,1788171246.931185,-0.40260848579023495,-0.5396704143820502,0.16121446304090067,1.0893465530558695,2.946625208119831,-0.000436748538032221,-2.0489495436297815,-2.023930374776022,-1.3276894728290003,-1.360499684010641,1.5708825588226318,0.2300664186477661,1
630,1788171246.9714396,-0.4041728428036077,-0.5386801120438076,0.16127275837081517,1.0994604450678498,2.9428520940195195,-0.00042115805701368043,-2.051729981099264,-2.0242541472064417,-1.3270538488971155,-1.3608229796039026,1.570894479751587,0.23415827751159668,1
631,1788171247.0131948,-0.4057030249675634,-0.537750122787355,0.16122299197090706,1.108266922867407,2.9395631004474896,-8.211189892668192e-07,-2.0544021765338343,-2.024830166493551,-1.3262627760516565,-1.3613017241107386,1.5708465576171875,0.23747079074382782,1
632,1788171247.0535858,-0.4076191090380559,-0.5366348472039209,0.16118758026769373,1.1172453089342584,2.9361466521109216,0.00018572756416656623,-2.0577338377581995,-2.0255497137652796,-1.3252561728106897,-1.3617084662066858,1.5708465576171875,0.24025487899780273,1
633,1788171247.0967484,-0.40912646349068504,-0.5358475060485468,0.16114356239125555,1.1231997707651835,2.933840367866311,0.000276157045783726,-2.060298744832174,-2.0262940565692347,-1.3242490927325647,-1.3620322386371058,1.5708705186843872,0.2417551577091217,1
634,1788171247.1386228,-0.41078441651778747,-0.5350183115771112,0.16117661911969253,1.1281915848494386,2.9319211649711634,9.711331758859607e-06,-2.06309158006777,-2.0270374456988733,-1.3230984846698206,-1.3622716108905237,1.570894479751587,0.24236710369586945,1
635,1788171247.177284,-0.4123556671418919,-0.5342500359178701,0.1611251749214487,1.1316591646515226,2.9306064019876064,0.0002038331552013774,-2.0657041708575647,-2.027961079274313,-1.3218281904803675,-1.3627384344684046,1.5708585977554321,0.24211542308330536,1
636,1788171247.2185333,-0.41403463094356197,-0.5334221010016426,0.16110084744460454,1.134580763665204,2.929450810201183,0.00019879287536846575,-2.0685203711139124,-2.0288732687579554,-1.3205331007586878,-1.3631213347064417,1.5708825588226318,0.24129937589168549,1
637,1788171247.2624161,-0.4159344124733808,-0.5325715050696032,0.1611489691485397,1.1361916528140248,2.9288766180337698,-7.593176248517796e-05,-2.071625057850973,-2.0299528280841272,-1.318843189870016,-1.3635523954974573,1.5708585977554321,0.23928304016590118,1
638,1788171247.3025439,-0.417584022933489,-0.5317837390622773,0.16114699569422317,1.136685631688946,2.9286560658707583,-4.2560832730479616e-05,-2.074369255696432,-2.030924622212545,-1.3173931280719202,-1.3640554586993616,1.5708825588226318,0.23688282072544098,1
639,1788171247.342576,-0.419094856422133,-0.530715134358956,0.16119986137807762,1.1367921011717743,2.9286356230251993,-0.0002655401963631724,-2.077125374470846,-2.0310567061053675,-1.3170936743365687,-1.36407977739443,1.5708825588226318,0.23419460654258728,1
640,1788171247.3826768,-0.42060395134663275,-0.5297087687970108,0.16121223088615314,1.1364367190786369,2.928830124565045,-0.0004449311276907736,-2.0798218886004847,-2.031344238911764,-1.3166621367083948,-1.3641036192523401,1.5708465576171875,0.231242373585701,1
641,1788171247.4254,-0.42214680950548517,-0.52861035378167,0.1612143529513059,1.1362255550347893,2.9288748560493856,-0.0003205334230903336,-2.0826504866229456,-2.0316322485553187,-1.3162062803851526,-1.3643549124347132,1.5708705186843872,0.22827814519405365,1
642,1788171247.466028,-0.42360730917547895,-0.5275349019328958,0.16118288319652388,1.1361063267585088,2.9288957940601197,-5.982804446204622e-05,-2.0853470007525843,-2.0319083372699183,-1.3158348242389124,-1.3646181265460413,1.5708705186843872,0.2255060374736786,1
643,1788171247.5054288,-0.4251117715543904,-0.5263059984835186,0.16111432860798847,1.1363238912530684,2.9287977228901885,0.00020340739509105965,-2.0882108847247522,-2.031992260609762,-1.3158467451678675,-1.36469012895693,1.5708585977554321,0.22279386222362518,1
644,1788171247.5489397,-0.42652059569650025,-0.5250991579161706,0.16110938541145134,1.1365413780152989,2.928696496674886,0.00023729441167757783,-2.0909436384784144,-2.031884495412008,-1.316014591847555,-1.3646538893329065,1.5708705186843872,0.22021350264549255,1
645,1788171247.590612,-0.42817527161608354,-0.523542624387739,0.16109171896042204,1.1365528151530073,2.928644545446447,0.0004353297699649522,-2.0942629019366663,-2.031572167073385,-1.3164942900287073,-1.3646181265460413,1.570894479751587,0.21691298484802246,1
646,1788171247.6311035,-0.4295033960776967,-0.5221694466557663,0.16106405433521584,1.1366674088035966,2.928640838265025,0.0006535736655234158,-2.0969956556903284,-2.031116787587301,-1.3172133604632776,-1.364486042653219,1.5708345174789429,0.21424910426139832,1
647,1788171247.6725576,-0.4308592068665973,-0.5208178299991656,0.1611128370793823,1.1364740209950592,2.928734355750759,0.00035355165864923706,-2.0997756163226526,-2.03056508699526,-1.317956272755758,-1.3641036192523401,1.5708465576171875,0.21133282780647278,1
648,1788171247.7138135,-0.4321613900281003,-0.5194624404971331,0.1611403929938551,1.136162936396639,2.9288354313454135,0.0002894456233218682,-2.1024959723102015,-2.030024830495016,-1.3186991850482386,-1.363863770161764,1.5708705186843872,0.2084045559167862,1
649,1788171247.7538378,-0.43345305541193374,-0.5181447945916349,0.161140871846235,1.1361603353785974,2.928844201427603,0.00021585199601659136,-2.10516864458193,-2.0295570532428187,-1.319406811391012,-1.3635767141925257,1.5708705186843872,0.20572832226753235,1
650,1788171247.7930524,-0.43486242302514294,-0.5168616426356707,0.16117444730194586,1.136539046002509,2.9287435618231847,3.631528015638657e-05,-2.1079610029803675,-2.029292885457174,-1.319742504750387,-1.3633855024920862,1.5708465576171875,0.20318391919136047,1
651,1788171247.8336377,-0.4362569322547503,-0.5156809909566916,0.16113563446003187,1.1366468256246935,2.9286716605742007,0.00018053990054607032,-2.1106694380389612,-2.0293529669391077,-1.319730583821432,-1.3634327093707483,1.5708585977554321,0.20055601000785828,1
652,1788171247.8746696,-0.437743196707102,-0.5145042919918039,0.16119213680155645,1.1368100164286297,2.928640541650823,1.6661574776522183e-05,-2.113485638295309,-2.0294249693499964,-1.3195026556598108,-1.3634808699237269,1.5708465576171875,0.19784383475780487,1
653,1788171247.9174697,-0.43948736798900034,-0.5133019651464376,0.16123893446049942,1.1366746783184516,2.9287296315874634,-0.0003940026061956822,-2.1166613737689417,-2.029796902333395,-1.3188913504229944,-1.3634570280658167,1.5708585977554321,0.1945672631263733,1
654,1788171247.9616287,-0.4410256387162592,-0.5122219807011814,0.16125851460336926,1.1364936492708537,2.9288017728506,-0.0005087140441899285,-2.1194775740252894,-2.0301926771747034,-1.318268124257223,-1.363612476979391,1.5708705186843872,0.19162701070308685,1
655,1788171248.0036318,-0.44239231991621436,-0.5111014602033307,0.16121553615259784,1.1359770369988205,2.9289420551062184,-0.00033406007664146814,-2.1221144835101526,-2.0303848425494593,-1.318064037953512,-1.363744084035055,1.5709065198898315,0.1886511743068695,1
656,1788171248.0446198,-0.44392597806730877,-0.5094469101608587,0.16113655345226405,1.1359286702975564,2.928942926017621,0.00011991821539304407,-2.125361744557516,-2.0299766699420374,-1.3188074270831507,-1.3636964003192347,1.5708705186843872,0.18537499010562897,1
657,1788171248.0865414,-0.44504701603008573,-0.5080468006283695,0.16111041544112603,1.135997656893391,2.92887700287987,0.00031915594702129217,-2.127902332936422,-2.029292885457174,-1.319862190877096,-1.3634570280658167,1.5708825588226318,0.18289051949977875,1
658,1788171248.1289506,-0.44609370794266956,-0.5064415332363876,0.16106987833512135,1.1364115083716464,2.928707288403407,0.0005839418348043944,-2.130503002797262,-2.0281532446490687,-1.3216241041766565,-1.363002125416891,1.5708585977554321,0.18057456612586975,1
659,1788171248.1711633,-0.44678474424334946,-0.5048374206764481,0.16120193038570188,1.1365306896160814,2.928717160488675,0.00025328890898325624,-2.1326597372638147,-2.0261858145343226,-1.3242610136615198,-1.3621161619769495,1.5708465576171875,0.17848630249500275,1
660,1788171248.2125099,-0.44743262476836104,-0.5029675124533135,0.1611994451968911,1.1365479660598798,2.9287200201146564,0.00017875892752108177,-2.1349852720843714,-2.023834530507223,-1.327773396168844,-1.3609069029437464,1.5708465576171875,0.17617036402225494,1
661,1788171248.252573,-0.4478459640345639,-0.501397169529728,0.1611854599874042,1.1365984393241007,2.928707601359603,-0.000262945655627723,-2.136794392262594,-2.021554772053854,-1.3312609831439417,-1.3594220320331019,1.570894479751587,0.17439407110214233,1
662,1788171248.2925496,-0.44777506086423796,-0.49977624949922095,0.1611400148327113,1.1366996931992395,2.928663628120893,6.0864591261328294e-05,-2.1380046049701136,-2.0186637083636683,-1.3356121222125452,-1.3581650892840784,1.5708585977554321,0.1732540726661682,1
663,1788171248.3326554,-0.44773317345164254,-0.4981736177678479,0.1611001368110848,1.136274581843368,2.928778228138098,0.00023612997545185898,-2.1392625013934534,-2.015820328389303,-1.33989125887026,-1.3568480650531214,1.5708825588226318,0.17171746492385864,1
664,1788171248.3757823,-0.4476579771576552,-0.496592282209058,0.16111396196111477,1.1359663673454807,2.928875097277646,0.0003041143086158245,-2.140461270009176,-2.012904946004049,-1.3441465536700647,-1.3555548826800745,1.570894479751587,0.17031344771385193,1
665,1788171248.4162788,-0.44765255066897514,-0.4949114031005939,0.1611512519300008,1.1360349961879446,2.9288506098672236,0.00038021507695879577,-2.141827408467428,-2.0099180380450647,-1.3484376112567347,-1.354297939931051,1.5708825588226318,0.16899368166923523,1
666,1788171248.4586506,-0.4475639254556667,-0.4933746895468067,0.16109771965817915,1.1359183796224366,2.9289219469498815,0.0001913926668778509,-2.142978016530172,-2.007026020680563,-1.3528597990619105,-1.352645222340719,1.5708825588226318,0.16775743663311005,1
667,1788171248.5008218,-0.44746984026706627,-0.491772954077348,0.16101105571057536,1.136214403244984,2.9288076322767913,2.0620801132144744e-07,-2.1441882292376917,-2.0040391127215784,-1.3574989477740687,-1.3508737722979944,1.5709065198898315,0.1667492538690567,1
668,1788171248.5427637,-0.44726969555384405,-0.489847783950374,0.1596785629539813,1.1360618003706795,2.928889968658515,0.00029998368111411187,-2.1455066839801233,-2.0011242071734827,-1.365206543599264,-1.3462637106524866,1.5708465576171875,0.1653212606906891,1
669,1788171248.58293,-0.44701263962020854,-0.48825760719402544,0.15802263999489644,1.1360533433996978,2.9288754158505212,0.00014678055700401518,-2.146512810383932,-1.99878436723818,-1.3729851881610315,-1.3407328764544886,1.5708825588226318,0.16431346535682678,1
670,1788171248.6255565,-0.446779260841387,-0.4866350471515223,0.15608522753894327,1.1363261563329137,2.928803500970104,0.00018461413135911002,-2.147555653248922,-1.9966610113727015,-1.381160084401266,-1.334698502217428,1.5708465576171875,0.16344910860061646,1
671,1788171248.6656504,-0.44663512693937246,-0.48502377283147197,0.15332613554325145,1.1364649471399864,2.9287014492875776,0.0003357479113700877,-2.1487296263324183,-1.9952572027789515,-1.390425984059469,-1.326939884816305,1.5708705186843872,0.16238100826740265,1
672,1788171248.7068686,-0.44665143741520563,-0.4834440966821112,0.1501713116656357,1.1363263932627101,2.928820621150689,6.342285404828247e-05,-2.15007192293276,-1.994321648274557,-1.4001348654376429,-1.317984406148092,1.5708465576171875,0.16092903912067413,1
673,1788171248.7465343,-0.44647980668885273,-0.4817781084378882,0.1469003455176086,1.1365649333875292,2.92866156376146,0.0005189259560172315,-2.1512582937823694,-1.9933136145221155,-1.4101555983172815,-1.3092682997332972,1.5708465576171875,0.15992087125778198,1
674,1788171248.7855768,-0.44615150840695034,-0.48030339307194736,0.1437493720100939,1.136607114720466,2.9286159421506337,0.0004468627134155452,-2.152097527180807,-1.9922340551959437,-1.420068089162008,-1.3003962675677698,1.5708825588226318,0.1591171771287918,1
675,1788171248.8240194,-0.44571179769126984,-0.4792591796512622,0.14058578326816637,1.1362393838422051,2.9288191615264267,-5.586052203757149e-05,-2.1524208227740687,-1.9916585127459925,-1.4293702284442347,-1.291344944630758,1.570894479751587,0.15852883458137512,1
676,1788171248.8637354,-0.44547383968523935,-0.478741885457246,0.13730147222209782,1.1363295000391906,2.9287414260970164,0.0005037065018213863,-2.1525405089007776,-1.9927499930011194,-1.43640643755068,-1.2835739294635218,1.5708585977554321,0.15848052501678467,1
677,1788171248.9045663,-0.44547576513891035,-0.4788156795854147,0.134203437208693,1.1362883678930757,2.9287904922663164,1.0037316605889376e-05,-2.1524928251849573,-1.9948495070086878,-1.4416564146624964,-1.2759106794940394,1.570894479751587,0.15849250555038452,1
678,1788171248.9458761,-0.4454710289231431,-0.47881348009234603,0.13097711662714961,1.1363228674010115,2.928721607700546,0.00029824612505906554,-2.1524928251849573,-1.9971769491778772,-1.4467986265765589,-1.2686312834369105,1.5709065198898315,0.15852883458137512,1
679,1788171248.9878347,-0.4455056557129019,-0.47886516950899066,0.1277910458317092,1.136314617384755,2.928805865956183,1.501520143417465e-05,-2.1524809042560022,-1.9995043913470667,-1.4519417921649378,-1.2609685103045862,1.5708705186843872,0.15851646661758423,1
680,1788171249.0298474,-0.44551854542555064,-0.47887578188626384,0.12403931042404612,1.136340553101919,2.9288209767977436,-0.00024672581935664253,-2.1524928251849573,-2.0022156874286097,-1.4580424467669886,-1.251988712941305,1.5708825588226318,0.15851646661758423,1
681,1788171249.0702,-0.44547694912157515,-0.47882151452774313,0.12070713868780408,1.1362993005612088,2.928766354952707,0.0003247705376223375,-2.1524809042560022,-2.0047228972064417,-1.4631970564471644,-1.2446964422809046,1.5708705186843872,0.15851646661758423,1
682,1788171249.1115477,-0.4454623134296245,-0.478785267582318,0.11741371877312387,1.136319540402288,2.928713015802924,0.0006345175850401965,-2.1524928251849573,-2.007254425679342,-1.4682672659503382,-1.2372964064227503,1.5708705186843872,0.15852883458137512,1
683,1788171249.1523902,-0.44551741965223757,-0.47884108418388815,0.1143019046599914,1.136365503955799,2.928781717723462,4.5036824851840416e-05,-2.1525166670428675,-2.0097020308123987,-1.4731343428241175,-1.2295978705035608,1.5708705186843872,0.15851646661758423,1
684,1788171249.1946306,-0.4454774196344587,-0.4788042052661722,0.11102728748453752,1.1363369367242944,2.9287060889912717,0.00045672486174865257,-2.1525047461139124,-2.012317482625143,-1.4780367056476038,-1.2223532835589808,1.570894479751587,0.15852883458137512,1
685,1788171249.2359793,-0.4455431640052204,-0.47882830229094253,0.10801057633091457,1.1363813557200912,2.9288233626777878,-0.00010157489220340607,-2.1525524298297327,-2.0147526899920862,-1.4826872984515589,-1.214893643056051,1.5708465576171875,0.15848052501678467,1
686,1788171249.2761943,-0.4455348894905801,-0.4788297112436236,0.10471817799060998,1.1363318452660502,2.9287995917733287,0.0001913400537681077,-2.1525405089007776,-2.017559830342428,-1.4873984495746058,-1.2075660864459437,1.5708465576171875,0.15846852958202362,1
687,1788171249.3190327,-0.44558195682496693,-0.47881273821498077,0.10087795095541757,1.1362937237637494,2.9288052632346293,7.431046699820169e-05,-2.1526244322406214,-2.0208352247821253,-1.4929845968829554,-1.1986334959613245,1.5708705186843872,0.15836067497730255,1
688,1788171249.3601856,-0.4457217424722815,-0.47884723870092044,0.09770747813588249,1.1361449563501398,2.9288913258815508,-0.0002086791685012652,-2.152780357991354,-2.0237744490252894,-1.4972880522357386,-1.1912091414081019,1.5708825588226318,0.15809664130210876,1
689,1788171249.4027348,-0.44611181794107385,-0.4788215451227915,0.09458274455620538,1.1361240498055396,2.9288944446555387,-0.00017431750717833707,-2.1533072630511683,-2.02708608308901,-1.5008600393878382,-1.184347931538717,1.5708825588226318,0.15755660831928253,1
690,1788171249.4455879,-0.4475835653801613,-0.47909337562842547,0.09059886514508658,1.1367610311542533,2.9285621715726897,0.0002230265385458298,-2.1549857298480433,-2.0334318319903772,-1.5021303335772913,-1.1769960562335413,1.5709065198898315,0.15633271634578705,1
691,1788171249.4864988,-0.44928150824435453,-0.4796950760635784,0.08747832959636906,1.1371832539090179,2.928516609816974,-0.0003948577560769884,-2.1566508452044886,-2.0396345297442835,-1.5013874212848108,-1.1711285750018519,1.5708825588226318,0.15492869913578033,1
692,1788171249.5283005,-0.4508387431280619,-0.48032368846633794,0.0842450862154841,1.137940824320499,2.928184177785887,-0.00013889542887618485,-2.1581133047686976,-2.0460413138019007,-1.5004642645465296,-1.165811840687887,1.5708825588226318,0.1539924293756485,1
693,1788171249.570326,-0.4523310253841527,-0.48097479506743157,0.08113478352801431,1.1389950772239688,2.927680296332462,0.0004833448452861703,-2.1594670454608362,-2.052399460469381,-1.4991815725909632,-1.1611421743976038,1.5708825588226318,0.15338048338890076,1
694,1788171249.6124709,-0.4539771860524601,-0.48169370052933486,0.07904925433097554,1.1407326511299043,2.927113069347173,-0.00023927218721810287,-2.160952870045797,-2.057798210774557,-1.4967363516436976,-1.157717529927389,1.5708825588226318,0.1530565321445465,1
695,1788171249.6548603,-0.4557172303173511,-0.48250547776685565,0.07720508357496259,1.1429604432210356,2.926245078266727,-7.32389176825703e-05,-2.1624630133258265,-2.0634968916522425,-1.4929726759540003,-1.1558855215655726,1.5708585977554321,0.15306851267814636,1
696,1788171249.6977348,-0.45675774509163036,-0.4831103431539187,0.07650132357411243,1.14409784446212,2.925797351598791,-5.2074680297771895e-05,-2.1632655302630823,-2.066699806843893,-1.4899275938617151,-1.1557415167437952,1.5708585977554321,0.1530441790819168,1
697,1788171249.7406924,-0.45715784478381327,-0.48353961271931756,0.07613604742957253,1.1438511139005287,2.9258905756789635,0.00014255250380710254,-2.1633976141559046,-2.0683797041522425,-1.4882853666888636,-1.155825440083639,1.5708345174789429,0.15274418890476227,1
698,1788171249.7810922,-0.4571639737823437,-0.4835256159490605,0.07574861864484703,1.1438579454085624,2.9259085772389906,-7.940109542993406e-05,-2.1634214560138147,-2.0686796347247522,-1.4889329115497034,-1.1547358671771448,1.5708465576171875,0.15272022783756256,1
699,1788171249.8193185,-0.45713440660397603,-0.4835488057750642,0.07434196806352036,1.1438292225723834,2.9258363118819806,3.5282101139187003e-05,-2.1633852163897913,-2.070059124623434,-1.490671459828512,-1.1517060438739222,1.5709065198898315,0.15275618433952332,1
700,1788171249.8586783,-0.4572182993267762,-0.48350780516995995,0.07232211611927838,1.1436652557612978,2.9258789891284778,0.00034752394444654747,-2.163517777119772,-2.0721471945392054,-1.4929845968829554,-1.1475032011615198,1.5708825588226318,0.15251649916172028,1
701,1788171249.9001865,-0.45766722287702255,-0.48350308136650205,0.07029165381609526,1.1433210388794195,2.9260399092011276,0.00034612040617053677,-2.1640804449664515,-2.0747860113727015,-1.4945185820208948,-1.1433242003070276,1.5708585977554321,0.15171243250370026,1
702,1788171249.9429653,-0.4587100200290911,-0.4835466024630945,0.06654012244479418,1.1437727882048363,2.9259098924067692,-4.2509249375830216e-05,-2.1653626600848597,-2.0800169149981897,-1.4968560377704065,-1.1355050245868128,1.5708705186843872,0.1507282257080078,1
703,1788171249.9829476,-0.45892631342884516,-0.48357154848251255,0.06323908446299639,1.14525987667142,2.925262602421815,0.0001255591013924514,-2.165626351033346,-2.083736244832174,-1.5002244154559534,-1.1285350958453577,1.5709065198898315,0.15149633586406708,1
704,1788171250.0255458,-0.4590132284945223,-0.4835394511558433,0.06010339329146777,1.146733911844473,2.924735667325686,0.0001399681920750336,-2.165746513997213,-2.0869997183429163,-1.50389272371401,-1.1216018835650843,1.5708585977554321,0.1523723155260086,1
705,1788171250.0648844,-0.4590289724083507,-0.4835723605531669,0.05699432767763926,1.1481553084775677,2.924230687509142,-0.00011672640882146264,-2.1657341162311,-2.090214554463522,-1.507620636616842,-1.1144889036761683,1.5708465576171875,0.15334452688694,1
706,1788171250.1034093,-0.45908531118511076,-0.48359852623431876,0.053698952536967076,1.1492855438121836,2.9238065738737826,-0.0002468056697346965,-2.1657827536212366,-2.0937536398517054,-1.5113490263568323,-1.1071365515338343,1.5708465576171875,0.1540643274784088,1
707,1788171250.1430252,-0.4590525906910442,-0.48361223094146655,0.050482981299154295,1.1500642292688203,2.923416951399742,-4.68787046911752e-05,-2.165746513997213,-2.09719688097109,-1.5149567762957972,-1.1002267042743128,1.570894479751587,0.1546526849269867,1
708,1788171250.185497,-0.4590489041888537,-0.4835921674530372,0.047332689023058594,1.1507994045933754,2.9231743081173236,-9.375664031436106e-05,-2.165746513997213,-2.100531880055563,-1.5186126867877405,-1.0931971708880823,1.5708585977554321,0.15514478087425232,1
709,1788171250.2294326,-0.45907191865810293,-0.4835878244094549,0.043512924396594876,1.152182981677232,2.922674108275229,-0.00021415239533089812,-2.1657708326922815,-2.1046951452838343,-1.5228799025165003,-1.0846827665912073,1.5708345174789429,0.1560567021369934,1
710,1788171250.2731907,-0.45899158987270877,-0.48350754476260277,0.04019353961913971,1.1531217548014618,2.922126297569888,0.0005169286851525969,-2.1657589117633265,-2.10831863084902,-1.526440445576803,-1.0779889265643519,1.570894479751587,0.1567525416612625,1
711,1788171250.31432,-0.45904032072743756,-0.48350897818449656,0.03704149186837308,1.153853056264199,2.921926141771387,0.00019584539318254345,-2.165806595479147,-2.1118457953082483,-1.5298808256732386,-1.0708039442645472,1.5708585977554321,0.15718472003936768,1
712,1788171250.3538432,-0.45905005116925557,-0.48354219874273996,0.033916571507117466,1.1541762450782143,2.9218201694248607,-3.266068373254009e-05,-2.1657946745501917,-2.115408722554342,-1.5331772009478968,-1.0637982527362269,1.5708705186843872,0.1574127972126007,1
713,1788171250.3960423,-0.45901576908675723,-0.4834538132605293,0.03076255613751619,1.1546138168353928,2.9215946461259805,0.00048659350647753413,-2.165818516408102,-2.118972126637594,-1.5364378134356897,-1.057307545338766,1.5708465576171875,0.1577007919549942,1
714,1788171250.4374225,-0.4590308812813969,-0.48345307065695114,0.027323122676355865,1.1551167163000302,2.9213808135647548,0.0004986058541446133,-2.165842358266012,-2.1230033079730433,-1.539865795766012,-1.049858872090475,1.5708585977554321,0.15802474319934845,1
715,1788171250.4791644,-0.45907766568594427,-0.4835270426613713,0.024598746690304374,1.1553386692520053,2.9213790455354722,-0.00015327010168857607,-2.165842358266012,-2.126242462788717,-1.5426352659808558,-1.0434277693377894,1.5708705186843872,0.15815657377243042,1
716,1788171250.5211983,-0.459053621932922,-0.48350128056000224,0.021844380859826568,1.1558175413943277,2.921103917173695,0.00023710894286788919,-2.165842358266012,-2.1295416990863245,-1.5452120939837855,-1.037811581288473,1.570894479751587,0.15850448608398438,1
717,1788171250.5632825,-0.45907193603753715,-0.48351857797971576,0.0195130189051953,1.1560788541249238,2.92104644575323,0.00010853580985140748,-2.165842358266012,-2.1323612372027796,-1.5474417845355433,-1.032673184071676,1.5708705186843872,0.15867264568805695,1
718,1788171250.6048243,-0.4590718231652309,-0.4834850217285596,0.01775142445939168,1.1563978806867146,2.920928690186797,0.00013892476883888764,-2.1658666769610804,-2.1344483534442347,-1.5491798559771937,-1.028865162526266,1.5708585977554321,0.15886476635932922,1
719,1788171250.6447659,-0.45912197485189665,-0.4835639643232181,0.017249019709755814,1.156402639208878,2.9209919473282784,-0.0003770095622256754,-2.1658666769610804,-2.135132137929098,-1.5496233145343226,-1.0274041334735315,1.5708705186843872,0.15885277092456818,1
720,1788171250.683164,-0.45928684685561655,-0.48356911439007877,0.017408346576592543,-1.1565096558075674,-2.9209595473878136,0.0006336813337388987,-2.166069809590475,-2.135120217000143,-1.549216095601217,-1.0276559034930628,1.5708705186843872,0.15872058272361755,1
721,1788171250.7265549,-0.4601007871366998,-0.48346685091223823,0.017314892479994987,-1.1570527793853733,-2.9207497120810766,0.00042369760198675483,-2.1671722571002405,-2.1362717787372034,-1.547525707875387,-1.0283263365374964,1.5708465576171875,0.1579887866973877,1
722,1788171250.766459,-0.46142958613569546,-0.4835584724353849,0.017409966269949395,1.1573842804923506,2.920624718394713,-0.0004278176176367977,-2.1687658468829554,-2.138167206441061,-1.5440614859210413,-1.0298951307879847,1.5708585977554321,0.15662071108818054,1
723,1788171250.806869,-0.4626049242375927,-0.48358406680929983,0.01728293709718684,1.1571667544358195,2.9205966542196227,5.802218340271634e-05,-2.170227829610006,-2.1401355902301233,-1.5410407225238245,-1.0312727133380335,1.570894479751587,0.1550365537405014,1
724,1788171250.845782,-0.46355650722258257,-0.4836840324663987,0.01725341709874828,1.1569568491757813,2.92073739690301,-5.8241271175667716e-05,-2.171318833027975,-2.141634766255514,-1.5386312643634241,-1.0320990721331995,1.5708585977554321,0.15378831326961517,1
725,1788171250.883905,-0.46369432947826855,-0.4836512810894768,0.017171109237988563,1.1570488648080328,2.9206632034282687,0.0003547493083285188,-2.1715105215655726,-2.141970936452047,-1.5382359663592737,-1.0324223677264612,1.5708345174789429,0.15366847813129425,1
726,1788171250.9245672,-0.4636969258199865,-0.4836417270695315,0.017188022845840062,1.1571573619680915,2.9205798472798157,0.000359011926406763,-2.1715343634234827,-2.141946617756979,-1.5382235685931605,-1.0324700514422815,1.5708705186843872,0.1537283957004547,1
727,1788171250.9652126,-0.46367115534168857,-0.48365080553118894,0.017166767324417603,1.1570813361590309,2.920591540823344,0.0003920687602009064,-2.1714986006366175,-2.141958538685934,-1.5382598082171839,-1.0324462095843714,1.5708825588226318,0.15371641516685486,1
728,1788171251.0055506,-0.4636791860586023,-0.4836576219510455,0.017180961433707065,1.1571009321736847,2.9206428136528735,0.00035329458347025826,-2.171486202870504,-2.141946617756979,-1.5382478872882288,-1.032433811818258,1.5708345174789429,0.1537283957004547,1
729,1788171251.0455136,-0.46368361214771203,-0.4836550437376235,0.01719590364525353,1.1570842066863591,2.9205990471730034,0.00033656031280066505,-2.1715105215655726,-2.1419346968280237,-1.5382235685931605,-1.0324700514422815,1.5708825588226318,0.153704434633255,1
730,1788171251.0846715,-0.4636995143093655,-0.48367825227744315,0.01706195098907559,1.1570492483259989,2.92066418661734,7.169311596629541e-06,-2.1715105215655726,-2.142078701649801,-1.5384395758258265,-1.0318949858294886,1.5708825588226318,0.15366847813129425,1
731,1788171251.1261818,-0.46366050095870354,-0.48364489199408506,0.01601346933850875,1.1570507200933167,2.9206182322353462,0.00038384601640921223,-2.171486202870504,-2.1433265844928187,-1.5393865744220179,-1.0299432913409632,1.5708705186843872,0.153704434633255,1
732,1788171251.1644108,-0.4637245222176749,-0.48370928976531535,0.014425894387421312,1.1571252843900663,2.920702525517195,-9.223139048225424e-05,-2.1714986006366175,-2.14532977739443,-1.5408247152911585,-1.0261829535113733,1.5708345174789429,0.15371641516685486,1
733,1788171251.2050421,-0.46364427979896033,-0.4836024547456619,0.012183340338193238,1.1570891772517993,2.9205093423219233,0.0008151554447146649,-2.1715105215655726,-2.148017231618063,-1.5428031126605433,-1.022123161946432,1.570894479751587,0.1537283957004547,1
734,1788171251.2469316,-0.4637171683684882,-0.4837227849287181,0.011270916150356552,1.1577506583377268,2.920441333351667,-0.00017729024148250132,-2.171486202870504,-2.1491926352130335,-1.5437262693988245,-1.0193684736834925,1.5708585977554321,0.15416020154953003,1
735,1788171251.288121,-0.4637285629489468,-0.48371096955688725,0.01068660572487412,1.158698120221526,2.920065063121493,-0.00017435033225004877,-2.1715105215655726,-2.1499131361590784,-1.544253174458639,-1.018122975026266,1.5708585977554321,0.1547848880290985,1
736,1788171251.3280888,-0.4637741926581484,-0.4837775642088306,0.010735026086501315,-1.1591576752764639,-2.919894672656424,0.0006330907601507585,-2.1715105215655726,-2.1499131361590784,-1.5441930929767054,-1.017883602772848,1.5708585977554321,0.1550968438386917,1
737,1788171251.3699899,-0.463763302413891,-0.48376167035287587,0.010688168684082205,-1.1590064762232708,-2.919974536842488,0.0005052567645289552,-2.1715105215655726,-2.1499608198748987,-1.5442288557635706,-1.017883602772848,1.5708585977554321,0.1549886167049408,1
738,1788171251.4108105,-0.4637434683190963,-0.48377084894950895,0.01070054587783284,1.1589505562577331,2.9199882203228573,-0.0004953119807423536,-2.171486202870504,-2.1499369780169886,-1.5442288557635706,-1.0179193655597132,1.5708825588226318,0.15497663617134094,1
739,1788171251.4524686,-0.4637635266755954,-0.48374805285211625,0.010497631007219232,-1.1590064267363893,-2.9199746658573096,0.0005045261513289754,-2.1714986006366175,-2.1503928343402308,-1.5445769468890589,-1.0171168486224573,1.570894479751587,0.15500059723854065,1
740,1788171251.4938643,-0.46367542838758147,-0.48364736385970064,0.008937845415172035,1.1594389003096288,2.9196843865832514,0.00038376605998347816,-2.1714986006366175,-2.1520360151873987,-1.5457876364337366,-1.0148299376117151,1.5708585977554321,0.1553245484828949,1
741,1788171251.5354767,-0.46364720265706333,-0.4836254826699081,0.00748293602992553,1.1607866951056376,2.919095543461261,0.0006434550949891323,-2.171486202870504,-2.1538360754596155,-1.5470464865313929,-1.0119431654559534,1.5708705186843872,0.1562727987766266,1
742,1788171251.576461,-0.46371092997517205,-0.48367129213157833,0.007187246795721136,1.1623632956124463,2.9185713233579764,6.246211083518895e-05,-2.1715224424945276,-2.154231850300924,-1.5473702589618128,-1.0108416716205042,1.5708585977554321,0.15729257464408875,1
743,1788171251.6181839,-0.46373210158943917,-0.48370700526729377,0.0072657957267746875,1.1637708624069816,2.9180290466867196,-0.00014400805554450546,-2.1715224424945276,-2.1541717688189905,-1.5472739378558558,-1.0108659903155726,1.5708705186843872,0.15825282037258148,1
744,1788171251.6587958,-0.4637102369525926,-0.4836981668037975,0.007214518231729167,1.163943349915744,2.9179528340782617,-1.054895757978373e-05,-2.1714986006366175,-2.154219929371969,-1.5473220984088343,-1.0108540693866175,1.5708585977554321,0.1583966314792633,1
745,1788171251.698116,-0.46370115592275823,-0.4836806481471052,0.007191987511170783,1.163909354712109,2.917918699194107,0.0001273418491233133,-2.1715105215655726,-2.154243771229879,-1.5473220984088343,-1.010925594960348,1.5708825588226318,0.1583726555109024,1
746,1788171251.738192,-0.4637151295135923,-0.483705856942435,0.007224699360843606,1.1638447891479293,2.9179600886885693,-5.945563106056375e-05,-2.1715105215655726,-2.154219929371969,-1.5472982565509241,-1.0108540693866175,1.570894479751587,0.1583247184753418,1
747,1788171251.7785673,-0.46372082539491727,-0.4836808707248986,0.007215095225646478,1.1639096419608037,2.9179704792025283,4.840310775217279e-05,-2.1715224424945276,-2.154219929371969,-1.5473101774798792,-1.0109017531024378,1.5708465576171875,0.1583486944437027,1
748,1788171251.8194747,-0.4636841917060705,-0.4836934127719787,0.00719982552647519,1.1638452911997839,2.9179625319636884,9.495561834266185e-05,-2.171474281941549,-2.154219929371969,-1.5473459402667444,-1.0109017531024378,1.5708705186843872,0.15836067497730255,1
749,1788171251.8592756,-0.4636942975570849,-0.48369421929158807,0.007183213487965939,1.163862644724197,2.9179554973299053,9.568552022580665e-05,-2.171486202870504,-2.1542561689959925,-1.5473340193377894,-1.0108779112445276,1.5708705186843872,0.15836067497730255,1
750,1788171251.8977478,-0.46371098328785176,-0.48369499077538153,0.0072320314305193145,1.1639171395084864,2.917938233185177,-1.9537873002525274e-05,-2.1715105215655726,-2.154196087514059,-1.5473101774798792,-1.0108893553363245,1.5708825588226318,0.1583726555109024,1
751,1788171251.9377868,-0.46370399481499547,-0.4836847913915739,0.00720608897532668,1.1641411239123878,2.917837619707283,5.354864567524018e-05,-2.1715105215655726,-2.154219929371969,-1.5473340193377894,-1.0108893553363245,1.5708825588226318,0.15852883458137512,1
752,1788171251.9769995,-0.4637010364005795,-0.48369441680533765,0.007214012730141356,1.1647711562819039,2.917586182733044,5.3583019184313594e-05,-2.1714986006366175,-2.154219929371969,-1.5473101774798792,-1.0109131971942347,1.5708825588226318,0.1589726209640503,1
753,1788171252.0160086,-0.46370212164788643,-0.4836911375610109,0.007223554078479577,1.1659654061492661,2.9171188731299784,7.678286456946803e-05,-2.1714986006366175,-2.154208008443014,-1.5472982565509241,-1.010949436818258,1.5708705186843872,0.1597890406847,1
754,1788171252.0553634,-0.4636905280055159,-0.4836935807476663,0.007201617089864665,1.166375672458335,2.9169281805517695,0.00016403163549041797,-2.171486202870504,-2.154243771229879,-1.547286335621969,-1.0109851996051233,1.5708825588226318,0.16008903086185455,1
755,1788171252.0960207,-0.4636868568764667,-0.4836785368617095,0.0071903098156197165,1.1664739234677446,2.9168679465170877,0.00021475986369091284,-2.1714986006366175,-2.154243771229879,-1.5473101774798792,-1.0109971205340784,1.570894479751587,0.16014894843101501,1
756,1788171252.136654,-0.4636984826172118,-0.4836810114043811,0.007213373815758262,1.1664053339526053,2.916949920237468,0.00011744004159643638,-2.1714986006366175,-2.154208008443014,-1.5473220984088343,-1.010949436818258,1.5708585977554321,0.16008903086185455,1
757,1788171252.1739748,-0.4636837698552834,-0.4836692163604465,0.0071880109468105136,1.1663898862387518,2.91691126873249,0.0002371182334931899,-2.1714986006366175,-2.154231850300924,-1.5473340193377894,-1.0109971205340784,1.5708825588226318,0.16008903086185455,1
758,1788171252.2143958,-0.463687921561684,-0.4836661480746926,0.007218676282208014,1.1664932425995267,2.916865832900388,0.00017821472390670988,-2.1715105215655726,-2.1541836897479456,-1.5473340193377894,-1.0110095183001917,1.570894479751587,0.16014894843101501,1
759,1788171252.2559645,-0.4637048765679253,-0.48365273168543527,0.007227686024287916,1.1666401507907063,2.916878631456678,0.0001432531414150085,-2.1715224424945276,-2.1541598478900355,-1.5473578611956995,-1.0109732786761683,1.5708345174789429,0.16022084653377533,1
760,1788171252.2960455,-0.4636234647209099,-0.4834551984963859,0.007197367671259447,1.1664858644424756,2.916847486880768,0.00040227817287094076,-2.1716063658343714,-2.1538599173175257,-1.5479090849505823,-1.0109017531024378,1.5708825588226318,0.1600530743598938,1
761,1788171252.3347704,-0.46379306940547776,-0.48249912711804754,0.007233253701856568,1.166891422576215,2.916702993522185,0.0005430959100330758,-2.172624413167135,-2.152684513722555,-1.5497797171222132,-1.0102904478656214,1.5708465576171875,0.15930892527103424,1
762,1788171252.3755784,-0.4642972932980761,-0.4809488002538023,0.007252733423778551,1.167008510539076,2.916651547838074,0.0004822762555980496,-2.1745899359332483,-2.151100460683004,-1.5524285475360315,-1.0091889540301722,1.5708585977554321,0.15742477774620056,1
763,1788171252.417842,-0.4645512468258559,-0.479949178104479,0.007303711707224325,1.1673498108018476,2.916598793771467,2.9135469815617303e-05,-2.1757643858539026,-2.1498411337481897,-1.5545027891742151,-1.0080755392657679,1.5708465576171875,0.15646454691886902,1
764,1788171252.4593174,-0.4645783382055043,-0.4798641436855482,0.007364979169748459,1.167411801445602,2.9166024202857397,-0.0004069908503971888,-2.1758840719806116,-2.1495888868915003,-1.5548260847674769,-1.0077279249774378,1.5708825588226318,0.15638065338134766,1
765,1788171252.499874,-0.4645675200454807,-0.479875480631641,0.007379873997571201,-1.167542164534626,-2.9165726518751014,0.0004133997420649633,-2.1758483091937464,-2.149564568196432,-1.5548260847674769,-1.0077398459063929,1.5708465576171875,0.15650050342082977,1
766,1788171252.5406508,-0.4645693096676286,-0.47987870818754835,0.007362207757814071,1.1674818987046311,2.9165743485134725,-0.0004069886458846038,-2.1758602301227015,-2.1496008078204554,-1.5548141638385218,-1.0077279249774378,1.5708825588226318,0.15645256638526917,1
767,1788171252.5804672,-0.4645904777021614,-0.4798672466640057,0.007367290939496479,-1.1675069529088804,-2.916586848086455,0.00041266885100214217,-2.1758840719806116,-2.1496008078204554,-1.5548022429095667,-1.0077279249774378,1.5708465576171875,0.15644057095050812,1
768,1788171252.6226475,-0.46456659452859894,-0.47989278497885485,0.007380490047449145,-1.1674562714848558,-2.916611096586971,0.0004723753443112782,-2.1758363882647913,-2.149576489125387,-1.5548141638385218,-1.0077040831195276,1.5708585977554321,0.15645256638526917,1
769,1788171252.6637192,-0.4645849692685912,-0.479859282264382,0.007367804380191717,-1.1675089265112502,-2.9165917756925674,0.0003761572563428645,-2.1758840719806116,-2.1495888868915003,-1.5548141638385218,-1.007751766835348,1.5708465576171875,0.15644057095050812,1
770,1788171252.7016969,-0.464561518596896,-0.4798950625353655,0.007372321013230626,1.1674151171744285,2.9166096398730206,-0.0004617580827453473,-2.1758363882647913,-2.1495888868915003,-1.5548141638385218,-1.0077040831195276,1.5708825588226318,0.15642859041690826,1
771,1788171252.7406201,-0.4645875687817466,-0.47988168257485064,0.00735912576330966,1.1673177331152653,2.916671063310778,-0.0004358634123076836,-2.1758721510516565,-2.1496246496783655,-1.5547898451434534,-1.0077040831195276,1.5708585977554321,0.1563207358121872,1
772,1788171252.7805367,-0.4643658813596739,-0.4798017286096219,0.007271834640168728,1.1671519951498925,2.9166617060602835,-3.618990863796448e-05,-2.175668541585104,-2.1493967215167444,-1.5553653875934046,-1.0076201597796839,1.5708705186843872,0.15642859041690826,1
773,1788171252.820993,-0.46371800940652513,-0.4797803571775115,0.00725620520217915,1.1668100167667643,2.9167670866038797,0.00016546345852126517,-2.174877468739645,-2.1485212484942835,-1.5568636099444788,-1.0071290175067347,1.5708705186843872,0.1569925993680954,1
774,1788171252.8626447,-0.46278319594969736,-0.47978447302039817,0.007197731460353657,1.1663777902163142,2.9169465915885664,0.00037973102543437635,-2.1736915747271937,-2.1473334471331995,-1.559021298085348,-1.0062907377826136,1.5708345174789429,0.15788055956363678,1
775,1788171252.9037745,-0.4627321163403641,-0.47972476703360245,0.007137913788869632,1.1664943097812441,2.916830775387048,0.000569608321500878,-2.1736915747271937,-2.1472976843463343,-1.5592249075519007,-1.0062549749957483,1.5708705186843872,0.15797680616378784,1
776,1788171252.9413717,-0.46269131813334824,-0.47975446664227245,0.007132838177086931,1.166335387365498,2.916841158730142,0.000571259009626562,-2.17363149324526,-2.1472976843463343,-1.5592368284808558,-1.0062549749957483,1.5709184408187866,0.15794047713279724,1
777,1788171252.9825978,-0.46272358393314916,-0.4797213961528952,0.007120846160587141,1.1663738161336352,2.916885682931219,0.0006109900018403722,-2.1736796537982386,-2.1473096052752894,-1.559249226246969,-1.0062430540667933,1.5708585977554321,0.1579045206308365,1
778,1788171253.0248888,-0.46271730864860044,-0.47972125590998455,0.007138470447914824,1.1664142469379377,2.916885122184687,0.0005961775130388304,-2.1736677328692835,-2.147273365651266,-1.5592611471759241,-1.0062549749957483,1.5708465576171875,0.15794047713279724,1
779,1788171253.0664186,-0.46272012393921025,-0.47972534575935266,0.007123871275144994,1.1664478045657363,2.9168660350386255,0.0006327053680474015,-2.1736677328692835,-2.1473096052752894,-1.5592368284808558,-1.0062668959247034,1.5708465576171875,0.157964825630188,1
780,1788171253.1071208,-0.4627174528875154,-0.47972631327165716,0.007135709018571301,1.16649782344796,2.916839065315247,0.0005920097589170594,-2.1736677328692835,-2.147285286580221,-1.559249226246969,-1.0062549749957483,1.5708585977554321,0.15800076723098755,1
781,1788171253.1469252,-0.4627242803889608,-0.47972240788739107,0.007151385569434204,1.1668672965192337,2.916696994638386,0.0005555101690441521,-2.1736796537982386,-2.147261444722311,-1.559249226246969,-1.0062549749957483,1.5708585977554321,0.15824083983898163,1
782,1788171253.1871488,-0.46272512456404136,-0.4797194580621086,0.0071407706169368534,1.1670682828411705,2.916591543523308,0.0005464927315590178,-2.1736915747271937,-2.147273365651266,-1.5592611471759241,-1.00623065630068,1.5708825588226318,0.1583726555109024,1
783,1788171253.2261388,-0.46271208190424923,-0.4797281583434419,0.007139598250774287,1.1670325001313593,2.9166029190778726,0.0005654897343983472,-2.1736677328692835,-2.147273365651266,-1.5592611471759241,-1.0062430540667933,1.5708825588226318,0.1583726555109024,1
784,1788171253.264583,-0.462719788729952,-0.4797393542590773,0.007173469992175607,1.1670549155966754,2.9166082324164315,0.00047344366682411533,-2.1736677328692835,-2.1472376028644007,-1.5592368284808558,-1.0062430540667933,1.5708825588226318,0.15838465094566345,1
785,1788171253.3053188,-0.4627100123739675,-0.47975752999901844,0.007201248083676531,1.1674861205225797,2.916469491500236,0.0004262567511349479,-2.17363149324526,-2.1472013632403772,-1.5592249075519007,-1.0062549749957483,1.5708585977554321,0.1587085872888565,1
786,1788171253.34555,-0.4627184631023754,-0.4797470761292286,0.00725221793593625,1.1693848937071631,2.9156810764900287,0.00026370411844823567,-2.1736677328692835,-2.1471055189715784,-1.5592611471759241,-1.006219212208883,1.5709065198898315,0.1599811613559723,1
787,1788171253.3857405,-0.46271195632256,-0.4797748024749796,0.00725672480765191,1.1707386454723008,2.915159078083134,0.00021242934959892556,-2.17363149324526,-2.1471179167376917,-1.5592368284808558,-1.0061948935138147,1.570894479751587,0.16094103455543518,1
788,1788171253.4262853,-0.4627001312812778,-0.47977082442437824,0.0072562119674321746,1.1719732783411483,2.9146923072940187,0.00027966399146419805,-2.17360765138735,-2.1471055189715784,-1.559249226246969,-1.00623065630068,1.5708585977554321,0.16180501878261566,1
789,1788171253.4675372,-0.4626824543597603,-0.4797920895858228,0.007270195779345484,1.1740407157625594,2.913821088891472,0.00019027478268217557,-2.1735838095294397,-2.1470816771136683,-1.5592611471759241,-1.0061948935138147,1.5709065198898315,0.16325698792934418,1
790,1788171253.5087516,-0.462709984298175,-0.47983197318664794,0.007328315143086378,1.1755739657921187,2.913288557873843,-0.0001094730717805037,-2.1735714117633265,-2.147033993397848,-1.5592249075519007,-1.0060752073871058,1.5708705186843872,0.16430148482322693,1
791,1788171253.5501435,-0.462728913484676,-0.47980361632501073,0.007282144971339666,1.1771952874252642,2.9126224873825204,-3.5577923405385164e-05,-2.173619572316305,-2.1470935980426233,-1.559249226246969,-1.0060394446002405,1.5708705186843872,0.1653691977262497,1
792,1788171253.591041,-0.46271915465063923,-0.4798212686226949,0.007290202506345184,1.179039383917763,2.9119017015580653,-2.7361575900288532e-05,-2.1735838095294397,-2.1470935980426233,-1.5592249075519007,-1.0060637632953089,1.5708465576171875,0.16666537523269653,1
793,1788171253.631811,-0.4627265049277179,-0.4798001169878773,0.007284905741039349,1.1806724563330981,2.9112146743188827,-3.5444782054800505e-05,-2.173619572316305,-2.1470816771136683,-1.5592611471759241,-1.0060394446002405,1.5708705186843872,0.16775743663311005,1
794,1788171253.6742942,-0.46270946088132897,-0.4798264813329733,0.007313501686461138,1.1820653713344371,2.910635187280567,-0.0001166335568508962,-2.1735838095294397,-2.147045914326803,-1.559249226246969,-1.0060394446002405,1.570894479751587,0.16875362396240234,1
795,1788171253.7155082,-0.4627117043977464,-0.47981529190532135,0.007307294153467481,1.1844340288379296,2.90970435982727,-6.785820937637657e-05,-2.1735838095294397,-2.147045914326803,-1.5592611471759241,-1.0060513655291956,1.5708585977554321,0.17037373781204224,1
796,1788171253.7561402,-0.4627184124726061,-0.47982086047163686,0.007306790804913615,1.1861027819785597,2.9090047183396774,-0.00011244559398629786,-2.173595730458395,-2.147057835255758,-1.559249226246969,-1.0060275236712855,1.5708825588226318,0.17151373624801636,1
797,1788171253.7983084,-0.46270637463952174,-0.4798412257516098,0.007302382824706799,1.1872827697090773,2.9085036072954376,-0.00015775052314443878,-2.1735714117633265,-2.147069756184713,-1.559249226246969,-1.005991284047262,1.5709065198898315,0.17235413193702698,1
798,1788171253.8376045,-0.46270903343097486,-0.47981621143073117,0.00729663378515108,1.1883743244327254,2.9080846530150217,-7.173448732694174e-05,-2.1735838095294397,-2.147057835255758,-1.5592730681048792,-1.0060275236712855,1.5708705186843872,0.17308591306209564,1
799,1788171253.8769622,-0.4627160569835937,-0.4798456454621429,0.007316631834456355,1.1882715243118347,2.908133387668232,-0.00020529385862132703,-2.1735714117633265,-2.147057835255758,-1.5592368284808558,-1.005979363118307,1.5708825588226318,0.17302599549293518,1
800,1788171253.9161363,-0.46272272739227044,-0.4798361085964093,0.007315503001423862,1.1883279039815295,2.9081203124810977,-0.00018296700007096155,-2.1735838095294397,-2.147057835255758,-1.5592368284808558,-1.005991284047262,1.5708705186843872,0.17304997146129608,1
801,1788171253.954557,-0.4627252600115281,-0.4798397884625874,0.007309920931495795,1.1883637045709359,2.9081084261746573,-0.00020126071285255748,-2.1735838095294397,-2.147069756184713,-1.5592368284808558,-1.0059674421893519,1.5708705186843872,0.1730739325284958,1
802,1788171253.9936397,-0.46270681855544665,-0.4798226420643694,0.007271484865149974,1.1883112872427262,2.908079632863487,-4.317219423123787e-05,-2.1735838095294397,-2.1471055189715784,-1.5592611471759241,-1.0060156027423304,1.570894479751587,0.17304997146129608,1
803,1788171254.036798,-0.462732865173198,-0.4798508386735086,0.007540838549750045,1.1882853393386914,2.9081654792555836,-0.00036811060848348663,-2.1735838095294397,-2.146769348775045,-1.5590813795672815,-1.0063145796405237,1.5708705186843872,0.17301401495933533,1
804,1788171254.0771961,-0.4627736215300915,-0.47992443979508526,0.008090292466014198,-1.1882395460175081,-2.908154699425912,0.0009205975819730233,-2.1735714117633265,-2.1461218039142054,-1.5586264769183558,-1.007057015095846,1.5708705186843872,0.17300203442573547,1
805,1788171254.1172614,-0.4627843571159494,-0.47990702616632874,0.009327719251518568,-1.1882391484920631,-2.90815228314706,0.0008500104707574588,-2.173595730458395,-2.144573990498678,-1.5575111548053187,-1.009763542805807,1.5708585977554321,0.17297805845737457,1
806,1788171254.1589658,-0.4627386728817362,-0.47983647054673073,0.01127962872383656,1.188226437463393,2.908171140939632,-0.0003340917515905516,-2.17360765138735,-2.142090622578756,-1.5557487646686,-1.014350716267721,1.5708825588226318,0.17295409739017487,1
807,1788171254.200432,-0.4627158466395342,-0.47983095935367304,0.014036294063251353,1.1881319147265241,2.9081896684704227,-0.0002001771176794845,-2.1735838095294397,-2.1386712233172815,-1.5532315413104456,-1.020374600087301,1.5708825588226318,0.17291776835918427,1
808,1788171254.2417643,-0.4627693638450359,-0.47989004199783886,0.017447443272383623,-1.188210594292985,-2.908181916315903,0.0008181506357429788,-2.173595730458395,-2.1345203558551233,-1.5501392523394983,-1.0272124449359339,1.5708705186843872,0.17295409739017487,1
809,1788171254.2849083,-0.4627106162430668,-0.47981851123323144,0.02102599649184389,1.1881148493081406,2.90819770696756,-0.00011857690741740335,-2.1735838095294397,-2.130165402089254,-1.5466626326190394,-1.0354998747455042,1.5708705186843872,0.17290577292442322,1
810,1788171254.3255012,-0.462722237029931,-0.4798546252295437,0.024076688254909828,1.188098864620919,2.9082100884581137,-0.0002462788164815268,-2.1735714117633265,-2.126566235219137,-1.5436542669879358,-1.0420268217669886,1.5708825588226318,0.17290577292442322,1
811,1788171254.3667736,-0.46269609891594476,-0.4798117973461813,0.026152134456708276,1.1880719447365657,2.9081939235523353,2.3385310488159482e-05,-2.1735714117633265,-2.12407094637026,-1.5416281859027308,-1.0467212835894983,1.5708705186843872,0.17289379239082336,1
812,1788171254.4089887,-0.46275863545043044,-0.4798654744391219,0.027506201747337894,1.1881262844770022,2.908226229646047,-0.00042849358656872985,-2.17360765138735,-2.122546974812643,-1.5402496496783655,-1.0493319670306605,1.5708825588226318,0.1728818118572235,1
813,1788171254.4505925,-0.4627130922665498,-0.47981730845501225,0.027919625070301962,1.1881230111362715,2.908167841120443,0.00014592480682864542,-2.1735838095294397,-2.1220548788653772,-1.539746109639303,-1.0506966749774378,1.5708585977554321,0.17291776835918427,1
814,1788171254.4910908,-0.4626852883868971,-0.47975823579966287,0.027628452132887782,1.1880604279130165,2.908164221566625,0.00042875006462031494,-2.173595730458395,-2.122331444417135,-1.540093723927633,-1.0502541700946253,1.5708465576171875,0.17286983132362366,1
815,1788171254.5324137,-0.46269072742525896,-0.4797943434299935,0.026450520280461187,1.1881002560091916,2.908213468269637,-7.369985571365876e-06,-2.1735714117633265,-2.1236751715289515,-1.541412655507223,-1.04730731645693,1.5708465576171875,0.17290577292442322,1
816,1788171254.573838,-0.46269557017881957,-0.47980622858212474,0.024553666503093763,1.1880459661751006,2.9082298614338935,-5.750651421190292e-05,-2.1735714117633265,-2.125930134450094,-1.5432704130755823,-1.0431645552264612,1.5708585977554321,0.17286983132362366,1
817,1788171254.616639,-0.4626997550695476,-0.47979308125291714,0.021735733577138983,1.1880910182830682,2.90818911066149,0.00017995960209054007,-2.1735838095294397,-2.1293256918536585,-1.5459073225604456,-1.0372841993915003,1.5708465576171875,0.17289379239082336,1
818,1788171254.6600916,-0.46265048241608475,-0.47972633707765716,0.01829040486111369,1.1880760542375757,2.9081026759213007,0.0007071655518421311,-2.1735838095294397,-2.1334288755999964,-1.5491798559771937,-1.0302546660052698,1.5708585977554321,0.17290577292442322,1
819,1788171254.7013605,-0.46266871142422694,-0.47977685108899487,0.014540497189830304,1.1880163136427837,2.9081572296773213,0.00033034128860070274,-2.1735714117633265,-2.1380236784564417,-1.552716080342428,-1.0218833128558558,1.5708825588226318,0.17286983132362366,1
820,1788171254.7439518,-0.462688797694377,-0.4797681829871659,0.011345533373614852,1.1880810215668045,2.9081648764676107,0.000279831347673651,-2.173595730458395,-2.141970936452047,-1.555640999470846,-1.014972988759176,1.5708585977554321,0.1728818118572235,1
821,1788171254.7826178,-0.4626965524287287,-0.4798077255019532,0.008107188393858766,1.188006955882422,2.9081824368856153,0.0001002353616923979,-2.1735838095294397,-2.1460498015033167,-1.5585063139544886,-1.0079196135150355,1.570894479751587,0.17284585535526276,1
822,1788171254.824012,-0.4626853469761572,-0.4797721464676589,0.005116374258558237,1.1880732894621435,2.908195473336165,0.0001858129056566537,-2.1735838095294397,-2.149769131337301,-1.5612033049212855,-1.0015485922442835,1.5708465576171875,0.1728818118572235,1
823,1788171254.8656359,-0.462695507711115,-0.47980620754131603,0.003012732660997025,1.18806665787339,2.9081792552182426,-4.098940103836834e-05,-2.1735838095294397,-2.152468506489889,-1.5630133787738245,-0.996901814137594,1.570894479751587,0.1728818118572235,1
824,1788171254.9098585,-0.46269589313811016,-0.4798163468547601,0.00133901451641244,1.188029541168544,2.908189638848176,7.862175671153067e-05,-2.1735714117633265,-2.154651467000143,-1.5643437544452112,-0.9934638182269495,1.5708825588226318,0.17286983132362366,1
825,1788171254.9501765,-0.4627157553490937,-0.47982117789255607,0.001001104927121521,1.1880794929360043,2.9082106721371277,-2.09183234302997e-05,-2.1735838095294397,-2.15509540239443,-1.564631764088766,-0.9926617781268519,1.5708585977554321,0.1728818118572235,1
826,1788171254.9886713,-0.46273618459551225,-0.47987004292527125,0.001085293855049435,1.1880348008812245,2.908252374898547,-0.0002649326530316052,-2.1735714117633265,-2.1550353209124964,-1.5645235220538538,-0.9926736990558069,1.5708705186843872,0.1728578358888626,1
827,1788171255.0292208,-0.4627334551154008,-0.47987572591299377,0.0010743465472667635,1.1880075258278529,2.9082353746436134,-0.00025393356278330647,-2.1735714117633265,-2.1550596396075647,-1.5645116011248987,-0.9926736990558069,1.570894479751587,0.17284585535526276,1
828,1788171255.068157,-0.4627538446249095,-0.4798391688128233,0.0010580299096832058,1.1881472467459615,2.908227740294839,-0.00014164254609628517,-2.17360765138735,-2.15507156053652,-1.5645235220538538,-0.9927099386798304,1.5708345174789429,0.17289379239082336,1
829,1788171255.1102045,-0.46274297080399696,-0.47988893164829866,0.0011070888956787317,1.1880411967026105,2.9082677212510806,-0.0002967961702522303,-2.1735594908343714,-2.1550353209124964,-1.5644639174090784,-0.9927099386798304,1.5708585977554321,0.17286983132362366,1
830,1788171255.1492677,-0.4627449409374079,-0.4798587357981814,0.0010869074544041513,1.188129430332597,2.908233401929503,-0.00021958489380779776,-2.1735838095294397,-2.1550353209124964,-1.5645116011248987,-0.9927099386798304,1.5708465576171875,0.17290577292442322,1
831,1788171255.1903872,-0.46275384938779207,-0.4798530032703403,0.0010798827712592551,1.1880989140778069,2.9082584696873766,-0.00021482043492905212,-2.173595730458395,-2.1550477186786097,-1.5645116011248987,-0.9926980177508753,1.5708345174789429,0.17286983132362366,1
832,1788171255.2317653,-0.46274796209900415,-0.4798679739236553,0.0010981786780106806,1.188076598548116,2.9082533714570036,-0.00029752836596903733,-2.1735838095294397,-2.1550233999835413,-1.5645116011248987,-0.9926736990558069,1.5708585977554321,0.17286983132362366,1
833,1788171255.2724488,-0.46273237742608414,-0.47986935950607323,0.001084165350088595,1.188046833101909,2.9082320063757634,-0.00025067098249729206,-2.1735714117633265,-2.1550353209124964,-1.5645235220538538,-0.992685619984762,1.5708825588226318,0.17286983132362366,1
834,1788171255.3114998,-0.4627242586018534,-0.47987201212725733,0.00107091602754128,1.1880480352759948,2.908185189358692,-0.00020634357003192986,-2.1735714117633265,-2.1550596396075647,-1.5645116011248987,-0.9927099386798304,1.5709184408187866,0.1728818118572235,1
835,1788171255.350833,-0.46272913543042576,-0.47986464879922786,0.0010846507291179808,1.1880264711526338,2.9082319794045453,-0.00019505699732365588,-2.1735714117633265,-2.1550353209124964,-1.5645116011248987,-0.9927337805377405,1.5708825588226318,0.1728578358888626,1
836,1788171255.3927186,-0.46272773182629223,-0.4798626093246932,0.00107423397393136,1.1880922954073803,2.9081939938445682,-0.00012114600682859053,-2.1735714117633265,-2.1550596396075647,-1.5644877592669886,-0.9927814642535608,1.5708825588226318,0.17290577292442322,1
837,1788171255.4339366,-0.4627374288751215,-0.4798526692724918,0.0010753686101900584,1.188121099284635,2.9082130067369034,-0.00014970855718150468,-2.1735838095294397,-2.1550477186786097,-1.5645116011248987,-0.9927457014666956,1.5708585977554321,0.17290577292442322,1
838,1788171255.4746008,-0.46272174039728664,-0.47985870411265263,0.001070324265583955,1.1880540093155696,2.908199800364499,-0.00014343490018388217,-2.1735714117633265,-2.1550477186786097,-1.5645235220538538,-0.9927457014666956,1.570894479751587,0.1728818118572235,1
839,1788171255.515545,-0.4627413055572593,-0.47985412300922675,0.0010952782504656255,1.1880966968539726,2.908203290906743,-0.00019505701386995553,-2.173595730458395,-2.1550233999835413,-1.5644996801959437,-0.9927576223956507,1.5708825588226318,0.1728818118572235,1
840,1788171255.5580654,-0.46272681544473393,-0.479833069582532,0.0010432253882511067,1.1880715140081173,2.9081913908093635,-4.7241671592195766e-05,-2.173595730458395,-2.15507156053652,-1.5645478407489222,-0.9927576223956507,1.5708825588226318,0.17286983132362366,1
841,1788171255.598086,-0.46273282028622975,-0.4798555054977299,0.0010823930119978065,1.1880727174645427,2.908245589574325,-0.0001464073485533003,-2.1735714117633265,-2.1550353209124964,-1.5645116011248987,-0.9927576223956507,1.5708465576171875,0.1728818118572235,1
842,1788171255.6405902,-0.46273075642906664,-0.4798429742863782,0.0010602272530847723,1.1880301297939388,2.9082391878504072,-7.65339555739446e-05,-2.1735838095294397,-2.1550596396075647,-1.5645235220538538,-0.9927695433246058,1.5708585977554321,0.17284585535526276,1
843,1788171255.681002,-0.462717638818981,-0.4798521226535323,0.0010563108404984811,1.1879947671897808,2.908253632757296,-7.653293745162222e-05,-2.1735594908343714,-2.1550596396075647,-1.5645354429828089,-0.9927576223956507,1.5708585977554321,0.17284585535526276,1
844,1788171255.7213428,-0.4627311773504181,-0.47984838628907656,0.0010801363257640917,1.1880276851301805,2.908233208084978,-0.00011784794116734794,-2.1735838095294397,-2.1550353209124964,-1.5645116011248987,-0.9927814642535608,1.5708705186843872,0.17284585535526276,1
845,1788171255.7627306,-0.46272220555015015,-0.4798545794968949,0.001081271487292923,1.188024550199736,2.9082272727376965,-0.00015846866573927912,-2.1735714117633265,-2.1550233999835413,-1.5645354429828089,-0.9927457014666956,1.5708825588226318,0.1728578358888626,0
846,1788171255.800916,-0.46273828185527655,-0.47985390864268757,0.0010714455595604577,1.1880852969048104,2.908224888543765,-0.00013141509043686277,-2.1735838095294397,-2.1550596396075647,-1.5644996801959437,-0.9927576223956507,1.5708585977554321,0.1728818118572235,0
847,1788171255.8426418,-0.4627359805585963,-0.4798505648855125,0.0010714521366958774,1.1880339733067629,2.90824860273502,-0.00014971057317249788,-2.1735838095294397,-2.1550477186786097,-1.5645235220538538,-0.9927337805377405,1.5708585977554321,0.17284585535526276,0
848,1788171255.8837416,-0.46274031190522213,-0.47984783095228445,0.0010675292717619023,1.1880633629002333,2.908221269608133,-0.0001354102817379017,-2.173595730458395,-2.1550596396075647,-1.5645116011248987,-0.9927457014666956,1.5708705186843872,0.1728578358888626,0
849,1788171255.923702,-0.46273563366262827,-0.4798788914006661,0.0011145392700808998,1.1880259451313895,2.908230704237502,-0.00027295894925645974,-2.1735714117633265,-2.1550114790545862,-1.5644753615008753,-0.9927457014666956,1.570894479751587,0.1728578358888626,0
850,1788171255.9639587,-0.4627426176959451,-0.4798373537817155,0.0010801363257640917,1.1880797750434655,2.90821192903402,-0.0001178485024563823,-2.17360765138735,-2.1550353209124964,-1.5645116011248987,-0.9927814642535608,1.5708705186843872,0.1728578358888626,0
851,1788171256.0018096,-0.4627520149122941,-0.4798551861959379,0.0010936118968277175,1.1880760993063686,2.908252448085308,-0.00020129149179781567,-2.173595730458395,-2.1550353209124964,-1.5644877592669886,-0.9927457014666956,1.5708465576171875,0.1728578358888626,0
852,1788171256.040348,-0.4627301185458622,-0.47987505707357064,0.0010936122371443535,1.188014546307994,2.9082523023217157,-0.00020931742875745024,-2.1735594908343714,-2.1550353209124964,-1.5644877592669886,-0.9927457014666956,1.5708705186843872,0.1728578358888626,0
853,1788171256.0801203,-0.4627218754931871,-0.47984925141493695,0.001055176101558919,1.1880406391055667,2.9082168200656975,-4.3938058206743934e-05,-2.1735714117633265,-2.15507156053652,-1.5645116011248987,-0.9927933851825159,1.5708705186843872,0.17286983132362366,0
854,1788171256.1190498,-0.4627301944565912,-0.4798565385970183,0.0010624775541877851,1.188047926399855,2.908234663020149,-9.482661740042807e-05,-2.1735714117633265,-2.15507156053652,-1.5644996801959437,-0.9927695433246058,1.5708585977554321,0.17286983132362366,0
855,1788171256.157582,-0.46273522005790035,-0.4798686414261918,0.0010854589879568943,1.1880831662770641,2.908221413390306,-0.00019029043025441076,-2.1735714117633265,-2.1550477186786097,-1.5644877592669886,-0.9927457014666956,1.5708705186843872,0.17289379239082336,0
856,1788171256.1972358,-0.4627457833942832,-0.479837153026972,0.0010731115862351037,1.188084141722175,2.9082226163443154,-0.00011312265246217223,-2.17360765138735,-2.1550477186786097,-1.5645116011248987,-0.9927695433246058,1.5708585977554321,0.1728578358888626,0
857,1788171256.2383814,-0.4627261520549657,-0.4798554653741602,0.001073111771930757,1.1880270396522326,2.908233360938257,-0.00011711504117518524,-2.1735714117633265,-2.1550477186786097,-1.5645116011248987,-0.9927695433246058,1.5708705186843872,0.1728578358888626,0
858,1788171256.2782722,-0.4627299628737538,-0.47984662166868614,0.001064143881820967,1.1880431460161678,2.9082212893236794,-8.052745202332794e-05,-2.1735838095294397,-2.1550596396075647,-1.5645116011248987,-0.9927814642535608,1.5708705186843872,0.1728578358888626,0
859,1788171256.3172514,-0.4627245509559152,-0.479843606628318,0.0010618422039276043,1.1880367372384122,2.908205597777975,-4.7241674374677585e-05,-2.1735838095294397,-2.1550596396075647,-1.5645116011248987,-0.9928057829486292,1.5708825588226318,0.1728578358888626,0
860,1788171256.3589716,-0.4627016653514832,-0.4798007052906618,0.0012046757315322953,1.1880301703053358,2.9081894971971782,0.0002542193878414363,-2.1735838095294397,-2.1548436323748987,-1.5643919149981897,-0.9933326880084437,1.5708585977554321,0.1728578358888626,0
861,1788171256.4010985,-0.4626908415176187,-0.47978977879512924,0.0021902753078444637,1.1880202667656994,2.9081652392920043,0.0003548626709429103,-2.1735838095294397,-2.153571907673971,-1.563552204762594,-0.9955123106585901,1.5708705186843872,0.1728578358888626,0
862,1788171256.4424489,-0.46267641575538604,-0.47976401792169143,0.003968857864255909,1.1881756780536614,2.9080960883541356,0.0004803369231758651,-2.1735838095294397,-2.15126878419985,-1.562066380177633,-0.9993804136859339,1.5708585977554321,0.17296607792377472,0
863,1788171256.482456,-0.4627238941725965,-0.47981015010792993,0.0066723491954334135,1.188966049629227,2.9078396959811212,-5.1225215438519704e-05,-2.17360765138735,-2.1478613058673304,-1.5597885290728968,-1.0047219435321253,1.5708705186843872,0.17346978187561035,0
864,1788171256.5250292,-0.46272073974045075,-0.47983322056037364,0.010568074858725518,1.1900460947025606,2.9073921392247786,-1.3125205038721323e-05,-2.1735838095294397,-2.143014732991354,-1.5562647024737757,-1.0131171385394495,1.5708705186843872,0.1742379069328308,0
865,1788171256.567119,-0.46267985183674526,-0.4797978389035319,0.01372437294144957,1.1903719175097374,2.907194460298132,0.00023943973058332602,-2.1735714117633265,-2.1390555540667933,-1.5534356276141565,-1.0200751463519495,1.570894479751587,0.17448994517326355,0
866,1788171256.6088686,-0.46271876363797276,-0.47984472979988263,0.017012230391852512,1.1909104809598319,2.9070676040766816,-0.00020997684586924787,-2.1735714117633265,-2.135048214589254,-1.55043870607485,-1.0267813841449183,1.5708705186843872,0.1748378574848175,0
867,1788171256.6501098,-0.4627162254613848,-0.47980803419160584,0.020122870227521822,1.1912535624680027,2.9069088823635947,-3.209330157053401e-07,-2.173595730458395,-2.1312688032733362,-1.5474780241595667,-1.0336554686175745,1.5708585977554321,0.17505395412445068,0
868,1788171256.6909134,-0.4627137225997046,-0.47980919798025584,0.02335002850993123,1.1917488952228854,2.9066764208459404,0.00010844648788485567,-2.173595730458395,-2.127429787312643,-1.5443008581744593,-1.0407450834857386,1.5708705186843872,0.17540186643600464,0
869,1788171256.7324219,-0.4626901040993433,-0.47981211293519593,0.02657269552854008,1.19206868703837,2.906562803207118,7.949690381716823e-05,-2.1735594908343714,-2.1235788504229944,-1.5411961714373987,-1.0476792494403284,1.5708585977554321,0.17565391957759857,0
870,1788171256.7712424,-0.4627195951383936,-0.47984593798750713,0.03039019577409202,1.192843580236685,2.906265026696771,-0.000144044771684965,-2.1735714117633265,-2.1191638151751917,-1.5373247305499476,-1.0558226744281214,1.5708705186843872,0.17617036402225494,0
871,1788171256.8111198,-0.46272380956737363,-0.4798376809746822,0.03357998228801973,1.1936238597435274,2.905930346716084,-4.8121073252332086e-05,-2.1735838095294397,-2.115504566823141,-1.5340045134173792,-1.0628646055804651,1.5708705186843872,0.17669841647148132,0
872,1788171256.8495588,-0.46273938941451187,-0.479860318309502,0.03620398627288807,1.194034182381341,2.9057882283719243,-0.00022600467113945524,-2.1735838095294397,-2.1125295797931116,-1.5312712828265589,-1.0684569517718714,1.5708705186843872,0.17697443068027496,0
873,1788171256.8882685,-0.4627317369027055,-0.4798587797988091,0.03942435011100662,1.1944524736365896,2.905617677313429,-0.0001466319789127394,-2.1735714117633265,-2.108906094227926,-1.5278309027301233,-1.0755699316607874,1.5708585977554321,0.1772744059562683,0
874,1788171256.929439,-0.46270857407333255,-0.4798017174156317,0.04252171134986557,1.1948131370577413,2.905404328109045,0.00020230807933889022,-2.173595730458395,-2.105427090321676,-1.5244744459735315,-1.082635227833883,1.5708705186843872,0.17751409113407135,0
875,1788171256.971411,-0.46273654051540103,-0.4798705600702512,0.04582717765415642,1.1949105205479558,2.9054431446345848,-0.0003284838907092995,-2.1735714117633265,-2.101816002522604,-1.5209019819842737,-1.089473072682516,1.5708705186843872,0.1775863617658615,0
876,1788171257.0116909,-0.46269898753162797,-0.4798436492793153,0.04967336552167817,1.1948140404302954,2.9054554232948937,-0.00014398292855837767,-2.1735475699054163,-2.097605053578512,-1.516634766255514,-1.0980714003192347,1.5708705186843872,0.17755042016506195,0
877,1788171257.0505784,-0.46265993454746335,-0.4797821006838973,0.052116901857312076,1.1948424920181346,2.9053761253621078,0.00039954870428345805,-2.1735475699054163,-2.094977680836813,-1.5137818495379847,-1.1039031187640589,1.5708585977554321,0.1775863617658615,0
878,1788171257.0902214,-0.46266148506798965,-0.4797663509843694,0.0553081948345438,1.1949028992974249,2.9053255223526273,0.00039453349264261623,-2.1735714117633265,-2.0915945211993616,-1.510113541279928,-1.1109564940081995,1.5708825588226318,0.1776103377342224,0
879,1788171257.1326408,-0.4627117214270081,-0.47981531662984234,0.05926584860207257,1.1949152630719952,2.90540344354686,1.4449012083697065e-05,-2.1735838095294397,-2.087539021168844,-1.5054267088519495,-1.119446102772848,1.5708585977554321,0.1775863617658615,0
880,1788171257.1762774,-0.46270787754171755,-0.479828911992931,0.06246932608256811,1.1949641413055814,2.905375527451061,-2.171244266636065e-05,-2.1735714117633265,-2.08427602449526,-1.5015671888934534,-1.126547638569967,1.5708705186843872,0.17763429880142212,0
881,1788171257.2180257,-0.4627369472828572,-0.47981528842493626,0.06558430306196944,1.1949759246103944,2.9053537077907,9.249479526370835e-05,-2.173619572316305,-2.0811927954303187,-1.4976595083819788,-1.1336129347430628,1.5708705186843872,0.17759835720062256,0
882,1788171257.259751,-0.462695980167986,-0.47977377042116404,0.06883520898257434,1.194986947573047,2.905330527495296,0.00039621916260088925,-2.173595730458395,-2.0779174009906214,-1.4936555067645472,-1.1410849730121058,1.5708465576171875,0.17763429880142212,0
883,1788171257.3025227,-0.46270931098308027,-0.4798400217492528,0.07281495012276945,1.1951404577542406,2.9053585409104463,-0.00030695935031152804,-2.1735594908343714,-2.073982540761129,-1.4888365904437464,-1.1493833700763147,1.5708585977554321,0.17775414884090424,0
884,1788171257.3446922,-0.4627094695374152,-0.4798264247052363,0.07590996349585669,1.1953207188506663,2.9052511175618085,-8.291296344140868e-05,-2.1735714117633265,-2.07105523744692,-1.4847615400897425,-1.1565316359149378,1.5708585977554321,0.1778743714094162,0
885,1788171257.3844829,-0.46268939113410273,-0.4797972502443203,0.07906703679199811,1.1952878066523067,2.9052206190399015,0.00021360897262830443,-2.1735714117633265,-2.0680797735797327,-1.4805896917926233,-1.1638720671283167,1.5708585977554321,0.17786237597465515,0
886,1788171257.4256332,-0.4626934064150413,-0.479793505532136,0.08225615197881095,1.19531287833754,2.905180840599747,0.00032314126673088704,-2.1735838095294397,-2.0651524702655237,-1.4762981573687952,-1.1711648146258753,1.5708705186843872,0.1778743714094162,0
887,1788171257.4684882,-0.46273211555388144,-0.47984010063528304,0.0855562708717316,1.195330140267647,2.905272360170588,-0.00016239341432397673,-2.1735838095294397,-2.062141243611471,-1.4719470183001917,-1.1782057921039026,1.5708465576171875,0.17786237597465515,0
888,1788171257.5083237,-0.4627262735236622,-0.47983161223227966,0.08938742890100165,1.195304057984558,2.905258414659138,3.8076153942738126e-06,-2.1735838095294397,-2.0587342421161097,-1.466649357472555,-1.1870186964618128,1.5708465576171875,0.1778503954410553,0
889,1788171257.5495608,-0.462710866973705,-0.4798332557071157,0.0924799561418137,1.1952703310816541,2.905227607428456,0.0001261944781206781,-2.1735714117633265,-2.0560343901263636,-1.4623096624957483,-1.1941431204425257,1.5708705186843872,0.1778503954410553,0
890,1788171257.5909975,-0.4627108123292852,-0.47981879611718786,0.09573262080082565,1.1953036779997235,2.905208014311773,0.00016573028200156996,-2.1735838095294397,-2.0532153288470667,-1.457742993031637,-1.2015546003924769,1.5708705186843872,0.17786237597465515,0
891,1788171257.633829,-0.4627008645231226,-0.4798001644495581,0.0989807367520921,1.1953515766385363,2.9051762482792554,6.847249444182284e-05,-2.173595730458395,-2.0503957907306116,-1.453224007283346,-1.2088349501239222,1.570894479751587,0.17788635194301605,0
892,1788171257.676137,-0.4627193010092602,-0.47983113006762357,0.10219584776887089,1.1953255064485737,2.905261110470376,-0.000252331515276559,-2.1735838095294397,-2.0472286383258265,-1.4477341810809534,-1.2173484007464808,1.5708585977554321,0.17791031301021576,0
893,1788171257.717231,-0.4627165629228235,-0.4798457106853056,0.10598458593846377,1.1953213840131487,2.90525248213864,-4.24373203413551e-06,-2.1735594908343714,-2.044709030781881,-1.4429038206683558,-1.2247841993915003,1.5708465576171875,0.17788635194301605,0
894,1788171257.7585855,-0.4626901920702116,-0.47979848393880237,0.10920935372934837,1.1953263074664424,2.9051640238469383,0.00022075893786281472,-2.1735838095294397,-2.042094055806295,-1.438120190297262,-1.2323396841632288,1.570894479751587,0.17788635194301605,0
895,1788171257.7994287,-0.46272789565650035,-0.47980698566885294,0.11239335238485423,1.1954259832220278,2.9051597553281376,6.217102311504682e-05,-2.173619572316305,-2.0396345297442835,-1.4332898298846644,-1.239523712788717,1.5708825588226318,0.17791031301021576,0
896,1788171257.8413942,-0.46271463595591067,-0.4798153733378632,0.11572679879308242,1.1954413896712213,2.90519667672329,-0.0002292257017259886,-2.173595730458395,-2.036995236073629,-1.4283631483661097,-1.2468999067889612,1.5708825588226318,0.17793428897857666,0
897,1788171257.8805742,-0.4626847450348854,-0.4798416297213865,0.1187694562044194,1.1952863303183021,2.905216239339434,6.876587939757243e-05,-2.1735356489764612,-2.034799877797262,-1.4234607855426233,-1.2541917006122034,1.5708825588226318,0.1778983324766159,0
898,1788171257.9196913,-0.4626909773920969,-0.47981818242947405,0.12190790030051371,1.1953012306589423,2.905203477135714,0.00020307349337827943,-2.1735594908343714,-2.032508198414938,-1.4184864203082483,-1.2615426222430628,1.5708705186843872,0.17788635194301605,0
899,1788171257.9626174,-0.46266542916641756,-0.4797486785952406,0.1251281137729095,1.1953449198774555,2.905110553851202,0.0005289842770932748,-2.173595730458395,-2.030144516621725,-1.413379971181051,-1.2692301909076136,1.570894479751587,0.1778983324766159,0
900,1788171258.0034957,-0.4627398302127426,-0.47982783372098126,0.12840465055397196,1.1954080286633673,2.905264009353434,-0.00014347527134632465,-2.173595730458395,-2.027889076863424,-1.4081419149981897,-1.2762702147113245,1.5708225965499878,0.1778983324766159,0
901,1788171258.0472286,-0.4627318361651858,-0.4798685729919544,0.1323331564725846,1.195368575947504,2.905268566532878,-0.0005118473578702459,-2.1735714117633265,-2.0251663366900843,-1.401825253163473,-1.2850826422320765,1.5708825588226318,0.1778983324766159,0
902,1788171258.085158,-0.4627154119253302,-0.4798302106327343,0.13548881566700724,1.1953491370790164,2.9052707364453574,-0.00020412653315059532,-2.1735714117633265,-2.0230663458453577,-1.396539036427633,-1.292661492024557,1.5708465576171875,0.17788635194301605,0
903,1788171258.1262398,-0.4627068390315435,-0.4798274029821961,0.13857744031790073,1.1953449743917277,2.9052111429534957,3.02859018291176e-05,-2.1735714117633265,-2.021122757588522,-1.391217056904928,-1.3000848929034632,1.5708705186843872,0.1778983324766159,0
904,1788171258.168079,-0.46269866972983476,-0.4798383867861831,0.14177178224505527,1.1953716316426286,2.905225928702594,-5.435487997592597e-05,-2.1735475699054163,-2.019083325062887,-1.3858230749713343,-1.3074606100665491,1.5708585977554321,0.17793428897857666,0
905,1788171258.2103655,-0.46271220940106317,-0.47986771062568084,0.1449790271086841,1.1953490606847315,2.905220538503567,-0.00013404188478967146,-2.1735475699054163,-2.0171635786639612,-1.3802254835711878,-1.3149312178241175,1.5708825588226318,0.1779223084449768,0
906,1788171258.2496927,-0.46272778696225814,-0.4798668685016729,0.1482308104369667,1.1953982732326447,2.9052414819703642,-0.00023300590104781277,-2.1735594908343714,-2.0152085463153284,-1.3745797316180628,-1.3224623839007776,1.5708585977554321,0.17793428897857666,0
907,1788171258.2913036,-0.4626986662967969,-0.4797825215344247,0.1514786985605149,1.1954170371297959,2.90518691634361,8.255642831798804e-05,-2.173595730458395,-2.0132291952716272,-1.368922535573141,-1.3303044478045862,1.5708585977554321,0.1779223084449768,0
908,1788171258.3308809,-0.46271395175912444,-0.4798515656424104,0.15531954189378508,1.195347261542283,2.9052659512636083,-0.00034531621430359177,-2.1735594908343714,-2.0110815207110804,-1.3620899359332483,-1.339008633290426,1.5708705186843872,0.1778983324766159,0
909,1788171258.3735073,-0.4627286506231278,-0.47984471492694386,0.15840721350552228,1.1954057618738532,2.9052087414618617,-0.00012200310555977272,-2.1735838095294397,-2.0094855467425745,-1.3563244978534144,-1.3465154806720179,1.5708705186843872,0.1779223084449768,0
910,1788171258.4144387,-0.4627056635811023,-0.4798256950127781,0.16159599960289872,1.1953779668671294,2.9051923496062413,6.543095013859279e-05,-2.1735714117633265,-2.007794205342428,-1.3504508177386683,-1.3542025724994105,1.5708705186843872,0.1779223084449768,0
911,1788171258.4561172,-0.4627210482486045,-0.4798432488516891,0.16483758853972783,1.1954074497064218,2.905214560765131,-7.705314180180189e-05,-2.1735714117633265,-2.0061500708209437,-1.344433609639303,-1.3617685476886194,1.5708585977554321,0.17793428897857666,0
912,1788171258.4959443,-0.46273895009476923,-0.4798644122139114,0.16806876380262475,1.195353608352754,2.9052816095583256,-0.0002897914715757896,-2.1735714117633265,-2.004555050526754,-1.3383925596820276,-1.3692634741412562,1.5708465576171875,0.17788635194301605,0
913,1788171258.5355546,-0.4627168486879417,-0.4798371467748336,0.1712418087785167,1.1953731955578843,2.9052302860884724,-8.803665463060174e-05,-2.1735714117633265,-2.003031555806295,-1.3323395887957972,-1.3769739309894007,1.5708585977554321,0.17791031301021576,0
914,1788171258.5758061,-0.4627149828764672,-0.47982485584499607,0.1744973539723501,1.195448515313061,2.905213749266956,-0.000274294139245534,-2.1735838095294397,-2.0014594236956995,-1.326214615498678,-1.384552303944723,1.5708705186843872,0.1779462695121765,0
915,1788171258.6180127,-0.46266678331755273,-0.47975967086117155,0.17766193726148613,1.195397619750059,2.905139453982585,0.00027742661150564646,-2.1735838095294397,-2.0000560919391077,-1.31996995607485,-1.392562214528219,1.5708825588226318,0.17793428897857666,0
916,1788171258.6601126,-0.46269832746824335,-0.47981988393691677,0.1809188565182986,1.1953493634150034,2.9052218290043226,-0.00014356263845971928,-2.1735714117633265,-1.9987004438983362,-1.3135812918292444,-1.4000323454486292,1.5708825588226318,0.1778983324766159,0
917,1788171258.7001479,-0.46271705726237045,-0.4798560781266608,0.18471185611546667,1.195372308471986,2.905227830198209,-0.00015787830851508348,-2.1735594908343714,-1.997260872517721,-1.3058741728412073,-1.4091671148883265,1.5708705186843872,0.1779223084449768,0
918,1788171258.7410285,-0.4626960874218178,-0.47982142958211704,0.1878111813345661,1.1953758293588483,2.905137669961626,0.0002610328332570449,-2.1735714117633265,-1.9961212317096155,-1.2994616667376917,-1.41699725786318,1.570894479751587,0.17793428897857666,0
919,1788171258.7811036,-0.46270093424724806,-0.47979479452309803,0.1909961446674628,1.195441525946981,2.905147259073457,0.00037135421031974427,-2.1735838095294397,-1.9949453512774866,-1.2929413954364222,-1.4247549215899866,1.5708465576171875,0.17795825004577637,0
920,1788171258.8227644,-0.4627018922039361,-0.4798340423231473,0.19427006886045348,1.1953621798825083,2.9052031943691974,3.614542986744781e-05,-2.1735594908343714,-1.993769947682516,-1.2862656752215784,-1.4323928991900843,1.5708705186843872,0.1779223084449768,0
921,1788171258.8644614,-0.4627359626089007,-0.4798318629110247,0.1975391231485299,1.1954342095971644,2.905228668147025,-0.00015653493166338552,-2.173595730458395,-1.9926779905902308,-1.279468838368551,-1.4401510397540491,1.5708465576171875,0.1779223084449768,0
922,1788171258.9025474,-0.46272021970995975,-0.47985102419666514,0.20074897795811775,1.1954016447640694,2.905249671108468,-0.00020778634688005325,-2.1735594908343714,-1.9916704336749476,-1.2726853529559534,-1.4479087034808558,1.5708465576171875,0.17793428897857666,0
923,1788171258.9438062,-0.46269590700749497,-0.47980671793836105,0.2039009481055935,1.1953061879427018,2.905215776606934,0.00019530619173943083,-2.1735714117633265,-1.99077016512026,-1.2658293882953089,-1.4559300581561487,1.5708585977554321,0.1778743714094162,0
924,1788171258.9862032,-0.46271686127798434,-0.47985032292218976,0.20714256453353141,-1.1953728060578253,-2.9052782464213287,0.0002496407007993734,-2.1735475699054163,-1.9898346106158655,-1.258937184010641,-1.4634602705584925,1.5708225965499878,0.1779223084449768,0
925,1788171259.0269682,-0.4627171702756344,-0.47983768291931567,0.21037875245455515,1.1954215856713117,2.9051977645198566,-0.000270512849701179,-2.1735838095294397,-1.9889949003802698,-1.2518537680255335,-1.4713853041278284,1.570894479751587,0.17793428897857666,0
926,1788171259.0689878,-0.4625052623411372,-0.4796883323057928,0.2142189955255911,1.1954364852836459,2.9051380438816907,8.187106336743432e-07,-2.1734512487994593,-1.9875553289996546,-1.2440508047686976,-1.480807129536764,1.5709065198898315,0.17809008061885834,0
927,1788171259.107855,-0.4618251539450126,-0.4792309309106655,0.21725986100448672,1.1953803394547071,2.905194066617498,-4.244679046018791e-05,-2.1729844252215784,-1.98486835161318,-1.2401436010943812,-1.4873679319964808,1.5708825588226318,0.17851027846336365,0
928,1788171259.146408,-0.4611776155948659,-0.47871869872733025,0.21898915054591855,1.1952561591997133,2.905238495161263,0.000271909944572328,-2.172600571309225,-1.9825647513019007,-1.238981072102682,-1.4910309950457972,1.5708465576171875,0.178810253739357,0
929,1788171259.186232,-0.4602110498598312,-0.4779066601236149,0.2205354243510828,1.1950877057840579,2.905271340583153,0.0005195116607849207,-2.1720855871783655,-1.9791935125934046,-1.2398198286639612,-1.4937246481524866,1.5708465576171875,0.1792180985212326,0
930,1788171259.2277288,-0.45907369719101543,-0.4769166165546535,0.22147054558825133,1.1950915198206917,2.9053260438687873,0.00031873997038643084,-2.1714986006366175,-1.9751623312579554,-1.2432244459735315,-1.4942153135882776,1.5708225965499878,0.1797940880060196,0
931,1788171259.2681053,-0.45746723295237557,-0.4755342579321157,0.22151389133417537,1.195198415485356,2.905233405091827,0.0004714395431993105,-2.170671288167135,-1.969919506703512,-1.250559155141012,-1.492227856312887,1.5708465576171875,0.18070676922798157,0
932,1788171259.3079658,-0.45598024555056466,-0.47464235180007924,0.221435805724403,1.1950204462759932,2.9052905596295346,0.00031116908768589536,-2.1695688406573694,-1.9656966368304651,-1.25677997270693,-1.4901331106769007,1.5708825588226318,0.18169058859348297,0
933,1788171259.3487096,-0.45447997300600695,-0.47360850078676375,0.22152533630159135,1.194857557362413,2.905384215059261,0.000220719643977575,-2.1685503164874476,-1.9611857573138636,-1.2629531065570276,-1.4884093443499964,1.5708705186843872,0.1825905293226242,0
934,1788171259.3901212,-0.45296118449371303,-0.4727010700552386,0.2215223182462461,1.1950671422986798,2.9053399399115265,0.00011500550707800815,-2.1673882643329065,-1.956890885029928,-1.2690413633929651,-1.486542050038473,1.5708465576171875,0.18388670682907104,0
935,1788171259.4291425,-0.4514050900906285,-0.47185198303815673,0.2214994014895917,1.194975734151588,2.9054070418674636,-9.018994323580183e-05,-2.1661298910724085,-1.9526203314410608,-1.2751424948321741,-1.4845779577838343,1.5708465576171875,0.18507501482963562,0
936,1788171259.4700775,-0.44978149889456626,-0.4710055176196583,0.221590096974886,1.1948672404240988,2.9054834989206553,-0.000314563062789708,-2.1647756735431116,-1.9482172171222132,-1.281123463307516,-1.48285419145693,1.5708465576171875,0.1863468438386917,0
937,1788171259.511863,-0.44822679328607185,-0.47009197650941986,0.22150109560048728,1.195238500374765,2.9052886029722926,0.0001692041488073207,-2.163553539906637,-1.9441021124469202,-1.287032429371969,-1.4813697973834437,1.5708225965499878,0.1878347545862198,0
938,1788171259.5531282,-0.4466868079570617,-0.4692087054870678,0.22149835365195972,1.1952210519026154,2.905237622663479,0.00020782022877533166,-2.1623433271991175,-1.9399154821978968,-1.2928698698626917,-1.4797537962542933,1.5708705186843872,0.18904703855514526,0
939,1788171259.5949395,-0.44512822457930956,-0.4683723174314686,0.22161728008418627,1.1952812310470986,2.905229075449657,-1.997535830145853e-06,-2.161048714314596,-1.9356682936297815,-1.2985032240497034,-1.4782336393939417,1.5708825588226318,0.19037915766239166,0
940,1788171259.6366675,-0.4431296386698619,-0.46752143081322445,0.22143990415946757,1.195280670184229,2.905165958814667,0.0004564872399924568,-2.1591795126544397,-1.9309538046466272,-1.3054192701922815,-1.4763296286212366,1.5708825588226318,0.19226330518722534,0
941,1788171259.678021,-0.4415443470294894,-0.4667938361992723,0.22146508900024733,1.1955303692721655,2.9051200873377816,0.000431915576755222,-2.157717529927389,-1.9269469420062464,-1.3108966986285608,-1.4748333136187952,1.5708345174789429,0.19388341903686523,0
942,1788171259.719211,-0.43999342872643427,-0.4661445356484596,0.22155238648016756,1.1956091654356988,2.905105602078379,1.1895809764058132e-05,-2.156255547200338,-1.923011604939596,-1.3161585966693323,-1.473241154347555,1.5708705186843872,0.1953953057527542,0
943,1788171259.7609522,-0.4383748200234496,-0.4655804967174195,0.2214736773488337,1.1949477719929686,2.9053204875905148,0.000337704092799241,-2.154613796864645,-1.919412914906637,-1.321252171193258,-1.4719598929034632,1.5708825588226318,0.19659559428691864,0
944,1788171259.8010826,-0.4367800742721414,-0.46506997316947446,0.22154659578527283,1.1941455079408052,2.905738043876756,-0.00011725888602802892,-2.1529362837420862,-1.9156459013568323,-1.32629901567568,-1.4703801313983362,1.5708585977554321,0.1976996511220932,0
945,1788171259.843036,-0.4351673544476723,-0.46448758099290127,0.22161265734823965,1.1918244951932901,2.906726147983262,-0.0002834605702529474,-2.151294533406393,-1.9118307272540491,-1.3313687483416956,-1.4690154234515589,1.5708465576171875,0.19773559272289276,0
946,1788171259.883274,-0.43356727254396377,-0.4638490040025767,0.22151708466184514,1.1884643431596447,2.9080126786181704,0.00018667356682012105,-2.14972430864443,-1.9082077185260218,-1.3364747206317347,-1.467841927205221,1.5708705186843872,0.19701579213142395,0
947,1788171259.922623,-0.4316219417030006,-0.46316739918351085,0.2214541174215163,1.182860217970788,2.9102823578750714,0.00029478811033064174,-2.1477115789996546,-1.9038046042071741,-1.342600170766012,-1.4661896864520472,1.5708705186843872,0.19517920911312103,0
948,1788171259.9631712,-0.43032437783613275,-0.46269170884198885,0.2215212661533895,1.1785172632404206,2.912053874048151,0.0002182824712345741,-2.146381203328268,-1.9007576147662562,-1.346567455922262,-1.465219799672262,1.5708705186843872,0.19352351129055023,0
949,1788171260.004935,-0.4287578627483952,-0.4621454514948932,0.22151594837126887,1.171561516848225,2.9149064116933663,-3.8551169020262925e-05,-2.1447394529925745,-1.8970988432513636,-1.3515656630145472,-1.4637115637408655,1.5708585977554321,0.19037915766239166,0
950,1788171260.048166,-0.4268583581452334,-0.46145751569537247,0.22151053214166114,1.1616459094796534,2.9188852872650815,-3.799145455911802e-05,-2.142762009297506,-1.8927314917193812,-1.3574631849872034,-1.4621794859515589,1.5708465576171875,0.18555475771427155,0
951,1788171260.090275,-0.42523228862007806,-0.460792571160025,0.22156318264684116,1.1524779985277755,2.9224499472233756,0.00016846812774816736,-2.141144100819723,-1.888928238545553,-1.362401310597555,-1.4611857573138636,1.5708825588226318,0.18091049790382385,0
952,1788171260.128317,-0.42360301004026363,-0.46027085747230334,0.22157450979951523,1.1421562478063438,2.926529696033835,4.03693702485667e-05,-2.1393707434283655,-1.8852699438678187,-1.3672917524920862,-1.4598682562457483,1.5708705186843872,0.17561796307563782,0
953,1788171260.1682568,-0.42203287461052336,-0.45964979077206763,0.22150939068450246,1.1305356311897445,2.9310156428488807,0.0003955321148257788,-2.1377528349505823,-1.88171893755068,-1.372145954762594,-1.4587910811053675,1.5708465576171875,0.16930563747882843,0
954,1788171260.208639,-0.4211121029489761,-0.4592212830202552,0.22159179252500005,1.118696962235865,2.935515579498993,0.0005739334957521767,-2.1368663946734827,-1.8794873396502894,-1.3748791853534144,-1.4584081808673304,1.5708585977554321,0.1621289700269699,0
955,1788171260.250055,-0.42095326371000247,-0.459164895405989,0.22181470832988617,1.1071471864599254,2.939878468530133,0.0003760976734378678,-2.1367104689227503,-1.879007641469137,-1.3749750296222132,-1.4586713949786585,1.570894479751587,0.15442460775375366,0
956,1788171260.2903697,-0.4209847507734806,-0.4592491533864384,0.22257789094764208,1.0931454275770582,2.9452213631059614,-1.6538472354524997e-05,-2.136662308369772,-1.8788636366473597,-1.3732731978045862,-1.4602521101581019,1.5708465576171875,0.14493197202682495,0
957,1788171260.332732,-0.42091408771115957,-0.4592162849178498,0.2231242302160786,1.0849731482798954,2.9482307403047843,-0.00011987632210539662,-2.1366027037249964,-1.8785155455218714,-1.372350041066305,-1.461461369191305,1.5708705186843872,0.13944731652736664,0
958,1788171260.3743474,-0.4205685335817195,-0.4593066023140183,0.22391262944099424,-1.073728539485352,-2.9523875354994344,0.0005027378078369405,-2.1360390822040003,-1.8777716795550745,-1.3713792006122034,-1.462921444569723,1.5708465576171875,0.13237887620925903,0
959,1788171260.4147656,-0.42007830720855327,-0.4593201203210833,0.22438928615409742,-1.0651750763183374,-2.955501059358045,0.0004731412657013954,-2.1353562513934534,-1.8768838087665003,-1.371331516896383,-1.4638789335833948,1.5708585977554321,0.12726685404777527,0
960,1788171260.455961,-0.4193760444970054,-0.45927059992152025,0.22478220424280407,1.0578082357992904,2.958072692920285,0.00023023646943976282,-2.1344216505633753,-1.8757804075824183,-1.3716791311847132,-1.465088192616598,1.5708345174789429,0.12323416024446487,0
961,1788171260.4969525,-0.4185888502028047,-0.45929500527448364,0.22514866776086304,1.052254890682335,2.960003162359309,0.000211412922127152,-2.1333306471454065,-1.8744490782367151,-1.3725059668170374,-1.4655912558185022,1.5708825588226318,0.12058227509260178,0
962,1788171260.5382113,-0.41772719139983905,-0.45929087740514124,0.22540290396324636,1.0480240608400322,2.9615428665739274,0.00012536364694520322,-2.1321328322040003,-1.872937027608053,-1.3738725821124476,-1.465675179158346,1.5708585977554321,0.11891385167837143,0
963,1788171260.5792089,-0.4166461112428602,-0.45926589616985125,0.22562208913153092,1.045138874762757,2.9625904579313147,0.00011251629406925607,-2.130646530781881,-1.871065918599264,-1.3757899443255823,-1.4656150976764124,1.5708345174789429,0.11844608932733536,0
964,1788171260.62045,-0.4150661496220566,-0.4592583431678674,0.2258069480821978,1.0428598442743928,2.9633689871594324,0.00010221677160715024,-2.12846547762026,-1.8684385458575647,-1.378786865864889,-1.4652441183673304,1.5708585977554321,0.11909398436546326,0
965,1788171260.660432,-0.4135285395256802,-0.45926584005399296,0.2258441402883908,1.0416338723199157,2.9637291643321735,0.0002302501097338055,-2.1263325850116175,-1.8660028616534632,-1.3818796316729944,-1.4646809736834925,1.5709065198898315,0.12041449546813965,0
966,1788171260.7025452,-0.4119924747915143,-0.4592077295889782,0.22596512956116313,1.041755014968842,2.963833269664698,-0.00031984450578728115,-2.12421161333193,-1.8631842772113245,-1.3853676954852503,-1.4636395613299769,1.5708465576171875,0.12258626520633698,0
967,1788171260.7437623,-0.41036080488073035,-0.45914808145058894,0.22593798876810106,1.0416428482304467,2.963839486473452,-0.0002736099974609485,-2.1219823996173304,-1.8604729811297815,-1.3889878431903284,-1.4627659956561487,1.5708705186843872,0.12474679946899414,0
968,1788171260.7850823,-0.40873557248514003,-0.45907776756791946,0.22593143542980573,1.041704089702507,2.963831374594187,-9.903986334144813e-05,-2.1197412649737757,-1.8577855269061487,-1.3924992720233362,-1.4620478788958948,1.5708345174789429,0.12702642381191254,0
969,1788171260.8266125,-0.4071379745194886,-0.45896374000659707,0.22591816912385243,1.0419900471294288,2.9636621600631643,0.00010769188976404776,-2.117596451436178,-1.855098072682516,-1.3960116545306605,-1.461365048085348,1.5708705186843872,0.12937870621681213,0
970,1788171260.869208,-0.4051670855800332,-0.4588536696438414,0.2258987328811794,1.0421235436001521,2.9636250820155174,0.00022355468508503023,-2.1148880163775843,-1.8517869154559534,-1.4003623167621058,-1.460395638142721,1.5708465576171875,0.13217514753341675,0
971,1788171260.9102683,-0.4035922050775012,-0.4588211823809426,0.22590230730470884,1.0420997355896136,2.963659484712301,0.00013304119347971058,-2.1126707235919397,-1.8491838614093226,-1.4037545363055628,-1.4595449606524866,1.5708345174789429,0.13437087833881378,0
972,1788171260.9510188,-0.4019875515066853,-0.4588110097052119,0.22578074556451538,1.0420626340059198,2.9635942201199854,0.0006079134557889106,-2.11039382616152,-1.8468087355243128,-1.4070747534381312,-1.4589107672320765,1.5708465576171875,0.13663926720619202,0
973,1788171260.9923909,-0.4003519081178013,-0.45883853443811184,0.2258043610184843,1.0417301512809105,2.9637123427446252,0.0005106559874125761,-2.108033005391256,-1.844229523335592,-1.4103711287127894,-1.458132568989889,1.5708585977554321,0.13877545297145844,0
974,1788171261.0327299,-0.3987876386390888,-0.4588739378344613,0.2258274315222891,1.04151739619287,2.963830358093982,0.00019600663683439358,-2.1057561079608362,-1.8417099157916468,-1.4136198202716272,-1.4571989218341272,1.5708585977554321,0.140899658203125,0
975,1788171261.073891,-0.39724016140259244,-0.4588764042808058,0.22593440450261948,1.0414804750996651,2.963936427756402,-0.00031442422513650655,-2.1035154501544397,-1.8390710989581507,-1.4168322722064417,-1.4562891165362757,1.5708345174789429,0.14309576153755188,0
976,1788171261.1111972,-0.39558951522327795,-0.4589014823545784,0.22592813404757428,1.0412369559267027,2.9639688497898993,-0.00010257622301302347,-2.1011179129229944,-1.8365996519671839,-1.4199965635882776,-1.455738369618551,1.5708585977554321,0.1453401893377304,0
977,1788171261.1505287,-0.3940272837081754,-0.4588361926951906,0.2258527384810395,1.0416861421538492,2.963755642548902,0.00022357598607348296,-2.098913017903463,-1.8341639677630823,-1.4232686201678675,-1.4551156202899378,1.5708705186843872,0.1478598713874817,0
978,1788171261.1904542,-0.39240177821392125,-0.4588036723228473,0.22582877801652104,1.041912940666793,2.9636431458180454,0.0004822385837312906,-2.096576515828268,-1.8316567579852503,-1.4265053907977503,-1.4545534292804163,1.5708705186843872,0.15035633742809296,0
979,1788171261.2317772,-0.39082275840847697,-0.4588163595485222,0.22583328433818586,1.0421588843323204,2.9636482648199745,0.00027631167339563277,-2.094239060078756,-1.8291376272784632,-1.42975360551943,-1.45367938676943,1.5708105564117432,0.15284043550491333,0
980,1788171261.273511,-0.3892341657824464,-0.4587868867354299,0.22595893448923865,1.0422124201943928,2.9636138302903143,-0.00011258814576512575,-2.0919621626483362,-1.8264625708209437,-1.432906452809469,-1.4529607931720179,1.5708705186843872,0.15515676140785217,0
981,1788171261.3156068,-0.38759416801647684,-0.4588310654322709,0.2259118415211301,1.0419995363487087,2.9636749785704444,-2.5706756324597482e-06,-2.089517418538229,-1.8240516821490687,-1.4360831419574183,-1.452266041432516,1.5708705186843872,0.15746073424816132,0
982,1788171261.353506,-0.3857018211677047,-0.4588027357190441,0.22578998160276487,1.0419742137336427,2.9636427130156195,0.00044263362760533066,-2.0867489019977015,-1.8212559858905237,-1.4398825804339808,-1.451547924672262,1.5708585977554321,0.16022084653377533,0
983,1788171261.3947937,-0.3844144277207729,-0.45880947501207653,0.2258499224406431,1.0416006086887066,2.9638175175147428,0.0003013635850455048,-2.0848315397845667,-1.8192170302020472,-1.4423401991473597,-1.4510334173785608,1.5708345174789429,0.16187691688537598,0
984,1788171261.433574,-0.3827983242003045,-0.45890288334444507,0.22586073853656374,1.0415038952469888,2.963810027141599,1.7594417469266761e-06,-2.0823867956744593,-1.816817585621969,-1.4453967253314417,-1.4501951376544397,1.5709065198898315,0.16426515579223633,0
985,1788171261.4737308,-0.38125470598851374,-0.45893240310060596,0.2259946295659752,-1.0415975455114814,-2.9638928134576745,0.0005997890752980689,-2.0800493399249476,-1.8142617384540003,-1.448381249104635,-1.449369255696432,1.5708585977554321,0.16664139926433563,0
986,1788171261.5130203,-0.3796188402275373,-0.45890395797057454,0.22592563793155948,1.0415052247074217,2.9638399767848744,-0.0002617306242569147,-2.0776527563678187,-1.8118508497821253,-1.451545540486471,-1.4488423506366175,1.5709065198898315,0.16899368166923523,0
987,1788171261.5549953,-0.37796643116635464,-0.4589016374894355,0.2258660590069473,1.0417103463221273,2.9637840043234207,0.00016120131088277707,-2.0751598517047327,-1.8094752470599573,-1.4546263853656214,-1.448399845753805,1.5708465576171875,0.17162159085273743,0
988,1788171261.59552,-0.3763984723951066,-0.4588452372877968,0.2258630727781218,1.042132757283704,2.9636067500577132,0.0003054263452562816,-2.0728586355792444,-1.8070405165301722,-1.4576709906207483,-1.4478848616229456,1.5708585977554321,0.1742139309644699,0
989,1788171261.6391053,-0.37441383105499576,-0.4588865659772575,0.2258513855336275,1.0418441140640893,2.9636735639417333,0.0002761221809916559,-2.069850746785299,-1.8041132132159632,-1.4613750616656702,-1.447094742451803,1.570894479751587,0.17703434824943542,0
990,1788171261.681186,-0.372871980903903,-0.45884682169262936,0.22593776145718117,1.0418666694934342,2.963724801865722,-0.0001486703914203917,-2.067549530659811,-1.8015463987933558,-1.4644315878497522,-1.4463289419757288,1.5708825588226318,0.17933830618858337,0
991,1788171261.724962,-0.3709453266526924,-0.45885498258408974,0.22589664599012121,1.0416623607834574,2.9638080084139364,-1.59768524466879e-05,-2.064613167439596,-1.7987149397479456,-1.4680517355548304,-1.4456217924701136,1.5708585977554321,0.18213438987731934,0
992,1788171261.7686949,-0.36939301396242424,-0.4588374333392013,0.22585639865921503,1.0416031254855078,2.9637941181497,7.027459099307358e-05,-2.0622761885272425,-1.7963994185077112,-1.4710248152362269,-1.4450233618365687,1.5708825588226318,0.18443872034549713,0
993,1788171261.8095057,-0.36777787905837633,-0.45881982479653716,0.22587941686831606,1.0414605471106793,2.9638264409774315,0.00012038191803822789,-2.059831444417135,-1.7939637343036097,-1.4739850203143519,-1.4445326964007776,1.570894479751587,0.18679100275039673,0
994,1788171261.850261,-0.3661257395841282,-0.45882935352603177,0.225824997068299,1.0414252706558598,2.963823304800725,0.0004028495339366966,-2.057290856038229,-1.7916253248797815,-1.4769819418536585,-1.4440539518939417,1.5708825588226318,0.18931105732917786,0
995,1788171261.8942766,-0.3642756528900088,-0.4588677061284377,0.22600034496993493,1.0419621528945266,2.9637404038200903,-0.0005275673406656672,-2.0544145742999476,-1.7885902563678187,-1.480433766041891,-1.4430363813983362,1.5708705186843872,0.19252732396125793,0
996,1788171261.9369404,-0.3626713953929908,-0.4589160702657093,0.22596481860363002,1.0421213491386776,2.9636693041165074,-0.0005138446573462777,-2.0519092718707483,-1.7863224188434046,-1.4833229223834437,-1.442425552998678,1.5708825588226318,0.19514325261116028,0
997,1788171261.9782755,-0.36109564498912605,-0.45888671519215507,0.22593611623487425,1.0421107157015594,2.963676139515702,-0.00028593325393303545,-2.0494888464557093,-1.7840197722064417,-1.486199680958883,-1.4419944922076624,1.5708585977554321,0.19755584001541138,0
998,1788171262.0200043,-0.35913882805512704,-0.4588463908873558,0.22589031805300272,1.0417289503343123,2.963766213624777,4.4042910743210485e-05,-2.046492401753561,-1.7811878363238733,-1.4897478262530726,-1.4414919058429163,1.5708705186843872,0.20030397176742554,0
999,1788171262.061265,-0.35749122570543435,-0.4588338938497009,0.22585650575441793,1.0414407195521476,2.9638419417117667,0.00032339535784759924,-2.0439394156085413,-1.778848950062887,-1.4926608244525355,-1.4410970846759241,1.5708705186843872,0.20266784727573395,0
1000,1788171262.1025708,-0.3559284472313261,-0.45879978695922696,0.22592889609715855,1.0414229470394125,2.963887620666363,0.00017658023747800855,-2.041518513356344,-1.7764256636248987,-1.4954655806170862,-1.44061786333193,1.5708465576171875,0.205068439245224,0
1001,1788171262.1435177,-0.3542906490313253,-0.4588168169238773,0.2259134189538708,1.041303437851226,2.96393004382236,0.00017535614188326202,-2.0389416853534144,-1.7740743795977991,-1.4983785788165491,-1.4400551954852503,1.5708465576171875,0.20756453275680542,0
1002,1788171262.1824777,-0.35272785790535255,-0.4588031002917296,0.22578676095148917,1.0414524187885734,2.963827069039438,0.00046721977326966125,-2.036508862172262,-1.7719147841082972,-1.501291577016012,-1.4394920508014124,1.5708705186843872,0.21010856330394745,0
1003,1788171262.220592,-0.35114592233801745,-0.45880039254572824,0.2258748015391573,1.041860370344392,2.9637225169469157,0.00017054412087430548,-2.034015480672018,-1.769491974507467,-1.5040605703936976,-1.438953701649801,1.5708585977554321,0.2128690481185913,0
1004,1788171262.2625945,-0.34954369327380247,-0.4588073933985088,0.22583781981020956,1.042059687500291,2.963647034425665,0.00039395118322656513,-2.0314748922931116,-1.7672722975360315,-1.5068171660052698,-1.4385584036456507,1.5708465576171875,0.21554528176784515,0
1005,1788171262.303114,-0.3479612505183821,-0.4587872036896224,0.22593198135287423,1.042062855180869,2.9636413087033864,0.00014511418808408895,-2.0289939085589808,-1.7648490110980433,-1.5095503965960901,-1.4380915800677698,1.5708705186843872,0.21802937984466553,0
1006,1788171262.344854,-0.34633429962193835,-0.45879520809111035,0.22599818369078303,1.0418667828251553,2.9637491748758276,-1.8979128631722572e-05,-2.026393238698141,-1.7624505201922815,-1.5123074690448206,-1.437624756489889,1.5708465576171875,0.2204895168542862,0
1007,1788171262.3861485,-0.34474829121687983,-0.4588101366369688,0.22587998140051505,1.0417657787426393,2.9637318377591724,0.0003303119781850859,-2.0238640944110315,-1.76036245027651,-1.5150769392596644,-1.4371698538409632,1.5708705186843872,0.2229616492986679,0
1008,1788171262.4280176,-0.34284042807524523,-0.458857980820401,0.225937932145387,1.0415391293425635,2.9638618094983675,-0.00015538718810824734,-2.0207722822772425,-1.7575553099261683,-1.5183852354632776,-1.4363558928119105,1.5708585977554321,0.2258899062871933,0
1009,1788171262.4694026,-0.3412618914399954,-0.4588920761849572,0.2259340752013284,1.041614260408915,2.9638323393348016,-0.00028900312817883996,-2.018219296132223,-1.7553365866290491,-1.5210822264300745,-1.4357932249652308,1.5708705186843872,0.22849424183368683,0
1010,1788171262.5128307,-0.3396521635451282,-0.45888878887271645,0.22589811739736973,1.0416068210097804,2.963794490900831,-8.948553279848808e-05,-2.0156424681292933,-1.7531288305865687,-1.5237911383258265,-1.4354222456561487,1.570894479751587,0.23107458651065826,0
1011,1788171262.5533404,-0.3380084345853449,-0.4589379380723094,0.22591142387791446,1.041836846257541,2.9637522290768765,8.560852903446355e-05,-2.0129335562335413,-1.7509458700763147,-1.526344124470846,-1.4351590315448206,1.5708465576171875,0.2339305728673935,0
1012,1788171262.5942602,-0.3364432003816881,-0.45897703882021057,0.22588261513818073,1.0421524146781804,2.963609813804145,0.00017442880151806515,-2.01038104692568,-1.7488587538348597,-1.5288975874530237,-1.4347518126117151,1.5708705186843872,0.23670268058776855,0
1013,1788171262.6376472,-0.33446678739566754,-0.4591191496580315,0.22582800612317855,1.0418187109531807,2.963722765453198,0.00043683515231193433,-2.0070603529559534,-1.7464593092547815,-1.5318587462054651,-1.4343565146075647,1.5708585977554321,0.23979909718036652,0
1014,1788171262.680465,-0.33291225120614787,-0.4591382220899388,0.22584739498058867,1.0418035537682102,2.963720086896319,0.00037650246816292316,-2.004519764577047,-1.7442997137652796,-1.5343878904925745,-1.4339492956744593,1.5708705186843872,0.2423311471939087,0
1015,1788171262.7213626,-0.33129875346610427,-0.4592270802878027,0.22586480637874848,1.0414689399125243,2.963829264475702,0.00031771553451323043,-2.0018232504474085,-1.7422006765948694,-1.5368450323687952,-1.433554474507467,1.5708825588226318,0.24480363726615906,0
1016,1788171262.7637858,-0.3297419334206437,-0.4592766726168331,0.22588146625443808,1.0414887615615767,2.963872432318117,0.00013454035818470027,-1.9992221037494105,-1.7400653998004358,-1.5393627325641077,-1.4330514113055628,1.5708465576171875,0.24740758538246155,0
1017,1788171262.8058376,-0.3277871286602402,-0.459419952988222,0.22600352391503117,1.0415321088722433,2.9638599990373145,-0.0003400043066712348,-1.9959142843829554,-1.73745042482485,-1.5422151724444788,-1.4325125853167933,1.5708705186843872,0.2507440745830536,0
1018,1788171262.8456392,-0.32621079591559543,-0.45949972208250706,0.22591890267623474,1.041855240483773,2.9637413980045917,-4.0395202477216846e-05,-1.9932530562030237,-1.7355545202838343,-1.5446246306048792,-1.4321892897235315,1.5708585977554321,0.25362440943717957,0
1019,1788171262.8869367,-0.32457107365510357,-0.4595955549872526,0.2259480301048158,1.042040219169972,2.963680404720567,-0.00011477682083582027,-1.9904730955706995,-1.7334554831134241,-1.5470345656024378,-1.4318307081805628,1.5708585977554321,0.2565283477306366,0
1020,1788171262.9287379,-0.32296062041629076,-0.4595277146237802,0.22588716103128492,1.042122260925208,2.963616903209982,0.00029315332051796605,-1.9878595511065882,-1.731272045766012,-1.5496953169452112,-1.4316147009478968,1.5708705186843872,0.25920456647872925,0
1021,1788171262.97083,-0.3213721131686871,-0.4595272674451735,0.22589086418889606,1.0419027857042724,2.963657530700322,0.00026977545844878727,-1.9852350393878382,-1.7291010061847132,-1.5522368589984339,-1.4312318007098597,1.5709065198898315,0.2616886794567108,0
1022,1788171263.0124764,-0.31974151295767683,-0.4595282514325113,0.22592825525608543,1.041565178243932,2.963820474564114,0.00015942175716573647,-1.9825018087970179,-1.7268336454974573,-1.5548141638385218,-1.4308484236346644,1.5708705186843872,0.26418474316596985,0
1023,1788171263.0512226,-0.31787592757499383,-0.4595408267431992,0.22594281265601687,1.041485188544507,2.963856201467522,7.406207830507523e-06,-1.9793737570392054,-1.7242782751666468,-1.55778676668276,-1.4303339163409632,1.5708705186843872,0.2672572135925293,0
1024,1788171263.0911598,-0.31626159962093453,-0.45958583087327404,0.22585624167830995,1.041653605390623,2.9638062421009,8.298471567950038e-05,-1.9766290823565882,-1.7222393194781702,-1.560375992451803,-1.4298308531390589,1.5708585977554321,0.27011358737945557,0
1025,1788171263.1326115,-0.3147035066440898,-0.45957330214240794,0.22585659915870043,1.0418998364332386,2.9636970324998693,2.3261182318494892e-05,-1.9740279356585901,-1.7201040426837366,-1.5628693739520472,-1.4294360319720667,1.5708825588226318,0.27288568019866943,0
1026,1788171263.1761951,-0.31309826680282704,-0.45957854361839845,0.2258317760553632,1.0422141850950724,2.9636088100916678,9.925323792560936e-05,-1.971307102833883,-1.7179926077472132,-1.5653746763812464,-1.4290888945208948,1.5708585977554321,0.2758139371871948,0
1027,1788171263.2151654,-0.3115471561443627,-0.45956447849371496,0.2258854620880416,1.0423095387198864,2.9635808227307803,-3.35557348393643e-05,-1.96869403520693,-1.7158334890948694,-1.5677602926837366,-1.4287775198565882,1.5708585977554321,0.27849018573760986,0
1028,1788171263.2540457,-0.30990745831930144,-0.45955428141137533,0.22592177599466426,1.042292910552068,2.9635733308589653,-1.715676102485985e-05,-1.9659255186664026,-1.7136262098895472,-1.5702179113971155,-1.4285381476031702,1.5708705186843872,0.2812502980232239,0
1029,1788171263.2938883,-0.30829370132381,-0.45955696979704613,0.22595031425346063,1.0421293578926931,2.963658999608831,-9.183783382045457e-05,-1.9631689230548304,-1.7114551703082483,-1.5726631323443812,-1.4282148520099085,1.5708465576171875,0.28389057517051697,0
1030,1788171263.3355508,-0.3066674635151041,-0.4595483217054998,0.22584907234149723,1.0416577709129906,2.963782906003259,0.0003746585677967419,-1.9604113737689417,-1.709475342427389,-1.5751326719867151,-1.428023640309469,1.5708705186843872,0.2863387167453766,0
1031,1788171263.3755357,-0.3050576124436089,-0.459579641424065,0.22593170801720533,1.041439222186091,2.9638818356617733,0.00010961930575951345,-1.9576309362994593,-1.7073043028460901,-1.5774582068072718,-1.427699391041891,1.5708585977554321,0.2889670133590698,0
1032,1788171263.4147618,-0.3034734164590773,-0.4595407484448569,0.2258742305870128,1.0417225186996601,2.9637628481890252,0.00033350077747932135,-1.9549458662616175,-1.7052415052997034,-1.5799391905414026,-1.4274242560016077,1.5708705186843872,0.2918473482131958,0
1033,1788171263.4558883,-0.30181348207640607,-0.45959665265532096,0.22589233361592803,1.041777747470467,2.963732502279394,0.0002934053791578775,-1.952057186757223,-1.7031658331500452,-1.5822766462909144,-1.4271372000323694,1.5708825588226318,0.2947756052017212,0
1034,1788171263.4963136,-0.30022565558658276,-0.4595459636492898,0.22593281117919295,1.0420544449802993,2.9636526725113495,0.00014341225520486176,-1.949348274861471,-1.7009347120868128,-1.5847466627704065,-1.4268019835101526,1.5708705186843872,0.29766756296157837,0
1035,1788171263.5384264,-0.2986129034769711,-0.45958898801943343,0.2259327816375746,1.0419258289477444,2.963726933394674,1.1942891047427095e-05,-1.9465192000018519,-1.698883358632223,-1.5871079603778284,-1.4264071623431605,1.5708465576171875,0.3004037141799927,0
1036,1788171263.5778754,-0.29706075446833075,-0.45959585817260934,0.22583981169720385,1.0418234647743945,2.963758973183489,0.00017982776800740517,-1.9438226858722132,-1.6969760099994105,-1.5894935766803187,-1.4260357061969202,1.5708465576171875,0.3030319809913635,0
1037,1788171263.6181724,-0.2954485913610028,-0.4596103360681369,0.22590218154930747,1.0416897247246502,2.9637605055288363,-4.994236062986726e-05,-1.9410298506366175,-1.6948407332049769,-1.5917952696429651,-1.4257243315326136,1.570894479751587,0.3057441711425781,0
1038,1788171263.6593657,-0.2938890682076673,-0.45958994785868307,0.22588430052808728,1.0416347836153463,2.9638155167629696,6.368637596605095e-05,-1.9383090178119105,-1.6928370634662073,-1.5940969626056116,-1.4254973570453089,1.5708585977554321,0.3084203898906708,0
1039,1788171263.7011468,-0.29196068174522566,-0.4595480992128067,0.2258854814751155,1.041800187390794,2.963756560565637,0.00011868336362323596,-1.9349644819842737,-1.6903064886676233,-1.596949879323141,-1.4252098242389124,1.5708585977554321,0.31187671422958374,0
1040,1788171263.7415476,-0.29033037742533174,-0.45953431249443993,0.22588352324349112,1.041958098913611,2.963674732850155,0.00019148084754500174,-1.9321239630328577,-1.6882312933551233,-1.5992873350726526,-1.4249942938434046,1.5708825588226318,0.31482934951782227,0
1041,1788171263.7840636,-0.288727838947552,-0.45954181539139494,0.2258943268390555,1.0422156701607543,2.9635970743891686,0.00020874769124598164,-1.9292948881732386,-1.6862157026873987,-1.6015289465533655,-1.4247787634478968,1.5708705186843872,0.31782951951026917,0
1042,1788171263.8276622,-0.2871294474887019,-0.45958537289912704,0.22584120525601503,1.0420996377991532,2.96364980201026,0.00030227701161327403,-1.9264419714557093,-1.6843321959124964,-1.6037705580340784,-1.4244797865497034,1.5708585977554321,0.32060161232948303,0
1043,1788171263.870848,-0.28522322234659003,-0.45960622759453706,0.22588930282003025,1.0419601256964126,2.9636892670895,5.670660372182165e-05,-1.9230616728412073,-1.681885067616598,-1.6064322630511683,-1.4241088072406214,1.5708705186843872,0.3238897919654846,0
1044,1788171263.9125814,-0.283604703746897,-0.4596147000834579,0.22590689027896757,1.0417872225438765,2.963749887106509,9.223767711653773e-05,-1.9201849142657679,-1.6798818747149866,-1.6086257139789026,-1.4239409605609339,1.5708705186843872,0.32664990425109863,0
1045,1788171263.9535928,-0.2820209071523322,-0.4595712730301068,0.22584450524293448,1.041608426235726,2.9638500719524927,0.00026081937799309583,-1.917380158101217,-1.6778906027423304,-1.6109870115863245,-1.4236777464496058,1.5708345174789429,0.3293261229991913,0
1046,1788171263.9958482,-0.2804036600625917,-0.4595867836893163,0.22590687509910876,1.0416451260135977,2.963825889710282,1.3723138910478398e-05,-1.9144910017596644,-1.6758154074298304,-1.6131804625140589,-1.4234021345721644,1.5708465576171875,0.3322424292564392,0
1047,1788171264.0372155,-0.2785280841578198,-0.459597697220378,0.22591256780631358,1.0418779982604507,2.963731622055669,-0.0001950191428148825,-1.9111345450030726,-1.6734522024737757,-1.6158297697650355,-1.4229829947101038,1.5708585977554321,0.33575865626335144,0
1048,1788171264.076076,-0.2769160448494785,-0.45963913655357047,0.225852162373939,1.042110383836394,2.963636937519838,-0.00010108848521066424,-1.9082220236407679,-1.6716049353228968,-1.618023697529928,-1.4226959387408655,1.5708705186843872,0.33883073925971985,0
1049,1788171264.1161225,-0.27536034160552164,-0.4595768091845259,0.22590970428605392,1.042123366552235,2.9636573514183913,-0.00019751715747791572,-1.9054530302630823,-1.6695178190814417,-1.6202052275287073,-1.422540012990133,1.5708465576171875,0.34160321950912476,0
1050,1788171264.1571949,-0.2737426772962777,-0.45957911673332663,0.22588802767802926,1.0420525463346688,2.9636691808771243,-0.00017993852691318573,-1.9025400320636194,-1.6675623098956507,-1.62242299715151,-1.42228871980776,1.5708585977554321,0.34447118639945984,0
1051,1788171264.198268,-0.2721394190507087,-0.45955491623907313,0.22582773476440404,1.041920460295011,2.963730141741279,0.0001587033064891189,-1.899651352559225,-1.6656912008868616,-1.6245930830584925,-1.4222052733050745,1.5708465576171875,0.34726765751838684,0
1052,1788171264.2363868,-0.27049644167792924,-0.4595724414545695,0.22589607672338555,1.0416280937250904,2.9637936660339306,-1.1899912133510643e-05,-1.8966782728778284,-1.6636641661273401,-1.626678768788473,-1.422037426625387,1.5708825588226318,0.35005173087120056,0
1053,1788171264.2753203,-0.2689036345518836,-0.45957371512129375,0.22589733495717296,1.0416730529203393,2.963790572052418,-1.47840068484461e-05,-1.8937776724444788,-1.6617444197284144,-1.6287887732135218,-1.4218452612506312,1.5708705186843872,0.35297998785972595,0
1054,1788171264.3144665,-0.267284558050693,-0.4595719023399082,0.22583415246445862,1.0415552398693466,2.963836227501494,0.00034127234766028716,-1.8908289114581507,-1.6599329153644007,-1.6308863798724573,-1.4217856566058558,1.5708705186843872,0.3558483421802521,0
1055,1788171264.3567414,-0.2656760387497126,-0.45959186879088865,0.22584888699704617,1.0419413660361057,2.9637258000096156,0.00028316369282804847,-1.8878682295428675,-1.6580260435687464,-1.6329482237445276,-1.421593968068258,1.5708465576171875,0.3590642511844635,0
1056,1788171264.397356,-0.2640623201755415,-0.4595908762211531,0.22584523311691573,1.0419775161193354,2.9637008859913028,0.0002830819015591785,-1.8849189917193812,-1.6561067740069788,-1.6350582281695765,-1.4214027563678187,1.5708585977554321,0.3620404601097107,0
1057,1788171264.4383106,-0.2624628161361575,-0.45958013395637615,0.22582064848457242,1.0419619192648115,2.9636956058581103,0.00035647554060978494,-1.8819940725909632,-1.6542232672320765,-1.637167755757467,-1.421222988759176,1.5708705186843872,0.36495712399482727,0
1058,1788171264.4786532,-0.26087937030988045,-0.459591362163713,0.22588616506415093,1.041924077945048,2.9637439633140237,0.00016569099677170627,-1.8790572325335901,-1.6522920767413538,-1.6391337553607386,-1.4210675398456019,1.5708345174789429,0.3678610324859619,0
1059,1788171264.5202396,-0.25929043549681186,-0.45956385500891395,0.22594595237839868,1.0417119025205532,2.963751600158939,-1.015596022374366e-06,-1.8761680761920374,-1.6503012816058558,-1.641172234212057,-1.4209116140948694,1.570894479751587,0.3706211447715759,0
1060,1788171264.5613976,-0.25772330694623885,-0.4595511422453697,0.2259158026900964,1.0416272168176923,2.9638352096070717,0.00012550385120704523,-1.8732555548297327,-1.6484893004046839,-1.6431978384601038,-1.4207800070392054,1.5708465576171875,0.3734651505947113,0
1061,1788171264.6009815,-0.25611157262221357,-0.45956118085203995,0.2258407388577768,1.0417253419336543,2.9637570266224236,0.0003913258428298965,-1.8702824751483362,-1.646750275288717,-1.645235840474264,-1.4206483999835413,1.570894479751587,0.37651365995407104,0
1062,1788171264.6412182,-0.2544862076975586,-0.45954151317296604,0.2258365667354257,1.0420411352136154,2.9636726526277157,0.00040591067991067875,-1.8672617117511194,-1.6448305288897913,-1.6473215262042444,-1.4204924742328089,1.5708705186843872,0.379741907119751,0
1063,1788171264.6838994,-0.25288297441859875,-0.45955795717484055,0.225828514283825,1.0421348421194263,2.9636382854182948,0.0003313855365687036,-1.8642647902118128,-1.6429956595050257,-1.6493356863604944,-1.4202654997455042,1.5708705186843872,0.3828023672103882,0
1064,1788171264.7239692,-0.2509856000962298,-0.45952370706942003,0.22582107489334874,1.0421663812410284,2.9636562939192235,0.00042045777986492774,-1.8607280890094202,-1.6407764593707483,-1.6517327467547815,-1.420145336781637,1.5708465576171875,0.3863542079925537,0
1065,1788171264.7647135,-0.24934443118186125,-0.4595218496976654,0.2258935956004152,1.0418287634977728,2.963757239520419,0.00025179379456263345,-1.857659641896383,-1.6388214270221155,-1.6536749045001429,-1.4200499693499964,1.5708585977554321,0.38919857144355774,0
1066,1788171264.806784,-0.24775609150087013,-0.4595448017750746,0.22592268988633427,1.041521522115744,2.9638347652957036,0.00010074955307997225,-1.8546746412860315,-1.6370094458209437,-1.6555689016925257,-1.4198702017413538,1.5708825588226318,0.39198267459869385,0
1067,1788171264.8472896,-0.2461570012567497,-0.45958802907216734,0.22584336217835035,1.041518735630959,2.963867066993254,0.00024855443265980453,-1.8516300360309046,-1.6353662649737757,-1.657511059437887,-1.419666592274801,1.5708585977554321,0.3950187861919403,0
1068,1788171264.8893044,-0.24456451130373907,-0.45956409489832023,0.22585454195268279,1.041633635517557,2.963838360093821,0.00020879409684349738,-1.8486326376544397,-1.6335070768939417,-1.6594770590411585,-1.419534985219137,1.5708465576171875,0.39809125661849976,0
1069,1788171264.9317894,-0.24296119628864166,-0.4595620428965502,0.2258114998601232,1.042005578256178,2.963686698153301,0.00030481852339060114,-1.845611874257223,-1.6317561308490198,-1.66144305864443,-1.4193795363055628,1.5708705186843872,0.4013674259185791,0
1070,1788171264.9728558,-0.24109338417722226,-0.45956566598232196,0.2258251893499691,1.0421645224326006,2.9636652805513077,0.00020498608758028208,-1.8420518080340784,-1.6296446959124964,-1.6636727491961878,-1.4191997686969202,1.5708345174789429,0.40502747893333435,0
