frame_index,timestamp,tcp_x,tcp_y,tcp_z,tcp_rx,tcp_ry,tcp_rz,joint_0,joint_1,joint_2,joint_3,joint_4,joint_5,suction_on
0,1788172075.0803943,-0.1091464117577409,-0.48688781060549413,0.285867684673939,1.2022453574753367,-2.902407900180431,0.00010422874344476147,-1.5707843939410608,-1.570723835621969,-1.5708649794207972,-1.5707243124591272,1.5707865953445435,-0.785403076802389,0
1,1788172075.1233802,-0.10914037524289989,-0.4868967777060084,0.2858618808069749,1.2022650953843632,-2.9024046629421476,8.692941311243857e-05,-1.5707719961749476,-1.5707481543170374,-1.5708525816546839,-1.5707243124591272,1.5707865953445435,-0.785403076802389,0
2,1788172075.1661053,-0.1091720160331826,-0.48688476800070113,0.2858911345172772,1.202121124402132,-2.9024035252863927,0.00015254854185255793,-1.570820156727926,-1.5706999937640589,-1.5708406607257288,-1.5707243124591272,1.5707507133483887,-0.7853668371783655,0
3,1788172075.2090094,-0.10915493745303569,-0.48688885435996837,0.2858618805631951,1.2022255885039375,-2.9024091061382737,7.976264757102195e-05,-1.570796314870016,-1.5707357565509241,-1.5708649794207972,-1.5707243124591272,1.5707746744155884,-0.785403076802389,0
4,1788172075.2522137,-0.10914913327913688,-0.4868900466251289,0.28585697239986696,1.202224966596346,-2.902409561938624,7.907151248439958e-05,-1.5707843939410608,-1.5707357565509241,-1.5708773771869105,-1.5707123915301722,1.5707746744155884,-0.7853906790362757,0
5,1788172075.2953854,-0.10915131600125268,-0.48689122606383184,0.28585471609990915,1.202303610509633,-2.9023508595195917,2.2829674290257684e-05,-1.5707719961749476,-1.5707481543170374,-1.5708649794207972,-1.5707362333880823,1.570738673210144,-0.7854388395892542,0
6,1788172075.3368497,-0.10914913334278818,-0.4868847123877749,0.28585027167948407,1.2022283888866103,-2.902417822987931,4.516404003176386e-05,-1.5707843939410608,-1.5707357565509241,-1.5708888212787073,-1.5707243124591272,1.5707746744155884,-0.7853906790362757,0
7,1788172075.379819,-0.10915188194734739,-0.4868980371782646,0.2858581012672571,1.2022016635131878,-2.902402236569883,8.913414997143114e-05,-1.5707843939410608,-1.5707481543170374,-1.5708649794207972,-1.570700470601217,1.5707626342773438,-0.7853787581073206,0
8,1788172075.4231508,-0.10914584567357777,-0.48689188532860656,0.28586881333128955,1.202200539771611,-2.902397567200947,0.00010712696810265475,-1.5707719961749476,-1.570723835621969,-1.5708649794207972,-1.5707123915301722,1.5707626342773438,-0.7853668371783655,0
9,1788172075.464737,-0.1091403759540131,-0.4868675506050919,0.2858606364207983,1.2022912647245616,-2.902418907681984,-9.539362814112143e-07,-1.5707719961749476,-1.570711914693014,-1.5708773771869105,-1.570796314870016,1.5707865953445435,-0.785414997731344,0
10,1788172075.5072281,-0.10915131605407435,-0.4868890551359388,0.2858627768779276,1.2021938830544174,-2.9023814991543797,7.473259192207433e-05,-1.5707719961749476,-1.570723835621969,-1.5708773771869105,-1.5707123915301722,1.570738673210144,-0.7853668371783655,0
11,1788172075.5493617,-0.10914913340324527,-0.48687964618997304,0.285864299295559,1.2022636801701057,-2.9024032041355667,4.51633663444797e-05,-1.5707843939410608,-1.570723835621969,-1.5708649794207972,-1.5707600752459925,1.5707746744155884,-0.785414997731344,0
12,1788172075.5910094,-0.10914913323957456,-0.4868933623446324,0.28587484999352086,1.2022195884288305,-2.9023965796069295,0.0001323542884433764,-1.5707843939410608,-1.570723835621969,-1.5708525816546839,-1.5707123915301722,1.5707746744155884,-0.7853906790362757,0
13,1788172075.630526,-0.10915460356037499,-0.4868925942577839,0.2858558443979363,1.2022182402837651,-2.902393325290191,4.736856858725089e-05,-1.5707843939410608,-1.5707481543170374,-1.5708649794207972,-1.5707243124591272,1.5707507133483887,-0.7853906790362757,0
14,1788172075.6722775,-0.10915188209866176,-0.4868853568744324,0.28586858075228117,1.2022172167816858,-2.9023908555652294,0.00010643314292430091,-1.5707843939410608,-1.570711914693014,-1.5708773771869105,-1.5707123915301722,1.5707626342773438,-0.7853906790362757,0
15,1788172075.7133565,-0.10913729291991878,-0.4868870835797002,0.28584310702265875,1.202285233938681,-2.9024043495579246,9.872641411040208e-06,-1.5707600752459925,-1.5707481543170374,-1.5708888212787073,-1.5707362333880823,1.5707746744155884,-0.785403076802389,0
16,1788172075.7565777,-0.10914674559325428,-0.48689374676081554,0.28585494813381185,1.202223776067492,-2.9024556151795893,6.67333081632237e-05,-1.570796314870016,-1.5707600752459925,-1.5708525816546839,-1.5707362333880823,1.5708105564117432,-0.7853906790362757,0
17,1788172075.7992764,-0.1091372930933204,-0.48688230041049496,0.285864299295559,1.20226368043816,-2.9024032047826833,4.516471373900794e-05,-1.5707600752459925,-1.570723835621969,-1.5708649794207972,-1.5707600752459925,1.5707746744155884,-0.7853906790362757,0
18,1788172075.8377328,-0.10915493745310012,-0.48688312816552176,0.28584310702265875,1.2022499424478936,-2.902418968205555,9.87165981344435e-06,-1.570796314870016,-1.5707481543170374,-1.5708888212787073,-1.5707362333880823,1.5707746744155884,-0.785414997731344,0
19,1788172075.8807383,-0.1091400418744884,-0.48688181462875973,0.2858431068122377,1.202245685435072,-2.902408691502022,2.636126097773011e-06,-1.5707600752459925,-1.5707357565509241,-1.5709012190448206,-1.5707362333880823,1.5707626342773438,-0.7853787581073206,0
20,1788172075.922194,-0.10915188205056657,-0.48688938691722544,0.2858428751388827,1.2022457552627899,-2.9024088600440594,1.9427146160932335e-06,-1.5707843939410608,-1.5707600752459925,-1.5708773771869105,-1.5707362333880823,1.5707626342773438,-0.785403076802389,0
21,1788172075.9621542,-0.10915768621668918,-0.48688117530321273,0.28587033597495864,1.2022050159426008,-2.902410328553295,5.5917827830183824e-05,-1.570796314870016,-1.570723835621969,-1.5708525816546839,-1.5707600752459925,1.5707626342773438,-0.7853906790362757,0
22,1788172076.0047739,-0.10914856731307782,-0.4868881276974549,0.28584665506225604,1.2022432166067365,-2.9024027306350817,-2.1829930069279182e-05,-1.5707719961749476,-1.5707600752459925,-1.5708649794207972,-1.5707600752459925,1.5707507133483887,-0.7853906790362757,0
23,1788172076.047306,-0.10914309744503999,-0.48686989550294846,0.2858548325677036,1.2022535041825801,-2.902427565708226,-2.5419307718920916e-05,-1.5707719961749476,-1.570723835621969,-1.5708773771869105,-1.570796314870016,1.5707746744155884,-0.7853906790362757,0
24,1788172076.0873203,-0.10915188216361094,-0.48687991394838653,0.2858663237101584,1.2022560002166323,-2.90238466644819,7.183292707142225e-05,-1.5707843939410608,-1.570711914693014,-1.5708773771869105,-1.5707362333880823,1.5707626342773438,-0.785414997731344,0
25,1788172076.1268878,-0.10915768621669353,-0.48688068988080757,0.2858633583392598,1.202208578028862,-2.902418926599536,2.0626470042851608e-05,-1.570796314870016,-1.5707357565509241,-1.5708525816546839,-1.5707724730121058,1.5707626342773438,-0.7853906790362757,0
26,1788172076.167062,-0.10893826217987883,-0.4868305784394447,0.28584083484774936,1.2024539364339815,-2.9023203644820157,-3.910774357536277e-05,-1.5703399817096155,-1.5705202261554163,-1.5711167494403284,-1.5707600752459925,1.5707507133483887,-0.785102669392721,0
27,1788172076.2085195,-0.10860353256788373,-0.4865184079710381,0.2857976954638112,-1.202724818555285,2.9022364320369944,0.00018768407534846393,-1.5696571508990687,-1.5696685949908655,-1.5720518271075647,-1.5707839171039026,1.5707626342773438,-0.7845996061908167,0
28,1788172076.252286,-0.10861896911881809,-0.485515643891434,0.28582262008732773,1.2026661779490069,-2.9022416677277163,-7.160840728262891e-05,-1.5696809927569788,-1.5672696272479456,-1.5744016806231897,-1.5707481543170374,1.5707507133483887,-0.7845876852618616,0
29,1788172076.29702,-0.10862991433088197,-0.4835971477451456,0.2859855397658227,1.2026381186501556,-2.9021250685795565,0.0004277199907370425,-1.569704834614889,-1.5625794569598597,-1.578728500996725,-1.5707724730121058,1.5707626342773438,-0.7846234480487269,0
30,1788172076.338882,-0.1086231414341496,-0.4820207898895705,0.2859057602718424,1.2026356084301753,-2.9022168189814477,0.000158746554376914,-1.5696929136859339,-1.5589693228351038,-1.5824568907367151,-1.5708444754229944,1.5707746744155884,-0.7845876852618616,0
31,1788172076.381907,-0.10863077234835627,-0.4800626852142745,0.28587547630610266,1.2026752509741736,-2.9022146548811363,1.0077664088681861e-05,-1.5696929136859339,-1.5544112364398401,-1.5870001951800745,-1.5709517637835901,1.5707507133483887,-0.7846115271197718,0
32,1788172076.4245608,-0.1086213736853456,-0.4784550880123516,0.2858445641801246,-1.2026601444204754,2.902276021874379,9.323750528664769e-05,-1.5696809927569788,-1.5506685415851038,-1.5907281080829065,-1.571047608052389,1.5707746744155884,-0.7845757643329065,0
33,1788172076.4671347,-0.10848037813785404,-0.4768624088955728,0.28585860835458876,1.2021188433824004,-2.902495876047185,2.9131162489982433e-05,-1.5693929831134241,-1.5468066374408167,-1.5944798628436487,-1.5710833708392542,1.570798635482788,-0.7839158217059534,0
34,1788172076.5097024,-0.10803196126108434,-0.4752534827609544,0.28590831844211995,1.20176563298464,-2.9025297685092433,0.00012889067812479757,-1.5684097448932093,-1.5427163282977503,-1.598351780568258,-1.5712035338031214,1.570726752281189,-0.7827165762530726,0
35,1788172076.547903,-0.10701006031417643,-0.4733833072228125,0.2859170744825889,1.2020593410087173,-2.9024500850895674,0.00017991535048527432,-1.5662630240069788,-1.537762467061178,-1.6031230131732386,-1.5713709036456507,1.5707746744155884,-0.780762020741598,0
36,1788172076.5982244,-0.10578648408876878,-0.47207692741902657,0.2859282605635812,1.202090314772597,-2.9024289553485847,0.00026080758894120966,-1.5636609236346644,-1.5340078512774866,-1.6067193190204065,-1.5714786688434046,1.5707865953445435,-0.7781832853900355,0
37,1788172076.637449,-0.10421749733005332,-0.4705557388938714,0.2859112636731982,1.2021827310117856,-2.902407417235009,0.00015276834492789786,-1.5602911154376429,-1.5296300093280237,-1.610938851033346,-1.5717065970050257,1.5707746744155884,-0.7748730818377894,0
38,1788172076.6792526,-0.1028370862565304,-0.4694012275901406,0.2858891937692374,1.2021946581779996,-2.902387280608825,6.216036617486256e-06,-1.5572932402240198,-1.5262234846698206,-1.6142237822162073,-1.5719097296344202,1.570726752281189,-0.7718871275531214,0
39,1788172076.720528,-0.1013570997709825,-0.46833772249738487,0.28583841123418535,1.2025521929018357,-2.902314860623172,-0.00016907980413218295,-1.5541036764727991,-1.5230210463153284,-1.617364231740133,-1.5721014181720179,1.5707507133483887,-0.7689254919635218,0
40,1788172076.7640705,-0.09990448934640218,-0.4672616747490379,0.28579441517423193,-1.2023633107701355,2.902354046389425,0.00031637571402877456,-1.5509498755084437,-1.519794766102926,-1.6205046812640589,-1.5722926298724573,1.5707626342773438,-0.7656510511981409,0
41,1788172076.8047724,-0.09842037390296754,-0.4661958575173571,0.28578687617754656,-1.2022007359236382,2.9024058541940185,0.000325126033262395,-1.5477121512042444,-1.5165322462665003,-1.6235979239093226,-1.5724723974811,1.5707746744155884,-0.7623050848590296,0
42,1788172076.843117,-0.09668439060383346,-0.4648870406875218,0.28583004734502526,-1.2020477357618808,2.902529714315006,0.00015247513454206432,-1.543886963521139,-1.5125015417682093,-1.6273024717914026,-1.5726760069476526,1.5707626342773438,-0.7583597342120569,0
43,1788172076.8830917,-0.0954667135729241,-0.46408547929111765,0.2858316243986715,1.2022336578643416,-2.90244032411987,-9.716460810832764e-05,-1.5412009398089808,-1.5099828878985804,-1.6296637693988245,-1.5727956930743616,1.5707626342773438,-0.7558048407184046,0
44,1788172076.9245603,-0.0940985924193486,-0.46296747123659526,0.285849008294621,-1.202341164008366,2.9024043227623477,6.281365527738835e-05,-1.5381668249713343,-1.5066607634173792,-1.6327202955829065,-1.5730469862567347,1.5707865953445435,-0.7528427282916468,0
45,1788172076.9679198,-0.09251471009735755,-0.4614830453544523,0.285833022983039,-1.202585805544239,2.902305975614343,0.00015950320689158662,-1.5345929304706019,-1.502402130757467,-1.636700455342428,-1.5733822027789515,1.5707626342773438,-0.7494366804706019,0
46,1788172077.0131316,-0.09130931288329419,-0.46020832381420884,0.2857386179468402,1.2025454015468293,-2.902210445322173,0.00024220518280931847,-1.53184682527651,-1.4986479918109339,-1.6404765287982386,-1.573083225880758,1.5707507133483887,-0.7466900984393519,0
47,1788172077.0559208,-0.08983169841408802,-0.4585814866470367,0.2842986915224691,-1.202377104988851,2.902346226811183,0.0004552386080210565,-1.5284531752215784,-1.4943302313434046,-1.6480048338519495,-1.5703414122210901,1.570738673210144,-0.743164364491598,0
48,1788172077.097803,-0.08857076085758267,-0.457286914240261,0.2823277892136482,-1.2020940420927773,2.9024516354929775,0.0003961487828313089,-1.5255630652057093,-1.4906600157367151,-1.656396214162008,-1.5655887762652796,1.5707626342773438,-0.740082089100973,0
49,1788172077.1407533,-0.08726943991465377,-0.4559848700546318,0.2796911148507911,-1.2021910391908126,2.902392218128652,0.000477479235342922,-1.522552792225973,-1.4870379606830042,-1.666405979787008,-1.5592559019671839,1.5707626342773438,-0.7371433416949671,0
50,1788172077.183695,-0.08581019951751481,-0.45482659540224063,0.27584444892694254,-1.2022450869790071,2.902426799994525,0.00030555260071271195,-1.5191834608661097,-1.4836910406695765,-1.6792805830584925,-1.5496075789081019,1.5707507133483887,-0.7337973753558558,0
51,1788172077.2270293,-0.0848045596476185,-0.45404595359346955,0.27259476307273156,1.2023364835579355,-2.902400852033345,-5.928865491675625e-05,-1.5168688933001917,-1.4814842383014124,-1.6896022001849573,-1.5413349310504358,1.5707746744155884,-0.7315428892718714,0
52,1788172077.2675862,-0.08454773154678316,-0.45342208040266824,0.26937405470350206,-1.2022305344594189,2.902391656809159,0.0004780524640204559,-1.5162094275103968,-1.4802725950824183,-1.6988452116595667,-1.5335777441607874,1.5707507133483887,-0.7308233420001429,0
53,1788172077.3098078,-0.08450919048846436,-0.45353355771187864,0.2655794975530714,-1.2019339584429187,2.902562320620569,0.00016739204320264392,-1.5161493460284632,-1.4808009306537073,-1.708099667225973,-1.5235937277423304,1.5707746744155884,-0.7305472532855433,0
54,1788172077.3529055,-0.08451959589658566,-0.45349148198742084,0.26237313912068444,-1.2015189234766646,2.902742523606988,0.0001899172108674775,-1.5161612669574183,-1.4811003843890589,-1.7160118261920374,-1.515393082295553,1.5707626342773438,-0.7302711645709437,0
55,1788172077.3953857,-0.08453129891331676,-0.45347316834410634,0.25914364602380957,-1.2009241695155897,2.9029801101038646,0.00022525473645488864,-1.5161851088153284,-1.481532398854391,-1.7238639036761683,-1.5071328322040003,1.5707626342773438,-0.7298873106585901,0
56,1788172077.4393992,-0.0845329823490658,-0.45349148320665833,0.25535984961506736,-1.199622137669627,2.903528147554388,1.4297571677876682e-05,-1.5162094275103968,-1.4821322599994105,-1.7330225149737757,-1.497244660054342,1.570798635482788,-0.7290123144732874,0
57,1788172077.4821923,-0.08453655695438961,-0.4535286516459811,0.25231438612470697,1.1986771497127597,-2.9038084991551436,0.0002640724065263224,-1.5161975065814417,-1.4826720396624964,-1.7403715292560022,-1.4891513029681605,1.5707507133483887,-0.7283762137042444,0
58,1788172077.524295,-0.08452124265529906,-0.4535569098394886,0.24902184798669508,1.1978445232900934,-2.9041587553000467,0.0004071631568878357,-1.5161851088153284,-1.4833672682391565,-1.7481878439532679,-1.480555836354391,1.5707865953445435,-0.7277887503253382,0
59,1788172077.5668201,-0.08452651075790667,-0.4534628793172657,0.24512009848148852,1.1965731854839508,-2.904783176999317,-0.00012346775526035953,-1.5161731878863733,-1.4842074553119105,-1.7573345343219202,-1.4709184805499476,1.5707626342773438,-0.7268770376788538,0
60,1788172077.609015,-0.08451168936574914,-0.45353587882812446,0.24194546004455486,1.1952018200984218,-2.9053123491310853,0.00013787396448583763,-1.5161612669574183,-1.4850829283343714,-1.764719311391012,-1.4624903837787073,1.5707865953445435,-0.7259295622455042,0
61,1788172077.6505055,-0.08452075187644804,-0.4535155293011707,0.23875751792115404,-1.1939974486823575,2.9058497620222545,-2.6606287804894353e-06,-1.5161851088153284,-1.4859464804278772,-1.7720916906939905,-1.4543498198138636,1.570798635482788,-0.7251141707049769,0
62,1788172077.6942594,-0.08451672212833465,-0.4534890275825995,0.2354632684178975,-1.1930632508985002,2.9061539056578205,0.00021486529063451595,-1.5161851088153284,-1.4869173208819788,-1.7796323935138147,-1.4459932486163538,1.5708225965499878,-0.7244904677020472,0
63,1788172077.737383,-0.08451865652893276,-0.45345832186901003,0.231618239518696,-1.1921496859738139,2.9065555755837753,0.00033230465308933235,-1.5161612669574183,-1.4880693594561976,-1.7884557882892054,-1.436080280934469,1.5707746744155884,-0.7238314787494105,0
64,1788172077.780658,-0.08452538408677969,-0.4532375215377664,0.2284715911271333,-1.1911161201570475,2.906966685889366,0.00038539885733618464,-1.5161493460284632,-1.4886086622821253,-1.7960565725909632,-1.4279759565936487,1.5707746744155884,-0.7231114546405237,0
65,1788172077.8255124,-0.08462142127226509,-0.45256347548724835,0.2247403239470904,1.189249962279462,-2.907678775146146,0.00039581914390474104,-1.5162814299212855,-1.4880812803851526,-1.8062823454486292,-1.4177511374102991,1.5707746744155884,-0.7219722906695765,0
66,1788172077.8691034,-0.08493392083796356,-0.4510035238982598,0.22140961215472774,-1.1882223848761722,2.9081519681904657,0.00032339320897851017,-1.516796890889303,-1.4859584013568323,-1.8166878859149378,-1.409957234059469,1.5707865953445435,-0.7217682043658655,0
67,1788172077.9093444,-0.085016766279619,-0.44912848376622366,0.2176546696971681,1.1871535258518386,-2.908573695812947,0.00012027258042270234,-1.5167368094073694,-1.4827922026263636,-1.8293359915362757,-1.4001639525042933,1.5707507133483887,-0.7209766546832483,0
68,1788172077.950755,-0.08505306222437456,-0.4475216281813917,0.21447722969107877,1.186001139220602,-2.909092060331685,8.99114520151709e-05,-1.5166409651385706,-1.4802725950824183,-1.8398259321795862,-1.392226521168844,1.5707865953445435,-0.720076862965719,0
69,1788172077.9983668,-0.08505981338303407,-0.44593759101862046,0.21126342832438644,1.184603769732065,-2.9096067084037074,0.00020510766426769968,-1.516449276600973,-1.4778021017657679,-1.8503997961627405,-1.3840373198138636,1.5707626342773438,-0.7189376989947718,0
70,1788172078.042449,-0.08495535947612864,-0.44402894137173315,0.2074672076069269,1.1833690401946502,-2.9101215209411992,0.00021137505230300438,-1.5159814993487757,-1.474875275288717,-1.862880055104391,-1.374483887349264,1.5707746744155884,-0.7176182905780237,0
71,1788172078.0863516,-0.08467202192829588,-0.4424532157950551,0.20418031840697834,-1.1826026955402562,2.910485802913675,0.0003722440045123483,-1.5151179472552698,-1.4726923147784632,-1.8732860724078577,-1.3666413466082972,1.570738673210144,-0.7162154356585901,0
72,1788172078.1285026,-0.08381289604845242,-0.44119961374419925,0.20037110357034035,1.1811548913977263,-2.91102942733046,6.067503961649407e-05,-1.5129955450641077,-1.4710372130023401,-1.884758774434225,-1.3565366903888147,1.5707507133483887,-0.7131088415728968,0
73,1788172078.172416,-0.08309078582558498,-0.44040756218931665,0.19722382641977454,1.1800813071995182,-2.9114892470959055,-4.415033523945026e-05,-1.5112322012530726,-1.4704855124102991,-1.8934505621539515,-1.3484671751605433,1.5707507133483887,-0.710602108632223,0
74,1788172078.2167091,-0.08255261404912624,-0.4398103002869629,0.1932858860401564,-1.1787411711693594,2.9120451887716214,0.0002308965005414502,-1.5099251906024378,-1.4710491339312952,-1.9032214323626917,-1.3382661978351038,1.5707746744155884,-0.7083714644061487,0
75,1788172078.2597673,-0.08257267842743347,-0.43973957117746576,0.1900524491725809,-1.1774073130596177,2.912518762006751,0.000517822258043553,-1.5099614302264612,-1.472872559224264,-1.9100311438189905,-1.3298257032977503,1.5707746744155884,-0.7075074354754847,0
76,1788172078.3030486,-0.08257189957710184,-0.4397926830466359,0.18623044484413612,-1.1763210092641798,2.9130471761972254,7.014494403950878e-05,-1.5099733511554163,-1.4751876036273401,-1.9180873076068323,-1.31915790239443,1.5707865953445435,-0.7067521254168909,0
77,1788172078.3465621,-0.08257204841621153,-0.4397951263334107,0.18306798994675758,1.1752491132982243,-2.913461293764925,-6.431988248164572e-05,-1.5099614302264612,-1.4771903196917933,-1.9246333281146448,-1.3105972448932093,1.5707626342773438,-0.7060087362872522,0
78,1788172078.3902833,-0.08257659678172093,-0.43959171620875775,0.17983736432981878,-1.1738553594817398,2.9139844204741125,0.0004979407470821576,-1.5099371115313929,-1.4789536635028284,-1.9315145651446741,-1.302239720021383,1.5707507133483887,-0.7050369421588343,0
79,1788172078.4343016,-0.08267212658343419,-0.43925368951878035,0.17593921489133743,-1.1724847666348581,2.91451492397443,0.0002941469987024601,-1.5101411978351038,-1.480776611958639,-1.940230671559469,-1.2915838400470179,1.5708105564117432,-0.7043054739581507,0
80,1788172078.477676,-0.08319622845822268,-0.4381607228206784,0.17275180060604406,-1.1716184065632826,2.9148839394545996,0.00044081566089035145,-1.5111725966082972,-1.4806206862079065,-1.9488142172442835,-1.283238712941305,1.5707626342773438,-0.7047374884234827,0
81,1788172078.5229883,-0.08400704750100603,-0.43636431824140226,0.16907040287522057,1.1698412160088645,-2.915563613687563,0.00025449209098683806,-1.5128033796893519,-1.4790495077716272,-1.9601438681231897,-1.2730134169207972,1.5707626342773438,-0.7051571051227015,0
82,1788172078.5681636,-0.08449218235358588,-0.434345505186267,0.16511933220967492,-1.1682951065478102,2.916262063496549,0.00018615687176554794,-1.5136664549456995,-1.4774544874774378,-1.972048584614889,-1.2630036512957972,1.5707746744155884,-0.7049410978900355,0
83,1788172078.6100419,-0.08491902353665443,-0.4328093319393641,0.16194454432613692,1.1668779904514242,-2.916779051219001,0.0001908515794989012,-1.514458481465475,-1.4762428442584437,-1.9816997686969202,-1.2543109099017542,1.5707746744155884,-0.704773251210348,0
84,1788172078.652886,-0.08527103969271305,-0.43119671828517897,0.1587192224347932,-1.1655708473881723,2.9173652298123702,0.00024641773825170854,-1.5150578657733362,-1.475175682698385,-1.9912427107440394,-1.2461207548724573,1.5707507133483887,-0.7044613997088831,0
85,1788172078.6961086,-0.08566673318082454,-0.4292585643828155,0.15481332356750305,-1.1641606142133578,2.9178993585495596,0.00031285260513677816,-1.5157416502581995,-1.4738677183734339,-2.0029199759112757,-1.2358000914203089,1.5707626342773438,-0.7041853109942835,0
86,1788172078.7397878,-0.0859529322504531,-0.42769293497181626,0.15166532163456292,1.1629400446723475,-2.9183995080318117,9.988394726559144e-05,-1.5162337462054651,-1.4727280775653284,-2.0125110785113733,-1.2270835081683558,1.570798635482788,-0.7038376967059534,0
87,1788172078.7827587,-0.0862922471877978,-0.42578540861767017,0.1478625021238399,1.1613556301083166,-2.9189982383655466,6.196899674976896e-05,-1.5167725721942347,-1.471553150807516,-2.023865048085348,-1.2169178167926233,1.5707626342773438,-0.7032983938800257,0
88,1788172078.8251238,-0.08655878055301289,-0.4241659364037676,0.1446517914350331,1.160208585923506,-2.9194826090823134,-0.00011934568761266062,-1.5171926657306116,-1.4706657568561,-2.0333598295794886,-1.208428208027975,1.5707507133483887,-0.702925984059469,0
89,1788172078.8693635,-0.08686416031344713,-0.4225255974729238,0.1413776189562332,-1.1588698712631442,2.9199896903958638,0.00025966188597530913,-1.5177324453936976,-1.4698861281024378,-2.0429633299456995,-1.1997106711017054,1.5707865953445435,-0.7025545279132288,0
90,1788172078.9094608,-0.08720824742345877,-0.42070087988401955,0.13763394066250098,1.1569477753315682,-2.92071405732116,0.0002688892436729574,-1.5183199087726038,-1.4689863363849085,-2.054112736378805,-1.1891019980060022,1.5707746744155884,-0.7018345038043421,0
91,1788172078.9491851,-0.08751764676832896,-0.4189815380625755,0.13433471423157867,-1.1554200588647587,2.9213560715188436,0.0004380779742813257,-1.5188353697406214,-1.468375031148092,-2.063608471547262,-1.1806843916522425,1.5707507133483887,-0.7012952009784144,0
92,1788172078.992928,-0.08769133317604738,-0.4174870215022164,0.13123423147718902,1.1541197070906197,-2.92186027819612,0.0002081547549949332,-1.5190876165973108,-1.467727009450094,-2.0728514830218714,-1.1716674009906214,1.5707865953445435,-0.7006595770465296,0
93,1788172079.034454,-0.08772931141581682,-0.4158929054398416,0.12806090062688022,1.1530710666401593,-2.9222820075240494,0.00017482410799459194,-1.5189793745623987,-1.4671147505389612,-2.082179371510641,-1.1629741827594202,1.5707865953445435,-0.699831787739889,0
94,1788172079.0792313,-0.0877274221461408,-0.4139534771479656,0.12422119353022479,1.1513466976465143,-2.922942060119285,0.00014304825420655314,-1.5187156836139124,-1.466419521962301,-2.093473259602682,-1.152388874684469,1.5707626342773438,-0.6983926931964319,0
95,1788172079.1237364,-0.08776289589218673,-0.41229216656461826,0.12096821401245844,1.1497853604225368,-2.9236052392638,-0.00012850352657227596,-1.5185835997210901,-1.4659760634051722,-2.102908436452047,-1.1435754934894007,1.5707507133483887,-0.6971810499774378,0
96,1788172079.1672463,-0.08777417633719857,-0.4104429678890534,0.11717807799978824,1.1484344961822557,-2.924083255192052,0.00016237071356431495,-1.5183799902545374,-1.4655917326556605,-2.113938633595602,-1.1327384153949183,1.5707626342773438,-0.6960657278644007,0
97,1788172079.2081482,-0.08775645022453502,-0.40882485523330614,0.11392742833465411,1.1471784975345172,-2.924645040594438,-2.0407804397791987e-05,-1.518139664326803,-1.4654000441180628,-2.123241726552145,-1.1237576643573206,1.5707865953445435,-0.6949504057513636,0
98,1788172079.2505476,-0.08776525249965564,-0.40716740632119003,0.11068056677540938,-1.1455757074669437,2.9252539886373534,0.00034028122382830816,-1.5179241339312952,-1.4652321974383753,-2.132533852254049,-1.1148360411273401,1.5707507133483887,-0.6936433951007288,0
99,1788172079.2956655,-0.08759378395244914,-0.40534976567411923,0.10690498297593229,1.1445180505297285,-2.925654852242251,0.00012254580247661218,-1.5172765890704554,-1.4651005903827112,-2.143479649220602,-1.1037233511554163,1.5707865953445435,-0.6922758261310022,0
100,1788172079.338418,-0.08732478879129166,-0.4037105617763196,0.10369202795405197,-1.1430659229306777,2.926235661820762,0.00010197422197061255,-1.5163891951190394,-1.4649680296527308,-2.152747933064596,-1.0947421232806605,1.570798635482788,-0.6903927961932581,0
101,1788172079.3827665,-0.08685519035181649,-0.40220735050131046,0.10049233486290365,1.1418980620560817,-2.926665181718585,1.9786135840602293e-06,-1.5149739424334925,-1.4650281111346644,-2.1619189421283167,-1.0854256788836878,1.5707507133483887,-0.6881855169879358,0
102,1788172079.4252918,-0.08563012462759782,-0.4006660953253556,0.09664796647958113,-1.1403178414819568,2.927280357830346,0.00022762821495855376,-1.5116880575763147,-1.4656756559955042,-2.172422234212057,-1.0744441191302698,1.570798635482788,-0.6838200728045862,0
103,1788172079.4687006,-0.08448400130192074,-0.3994667378192625,0.09356242214688831,1.138732513622481,-2.9278844711626073,0.00025158720206863277,-1.5085943380938929,-1.4660957495318812,-2.1811144987689417,-1.06500751176943,1.5707865953445435,-0.6796463171588343,0
104,1788172079.5137098,-0.0830306391567485,-0.3978033743361462,0.08965947475618793,-1.1371173487330855,2.9285668870965407,0.00022804193119321933,-1.5046127478228968,-1.4667075316058558,-2.19190484682192,-1.053918186818258,1.5707626342773438,-0.6745489279376429,0
105,1788172079.5598023,-0.08164559427633197,-0.396185498745004,0.08576767102514146,-1.1353485430374022,2.92921785400262,0.0003341575489976199,-1.5007990042315882,-1.4675114790545862,-2.2026355902301233,-1.0424578825580042,1.5707746744155884,-0.6695354620562952,0
106,1788172079.603449,-0.0804559724735279,-0.3948542299194883,0.08256933084276938,-1.1342498802171581,2.9296184615802034,0.00045833899618785495,-1.4975011984454554,-1.46826678911318,-2.211423699055807,-1.032996956502096,1.5707746744155884,-0.6654933134662073,0
107,1788172079.6480057,-0.07926745041932338,-0.3935240209082117,0.07955880342632746,-1.1329679050212067,2.930120238410123,0.00024094392887021452,-1.4942033926593226,-1.4687584082232874,-2.2199958006488245,-1.023799244557516,1.5708105564117432,-0.6613190809832972,0
108,1788172079.6908805,-0.07790377258351325,-0.3918151409055763,0.07702620040738051,-1.1316669886450108,2.9306249214869338,0.00043331404424434833,-1.4903057257281702,-1.4676311651812952,-2.22852069536318,-1.0165184179889124,1.5707746744155884,-0.6565330664264124,0
109,1788172079.732721,-0.0767997322531512,-0.3904599514515971,0.07584892253130959,1.1313060742048462,-2.9307881398091964,9.628498153288495e-06,-1.4871395269977015,-1.4652922789203089,-2.2341674009906214,-1.0129130522357386,1.5707626342773438,-0.6531150976764124,0
110,1788172079.7760887,-0.07555073018269534,-0.3886763414024285,0.07546390261305691,1.1312629496024365,-2.9308365751788372,-1.5700252939542855e-05,-1.4834941069232386,-1.4606626669513147,-2.2393110434161585,-1.0124228636371058,1.5707865953445435,-0.6494329611407679,0
111,1788172079.8208516,-0.07459921228841951,-0.3871509706159277,0.07552922805676301,1.1315967278787784,-2.930657151786648,0.00010650371867068857,-1.4806278387652796,-1.4560683409320276,-2.243075672780172,-1.0131648222552698,1.5707626342773438,-0.6468060652362269,0
112,1788172079.8648524,-0.0734169929308386,-0.3853157229611279,0.07552248293481106,1.1316121854809211,-2.930647280626357,0.00012843403628371968,-1.4770658651935022,-1.4506829420672815,-2.2476800123797815,-1.0139315764056605,1.5707626342773438,-0.6432555357562464,0
113,1788172079.9086308,-0.07242084319138355,-0.38384412800025147,0.07534870200292776,1.1315241278591301,-2.9306292529007707,0.00040360236863124405,-1.474055592213766,-1.4465211073504847,-2.251767937337057,-1.0138238112079065,1.5707626342773438,-0.6401971022235315,0
114,1788172079.948232,-0.07124231512215855,-0.38195362304105257,0.07401071524981442,-1.131118175862356,2.9308899794907264,0.00025447851312317154,-1.470422093068258,-1.4432953039752405,-2.2583745161639612,-1.0108779112445276,1.5707626342773438,-0.6362627188311976,0
115,1788172079.9882612,-0.07057736252253634,-0.38107748260193325,0.07278046182973102,1.131122701180395,-2.9308517929395497,4.974042825367703e-05,-1.46840745607485,-1.4425633589373987,-2.2627504507647913,-1.0070331732379358,1.5707626342773438,-0.6342595259295862,0
116,1788172080.0285788,-0.06997534092124637,-0.3802317256643781,0.07014699717249703,-1.1309715132620297,2.930930172789941,0.0003470844760356494,-1.466560188923971,-1.4444826284991663,-2.2690327803241175,-0.9990933577166956,1.5707626342773438,-0.6323044935809534,0
117,1788172080.0721831,-0.06985274989617332,-0.37999370936225435,0.06741257348331262,-1.1308757578926838,2.930944164603675,0.0004722000982690216,-1.4661644140826624,-1.4484160582171839,-2.274020496998922,-0.9902547041522425,1.5707626342773438,-0.6318486372577112,0
118,1788172080.1162238,-0.06984914763954657,-0.38006194812794564,0.06476440203561057,-1.1305810668004286,2.931073048435661,0.0002454592498111486,-1.4661887327777308,-1.4530585447894495,-2.2782414595233362,-0.9812482039081019,1.5707865953445435,-0.6316683928119105,0
119,1788172080.159309,-0.0698527206006064,-0.38005398119826983,0.06264893053284512,-1.1306227887430822,2.931077146994705,0.00020767225737030524,-1.4661887327777308,-1.4566920439349573,-2.2816699186908167,-0.9741581122027796,1.5707746744155884,-0.6316922346698206,0
120,1788172080.202846,-0.06984599722924781,-0.38023668626924095,0.06174340692616681,1.1306186065054769,-2.9310663104469397,0.00015864295771292098,-1.4662368933307093,-1.4586594740497034,-2.282856289540426,-0.97076923051943,1.570798635482788,-0.6317403952227991,0
121,1788172080.246782,-0.06983610086400163,-0.38054694456948585,0.06160816758227039,1.1305687332515195,-2.930986994512533,0.00033222920123236705,-1.4662607351886194,-1.4596427122699183,-2.2824729124652308,-0.9700387159930628,1.570738673210144,-0.6317527929889124,0
122,1788172080.289856,-0.07014354551979846,-0.38152594078727925,0.06160699543838158,1.130464245559001,-2.9310803036816493,0.00011649704108887889,-1.4673641363727015,-1.4624255339251917,-2.2800515333758753,-0.9698227087603968,1.5707507133483887,-0.6327727476703089,0
123,1788172080.3331063,-0.07075580256110026,-0.3830769756807504,0.06159363117647201,1.1307455932788277,-2.931025059757953,0.00011516529044432922,-1.4694507757769983,-1.4668152968036097,-2.2763102690326136,-0.9691880385028284,1.570798635482788,-0.6350391546832483,0
124,1788172080.3747818,-0.07237041845460433,-0.3845426886046531,0.06157197274922091,1.1302239442700628,-2.9312419583523153,-4.0123553307917376e-05,-1.4741161505328577,-1.4714930693255823,-2.272294346486227,-0.9686253706561487,1.5707865953445435,-0.6393449942218226,0
125,1788172080.4178927,-0.07329385606899642,-0.3850521761146438,0.06151702225869615,-1.1305580890237332,2.9310550926422256,0.00044466743443388447,-1.4766820112811487,-1.4734719435321253,-2.270663563405172,-0.968541447316305,1.5707746744155884,-0.6421521345721644,0
126,1788172080.4611077,-0.07372426245455684,-0.3851758469345958,0.06152055716141078,-1.1302457958799457,2.931138315974387,0.0005670666046223064,-1.4778578917132776,-1.4740360418902796,-2.2701357046710413,-0.9685896078692835,1.5707865953445435,-0.6431234518634241,0
127,1788172080.5041323,-0.07367856508456909,-0.38523728153078385,0.061210179925994174,-1.130347951627206,2.931192972107409,0.0002176025418431832,-1.4777377287494105,-1.4746115843402308,-2.270663563405172,-0.9672482649432581,1.5707626342773438,-0.6430514494525355,0
128,1788172080.546263,-0.0736772544609489,-0.3853499446819624,0.06037524560589955,1.130272271096708,-2.9311029163675086,0.0004470213265462072,-1.4777620474444788,-1.4761832396136683,-2.272006336842672,-0.9638941923724573,1.5707626342773438,-0.6430514494525355,0
129,1788172080.5887518,-0.07366906493697051,-0.3852697636592755,0.05865663794132067,1.1303887817999092,-2.9311385683253848,-4.03064397874031e-05,-1.477713410054342,-1.479133431111471,-2.274668041859762,-0.9586012999164026,1.5707507133483887,-0.6430638472186487,0
130,1788172080.6322987,-0.07368762844241238,-0.3852387594821665,0.05550966138826924,-1.1301992827326115,2.9312258678303893,0.00034447417218528735,-1.4777620474444788,-1.4847825209247034,-2.279464069996969,-0.9483607451068323,1.5707626342773438,-0.642979923878805,0
131,1788172080.672382,-0.07366780493445037,-0.385245377152234,0.05228881800953,-1.1303545837708293,2.9311581339062305,0.0002466676157709657,-1.4777258078204554,-1.49064809480776,-2.284415308629171,-0.9374859968768519,1.5707865953445435,-0.6430514494525355,0
132,1788172080.714728,-0.07366325259993035,-0.38529414857880057,0.04912425366979359,1.1303974333997917,-2.931163085624397,2.257500360751653e-05,-1.4777258078204554,-1.4965851942645472,-2.289199177418844,-0.926586929951803,1.5707865953445435,-0.6430757681476038,0
133,1788172080.7551284,-0.07365611130692565,-0.38528260057741665,0.04526396352254078,1.1303837764004627,-2.931127677470791,9.525589673286422e-05,-1.477689568196432,-1.5038540999041956,-2.295014206563131,-0.9134481588946741,1.5707626342773438,-0.6430395285235804,0
134,1788172080.7933939,-0.0736478396586934,-0.3852555406660638,0.04272410021476897,1.1303933671716648,-2.9311005124892633,0.00014820383005823232,-1.4776538054095667,-1.5086749235736292,-2.2988386789904993,-0.904764477406637,1.5707507133483887,-0.6430156866656702,0
135,1788172080.832043,-0.07371922939534808,-0.3847323987145756,0.03956103708337605,1.130317795641158,-2.931112717298976,0.00023614324479182152,-1.477713410054342,-1.5135811010943812,-2.3046537081347864,-0.8939850966082972,1.5707507133483887,-0.6430276075946253,0
136,1788172080.8698964,-0.0740820432592771,-0.38347700789350825,0.03636173916516461,1.1304909541697992,-2.9310371661163206,0.000349604529560827,-1.478372875844137,-1.5169757048236292,-2.3120511213885706,-0.8831213156329554,1.5707626342773438,-0.6438072363482874,0
137,1788172080.9109044,-0.0747023224761074,-0.3818123489383169,0.03312683452118351,1.1307865901713887,-2.930966937530581,5.358358250736821e-05,-1.4796083609210413,-1.519770924245016,-2.320120398198263,-0.8724492231952112,1.5707507133483887,-0.6452344099627894,0
138,1788172080.951087,-0.07532500714463593,-0.3801839059497786,0.030107656080329004,1.1305768690213631,-2.9311037921122454,-9.679284009806702e-05,-1.4808920065509241,-1.52232534090151,-2.3278055826770228,-0.8623159567462366,1.5707746744155884,-0.6463621298419397,0
139,1788172080.989816,-0.07607606814872961,-0.37869269786762677,0.02798561058136234,1.1306621152852272,-2.930956445728217,0.00035097529841484455,-1.482535187398092,-1.5233448187457483,-2.334100071583883,-0.8546984831439417,1.5707507133483887,-0.6480897108661097,0
140,1788172081.031228,-0.0769002741138326,-0.37717738299589176,0.026480720597404472,1.1302011050486318,-2.931172327124293,0.00022313708001552707,-1.4844053427325647,-1.5232246557818812,-2.3392797152148646,-0.8497269789325159,1.5707626342773438,-0.6496365706073206,0
141,1788172081.0710492,-0.07739575728633692,-0.37615726592865706,0.025441662075751742,1.1303463079490828,-2.9311304299364402,-5.093542590204417e-05,-1.4854849020587366,-1.5232246557818812,-2.3427563349353235,-0.8464215437518519,1.570726752281189,-0.6508119742022913,0
142,1788172081.1122057,-0.07757562253039857,-0.37573683872539715,0.02499781419350483,1.1305886335603426,-2.93107601969897,2.1831966790860752e-05,-1.4859045187579554,-1.5232246557818812,-2.3442793528186243,-0.8448641935931605,1.5707746744155884,-0.6513879934894007,0
143,1788172081.1558244,-0.07755183190593876,-0.37575577442761765,0.025022235592756348,1.1305452996088838,-2.9310677420057556,0.00014768983894196375,-1.4858444372760218,-1.5231769720660608,-2.3442674318896692,-0.8448403517352503,1.5707746744155884,-0.6513040701495569,0
144,1788172081.1994808,-0.07757241120235994,-0.3757356704971265,0.024991901178465836,1.1305085497617635,-2.9310786092054135,2.9655524792147774e-05,-1.4858806769000452,-1.5232246557818812,-2.3443034330951136,-0.844827953969137,1.5707507133483887,-0.651315991078512,0
145,1788172081.24356,-0.07755524119112332,-0.3758191106370816,0.025020600207954463,1.1305254060028618,-2.9310681994988195,0.0001840060100484006,-1.485868279133932,-1.5233328978167933,-2.344135586415426,-0.8447921911822718,1.5707746744155884,-0.651315991078512,0
146,1788172081.2869601,-0.07755445614978422,-0.3762769297237295,0.025062590646290905,1.1304863482933547,-2.931071006298737,0.00017799268996936273,-1.4859641234027308,-1.524388615285055,-2.343008343373434,-0.8448641935931605,1.5707626342773438,-0.6513879934894007,0
147,1788172081.3298678,-0.07755412587414044,-0.37731597943170964,0.025060718942365418,1.130416765253801,-2.931154928084225,2.526154101991507e-05,-1.4862163702594202,-1.527038876210348,-2.3405025641070765,-0.844827953969137,1.5707865953445435,-0.6515796820269983,0
148,1788172081.37262,-0.07757513481630457,-0.3787331053456745,0.025077510233602635,1.1305249689815369,-2.931123255100393,-9.216146687079345e-05,-1.4865883032428187,-1.5305779615985315,-2.337097469960348,-0.8447683493243616,1.5707746744155884,-0.6520231405841272,0
149,1788172081.417183,-0.07758150000792094,-0.3802968056033408,0.02497268027844321,-1.1302823588103073,2.9311748083744904,0.0005627613189569787,-1.486936394368307,-1.534799877797262,-2.3333688418017786,-0.844576660786764,1.570738673210144,-0.6522153059588831,0
150,1788172081.4555624,-0.07754956188018652,-0.38080319015602127,0.025001773617013834,-1.1302480895288234,2.9311900420202934,0.00048520182868768476,-1.4869721571551722,-1.5359628836261194,-2.332181755696432,-0.8445528189288538,1.5707507133483887,-0.6522272268878382,0
151,1788172081.4955246,-0.07756141102499786,-0.38077885013382123,0.025003052978043644,-1.1301150752981457,2.9312115134435905,0.00043380531819055214,-1.4870203177081507,-1.535903278981344,-2.3322415987597864,-0.8445289770709437,1.5707865953445435,-0.652191464100973,0
152,1788172081.537515,-0.07757046447745203,-0.38074653046351503,0.024979961293897984,-1.1301576254208505,2.931215648276925,0.0005990652477166347,-1.4870079199420374,-1.535903278981344,-2.332289520894186,-0.844576660786764,1.570738673210144,-0.652203385029928,0
153,1788172081.5764174,-0.07757173028112727,-0.38075385904937814,0.024985710801456312,-1.1301726415211162,2.9312046383305486,0.0005578120812828984,-1.4870203177081507,-1.535903278981344,-2.3322775999652308,-0.8445647398578089,1.5707507133483887,-0.6522272268878382,0
154,1788172081.6150227,-0.07756599850025749,-0.3807668619003181,0.024982745744202783,-1.1301384006927033,2.9312178493617553,0.0005578142137735145,-1.4870079199420374,-1.5359390417682093,-2.3322537581073206,-0.8445528189288538,1.5707507133483887,-0.652191464100973,0
155,1788172081.6572337,-0.07756416666411141,-0.3807683958319767,0.024984824046328846,-1.1302504915471585,2.9311941783884023,0.0005271709109309915,-1.4869959990130823,-1.5359271208392542,-2.3322656790362757,-0.8445289770709437,1.570738673210144,-0.6522515455829065,0
156,1788172081.6991353,-0.07754151526967992,-0.38083362328873616,0.024825052697499933,1.1302914752258757,-2.931196413198247,-7.326246249203432e-06,-1.4869721571551722,-1.536311451588766,-2.3325536886798304,-0.8435223738299769,1.5707746744155884,-0.6522515455829065,0
157,1788172081.7412992,-0.07756079632445924,-0.38095785811989874,0.024121207563128688,1.1301560747210613,-2.931107607730455,0.0006322417545782518,-1.4870441595660608,-1.5380023161517542,-2.3334887663470667,-0.840468708668844,1.5707626342773438,-0.6522634665118616,0
158,1788172081.785146,-0.07754552229022575,-0.3809781504908152,0.023249301076847917,1.1300273600727437,-2.9311401969850945,0.000717810512185113,-1.4870079199420374,-1.5399215857135218,-2.334663693104879,-0.8373177687274378,1.5707626342773438,-0.6521433035479944,0
159,1788172081.8298876,-0.07756331833601672,-0.3808316187241919,0.021843926321139295,1.1297496651208734,-2.9314151376557542,-0.0002586405906515078,-1.4870079199420374,-1.5428603331195276,-2.3364740053759974,-0.8332093397723597,1.570738673210144,-0.6519153753863733,0
160,1788172081.8725662,-0.07755607010651899,-0.38081166633543223,0.02068999053051937,-1.1296052682423108,2.9314590963744713,0.00044629911859149924,-1.4869840780841272,-1.5453909079181116,-2.337984625493185,-0.8292925993548792,1.570738673210144,-0.6517956892596644,0
161,1788172081.915193,-0.07756520242005611,-0.38085221509646955,0.020199313354428927,1.1295294663951285,-2.9314728086153043,1.2186333369696765e-05,-1.4870322386371058,-1.5464828650103968,-2.3387280146228235,-0.8271601835833948,1.5707626342773438,-0.6517956892596644,0
162,1788172081.9578726,-0.07757143733890204,-0.3808104836497657,0.019667762795993027,-1.1295420744515365,2.931505512419577,0.0002680805584714496,-1.4870322386371058,-1.547622028981344,-2.3394115606891077,-0.8255198637591761,1.5707507133483887,-0.6517956892596644,0
163,1788172082.0004864,-0.07755745532804714,-0.38087910311664414,0.019248106993121544,-1.1295428279187982,2.9315074837995048,5.563863982173365e-05,-1.4870322386371058,-1.5486777464496058,-2.339891020451681,-0.8238542715655726,1.5707865953445435,-0.6517956892596644,0
164,1788172082.0399551,-0.07757439138413354,-0.3808816078219231,0.019070806838606125,1.1293980171712348,-2.9314983038913285,7.165036503665147e-05,-1.487056080495016,-1.549049202595846,-2.3401790300952356,-0.8230999151812952,1.5707507133483887,-0.6517356077777308,0
165,1788172082.0810683,-0.07756531856240483,-0.3808917601991438,0.018890421705332422,1.1294394137009962,-2.9315015790251193,0.00017623912240886944,-1.487056080495016,-1.5494573752032679,-2.340430561696188,-0.8223813215838831,1.5707865953445435,-0.6517594496356409,0
166,1788172082.1236234,-0.07757133231310225,-0.38090582449923016,0.01848355041520472,1.1294403709616851,-2.931449906262455,0.0003669111300021807,-1.487068001423971,-1.5503571669207972,-2.341017786656515,-0.8207643667804163,1.5707746744155884,-0.6517837683307093,0
167,1788172082.1658783,-0.07758928040636745,-0.3808105418390406,0.017200011699467943,1.1293524205804466,-2.9315362024656824,-3.044776726557874e-05,-1.487079922352926,-1.553091828023092,-2.3427563349353235,-0.8165476957904261,1.5707507133483887,-0.6517236868487757,0
168,1788172082.206975,-0.07769551171119478,-0.3807534944939456,0.014689468142529583,-1.1290892989283332,2.93158861014148,0.000793177318420678,-1.4873436133014124,-1.5588496367083948,-2.3457778135882776,-0.8082707563983362,1.570738673210144,-0.6518190542804163,0
169,1788172082.2493443,-0.07790098292364478,-0.380904299942546,0.012481505533213755,-1.1286430082929095,2.9316864987654814,0.000894159811150649,-1.487955395375387,-1.5644028822528284,-2.3480919043170374,-0.8004844824420374,1.5707865953445435,-0.6521433035479944,0
170,1788172082.293082,-0.0780933837720399,-0.38128645552091994,0.011292024325748662,1.12851792686475,-2.93188696171451,-0.0001775112471261794,-1.4885314146624964,-1.5680010954486292,-2.34891921678652,-0.7955730597125452,1.5707507133483887,-0.6525991598712366,0
171,1788172082.3374994,-0.07832797323508775,-0.38180118349636405,0.010884841986726207,1.1282489095878259,-2.9319720594576433,0.0001818078317006498,-1.4892986456500452,-1.5702326933490198,-2.3482237497912806,-0.7938125769244593,1.570798635482788,-0.6531871000873011,0
172,1788172082.3775578,-0.07868519081136185,-0.3824738875746939,0.010939312975436433,1.1286431131945152,-2.931734756043394,0.0003400159127358022,-1.4903653303729456,-1.5718520323382776,-2.3464494387256067,-0.7938483397113245,1.5707507133483887,-0.6545422712909144,0
173,1788172082.4208202,-0.07911351676871757,-0.38349142878094167,0.010904747245315483,1.1288498991665084,-2.931694402828937,0.00027651792702839664,-1.4917328993426722,-1.5745986143695276,-2.343799654637472,-0.7938006559955042,1.5707746744155884,-0.6560419241534632,0
174,1788172082.4624784,-0.07975141196778048,-0.384368505395514,0.010944298767748745,1.128897366648886,-2.9316613511180516,0.00034698148257845653,-1.493603531514303,-1.5769017378436487,-2.341353718434469,-0.793896500264303,1.5707746744155884,-0.6579483191119593,0
175,1788172082.505276,-0.08012804685271496,-0.38476093915655624,0.010928192808571324,1.1290580780443074,-2.9316055705884976,0.00024992249258425406,-1.4946711699115198,-1.5780776182757776,-2.340202871953146,-0.7939322630511683,1.5707626342773438,-0.6591241995440882,0
176,1788172082.5467312,-0.08011598760807667,-0.38516644232547287,0.010927196595592603,1.1288751216223316,-2.9317057021687436,0.0003016873886304928,-1.4947426954852503,-1.5790370146380823,-2.33924371400942,-0.7939084211932581,1.570798635482788,-0.6590641180621546,0
177,1788172082.5908468,-0.08011765381323506,-0.3853840814675954,0.010855661974376069,1.1289029161304511,-2.931725763163858,-0.00017627108491708913,-1.4947546164142054,-1.5798047224627894,-2.3386202494250696,-0.7940638701068323,1.570738673210144,-0.6590879599200647,0
178,1788172082.6337945,-0.08011546658202146,-0.3854001289713704,0.010839554197438789,-1.1288864008371533,2.931734981089158,0.00030893464923661463,-1.4947665373431605,-1.5799124876605433,-2.338536326085226,-0.7941353956805628,1.5707626342773438,-0.6590879599200647,0
179,1788172082.6757667,-0.08011565186996332,-0.38543352694715927,0.010865245730305284,1.1288933032228887,-2.9317529075211772,-0.00022500117613100175,-1.4947665373431605,-1.5799124876605433,-2.3384645620929163,-0.7941477934466761,1.5707507133483887,-0.6590879599200647,0
180,1788172082.7185345,-0.08009175686753227,-0.3854503853815316,0.010874260578988049,1.1289781873554265,-2.9317128030965027,-0.00018877102270543311,-1.494706932698385,-1.5799124876605433,-2.338440481816427,-0.7941477934466761,1.5707507133483887,-0.6590879599200647,0
181,1788172082.761938,-0.08009549986060881,-0.385424799228002,0.010854018403873539,-1.128975679970889,2.9317042053672835,0.0002913591214478065,-1.4947188536273401,-1.5799244085894983,-2.3384764830218714,-0.7941716353045862,1.5707626342773438,-0.659100357686178,0
182,1788172082.8036728,-0.0800925196688107,-0.38541507808691783,0.010850634971783235,-1.128977060994949,2.931655700716085,0.0003289057237540373,-1.4947307745562952,-1.5799244085894983,-2.3384764830218714,-0.7942073980914515,1.570798635482788,-0.6591241995440882,0
183,1788172082.8419487,-0.08011422081383822,-0.385333621244729,0.01087634634351417,1.1289282271721774,-2.9317393843494663,-0.00022464235114129244,-1.4947426954852503,-1.579648796712057,-2.3386922518359583,-0.7941835562335413,1.5707507133483887,-0.6590879599200647,0
184,1788172082.8832705,-0.08012938416143564,-0.38513462876608845,0.010861344878232898,-1.1289279671597012,2.9317387058199715,0.0002777306879604832,-1.4947426954852503,-1.57922870317568,-2.3391595522509974,-0.7941716353045862,1.5707507133483887,-0.6590879599200647,0
185,1788172082.924845,-0.08013318679132271,-0.38449278284966965,0.010884735439552345,-1.1290865948598965,2.931681669787685,0.0002580023774066029,-1.4946234861956995,-1.5776451269732874,-2.340682331715719,-0.7942193190204065,1.5707507133483887,-0.6590760389911097,0
186,1788172082.9673946,-0.08016168346781141,-0.3831113248798938,0.01090273474024167,1.1290809404730306,-2.9316649115499356,-0.00014822915947206554,-1.4944193998919886,-1.5742986837970179,-2.344015423451559,-0.7941597143756312,1.5707507133483887,-0.6588724295245569,0
187,1788172083.0106761,-0.08017178684812121,-0.38213208802734805,0.010864771530439993,-1.129171600152202,2.931639781916354,0.0003689030873199325,-1.494239632283346,-1.5720918814288538,-2.3463175932513636,-0.7942073980914515,1.570738673210144,-0.6587522665606897,0
188,1788172083.0482244,-0.08017378040437621,-0.38205705400704415,0.010890776583390271,-1.1291872614677918,2.931626284147179,0.0002084544086831808,-1.494251553212301,-1.5718281904803675,-2.3465212027179163,-0.7941716353045862,1.5707746744155884,-0.6587765852557581,0
189,1788172083.0870845,-0.08017680241121904,-0.38206670170579565,0.010891934628837724,1.1291714655158542,-2.9316394414773144,-0.0002602017420745192,-1.494239632283346,-1.5718520323382776,-2.346485201512472,-0.7942073980914515,1.570738673210144,-0.6587522665606897,0
190,1788172083.1287646,-0.08017654404404824,-0.3820569652946873,0.010900791776059321,-1.1292263552337463,2.9316235833286974,0.0002138833060294193,-1.494251553212301,-1.5718043486224573,-2.3465092817889612,-0.7942073980914515,1.5707626342773438,-0.6588004271136683,0
191,1788172083.1707675,-0.08016754896493412,-0.3820573922075014,0.010894116745258642,-1.1292088828175977,2.9316303178335796,0.0002138836432442322,-1.494227711354391,-1.5718162695514124,-2.3465212027179163,-0.7941835562335413,1.5707626342773438,-0.658764664326803,0
192,1788172083.2132945,-0.08017995711544346,-0.3820349429631221,0.010873910489812899,-1.1291623816315006,2.9316137832828812,0.00031643494046248413,-1.4942634741412562,-1.5718401114093226,-2.3465452829944056,-0.7942073980914515,1.5707746744155884,-0.6587765852557581,0
193,1788172083.2548723,-0.08015960469535374,-0.3820534953974023,0.010890781728113114,-1.1291964838820092,2.931598138337304,0.00019765124179862284,-1.494227711354391,-1.5718162695514124,-2.3465331236468714,-0.7941716353045862,1.570798635482788,-0.658764664326803,0
194,1788172083.2965784,-0.08016954205326109,-0.3820538884437666,0.010895249779190375,-1.1290997255560258,2.9316636724979204,0.00019051815020495672,-1.494239632283346,-1.5718043486224573,-2.3465331236468714,-0.7941716353045862,1.5707746744155884,-0.6587041060077112,0
195,1788172083.3386905,-0.08016923628971202,-0.3820461668095279,0.010882895253207292,1.1289424160699697,-2.9317241184954317,-0.0002429792953824712,-1.4942153135882776,-1.5718162695514124,-2.3465572039233606,-0.7941597143756312,1.570738673210144,-0.6585724989520472,0
196,1788172083.3792977,-0.08016838170432726,-0.38204653774221997,0.010879555035562177,-1.1288903021403167,2.931749285436029,0.00023218118305450073,-1.494227711354391,-1.5718281904803675,-2.3465572039233606,-0.7941477934466761,1.5707626342773438,-0.6585481802569788,0
197,1788172083.4191408,-0.08015729833992641,-0.3820587453703529,0.010898773511495874,-1.1288889956958217,2.93174381697278,0.00013025742920814838,-1.4942153135882776,-1.571791950856344,-2.3465452829944056,-0.7941353956805628,1.5707865953445435,-0.6585362593280237,0
198,1788172083.460181,-0.07989404055318554,-0.3820717055549362,0.010901256279586602,1.1289203158885968,-2.9317188470876787,-0.00010980349705518467,-1.4934957663165491,-1.5716717878924769,-2.3466649691211146,-0.7941115538226526,1.5707507133483887,-0.6578410307513636,0
199,1788172083.50131,-0.07915592474092756,-0.3820944329861173,0.010892509227216102,1.1287242111492042,-2.9317890200906986,-0.00015064017120368034,-1.4915292898761194,-1.5713837782489222,-2.3469765822040003,-0.7941115538226526,1.570738673210144,-0.6557419935809534,0
200,1788172083.543288,-0.0786385153790209,-0.38209130422686655,0.010868799526890377,-1.1290475297099531,2.9316844502317276,0.00018988630387019455,-1.490173641835348,-1.5711920897113245,-2.347240749989645,-0.7940757910357874,1.5707746744155884,-0.654602352772848,0
201,1788172083.583426,-0.07866326190685198,-0.3821415609663383,0.010902583642705105,1.1291796390262325,-2.9316085866937933,0.00013975263900135488,-1.4902575651751917,-1.5711801687823694,-2.3472047487842005,-0.7939084211932581,1.5707865953445435,-0.6547821203814905,0
202,1788172083.6219466,-0.07867815772646151,-0.38213822798862185,0.01089365323750921,1.1291738050436406,-2.9315934435823614,9.31743060638443e-05,-1.49028188387026,-1.5712040106402796,-2.3472047487842005,-0.7939084211932581,1.5707626342773438,-0.6548064390765589,0
203,1788172083.661948,-0.07867842136314618,-0.3821349606647994,0.010890318583001907,1.1291381589565093,-2.9316071740528433,9.317531427248528e-05,-1.49028188387026,-1.5712040106402796,-2.3472166697131556,-0.793896500264303,1.5707626342773438,-0.6547821203814905,0
204,1788172083.7032695,-0.07867323715416934,-0.3821414698462203,0.010892620813618331,1.1292244478493747,-2.9315665541349745,0.00012980854037334533,-1.4902694861041468,-1.5712040106402796,-2.3472166697131556,-0.7938721815692347,1.5707626342773438,-0.654830280934469,0
205,1788172083.7431219,-0.07865594283345453,-0.3821550603260499,0.010909304331772646,1.1292424802090442,-2.931561273417069,0.0001883242478690287,-1.4902337233172815,-1.5711801687823694,-2.3471928278552454,-0.793884579335348,1.5707746744155884,-0.6548064390765589,0
206,1788172083.7852726,-0.07868088339081424,-0.3821485608719173,0.010911611160931006,1.1291710572424702,-2.93153214920291,0.00020363573643637672,-1.4902694861041468,-1.5711563269244593,-2.3472166697131556,-0.7938602606402796,1.570726752281189,-0.6548064390765589,1
207,1788172083.823895,-0.0786669027136277,-0.38215195721103645,0.010909402749293529,1.1292254250223799,-2.9315690874533353,0.0002482181826149416,-1.4902694861041468,-1.5711682478534144,-2.3472166697131556,-0.7938364187823694,1.5707865953445435,-0.654830280934469,1
208,1788172083.8648942,-0.07867229715915641,-0.382142844198622,0.010906016578797834,1.1291759478563272,-2.9315990043295757,0.00019434431081360708,-1.49028188387026,-1.5711682478534144,-2.3472166697131556,-0.7938721815692347,1.5707865953445435,-0.6548064390765589,1
209,1788172083.9071472,-0.07867498726516324,-0.38215361691664057,0.010913769930818606,1.1291631093623418,-2.9315636003238397,0.00019562086835164244,-1.4902694861041468,-1.5711682478534144,-2.3471928278552454,-0.793884579335348,1.5707507133483887,-0.6547945181476038,1
210,1788172083.947922,-0.07868584004690811,-0.38214487281230325,0.010910482437432395,1.1291715723163083,-2.9315355683796023,0.00018567581993244047,-1.49028188387026,-1.5711563269244593,-2.3472166697131556,-0.7938721815692347,1.570726752281189,-0.654818360005514,1
211,1788172083.9885666,-0.07868632254874587,-0.38213889303088616,0.01090601897464158,1.129119668426519,-2.9315591814388275,0.00016772094513619188,-1.49028188387026,-1.5711563269244593,-2.3472285906421106,-0.7938721815692347,1.570726752281189,-0.6547821203814905,1
212,1788172084.0288503,-0.07867255314800864,-0.3821499456168803,0.010932889221592967,1.1291822160160587,-2.9315611080647246,0.00023755824569439622,-1.4902694861041468,-1.5711081663714808,-2.3471928278552454,-0.7939203421222132,1.5707626342773438,-0.6548064390765589,1
213,1788172084.0688462,-0.07867938359041839,-0.3821230355107771,0.010905836561484472,1.129188874667323,-2.931580473605922,0.00012873102397999308,-1.49028188387026,-1.5711324850665491,-2.347240749989645,-0.7939203421222132,1.5707626342773438,-0.654818360005514,1
214,1788172084.107755,-0.07867902613108489,-0.38212746560520044,0.010926171082373648,1.1290970934777895,-2.9316047539956447,0.00018368608319158493,-1.49028188387026,-1.5710843245135706,-2.3472285906421106,-0.7939441839801233,1.5707626342773438,-0.6547582785235804,1
215,1788172084.1485775,-0.07867684331342797,-0.3821431120682364,0.010917110476870606,1.1291366757228385,-2.931549158981841,0.00018496361537905686,-1.4902575651751917,-1.5711324850665491,-2.3472166697131556,-0.793896500264303,1.570726752281189,-0.6547701994525355,1
216,1788172084.1900387,-0.07867770991399414,-0.38213237529995503,0.010925041357422643,1.1291565290112524,-2.9315486040016863,0.0001497649038296841,-1.4902575651751917,-1.5710962454425257,-2.3472166697131556,-0.7939561049090784,1.570726752281189,-0.6547821203814905,1
217,1788172084.230798,-0.0786796203333167,-0.3821087061143279,0.010907038364837585,1.1291337717457526,-2.9315936942954726,-3.0534664479422375e-05,-1.4902575651751917,-1.5711200873004358,-2.3472166697131556,-0.7940519491778772,1.570726752281189,-0.6547582785235804,1
218,1788172084.274377,-0.07868345168378114,-0.38207261848197194,0.010901256361035727,-1.1291203824337406,2.9316652023191097,0.00021283960105223957,-1.49028188387026,-1.5710962454425257,-2.3472166697131556,-0.7942073980914515,1.5707626342773438,-0.6547582785235804,1
219,1788172084.3162205,-0.0786822522911604,-0.38206359332181905,0.010901170128253368,1.1291205044540646,-2.9316634318122508,-0.00021850143763784593,-1.4902694861041468,-1.5710724035846155,-2.347240749989645,-0.7942073980914515,1.5707507133483887,-0.6547463575946253,1
220,1788172084.357783,-0.07868763686749022,-0.381996871067226,0.011085985810383836,-1.129138340562857,2.9316055219371657,0.0005406733864516376,-1.4902694861041468,-1.5705559889422815,-2.3470245043383997,-0.7951539198504847,1.5707507133483887,-0.6547701994525355,1
221,1788172084.3979344,-0.07867276554536863,-0.38205764375331064,0.01216491504987613,1.129127356133295,-2.9316291377259853,7.159578626579086e-05,-1.4902575651751917,-1.568085018788473,-2.3457778135882776,-0.7984722296344202,1.5707746744155884,-0.6547463575946253,1
222,1788172084.4403715,-0.07867267851542034,-0.3820928886398756,0.013986969983063119,1.129014866749336,-2.9315996618705706,0.0003661472066132107,-1.4902575651751917,-1.5639351050006312,-2.3435002009021204,-0.8047006765948694,1.5707626342773438,-0.6546862761126917,1
223,1788172084.480857,-0.07867356244817662,-0.382047770518265,0.01656813482590347,1.1289573036283884,-2.9317106900252408,-8.13879493551878e-06,-1.4902575651751917,-1.5580695311175745,-2.340106789265768,-0.814211670552389,1.5707746744155884,-0.6546266714679163,1
224,1788172084.5207782,-0.07868431771632112,-0.3821174014347916,0.019854983434186846,1.1287630890557325,-2.9316815715940594,0.00044086127675427625,-1.4902938047992151,-1.5508125464068812,-2.3358264605151575,-0.8254473845111292,1.5707626342773438,-0.6545541922198694,1
225,1788172084.563967,-0.07867145511925186,-0.3820863801234439,0.023019320446518693,1.1288115702559922,-2.9317011694296453,0.00018486465968943676,-1.4902456442462366,-1.5438435713397425,-2.3315826098071497,-0.8368266264544886,1.5707507133483887,-0.6545303503619593,1
226,1788172084.6046724,-0.07867933139853883,-0.38205566692609144,0.026880027559596398,1.1287667156508887,-2.9317430860230966,0.0002615205249126814,-1.49028188387026,-1.5354474226581019,-2.3264387289630335,-0.8503263632403772,1.5707865953445435,-0.6545303503619593,1
227,1788172084.6448598,-0.07869628389516795,-0.38201543930299103,0.030023035567593392,1.128810103571439,-2.9317515270676715,-0.00019539030025408802,-1.49028188387026,-1.528802220021383,-2.322014633809225,-0.8616812864886683,1.570726752281189,-0.6545541922198694,1
228,1788172084.686952,-0.07867820453403308,-0.38204574561286136,0.03323162222896567,-1.1288234336380347,2.931784076662708,0.00011661238508577219,-1.4902694861041468,-1.5221932570086878,-2.317482296620504,-0.872784439717428,1.5707746744155884,-0.6545422712909144,1
229,1788172084.7288365,-0.07867716445579237,-0.3821163610177518,0.03646630297402162,1.1288380594701817,-2.9317199305657002,0.00017396545967061447,-1.49028188387026,-1.5156920591937464,-2.312854830418722,-0.8837202231036585,1.5707746744155884,-0.6545780340777796,1
230,1788172084.7698116,-0.07868942074771416,-0.38218657079478047,0.039673651530530846,1.1287674978175866,-2.931797227171247,-7.494696911441432e-05,-1.4903295675860804,-1.5095027128802698,-2.307962719594137,-0.8949669043170374,1.5707746744155884,-0.6545661131488245,1
231,1788172084.8118114,-0.0786805502863347,-0.3826201108633662,0.042859693649524466,1.1286810300675665,-2.9318332239334848,4.454105415214693e-05,-1.4904134909259241,-1.5042975584613245,-2.302363936101095,-0.9056986013995569,1.570798635482788,-0.6545904318438929,1
232,1788172084.8518922,-0.07870296116843965,-0.3837594631396287,0.046026171273470196,-1.1285032159470194,2.931844569660971,0.00043481402147872836,-1.4907015005694788,-1.5012028853045862,-2.2948582808123987,-0.916610066090719,1.5707746744155884,-0.6547701994525355,1
233,1788172084.893702,-0.07869340790625264,-0.3854642436512816,0.04924747743711763,-1.1285920615867737,2.9318648031676373,0.00016473403448898582,-1.4910371939288538,-1.4993675390826624,-2.286261860524313,-0.9268625418292444,1.5707746744155884,-0.655154053364889,1
234,1788172084.937904,-0.07867994032930557,-0.38737197327586587,0.053042580466069134,-1.1285166581300876,2.9318273732045026,0.00042727209808540197,-1.4914091269122522,-1.4972689787494105,-2.2760584990130823,-0.9393423239337366,1.5707865953445435,-0.655489746724264,1
235,1788172084.9808824,-0.07867771456768721,-0.3889460904789075,0.05622277561258185,-1.1283897135092555,2.931916652995963,0.00042532237941834896,-1.491709057484762,-1.4955175558673304,-2.267629925404684,-0.9495103994952601,1.5707507133483887,-0.6556938330279749,1
236,1788172085.0234587,-0.07868610433182084,-0.39090044351724595,0.060104432368966204,-1.128310578323155,2.931971716721649,0.00023759829916856126,-1.4921405951129358,-1.493598763142721,-2.257271114979879,-0.9616668860064905,1.5707626342773438,-0.6560657660113733,1
237,1788172085.0679705,-0.07867245483791756,-0.39252883999761473,0.06328647257546655,1.1284079091362906,-2.931907637266764,-0.00020052795530508998,-1.4924162069903772,-1.4922311941729944,-2.248650852833883,-0.9716194311725062,1.570726752281189,-0.6564138571368616,1
238,1788172085.1086848,-0.07865910795368433,-0.3943865810069001,0.06711579988512403,-1.1284041034371781,2.931847721953032,0.00047197074182446714,-1.4928000609027308,-1.4905999342547815,-2.238279644642965,-0.9838236013995569,1.570798635482788,-0.656809155141012,1
239,1788172085.1489854,-0.07881424391579957,-0.3959774365717808,0.07038710628767109,1.1287700566804202,-2.9317496803752183,8.825458756267471e-05,-1.4934957663165491,-1.4891846815692347,-2.2296717802630823,-0.9934638182269495,1.5707626342773438,-0.6577447096454065,1
240,1788172085.1898375,-0.0790271898410076,-0.3972970481764179,0.07360842700919876,1.129091720671908,-2.931586640957721,0.0001484067152359885,-1.4942873159991663,-1.4874456564532679,-2.221470657979147,-1.0033567587481897,1.570738673210144,-0.658764664326803,1
241,1788172085.2336326,-0.0790914157957409,-0.3977624728316129,0.07683085831247863,1.1289409059518167,-2.9316701994799765,0.00022058037993929469,-1.494563404713766,-1.4835832754718226,-2.2152121702777308,-1.0134404341327112,1.5707746744155884,-0.6589320341693323,1
242,1788172085.2763262,-0.07908061645568012,-0.39774585752289077,0.08004254644654077,1.1289024809126422,-2.9316746260805853,0.00033644695719851756,-1.4945395628558558,-1.4785578886615198,-2.2100685278521937,-1.0235360304461878,1.5707865953445435,-0.658884350453512,1
243,1788172085.3181117,-0.07908464673327784,-0.39772883248769775,0.08385620262279408,1.128929136381775,-2.931639641275947,0.000392046585040057,-1.4945395628558558,-1.4727519194232386,-2.203846279774801,-1.0355237166034144,1.5707746744155884,-0.6589081923114222,1
244,1788172085.3608432,-0.07908220068904259,-0.39772512283882155,0.08706107227106061,1.1288424716924825,-2.9317293020107895,0.00018220095084078652,-1.4945395628558558,-1.4680865446673792,-2.1984151045428675,-1.0457633177386683,1.5707865953445435,-0.6588361899005335,1
245,1788172085.4036624,-0.07908296009523398,-0.3978227124976248,0.09034688696252377,1.1288271925492754,-2.931583364538227,0.0007277421224600251,-1.4945395628558558,-1.4634326140033167,-2.192911926900045,-1.05554706255068,1.5707507133483887,-0.6588605085956019,1
246,1788172085.4459372,-0.07906777352925756,-0.3977999386732221,0.09414647893496128,1.1288632635773936,-2.931624909904768,0.0005222143939315801,-1.4945033232318323,-1.458083454762594,-2.186401669179098,-1.0675466696368616,1.5707626342773438,-0.6588361899005335,1
247,1788172085.4886882,-0.07909070682051055,-0.39774671316225785,0.09732396077998637,1.1288929482107588,-2.931649883139556,0.0003442858069122811,-1.4945514837848108,-1.4536455313311976,-2.1809590498553675,-1.077545468007223,1.5707626342773438,-0.6588962713824671,1
248,1788172085.5282385,-0.07908147270205047,-0.3977346508868146,0.10053448061384768,1.1288380340606436,-2.9316656709518707,0.0005014559454129451,-1.4945395628558558,-1.4492557684527796,-2.175467316304342,-1.0873296896563929,1.5707865953445435,-0.6588481108294886,1
249,1788172085.5702426,-0.0790796894143153,-0.39769688377851736,0.10366586904605102,1.128875205283141,-2.931710092330746,0.00021448582945328342,-1.4945276419269007,-1.445129696522848,-2.1699283758746546,-1.0971854368792933,1.5707865953445435,-0.6588481108294886,1
250,1788172085.6119957,-0.07908124250471,-0.39767655987799494,0.10690574404344824,-1.1288897392593933,2.9317478327205113,0.00010908535620159413,-1.4945276419269007,-1.4410164991961878,-2.1640899817096155,-1.107352081929342,1.5707865953445435,-0.6588481108294886,1
251,1788172085.6503668,-0.07908478020863635,-0.39773777721661435,0.11016012797749547,1.1288388772781826,-2.9316678744741247,0.00029299866709323177,-1.4945276419269007,-1.4369619528399866,-2.1583226362811487,-1.1168959776507776,1.5707507133483887,-0.6588361899005335,1
252,1788172085.6910577,-0.07909076221265687,-0.3976848733014572,0.11328552503229741,1.1288908389920185,-2.9317485999851414,-0.000134243876562735,-1.4945395628558558,-1.433136288319723,-2.152604405079977,-1.1267274061786097,1.5707626342773438,-0.6588605085956019,1
253,1788172085.7344756,-0.07909435293912905,-0.3976989847340451,0.11712190433328812,1.128855928867877,-2.9317642428214263,-0.00014500585153073733,-1.4945514837848108,-1.4286025206195276,-2.1455777327166956,-1.1382949987994593,1.5707626342773438,-0.6588481108294886,1
254,1788172085.7761233,-0.07908625852333181,-0.3976655974163117,0.12030102343587493,1.1289040345482533,-2.931730740703753,-0.0002680921788175746,-1.4945033232318323,-1.4248488585101526,-2.1397631804095667,-1.1479342619525355,1.570726752281189,-0.6588361899005335,1
255,1788172085.8178394,-0.07908162331647137,-0.39771554445341606,0.12352615109271636,1.12892312164672,-2.931674039715459,0.00010431215361474495,-1.4945152441607874,-1.4212144056903284,-2.133828941975729,-1.1572626272784632,1.5707507133483887,-0.6588724295245569,1
256,1788172085.8592038,-0.0790756699540612,-0.39768594342957664,0.12674309311143056,-1.1289103243771352,2.931747098051579,7.393006701491875e-05,-1.4945152441607874,-1.4176519552813929,-2.1277859846698206,-1.16699725786318,1.5707865953445435,-0.6588481108294886,1
257,1788172085.9007764,-0.0790791876142086,-0.3977117006202089,0.13002149515217076,1.1289308133217897,-2.931641915146181,0.0003120056312572713,-1.4945152441607874,-1.4140661398517054,-2.1217196623431605,-1.1763857046710413,1.5707626342773438,-0.658884350453512,1
258,1788172085.943153,-0.07909461904421049,-0.39769550140587945,0.13380415884190497,1.128807789924783,-2.931743453187932,4.7272923449850236e-05,-1.4945514837848108,-1.4101679960833948,-2.1144302527057093,-1.18774921098818,1.5707626342773438,-0.6588242689715784,1
259,1788172085.984735,-0.07908896720479922,-0.3978306229924492,0.13693146961886105,1.128798878892838,-2.9317724168905874,-7.756435354059321e-05,-1.494563404713766,-1.4073856512652796,-2.1080878416644495,-1.1969569365130823,1.5707626342773438,-0.6588242689715784,1
260,1788172086.025833,-0.07904244684770126,-0.398403587754123,0.14015323557891113,-1.128827046315945,2.9317413397315386,0.00032395696721395777,-1.494563404713766,-1.4057543913470667,-2.100558582936422,-1.2062848250018519,1.5707746744155884,-0.6588481108294886,1
261,1788172086.0676494,-0.07891679555956843,-0.3998364339577456,0.14332613840849692,1.128815870905045,-2.931762351322737,-6.03438158267433e-05,-1.4945152441607874,-1.4062698523150843,-2.0915425459491175,-1.2146065870868128,1.5707626342773438,-0.6587885061847132,1
262,1788172086.1098664,-0.07869477939185673,-0.40170485919330046,0.1471242030620099,1.1285873562356108,-2.931852549200818,-0.00033377898864551345,-1.4942873159991663,-1.4075291792498987,-2.080165211354391,-1.2248919645892542,1.5707147121429443,-0.6584041754352015,1
263,1788172086.148685,-0.07847096773361928,-0.4032544795864744,0.1503430546880219,-1.1285066124429417,2.931799197714158,0.0005141165733654184,-1.4940713087665003,-1.4085968176471155,-2.0705493132220667,-1.2335851828204554,1.570798635482788,-0.6581524054156702,1
264,1788172086.187978,-0.07835077151749205,-0.4046137066213622,0.1529671680561516,1.1286921531739558,-2.9318079106927444,-5.027735630045177e-05,-1.4940112272845667,-1.4095686117755335,-2.0627568403827112,-1.240086857472555,1.5707626342773438,-0.6582005659686487,1
265,1788172086.2280781,-0.07821646842114513,-0.4062088016217813,0.1561873768945817,1.128568106383335,-2.9318546950165914,-0.00011089499128152866,-1.4939754644977015,-1.4108637014972132,-2.0530217329608362,-1.248563591633932,1.5707507133483887,-0.6580804030047815,1
266,1788172086.2696266,-0.0780671689696721,-0.4081394528100998,0.15997488783570332,1.1286956961958465,-2.931819199146774,-4.6291281601313795e-05,-1.4939873854266565,-1.412590805684225,-2.041452232991354,-1.2583702246295374,1.5707746744155884,-0.6581762472735804,1
267,1788172086.3091962,-0.0780097637069366,-0.4097058005252686,0.16317583071471894,-1.128790545359557,2.931752849934288,0.000336899047889738,-1.4941437880145472,-1.4141019026385706,-2.03159743944277,-1.266907040272848,1.5707746744155884,-0.6584041754352015,1
268,1788172086.3489764,-0.07797858135311932,-0.4113207452899768,0.16638353034001632,1.1290064653917817,-2.9316799457985723,-8.150026983181092e-05,-1.494359318410055,-1.4156258741961878,-2.0218265692340296,-1.2749770323382776,1.5707507133483887,-0.658764664326803,1
269,1788172086.3904572,-0.07796476739611312,-0.4129409182999625,0.16956959962201093,1.1288319789088201,-2.9317020567441197,7.304345688663916e-05,-1.4946234861956995,-1.4172924200641077,-2.0119956175433558,-1.2830351034747522,1.570738673210144,-0.6589201132403772,1
270,1788172086.4319477,-0.07796435575970227,-0.41454147989214996,0.17275265695945902,-1.1287148055192897,2.931814621980095,0.00024257380786187516,-1.4949348608600062,-1.4191511313067835,-2.001948658620016,-1.2914403120623987,1.5707626342773438,-0.6591361204730433,1
271,1788172086.473061,-0.07797284549137476,-0.4161774267334568,0.17597820562351468,1.128722785467121,-2.9317811598938457,2.2837534694539806e-05,-1.495258633290426,-1.420938793812887,-1.9919622580157679,-1.299462620412008,1.5707626342773438,-0.6594722906695765,1
272,1788172086.515007,-0.07799263461215582,-0.41774278631395023,0.17913370581215216,1.1286378623648579,-2.931825331760934,-3.312631369456853e-05,-1.495594326649801,-1.4227736631976526,-1.9820831457721155,-1.3075440565692347,1.5707626342773438,-0.6597474257098597,1
273,1788172086.5545387,-0.07797955938931446,-0.4193661387482217,0.18237459389185076,1.1285932290415919,-2.93181363831609,0.00010743027194109018,-1.4958584944354456,-1.4246810118304651,-1.9719646612750452,-1.3156617323504847,1.5707626342773438,-0.659987751637594,1
274,1788172086.5943685,-0.07798187382346287,-0.42098664009911135,0.1856115886828021,1.128679790279401,-2.931775803208092,0.00025953613928842925,-1.4961703459369105,-1.42665940919985,-1.9618104139911097,-1.3237436453448694,1.5707865953445435,-0.6603596846209925,1
275,1788172086.636905,-0.07799911750619636,-0.4224682496950043,0.18876510980920963,-1.128963232917528,2.9317239857639517,0.0002816591204599706,-1.496457878743307,-1.4286263624774378,-1.95178729692568,-1.332148853932516,1.5707507133483887,-0.6608274618731897,1
276,1788172086.677508,-0.07810661551885476,-0.424525021360709,0.19266275771486294,1.1291586053686578,-2.931549821591378,0.00039522645086150654,-1.4970935026751917,-1.4313133398639124,-1.9394152800189417,-1.3413909117328089,1.5707746744155884,-0.6616190115558069,1
277,1788172086.7186797,-0.07824024601276412,-0.42609696959011656,0.1958227570683797,1.1289111672368546,-2.931693015878035,9.794302274818027e-05,-1.497680966054098,-1.4336159865008753,-1.929152790700094,-1.3495448271380823,1.5707626342773438,-0.6620267073260706,1
278,1788172086.7612822,-0.07833184464038698,-0.4276434958439347,0.1990116053966876,1.1288224529031068,-2.931777361591426,-7.934959095118432e-05,-1.4981730620013636,-1.4358471075641077,-1.9189022223102015,-1.3576858679400843,1.5707746744155884,-0.6624468008624476,1
279,1788172086.8034496,-0.07841186851818108,-0.4293052539038082,0.20222378847079642,1.1287280195597216,-2.931742647006596,0.00019818484089294795,-1.4986408392535608,-1.4382460753070276,-1.908532444630758,-1.3654683271991175,1.5707626342773438,-0.6628664175616663,1
280,1788172086.8439612,-0.07856232169402189,-0.43089033518986725,0.20547185321791653,1.1285264254334177,-2.9317943903165844,0.0003220624230515417,-1.4992640654193323,-1.4405844847308558,-1.898102108632223,-1.3734777609454554,1.5707626342773438,-0.6633580366717737,1
281,1788172086.8841107,-0.07869918046097653,-0.43248296076241177,0.20859805678497298,1.128412423703465,-2.931865178036577,0.00019232662522284042,-1.4998520056353968,-1.443139378224508,-1.8877676169024866,-1.3813436667071741,1.5707626342773438,-0.6638620535479944,1
282,1788172086.9246926,-0.07894691092742577,-0.43430917588241574,0.21238043161153228,-1.1287435656577638,2.931726714040421,0.0005405459438330657,-1.5007389227496546,-1.4462936560260218,-1.8751204649554651,-1.3913281599627894,1.5707746744155884,-0.6649773756610315,1
283,1788172086.966718,-0.07916086276660873,-0.4359695642934928,0.21564113954472094,-1.1286310799052544,2.931855662495621,0.00013093596824078146,-1.5015066305743616,-1.4489319960223597,-1.864462677632467,-1.3990748564349573,1.5707746744155884,-0.6656487623797815,1
284,1788172087.007986,-0.07937555997450786,-0.437583613906997,0.21879455846904391,1.1282050048952745,-2.932006032494263,-0.00016348618875565104,-1.5022500197040003,-1.451702896748678,-1.8539002577411097,-1.4068806807147425,1.5707507133483887,-0.6661046187030237,1
285,1788172087.05114,-0.07966337818575679,-0.439155804965441,0.2221103484656061,1.1276590160843858,-2.932161775464386,-3.290581037052533e-05,-1.5031498114215296,-1.454341236745016,-1.843062702809469,-1.414985481892721,1.570726752281189,-0.6666443983661097,1
286,1788172087.093327,-0.07993399287242942,-0.4407805798606533,0.2252594267752633,1.1274648608022317,-2.932285003598144,-0.0001356195248637344,-1.5040367285357874,-1.4573162237750452,-1.8323214689837855,-1.4228275457965296,1.5707507133483887,-0.6673877874957483,1
287,1788172087.1357903,-0.08024413759054869,-0.4427377779466851,0.22912343251645512,1.1275139655798625,-2.9321998562223217,5.0586915369097334e-05,-1.5050323645221155,-1.4608185927020472,-1.8193257490741175,-1.4321892897235315,1.570726752281189,-0.6684320608722132,1
288,1788172087.174584,-0.08051954067297823,-0.44438923502611466,0.23237258572369296,1.1269361839843257,-2.932433564026094,0.0002487997911866795,-1.5059321562396448,-1.4638527075396937,-1.8083203474627894,-1.4400432745562952,1.5707746744155884,-0.6689351240741175,1
289,1788172087.212161,-0.0808591602139851,-0.44599494382997684,0.235626311229334,1.1262463187362368,-2.932630321811159,0.0005682683791251525,-1.5069392363177698,-1.4668033758746546,-1.797398869191305,-1.4478009382831019,1.5707746744155884,-0.6694873015033167,1
290,1788172087.2521887,-0.08118937779391452,-0.4471730311539004,0.23806708692736034,-1.1255149162110494,2.933036475733966,0.00027094002943671164,-1.507850472127096,-1.4693940321551722,-1.7886956373797815,-1.4544695059405726,1.5707626342773438,-0.6698711554156702,1
291,1788172087.294036,-0.08162966782359726,-0.44919121604015866,0.24201488643664548,1.1244249834067452,-2.933300714001141,0.00044676570154418354,-1.5091097990619105,-1.4731600920306605,-1.7753289381610315,-1.4635799566852015,1.570726752281189,-0.670422379170553,1
292,1788172087.3344572,-0.08196467175136704,-0.45077479645247004,0.24518537627091705,1.1239895249752447,-2.9335311246012727,0.00027499150692965736,-1.5100930372821253,-1.4764226118670862,-1.7642515341388147,-1.4715169111834925,1.5707507133483887,-0.6710942427264612,1
293,1788172087.3747642,-0.08227567395323906,-0.45232271694074194,0.24839516613561052,1.1237389088308993,-2.933666234964925,2.9908260100540832e-05,-1.5109923521624964,-1.4796493689166468,-1.7530911604510706,-1.4796102682696741,1.570738673210144,-0.6718137899981897,1
294,1788172087.4154372,-0.08260068969019761,-0.4539560076629759,0.25153163187662164,-1.122862276779223,2.934064187919986,0.00015374164944941882,-1.5119522253619593,-1.4831517378436487,-1.7418697516070765,-1.4874632994281214,1.5707746744155884,-0.672161881123678,1
295,1788172087.457318,-0.08294230043868314,-0.45549463282989683,0.2546360394092545,-1.122041918940975,2.9343430544764577,0.00043925840173956825,-1.5128992239581507,-1.4865101019488733,-1.7308409849749964,-1.4953168074237269,1.5707507133483887,-0.6725576559649866,1
296,1788172087.5002503,-0.08332456944985614,-0.4571373515103495,0.2579105197180343,1.1208578117358652,-2.934834607017985,-9.019905005277037e-05,-1.5139668623553675,-1.4899523893939417,-1.7193921248065394,-1.5030978361712855,1.5707746744155884,-0.6728094259845179,1
297,1788172087.541061,-0.08376771704596757,-0.45906565055565945,0.2617783907167003,1.1197312003056987,-2.935210056624625,9.88522908391931e-05,-1.5151775519000452,-1.4941261450396937,-1.7057259718524378,-1.5124600569354456,1.5707626342773438,-0.6732648054706019,1
298,1788172087.5802906,-0.08408319961992793,-0.46061984912773507,0.2648801308470924,1.1188154031737223,-2.9356084886325906,-0.00043636470907496884,-1.516029183064596,-1.4977605978595179,-1.6943853537188929,-1.5205047766314905,1.5707027912139893,-0.6734812895404261,1
299,1788172087.6208467,-0.08439898266658068,-0.4623181040230693,0.2682017106261053,1.1179178553395566,-2.935844576725985,0.0003576734089162455,-1.5169523398028772,-1.5013349691974085,-1.6827333609210413,-1.5280707518206995,1.5707626342773438,-0.6738169828998011,1
300,1788172087.662783,-0.08471746804971578,-0.46387454844966514,0.27142963528089536,1.1172142631220616,-2.93616894310635,0.00022145118117199768,-1.5178402105914515,-1.5049575010882776,-1.671117130910055,-1.5361631552325647,1.5707865953445435,-0.6742127577411097,1
301,1788172087.7055879,-0.0851261014108353,-0.465446114187795,0.2745685810820755,-1.1162838874072822,2.936581884002636,0.0001715941424184416,-1.518895451222555,-1.5087955633746546,-1.6594770590411585,-1.544220272694723,1.5707626342773438,-0.6746209303485315,1
302,1788172087.7474024,-0.08566745891542432,-0.46704083258075796,0.2777597155081777,1.1154103409270526,-2.936882976036902,-9.181784118905003e-05,-1.5202387014972132,-1.5126336256610315,-1.6477649847613733,-1.5520370642291468,1.5707507133483887,-0.6753762404071253,1
303,1788172087.7863667,-0.08640921619736681,-0.46855919196600604,0.2808966407269595,-1.1143867844346755,2.9372637186708417,0.00016410827010240466,-1.5220254103290003,-1.5165074507342737,-1.63611346880068,-1.5598786512957972,1.570798635482788,-0.6764677206622522,1
304,1788172087.827597,-0.08750670980603807,-0.47005259922490206,0.2839227636490479,1.1135837778462232,-2.9375352865955313,0.00015232197811053993,-1.5245197455035608,-1.5203703085528772,-1.6248086134540003,-1.567097012196676,1.5707626342773438,-0.6784227530108851,1
305,1788172087.870063,-0.08886509144131906,-0.471794878679985,0.28632295528933766,1.1133425186785209,-2.937693357159161,-8.529254135458552e-05,-1.5276015440570276,-1.5252040068255823,-1.614067856465475,-1.5731671492206019,1.5707746744155884,-0.6813252607928675,1
306,1788172087.9135704,-0.09004236899011055,-0.4731438807533943,0.2874578698879303,-1.1133300337810628,2.937660399582403,0.00035633797831762437,-1.5302279631244105,-1.5290425459491175,-1.6074746290790003,-1.576099697743551,1.5707626342773438,-0.6839516798602503,1
307,1788172087.956468,-0.09127340273870477,-0.4745415458756258,0.2877708522749912,-1.113299317278541,2.937630064876453,0.0005364811830331214,-1.5329621473895472,-1.5329888502704065,-1.6028712431537073,-1.5768778959857386,1.5707626342773438,-0.6866744200335901,1
308,1788172087.9983878,-0.0928258030269953,-0.4762156484117913,0.2876827806674812,-1.1130719761499301,2.9377170185947485,0.0007609794588855532,-1.5363557974444788,-1.5377386252032679,-1.5984957853900355,-1.5766385237323206,1.5707147121429443,-0.6899130980121058,1
309,1788172088.0404627,-0.09405294635315688,-0.4776092568601819,0.28776404322602356,-1.112813217425421,2.937831108726068,0.0004542575310376474,-1.5390661398517054,-1.5415166060077112,-1.5946839491473597,-1.5764825979815882,1.5707626342773438,-0.6924436728106897,1
310,1788172088.0799668,-0.0953180892937359,-0.479024166627743,0.28772451192263426,-1.1126359694947126,2.9378917752345504,0.0005351396436568921,-1.541811768208639,-1.5454867521869105,-1.5909197966205042,-1.576327149068014,1.5707507133483887,-0.6950700918780726,1
311,1788172088.12073,-0.09650105354955871,-0.4804180933047821,0.2876680986111395,-1.1128221257770987,2.9377975020672613,0.0006881730970745416,-1.5443666617022913,-1.5493977705584925,-1.5872276465045374,-1.576207462941305,1.570738673210144,-0.6977570692645472,1
312,1788172088.1632383,-0.09779582056493713,-0.481788727850437,0.28770729210993606,-1.1126330070266057,2.9378818584699475,0.00045917096920244547,-1.5471604506122034,-1.553187672291891,-1.583452049885885,-1.5760515371905726,1.5707746744155884,-0.7004192511187952,1
313,1788172088.2007356,-0.09902857412679157,-0.48319760552522123,0.28772225200959656,-1.113054017110774,2.9377669344297446,0.00032751734233766856,-1.5497868696795862,-1.5570619742022913,-1.579627815877096,-1.5759084860431116,1.5707626342773438,-0.7033222357379358,1
314,1788172088.2403624,-0.10037800281655777,-0.4845339809382184,0.28766426435930526,-1.1128976205130237,2.93777907083729,0.0004063152398842656,-1.552652661000387,-1.5609124342547815,-1.5759595076190394,-1.5757883230792444,1.5707865953445435,-0.7060921827899378,1
315,1788172088.280357,-0.10169251313403292,-0.4858467559158184,0.28768855095394663,-1.1129688145281464,2.9377513566009665,0.0003502159853848762,-1.555422608052389,-1.5646427313434046,-1.5722077528582972,-1.5757764021502894,1.570798635482788,-0.7089107672320765,1
316,1788172088.3225417,-0.10309951260692746,-0.4871370039237847,0.28775824334593925,-1.1129980970751994,2.937828645607654,0.00010096767400577033,-1.5583489576922815,-1.5682891050921839,-1.5684436003314417,-1.575716797505514,1.5707746744155884,-0.711837116871969,1
317,1788172088.362808,-0.10460872832077873,-0.4883599194876138,0.28774279958317817,1.112976123480491,-2.9378192665163234,-0.00013505608991916068,-1.5614665190326136,-1.5719359556781214,-1.5648353735553187,-1.5756924788104456,1.5707507133483887,-0.7149437109576624,1
318,1788172088.4069576,-0.10613063508724059,-0.4895189938947881,0.28771987561488366,-1.1129807685573403,2.937827298376893,0.0001847789544408554,-1.564608399068014,-1.5754626433001917,-1.5613468329059046,-1.5756924788104456,1.5707626342773438,-0.7180865446673792,1
319,1788172088.4470341,-0.10798051622717285,-0.4909260500815469,0.28782081140086013,1.11277816515102,-2.9378231815391307,0.00019805440194415854,-1.5683978239642542,-1.5795891920672815,-1.556995693837301,-1.5756567160235804,1.5707626342773438,-0.7217562834369105,1
320,1788172088.4907932,-0.10947026611676793,-0.4921031767271592,0.28777104483250543,1.113055780577767,-2.93775469596451,5.409573969917296e-05,-1.5714314619647425,-1.5831874052630823,-1.5534594694720667,-1.5756924788104456,1.5707626342773438,-0.7249706427203577,1
321,1788172088.5342927,-0.11127727616131061,-0.49349835713016577,0.2877696872997935,1.1130355009636281,-2.9377540227661108,8.528065795619888e-05,-1.5750892798053187,-1.5874093214618128,-1.5491798559771937,-1.575728718434469,1.5707626342773438,-0.7286165396319788,1
322,1788172088.575916,-0.11281709450425927,-0.4946574556469386,0.2877417791352308,1.1128202178230109,-2.937820017482219,9.151819649897364e-05,-1.5781825224505823,-1.5909479300128382,-1.5456441084491175,-1.575716797505514,1.5707507133483887,-0.7315667311297815,1
323,1788172088.6144848,-0.11424183241688798,-0.4958511201536923,0.2877358919523735,1.112879270266051,-2.937815211037637,0.0001793741825217869,-1.5810487906085413,-1.5944984594928187,-1.5420354048358362,-1.575728718434469,1.5707865953445435,-0.734469238911764,1
324,1788172088.6552396,-0.11580422455511151,-0.4970126591815891,0.2877641750640424,1.112567850527078,-2.9378938235521757,0.00027328897434842947,-1.5841544310199183,-1.598037068043844,-1.5383437315570276,-1.5758126417743128,1.5707746744155884,-0.7373717466937464,1
325,1788172088.6984768,-0.11727239269650405,-0.4981536128629271,0.2877470152920727,1.112551959448292,-2.9379068497598726,9.189785571796765e-05,-1.5870445410357874,-1.6015756765948694,-1.5347111860858362,-1.5760162512408655,1.570738673210144,-0.7402494589435022,1
326,1788172088.7406366,-0.11879847991729797,-0.49933110466793956,0.2877855490841875,1.1127117486802864,-2.9378444828745627,0.00024948338584968743,-1.5900662581073206,-1.605138127003805,-1.530947510396139,-1.5761235396014612,1.5707746744155884,-0.743380371724264,1
327,1788172088.7819664,-0.12056650695142845,-0.5007408982415442,0.28771791366873634,1.1131661138820095,-2.9377140034644,4.543385766465511e-05,-1.5935199896441858,-1.609504524861471,-1.526548210774557,-1.5762913862811487,1.5707626342773438,-0.747134033833639,1
328,1788172088.8250072,-0.12215280872095594,-0.501857120983327,0.28769141363056344,1.1129929652349626,-2.9377855006928866,-7.580714929367879e-05,-1.5966013113604944,-1.6130550543414515,-1.5228918234454554,-1.576470677052633,1.570738673210144,-0.7500961462603968,1
329,1788172088.8685393,-0.12364965761604373,-0.5030030218206459,0.2878018522643414,1.1129591564528283,-2.937747012524081,0.0002557863610830695,-1.5995152632342737,-1.6164854208575647,-1.5190680662738245,-1.5766504446612757,1.5707746744155884,-0.7529986540423792,1
330,1788172088.910019,-0.1254738265781654,-0.5043737606283709,0.28769013508518837,1.1127416801277208,-2.937915033897623,-0.000147108687309451,-1.6030166784869593,-1.6208880583392542,-1.5146573225604456,-1.576926056538717,1.5707507133483887,-0.7563326994525355,1
331,1788172088.950623,-0.12694383969912185,-0.5055217698386204,0.2876825534596992,1.1128494062372156,-2.9378780204978843,-0.0002083459164653233,-1.6058223883258265,-1.6244505087481897,-1.5109050909625452,-1.5771530310260218,1.570738673210144,-0.7592108885394495,1
332,1788172088.9926748,-0.1285040839993782,-0.5066673986168807,0.2877469902749601,1.112665596772208,-2.9378706471427214,-3.607649318013663e-05,-1.6087845007525843,-1.62797719637026,-1.507033650075094,-1.5773685614215296,1.5707147121429443,-0.7620652357684534,1
333,1788172089.035292,-0.12997499312522331,-0.507861970641603,0.2877364067581575,-1.1130112534143655,2.9378232032366496,8.976719728577354e-05,-1.6115902105914515,-1.6316841284381312,-1.503101650868551,-1.577656094227926,1.5707746744155884,-0.7650874296771448,1
334,1788172089.0778697,-0.13182331054594573,-0.5092384508316017,0.28769284892847696,1.1129395306752352,-2.9378431794509856,-0.00020155709277196507,-1.6150553862201136,-1.6360381285296839,-1.4985464254962366,-1.5779193083392542,1.570738673210144,-0.7685053984271448,1
335,1788172089.1177216,-0.13328273832140075,-0.5104491565585696,0.287740564875547,1.113040305894956,-2.937734995515596,3.6864829377086626e-05,-1.617777172719137,-1.6396611372577112,-1.4945786635028284,-1.5780985991107386,1.570738673210144,-0.7713115851031702,1
336,1788172089.159704,-0.1348216622494509,-0.5115962377919129,0.287730872887095,1.1127867759316776,-2.937862816869405,-7.052424026108051e-05,-1.620643440877096,-1.6433194319354456,-1.4906471411334437,-1.5784462133990687,1.570738673210144,-0.7739980856524866,1
337,1788172089.2024493,-0.13629908454564058,-0.512720246489598,0.2877118339241113,1.1128905545275907,-2.9378682496161854,-0.00012615800355770455,-1.6233890692340296,-1.6468818823443812,-1.4868348280536097,-1.578745190297262,1.5707626342773438,-0.776804272328512,1
338,1788172089.240761,-0.1378478710458669,-0.5138314387015713,0.2876717943286511,-1.1128471112655407,2.9378042861049933,0.0004480072599757388,-1.6262429396258753,-1.650553051625387,-1.482903305684225,-1.5792244116412562,1.5707507133483887,-0.7796466986285608,1
339,1788172089.2795181,-0.139380058914229,-0.5149870171507299,0.287687671633395,-1.1126314213232036,2.9378713286859277,0.0004008610122110508,-1.6290610472308558,-1.6541994253741663,-1.4788997809039515,-1.579559628163473,1.5707746744155884,-0.7823212782489222,1
340,1788172089.3202271,-0.14086931311770576,-0.5161634752825571,0.2876773503591259,-1.1129348806389696,2.9377674619409655,0.00045347884389490995,-1.631758991871969,-1.6578944365130823,-1.4748838583575647,-1.5799067656146448,1.5707507133483887,-0.7852233091937464,1
341,1788172089.3629565,-0.14243480630488634,-0.517347137221555,0.28771645206712804,-1.1127582455047513,2.937882649148295,0.00015769038086568452,-1.6346123854266565,-1.6615522543536585,-1.4708202520953577,-1.5801222960101526,1.5707865953445435,-0.787945572529928,1
342,1788172089.401973,-0.14389712074110755,-0.5185630088253519,0.28777857970549203,1.1129319882417117,-2.9377556407326564,9.867097508974692e-05,-1.637214485798971,-1.665211025868551,-1.4666851202594202,-1.5803974310504358,1.570738673210144,-0.7906797567950647,1
343,1788172089.4439387,-0.14544079548840938,-0.5196945328672484,0.28777094648008,1.1127526211725047,-2.9378656898489353,0.00014335275122963356,-1.640008274708883,-1.6688459555255335,-1.4626935164081019,-1.5807445685016077,1.5707865953445435,-0.7933419386493128,1
344,1788172089.4851177,-0.14721087831813168,-0.5211164187750297,0.2877469144687154,1.1128267419272173,-2.9377928427626925,0.0001499396586143815,-1.6431377569781702,-1.6732962767230433,-1.4578269163714808,-1.5811393896686,1.5707507133483887,-0.7965319792376917,1
345,1788172089.5255225,-0.14876003017796152,-0.5222393754879575,0.28777662852732205,1.1126799472805842,-2.937828192421009,0.0002565317582390819,-1.645895783101217,-1.6768949667560022,-1.4537633101092737,-1.5815346876727503,1.5707626342773438,-0.799194637929098,1
346,1788172089.5658295,-0.15024856974483838,-0.5233933851731385,0.28777012611068986,1.1124742828836436,-2.937923794444087,0.00024379479931710155,-1.6485217253314417,-1.680577580128805,-1.4496639410602015,-1.581965748463766,1.5707746744155884,-0.8016765753375452,1
347,1788172089.606959,-0.15176463089910042,-0.5245663478907366,0.2877231132123412,1.11279408188745,-2.9378630792014824,1.0558100755453346e-05,-1.6511719862567347,-1.684404198323385,-1.4454568068133753,-1.5825045744525355,1.5707626342773438,-0.8045309225665491,1
348,1788172089.6481845,-0.1532709823491714,-0.5256584872790875,0.2877363252588727,-1.1128899235992784,2.9378475383841685,0.0002796073293955737,-1.653797451649801,-1.6880629698382776,-1.441261116658346,-1.5832346121417444,1.570738673210144,-0.8072169462787073,1
349,1788172089.687159,-0.15475518905827465,-0.5268343189312985,0.28776919096351244,-1.111399539356656,2.9384316274508837,0.00013021797841123898,-1.6563757101642054,-1.6917579809771937,-1.4370291868792933,-1.5836775938617151,1.5707626342773438,-0.8087762037860315,1
350,1788172089.7291477,-0.15632797260821413,-0.5279999035475383,0.2877505634197567,1.1087149096604134,-2.939423625328576,-0.00013372570601225664,-1.6590850988971155,-1.6955364386187952,-1.4327986876117151,-1.5841205755816858,1.570738673210144,-0.8096635977374476,1
351,1788172089.771552,-0.15781590203846502,-0.5292065182963859,0.28777772520283185,1.1046744753098734,-2.94087874389947,6.65254704636741e-05,-1.6616271177874964,-1.6992910544024866,-1.428495232258932,-1.5845277945147913,1.570738673210144,-0.8094719091998499,1
352,1788172089.8129869,-0.15965830382209456,-0.5305860122536845,0.2877855536631587,1.0979294057420248,-2.943382692290987,0.00017307158691457088,-1.6647804419146937,-1.7037418524371546,-1.4234126249896448,-1.5850899855243128,1.5707507133483887,-0.808044735585348,1
353,1788172089.854646,-0.1610847329091775,-0.5317714670442625,0.2876994726897091,1.0919362335498806,-2.9456953103349504,-0.00012572360543439096,-1.6671784559832972,-1.7076042334186,-1.4191573301898401,-1.5856884161578577,1.570738673210144,-0.8063533941852015,1
354,1788172089.8971152,-0.16264015102274948,-0.5329150062179916,0.28776510887854156,1.084324626205112,-2.9484627001494594,4.8322140400203497e-05,-1.6698163191424769,-1.7112987677203577,-1.4147704283343714,-1.5862634817706507,1.5707507133483887,-0.8038352171527308,1
355,1788172089.9404578,-0.16413522326451668,-0.5340382861129073,0.287772710792755,1.0756313954436787,-2.9516740926248124,3.273581382426461e-06,-1.6723344961749476,-1.7149937788592737,-1.4104788939105433,-1.5868976751910608,1.5707626342773438,-0.8004534880267542,1
356,1788172089.9790797,-0.16596705854713906,-0.535499920232912,0.28777293198729925,1.0637934479912008,-2.9558850923123416,0.00023600264817366242,-1.675380055104391,-1.719611946736471,-1.4051693121539515,-1.5874245802508753,1.5707626342773438,-0.7955001036273401,1
357,1788172090.0185697,-0.16717726057387475,-0.5364388240793502,0.2877680383835799,1.0549753448239858,-2.959079668032955,0.00029988785224173816,-1.677406136189596,-1.7226594130145472,-1.4016450087176722,-1.587879482899801,1.5708105564117432,-0.7915552298175257,1
358,1788172090.0602527,-0.16863802371193018,-0.5376193814619403,0.28777033480379777,1.0432523869862578,-2.9631611841929426,0.0003924931300544389,-1.6797922293292444,-1.7264135519610804,-1.3972819487201136,-1.5884059111224573,1.5707746744155884,-0.7860387007342737,1
359,1788172090.102973,-0.17047290266101137,-0.5389943596006985,0.28773484093195184,1.0287007759303275,-2.968283537137053,0.00018544046668337636,-1.6828020254718226,-1.7310202757464808,-1.3919480482684534,-1.5892680327044886,1.5707507133483887,-0.7792270819293421,1
360,1788172090.1460426,-0.17196634961418014,-0.5400703929138123,0.2876126308078931,-1.0169779834261126,2.972305260259465,0.0005231672175246694,-1.6852596441852015,-1.7348950544940394,-1.3875849882708948,-1.5902617613421839,1.5707626342773438,-0.7737944761859339,1
361,1788172090.1864686,-0.1734580695319711,-0.541221504047592,0.2876399742713537,-1.0053479492648763,2.9762531603966025,0.000543752848342263,-1.6876815001117151,-1.7386859099017542,-1.3830421606646937,-1.5910280386554163,1.5707626342773438,-0.7683971563922327,1
362,1788172090.2287147,-0.17506031567415933,-0.5423657057211377,0.2877965791100072,0.9930347540048808,-2.980473238310171,-2.7151980005673795e-05,-1.6902836004840296,-1.7423446814166468,-1.3784034887896937,-1.5916383902179163,1.5707507133483887,-0.7627127806292933,1
363,1788172090.2665095,-0.17653503370287033,-0.5435673311258017,0.2877742263439893,0.9810258125286099,-2.98441532398527,3.066414511264357e-05,-1.6926339308368128,-1.7462189833270472,-1.3738725821124476,-1.5922487417804163,1.570738673210144,-0.7570164839373987,1
364,1788172090.3044543,-0.17809954290912142,-0.544705517197306,0.2877389719687496,0.9689293330343343,-2.9883908208857597,-0.00014181317361616603,-1.695139233266012,-1.750106159840719,-1.369305435811178,-1.5930388609515589,1.5707147121429443,-0.7514155546771448,1
365,1788172090.3451512,-0.17955260480320287,-0.5458391351333352,0.2878002492222851,0.9574381008450107,-2.9921013156999723,6.872182217353455e-06,-1.697465721760885,-1.753812615071432,-1.3647387663470667,-1.5938170591937464,1.5707626342773438,-0.7460544745074671,1
366,1788172090.3875456,-0.1810449564241029,-0.5468864911992163,0.2876806868325886,-0.9453343611371303,2.995934921606552,0.0003879492832992724,-1.6998398939715784,-1.757531468068258,-1.3605197111712855,-1.5945833365069788,1.570738673210144,-0.7403457800494593,1
367,1788172090.4322007,-0.18284668615203784,-0.5480068990444529,0.28773205896285137,0.9308263352723313,-3.0004722282161045,9.440648852423708e-06,-1.7027409712420862,-1.7613824049579065,-1.3558209578143519,-1.5951579252826136,1.5707507133483887,-0.7335694471942347,1
368,1788172090.47511,-0.1840720407808508,-0.5487863365654557,0.28768930699243284,-0.9191039876945905,3.004138588890188,7.948771445638394e-05,-1.704707447682516,-1.7641895453082483,-1.3525245825396937,-1.5957205931292933,1.5707746744155884,-0.7277167479144495,1
369,1788172090.5197463,-0.18531668820587732,-0.5493556457363235,0.28773871830231323,-0.9044093269823558,3.008584515612706,7.375760187451319e-05,-1.706745449696676,-1.7664926687823694,-1.3496125380145472,-1.5963309446917933,1.5707865953445435,-0.7199810186969202,1
370,1788172090.5628517,-0.18617579346845373,-0.5497459650635654,0.2876928225465619,-0.8921288243509523,3.0122305046075173,0.00022647049218184245,-1.7081363836871546,-1.7681239287005823,-1.3477299849139612,-1.5966780821429651,1.5707626342773438,-0.7132166067706507,1
371,1788172090.605984,-0.18681843085611224,-0.5500877877306469,0.2876677791236265,-0.880378566084789,3.0156777904423335,0.00016266083440717922,-1.709179703389303,-1.7694080511676233,-1.3462441603290003,-1.5968459288226526,1.5707865953445435,-0.7064641157733362,1
372,1788172090.6488857,-0.18760922768014412,-0.5504353304734899,0.2877569211513899,0.8657888052700415,-3.0198806180602924,0.00010459285378701678,-1.7104623953448694,-1.7707398573504847,-1.344445530568258,-1.5971210638629358,1.5707746744155884,-0.6980808416949671,1
373,1788172090.6904242,-0.1882519380308073,-0.5507231260990814,0.28774691560597343,0.8536767223430097,-3.0232970243737163,0.00020761094456979619,-1.7115057150470179,-1.771879021321432,-1.3431032339679163,-1.5972526709186,1.5707746744155884,-0.6911123434649866,1
374,1788172090.732065,-0.18887117330472764,-0.5509480769859589,0.28772928849481205,0.8417542941190997,-3.0266209498103254,0.000175045233379856,-1.7125127951251429,-1.7728984991656702,-1.3419044653521937,-1.5974443594561976,1.5707507133483887,-0.684239689503805,1
375,1788172090.7761679,-0.18957915070509487,-0.5511788200280403,0.2877087980025768,0.82706756730887,-3.03068631424172,6.295925853668664e-05,-1.713675324116842,-1.7740386168109339,-1.3405502478228968,-1.5977314154254358,1.570738673210144,-0.6757004896747034,1
376,1788172090.819124,-0.19013194723041407,-0.5513727367891746,0.28769459030642064,0.8149747945443726,-3.0339672132687836,8.802080884777905e-05,-1.7145870367633265,-1.77492601076235,-1.3395074049579065,-1.597874943410055,1.5707507133483887,-0.6686351935016077,1
377,1788172090.866206,-0.19080683187757047,-0.551564246490443,0.28775628349503873,0.8004452353477793,-3.0378224271640915,0.00022240688334533847,-1.7157138029681605,-1.7758739630328577,-1.3382132689105433,-1.5981386343585413,1.5707746744155884,-0.660191837941305,1
378,1788172090.9092674,-0.19132567502532033,-0.5517478655670163,0.28773695610488265,0.7882723689231729,-3.0410152167127293,8.673933681129547e-05,-1.716553036366598,-1.776761833821432,-1.3371580282794397,-1.5983899275409144,1.5707507133483887,-0.6530192534076136,1
379,1788172090.9510195,-0.1920123843538595,-0.5520077294731512,0.287678351698911,0.773815890369624,-3.0447872393387776,-3.794013457894524e-05,-1.7176802794085901,-1.7779730002032679,-1.3358038107501429,-1.5986292997943323,1.5707746744155884,-0.644635025654928,1
380,1788172090.990983,-0.1925967096256841,-0.5522119306603747,0.2876454912038581,0.7616582438403988,-3.047810590083435,-8.536585549191977e-05,-1.7186153570758265,-1.7789209524737757,-1.3347247282611292,-1.5987733046161097,1.570726752281189,-0.6375945250140589,1
381,1788172091.0347703,-0.19322163358464284,-0.5523919537335574,0.2876323233151191,0.749121634667063,-3.0509548353582785,-8.102397767341693e-05,-1.719658676777975,-1.7798565069781702,-1.3336098829852503,-1.5989645163165491,1.5707626342773438,-0.6304095427142542,1
382,1788172091.0793638,-0.19392438172774104,-0.5526144541844683,0.2876131320007216,-0.7346618782107665,3.0544814671554184,0.00015240842017456822,-1.720809284840719,-1.7809723059283655,-1.3322795073138636,-1.5992282072650355,1.5707626342773438,-0.622084919606344,1
383,1788172091.12379,-0.19448780980723943,-0.552777205605205,0.2876459713412659,0.7220047319951345,-3.0574467648027475,-8.593153654907595e-05,-1.7217205206500452,-1.7817757765399378,-1.3312247435199183,-1.599419418965475,1.570726752281189,-0.6147201696978968,1
384,1788172091.1665792,-0.1951007993822591,-0.5529763118696615,0.287638410071938,-0.7075144667189851,3.060845088832038,0.00025189804600544985,-1.7227395216571253,-1.7828195730792444,-1.329930607472555,-1.5998027960406702,1.5707746744155884,-0.6062639395343226,1
385,1788172091.2107666,-0.19564255291572002,-0.5531800036518362,0.2876594930705337,-0.6954512397009124,3.0636224610269918,0.00019984289956158987,-1.7236149946795862,-1.7837193647967737,-1.3287799994098108,-1.6000178495990198,1.5707746744155884,-0.5992587248431605,1
386,1788172091.2519662,-0.19623418862515146,-0.5533782495310923,0.28765561512280935,-0.682913998144214,3.0664366720746634,0.00011720595030280653,-1.7245858351336878,-1.7846429983722132,-1.3276656309710901,-1.600161377583639,1.570798635482788,-0.5920494238482874,1
387,1788172091.2926533,-0.19699015306498888,-0.5535743104330407,0.28764448571248646,0.6684176877446284,-3.0696437543072315,-0.000127796322489265,-1.7258089224444788,-1.78571063676943,-1.3263829390155237,-1.6003649870501917,1.5707507133483887,-0.5838206450091761,1
388,1788172091.330355,-0.19755819080989076,-0.5537553357623344,0.28762497176466156,-0.6561733766644057,3.072298084894693,0.0002165246462430923,-1.72673207918276,-1.7866342703448694,-1.325280491505758,-1.6006043593036097,1.5707507133483887,-0.5767677466021937,1
389,1788172091.3735704,-0.19798503446282115,-0.5539339492691585,0.28763401854930915,-0.6461092728221023,3.0744312766404898,5.578643455918678e-05,-1.7274277845965784,-1.7873542944537562,-1.324393097554342,-1.6006758848773401,1.5707865953445435,-0.5709140936480921,1
390,1788172091.414698,-0.19861641919431333,-0.5542065678558913,0.2876626028649324,0.6316341944303328,-3.077378192464677,0.00010617816257024652,-1.7284229437457483,-1.788445774708883,-1.3230026404010218,-1.6008556524859827,1.5707626342773438,-0.56250507036318,1
391,1788172091.458566,-0.19916872163582558,-0.554382771149213,0.2877463672184227,0.6192748654378266,-3.0798540828756815,0.0003060745071718148,-1.7293222586261194,-1.7892497221576136,-1.3218281904803675,-1.6010950247394007,1.5707746744155884,-0.5553796927081507,1
392,1788172091.5032642,-0.19987377867375042,-0.5546146366740066,0.2877137947933086,0.6043073922115441,-3.0828351466264636,0.0002707925856008041,-1.7304609457599085,-1.790389362965719,-1.3204973379718226,-1.6013105551349085,1.5707746744155884,-0.5468023459063929,1
393,1788172091.5462203,-0.20050683658345536,-0.554776351326602,0.2876841860333036,0.5921643626555004,-3.085239576534742,0.00017647079521160283,-1.731504265462057,-1.7913373152362269,-1.3193829695331019,-1.6015499273883265,1.570798635482788,-0.5399649778949183,1
394,1788172091.5887325,-0.20110654429705468,-0.5549656489672166,0.2876520363966403,0.5795940196442079,-3.0876158770651374,0.00010961924899324704,-1.7324631849872034,-1.7922971884356897,-1.318268124257223,-1.6017416159259241,1.5707746744155884,-0.5327795187579554,1
395,1788172091.6332488,-0.20170845081495653,-0.5551964479353372,0.28760387207090277,0.5647562941599622,-3.0903810338605457,3.867717946540859e-05,-1.733422581349508,-1.7933643499957483,-1.3170574347125452,-1.6019333044635218,1.5707746744155884,-0.5241301695453089,1
396,1788172091.6768594,-0.20201862949439756,-0.5552977274404828,0.2876231982854837,0.5527597115213639,-3.092548544671249,9.875603133438669e-05,-1.7339261213885706,-1.7938440481769007,-1.3164222876178187,-1.6020525137530726,1.5707865953445435,-0.5168727079974573,1
397,1788172091.7224631,-0.20221500409375395,-0.5553524851083508,0.2876414576152931,0.5375715141075171,-3.0951713759624067,0.00010886892531722809,-1.7342255751239222,-1.7941206137286585,-1.3160384337054651,-1.6021364370929163,1.570738673210144,-0.507359806691305,1
398,1788172091.762955,-0.20218563280614157,-0.5553709914406036,0.28763116002793576,0.525546410120164,-3.097289964230998,9.848049701140556e-05,-1.7341893354998987,-1.7941563765155237,-1.316014591847555,-1.6021483580218714,1.5707865953445435,-0.4995501677142542,1
399,1788172091.805989,-0.20221683842533789,-0.5553805034056591,0.2876626610431021,0.5106684829351296,-3.099716269370719,0.0002054774635217358,-1.7342255751239222,-1.7941563765155237,-1.3159545103656214,-1.6021245161639612,1.5707507133483887,-0.48998958269228154,1
400,1788172091.8467813,-0.2021988202094327,-0.5553916810149868,0.28766491839176284,0.49832072095612095,-3.101741165295901,0.00025351155631566253,-1.7342012564288538,-1.7941563765155237,-1.3159545103656214,-1.602100674306051,1.5707746744155884,-0.4819992224322718,1
401,1788172091.8884041,-0.2021872907896579,-0.5553810481905972,0.28764187426884785,0.48628585183095846,-3.1036893087224553,0.00013538059097052658,-1.7341893354998987,-1.7941682974444788,-1.3159783522235315,-1.6021483580218714,1.5707865953445435,-0.47422582307924444,1
402,1788172091.9309545,-0.20218951569211258,-0.5553778128744274,0.2876407006145602,0.47352867891064554,-3.1056540321483226,0.00011131517466091345,-1.7341893354998987,-1.7941682974444788,-1.3159783522235315,-1.6021607557879847,1.5707746744155884,-0.46600848833193,1
403,1788172091.9734445,-0.20218673191385034,-0.5553776582447888,0.28763708914254094,0.46128826764579556,-3.107514973365767,8.095487645535385e-05,-1.7341893354998987,-1.7941802183734339,-1.3159669081317347,-1.6021845976458948,1.5707865953445435,-0.4581263701068323,1
404,1788172092.0158484,-0.20219938783570685,-0.5553614973082335,0.28766051144176885,0.44630942941017715,-3.109663516142094,8.274812935227717e-05,-1.7342012564288538,-1.7941444555865687,-1.3159545103656214,-1.60222036043276,1.5707507133483887,-0.44850474992860967,1
405,1788172092.0570393,-0.20204577689053055,-0.5554110764211891,0.28766063217062277,-0.4337229815350319,3.1115053876174703,-5.675766140097931e-05,-1.7339499632464808,-1.7941563765155237,-1.3159306685077112,-1.6022685209857386,1.5708105564117432,-0.44015533128847295,1
406,1788172092.1001153,-0.20177866571811587,-0.5556243912032738,0.28768332440682365,0.42146767813469505,-3.113140892137258,0.00014765075747668563,-1.733422581349508,-1.7943843046771448,-1.3156073729144495,-1.6022923628436487,1.5707746744155884,-0.4317567984210413,1
407,1788172092.1430264,-0.20134614077535506,-0.5560268462407153,0.2876285251987591,0.4060052101471134,-3.1152327250032585,-0.00010985181859803287,-1.7325714270221155,-1.795044247304098,-1.314887825642721,-1.6025198141681116,1.5707626342773438,-0.42097217241396123,1
408,1788172092.1859899,-0.2008466412108112,-0.5564900794587103,0.2875793198084798,-0.39372216546846567,3.1168059044935505,0.0002121700546416484,-1.7316001097308558,-1.795739475880758,-1.3141329924212855,-1.6026509443866175,1.5707746744155884,-0.4121173063861292,1
409,1788172092.2287602,-0.20021850874832253,-0.557106109483898,0.2876792317342604,0.3810598003442216,-3.1183701110582227,2.0839589808034367e-05,-1.7303651014911097,-1.796567742024557,-1.3128865400897425,-1.6029146353351038,1.5707746744155884,-0.4027598539935511,1
410,1788172092.2696192,-0.19892283501063196,-0.5586912425581188,0.28757362863720237,-0.3668669663189306,3.1200103140788036,0.0006133925562810161,-1.727739159260885,-1.7994101683246058,-1.3095181624041956,-1.6038602034198206,1.5707746744155884,-0.39103824297060186,1
411,1788172092.311034,-0.19807475447819642,-0.5601683007429413,0.28759959193316625,-0.35395280577979454,3.1215440180507583,0.0004588747523386803,-1.7259052435504358,-1.8020976225482386,-1.3061259428607386,-1.6044591108905237,1.5707626342773438,-0.3809250036822718,1
412,1788172092.3495445,-0.19746374173804737,-0.5617219420407384,0.28769831693778636,-0.34168702149073626,3.122948692043657,2.8660605696752855e-05,-1.7244780699359339,-1.805084530507223,-1.3022063414203089,-1.6051176230060022,1.570798635482788,-0.3716381231891077,1
413,1788172092.3898227,-0.19731171890894197,-0.5633981680473455,0.2875662702708297,0.32884926183608904,-3.1243191420343748,-0.00011990597624987322,-1.7237709204303187,-1.8088997046100062,-1.2977479139911097,-1.6058114210711878,1.5707626342773438,-0.3627117315875452,1
414,1788172092.4322338,-0.1972774510500361,-0.5650003535719761,0.2875401429199249,0.3166652359601758,-3.1255896585553273,-0.00011941218853740519,-1.7233031431781214,-1.8126309553729456,-1.2931211630450647,-1.6067097822772425,1.5707746744155884,-0.35444528261293584,1
415,1788172092.474831,-0.19741622876035633,-0.5665653876161936,0.2875892604358216,0.3040408582947631,-3.126807821076501,-5.826850065096449e-05,-1.7231233755694788,-1.816397492085592,-1.2882550398456019,-1.6077631155597132,1.5707507133483887,-0.34619123140443975,1
416,1788172092.5179994,-0.19775194305226007,-0.5685434219737867,0.28762374807093594,0.2889546483103863,-3.128229939234865,0.00030252315582667764,-1.7231953779803675,-1.8212083021747034,-1.2821300665484827,-1.6088526884662073,1.570798635482788,-0.336616341267721,1
417,1788172092.5595138,-0.1981765953895488,-0.570176316849239,0.28762875288719447,0.27686486599255,-3.1292804879689724,0.0003416520886484222,-1.7234709898578089,-1.8253830114947718,-1.2768200079547327,-1.6099537054644983,1.5707626342773438,-0.3291662375079554,1
418,1788172092.600262,-0.19895762072883108,-0.5716743548751305,0.2876314861799806,0.2635225829222355,-3.130513515886698,-1.81026600224346e-05,-1.7243941465960901,-1.8297017256366175,-1.2712467352496546,-1.6114500204669397,1.5707865953445435,-0.3215592543231409,1
419,1788172092.6425717,-0.1999147537532051,-0.573205014532801,0.2874965072129767,-0.251010226705201,3.1314998551025504,0.0004667842200638427,-1.725581471120016,-1.8342602888690394,-1.2656858603106897,-1.6127432028399866,1.5707746744155884,-0.31475621858705694,1
420,1788172092.6840208,-0.20095006717015337,-0.5746706286359177,0.2875551234741994,-0.23874349290315194,3.132484381677861,0.0003037089797814117,-1.7269123236285608,-1.8385308424579065,-1.26007587114443,-1.6139758268939417,1.5707746744155884,-0.3082526365863245,1
421,1788172092.727255,-0.2022138782728335,-0.5764903998550025,0.28760485842126815,0.22353957607142524,-3.1336070389805837,1.8189156341238653e-06,-1.7285187880145472,-1.843785587941305,-1.2532203833209437,-1.6153767744647425,1.5707746744155884,-0.30015355745424444,1
422,1788172092.7704482,-0.2033095526881091,-0.5779953973855849,0.2875339275122201,0.21147122140578833,-3.134442347329844,1.723288490908674e-05,-1.7299216429339808,-1.848259750996725,-1.247610870991842,-1.6165021101581019,1.5707746744155884,-0.29385501543153936,1
423,1788172092.8119419,-0.20499952509917777,-0.5793768490420775,0.28756034024569826,-0.19631617680884525,3.1354369176999146,0.0002623729458013809,-1.732319180165426,-1.8530710379229944,-1.241246525441305,-1.6182377974139612,1.5707746744155884,-0.2865837256060999,1
424,1788172092.854862,-0.2066507324418616,-0.580318789294916,0.28750839046174603,-0.18326316733807252,3.1362280157256417,0.00034256571867510545,-1.734753433858053,-1.856729809437887,-1.23659593263735,-1.6192792097674769,1.5707626342773438,-0.2806928793536585,1
425,1788172092.8974469,-0.20819117350493013,-0.5812855032116481,0.2874846175295249,0.17092251149788068,-3.136935897657267,-0.00021616749476804055,-1.736995045338766,-1.8602927366839808,-1.2320168654071253,-1.6202128569232386,1.5707626342773438,-0.2750652472125452,1
426,1788172092.9378054,-0.20986416801071855,-0.5819753208643361,0.28743685065375313,-0.15844553443209028,3.1375783545647566,0.00044321237984066864,-1.7395132223712366,-1.8634479681598108,-1.2279661337481897,-1.621253792439596,1.5707507133483887,-0.2696297804461878,1
427,1788172092.9808571,-0.21143185401186634,-0.5825036508995405,0.28758765289942756,0.1456854760506761,-3.138182446168626,5.853758792879323e-05,-1.741910759602682,-1.8658950964557093,-1.2244427839862269,-1.6220081488238733,1.5707746744155884,-0.2638948599444788,1
428,1788172093.0226972,-0.2132629948734621,-0.5830873207335276,0.2876018943541623,0.1303032479246284,-3.138810221122088,0.00023132101654916887,-1.7446921507464808,-1.8688104788409632,-1.2205951849566858,-1.6228225866900843,1.5707507133483887,-0.2568753401385706,1
429,1788172093.0641482,-0.21462983380751754,-0.5835469165124512,0.28763900666731335,0.11806352918962668,-3.13926840368167,0.0005100035976106221,-1.7467663923846644,-1.8710058371173304,-1.2176464239703577,-1.623397175465719,1.5707626342773438,-0.2511518637286585,1
430,1788172093.1080399,-0.2158621816243279,-0.58387787731645,0.2875350210491564,-0.10586440216920576,3.1397960355886827,0.00016353122116921545,-1.7486608664142054,-1.8731291929828089,-1.2149975935565394,-1.624366585408346,1.5707865953445435,-0.24527293840517217,1
431,1788172093.1464891,-0.21715804715585071,-0.584227660712218,0.28751182218671223,-0.09284899651737871,3.140195299183996,0.0002580837889919815,-1.750638786946432,-1.8751447836505335,-1.2123730818377894,-1.6250370184527796,1.5707865953445435,-0.2389610449420374,1
432,1788172093.1869645,-0.2185829198794133,-0.5845388061782508,0.28759442051227924,0.08018986592703885,-3.1405260408339917,6.390774528752296e-05,-1.7528212706195276,-1.877040211354391,-1.2097004095660608,-1.6255996862994593,1.5707626342773438,-0.23308164278139287,1
433,1788172093.2268147,-0.2201992202421867,-0.5847564693317043,0.2876060478257648,0.06798395035397799,-3.1408228347919294,0.0001816763145343635,-1.755350414906637,-1.8789714018451136,-1.207123104725973,-1.626174275075094,1.5707865953445435,-0.2278378645526331,1
434,1788172093.2675595,-0.22183706418642304,-0.5849936878300676,0.28753282758917953,0.05509771939793651,-3.1410430738282247,0.0001497714030904246,-1.7578805128680628,-1.8810108343707483,-1.2045939604388636,-1.6266773382769983,1.5707507133483887,-0.22216302553285772,1
435,1788172093.3123794,-0.22371344325513648,-0.5852196963578519,0.2874917667557131,0.03987436477325471,-3.1413143557762013,-7.00271527384569e-05,-1.760805908833639,-1.883338753377096,-1.20156175294985,-1.6275270620929163,1.5707626342773438,-0.21539527574648076,1
436,1788172093.3546133,-0.22532373219712107,-0.5854132586977169,0.28748218294386474,0.02753311700321614,-3.1414682203568405,-0.0001410470256148847,-1.7633116880999964,-1.8853057066546839,-1.198949162160055,-1.62822133699526,1.5707746744155884,-0.2100437323199671,1
437,1788172093.3928285,-0.22677808859513374,-0.5856537830695918,0.2874716697631193,0.015191044081127097,-3.141526014151181,-3.4664298290731896e-05,-1.7655413786517542,-1.8871772925006312,-1.196491543446676,-1.6287358442889612,1.5707626342773438,-0.2044161001788538,1
438,1788172093.4342492,-0.22773391867523088,-0.5859122964719763,0.2875831719242486,0.002470672470087284,-3.141510497959789,0.00046495582342151595,-1.766979996358053,-1.8885090986834925,-1.1945021788226526,-1.6290715376483362,1.5707746744155884,-0.19775659242738897,1
439,1788172093.4769244,-0.22801048270846186,-0.5860241833120585,0.28759345377844203,-0.009985842985763448,-3.1414968787429967,0.0005608843321877432,-1.7673872152911585,-1.889001194630758,-1.1938312689410608,-1.629190746937887,1.5707865953445435,-0.19023353258241826,1
440,1788172093.5206046,-0.22800919540117345,-0.5860177197344164,0.287646689544217,-0.024668757863886552,-3.1413971292312657,0.0007291983836215603,-1.7673872152911585,-1.888928238545553,-1.1938193480121058,-1.6291669050799769,1.5707865953445435,-0.1808856169330042,1
441,1788172093.5654917,-0.22799430524552824,-0.5860283338911878,0.28756592061723496,-0.037541883868863216,-3.141279062021876,0.00046228750556427,-1.7673514525042933,-1.8890250364886683,-1.193855110798971,-1.6292031447040003,1.5707626342773438,-0.17265397707094365,1
442,1788172093.6082888,-0.22801662733458436,-0.5860270296039165,0.28757480040318295,-0.05229775382567402,-3.1410672846905343,0.00048135824776511407,-1.7673872152911585,-1.8890369574176233,-1.1938193480121058,-1.6292150656329554,1.5707626342773438,-0.16329461732973272,1
443,1788172093.6527128,-0.22805147675761642,-0.5860100129638856,0.28758300707405027,-0.06522615940151726,-3.1408287483186097,0.0004634921226847649,-1.7674477736102503,-1.8890369574176233,-1.1937955061541956,-1.6292508284198206,1.5707626342773438,-0.15512305894960576,1
444,1788172093.6959085,-0.22807131302207723,-0.5860060156126408,0.2875577777192635,-0.08001740058997812,-3.1404705976209524,0.00040235749110685386,-1.7674716154681605,-1.8890607992755335,-1.1938193480121058,-1.6292389074908655,1.570738673210144,-0.1457274595843714,1
445,1788172093.7365468,-0.22823627911135963,-0.5859982269215216,0.2875259161134766,-0.09265974093384534,-3.140137983445471,0.0002729847899935986,-1.7677353064166468,-1.889240566884176,-1.1936395804034632,-1.6293228308307093,1.570738673210144,-0.13793975511659795,1
446,1788172093.775701,-0.22865648874185093,-0.5859969703328478,0.28750270124316546,-0.10581081012607155,-3.139791771064057,8.180275982809686e-05,-1.7684186140643519,-1.8897083441363733,-1.1930401960956019,-1.6295860449420374,1.5707865953445435,-0.13024789491762334,1
447,1788172093.81476,-0.22940919794121828,-0.5860197011947185,0.2874338244712534,-0.11814722484491885,-3.1393475418492183,-0.00011046164464396512,-1.7695935408221644,-1.8905242125140589,-1.1920931974994105,-1.6298373381244105,1.5707626342773438,-0.12356406847109014,1
448,1788172093.851826,-0.23018922052805438,-0.5860516075869344,0.28739561008382203,-0.13091655860795448,-3.1388542283472343,-0.0002427562230989631,-1.7708166281329554,-1.8913763205157679,-1.1910269896136683,-1.630136791859762,1.5707626342773438,-0.11665183702577764,1
449,1788172093.8927143,-0.2311174897103025,-0.5860874549187194,0.2873530178440021,0.1434747759907451,3.1383120429863824,0.0004883247546108133,-1.7722671667682093,-1.8924201170550745,-1.1896966139422815,-1.6305797735797327,1.5707507133483887,-0.1101000944720667,1
450,1788172093.93072,-0.23269721969708637,-0.5860336437472133,0.2873511981701108,0.15567140836298288,3.1377172110898206,0.0007510114308071365,-1.7747729460345667,-1.8938830534564417,-1.1876948515521448,-1.6312859694110315,1.570738673210144,-0.10483199754823858,1
451,1788172093.968138,-0.23397487669064654,-0.5860141340369751,0.2873918703462226,0.1655478293493672,3.137171971459085,0.0006662540392044152,-1.7768104712115687,-1.8950350920306605,-1.1860526243792933,-1.6317289511310022,1.5707865953445435,-0.10057241121401006,1
452,1788172094.0087893,-0.23544231455900183,-0.5860008242662106,0.28748942856076753,0.17838329364440556,3.1365016307645726,0.00033248265590273387,-1.7791245619403284,-1.896294895802633,-1.1841591040240687,-1.6321476141559046,1.5707865953445435,-0.0947039763080042,1
453,1788172094.0497866,-0.23681617640348887,-0.5860736907143774,0.28749185668535154,-0.19076032131306922,-3.13576272426436,-0.00013727764131821215,-1.7812464872943323,-1.89771014848818,-1.182277027760641,-1.6324833075152796,1.5707507133483887,-0.08893233934511358,1
454,1788172094.0887182,-0.23828631378019594,-0.5860565324200746,0.28747902978499584,-0.20300601227028206,-3.1350222847711344,-5.627980098467279e-05,-1.7835729757892054,-1.8990662733661097,-1.1804912726031702,-1.6328662077533167,1.5707865953445435,-0.08344871202577764,1
455,1788172094.1291404,-0.2395832550892075,-0.5860420137954051,0.2874633683989829,0.21554827288489742,3.1341886361486155,0.00011332510340504869,-1.7856109778033655,-1.900313679371969,-1.1788376013385218,-1.6333091894732874,1.5707865953445435,-0.07748443285097295,1
456,1788172094.1684897,-0.24078993552103062,-0.5860722111395276,0.2875681346161105,-0.22866441274662527,-3.1331884408246093,0.000402387896786686,-1.7874811331378382,-1.9013813177691858,-1.1772077719317835,-1.633536163960592,1.5707626342773438,-0.07098037401308233,1
457,1788172094.2075284,-0.24215554254604876,-0.5860564895525463,0.28751195513355765,-0.24104853015463473,-3.1322861950101286,0.0002547528025840519,-1.789626423512594,-1.9027369658099573,-1.1754935423480433,-1.633991543446676,1.5707746744155884,-0.06522065797914678,1
458,1788172094.2455885,-0.24346729397914732,-0.5860728159857687,0.28738017985570513,-0.25303828616502017,-3.1313809679347537,-0.0003269976035091045,-1.7916649023639124,-1.9042728582965296,-1.173659626637594,-1.6346619764911097,1.5707626342773438,-0.05960446992983037,1
459,1788172094.2833853,-0.2446843297169379,-0.5860636811696334,0.2873110692290981,0.26590135516044033,3.1302994228527354,0.0004742376593874355,-1.7935708204852503,-1.9055083433734339,-1.1721375624286097,-1.6350448767291468,1.5707746744155884,-0.05329257646669561,1
460,1788172094.3232028,-0.24523961056471405,-0.5860688159062523,0.2874203858071621,-0.2760419424946959,-3.1294156095356374,4.740453802058306e-05,-1.7944343725787562,-1.9058921972857874,-1.1714184919940394,-1.6350448767291468,1.5707746744155884,-0.047675911580221,1
461,1788172094.363119,-0.24523271571616523,-0.5860734880624485,0.28745366696662555,-0.29045712877487045,-3.128105974088721,0.00010402893412667707,-1.7944219748126429,-1.9058802763568323,-1.1713584105121058,-1.635080639516012,1.5707746744155884,-0.038448635731832326,1
462,1788172094.4008121,-0.24522039433624004,-0.5860865982817592,0.2874398735937702,-0.3008729799784359,-3.12712307345907,8.561669965746891e-05,-1.7943981329547327,-1.9059041182147425,-1.1713584105121058,-1.635068718587057,1.5707746744155884,-0.03176433244814092,1
463,1788172094.4396458,-0.2452608272886523,-0.5860701512288761,0.28741779691120206,-0.313402452020844,-3.125874514106095,6.078201343228282e-06,-1.7944582144366663,-1.9059279600726526,-1.171370808278219,-1.635080639516012,1.5707507133483887,-0.02380830446352178,1
464,1788172094.4787853,-0.24525074219693113,-0.5860717229533489,0.2874338471087293,-0.3258734921831563,-3.124606641125355,6.437997944333072e-05,-1.7944462935077112,-1.9059041182147425,-1.171370808278219,-1.635068718587057,1.5707626342773438,-0.0158160368548792,1
465,1788172094.5197232,-0.24523542856431602,-0.5860730215092986,0.2874355132703714,-0.3386565683311169,-3.123247186090768,6.463073839588168e-05,-1.7944219748126429,-1.9058921972857874,-1.1713827292071741,-1.635068718587057,1.5707626342773438,-0.007607762013570607,1
466,1788172094.5601783,-0.24523001508951434,-0.5860738856318128,0.28742692385846125,-0.3507438831304733,-3.1219396706685205,3.1846215938987563e-05,-1.7944219748126429,-1.9059041182147425,-1.1713827292071741,-1.635080639516012,1.5707865953445435,0.00013220097753219306,1
467,1788172094.598952,-0.24523565404085532,-0.5860864077803077,0.2874507202175994,-0.3633827560735153,-3.120472864358367,0.0001609711205815684,-1.7944219748126429,-1.9058921972857874,-1.1713584105121058,-1.6350329558001917,1.5707746744155884,0.008232413791120052,1
468,1788172094.6403172,-0.24525039690998215,-0.586082598441429,0.2874297714397121,-0.375981653182777,-3.1189841115859283,0.00010455836177544246,-1.7944462935077112,-1.9059160391436976,-1.171370808278219,-1.6350329558001917,1.5707746744155884,0.01628468930721283,1
469,1788172094.681144,-0.24525924184078154,-0.5860631812343603,0.28742692408514836,-0.3881967789155559,-3.1174683703868964,2.6456147896165748e-05,-1.7944582144366663,-1.9059041182147425,-1.1713827292071741,-1.635080639516012,1.5707507133483887,0.0241088904440403,1
470,1788172094.7219388,-0.2452394106593586,-0.5860679369793003,0.28743438477122235,-0.40121599239562356,-3.115842529326274,4.900121100750068e-05,-1.7944343725787562,-1.9058921972857874,-1.1713827292071741,-1.635080639516012,1.5707746744155884,0.032485488802194595,1
471,1788172094.7608135,-0.24523795128680975,-0.5860737920013864,0.2874233859277493,-0.41338529720940304,-3.114263458551414,5.086697781746421e-05,-1.7944343725787562,-1.9059041182147425,-1.1713946501361292,-1.6350567976581019,1.5707865953445435,0.04029770568013191,1
472,1788172094.7998652,-0.24524309002016256,-0.5860627447224532,0.2874067002970835,-0.425678538963389,-3.1126124002453563,-4.306705905589724e-05,-1.7944462935077112,-1.9059160391436976,-1.1714065710650843,-1.6350930372821253,1.5707865953445435,0.048182204365730286,1
473,1788172094.8403032,-0.24524595188335052,-0.5860720312289323,0.2874366418338159,-0.4384060240129846,-3.1108019720141296,8.363687052112625e-05,-1.7944343725787562,-1.9058921972857874,-1.1713827292071741,-1.6350567976581019,1.5707507133483887,0.05637829005718231,1
474,1788172094.8807204,-0.24523822037294482,-0.5860627036288201,0.28740090578056654,-0.45048380550097616,-3.1091079815769693,-6.313069219703447e-05,-1.7944343725787562,-1.9059160391436976,-1.1714184919940394,-1.6350930372821253,1.5707746744155884,0.06414256989955902,1
475,1788172094.9203913,-0.24524053388857978,-0.5860604813160641,0.28739907909652135,-0.4632949566083196,-3.1072115354900465,-4.502042378315799e-05,-1.7944343725787562,-1.9059041182147425,-1.1714423338519495,-1.635068718587057,1.5707626342773438,0.07238734513521194,1
476,1788172094.9606721,-0.24523950490888338,-0.586055957185284,0.287382591862525,-0.4756712150619389,-3.105342630814569,-8.292358880080963e-05,-1.7944343725787562,-1.9059041182147425,-1.171478573475973,-1.6350567976581019,1.5707626342773438,0.08035572618246078,1
477,1788172095.0009036,-0.2452322649460393,-0.5860591111829123,0.2874091024669108,-0.4879083485179957,-3.103440000392321,-8.007463914272203e-06,-1.7944219748126429,-1.9058802763568323,-1.1714547316180628,-1.6350567976581019,1.5707626342773438,0.08825220912694931,1
478,1788172095.0405,-0.24523607225578542,-0.5860532589692171,0.2873777278323283,-0.5004775522388152,-3.101455353750352,-0.00013740387242097162,-1.7944343725787562,-1.9059160391436976,-1.1714661757098597,-1.6350930372821253,1.5707746744155884,0.09634081274271011,1
479,1788172095.0786672,-0.2452349100980614,-0.5860481492925539,0.2873705736102776,-0.5125327818233432,-3.09948708933225,-0.00017543576012356483,-1.7944343725787562,-1.9059160391436976,-1.171478573475973,-1.6351049582110804,1.5707746744155884,0.10411707311868668,1
480,1788172095.1202528,-0.24524609530730831,-0.5860512930288027,0.28736611307915744,-0.5252102274814124,-3.097352103357362,-0.00019508612300716857,-1.7944462935077112,-1.9059398810016077,-1.1714547316180628,-1.6351168791400355,1.5707626342773438,0.11228957027196884,1
481,1788172095.159858,-0.24523497398692534,-0.5860607016614211,0.28736972087732215,-0.5377921123004886,-3.0952117029737143,-6.132191063252477e-05,-1.7944343725787562,-1.9059041182147425,-1.1715143362628382,-1.6350091139422815,1.5707865953445435,0.1204264834523201,1
482,1788172095.1981258,-0.24522297826992717,-0.5860553398236442,0.28734057036253985,0.5498031711794544,3.0930991928812115,0.00022870803041372213,-1.7944219748126429,-1.9059398810016077,-1.1715143362628382,-1.635080639516012,1.570798635482788,0.12820275127887726,1
483,1788172095.2409894,-0.2452397604736078,-0.5860448093629449,0.2873468581834523,-0.5626557952403825,-3.0907566271814724,-0.00023279084136744316,-1.7944343725787562,-1.9059279600726526,-1.1715143362628382,-1.6350930372821253,1.5707507133483887,0.13650743663311005,1
484,1788172095.2797656,-0.24523289615926036,-0.5860618866069042,0.2873657984204915,-0.5745770948814802,-3.088570800945333,-0.00010008697732787828,-1.7944219748126429,-1.9059160391436976,-1.171502415333883,-1.6350329558001917,1.5707626342773438,0.1442357748746872,1
485,1788172095.320792,-0.24523484095207626,-0.5860601167450535,0.2873790535883084,-0.5869943919295763,-3.0862581757904044,-6.112089147470438e-05,-1.7944343725787562,-1.9059041182147425,-1.171490494404928,-1.6350329558001917,1.5707865953445435,0.15226444602012634,1
486,1788172095.3597643,-0.24523900815788463,-0.5860537731125915,0.2873456207269759,-0.5994486724623317,-3.0838411055761625,-0.00017455275827231038,-1.7944343725787562,-1.9059279600726526,-1.1715262571917933,-1.6350448767291468,1.5707626342773438,0.1603410691022873,1
487,1788172095.3994727,-0.24524114385582974,-0.5860419176390819,0.2873222115669855,-0.6114190283240244,-3.081503324628293,-0.0002494641575749607,-1.7944462935077112,-1.9059279600726526,-1.1715744177447718,-1.6350448767291468,1.5707746744155884,0.168093740940094,1
488,1788172095.437836,-0.2454089682744155,-0.5860692308431736,0.28733477582936523,-0.6238381685361859,-3.079010782014866,-0.00013704071783419712,-1.7946980635272425,-1.9061201254474085,-1.1712988058673304,-1.6350567976581019,1.5707746744155884,0.1759059578180313,1
489,1788172095.4753275,-0.24641483257016727,-0.5860910893080402,0.2872517512357394,-0.6362642567220419,-3.076467590945975,-0.00019462451966747283,-1.7962563673602503,-1.9071877638446253,-1.1700523535357874,-1.6352723280536097,1.5707746744155884,0.18242238461971283,1
490,1788172095.5158498,-0.2480150214431871,-0.5860975669980363,0.2872190925371609,-0.648104841915937,-3.0739837468231426,-0.00029006840761411855,-1.7987378279315394,-1.9088433424579065,-1.167870823537008,-1.6358588377581995,1.5707626342773438,0.18764300644397736,1
491,1788172095.556607,-0.24969562690695685,-0.5860969923473707,0.2873078140264906,-0.6606032638828535,-3.0713302432447973,2.93751592872345e-05,-1.8013513723956507,-1.9104388395892542,-1.1655219236956995,-1.636409107838766,1.5707746744155884,0.19316361844539642,1
492,1788172095.5958374,-0.2513041160634077,-0.5860944028819115,0.28730492648656203,-0.6731989979828613,-3.06859363908547,6.612680226404777e-05,-1.803845230733053,-1.912058178578512,-1.1633284727679651,-1.6369598547564905,1.5707746744155884,0.19887559115886688,1
493,1788172095.6356332,-0.25288343987230744,-0.5860805981679198,0.2873792146942416,0.6850902810320736,3.065983088672823,-0.00017760720135805342,-1.806302849446432,-1.9136183897601526,-1.1610272566424769,-1.6376302878009241,1.570798635482788,0.20416849851608276,1
494,1788172095.6755733,-0.2545262245975683,-0.5859955756646047,0.2873909246002647,-0.6972940297079604,-3.063222903176905,-0.00018065556174108534,-1.8088682333575647,-1.9152496496783655,-1.1587141195880335,-1.6385400930987757,1.5707865953445435,0.20956851541996002,1
495,1788172095.7158499,-0.25608924893721835,-0.5860514134266012,0.2873318477500944,-0.7097075362666552,-3.0603588806820032,-0.0002580108836126431,-1.811253849660055,-1.9170249144183558,-1.1564253012286585,-1.6391027609454554,1.5707746744155884,0.21529322862625122,1
496,1788172095.75509,-0.25738683511335864,-0.5860928075067574,0.2872946980551927,-0.7195957168011196,-3.0580355325991886,-0.00014659044854172657,-1.8132322470294397,-1.9184287230121058,-1.1546152273761194,-1.6394379774676722,1.5707626342773438,0.2197813242673874,1
497,1788172095.795932,-0.25906603413749907,-0.5862534089729814,0.28739096357509036,-0.731848125691211,-3.0551484007672345,0.0002478160386630818,-1.8157613913165491,-1.9204443136798304,-1.1516664663897913,-1.6401203314410608,1.5707865953445435,0.2252659797668457,1
498,1788172095.8360033,-0.26092852734621047,-0.5867183160910364,0.28731416737078164,-0.7462244102564128,-3.0516582460167267,-1.8185556026165953e-05,-1.818435017262594,-1.9236109892474573,-1.1474717299090784,-1.6413176695453089,1.5707746744155884,0.23201048374176025,1
499,1788172095.875759,-0.2626095366026939,-0.587034947758398,0.2873275741603558,-0.7589369953877975,-3.048509563516607,-0.0001328380770536722,-1.8208802382098597,-1.9262025992022913,-1.1438520590411585,-1.6424186865436,1.5707626342773438,0.23790296912193298,1
500,1788172095.915979,-0.2639421983416207,-0.5874362210158609,0.2873541622352693,-0.7709317040224032,-3.0455099027552155,0.00012874702951354313,-1.8227627913104456,-1.9284938017474573,-1.1406644026385706,-1.6431487242328089,1.5707746744155884,0.24389171600341797,1
501,1788172095.955383,-0.2645912127454987,-0.5876359703550237,0.2872790529970831,-0.7826750378132056,-3.042513392768351,8.91507757520471e-05,-1.8236740271197718,-1.9296701590167444,-1.1392257849322718,-1.6434362570392054,1.5707746744155884,0.2506961226463318,1
502,1788172095.994274,-0.2646181193120257,-0.5876383170231796,0.28728065918286533,-0.7925989908441305,-3.039931046773314,0.00014547584160907456,-1.823709789906637,-1.9296820799456995,-1.1392138640033167,-1.6434004942523401,1.5707626342773438,0.2571885883808136,1
503,1788172096.0335166,-0.26460520570171414,-0.5876488702703117,0.2872701794112969,-0.8049598988252031,-3.0366815687379596,0.00010824035774721954,-1.8236859480487269,-1.9297059218036097,-1.1392019430743616,-1.6434124151812952,1.5707626342773438,0.2653490900993347,1
504,1788172096.075053,-0.26459761446606905,-0.5876497572508602,0.28729111502671617,-0.8170894062141261,-3.033441002077873,0.0001646214695504195,-1.8236740271197718,-1.9296820799456995,-1.1391900221454065,-1.6434124151812952,1.5707626342773438,0.27335381507873535,1
505,1788172096.114939,-0.26458663435789925,-0.5876581265316285,0.2872788797866076,-0.8296195544804842,-3.030026003235063,0.00014637892464701581,-1.8236497084247034,-1.9296940008746546,-1.1392019430743616,-1.6434004942523401,1.5707507133483887,0.28164613246917725,1
506,1788172096.1551929,-0.264580747137844,-0.5876572083081917,0.28728645132275066,-0.8413476925297276,-3.0268158849999782,0.0001646827803887422,-1.8236497084247034,-1.9296820799456995,-1.1392019430743616,-1.6434004942523401,1.5707746744155884,0.28938719630241394,1
507,1788172096.195764,-0.2645781170647103,-0.5876579082572264,0.28729981524474796,-0.8535126238480037,-3.023421472221022,0.00020183080836963039,-1.8236497084247034,-1.9296701590167444,-1.1391900221454065,-1.6434004942523401,1.5707865953445435,0.2974275052547455,1
508,1788172096.2352,-0.26458648745123176,-0.587646570284239,0.2872790295489118,-0.8658287255311425,-3.019865945195919,7.282500205868526e-05,-1.8236497084247034,-1.9296940008746546,-1.1391900221454065,-1.6434600988971155,1.570738673210144,0.30558839440345764,1
509,1788172096.2758644,-0.2645896480546643,-0.5876504027310094,0.287289986442717,-0.8775713758525242,-3.016501093215146,0.00014689705048702575,-1.8236616293536585,-1.9296820799456995,-1.1391900221454065,-1.6434243361102503,1.5707626342773438,0.313353031873703,1
510,1788172096.3158529,-0.26467738105694383,-0.5874526533812707,0.28726232955843756,-0.8926036777584739,-3.012094516051138,-9.681350397127108e-05,-1.8238776365863245,-1.9293940703021448,-1.1396210829364222,-1.6434362570392054,1.5707746744155884,0.3231096863746643,1
511,1788172096.3551905,-0.26527694714037553,-0.5865814802245715,0.28731368608384056,-0.9045413254017379,-3.008529604406125,-0.00015135048542555855,-1.8251364866839808,-1.927990738545553,-1.141418759022848,-1.6430767218219202,1.5707746744155884,0.32978227734565735,1
512,1788172096.3972006,-0.2661745058656604,-0.5851232297166765,0.28731084905660526,-0.9163826527703056,-3.0049112808914344,-0.0004304283326778127,-1.827078644429342,-1.9255908171283167,-1.144691292439596,-1.6423829237567347,1.5707507133483887,0.3357227146625519,1
513,1788172096.4360008,-0.26704836061996345,-0.5835860704598634,0.28735496114230774,-0.9286449749091424,-3.0011876536321416,-0.00020510257509323578,-1.8290446440326136,-1.9228079954730433,-1.14844257036318,-1.6412695089923304,1.5707865953445435,0.34191519021987915,1
514,1788172096.476312,-0.2679203693711355,-0.5820863122317159,0.28723237678632885,-0.9403753185903685,-2.9975287655665332,-0.0003345092487774786,-1.830986801777975,-1.9202283064471644,-1.152278248463766,-1.6400960127459925,1.5707865953445435,0.347795695066452,1
515,1788172096.517733,-0.26881268425733357,-0.5806485572390107,0.2872916844939889,-0.9523876882996016,-2.993702726477377,-0.0001044014546772451,-1.832928482686178,-1.9177210966693323,-1.155597988759176,-1.6391385237323206,1.5707507133483887,0.3538799285888672,1
516,1788172096.5559835,-0.26915270846931566,-0.5800047977973476,0.2872310361017596,-0.9645168152706624,-2.9898596603119367,-0.000332282521776653,-1.8337319532977503,-1.9166534582721155,-1.1571796576129358,-1.6387675444232386,1.570798635482788,0.361176460981369,1
517,1788172096.5931678,-0.2691659199232755,-0.579975044446744,0.2871926645100489,-0.9741542104435263,-2.986701674791749,-0.0004993118805716025,-1.8337557951556605,-1.9166534582721155,-1.1572516600238245,-1.6388033072101038,1.5707746744155884,0.3676089942455292,1
518,1788172096.6307912,-0.26916332740643545,-0.5799443691823485,0.2871548408373529,-0.9858751617330339,-2.9828195815868814,-0.0006853989013368963,-1.8337557951556605,-1.9166415373431605,-1.1573355833636683,-1.6388514677630823,1.5707507133483887,0.37546953558921814,1
519,1788172096.668939,-0.26917617208912076,-0.5799736622499578,0.28716718609412073,-0.9980601750263944,-2.978780641632303,-0.0005537439044735398,-1.8337677160846155,-1.9166773001300257,-1.1572755018817347,-1.6387913862811487,1.5707626342773438,0.38363003730773926,1
520,1788172096.7100065,-0.26917139031042836,-0.57996647386908,0.2871903645867424,-1.0097284007875384,-2.974857682683108,-0.0005366780796031879,-1.8337677160846155,-1.9166534582721155,-1.1572516600238245,-1.6388276259051722,1.5707746744155884,0.39146697521209717,1
521,1788172096.7497106,-0.26915117797220184,-0.5799806877730705,0.2871879992010413,-1.021460086332586,-2.970888054660221,-0.000502138882743559,-1.8337438742267054,-1.9166534582721155,-1.1572635809527796,-1.6387913862811487,1.5708105564117432,0.39937543869018555,1
522,1788172096.7878168,-0.2691817091886096,-0.5799641840831603,0.2872069922225929,-1.033558936333186,-2.966652277051554,-0.0004219402038664233,-1.8337801138507288,-1.9166176954852503,-1.1572755018817347,-1.6387675444232386,1.5707626342773438,0.4074999988079071,1
523,1788172096.8280733,-0.2691706850723304,-0.5799821714270312,0.2871973203400634,-1.0450506643528052,-2.9626264005567218,-0.00034692817997588476,-1.8337557951556605,-1.9166176954852503,-1.157311741505758,-1.6386836210833948,1.5707626342773438,0.41527625918388367,1
524,1788172096.867396,-0.2691830570764189,-0.5799887679696087,0.2872018315317838,-1.0572866197468413,-2.9582722628188414,-0.00027043593341297286,-1.8337677160846155,-1.9166176954852503,-1.157311741505758,-1.6386359373675745,1.5707507133483887,0.423532634973526,1
525,1788172096.9087367,-0.26918496394156577,-0.5799868473687468,0.287228739070514,-1.0690926565571988,-2.9540551593355455,-0.00019784991241563095,-1.8337801138507288,-1.916593376790182,-1.157287899647848,-1.6386359373675745,1.5707746744155884,0.4315013885498047,1
526,1788172096.9500492,-0.2691860156699541,-0.579999758053173,0.2872554259195555,-1.080494054828085,-2.9498870489912257,-4.437228228155391e-05,-1.8337677160846155,-1.9165695349322718,-1.1572755018817347,-1.6385763327227991,1.5707507133483887,0.43924206495285034,1
527,1788172096.9932852,-0.2691723693205659,-0.5799805799989467,0.2872346267130865,-1.0925136117969336,-2.945488802008715,-0.00014248164043617788,-1.8337677160846155,-1.9165452162372034,-1.1573475042926233,-1.6385882536517542,1.5707865953445435,0.44739022850990295,1
528,1788172097.0306394,-0.26917469597737065,-0.579989222670705,0.28724202955514855,-1.1038544854476593,-2.9412632627187416,-4.8430636434934005e-05,-1.8337677160846155,-1.9165332953082483,-1.1573594252215784,-1.6385281721698206,1.5707865953445435,0.45509496331214905,1
529,1788172097.070909,-0.26916210750540825,-0.5799923965434413,0.2872353124407313,1.1157405481956881,2.9367756677449193,3.422469992572365e-05,-1.8337557951556605,-1.9165213743792933,-1.1573956648456019,-1.6384924093829554,1.5708105564117432,0.46319517493247986,1
530,1788172097.1131446,-0.26918230479236305,-0.5799964429801842,0.28724943328328323,-1.1277248572222782,-2.932174774236681,4.951153383260428e-05,-1.8337677160846155,-1.9165213743792933,-1.1573713461505335,-1.638468090687887,1.5707626342773438,0.471355676651001,1
531,1788172097.154863,-0.2691700768248136,-0.5799904865358383,0.2872754564074214,-1.1390697524131068,-2.9278019346576216,8.414526564279363e-05,-1.8337557951556605,-1.916485611592428,-1.1573594252215784,-1.6384924093829554,1.5707746744155884,0.47910797595977783,1
532,1788172097.1942754,-0.26916972759860974,-0.5799996591597306,0.2872560204128668,-1.1510113123306958,-2.923142352432705,0.00010075919402025912,-1.8337557951556605,-1.916497532521383,-1.1573956648456019,-1.6384323279010218,1.5707865953445435,0.48726847767829895,1
533,1788172097.235094,-0.2691889979216087,-0.5800018313764702,0.2872213127713109,-1.162537207575762,-2.918559231776904,2.8545543158149112e-05,-1.8337801138507288,-1.9165452162372034,-1.157407585774557,-1.6384204069720667,1.5707746744155884,0.49514061212539673,1
534,1788172097.2754724,-0.26916540754327295,-0.5799914594108516,0.2872155682802242,-1.176491672512642,-2.912943084223027,-4.337857411794984e-05,-1.8337438742267054,-1.9165213743792933,-1.1574433485614222,-1.638456169758932,1.5707626342773438,0.5047531127929688,1
535,1788172097.3168774,-0.2691665898330122,-0.5799880029644762,0.28721374797525484,-1.188359347706522,-2.90814891958179,-2.9252481585700965e-05,-1.8337557951556605,-1.9165094534503382,-1.1574671904193323,-1.6384323279010218,1.5707865953445435,0.5128896236419678,1
536,1788172097.3568194,-0.2691806943048058,-0.5799814570127538,0.28721374797525484,-1.1998494940376647,-2.903427080232289,-2.9177282358109924e-05,-1.8337801138507288,-1.9165094534503382,-1.1574671904193323,-1.6384323279010218,1.5707865953445435,0.5207737684249878,1
537,1788172097.3956306,-0.2691621421179963,-0.5800003739036226,0.287197010142592,-1.2117013041536728,-2.898497406692513,-6.621758635888829e-05,-1.8337438742267054,-1.9165452162372034,-1.1574552694903772,-1.6384323279010218,1.5707865953445435,0.5289818048477173,1
538,1788172097.4367628,-0.26916709186966625,-0.5799977166563928,0.2872304372074102,-1.2230442579807683,-2.893715846977837,6.886545579122293e-05,-1.8337438742267054,-1.916497532521383,-1.1574552694903772,-1.6383965651141565,1.5707626342773438,0.5368183851242065,1
539,1788172097.477955,-0.26916425021088175,-0.579997735039207,0.28721315942974734,-1.234253638045041,-2.888958383838058,-7.778501149650403e-06,-1.8337438742267054,-1.9165213743792933,-1.1574552694903772,-1.6384204069720667,1.5707746744155884,0.5445706844329834,1
540,1788172097.5166788,-0.2691734660937662,-0.5799925023864002,0.287219791596795,-1.2446602047095026,-2.8844827822542496,5.066140851786126e-05,-1.8337557951556605,-1.916497532521383,-1.1574795881854456,-1.6383841673480433,1.5707626342773438,0.5517705678939819,1
541,1788172097.5549679,-0.26916677722031646,-0.5799886990722325,0.2872310254334344,-1.2534043906590548,-2.880719860192007,4.5272200044490456e-05,-1.8337557951556605,-1.916485611592428,-1.1574671904193323,-1.6384084860431116,1.5707865953445435,0.5578308701515198,1
542,1788172097.5948153,-0.26918154530932703,-0.5799936217808763,0.28723623093727757,-1.2596161466591356,-2.877987227300706,8.793178681731483e-05,-1.8337677160846155,-1.916497532521383,-1.1574433485614222,-1.6383965651141565,1.5707626342773438,0.5621392130851746,1
543,1788172097.6351547,-0.2691559790065449,-0.579985326372466,0.28720546641558886,-1.2668752568603827,-2.8747815017711873,-7.928529058724437e-05,-1.8337319532977503,-1.9165094534503382,-1.1574795881854456,-1.638456169758932,1.5707626342773438,0.5672268867492676,1
544,1788172097.6779323,-0.26917911203034206,-0.5800030060221303,0.28722700364024545,-1.2736688801698206,-2.8717811713071635,7.250689852048551e-05,-1.8337557951556605,-1.9165213743792933,-1.157431427632467,-1.6383965651141565,1.5707507133483887,0.5719310641288757,1
545,1788172097.7171578,-0.26915720891398837,-0.5799926222294209,0.2872310254232332,1.2778849174555447,2.8699430620613637,-4.2407292710829095e-05,-1.8337438742267054,-1.916485611592428,-1.1574671904193323,-1.6384084860431116,1.570798635482788,0.5748709440231323,1
546,1788172097.757337,-0.26917255211852514,-0.5799786372122668,0.2872412449689773,-1.2805732522681263,-2.8687051821481964,3.640348464872145e-05,-1.8337557951556605,-1.9164732138263147,-1.1574552694903772,-1.6384442488299769,1.5707507133483887,0.5767430663108826,1
547,1788172097.799047,-0.2691699371853101,-0.5799793931706684,0.28722764052432703,-1.2826759836301953,-2.8677743447948263,-4.212624311226166e-06,-1.8337557951556605,-1.916485611592428,-1.1574671904193323,-1.6384442488299769,1.5707626342773438,0.5782070159912109,1
548,1788172097.8413582,-0.26917088569845626,-0.5800039612777743,0.2872471720846672,1.2833937862032898,2.8674843799840186,-0.00015705525089289228,-1.8337557951556605,-1.916485611592428,-1.1574433485614222,-1.638360325490133,1.5707865953445435,0.57869952917099,1
549,1788172097.8834763,-0.2691937601392964,-0.5799879040463267,0.28723692281667,-1.2831507972571239,-2.8675421568214023,5.718600433120971e-05,-1.8337801138507288,-1.9165094534503382,-1.157419506703512,-1.6384323279010218,1.570738673210144,0.5785189867019653,1
550,1788172097.922243,-0.2694619600330849,-0.5799997696341733,0.28729589151929286,1.2832183491967128,2.867557412441754,-0.00032643948364414777,-1.8341992537127894,-1.9167373816119593,-1.1570003668414515,-1.6384442488299769,1.5707746744155884,0.5781351327896118,1
551,1788172097.962623,-0.2702583219785404,-0.5800018611360491,0.2873513800954566,1.2836888038697938,2.8673198467878835,-0.0004537578806887474,-1.8354223410235804,-1.917577091847555,-1.1557295958148401,-1.6387913862811487,1.5707865953445435,0.5772472023963928,1
552,1788172098.002478,-0.2717029493359583,-0.5805843936822921,0.2874376876298042,1.283743209200733,2.8672664899940647,-0.0010916058454253572,-1.8373759428607386,-1.920312229787008,-1.1518586317645472,-1.639521900807516,1.5707507133483887,0.5753390789031982,1
553,1788172098.0407434,-0.2733674579016205,-0.5812647039258761,0.28728131927761574,1.284102967029025,2.8671551702223317,-0.0006431770897710275,-1.8396299521075647,-1.9239113966571253,-1.1472438017474573,-1.6408265272723597,1.5707507133483887,0.5733230710029602,1
554,1788172098.0805745,-0.2748629698519131,-0.5819162233978609,0.28732815943937207,1.2837830380192417,2.867278520467722,-0.0004644642261525957,-1.8416436354266565,-1.9271987120257776,-1.1425698439227503,-1.642322842274801,1.5707865953445435,0.5710914134979248,1
555,1788172098.120502,-0.27652299230823424,-0.5827751936467725,0.28734341003319075,1.283828313493146,2.8672503948397714,-0.0008012736395191631,-1.8437898794757288,-1.9309657255755823,-1.1373804251300257,-1.6435321013080042,1.5707626342773438,0.5689787864685059,1
556,1788172098.1612787,-0.2781416180169238,-0.5836567950129394,0.287159527657343,-1.2839850271063191,-2.8671944512439778,5.295672218337502e-05,-1.845863167439596,-1.9351409117328089,-1.131951157246725,-1.6452677885638636,1.5707626342773438,0.5670111179351807,1
557,1788172098.200943,-0.2797176098715149,-0.5845432021964835,0.2872199647817576,-1.2837277037769266,-2.8673187550980876,1.1603330082293818e-05,-1.847865406666891,-1.9390633741961878,-1.1263416449176233,-1.6469796339618128,1.5707746744155884,0.564827024936676,1
558,1788172098.2413251,-0.2813519390175366,-0.5855297069972664,0.287242261132983,1.2835366286344363,2.8674077278789483,-0.0003025206210380692,-1.849903408681051,-1.9431665579425257,-1.1206134001361292,-1.6484158674823206,1.5707865953445435,0.5626548528671265,1
559,1788172098.2806978,-0.2830131686157736,-0.5865024869969755,0.2871363385328285,-1.2833911709192032,-2.867459285457173,4.450844167231249e-05,-1.8519652525531214,-1.9474733511554163,-1.114824120198385,-1.6500676313983362,1.5707626342773438,0.5604950785636902,1
560,1788172098.319902,-0.28455353693212476,-0.5875440032117643,0.2871739933060885,-1.2833056844184405,-2.867505705730492,0.0002658552463608996,-1.8538115660296839,-1.951660458241598,-1.10889178911318,-1.6516721884356897,1.5707507133483887,0.5585870146751404,1
561,1788172098.3610814,-0.2861264883805941,-0.5884857818753589,0.28711898479755305,-1.2833467942507633,-2.867468316698709,-0.0002075794653293755,-1.8557537237750452,-1.95591909090151,-1.1029709021197718,-1.653635327016012,1.5707746744155884,0.5566784739494324,1
562,1788172098.400814,-0.2877390643045153,-0.5894681064981253,0.28710190833484894,-1.2836445423481726,-2.86731035954205,-0.0004726897666938341,-1.8577197233783167,-1.9602621237384241,-1.096846882496969,-1.6555865446673792,1.5707746744155884,0.5549265742301941,1
563,1788172098.4405105,-0.2892756457015329,-0.5905299528053374,0.28727209278583943,-1.2837123269200623,-2.8673322946651165,8.39835809067707e-05,-1.8595293203936976,-1.9644368330584925,-1.090590778981344,-1.6573103109942835,1.5707746744155884,0.5531506538391113,1
564,1788172098.4798865,-0.2908231643666977,-0.591589026303983,0.28725896692765235,-1.2838314301253813,-2.8672812158726684,-3.434637395682085e-05,-1.86135179201235,-1.9688637892352503,-1.084322754536764,-1.6592257658587855,1.5707865953445435,0.5514106750488281,1
565,1788172098.5189743,-0.2924304630335312,-0.592475662906391,0.28710793888056774,-1.2840229870321846,-2.867162847024769,-0.000543415651768601,-1.8633297125445765,-1.9730871359454554,-1.0786173979388636,-1.6610329786883753,1.570798635482788,0.5495748519897461,1
566,1788172098.5580482,-0.29404073950907283,-0.5930552462925169,0.28717617778923465,-1.2838116986089747,-2.8672552543372656,-0.0002794972779483368,-1.865427319203512,-1.976325813923971,-1.0738595167743128,-1.6623857657061976,1.5707746744155884,0.5473304390907288,1
567,1788172098.600235,-0.295620808220748,-0.5931260902129175,0.2871800801579075,-1.2839608164877434,-2.8671804875343954,-0.0002237965108647436,-1.8677051703082483,-1.978377644215719,-1.070923153554098,-1.6632359663592737,1.5707626342773438,0.5451586842536926,1
568,1788172098.6438646,-0.297275043586518,-0.593179112801959,0.2872010566140246,-1.2837860886888544,-2.8673054973382404,0.00016403031273249703,-1.8701031843768519,-1.9803569952594202,-1.0680950323687952,-1.6638343969928187,1.5707746744155884,0.5426266193389893,1
569,1788172098.6860087,-0.2991743634408176,-0.5931995577210886,0.28719307866365906,-1.2832806701080468,-2.867527514085967,0.00027704487273163164,-1.8728597799884241,-1.9826725164996546,-1.0648110548602503,-1.664731804524557,1.5707626342773438,0.5395185947418213,1
570,1788172098.727737,-0.30071653484001104,-0.5931543792120594,0.28719724867069124,-1.2832978604457725,-2.8675294936205225,-8.591897356353814e-05,-1.8751376310931605,-1.9846037069903772,-1.0619705359088343,-1.6658695379840296,1.570798635482788,0.5372502207756042,1
571,1788172098.7720277,-0.30236532521306464,-0.5931319907379962,0.2871308467706454,-1.283691039489208,-2.867309502526216,-0.0003071130453827158,-1.8775351683246058,-1.986655060444967,-1.0591543356524866,-1.666778866444723,1.5707746744155884,0.5351383686065674,1
572,1788172098.8138928,-0.30428145209991087,-0.5931261860858921,0.2873154946156085,-1.2838085942338788,-2.8672634155226744,0.0002773534397905274,-1.880303684865133,-1.9888265768634241,-1.0556424299823206,-1.667748753224508,1.570738673210144,0.5324501395225525,1
573,1788172098.8575447,-0.3059525380174563,-0.5931012786033774,0.28724403528163434,-1.2839440780995313,-2.8672051729167314,0.0001411308481046247,-1.8827374617206019,-1.9908903280841272,-1.0528267065631312,-1.668586556111471,1.5707507133483887,0.530110239982605,1
574,1788172098.9010153,-0.3074849488673421,-0.5931093181588428,0.2871997810589805,-1.2839955837148969,-2.8671909978639816,-9.015253166510399e-05,-1.8849552313434046,-1.9929183165179651,-1.04997426668276,-1.6695564428912562,1.5707746744155884,0.5279260873794556,1
575,1788172098.946181,-0.3094522673260837,-0.593131592978541,0.287215401191245,-1.2840912652291514,-2.8671412087043797,0.00017436982202360046,-1.8877719084369105,-1.9953530470477503,-1.0464509169207972,-1.6704781691180628,1.5707507133483887,0.5251779556274414,1
576,1788172098.9900842,-0.3113813435071952,-0.5929905447279075,0.28716856325414974,1.2838075281448762,2.8673020617586253,-0.00020428941052109967,-1.890625301991598,-1.9974406401263636,-1.0435503164874476,-1.6712682882892054,1.5707865953445435,0.5221178531646729,1
577,1788172099.0320473,-0.3128850674998795,-0.5926993602557903,0.28717187582356424,-1.2832571387440528,-2.8675139093744826,-1.70919378419891e-05,-1.8929145971881312,-1.9987486044513147,-1.0416086355792444,-1.6720460096942347,1.5707626342773438,0.5194536447525024,1
578,1788172099.0755694,-0.31452068709999276,-0.5921076524695151,0.28719509123569326,-1.2834517838102695,-2.8674517028514073,-3.948328727768861e-05,-1.8955519835101526,-1.9994319120990198,-1.0405538717852991,-1.67242938676943,1.5707865953445435,0.5169455409049988,1
579,1788172099.1191268,-0.3164165671474152,-0.5912605551907122,0.2872691078522709,-1.2835312397635164,-2.8674119508671527,0.00030029688303699625,-1.8986685911761683,-1.9997084776507776,-1.0400145689593714,-1.6724770704852503,1.5707626342773438,0.5138854384422302,1
580,1788172099.1624637,-0.31802751978932703,-0.5904316722935066,0.28723490241059413,-1.2837630559345232,-2.8672957528736696,0.00011224921415608752,-1.9013775030719202,-1.9998639265643519,-1.039847199116842,-1.6726091543780726,1.5707626342773438,0.5113414525985718,1
581,1788172099.2078283,-0.31991361329471396,-0.5895579937288753,0.2872553712492601,-1.2838322283458605,-2.867277725819685,0.00011121332156333669,-1.9045065085040491,-2.000223938618795,-1.039271656666891,-1.6728242079364222,1.5707746744155884,0.5082573294639587,1
582,1788172099.2483842,-0.32149807464655095,-0.5888891962502486,0.28723176904449793,-1.2837529919227417,-2.8672987075782284,9.334340001651534e-05,-1.9070952574359339,-2.0006921927081507,-1.0386484305011194,-1.6729915777789515,1.5707626342773438,0.505617082118988,1
583,1788172099.288297,-0.3231365870671531,-0.5881020171515662,0.28723499262192936,-1.2839587371547074,-2.8672152361431364,1.6278205371540025e-05,-1.9098284880267542,-2.0009916464435022,-1.0381930510150355,-1.6731956640826624,1.5707746744155884,0.5030251145362854,1
584,1788172099.3279095,-0.32468254882301034,-0.5871812758644654,0.2871988853863876,-1.2836522288104013,-2.8673268375662664,-0.0002070585251781646,-1.9124897162066858,-2.0009077231036585,-1.038372818623678,-1.6732433477984827,1.5707626342773438,0.5001567602157593,1
585,1788172099.3695798,-0.32626965506323696,-0.5861205341594105,0.2871230857054877,-1.2836376529073539,-2.8673066699687606,-0.00046869787371726685,-1.9152825514422815,-2.0005601088153284,-1.0390318075763147,-1.6730998198138636,1.5707507133483887,0.4973607063293457,1
586,1788172099.4107785,-0.3275815811988433,-0.5849508778698126,0.287059053528316,-1.283338344228327,-2.867479337740244,-0.0007546462570229621,-1.9177635351764124,-1.9996126333819788,-1.0405295530902308,-1.6727283636676233,1.570798635482788,0.494660884141922,1
587,1788172099.4510255,-0.32894199441265803,-0.58360288967793,0.2871612916323165,-1.2837927028812206,-2.8673044646238877,5.4190287198111424e-05,-1.9203890005694788,-1.9979084173785608,-1.0428670088397425,-1.671579662953512,1.5707865953445435,0.4923449158668518,1
588,1788172099.489918,-0.32991872088468105,-0.5822164106561907,0.2871322110457091,-1.283907560811311,-2.8672503170445336,-3.8010885722894757e-07,-1.9224985281573694,-1.9959290663348597,-1.0458033720599573,-1.6706574598895472,1.5707865953445435,0.4903162121772766,1
589,1788172099.530382,-0.33099286026038477,-0.5806780409457275,0.2871485862877501,-1.2839082518052212,-2.867216815391363,-0.0001473613506884445,-1.9248235861407679,-1.993781868611471,-1.048847500477926,-1.6698558966266077,1.5707626342773438,0.4880002737045288,1
590,1788172099.5703118,-0.3320627247850389,-0.5790646351634016,0.2871251113114346,-1.2839857866834652,-2.8671679923307205,-0.0004644212335354938,-1.927197281514303,-1.9915264288531702,-1.052119557057516,-1.6690414587603968,1.5707626342773438,0.485684335231781,1
591,1788172099.6086173,-0.3329865215694951,-0.5775847696896503,0.28711702501375447,-1.2839629558552037,-2.867171758394722,-0.0003288675327527536,-1.9292948881732386,-1.9892223517047327,-1.0554869810687464,-1.6678922812091272,1.5707507133483887,0.48357248306274414,1
592,1788172099.6463995,-0.33362090973537867,-0.5759657518538814,0.2872157600389057,-1.2836394419090862,-2.867334936972552,-0.00021579125665850368,-1.9310691992389124,-1.9862473646747034,-1.0595381895648401,-1.6667431036578577,1.5707626342773438,0.48156774044036865,1
593,1788172099.685914,-0.33386355832180353,-0.5744190129190868,0.2870956547036507,-1.283833606840284,-2.8672187547941967,-0.0006072747944755852,-1.9322436491595667,-1.9830682913409632,-1.0643556753741663,-1.6653550306903284,1.5707507133483887,0.4805363416671753,1
594,1788172099.7250903,-0.3338616110417266,-0.5729067677492949,0.2871002840535508,-1.2833528824179334,-2.867442173692532,-0.00041746241372963053,-1.9330585638629358,-1.9794452826129358,-1.0695694128619593,-1.6636431852923792,1.5707507133483887,0.4793839752674103,1
595,1788172099.7654283,-0.3338180917446813,-0.5713200807743127,0.28719126406977946,-1.2833063648625709,-2.8674787204118073,-0.00035805571375337615,-1.933862034474508,-1.9756782690631312,-1.0747345129596155,-1.6622064749347132,1.5707626342773438,0.4785439670085907,1
596,1788172099.8033931,-0.3336697246597944,-0.5697585486283542,0.28722318293246424,-1.2834215189258555,-2.867464183097181,-9.40406697411146e-05,-1.9345091024981897,-1.971743408833639,-1.0803073088275355,-1.6603987852679651,1.5707865953445435,0.47796759009361267,1
597,1788172099.842217,-0.3332752504696932,-0.5681664501144118,0.2870771496399578,-1.283670092660174,-2.867282678644101,-0.0005369328628555343,-1.9347966353045862,-1.9676521460162562,-1.0864318052874964,-1.6586507002459925,1.570738673210144,0.47787171602249146,1
598,1788172099.880736,-0.33275034252847424,-0.5669939183031611,0.28711934568654635,-1.2836967011451124,-2.8673419609276234,-7.01133070358478e-05,-1.9347007910357874,-1.9640534559832972,-1.091501537953512,-1.6568792502032679,1.5707865953445435,0.47796759009361267,1
599,1788172099.9191895,-0.33174872101967123,-0.5654450779915163,0.2871304124415619,-1.2837766218276454,-2.867284937666841,-0.00027166497447155604,-1.934101406727926,-1.9592064062701624,-1.0982969442950647,-1.655060116444723,1.5707746744155884,0.4786282479763031,1
600,1788172099.959459,-0.33072823163260134,-0.5639927167860975,0.28714457151702,-1.283618173756755,-2.867345056863148,-0.0002099646517139674,-1.933418099080221,-1.9544675985919397,-1.1049488226519983,-1.6531084219561976,1.5707626342773438,0.47920385003089905,1
601,1788172099.998133,-0.32969834998208175,-0.5625450693083439,0.2873076782247571,-1.2837724562178887,-2.867313993126916,0.0003946089299179901,-1.932723347340719,-1.9495609442340296,-1.11151630083193,-1.6510613600360315,1.5707746744155884,0.47999632358551025,1
602,1788172100.0363545,-0.3285751136264022,-0.5611340333720407,0.2872949455710513,-1.2840266031342062,-2.8671890017938,0.0004368730127801498,-1.9318597952472132,-1.9448102156268519,-1.1182039419757288,-1.6490982214557093,1.5707626342773438,0.4810400605201721,1
603,1788172100.0766513,-0.32737391081963224,-0.5598178412339184,0.287174738864421,-1.2839527157517847,-2.867201792169363,-4.7555814352377423e-05,-1.9308293501483362,-1.940371338521139,-1.1246278921710413,-1.6474221388446253,1.5707626342773438,0.48202425241470337,1
604,1788172100.117734,-0.3260488195983241,-0.5586547476365173,0.2872166028986129,-1.2838098041309698,-2.8672463300183337,-0.00019283998844992425,-1.9295228163348597,-1.936028305684225,-1.1305363813983362,-1.6459501425372522,1.5707507133483887,0.483236163854599,1
605,1788172100.1552792,-0.3244081350931844,-0.5580609308996309,0.287160028987399,-1.2837935993652783,-2.8672926084847714,-0.00019479658243431338,-1.9274490515338343,-1.9325011412249964,-1.1355708281146448,-1.6444419066058558,1.5707865953445435,0.48528847098350525,1
606,1788172100.1969714,-0.3228953809993178,-0.5575771263643593,0.2872196485583094,-1.2837160895743056,-2.8673419598394463,0.00012737318789317,-1.9254830519305628,-1.929298226033346,-1.1398971716510218,-1.6431129614459437,1.5707865953445435,0.48719659447669983,1
607,1788172100.2373555,-0.3214527732727394,-0.5572925163883834,0.28721520267975315,-1.2835777408733973,-2.8673916435278763,-0.0001334113590010399,-1.9235056082354944,-1.9268625418292444,-1.1432293097125452,-1.6423829237567347,1.5707865953445435,0.4890807271003723,1
608,1788172100.2767189,-0.3206695077795982,-0.5572463881513975,0.287184531312507,-1.2835559955792688,-2.867387409703996,-0.00014927186609026532,-1.9223664442645472,-1.925734821950094,-1.1448591391192835,-1.6418917814837855,1.5707746744155884,0.49020835757255554,1
609,1788172100.3143978,-0.32003274035701473,-0.5572899274442586,0.2870217361953059,-1.2834999128385696,-2.8674413197278175,-9.658327645778287e-05,-1.9214075247394007,-1.924955193196432,-1.1463573614703577,-1.6411379019366663,1.570798635482788,0.49112066626548767,1
610,1788172100.354018,-0.3195922575261457,-0.5572991574783303,0.28613162463430497,-1.2834879245829407,-2.867412703442725,1.6507325544939316e-05,-1.9207361380206507,-1.92419940630068,-1.149689022694723,-1.6384924093829554,1.5707626342773438,0.4917925298213959,1
611,1788172100.3961406,-0.3190411779839993,-0.5574347056129878,0.28405915775380464,-1.2837148864309498,-2.8673153346037443,-0.00016260426301484366,-1.9198492209063929,-1.9235151449786585,-1.1558974424945276,-1.6330817381488245,1.5707746744155884,0.4928366541862488,1
612,1788172100.4343963,-0.3185122148412957,-0.5576828236364919,0.28158464360309204,1.2847590254380907,2.8668746300178247,-4.759922351847633e-05,-1.918938461934225,-1.9229396025287073,-1.1630409399615687,-1.6263778845416468,1.570798635482788,0.4944687485694885,1
613,1788172100.47396,-0.3182267836027158,-0.5578305101724225,0.27922820904686374,-1.285998043260036,-2.8663187350631985,-0.00015109817360503365,-1.9184349218951624,-1.922663990651266,-1.1694048086749476,-1.6204164663897913,1.570798635482788,0.4958368241786957,1
614,1788172100.5121908,-0.3182577876106644,-0.5578105492363957,0.2760880541231727,-1.2886576818442312,-2.8651077601062127,4.368328257601738e-05,-1.918483082448141,-1.9222200552569788,-1.1780579725848597,-1.612084690724508,1.5707746744155884,0.49764907360076904,1
615,1788172100.5504336,-0.31826229958279273,-0.5578521173070514,0.2727793191140454,-1.2911223322897196,-2.8639718818223256,4.880363481043404e-05,-1.9184587637530726,-1.9220040480243128,-1.186796013508932,-1.6035612265216272,1.5707507133483887,0.4994010031223297,1
616,1788172100.5901597,-0.31826503145831553,-0.5577560478589307,0.2695461406177293,-1.293969609910754,-2.8626736061263265,-0.00043649128153556467,-1.9185188452350062,-1.9217403570758265,-1.195329491292135,-1.595600430165426,1.5707626342773438,0.5013331174850464,1
617,1788172100.6283154,-0.31824351176101623,-0.5578082600026354,0.266364456772069,-1.2963423218339638,-2.861607999176952,-0.0002833328061909802,-1.9184587637530726,-1.9216082731830042,-1.2036474386798304,-1.5873168150531214,1.5707626342773438,0.5030490756034851,1
618,1788172100.6667964,-0.31824840454571474,-0.5577846584434654,0.26377442037660837,-1.298542844923108,-2.8606162828763453,-0.0004094583283913956,-1.918483082448141,-1.9215243498431605,-1.2103470007525843,-1.5807808081256312,1.5707746744155884,0.5045613646507263,1
619,1788172100.7062633,-0.31823637377486413,-0.5577896581055621,0.26055318589869525,-1.3008552941973373,-2.8595990180647815,-0.00027649573094974314,-1.9184711615191858,-1.9214275519000452,-1.218713108693258,-1.5724247137652796,1.570798635482788,0.5061814785003662,1
620,1788172100.745301,-0.3182404830021598,-0.5577929294804165,0.2573537127456904,-1.3033037080814955,-2.858471810976289,-0.0002533138507350252,-1.9184711615191858,-1.9214518705951136,-1.226839844380514,-1.5642598311053675,1.5707865953445435,0.5078974366188049,1
621,1788172100.783486,-0.31823947890728665,-0.5577741032710919,0.2542656833437134,-1.3056460452425267,-2.857383953082065,-0.00011511420408897284,-1.9184711615191858,-1.9214399496661585,-1.2347500959979456,-1.5562751928912562,1.5707626342773438,0.5095415711402893,1
622,1788172100.8219936,-0.3182434858888195,-0.5577550313746148,0.2510622335401419,-1.3081271775865908,-2.8562381061199655,-7.321947918096309e-05,-1.918483082448141,-1.9215362707721155,-1.2427924315081995,-1.5481107870685022,1.5707507133483887,0.5112695097923279,1
623,1788172100.8602076,-0.3182354163673173,-0.5577789485413004,0.24793910562989185,1.3104737236882638,2.8552046301450122,-0.00039469973970430186,-1.9184711615191858,-1.9216201941119593,-1.2507150808917444,-1.539802376423971,1.5707865953445435,0.5129135847091675,1
624,1788172100.8998044,-0.31824543016229817,-0.5577301892782287,0.2447238150556165,-1.3127695128823227,-2.854107703340613,0.00016061185188137643,-1.918495003377096,-1.9218838850604456,-1.2585180441485804,-1.5318892637835901,1.570738673210144,0.514509379863739,1
625,1788172100.9391017,-0.31823505650380185,-0.5577619000348057,0.24220952541490592,-1.3148036095661513,-2.8532067626959643,0.0003127501053358266,-1.9184711615191858,-1.9221480528460901,-1.264594856892721,-1.5254491011248987,1.5707626342773438,0.5159493684768677,1
626,1788172100.9779396,-0.31823728300723286,-0.5577519883848563,0.23893724615363954,-1.3172344248417878,-2.8520415089770585,1.8938032459010523e-05,-1.9184711615191858,-1.9226282278644007,-1.2722418943988245,-1.5175116697894495,1.570738673210144,0.5176653265953064,1
627,1788172101.0162165,-0.31821452571620146,-0.5577363403817122,0.23563559911103532,-1.3199130640108847,-2.850827840901908,-0.0002261210465389357,-1.9184587637530726,-1.92311937013735,-1.2799609343158167,-1.5094550291644495,1.5707746744155884,0.5195498466491699,1
628,1788172101.0549078,-0.31822316696010505,-0.5577371595511771,0.2324712426370443,-1.3222765224705133,-2.8497393693466324,-0.00010967199710700374,-1.9184711615191858,-1.9235990683185022,-1.2874038855182093,-1.501457993184225,1.5707746744155884,0.5211939811706543,1
629,1788172101.0969841,-0.31824181448517175,-0.5577202128787705,0.22933246829160814,-1.325097607717127,-2.848385788296972,-0.0001576476625088495,-1.918495003377096,-1.9241631666766565,-1.2946432272540491,-1.4936884085284632,1.570738673210144,0.5231620073318481,1
630,1788172101.1378582,-0.31822301351114535,-0.5577367361257248,0.22614915314507383,-1.3278168646513069,-2.8471693211569304,8.291030428415805e-06,-1.9184711615191858,-1.924751106892721,-1.3020027319537562,-1.4856317679034632,1.5707746744155884,0.5250821113586426,1
631,1788172101.175686,-0.3182171427292529,-0.557566616853223,0.2229000905207368,1.330481811473904,2.845927570196524,-8.086381931897841e-05,-1.9185670057879847,-1.9250629583941858,-1.309901539479391,-1.4773715178119105,1.5708105564117432,0.5268579721450806,1
632,1788172101.214457,-0.3183272326304216,-0.5566916265861004,0.2196505395923239,-1.33313632916758,-2.844666200019799,-0.00024828888685538974,-1.919189755116598,-1.924211327229635,-1.3193467299090784,-1.4689915815936487,1.5707746744155884,0.5281062126159668,1
633,1788172101.255323,-0.3183327571321758,-0.5557431113558923,0.21639897224517216,-1.336014067344235,-2.8432560605066026,-0.000349622752519522,-1.9196937719928187,-1.9230716864215296,-1.3292353788958948,-1.4603117148028772,1.570726752281189,0.5296421051025391,1
634,1788172101.2948222,-0.31836156775340335,-0.5545809877344631,0.21319397779561464,-1.339055785413439,-2.841887291605623,-0.00040956377294183325,-1.9203890005694788,-1.9215605894671839,-1.3395312468158167,-1.451559845601217,1.5707865953445435,0.5310700535774231,1
635,1788172101.3332417,-0.31836614251353645,-0.5537190030043371,0.21010279388071926,-1.3422108919392797,-2.840403629583976,8.469447699670812e-05,-1.9208563009845179,-1.920504395161764,-1.3490007559405726,-1.4428327719317835,1.5707626342773438,0.5328223705291748,1
636,1788172101.3747885,-0.3182933967571669,-0.5536081085136076,0.20689551475178422,-1.3452905220709643,-2.838936893245191,-6.068573379159985e-05,-1.9208081404315394,-1.9212477842914026,-1.3562043348895472,-1.4349787870990198,1.5707626342773438,0.5350421071052551,1
637,1788172101.4182909,-0.31829865430971305,-0.5535719725552328,0.20372511116218633,-1.3490443755702042,-2.8371739961141706,-0.00017524753996995876,-1.9208443800555628,-1.9222796599017542,-1.3629291693316858,-1.4272931257831019,1.5707865953445435,0.5376460552215576,1
638,1788172101.4604235,-0.31830220403467985,-0.5536322352763465,0.20057791202897918,-1.3529096591123204,-2.835339247589578,0.0003182462402976379,-1.9208081404315394,-1.9233596960650843,-1.369629208241598,-1.4191997686969202,1.5707626342773438,0.5404061675071716,1
639,1788172101.5032248,-0.31825769991713077,-0.5535461248651267,0.19667597703139045,-1.3576533969447275,-2.8330246329177045,-0.00016745643327438825,-1.9207842985736292,-1.924739185963766,-1.3777201811419886,-1.4100411573993128,1.5707507133483887,0.5437902212142944,1
640,1788172101.5478895,-0.31827542769443373,-0.5535588838611154,0.19354512855394765,-1.3618453807772446,-2.8310420604098474,7.680957684282707e-05,-1.9208081404315394,-1.925938908253805,-1.3841927687274378,-1.4022114912616175,1.5707626342773438,0.5467184782028198,1
641,1788172101.590918,-0.3182765474344629,-0.5536056969690435,0.18978332073322654,-1.3664540777846397,-2.8288377234667563,0.0003190974147582503,-1.9207842985736292,-1.9275105635272425,-1.3917925993548792,-1.3928850332843226,1.5707626342773438,0.5499946475028992,1
642,1788172101.634247,-0.31831585046837474,-0.5534412502773952,0.1864875492233852,-1.3702118206554954,-2.8269960962957246,0.00017495762240930847,-1.9209283033954065,-1.9286859671222132,-1.398684326802389,-1.38491136232485,1.5707507133483887,0.5525147318840027,1
643,1788172101.6729596,-0.3183050365689109,-0.5529363573231069,0.18317393763989162,-1.373971716770911,-2.825160945722881,-0.00014356017095732963,-1.9211919943438929,-1.9292262236224573,-1.406487766896383,-1.376770321522848,1.5707626342773438,0.5549145936965942,1
644,1788172101.7122843,-0.3183670158724242,-0.551566247745721,0.1799385650787892,-1.3780522316390262,-2.8231666855928914,-0.0005921751620660695,-1.9220431486712855,-1.9281466642962855,-1.4163287321673792,-1.368293587361471,1.5707865953445435,0.5569548606872559,1
645,1788172101.7551382,-0.31839056585401876,-0.5499792727949929,0.17683309377098225,-1.3817949387646695,-2.8213420193959386,-0.0001531758497506125,-1.9229419867144983,-1.9263108412372034,-1.427032772694723,-1.3591468969928187,1.5707626342773438,0.5587068200111389,1
646,1788172101.7971838,-0.3184246102729259,-0.5479622380941815,0.17289907577179509,-1.38696846920019,-2.818796990133894,-0.0005861319602282081,-1.9241164366351526,-1.9243910948382776,-1.439894978200094,-1.3484790960894983,1.5707865953445435,0.5612029433250427,1
647,1788172101.8388102,-0.3184379285757434,-0.546406537981917,0.16970304154783725,-1.390882487799068,-2.8168482393926326,-0.0004845808111977982,-1.9249919096576136,-1.9229276815997522,-1.450299088154928,-1.3394759337054651,1.5707626342773438,0.5631110072135925,1
648,1788172101.882245,-0.318415993410992,-0.5448173315166933,0.16653986672591173,-1.3949465632013829,-2.8148660459345836,-0.0004646345569736502,-1.925854508076803,-1.9214399496661585,-1.4606555143939417,-1.3305919806109827,1.5707865953445435,0.5651270151138306,1
649,1788172101.9277887,-0.31817748261807444,-0.5429056915489731,0.1626499861864863,-1.399703272059459,-2.812495976168547,-0.0003866191411578197,-1.9265616575824183,-1.919532601033346,-1.4735296408282679,-1.3195765654193323,1.5707746744155884,0.5678032040596008,1
650,1788172101.9700112,-0.3178229112372539,-0.541318839486232,0.15949741488280886,-1.4033877042700562,-2.8106369871696524,-0.00032294753720535916,-1.9269092718707483,-1.917805020009176,-1.4842341581927698,-1.310561482106344,1.5707507133483887,0.5700828433036804,1
651,1788172102.012845,-0.3171272501615279,-0.5397891688564154,0.15631502080542012,-1.4070920693528333,-2.8088111811550114,-0.0004919599339607718,-1.926729981099264,-1.915957276021139,-1.4951661268817347,-1.3015816847430628,1.5707865953445435,0.5728912949562073,1
652,1788172102.0567605,-0.31580105228699706,-0.5381430089309424,0.1525712420301567,-1.4115088862423704,-2.806598088992155,7.648630016839508e-05,-1.9256270567523401,-1.9133666197406214,-1.508747402821676,-1.2902310530291956,1.5707507133483887,0.5771393179893494,1
653,1788172102.0998766,-0.3145568535330292,-0.5369516001807942,0.14944911459778065,1.4155075675351076,2.8046018948544518,-0.0002980537409069344,-1.9244163672076624,-1.9115665594684046,-1.519559685383932,-1.2810714880572718,1.570798635482788,0.5811952352523804,1
654,1788172102.1405573,-0.31277236289565746,-0.5356025651877776,0.14544857915165457,-1.4201730667121206,-2.802208098318058,-0.0002741713326934906,-1.9224265257464808,-1.9097431341754358,-1.532637898121969,-1.2701876799212855,1.5707626342773438,0.5865233540534973,1
655,1788172102.1828787,-0.31133105694029506,-0.5345857473371776,0.14229756634139257,-1.424195383929959,-2.8002146447140492,0.00013873219894364522,-1.9207842985736292,-1.9081957975970667,-1.5432584921466272,-1.260848347340719,1.5707746744155884,0.5910233855247498,1
656,1788172102.2260225,-0.30998154818465357,-0.5334842141857917,0.13913867308775094,-1.4283269795833422,-2.7981032164133945,0.0003708704614438589,-1.9193099180804651,-1.906719986592428,-1.5537951628314417,-1.251641575490133,1.5707507133483887,0.5954515933990479,1
657,1788172102.2676666,-0.3085160027045502,-0.5323154973884718,0.13584070379968502,-1.431761153852904,-2.796328050394119,-0.0001509554526759271,-1.9177034536944788,-1.9053762594806116,-1.564427677785055,-1.2426846663104456,1.5707746744155884,0.5995191335678101,1
658,1788172102.310575,-0.3068584428069817,-0.5311727221347717,0.1320655211010981,1.436275906381567,2.7940095786224095,-0.0004050998621812964,-1.915774170552389,-1.9040206114398401,-1.5765708128558558,-1.231537167225973,1.570798635482788,0.6046794652938843,1
659,1788172102.3519936,-0.30567408548606645,-0.5303301850128709,0.12892354275378104,1.4407120917293734,2.7917511540254725,-0.0005460565185538502,-1.9143832365619105,-1.9034932295428675,-1.585825268422262,-1.2227242628680628,1.5707626342773438,0.6092394590377808,1
660,1788172102.3943553,-0.3048972463651159,-0.5299139742881216,0.12560316589030307,-1.444657625153724,-2.789691597525221,4.4298619635921256e-05,-1.9134004751788538,-1.904644791279928,-1.5931738058673304,-1.2145465056048792,1.5707626342773438,0.6130556464195251,1
661,1788172102.438986,-0.30481911242386267,-0.5297893077671032,0.1218240422695003,-1.4492757673827688,-2.7872976340047773,-7.024374036347696e-05,-1.9133523146258753,-1.907487694417135,-1.5995267073260706,-1.2054227034198206,1.5707746744155884,0.6164153814315796,1
662,1788172102.4822488,-0.3048603741212655,-0.5298369971839408,0.11865581807815956,-1.4530854249923222,-2.785306821477424,0.0002744131763727298,-1.9133766333209437,-1.9102233091937464,-1.6044538656817835,-1.1975434462176722,1.570738673210144,0.6191275715827942,1
663,1788172102.5240095,-0.3048564868108606,-0.5299072753578777,0.11553153308262909,1.45709822850505,2.7832193995175234,-0.0006616118712943185,-1.9133403936969202,-1.9129584471331995,-1.6092851797686976,-1.1897247473346155,1.5707626342773438,0.6220434308052063,1
664,1788172102.5664585,-0.3048383889783321,-0.5298129802465246,0.11165209960466527,-1.462407537024458,-2.7804377918746996,0.00013951457400084854,-1.9133647123919886,-1.9163296858416956,-1.6151703039752405,-1.1808040777789515,1.5707626342773438,0.6258349418640137,1
665,1788172102.6069632,-0.3048505788740832,-0.5298339994987323,0.10837328353869366,-1.4668651014941965,-2.7781005017723146,0.0001190765218671696,-1.9133766333209437,-1.9193528334247034,-1.6199896971331995,-1.1729729811297815,1.5707746744155884,0.629027247428894,1
666,1788172102.6509087,-0.3048576016806375,-0.5298455081078797,0.10517780140644159,-1.4709994983317911,-2.775918091303486,0.0002923016585223995,-1.9133766333209437,-1.9222796599017542,-1.62476092973818,-1.1651652495013636,1.5707626342773438,0.6320034861564636,1
667,1788172102.6906226,-0.30448649100456593,-0.5297792544674262,0.10128476957420823,-1.4756435922935867,-2.773410353761925,-0.00023280498248182246,-1.9128368536578577,-1.9255426565753382,-1.6308987776385706,-1.1561005751239222,1.5707746744155884,0.6359032392501831,1
668,1788172102.72968,-0.30401761764316093,-0.5299146703560978,0.09884933886080258,1.4787759910378082,2.7717895679716142,-0.0003708621406384611,-1.9120219389544886,-1.927462402974264,-1.6350820700274866,-1.1496108214007776,1.5707626342773438,0.6389632821083069,1
669,1788172102.7697864,-0.3028947314431231,-0.5302425431351251,0.09562632969329282,1.4828479649669923,2.7696048519758394,-6.613618743821105e-05,-1.9100921789752405,-1.930077854787008,-1.6403449217425745,-1.1419232527362269,1.570798635482788,0.6438348889350891,1
670,1788172102.812497,-0.30209026280151813,-0.5304952739128137,0.0924511923754576,1.4876194212653184,2.7670107253556333,-0.0003665234099917881,-1.908689324055807,-1.9327529112445276,-1.6455114523517054,-1.133888069783346,1.570798635482788,0.6486952304840088,1
671,1788172102.8553047,-0.30122051034766245,-0.5305863899410675,0.08858962423956945,-1.4934554137722171,-2.763888822281111,3.723944039251142e-05,-1.9072631041156214,-1.9359682242022913,-1.6517565886126917,-1.124643627797262,1.5707746744155884,0.6543349623680115,1
672,1788172102.898437,-0.30071553781018495,-0.5306681933426162,0.08546640747927164,-1.4981788148608264,-2.7613272158532043,1.827189336820215e-06,-1.9064238707171839,-1.9387996832477015,-1.6565402189837855,-1.1170514265643519,1.5707746744155884,0.6585949659347534,1
673,1788172102.9404259,-0.30076158997189695,-0.5306772815567671,0.08164148321717976,1.503814736879287,2.7582760809554308,-0.00018286547349795365,-1.9064958731280726,-1.9428184668170374,-1.661670986806051,-1.1077831427203577,1.5707865953445435,0.662602961063385,1
674,1788172102.9829967,-0.30076646179028477,-0.530704701090416,0.07846182810508312,-1.5088229219783866,-2.7555324577848332,5.884475224476693e-05,-1.9064839521991175,-1.9462855497943323,-1.665722672139303,-1.1003463904010218,1.5707746744155884,0.6662502884864807,1
675,1788172103.0238845,-0.30077147686588407,-0.5306830325964202,0.07528782321585023,-1.5140615364987564,-2.7526576109620153,-5.3532968498593926e-05,-1.9065082708941858,-1.9497044722186487,-1.6698463598834437,-1.0928743521319788,1.5707865953445435,0.6700301766395569,1
676,1788172103.0667975,-0.30079925045829686,-0.5307243084701326,0.07222404041994712,1.5191483823033853,2.749858430612498,-0.00041873574160807616,-1.906520191823141,-1.9530518690692347,-1.6738742033587855,-1.085198227559225,1.5707626342773438,0.6737145781517029,1
677,1788172103.110021,-0.30056104700812236,-0.5305962038593814,0.06821259150873174,-1.5249076604741068,-2.7465637408792016,-0.0007365855308533633,-1.9062202612506312,-1.957310978566305,-1.6790412108050745,-1.0765164534198206,1.5707746744155884,0.6782382130622864,1
678,1788172103.153357,-0.30038084855771097,-0.5306550548105421,0.06517424669788052,-1.5296660728518139,-2.744026405197746,2.408827868949955e-05,-1.9059088865863245,-1.9604900519000452,-1.6833327452289026,-1.068552319203512,1.5707865953445435,0.681982159614563,1
679,1788172103.1972945,-0.30011188781779374,-0.5306488998567759,0.062057808522282515,-1.5344216108287236,-2.7413703333542734,2.6325082840173878e-05,-1.9054887930499476,-1.9637768904315394,-1.6875765959369105,-1.0610201994525355,1.5707865953445435,0.6858699321746826,1
680,1788172103.2394927,-0.29983087040247475,-0.5306111005391857,0.05816738720965173,-1.540516506336991,-2.737861974688467,-0.0004298879065401092,-1.905057732258932,-1.9680598417865198,-1.6925514380084437,-1.0520618597613733,1.5707626342773438,0.6907778382301331,1
681,1788172103.2796476,-0.2996362515145547,-0.5306734784749683,0.055006575595598295,-1.5455661018246072,-2.7350746094682963,-8.005286867774359e-05,-1.9047215620623987,-1.9716351667987269,-1.6966031233416956,-1.044206444417135,1.5707746744155884,0.6947858333587646,1
682,1788172103.3212566,-0.2993908650153933,-0.5306487070696583,0.051845595066529804,-1.5504424591495134,-2.7323241480284426,-0.0003089392473499584,-1.9043620268451136,-1.9751861731158655,-1.7006071249591272,-1.036793057118551,1.5708105564117432,0.6987095475196838,1
683,1788172103.364351,-0.299218574200187,-0.5306862686549385,0.04872066031269803,1.5550669187832873,2.7297039660931968,0.0001076529885239877,-1.904074494038717,-1.9788335005389612,-1.7044556776629847,-1.0291646162616175,1.5708225965499878,0.7023808360099792,1
684,1788172103.4048731,-0.2988767386392543,-0.5307634363503254,0.04497084648336913,-1.5608295004806667,-2.726375234657589,-0.00020481860255206413,-1.9034751097308558,-1.9832723776446741,-1.7089389006244105,-1.0203145186053675,1.5707746744155884,0.7072168588638306,1
685,1788172103.4481406,-0.2984463836284132,-0.5308506456758507,0.041887089053882914,-1.5660116879583665,-2.7233596244049734,-0.0004011153975184288,-1.9027441183673304,-1.9868953863727015,-1.7126668135272425,-1.0130932966815394,1.5707626342773438,0.7117648720741272,1
686,1788172103.4899147,-0.2972927437942618,-0.5314569004504692,0.03917321693715367,1.5708491409323573,2.720647776404863,-0.0003204442664282236,-1.9005988279925745,-1.9900983015643519,-1.7161076704608362,-1.005979363118307,1.5707746744155884,0.7174404859542847,1
687,1788172103.5332243,-0.29546267314818186,-0.5322901121839698,0.03617873235366076,-1.5752539709285571,-2.71805277330108,-0.0001892096012415424,-1.8972538153277796,-1.9937098662005823,-1.7195599714862269,-0.9992488066302698,1.5707626342773438,0.7240400910377502,1
688,1788172103.576811,-0.2939717624158639,-0.5329940634561926,0.03450188127525608,-1.5778596114989119,-2.716563294299182,-0.00031910255258054646,-1.8945329825030726,-1.9956892172442835,-1.721597973500387,-0.9953087011920374,1.570798635482788,0.7286716103553772,1
689,1788172103.6183972,-0.2924987734051915,-0.5337467332573844,0.033501419477409256,-1.5798174395170836,-2.7154225373918868,-5.437636910129927e-05,-1.8917878309832972,-1.996828858052389,-1.722940746937887,-0.9926617781268519,1.5707626342773438,0.7328593134880066,1
690,1788172103.6612737,-0.29064306911123233,-0.5346072054798655,0.03313866238546262,-1.5805376476480038,-2.7150004693901804,-0.00034356330861460405,-1.8884075323687952,-1.9970930258380335,-1.7235878149615687,-0.9919312636004847,1.570798635482788,0.7367710471153259,1
691,1788172103.7041178,-0.28934420175574826,-0.5353730132411525,0.0332343309446371,-1.580205436577816,-2.7152071280007517,-7.700018039776514e-05,-1.8859384695636194,-1.9970205465899866,-1.7234562079059046,-0.9919670263873499,1.5707746744155884,0.7389911413192749,1
692,1788172103.743175,-0.28834985162957216,-0.5360295748926869,0.033282678823421424,-1.5800581088788208,-2.7153249456376662,0.00012438419717967757,-1.8840201536761683,-1.9971287886248987,-1.7231805960284632,-0.9920032660113733,1.5707746744155884,0.7407906651496887,1
693,1788172103.7851508,-0.28817935572722525,-0.5362171683647196,0.03325972041650732,-1.5800469782760451,-2.7153060049714997,5.448391782028178e-05,-1.8836482206927698,-1.9973447958575647,-1.7229049841510218,-0.9921110312091272,1.5707626342773438,0.7411625385284424,1
694,1788172103.8243754,-0.2882003665628697,-0.5362061823786048,0.033252344627615366,-1.5800878367239917,-2.7153006427614823,-7.675994526187744e-06,-1.8836963812457483,-1.997368637715475,-1.7228806654559534,-0.9921467939959925,1.5707865953445435,0.7411385774612427,1
695,1788172103.865415,-0.28825269837064477,-0.5364054963770546,0.033290174142043355,1.580103751424731,2.7152890802973797,-0.00025393337455353583,-1.8836725393878382,-1.9976685682879847,-1.7223532835589808,-0.9922063986407679,1.5707746744155884,0.7411748766899109,1
696,1788172103.9090028,-0.2884325898118776,-0.5366963397612001,0.03326125447831882,-1.5799339839963114,-2.7153746736891886,7.277382846438595e-05,-1.8838041464435022,-1.99843675294985,-1.7212265173541468,-0.992685619984762,1.5707626342773438,0.7409224510192871,1
697,1788172103.9521077,-0.2895508300152466,-0.5374867908154247,0.03335466395473338,1.5802557247162896,2.7151825826064466,-0.00045855644636704884,-1.8851702849017542,-2.000716034566061,-1.7175100485431116,-0.9938715139972132,1.5707626342773438,0.7397948503494263,1
698,1788172103.9918127,-0.2905156824855229,-0.5379988371008783,0.03324646474386797,-1.5803030598776904,-2.7151546723953874,-0.00013880798910032903,-1.8864415327655237,-2.0028274695025843,-1.7144773642169397,-0.9951766172992151,1.5707865953445435,0.7385585904121399,1
699,1788172104.0338507,-0.2911482653377523,-0.5383375465539535,0.03320286593123639,-1.58050586025819,-2.71498049109581,-0.0003155382219875686,-1.8872564474688929,-2.0041354338275355,-1.7125590483294886,-0.9959071318255823,1.5707626342773438,0.7379110455513,1
700,1788172104.07439,-0.2911184292082243,-0.5384956685455954,0.03321188693672916,-1.5804454070959044,-2.7150631045107385,-0.0001945009138662033,-1.8871367613421839,-2.0043509642230433,-1.7122233549701136,-0.9959433714496058,1.5707865953445435,0.7379710078239441,1
701,1788172104.1154635,-0.29117158228738055,-0.5385393827442061,0.033220034245202035,-1.5804987630677374,-2.7150058845331086,-9.11553184020171e-05,-1.8871844450580042,-2.004446808491842,-1.7120679060565394,-0.9959433714496058,1.5707507133483887,0.7379710078239441,1
702,1788172104.1572125,-0.2911625502105283,-0.5385667042578747,0.033217453155210824,-1.5805111165990144,-2.7150267289908943,-2.7868461092213628e-06,-1.887160603200094,-2.0044711271869105,-1.712055508290426,-0.9958713690387171,1.5707626342773438,0.7379949688911438,1
703,1788172104.198212,-0.2911638054041923,-0.5385419571137391,0.0331921500273305,-1.5805126009817234,-2.715029652190021,-0.00015861362323909184,-1.8871844450580042,-2.0044949690448206,-1.7120679060565394,-0.9959314505206507,1.5707865953445435,0.7379710078239441,1
704,1788172104.2388952,-0.29115895667098113,-0.5385414800169664,0.03320864141049265,-1.5804930633888015,-2.715033311012722,-0.00011807369052561361,-1.8871725241290491,-2.0044592062579554,-1.7120798269854944,-0.9959314505206507,1.5707746744155884,0.7379710078239441,1
705,1788172104.280666,-0.2911580752153984,-0.5385530342755821,0.03320458569606097,-1.5804384795303705,-2.715051578080724,-0.00011338408766573365,-1.887160603200094,-2.0044830481158655,-1.712055508290426,-0.9959314505206507,1.5707626342773438,0.7379470467567444,1
706,1788172104.3219035,-0.2911461167587847,-0.5385484216343773,0.03320864141049265,-1.5804281696723557,-2.715071086338515,-0.00011807368155465411,-1.887148682271139,-2.0044592062579554,-1.7120798269854944,-0.9959314505206507,1.5707746744155884,0.7379470467567444,1
707,1788172104.3603332,-0.2911711467749313,-0.5385467996043258,0.03320881395256173,-1.5800986301234965,-2.715255158291398,-7.677361628499052e-05,-1.8871844450580042,-2.0044711271869105,-1.7120679060565394,-0.9959071318255823,1.5707626342773438,0.7376710176467896,1
708,1788172104.4037838,-0.29116301975452047,-0.5385593908257511,0.03322871851146872,-1.5786470342565866,-2.716094774889778,-1.6499066204020584e-05,-1.887160603200094,-2.004446808491842,-1.712055508290426,-0.9959071318255823,1.5707507133483887,0.7366272807121277,1
709,1788172104.445983,-0.2911685620489901,-0.5385619859163387,0.0332186146511429,-1.575257906426408,-2.7180664686070726,-7.689833888406929e-05,-1.8871725241290491,-2.0044830481158655,-1.7120197455035608,-0.9959433714496058,1.5707626342773438,0.734119176864624,1
710,1788172104.4877927,-0.2911844727806615,-0.5385787567774323,0.03324045975196585,-1.5715085775665876,-2.7202425163621533,5.5858489525809814e-05,-1.8871844450580042,-2.0044711271869105,-1.7119959036456507,-0.9958952108966272,1.5707507133483887,0.7313474416732788,1
711,1788172104.5293674,-0.29117441177872405,-0.5385798546459442,0.03323214960888918,-1.5661233272190178,-2.7233542919640583,1.5254112271481073e-05,-1.8871725241290491,-2.0044830481158655,-1.7119959036456507,-0.9959071318255823,1.5707626342773438,0.7273997664451599,1
712,1788172104.5704045,-0.2911637440303439,-0.5386055171146381,0.03326575297047171,1.5601422530836049,2.7267918287875905,-9.163992730100277e-05,-1.887160603200094,-2.0044592062579554,-1.7119477430926722,-0.9959195295916956,1.5708105564117432,0.7230198979377747,1
713,1788172104.6134012,-0.29116846435927446,-0.5386199365297929,0.033382079798872144,1.5517585849388886,2.731571590157317,-9.250169148942717e-05,-1.887160603200094,-2.004339043294088,-1.7117798964129847,-0.9962070623980921,1.5708105564117432,0.7168761491775513,1
714,1788172104.6539588,-0.2911443004460041,-0.538589041842463,0.033591282755002644,-1.5435613473648255,-2.7361810491729033,-0.00024667075744371246,-1.8871248404132288,-2.004063431416647,-1.7115042845355433,-0.9969857374774378,1.5707746744155884,0.7109248638153076,1
715,1788172104.696245,-0.29114601135655394,-0.5386436905637997,0.03406090423066713,1.5336367884374948,2.7417974917678287,-2.2947885436809514e-05,-1.8871129194842737,-2.0034993330584925,-1.7110007444964808,-0.997871224080221,1.5708105564117432,0.7036769986152649,1
716,1788172104.735826,-0.2911490094435244,-0.5386352648601205,0.03458081682281047,-1.5233143427888143,-2.747551379321156,-2.2068005159625456e-05,-1.8871129194842737,-2.0028274695025843,-1.7104490439044397,-0.9991286436664026,1.5707865953445435,0.6961535215377808,1
717,1788172104.7742205,-0.2911699209414708,-0.5386497305251807,0.035221338078829684,-1.5126094827942262,-2.753472358873458,0.00037840772012737937,-1.8871248404132288,-2.00196344057192,-1.7099102179156702,-1.0002787748919886,1.5707507133483887,0.6883536577224731,1
718,1788172104.816272,-0.29116154994910637,-0.5386504898261962,0.03577653248672674,1.5010680677594712,2.7597492246892474,-0.00033357904535403257,-1.8871248404132288,-2.001255814229147,-1.7093108336078089,-1.0016081968890589,1.5707865953445435,0.6799898147583008,1
719,1788172104.8583727,-0.29115003278291623,-0.5386153035298797,0.03636268697395842,1.4901067879324634,2.765710022824413,-0.00013398044853548186,-1.8871248404132288,-2.0004757086383265,-1.7086990515338343,-1.0031293074237269,1.5707865953445435,0.6720465421676636,1
720,1788172104.9003863,-0.29116198257045267,-0.5386375597089527,0.036939132827709414,1.4790986009493843,2.7715853336884897,-0.0002443484022516,-1.8871367613421839,-1.999768082295553,-1.7080639044391077,-1.0043986479388636,1.570798635482788,0.6640908718109131,1
721,1788172104.941945,-0.29115673020380795,-0.5386446011505216,0.03760412094296969,1.467728249778953,2.777623565846189,-0.00024896622128680294,-1.8871248404132288,-1.9989283720599573,-1.7073443571673792,-1.0059550444232386,1.570798635482788,0.6559067368507385,1
722,1788172104.9840662,-0.29117665700185025,-0.5386735541207136,0.03812479110012676,1.4596380777796683,2.7818791247237824,-0.00040291641865004726,-1.8871367613421839,-1.9983046690570276,-1.706756893788473,-1.007068936024801,1.5707865953445435,0.6500753164291382,1
723,1788172105.028231,-0.29113599369383986,-0.5386283468044036,0.03859239148193194,1.4519775091121683,2.785901040622443,-0.00016055160401785688,-1.8871005217181605,-1.9976447264300745,-1.706313435231344,-1.008326832448141,1.570798635482788,0.6446033716201782,1
724,1788172105.0688202,-0.2910284683483023,-0.5382439098970815,0.038998112738296176,-1.4444619938589929,-2.7897507522367686,-0.0005563676515374166,-1.8871248404132288,-1.9964926878558558,-1.7067206541644495,-1.009536091481344,1.5707865953445435,0.6392033696174622,1
725,1788172105.1105049,-0.29091154671090347,-0.5378581721097452,0.0394541021398814,1.4397361313071073,2.792267860943538,0.00013364828994772698,-1.887148682271139,-1.9950173536883753,-1.7076800505267542,-1.009775463734762,1.5708105564117432,0.6357710361480713,1
726,1788172105.1547496,-0.29077984624291414,-0.5371894617347003,0.03974274427442359,-1.4361324874688732,-2.794080155417849,-4.633503408547246e-05,-1.887268368397848,-1.9933016935931605,-1.709442440663473,-1.0096800963031214,1.5707626342773438,0.6330835223197937,1
727,1788172105.1971214,-0.2906126741492826,-0.5360944797183939,0.039965137166713155,-1.43302737951237,-2.7957072296085084,6.142406870599601e-06,-1.887580696736471,-1.9908784071551722,-1.7124751249896448,-1.0090330282794397,1.5707865953445435,0.6305395364761353,1
728,1788172105.2384517,-0.2904214500060744,-0.5349726059581681,0.040077975313469544,-1.4320206658975354,-2.796224542278681,0.00014000721948353388,-1.8878563086139124,-1.9885032812701624,-1.715771500264303,-1.0080273787127894,1.5707746744155884,0.6295433640480042,1
729,1788172105.2808652,-0.2902138879213335,-0.5336684795072437,0.04017200791181055,1.4316822944313132,2.796351112250895,-0.00047083041851495223,-1.8882158438311976,-1.9857671896563929,-1.7197039763080042,-1.0066140333758753,1.570798635482788,0.6289553642272949,1
730,1788172105.3231258,-0.2900614727183516,-0.5327119051657591,0.0400547720354045,-1.4316922016676175,-2.7963328741796256,-0.00015015692243812472,-1.8884552160846155,-1.9841840902911585,-1.7223413626300257,-1.0059674421893519,1.5707507133483887,0.6287268996238708,1
731,1788172105.3669057,-0.29002595778148565,-0.5324156417245419,0.03966961046497988,-1.431527646979837,-2.796424815830487,-0.00032471272247571874,-1.8885629812823694,-1.984147850667135,-1.7235282103167933,-1.004925552998678,1.5707746744155884,0.6284992098808289,1
732,1788172105.4079163,-0.29000846958445203,-0.5322110470194171,0.0384688991804884,-1.4316022140540257,-2.7963637832210733,-0.0006495033998399064,-1.8886469046222132,-1.9853718916522425,-1.7252424399005335,-1.0021947065936487,1.5707865953445435,0.6284752488136292,1
733,1788172105.4506016,-0.29001279887660886,-0.5321603143105259,0.036576128182408685,-1.4316133225530154,-2.7963429670590787,-0.0005415642103578914,-1.8886712233172815,-1.9876988569842737,-1.7274602095233362,-0.9975841681109827,1.5707626342773438,0.6284632682800293,1
734,1788172105.4934895,-0.29004652713863893,-0.5322033976859998,0.03325766638007291,-1.4305601768550507,-2.7969328793093897,-0.0002093097457803269,-1.8887069861041468,-1.992054287587301,-1.7309725920306605,-0.9895003477679651,1.5707746744155884,0.6276595592498779,1
735,1788172105.53729,-0.290055168634834,-0.5322663431336474,0.029947785420564255,-1.4296710770228274,-2.797388984523931,-7.320453489342662e-05,-1.8886831442462366,-1.9965046087848108,-1.734293286000387,-0.9816435019122522,1.5707626342773438,0.6270472407341003,1
736,1788172105.5794368,-0.29005810409850386,-0.5322472849484331,0.026736480423135256,-1.4292939565107372,-2.7976042472231173,-0.00011526913436586168,-1.8887069861041468,-2.0007641951190394,-1.7375901381122034,-0.9741104284869593,1.5707865953445435,0.6267472505569458,1
737,1788172105.6200612,-0.2900770200917136,-0.5322733210217456,0.022920608448414342,1.4291837284699984,2.7976782389670354,-0.0002769036206370398,-1.8887189070331019,-2.0058987776385706,-1.7414982954608362,-0.9648168722735804,1.5707746744155884,0.626651406288147,1
738,1788172105.6606796,-0.29007438645259376,-0.5322049044453938,0.019790573786045318,-1.4292508276726485,-2.797601735620834,-0.00033581966774274245,-1.8887551466571253,-2.010181252156393,-1.7444356123553675,-0.9579899946795862,1.5707865953445435,0.6266753673553467,1
739,1788172105.6990952,-0.2900885323888094,-0.5321901551075123,0.017676683286554667,-1.429334283823047,-2.7975171264680725,-0.00022358737778391713,-1.8887670675860804,-2.0130608717547815,-1.746545139943258,-0.9529359976397913,1.570738673210144,0.626735270023346,1
740,1788172105.7403154,-0.29009118820762986,-0.5322245133926333,0.016183901495689212,-1.4294314568471433,-2.7975418511516543,7.707553083164791e-05,-1.8887670675860804,-2.0151360670672815,-1.7480195204364222,-0.9491871039019983,1.5707746744155884,0.6267831921577454,1
741,1788172105.7797115,-0.29009213076437784,-0.5322562606785132,0.015408017508582839,-1.429335326465298,-2.797561745551699,5.9179936778175434e-05,-1.888742748891012,-2.016276184712545,-1.748655144368307,-0.9474266211139124,1.5707507133483887,0.6267472505569458,1
742,1788172105.818703,-0.2901378709952623,-0.5323663465251205,0.015501216005940704,1.4293767803280981,2.7975589134662204,-0.00046266673059899296,-1.8887670675860804,-2.0163000265704554,-1.7484033743487757,-0.9473908583270472,1.5707746744155884,0.6267472505569458,1
743,1788172105.8571353,-0.29014073585972183,-0.5324721831818658,0.015493073397192803,-1.4297132984468324,-2.797389289436796,0.0002449507942621179,-1.8887069861041468,-2.0165403524981897,-1.748007599507467,-0.9476903120623987,1.5707507133483887,0.6270472407341003,1
744,1788172105.8953402,-0.2899811131672882,-0.5333750248388814,0.015445040614525285,-1.4298729464697275,-2.797284034547201,0.00015466484778943446,-1.8879759947406214,-2.0180395285235804,-1.7457779089557093,-0.9484809080706995,1.570738673210144,0.6278992295265198,1
745,1788172105.9350314,-0.289502879140825,-0.5348427199837271,0.015459007426952442,-1.4301077199997734,-2.797199859684461,0.00010820420579771483,-1.8864653746234339,-2.0201271216021937,-1.7424333731280726,-0.9497621695147913,1.5707746744155884,0.6295673251152039,1
746,1788172105.9748998,-0.2892429644667712,-0.5363852175901538,0.015401347625021211,-1.4298768105283937,-2.7972817343392578,-0.00020983303487374856,-1.8852546850787562,-2.0227068106280726,-1.7384775320636194,-0.9513433615313929,1.5707746744155884,0.6306234002113342,1
747,1788172106.0162435,-0.28929461759961456,-0.5378771047298805,0.015484748252905273,-1.4296188975971185,-2.7974380861101587,0.00024361088255663154,-1.884559456502096,-2.025142017995016,-1.7344487349139612,-0.9526484648333948,1.5707507133483887,0.631127119064331,1
748,1788172106.0572197,-0.28948105108434746,-0.5391699276286813,0.015460516957988363,-1.4294467844826035,-2.7975119747996477,-0.00011732750351039008,-1.884200398121969,-2.0276735464679163,-1.7304452101336878,-0.9543493429767054,1.5707746744155884,0.6313672065734863,1
749,1788172106.0950317,-0.2898930453307137,-0.5401845968511688,0.015375783134730453,-1.4293394733568041,-2.797554025056979,-0.00022901219832011538,-1.884331528340475,-2.0299647490130823,-1.7270525137530726,-0.9555228392230433,1.5707746744155884,0.6311630606651306,1
750,1788172106.1342094,-0.29038967204875593,-0.5405042088417691,0.015402003041555895,-1.4294683775639523,-2.7975161651594407,-0.00010330646125821401,-1.8849552313434046,-2.030924622212545,-1.7254703680621546,-0.956062142048971,1.5707865953445435,0.6306234002113342,1
751,1788172106.1742215,-0.29061359170227535,-0.5406225644277718,0.015402032522088854,-1.4296678373995177,-2.797411651328143,-7.16740863573259e-06,-1.885242764149801,-2.031320397053854,-1.7248590628253382,-0.9562175909625452,1.5707746744155884,0.6304792165756226,1
752,1788172106.2174983,-0.2905801720751507,-0.5406217263792465,0.015407658743849945,-1.4297570432923898,-2.79737717177438,-2.8604471399623915e-05,-1.8851950804339808,-2.0312846342669886,-1.7248948256122034,-0.9562295118915003,1.5707865953445435,0.6305874586105347,1
753,1788172106.2589965,-0.29055633804530284,-0.5406523172401695,0.015417165934113825,1.429640637735203,2.7974413415483044,-6.161645708567079e-05,-1.885146443043844,-2.0312846342669886,-1.7248829046832483,-0.9561813513385218,1.570798635482788,0.6305515170097351,1
754,1788172106.3018553,-0.2905820898935313,-0.5406341491457297,0.015394437125642396,-1.4292934567378224,-2.7975896861424863,-3.455534133291012e-06,-1.8851826826678675,-2.031320397053854,-1.7248829046832483,-0.9561932722674769,1.5707626342773438,0.6302754878997803,1
755,1788172106.3439882,-0.2905630533421326,-0.5406375875676618,0.015399870683425021,-1.4277943107148592,-2.7983438942967935,1.7207296268060442e-05,-1.885146443043844,-2.0312965551959437,-1.7249072233783167,-0.9561813513385218,1.5707507133483887,0.6292433738708496,1
756,1788172106.386222,-0.29056168182214265,-0.5406365768066727,0.01542034234280884,-1.42457003988578,-2.8000305861196506,4.5347647193751856e-05,-1.8851583639727991,-2.0312607924090784,-1.7249072233783167,-0.9561932722674769,1.5707865953445435,0.6269150376319885,1
757,1788172106.426933,-0.2905606476662479,-0.5406245945747586,0.015403245055084114,-1.4193186345821078,-2.802676718824118,-7.295849480658026e-06,-1.8851583639727991,-2.0312727133380335,-1.7249310652362269,-0.9561932722674769,1.5707746744155884,0.6231714487075806,1
758,1788172106.4690585,-0.29056872194946726,-0.5406349436806358,0.015417115430617606,-1.4146311672095344,-2.8050628699300684,2.681027347486233e-05,-1.8851702849017542,-2.0312727133380335,-1.7248948256122034,-0.9562056700335901,1.5707865953445435,0.6198109984397888,1
759,1788172106.5090034,-0.2905637219358105,-0.5406428513015418,0.015412217185144239,-1.4114676085480942,-2.8066581331938876,4.604859544810618e-05,-1.8851583639727991,-2.0312846342669886,-1.7248948256122034,-0.9561813513385218,1.5707865953445435,0.6175673604011536,1
760,1788172106.5522053,-0.2905848796630213,-0.5406185137846075,0.015387919939055944,-1.4094505180873549,-2.807637070817328,-2.2351896138687575e-05,-1.8851950804339808,-2.0313084761248987,-1.7249186674701136,-0.9561813513385218,1.5707626342773438,0.6161034107208252,1
761,1788172106.5932846,-0.29055193802379137,-0.5406298941910848,0.01539281818036195,-1.4086001555443697,-2.808088222904261,-4.7267246937194576e-05,-1.885146443043844,-2.0312965551959437,-1.7249186674701136,-0.9562056700335901,1.5707865953445435,0.6155393719673157,1
762,1788172106.6342273,-0.29059054682869884,-0.5406271406964253,0.015390616979626237,-1.408738360191385,-2.8079832842633987,-1.0436913265939894e-06,-1.8851950804339808,-2.031320397053854,-1.7248948256122034,-0.9561813513385218,1.5707507133483887,0.6155993342399597,1
763,1788172106.6772263,-0.29057904704159665,-0.5406424813786792,0.015434213248837286,-1.4087240188186145,-2.808040092544018,8.232650522692103e-05,-1.8851826826678675,-2.0312607924090784,-1.7248709837542933,-0.9562056700335901,1.5707865953445435,0.6155873537063599,1
764,1788172106.7180607,-0.2905637773016035,-0.5406575061485194,0.015418734909559167,-1.408734367644045,-2.808019796347164,6.736372328253835e-05,-1.885146443043844,-2.0312965551959437,-1.7248590628253382,-0.9561932722674769,1.5707746744155884,0.6156352758407593,1
765,1788172106.756455,-0.2905758137415713,-0.5406172123647436,0.015257370314433333,1.4087249712802015,2.8080405303855662,1.3077989140633018e-05,-1.8851950804339808,-2.0314763228045862,-1.725062672291891,-0.9558580557452601,1.570798635482788,0.61557537317276,1
766,1788172106.7966714,-0.29054535894988753,-0.5405686835513809,0.01417808827571454,-1.4087196825575816,-2.807948788949415,-0.0005310954984290555,-1.8851583639727991,-2.032952133809225,-1.7259858290301722,-0.9537981192218226,1.5707626342773438,0.6156352758407593,1
767,1788172106.8353996,-0.2905503991319685,-0.5406307549874391,0.012418819165194966,-1.4086154439743992,-2.808034349654799,-0.00022378675786644724,-1.885134522114889,-2.035435501729147,-1.7275922934161585,-0.9495103994952601,1.5707626342773438,0.61557537317276,1
768,1788172106.8754666,-0.29056781671452514,-0.540661040154266,0.009815022933514106,-1.4086957733773977,-2.8080268000995017,7.908754628921579e-05,-1.885146443043844,-2.0390709082232874,-1.730013672505514,-0.9432585875140589,1.5707626342773438,0.6156113147735596,1
769,1788172106.918256,-0.2905853438517075,-0.5406376305156708,0.006539945953109111,-1.4087114163673427,-2.808013513446154,-0.00022203222508328853,-1.8851950804339808,-2.0437138716327112,-1.732830826436178,-0.935988728200094,1.5707865953445435,0.61557537317276,1
770,1788172106.9582536,-0.2905671157884417,-0.5406057891193901,0.003439224919085465,-1.4086171391398306,-2.8080370985687657,-0.00044122761544920504,-1.8851826826678675,-2.0480921904193323,-1.7355521360980433,-0.9290302435504358,1.5707865953445435,0.6155273914337158,1
771,1788172107.0008876,-0.29057860646621037,-0.5406886295981198,0.0013730841954181228,1.4082957664151323,2.808238566663864,-0.0002726461147429826,-1.8851583639727991,-2.05106765428652,-1.7374466101275843,-0.9237006346331995,1.5707865953445435,0.615311324596405,1
772,1788172107.044444,-0.29057865637251634,-0.5406710918289205,-0.00019701262379651086,-1.408330842249076,-2.8082245443158245,0.00021534230400014793,-1.8851583639727991,-2.0533116499530237,-1.7388008276568812,-0.920142952595846,1.5707626342773438,0.6153352856636047,1
773,1788172107.08742,-0.2905791645524872,-0.5406363173415327,-0.0005949738499811397,1.4083828136081094,2.8081995295958957,2.10685087889849e-05,-1.8851950804339808,-2.05387527147402,-1.7391122023211878,-0.919412914906637,1.5708105564117432,0.6153352856636047,1
774,1788172107.1297061,-0.2905819631963353,-0.5406579756966344,-0.0005319991176655492,-1.4082938134992846,-2.808234879275473,0.00013906499576974403,-1.8851702849017542,-2.053791348134176,-1.7390764395343226,-0.9194367567645472,1.5707626342773438,0.6152993440628052,1
775,1788172107.1730669,-0.29056541843586137,-0.5406802456817225,-0.000539058500315881,1.4081956080569125,2.808290521521867,-0.00013058888415198595,-1.885146443043844,-2.0538271109210413,-1.7390406767474573,-0.9194367567645472,1.570798635482788,0.6152514219284058,1
776,1788172107.2160597,-0.2906057393563269,-0.5408186636126945,-0.0005117762172572038,1.4083011269390415,2.808248839437687,-0.0001526779571779377,-1.885134522114889,-2.0540550390826624,-1.7385848204242151,-0.919652287160055,1.5707865953445435,0.6153352856636047,1
777,1788172107.2588384,-0.29066642377065505,-0.5409322242297334,-0.0005378611425906066,-1.40818204121765,-2.808263674378217,1.153381922487687e-05,-1.8851583639727991,-2.0543668905841272,-1.7381299177752894,-0.919891659413473,1.5707507133483887,0.6152394413948059,1
778,1788172107.3008862,-0.2907033861061638,-0.5410272092941686,-0.0005022396154021336,1.4081794347126755,2.8082559782782703,-0.00027453927505259,-1.8851950804339808,-2.054462734852926,-1.7379139105426233,-0.9198315779315394,1.5708225965499878,0.6152034401893616,1
779,1788172107.3444955,-0.2906845188187241,-0.5409966782831945,-0.0005286458569594976,-1.4080903414620947,-2.8083329080617836,0.00010203526454802747,-1.8851583639727991,-2.054462734852926,-1.7379620710956019,-0.919903580342428,1.5707626342773438,0.615167498588562,1
780,1788172107.3860757,-0.29069000252114535,-0.5409991331167177,-0.0005289804469100767,-1.4080811706536673,-2.808356813000438,0.00015474358083403077,-1.8851702849017542,-2.054462734852926,-1.737973992024557,-0.9198558966266077,1.5707746744155884,0.6151435375213623,1
781,1788172107.4278176,-0.2906870213810294,-0.540992225576338,-0.0005205484494678059,1.4080889257439064,2.8083288371625064,-0.00014629861301652025,-1.8851826826678675,-2.054438892995016,-1.737985912953512,-0.9198678175555628,1.5708105564117432,0.6151435375213623,1
782,1788172107.467168,-0.2906862018269885,-0.5410018544784595,-0.0005263888304091469,-1.4080751196310122,-2.808344534269022,0.00013906285942537805,-1.8851583639727991,-2.054462734852926,-1.7379620710956019,-0.9198797384845179,1.5707626342773438,0.6151555180549622,1
783,1788172107.5081484,-0.29067573579324246,-0.5410195472437214,-0.0005118842668974943,1.4080745314560925,2.808343157850433,-0.00020538537016388038,-1.885146443043844,-2.054450813923971,-1.7379496733294886,-0.9198558966266077,1.570798635482788,0.615167498588562,1
784,1788172107.5512717,-0.29069565534063047,-0.5409857465558758,-0.0005349576598553119,1.408163686904144,2.8083085323126746,-0.0001120764667497795,-1.8851950804339808,-2.054462734852926,-1.737985912953512,-0.9198678175555628,1.570798635482788,0.6151794791221619,1
785,1788172107.5932734,-0.2906683429872427,-0.5410056112378152,-0.0005482911087691389,1.4080244514225908,2.808369236863898,-7.15023719113663e-05,-1.885146443043844,-2.0544989744769495,-1.7379620710956019,-0.9198797384845179,1.5708105564117432,0.6151315569877625,1
786,1788172107.6340985,-0.29069541202696336,-0.5409826495150274,-0.0005300099698658522,-1.408158133867918,-2.808298916087689,0.0001020352588180522,-1.8851826826678675,-2.054450813923971,-1.737985912953512,-0.919891659413473,1.5707626342773438,0.6151914596557617,1
787,1788172107.674207,-0.29068663638120573,-0.5409887807663117,-0.0005334945000104452,-1.4081116149424553,-2.8083335605158704,8.068779736229373e-05,-1.8851702849017542,-2.054462734852926,-1.737973992024557,-0.919903580342428,1.5707746744155884,0.615167498588562,1
788,1788172107.7175083,-0.29070392773948905,-0.5409934963875148,-0.0005350565584505418,-1.4080991643571075,-2.808347789058064,0.00015474334675928022,-1.8851950804339808,-2.054474655781881,-1.737973992024557,-0.9198439756976526,1.5707746744155884,0.6151315569877625,1
789,1788172107.7576427,-0.29071152668188294,-0.5409702704527766,-0.0005337301145336704,-1.4081975320112512,-2.808292475847375,9.920139655562741e-05,-1.885218922291891,-2.054450813923971,-1.737997833882467,-0.9198797384845179,1.5707746744155884,0.6151794791221619,1
790,1788172107.795722,-0.29069334341123954,-0.5409851768598055,-0.0005334945000104452,-1.4085329221939187,-2.808122283446888,8.069083854066797e-05,-1.8851826826678675,-2.054462734852926,-1.737973992024557,-0.919903580342428,1.5707746744155884,0.615455150604248,1
791,1788172107.8331478,-0.2907085477565141,-0.5409844062865381,-0.000521441310354892,-1.4092768860427176,-2.807753012831849,0.00011772197472751294,-1.8852070013629358,-2.054450813923971,-1.7379620710956019,-0.919903580342428,1.5707746744155884,0.6159595847129822,1
792,1788172107.8710403,-0.2906943380479748,-0.5409816956472254,-0.0005248718937077845,1.4107938239067335,2.80699420800768,-5.5782867045295094e-05,-1.8851950804339808,-2.054450813923971,-1.7379620710956019,-0.9199398199664515,1.570798635482788,0.6170513033866882,1
793,1788172107.9129698,-0.2906933982300217,-0.5409764564710509,-0.0005394713244437632,-1.4125681001162516,-2.806077355827344,4.6566727287412926e-05,-1.8851826826678675,-2.054462734852926,-1.737985912953512,-0.9199155012713831,1.5707626342773438,0.6183350682258606,1
794,1788172107.9534729,-0.2906864383266331,-0.5409662032306268,-0.0005336621086430293,1.4136754125823712,2.8055490653772006,0.00011364728130687275,-1.8851950804339808,-2.054462734852926,-1.7379382292376917,-0.9200590292560022,1.5708105564117432,0.6191035509109497,1
795,1788172107.9953232,-0.2906988734693359,-0.5409401627164225,-0.000542130659512946,-1.4136482977546814,-2.805537494425139,-0.00016346054192204477,-1.885218922291891,-2.054450813923971,-1.737973992024557,-0.9200709501849573,1.5707865953445435,0.6190676093101501,1
796,1788172108.0378327,-0.2906872177516217,-0.5409365040098691,-0.0005481518762373017,-1.4136011565024122,-2.8055704397094137,-0.00020408802538642902,-1.8852070013629358,-2.054450813923971,-1.737985912953512,-0.9200833479510706,1.570798635482788,0.6190432906150818,1
797,1788172108.078951,-0.2906694262193658,-0.5409381150512086,-0.0005602038000153964,-1.4135539099148,-2.8056033836684797,-0.00024394660642993742,-1.8851826826678675,-2.054462734852926,-1.737997833882467,-0.9200833479510706,1.5708105564117432,0.6190313100814819,1
798,1788172108.1196656,-0.2906821505753558,-0.5407160085547998,-0.000622537808588286,-1.4136724632888749,-2.8054610458574993,-0.0006270277777414611,-1.8853028456317347,-2.0542591253863733,-1.7384536902057093,-0.9200833479510706,1.5707746744155884,0.6190193295478821,1
799,1788172108.1596482,-0.29071497712378547,-0.5404515168952441,-0.0006342870482246576,-1.413808112272366,-2.8053958918828887,-0.0007216873991248782,-1.8854945341693323,-2.05387527147402,-1.7391002813922327,-0.9198797384845179,1.5707865953445435,0.6189234256744385,1
800,1788172108.2007103,-0.29071025415141555,-0.5400223529864845,-0.0006349065195318249,-1.413793562555695,-2.8053687076885847,-0.0007900468666891276,-1.885698143635885,-2.053155247365133,-1.7402632872210901,-0.9194844404803675,1.5707626342773438,0.6187193393707275,1
801,1788172108.2441857,-0.2907624437630703,-0.5396170771316545,-0.000582485082797457,-1.4140007195691506,-2.8053214365241144,-0.0005166561413670379,-1.8859975973712366,-2.052387539540426,-1.7414024511920374,-0.9189332167254847,1.5707865953445435,0.6185511946678162,1
802,1788172108.287301,-0.2907660155020414,-0.5393303227839622,-0.0005454139406227965,-1.4139282687240295,-2.8053457771871244,-0.000379935884729619,-1.886141602193014,-2.051823441182272,-1.7422292868243616,-0.9185860792743128,1.5707626342773438,0.6183590292930603,1
803,1788172108.328415,-0.2907654931045533,-0.5393463594058471,-0.0005587941532692042,-1.4139389009769272,-2.805366861985765,-0.0003863596996973021,-1.886141602193014,-2.0518716017352503,-1.7421935240374964,-0.9185741583453577,1.5707865953445435,0.6183590292930603,1
804,1788172108.3698366,-0.2907621810889206,-0.5393593820933131,-0.0005562954312910429,-1.4138893811325153,-2.8053938388923796,-0.0003678497660465412,-1.8861296812640589,-2.0518835226642054,-1.7421696821795862,-0.9185741583453577,1.5707865953445435,0.6183350682258606,1
805,1788172108.412173,-0.29076006880834004,-0.5393849469481363,-0.0005393163071429341,-1.413882102882663,-2.8054209987472354,-0.00027741227543989994,-1.8861177603351038,-2.0518835226642054,-1.7421334425555628,-0.9185503164874476,1.570798635482788,0.6183350682258606,1
806,1788172108.4537313,-0.2907591465117485,-0.5393644803752742,-0.000557755473701127,-1.4138521707093783,-2.8054034302432456,-0.000328001699642892,-1.8861177603351038,-2.0518835226642054,-1.7421816031085413,-0.9185383955584925,1.5707746744155884,0.6183230876922607,1
807,1788172108.493967,-0.29077620685224026,-0.5393759631382692,-0.0005437553548651719,-1.4138471320145363,-2.8053936426451833,-0.00019200769133543162,-1.8861296812640589,-2.0518716017352503,-1.7421816031085413,-0.9184663931476038,1.5707507133483887,0.6183111071586609,1
808,1788172108.5332348,-0.2907995305149038,-0.5394330566425545,-0.0005177134947677853,-1.413921460956779,-2.8054158720623326,0.0002323933010123002,-1.886141602193014,-2.0518716017352503,-1.7421816031085413,-0.9181912581073206,1.5707626342773438,0.6183350682258606,1
809,1788172108.5739446,-0.2907910588309256,-0.5394623093935059,-0.0005192999395109421,1.413888112905635,2.805432916304227,-0.00034134424989687423,-1.8861177603351038,-2.0518954435931605,-1.7421696821795862,-0.9181073347674769,1.5707746744155884,0.6183350682258606,1
810,1788172108.615031,-0.29060225953429897,-0.5394105010444775,-0.0005207200320883343,1.4140560950181125,2.8053451578922024,-0.0004937580130023069,-1.8858421484576624,-2.0516074339496058,-1.7426732222186487,-0.917795483266012,1.5707626342773438,0.6187313199043274,1
811,1788172108.6571617,-0.28961263875879123,-0.5392667242037976,-0.0005016615129330437,1.413915350083371,2.8053532077051115,-0.0006893830424824038,-1.8843677679644983,-2.0503957907306116,-1.7446273008929651,-0.9169214407550257,1.570798635482788,0.6201233863830566,1
812,1788172108.6978734,-0.288162354976481,-0.5388902995415251,-0.0005545708096185986,-1.4140127565811886,-2.8053715187123163,0.00011927726657393796,-1.8822577635394495,-2.0486205259906214,-1.7475760618792933,-0.9161189238177698,1.5707746744155884,0.6222835183143616,1
813,1788172108.7399223,-0.28731019468292396,-0.5386957327421367,-0.0006323646112225689,-1.4141528171483226,-2.805268114749328,-0.0002927498183649439,-1.8810113112079065,-2.047708336506979,-1.749230686818258,-0.9156401793109339,1.5707865953445435,0.6236392259597778,1
814,1788172108.7805328,-0.2872214137351762,-0.5386697506040206,-0.0006861420059443013,-1.4140552267315978,-2.805283144236893,-0.0004755079259962335,-1.8808792273150843,-2.0476964155780237,-1.7493866125689905,-0.9156158606158655,1.5707746744155884,0.6237115263938904,1
815,1788172108.8246098,-0.2872288323848836,-0.5386594922647351,-0.0006777839100961247,-1.4141344751628613,-2.8052298726817475,-0.0004725503008405912,-1.8808916250811976,-2.0476725737201136,-1.7493985334979456,-0.9156277815448206,1.5707626342773438,0.6237594485282898,1
816,1788172108.8647587,-0.28723371702646294,-0.5386747361625188,-0.0006526672989562443,-1.414105065857936,-2.8052551408035162,-0.00038007751469643173,-1.8808916250811976,-2.0476487318622034,-1.7493746916400355,-0.9156158606158655,1.5707626342773438,0.6237354874610901,1
817,1788172108.9031475,-0.2872276034824834,-0.5386711409144008,-0.00066466185829403,-1.4140806946653801,-2.805250063404882,-0.0004141404798666235,-1.8808792273150843,-2.0476606527911585,-1.7493866125689905,-0.9156158606158655,1.5707507133483887,0.6237354874610901,1
818,1788172108.9441395,-0.28721279583545734,-0.5386842473715021,-0.0006501330810869677,-1.4140524858686034,-2.805319294478835,-0.0004081485826400128,-1.8808673063861292,-2.0476487318622034,-1.7493627707110804,-0.9156401793109339,1.570798635482788,0.6237115263938904,1
819,1788172108.986174,-0.28723203141562725,-0.5386874024072404,-0.0006249379924779253,-1.4141031478870805,-2.805293131497457,-0.0002927435161700133,-1.8808916250811976,-2.04761249223818,-1.7493627707110804,-0.9156039396869105,1.5707865953445435,0.6237235069274902,1
820,1788172109.027703,-0.2872284340213937,-0.5386737329552347,-0.0006635342722882687,-1.4140311233857277,-2.805277143678653,-0.000395648107024094,-1.8808792273150843,-2.0476606527911585,-1.7493866125689905,-0.9156039396869105,1.5707507133483887,0.6236995458602905,1
821,1788172109.0668976,-0.28723025027587823,-0.5386883204150757,-0.0006659301238441939,-1.4140381038203167,-2.8052909852038654,-0.0003615838863895054,-1.8808792273150843,-2.0476844946490687,-1.7493627707110804,-0.9155800978290003,1.5707626342773438,0.6236995458602905,1
822,1788172109.1103306,-0.28721413119585415,-0.5387028731416237,-0.0006252616244918907,-1.4140380270893858,-2.8053322146324158,-0.00023725723279749907,-1.8808553854571741,-2.04761249223818,-1.7493746916400355,-0.9155562559710901,1.5707865953445435,0.6237115263938904,1
823,1788172109.153,-0.2872118982967561,-0.5386903655320716,-0.0006478326851661886,-1.414076303261771,-2.805324731423667,-0.0003733441636913682,-1.8808673063861292,-2.0476487318622034,-1.7493627707110804,-0.9156158606158655,1.5708105564117432,0.6237235069274902,1
824,1788172109.195432,-0.28721087356114516,-0.538678247871821,-0.0006468890859876453,-1.414071001456249,-2.8053142183530273,-0.000370418202942213,-1.8808673063861292,-2.0476248900042933,-1.7493985334979456,-0.9156039396869105,1.570798635482788,0.6237235069274902,1
825,1788172109.235696,-0.28718496129743903,-0.5387001585737328,-0.0006274477255675259,-1.4140119665390682,-2.8053635005564264,-0.00031711801617543276,-1.8808196226703089,-2.047600571309225,-1.7493866125689905,-0.9156039396869105,1.5708105564117432,0.6237235069274902,1
826,1788172109.278513,-0.2871909457151469,-0.5387064476785867,-0.0006180318476134983,-1.4139596471424634,-2.8053431274117013,-0.00024986994602418044,-1.8808077017413538,-2.04758865038027,-1.7493866125689905,-0.9155800978290003,1.5707626342773438,0.6237115263938904,1
827,1788172109.32253,-0.2871753762844845,-0.5387147354316488,-0.0005976792661137043,-1.4139325666969187,-2.805374265399456,-0.0002158341569921273,-1.8807833830462855,-2.0475528875934046,-1.7493866125689905,-0.9155920187579554,1.5707746744155884,0.6237115263938904,1
828,1788172109.3635802,-0.287150825162724,-0.5387029642844582,-0.0006199390202363819,-1.4138853880040565,-2.805405673506737,-0.0003889108854788354,-1.8807595411883753,-2.0475767294513147,-1.7493866125689905,-0.9156759420977991,1.570798635482788,0.6236995458602905,1
829,1788172109.406706,-0.2871846544817182,-0.5387202286441014,-0.0005845557442039351,-1.4140190230267797,-2.8053369470967975,-0.0001603477858630199,-1.8807953039752405,-2.0475409666644495,-1.7493746916400355,-0.9155800978290003,1.5707746744155884,0.6237594485282898,1
830,1788172109.4486501,-0.2871718662319649,-0.5387217099691766,-0.0005928440662853474,-1.4139776688386925,-2.8053801208737243,-0.00020321999204319196,-1.8807833830462855,-2.0475528875934046,-1.7493746916400355,-0.9155920187579554,1.570798635482788,0.6237354874610901,1
831,1788172109.4908328,-0.28717194323778195,-0.5387184792133858,-0.0005854052492028361,-1.4139432278045665,-2.8053534015158066,-0.0002321120298845668,-1.8807714621173304,-2.0475409666644495,-1.7493627707110804,-0.9156401793109339,1.5707626342773438,0.6237354874610901,1
832,1788172109.530767,-0.28716679339629386,-0.538731415144501,-0.0005845554182947743,-1.413852107214346,-2.805381255588208,-0.0001515115701800607,-1.8807476202594202,-2.0475409666644495,-1.7493746916400355,-0.9155800978290003,1.570738673210144,0.6236995458602905,1
833,1788172109.5688927,-0.2871554731357888,-0.5387319390283533,-0.0006008778342090626,-1.4139196331007864,-2.805389789830425,-0.00025574875555941894,-1.8807476202594202,-2.0475767294513147,-1.7493508497821253,-0.9156277815448206,1.5707865953445435,0.6237354874610901,1
834,1788172109.6087208,-0.28716072141029775,-0.5387338623516739,-0.0005880087471344109,-1.4139282593202191,-2.8054071100015663,-0.00018472464029838453,-1.8807595411883753,-2.0475528875934046,-1.7493627707110804,-0.9155920187579554,1.570798635482788,0.6237235069274902,1
835,1788172109.650454,-0.2871702493946426,-0.538731124305421,-0.0005602090473430521,-1.413942177487214,-2.805393122098329,-0.00012554404774079892,-1.8807714621173304,-2.047504727040426,-1.7493627707110804,-0.9156039396869105,1.5707865953445435,0.6237235069274902,1
836,1788172109.690512,-0.2873455217208667,-0.5387935570355139,-0.0005271125711555358,-1.4135554163250996,-2.8055477001928923,-1.3654206325960424e-06,-1.8809993902789515,-2.0476964155780237,-1.7489665190326136,-0.9157360235797327,1.570738673210144,0.6232314109802246,1
837,1788172109.7295458,-0.28822333311179354,-0.5388439499763902,-0.0004082966437405078,1.4136530829507647,2.8055378234956816,-0.00045449738678398114,-1.8823779265033167,-2.0483205954181116,-1.747659985219137,-0.9161189238177698,1.5707746744155884,0.6219112277030945,1
838,1788172109.7699747,-0.2892589972192628,-0.5388686834101254,-0.0003862132701452914,1.4133660915112438,2.8056450940942446,-0.0006752340527984872,-1.8840082327472132,-2.049231831227438,-1.7461493651019495,-0.9165743033038538,1.5707865953445435,0.6200870275497437,1
839,1788172109.8086748,-0.2900335275788924,-0.5389206606879807,-0.00038390527865919677,1.413760109246421,2.805509241587348,-0.0007266250526224165,-1.8851826826678675,-2.050011936818258,-1.7448785940753382,-0.9170411268817347,1.570726752281189,0.6191754937171936,1
840,1788172109.8490937,-0.2900715382905795,-0.5389934641554168,-0.0003992497976702536,1.4138277361548555,2.805433339421269,-0.0007373090608732212,-1.885218922291891,-2.0501917044269007,-1.744638744984762,-0.917088810597555,1.5707626342773438,0.6191994547843933,1
841,1788172109.8884766,-0.2900900671053515,-0.5390040070812071,-0.00037572197054960843,1.4138723048840292,2.8053967411042433,-0.0008661226154366671,-1.885242764149801,-2.0501678625689905,-1.7446273008929651,-0.9170411268817347,1.5707626342773438,0.6192114353179932,1
842,1788172109.9265838,-0.2900583638551597,-0.5390147298011445,-0.00038238391714881526,1.4138133641253359,2.805447664570553,-0.0007956760158847607,-1.8851826826678675,-2.0501797834979456,-1.7446149031268519,-0.917088810597555,1.5707507133483887,0.619223415851593,1
843,1788172109.966687,-0.29008505240262905,-0.5390206906108789,-0.00036935357447037687,1.4138157979961408,2.8054098650645796,-0.0008817566819400099,-1.885230843220846,-2.0501797834979456,-1.7445910612689417,-0.917053524647848,1.5707746744155884,0.6191874742507935,1
844,1788172110.0063295,-0.2900665444601393,-0.5390245410777512,-0.0003923106802813381,1.4137910906550273,2.8054438366972336,-0.0008098582392370443,-1.8851950804339808,-2.050216023121969,-1.7445910612689417,-0.917065445576803,1.5707626342773438,0.6191994547843933,1
845,1788172110.0474694,-0.2901036220164147,-0.5389849299815165,-0.00042495315262758293,1.4139077203949624,2.805384024012597,-0.0006952013266147234,-1.8852785269366663,-2.0502522627459925,-1.7446149031268519,-0.9170773665057581,1.5707746744155884,0.6191994547843933,1
846,1788172110.0894334,-0.29011458991295114,-0.5389768242766116,-0.00044132493444623555,1.413973464168034,2.805387557977411,-0.0006083789671137193,-1.8852909247027796,-2.0502880255328577,-1.7445910612689417,-0.9171250502215784,1.5707507133483887,0.619223415851593,1
847,1788172110.1278176,-0.29012936899023334,-0.5389471037189602,-0.0005354363117359151,1.4140227004290136,2.8053606625938543,-0.00037982653204847634,-1.8853386084186,-2.050432030354635,-1.7446149031268519,-0.9171007315265101,1.5707746744155884,0.6192114353179932,1
848,1788172110.1677504,-0.29019736885880315,-0.5389142396300692,-0.0005291849255961989,1.4141967921970255,2.805288357993474,-0.0003634493685895239,-1.8854582945453089,-2.050432030354635,-1.7445910612689417,-0.9171369711505335,1.5707626342773438,0.6192114353179932,1
849,1788172110.2090993,-0.29019031787795785,-0.5388684521003652,-0.000570327178938429,-1.4142015627133924,-2.8052545719719872,4.732073268064386e-05,-1.8854706923114222,-2.0504677931415003,-1.7446029821978968,-0.9172928969012659,1.5707626342773438,0.6192114353179932,1
850,1788172110.2503328,-0.29015336994786617,-0.5388718386490053,-0.000549509586967728,-1.4141148476390137,-2.8052922110600544,-8.203161184654099e-06,-1.8854106108294886,-2.05042010942568,-1.7446029821978968,-0.9173763434039515,1.5707626342773438,0.6192114353179932,1
851,1788172110.2920017,-0.290167162181918,-0.5388590290283668,-0.0005466419360449781,-1.4139547626015216,-2.8053515286142465,-8.0142411922208e-05,-1.8854344526873987,-2.05042010942568,-1.7445791403399866,-0.9174483458148401,1.5707507133483887,0.61907958984375,0
852,1788172110.3305173,-0.29018079084816206,-0.5388633048975849,-0.0005421291588141863,-1.4138786284622242,-2.805411193729829,-8.95074173766227e-06,-1.8854582945453089,-2.05042010942568,-1.7445791403399866,-0.9174006620990198,1.5707626342773438,0.6189953684806824,0
853,1788172110.3708148,-0.2901844441934879,-0.5388448863796743,-0.0005503549594882695,-1.4139201463751294,-2.8054086966420924,-8.869176272988772e-05,-1.8854826132403772,-2.05042010942568,-1.7445910612689417,-0.9174364248858851,1.5707865953445435,0.6189953684806824,0
854,1788172110.4107392,-0.290159285425567,-0.5388701788092551,-0.0005432575577381249,-1.413843581787001,-2.8054666814166564,-3.603177560741167e-05,-1.8854344526873987,-2.05042010942568,-1.7445791403399866,-0.9174125830279749,1.570798635482788,0.6189833879470825,0
855,1788172110.4533026,-0.29018026560484156,-0.53885289761493,-0.000544632279616597,-1.413822012640124,-2.8054245082338376,-2.462241999245537e-05,-1.8854582945453089,-2.050408188496725,-1.7446029821978968,-0.9174006620990198,1.5707507133483887,0.618959367275238,0
856,1788172110.4937253,-0.2901755639542242,-0.5388616477202189,-0.0005397912129077032,-1.4138566037509972,-2.8054090986680222,-6.1119204363364185e-06,-1.8854463736163538,-2.050408188496725,-1.7445910612689417,-0.9174006620990198,1.5707507133483887,0.6189953684806824,0
857,1788172110.5321922,-0.290166548510446,-0.5388659375695566,-0.0005423306824140495,-1.4137955316325552,-2.8054551758990622,1.0298067371298934e-05,-1.8854344526873987,-2.050408188496725,-1.7446029821978968,-0.9173763434039515,1.5707626342773438,0.618959367275238,0
858,1788172110.570525,-0.29017905304561387,-0.538866847071441,-0.0005409557997118064,-1.4138848306413812,-2.8054234993729126,7.431666315620872e-06,-1.8854582945453089,-2.05042010942568,-1.7445791403399866,-0.9173882643329065,1.5707746744155884,0.6189953684806824,0
859,1788172110.6119943,-0.29016748076549265,-0.538863281141285,-0.0005443857850459255,-1.4137700233664048,-2.8054884014475547,-5.167443520366372e-05,-1.8854463736163538,-2.05042010942568,-1.7445791403399866,-0.91742450395693,1.5707865953445435,0.6189234256744385,0
860,1788172110.6519396,-0.2901738688690297,-0.5388773875331058,-0.0005298623693055227,1.4138206598739167,2.8054636381775526,1.8516538919007523e-06,-1.8854582945453089,-2.05042010942568,-1.7445433775531214,-0.91742450395693,1.5708105564117432,0.6189473867416382,0
861,1788172110.691937,-0.29016504279789485,-0.5388557903596486,-0.0005322442114489567,-1.4138380910089352,-2.8054562028121905,-3.242462722696799e-05,-1.8854463736163538,-2.0503838698016565,-1.7446029821978968,-0.91742450395693,1.5707865953445435,0.6189713478088379,0
862,1788172110.730722,-0.29017611942150173,-0.5388513856036529,-0.0005331255296200377,-1.4139096272631628,-2.805429429737086,-7.230930580193846e-05,-1.8854706923114222,-2.0503957907306116,-1.7445791403399866,-0.9174602667437952,1.570798635482788,0.6189953684806824,0
863,1788172110.7706513,-0.29017565314734367,-0.5388322787871703,-0.0005129041446769178,-1.4138756197264555,-2.8054037723183303,-0.00021541427150443754,-1.8854706923114222,-2.0503600279437464,-1.7445433775531214,-0.9176276365863245,1.5707746744155884,0.6189833879470825,0
864,1788172110.8124707,-0.29014249368231215,-0.5387456396395386,-0.00034390212012722077,-1.4138328296301175,-2.80532035928911,-0.0010491098798838707,-1.8854582945453089,-2.050095860158102,-1.74426776567568,-0.91870624223818,1.5707626342773438,0.6189953684806824,0
865,1788172110.8517995,-0.29015956341539356,-0.5387980851527133,0.0008154600468617823,-1.4138740744016063,-2.805318564201423,-0.0008758758305446901,-1.8854582945453089,-2.048488442097799,-1.7432006041156214,-0.9212692419635218,1.5707626342773438,0.6190193295478821,0
866,1788172110.8907187,-0.2901812261204465,-0.5388646422378665,0.002730050165503789,-1.4142107233217172,-2.8051906113711182,-0.0004945971795632711,-1.8854582945453089,-2.0457890669452112,-1.7415345350848597,-0.9253891150103968,1.5707626342773438,0.6192473769187927,0
867,1788172110.9310126,-0.2901655482731334,-0.5388485496220772,0.004860693542868555,-1.4147189090325105,-2.804942660088312,-0.0005426047699060484,-1.8854463736163538,-2.04270583788027,-1.7397239843951624,-0.9303119818316858,1.5707746744155884,0.6196192502975464,0
868,1788172110.9701755,-0.2901675708416686,-0.5388547640659228,0.008878858104390208,-1.4150186348000509,-2.804826297763632,-0.00022500896766772604,-1.8854463736163538,-2.0369589964496058,-1.736295525227682,-0.9392827192889612,1.5707746744155884,0.6198229789733887,0
869,1788172111.0104866,-0.29016687418860626,-0.5388382219215117,0.011390327976341957,-1.414920340235249,-2.8048823476669664,-0.00028930348347812703,-1.8854582945453089,-2.033419911061422,-1.7340295950519007,-0.9451273123370569,1.5707865953445435,0.6197391152381897,0
870,1788172111.0525327,-0.29017585959057934,-0.5388304790000998,0.015269708135328325,-1.4149260980414045,-2.8048102218680686,-0.0004251766485790737,-1.8854582945453089,-2.0280569235431116,-1.7303732077227991,-0.9542415777789515,1.570738673210144,0.6197630763053894,0
871,1788172111.0930905,-0.29019300611708587,-0.538844723591458,0.018517664786263183,-1.4149625876859355,-2.8048395040209333,-0.00011491018866806663,-1.8854826132403772,-2.0235822836505335,-1.7273882071124476,-0.9614995161639612,1.5707507133483887,0.6197510957717896,0
872,1788172111.1324556,-0.290189753399799,-0.5388932732314848,0.021693865407289126,1.4149706281922796,2.8048970104422284,-9.8474560560678e-07,-1.8854706923114222,-2.0193355719195765,-1.7242472807513636,-0.9688051382647913,1.570798635482788,0.6197510957717896,0
873,1788172111.172559,-0.2901898866631708,-0.5388616065736266,0.02486646971816306,-1.4150069740016489,-2.8048439221146957,-0.00024118353196602953,-1.8854826132403772,-2.015076462422506,-1.7210829893695276,-0.9763863722430628,1.5707865953445435,0.6197750568389893,0
874,1788172111.2122455,-0.2901970927849395,-0.5388981477212175,0.02815273509200744,-1.4150115789099715,-2.80485283999162,-1.5504963605003186e-05,-1.8854706923114222,-2.010745350514547,-1.717785660420553,-0.9838712851153772,1.5707746744155884,0.6197870373725891,0
875,1788172111.2561755,-0.29019731364967016,-0.5389461503680512,0.03133675911043038,1.415088640539279,2.804838253158793,-0.0002413839124441639,-1.8854463736163538,-2.006606403981344,-1.7145255247699183,-0.9911049048053187,1.5707746744155884,0.6198593378067017,0
876,1788172111.2974527,-0.290194140783549,-0.5388890782893955,0.03452200060704588,-1.4153656622531507,-2.804675642387433,-2.175020518609045e-06,-1.8854706923114222,-2.0024312178241175,-1.711240593587057,-0.9987219015704554,1.5707746744155884,0.6200391054153442,0
877,1788172111.3379228,-0.2901972733351824,-0.5388987024189712,0.03777147673742995,1.4153750057867103,2.8046941518364457,-0.00023768217321691883,-1.8854706923114222,-1.998244587575094,-1.707883659993307,-1.006110970173971,1.5707746744155884,0.6200391054153442,0
878,1788172111.3804789,-0.29017633462123266,-0.5388960070916031,0.041542640173600626,-1.4152942486080038,-2.8047022496927076,3.6236038321971136e-05,-1.8854344526873987,-1.9935057798968714,-1.7037361303912562,-1.0151289145099085,1.5707626342773438,0.6200271248817444,0
879,1788172111.4219944,-0.29019403836868224,-0.5388511674790823,0.044707502993813375,-1.4153833559386861,-2.804669349942716,-0.00010126195112775488,-1.8854945341693323,-1.9895346800433558,-1.7002714315997522,-1.0226495901690882,1.5707865953445435,0.6200271248817444,0
880,1788172111.4624522,-0.2901991808847437,-0.5389021319593117,0.047980528170285364,-1.4153820216720834,-2.8046677206828514,0.000372872528837859,-1.8854582945453089,-1.9855034987079065,-1.6966989676104944,-1.0299552122699183,1.570738673210144,0.620063066482544,0
881,1788172111.5028925,-0.2902140272866337,-0.5389125744103688,0.05117861853456879,1.415436176270286,2.804648702088483,-0.00024741837483687883,-1.8854945341693323,-1.9816888014422815,-1.692934815083639,-1.037607494984762,1.5707865953445435,0.620063066482544,0
882,1788172111.546291,-0.2901943208432242,-0.5388719571898631,0.05434292533004009,-1.415319299266635,-2.8046673130643707,-4.383015450717955e-05,-1.8854706923114222,-1.9778736273394983,-1.6892545858966272,-1.0452960173236292,1.5707507133483887,0.6200151443481445,0
883,1788172111.5851932,-0.29020194562928864,-0.5389371828319789,0.057613306238083695,1.4153474156835246,2.804682699004951,-0.0004686522871901417,-1.8854582945453089,-1.97402269044985,-1.6854785124408167,-1.052589241658346,1.5707746744155884,0.6200391054153442,0
884,1788172111.6241655,-0.2901859793470853,-0.5389113251172253,0.060751158104497105,-1.4153030543066911,-2.8047199062969947,0.00011331144323833923,-1.8854463736163538,-1.9703872839557093,-1.6816304365741175,-1.0603016058551233,1.5707746744155884,0.6200151443481445,0
885,1788172111.6654968,-0.290202351476931,-0.5389295483193305,0.06391319399989359,-1.4153823338156937,-2.8046683577448284,0.00013247458484986994,-1.8854582945453089,-1.9668005148517054,-1.6777222792254847,-1.0677860418902796,1.5707626342773438,0.620063066482544,0
886,1788172111.7088532,-0.29018521034387673,-0.5389089623108332,0.06713626865281336,-1.415335611150223,-2.8047008795563797,8.962211272377346e-05,-1.8854463736163538,-1.9631055037127894,-1.673802677785055,-1.0754264036761683,1.5707746744155884,0.6200391054153442,0
887,1788172111.7504954,-0.29020623256912775,-0.5389030311474003,0.07097278328424253,-1.4153873458392439,-2.8046770446521583,0.00011035013141081897,-1.8854826132403772,-1.958834473286764,-1.668983284627096,-1.084503475819723,1.5707746744155884,0.6200391054153442,0
888,1788172111.7912245,-0.290211906131814,-0.5389115805315619,0.07416733643486093,-1.4154338904611588,-2.804643962455104,0.000147280334533991,-1.8854826132403772,-1.9553435484515589,-1.6648953596698206,-1.092060391102926,1.5707626342773438,0.6200750470161438,0
889,1788172111.8319683,-0.29019700414199495,-0.5388570061783876,0.07737042149921713,-1.4153498745186044,-2.8046445713988333,-0.00011045602735483728,-1.8854826132403772,-1.9518278280841272,-1.660783592854635,-1.0998557249652308,1.5707507133483887,0.6200271248817444,0
890,1788172111.8719478,-0.29018422580870107,-0.5388674096784575,0.08066301955977678,-1.415420359548561,-2.804658717888018,-2.7971814095265213e-05,-1.8854706923114222,-1.948313061391012,-1.656492058430807,-1.1076033751117151,1.5707865953445435,0.6200750470161438,0
891,1788172111.9151864,-0.2901859058513483,-0.5388879017629747,0.08380181032099904,-1.4153815510180991,-2.804666811671878,-9.577319329407462e-06,-1.8854582945453089,-1.945061985646383,-1.6522606054889124,-1.1150758902179163,1.5707746744155884,0.620063066482544,0
892,1788172111.9578168,-0.29018202236550816,-0.5388374460456756,0.08759366616681755,-1.4154070988714806,-2.8046326528955436,-0.000326308652921198,-1.8854826132403772,-1.941139046345846,-1.6471055189715784,-1.1243560949908655,1.5707865953445435,0.620063066482544,0
893,1788172111.9973135,-0.29019315867930395,-0.5388948541110894,0.09084248089090688,1.4153916619155056,2.8046853906840066,-0.0001178668141796073,-1.8854706923114222,-1.9378636519061487,-1.6427062193499964,-1.131744686757223,1.5707865953445435,0.6200510859489441,0
894,1788172112.036898,-0.29018143446033834,-0.5387947746334661,0.09398527757078962,-1.4153768930145119,-2.8046147873296983,-0.0003805460795047581,-1.8854945341693323,-1.9346607367144983,-1.6383546034442347,-1.1396239439593714,1.5707626342773438,0.6200391054153442,0
895,1788172112.079312,-0.29015696573818694,-0.5387901039145421,0.09709095160137526,-1.415330462221517,-2.804607370118903,-0.000661104591406265,-1.8854582945453089,-1.9316609541522425,-1.6338713804828089,-1.147287670766012,1.5707626342773438,0.6200510859489441,0
896,1788172112.1228223,-0.29020231479437264,-0.5389053101342803,0.10038620383256966,-1.4153773303679584,-2.804656993226701,5.88372937450086e-06,-1.8854706923114222,-1.9285901228534144,-1.6291363875018519,-1.1546638647662562,1.5707626342773438,0.6200510859489441,0
897,1788172112.1642072,-0.2901965622169315,-0.5388556484901057,0.10429332179658371,-1.4153519016250746,-2.804648585941563,-6.455823808446497e-05,-1.8854826132403772,-1.9248235861407679,-1.6235740820514124,-1.1640399138080042,1.5707507133483887,0.6200271248817444,0
898,1788172112.205339,-0.2901772748116067,-0.5388228607235284,0.10744992033984863,-1.4153690168565618,-2.8046407319143336,-0.0004277280104284017,-1.8854826132403772,-1.9219196478473108,-1.6188510099994105,-1.1718953291522425,1.5707865953445435,0.6200391054153442,0
899,1788172112.2471094,-0.290185499471301,-0.5388954466827633,0.11066798066032146,-1.4153848656212888,-2.804673380053766,-5.758358808183216e-05,-1.8854582945453089,-1.9190524260150355,-1.6140440146075647,-1.179331127797262,1.5707865953445435,0.620063066482544,0
900,1788172112.289632,-0.2901928195958877,-0.5388529433565915,0.11382823072530882,-1.415448755590622,-2.8045898970658327,-0.00027690361200072977,-1.8854826132403772,-1.9162214438067835,-1.6092608610736292,-1.1870902220355433,1.5707626342773438,0.6200990080833435,0
901,1788172112.330623,-0.2901904216983474,-0.5388687709895792,0.11705592977084536,-1.415392202314885,-2.804644694617502,-3.7793077814991974e-05,-1.8854706923114222,-1.9133666197406214,-1.6044181028949183,-1.1946337858783167,1.5707626342773438,0.620063066482544,0
902,1788172112.374302,-0.290153511935683,-0.53882036110822,0.120888329969384,-1.415399575216661,-2.8046187855273974,-0.0004869458785764516,-1.8854463736163538,-1.910079304371969,-1.5984237829791468,-1.2042010466205042,1.5707865953445435,0.6200990080833435,0
903,1788172112.416487,-0.2901976193081408,-0.5388621682480236,0.12404583128019936,-1.4153903799892609,-2.804641501049034,-0.00032260840691875623,-1.8854945341693323,-1.9075239340411585,-1.593377415333883,-1.2116969267474573,1.5707865953445435,0.6200391054153442,0
904,1788172112.4603453,-0.2902132492358242,-0.5389069138910467,0.12731289216334174,-1.415430183737766,-2.8046366139598065,0.00018640242714387364,-1.8854826132403772,-1.9048126379596155,-1.5883186499225062,-1.219144646321432,1.5707507133483887,0.6200750470161438,0
905,1788172112.503973,-0.29016141404935686,-0.5388303274071393,0.1310926586264207,-1.4154055118670763,-2.804630750244125,-0.0004750202403903654,-1.8854582945453089,-1.9017656485186976,-1.5821574370013636,-1.2287715117083948,1.570798635482788,0.6200870275497437,0
906,1788172112.5481997,-0.29018799295927844,-0.5388325956256977,0.13437990257719562,-1.4154505250195037,-2.804635368900416,-0.00010200150602865306,-1.8854945341693323,-1.8991263548480433,-1.5769546667682093,-1.2363751570331019,1.5707865953445435,0.6200750470161438,0
907,1788172112.58968,-0.29018459461490176,-0.5388310361998374,0.1380986953148233,-1.4154412355922796,-2.8046169601493207,-0.0004365273862392809,-1.8854945341693323,-1.8963788191424769,-1.570637051259176,-1.2456539312945765,1.570798635482788,0.6200750470161438,0
908,1788172112.6300387,-0.29018872516755323,-0.538858038180444,0.14136554781633112,-1.415444100773749,-2.8046224334324346,-0.00024931845232921407,-1.8854826132403772,-1.8939550558673304,-1.5651949087726038,-1.2534011046039026,1.5707865953445435,0.6200870275497437,0
909,1788172112.6703854,-0.29020258553157796,-0.5388829459844596,0.14454225570607163,-1.4154239215562516,-2.8046242178745375,-7.850894647887404e-05,-1.8854826132403772,-1.8916638533221644,-1.5598247686969202,-1.260956112538473,1.5707626342773438,0.6200750470161438,0
910,1788172112.7133029,-0.29018612029356927,-0.5388268426959812,0.14778288014351393,-1.4153876975896642,-2.8046361864496117,-0.0003833116442704819,-1.8854945341693323,-1.8893244902240198,-1.5542867819415491,-1.2690261046039026,1.5707865953445435,0.6200391054153442,0
911,1788172112.7560601,-0.29020944511873026,-0.5388808247109829,0.15106739838195116,-1.4154544292735687,-2.8046430952673274,0.00023389531843300972,-1.8854945341693323,-1.8870094458209437,-1.548760239277975,-1.2764738241778772,1.5707626342773438,0.6200750470161438,0
912,1788172112.7977657,-0.2901986769188722,-0.5388941334610813,0.15475153856253648,-1.4153575224412327,-2.8046595150857208,-6.222336187686643e-05,-1.8854706923114222,-1.8846338430987757,-1.54211932817568,-1.2856810728656214,1.5707626342773438,0.6200391054153442,0
913,1788172112.8384438,-0.29019682156144777,-0.5388652380596218,0.1579865182649135,-1.4154187871710056,-2.8046140486224846,-0.0001947336549391442,-1.8854826132403772,-1.882498566304342,-1.5363896528827112,-1.293631378804342,1.5707626342773438,0.6200750470161438,0
914,1788172112.8812943,-0.29021302271706373,-0.5389205337387722,0.16120002970722047,-1.4153524424760466,-2.804649442367506,7.00904296834996e-05,-1.8854706923114222,-1.8805068174945276,-1.5305998961078089,-1.3012459913836878,1.570738673210144,0.6200391054153442,0
915,1788172112.9264455,-0.290208349782288,-0.5389006547487685,0.16508123209921,-1.415415129204571,-2.8046485578419036,0.00010286229592199148,-1.8854826132403772,-1.8780596891986292,-1.523635212575094,-1.3106330076800745,1.5707626342773438,0.620063066482544,0
916,1788172112.9685023,-0.2901994771716661,-0.5389207171561867,0.16829768585948213,-1.4153571584414104,-2.80470200480004,0.00032347216893913264,-1.8854582945453089,-1.8761046568499964,-1.5178092161761683,-1.3182719389544886,1.5707626342773438,0.6200391054153442,0
917,1788172113.009591,-0.29016391301024824,-0.5388291238102201,0.17143246515101818,-1.4153951923795152,-2.804652074705357,-0.00020416074208080517,-1.8854582945453089,-1.8742206732379358,-1.5119956175433558,-1.3263056913958948,1.5707865953445435,0.6200750470161438,0
918,1788172113.0485952,-0.29020362228840774,-0.5388574162795289,0.17456589842829798,-1.4154400430294614,-2.8046148097929944,-0.00033741369796502806,-1.8855064550982874,-1.872601334248678,-1.5059064070331019,-1.334100071583883,1.5707865953445435,0.620063066482544,0
919,1788172113.090557,-0.2902126573467126,-0.53894923559748,0.17781979471653353,1.4153748263948316,2.8046522432211627,-0.0002498357434382287,-1.8854826132403772,-1.870849911366598,-1.4998047987567347,-1.3415711561786097,1.5708105564117432,0.6200391054153442,0
920,1788172113.133186,-0.29020074280880853,-0.5388861655782001,0.18169268889783804,-1.415434513466276,-2.80464520140606,3.706101414215647e-05,-1.8854826132403772,-1.8687384764300745,-1.4924448172198694,-1.351185146962301,1.5707746744155884,0.6200750470161438,0
921,1788172113.1776602,-0.2901813106861086,-0.5388673345920367,0.18483632574037348,-1.4153841114429349,-2.8046704296998346,-0.00021222090303856265,-1.8854706923114222,-1.867166821156637,-1.4862836042987269,-1.35907489458193,1.570798635482788,0.6200510859489441,0
922,1788172113.2198527,-0.29019858323505154,-0.5388938456139701,0.1887169616844452,-1.4153980855731607,-2.804656347441046,9.545956679450016e-05,-1.8854706923114222,-1.8652594725238245,-1.478743855153219,-1.3683293501483362,1.5707626342773438,0.620063066482544,0
923,1788172113.2580385,-0.2901993936170668,-0.5389052164542631,0.19205104752926008,1.4154187353614904,2.8046554898977423,-0.0003887012102153781,-1.8854706923114222,-1.8636396566974085,-1.4722588698016565,-1.3762434164630335,1.5707746744155884,0.6200750470161438,0
924,1788172113.2969444,-0.2902160270866121,-0.5389474383181478,0.19462813355819608,1.4154320968895817,2.8046401839532233,-0.0005907155368191391,-1.8854706923114222,-1.8625243345843714,-1.4670684973346155,-1.382420841847555,1.5707626342773438,0.6200870275497437,0
925,1788172113.3388836,-0.29018432937427613,-0.5388589346094246,0.19765297236346216,-1.4154345546743128,-2.8046033163095387,-0.0003441851688858943,-1.8854706923114222,-1.861288849507467,-1.460703198109762,-1.3906219641314905,1.5707746744155884,0.6200990080833435,0
926,1788172113.3810875,-0.29020017933324393,-0.5388700327192731,0.201510691543901,-1.4154151590164177,-2.8046488298836505,-0.00014197771760111598,-1.8854945341693323,-1.859669033681051,-1.4528759161578577,-1.3999369780169886,1.5707865953445435,0.6200510859489441,0
927,1788172113.4239914,-0.29016536903962714,-0.5388479987854016,0.20471826563790652,-1.4153413964412545,-2.8046705786169404,-0.00015985606476677581,-1.8854463736163538,-1.8583253065692347,-1.446343247090475,-1.4078267256366175,1.5707746744155884,0.6200510859489441,0
928,1788172113.4679856,-0.2901957455981684,-0.5388619324806951,0.20796704177635633,-1.415459712823472,-2.8046115984938735,-2.8908904523940603e-05,-1.8854826132403772,-1.8571255842791956,-1.439547363911764,-1.4157398382769983,1.5707626342773438,0.6200990080833435,0
929,1788172113.511919,-0.2901819227419349,-0.5388692149919929,0.21178610709246676,-1.415455824790478,-2.8046454530708482,-0.00011006014956461052,-1.8854706923114222,-1.8557937780963343,-1.4314315954791468,-1.4252341429339808,1.570798635482788,0.6200990080833435,0
930,1788172113.555719,-0.2901978990517283,-0.5388917435815767,0.21500847749655402,-1.415412663971563,-2.80464346735917,4.5119828611138443e-05,-1.8854706923114222,-1.8547266165362757,-1.4245513121234339,-1.433087174092428,1.5707626342773438,0.6200750470161438,0
931,1788172113.5974643,-0.2902064575484914,-0.5388628541721358,0.218834860314671,-1.4154760899422303,-2.8046024834179164,8.646300265950525e-05,-1.8854945341693323,-1.8534544149981897,-1.4163764158831995,-1.4425094763385218,1.5707507133483887,0.6200990080833435,0
932,1788172113.6377573,-0.29018837009774123,-0.5388890231826836,0.22213459387042597,1.4154102536624857,2.8046386935896117,-0.00033337446701563645,-1.8854706923114222,-1.8524349371539515,-1.4092686812030237,-1.450470272694723,1.570798635482788,0.6200750470161438,0
933,1788172113.6804883,-0.29016906816241095,-0.538844962604763,0.22530782005883007,-1.4154033005723814,-2.804668139347717,-2.0568755272787742e-05,-1.8854582945453089,-1.8515594641314905,-1.4022086302386683,-1.4586356321917933,1.5707865953445435,0.6200750470161438,0
934,1788172113.722879,-0.29021019218580263,-0.5389007926751698,0.22849261656470057,1.4154299949754277,2.8046364525106573,-0.00038733284880884455,-1.8854945341693323,-1.8507674376117151,-1.3951361815081995,-1.4662373701678675,1.5707865953445435,0.620063066482544,0
935,1788172113.7640867,-0.29018456452709634,-0.5388132707174409,0.2321911740092969,-1.415446640467778,-2.8045859141429164,-0.0004470850522130164,-1.8854945341693323,-1.8499515692340296,-1.386590305958883,-1.4761384169207972,1.5707746744155884,0.6200870275497437,0
936,1788172113.8058736,-0.29019153013491605,-0.5388169964150976,0.23538109205196572,-1.4154637673751451,-2.8045363353051718,-0.0005723820061731398,-1.8854945341693323,-1.8493154684649866,-1.3792303244220179,-1.4842188994037073,1.5707507133483887,0.6201109886169434,0
937,1788172113.8477807,-0.2901842463672078,-0.5388794429538223,0.23866234098010533,-1.4153760583685122,-2.8046139602246383,-0.00014458812319391876,-1.8854463736163538,-1.8486436049090784,-1.371774975453512,-1.4920724073993128,1.570738673210144,0.6200870275497437,0
938,1788172113.8932734,-0.2901881311645306,-0.5388770638146099,0.2418684398218605,-1.4153844773041189,-2.8046308446451467,-7.639979585655665e-05,-1.8854582945453089,-1.848044220601217,-1.3643673102008265,-1.5000336805926722,1.5707507133483887,0.6200750470161438,0
939,1788172113.9369886,-0.29020099646624875,-0.5388637504308832,0.24568146901839916,-1.4153964492483875,-2.8046535255717564,-6.21393416493826e-05,-1.8854945341693323,-1.8474205175982874,-1.3554371039019983,-1.5095747152911585,1.5707746744155884,0.6200391054153442,0
940,1788172113.9780338,-0.2901801691491677,-0.5387997678900092,0.24882799734093206,-1.41538769724642,-2.804594428431221,-0.0006402976263476923,-1.8854945341693323,-1.8470242659198206,-1.34782582918276,-1.5179546515094202,1.5707746744155884,0.6200510859489441,0
941,1788172114.022221,-0.290217482818938,-0.5388967243208265,0.25272019695973663,-1.4154577858932746,-2.80460798472854,5.2409244437092176e-05,-1.8854945341693323,-1.8465808073626917,-1.3385728041278284,-1.5272086302386683,1.5707507133483887,0.6200870275497437,0
942,1788172114.0619695,-0.29020977347561433,-0.5388818333699397,0.2559273094246951,-1.4154404096542763,-2.804615328202957,-8.369134578706394e-05,-1.8854945341693323,-1.846280876790182,-1.3307579199420374,-1.5354092756854456,1.5707626342773438,0.6200750470161438,0
943,1788172114.1025026,-0.2901712447122208,-0.5388187345893158,0.259026117229751,-1.4153900543280238,-2.8045986821798694,-0.0005906966999453759,-1.8854706923114222,-1.8460410276996058,-1.3230860869037073,-1.5436456839190882,1.5707746744155884,0.6200750470161438,0
944,1788172114.1459985,-0.29019138443281867,-0.5388485341883641,0.26227420469666674,-1.4153919421512289,-2.804602632491908,-0.00042199936990489116,-1.8854826132403772,-1.8458846251117151,-1.3150313536273401,-1.5517500082599085,1.5707626342773438,0.620063066482544,0
945,1788172114.1899993,-0.290205706422135,-0.5389133875432198,0.266177130688955,-1.4153406966712754,-2.804627631257782,-5.957137259748139e-05,-1.8854582945453089,-1.845776383076803,-1.3052752653705042,-1.5613864103900355,1.570726752281189,0.6200510859489441,0
946,1788172114.23221,-0.29020106114298805,-0.538925583725954,0.26934850600294485,-1.4154261662044492,-2.804629910048139,-1.6323319552769733e-05,-1.8854582945453089,-1.8457406202899378,-1.2972443739520472,-1.5694196859942835,1.5707626342773438,0.6200990080833435,0
947,1788172114.2753518,-0.29019902412612236,-0.5388664838193135,0.2725412583230689,-1.4154407797502282,-2.804616061603203,-0.0003226072378782218,-1.8854945341693323,-1.8457406202899378,-1.289058033620016,-1.5777996222125452,1.5707865953445435,0.6200750470161438,0
948,1788172114.3182495,-0.29019075376172976,-0.538911589998197,0.2765456665069855,1.4154161754807715,2.8046518780973853,-0.00031034204526945416,-1.8854582945453089,-1.8457167784320276,-1.2789776960956019,-1.5874961058246058,1.5707865953445435,0.6200870275497437,0
949,1788172114.360505,-0.2902202125858227,-0.538931575801118,0.27980084482022727,1.415434783357372,2.804604169359435,-0.0006590146068731283,-1.8854945341693323,-1.8458369413958948,-1.2705758253680628,-1.595553223286764,1.5707865953445435,0.6200750470161438,0
950,1788172114.4025955,-0.29019739425153535,-0.5388669973800237,0.28304916639605826,1.4154480620155772,2.8046302569629113,-0.0006077421826731364,-1.8854826132403772,-1.8459208647357386,-1.2621734778033655,-1.6039083639727991,1.5707626342773438,0.6200870275497437,0
951,1788172114.4460363,-0.29017789993444887,-0.5388336618727505,0.28684241303399827,1.4154459954908913,2.804626185686081,-0.0002830351634127323,-1.8854826132403772,-1.846304718648092,-1.2519496122943323,-1.6139519850360315,1.570798635482788,0.6200870275497437,0
952,1788172114.4898205,-0.2901866765863895,-0.5388606252675993,0.29003368803257057,1.4154596547772236,2.8046114830003566,-0.0003541020041183909,-1.8854826132403772,-1.8467243353473108,-1.2432721296893519,-1.6221640745746058,1.570798635482788,0.6200990080833435,0
953,1788172114.532512,-0.2901911068588935,-0.5388885501735301,0.2931593989099298,1.4154349681543847,2.804645892301376,-0.00027850994778318204,-1.8854706923114222,-1.8472526709186,-1.2345941702472132,-1.630364243184225,1.5707865953445435,0.6200870275497437,0
954,1788172114.5738757,-0.29017792807662623,-0.53883038674289,0.29695349988798536,-1.4154059619636121,-2.8046301930461173,-0.00010663942486678492,-1.8854706923114222,-1.8478644529925745,-1.2240470091449183,-1.6405513922320765,1.5707626342773438,0.6200750470161438,0
955,1788172114.6170878,-0.2902036610433805,-0.538886250040097,0.3002112346343251,-1.4154230018518572,-2.804664150733744,0.0002812747959486132,-1.8854826132403772,-1.8484762350665491,-1.2149856726275843,-1.6487510840045374,1.5707626342773438,0.620063066482544,0
956,1788172114.6581097,-0.29020787001482157,-0.5389377099563236,0.3034556286105702,1.4153821671393458,2.804667997413132,-0.0006898025903139195,-1.8854582945453089,-1.8491118589984339,-1.2059243361102503,-1.6569154898272913,1.5707507133483887,0.620063066482544,0
957,1788172114.7018807,-0.29018909582630786,-0.5388646973897291,0.30719220692981164,-1.4154139059358861,-2.8046459272444366,7.325096641439623e-05,-1.8854706923114222,-1.8500235716449183,-1.1950777212726038,-1.6672456900226038,1.5707626342773438,0.6200750470161438,0
958,1788172114.746187,-0.2901766184493594,-0.5388240168322159,0.3104085240593647,-1.4153737739488537,-2.804609638003781,-7.141438927999805e-05,-1.8854582945453089,-1.8507917563067835,-1.1858132521258753,-1.6758406797992151,1.570726752281189,0.6200750470161438,0
959,1788172114.7878199,-0.29018214799676806,-0.5388345584076996,0.3136759368821612,-1.4154131730292019,-2.804644468809713,0.0001797400320019377,-1.8854706923114222,-1.8516314665423792,-1.176380459462301,-1.6842682997332972,1.5707507133483887,0.6200750470161438,0
960,1788172114.8295133,-0.2901924900581433,-0.538866332298425,0.31740183046452086,-1.4154090227502365,-2.8046362498314137,8.57227227459858e-05,-1.8854706923114222,-1.8528788725482386,-1.1651743094073694,-1.6942876021014612,1.5707507133483887,0.6200750470161438,0
961,1788172114.8706994,-0.2901848347941796,-0.538831773921412,0.3206105172090853,-1.4154370274291372,-2.8046503909525486,-0.00015151709572814247,-1.8854945341693323,-1.8539345900165003,-1.1555140654193323,-1.7030375639544886,1.570798635482788,0.620063066482544,0
962,1788172114.9121826,-0.29017972065909786,-0.5388271008966826,0.32370903809997875,-1.4153529508927187,-2.8046087059309115,-0.0004228511753309195,-1.8854706923114222,-1.855109993611471,-1.145961109791891,-1.7115972677813929,1.5707507133483887,0.6200510859489441,0
963,1788172114.9557667,-0.29019955421728916,-0.5388913067764822,0.32685421950083215,-1.4154305056554226,-2.8046372627698477,-0.00017677065519663705,-1.8854826132403772,-1.8563578764544886,-1.136266056691305,-1.7198804060565394,1.5707865953445435,0.6200750470161438,0
964,1788172114.9973094,-0.29020150781904747,-0.538874113807127,0.3307558080540652,-1.4155000756966059,-2.8046082464579247,-0.00012124849290322253,-1.8854945341693323,-1.8578575293170374,-1.124244515095846,-1.7303665320025843,1.5707865953445435,0.6201109886169434,0
965,1788172115.0387626,-0.2901852804451764,-0.5388297816321416,0.33399270405382,-1.4154011693777935,-2.804620908368486,-0.00021324121912974278,-1.8854826132403772,-1.8591530958758753,-1.1141656080829065,-1.7392128149615687,1.5707626342773438,0.620063066482544,0
966,1788172115.0804927,-0.29019091296677696,-0.5388526058833344,0.33714898201260907,-1.415408034435045,-2.8045925402642937,-0.0001927074656239039,-1.8854706923114222,-1.860628906880514,-1.1040614287005823,-1.7478316465960901,1.570738673210144,0.6200870275497437,0
967,1788172115.1198294,-0.2901856255563844,-0.5388870404071555,0.3402057192147273,-1.4154036133380823,-2.804668756309661,0.00010961039200756877,-1.8854582945453089,-1.8620322386371058,-1.094342056904928,-1.7559474150287073,1.5707746744155884,0.6200750470161438,0
968,1788172115.16197,-0.2901920157968348,-0.538850473795017,0.3424167292412994,-1.4152565512557544,-2.8047104695365124,-6.222639273853687e-05,-1.8854826132403772,-1.8631237188922327,-1.0871384779559534,-1.762172047291891,1.5707626342773438,0.6199551820755005,0
969,1788172115.2050066,-0.29015523649133024,-0.5387695525100821,0.3438282227802042,-1.4149444501897823,-2.804845127561365,-0.00039454040725794723,-1.8854706923114222,-1.8637478987323206,-1.0825966040240687,-1.7663019339190882,1.5707746744155884,0.6197510957717896,0
970,1788172115.248966,-0.2901624070888225,-0.5388157033506564,0.3445370710886122,-1.414480657983651,-2.8051405572189587,0.00016661049381517986,-1.8854582945453089,-1.8639996687518519,-1.0805109182940882,-1.7677744070636194,1.5707746744155884,0.6194151639938354,0
971,1788172115.2932878,-0.2900167419716513,-0.5386848203382683,0.3443916492704063,-1.4147801266990017,-2.8049374161053566,-0.00018437266423891968,-1.8852909247027796,-1.863580052052633,-1.0813863913165491,-1.7675464789019983,1.5707626342773438,0.6198109984397888,0
972,1788172115.3348215,-0.28889853273054217,-0.5382490140728019,0.3442863153162934,-1.414387418174838,-2.805073168460005,-0.0003776534487530958,-1.8837326208697718,-1.861180607472555,-1.0847895781146448,-1.7666729132281702,1.570726752281189,0.6211071610450745,0
973,1788172115.3797028,-0.28737557419746856,-0.5374486141150869,0.34424541488996147,-1.414643899854845,-2.8049876905033058,-0.0007070990701964582,-1.8817547003375452,-1.8575213591205042,-1.0896557013141077,-1.7656672636615198,1.570798635482788,0.6232553720474243,0
974,1788172115.4221509,-0.2854802804645845,-0.5365060362435137,0.3443705352835541,-1.4145147173894177,-2.8050583971536716,-0.00017130439950482503,-1.8792012373553675,-1.85280687013735,-1.095588509236471,-1.764111344014303,1.5707507133483887,0.6257151365280151,0
975,1788172115.4654713,-0.28391876257119225,-0.535707569608382,0.3444005096600993,-1.4146404148411453,-2.805049811344113,-4.7034571913430606e-05,-1.8771269957171839,-1.8489802519427698,-1.1005261580096644,-1.7629144827472132,1.5707865953445435,0.6278632879257202,0
976,1788172115.5077734,-0.2824103696170822,-0.5349266359060982,0.3443750359950102,-1.4149084368077582,-2.804904065716121,-2.1036701490515334e-05,-1.875101391469137,-1.8452847639666956,-1.1054042021380823,-1.7617171446429651,1.5707746744155884,0.6300830245018005,0
977,1788172115.5479252,-0.2805329766754262,-0.5340202494435138,0.34442215338255044,-1.4143835631104638,-2.805193372411174,0.0003013297505934637,-1.8725360075580042,-1.8407743612872522,-1.1111810843097132,-1.7602446714984339,1.5707626342773438,0.6322671175003052,0
978,1788172115.5885427,-0.2789259212409377,-0.5331632889956164,0.344415415881383,-1.4143124290404285,-2.805212221341286,4.2648919149455585e-05,-1.870378319417135,-1.8369353453265589,-1.1161187330829065,-1.7593110243426722,1.5707746744155884,0.634378969669342,0
979,1788172115.6310759,-0.27740339015373233,-0.5323014996268011,0.34435111275724695,-1.414261407050334,-2.805186525215468,-0.00026713601177518864,-1.868340317402975,-1.8331926504718226,-1.121056858693258,-1.758317772542135,1.5707626342773438,0.6363953351974487,0
980,1788172115.6743531,-0.27583020999006863,-0.5315148542676766,0.34442675930280225,-1.4139542288788685,-2.805407666827586,0.00016232047358231632,-1.8661826292621058,-1.829341236745016,-1.1258743445025843,-1.7570722738849085,1.5707746744155884,0.6383150219917297,0
981,1788172115.7146966,-0.2742899227899208,-0.5306467088544373,0.3444345650210518,1.4139568095915167,2.805404052468805,-0.00014360702690813373,-1.8641088644610804,-1.8255026976214808,-1.1307643095599573,-1.7560308615313929,1.5707865953445435,0.6403912901878357,0
982,1788172115.7549467,-0.27249757968910604,-0.5296962837294411,0.344473344854507,1.413992600204381,2.8053837294310484,-0.0003743547193483383,-1.8616393248187464,-1.8211005369769495,-1.1363137404071253,-1.7547386328326624,1.5707626342773438,0.6428869962692261,0
983,1788172115.7969115,-0.2709217440504851,-0.5289900888699234,0.34443608244674623,1.414063342214395,2.8053480897645304,-0.00047494791774417046,-1.8593977133380335,-1.8175490538226526,-1.140940014516012,-1.7536008993731897,1.5707507133483887,0.645179033279419,0
984,1788172115.8379679,-0.2693431686596229,-0.5281352463962473,0.3444476928022267,1.4141346108285857,2.805313522506873,-0.0002493193616419501,-1.8572281042682093,-1.8138182798968714,-1.1456025282489222,-1.7528107802020472,1.5707746744155884,0.6473990678787231,0
985,1788172115.8785686,-0.2678145472875406,-0.527277119910191,0.3444117802527325,-1.414371514228719,-2.8051484875038417,-0.00011406907706878104,-1.8551180998431605,-1.810183350239889,-1.1502288023578089,-1.752056900654928,1.5707626342773438,0.6496910452842712,0
986,1788172115.9212513,-0.26620009205226175,-0.5265459252554114,0.34435630163646247,-1.4142745053477797,-2.8051987742144506,-0.00020498736930602444,-1.8528044859515589,-1.8066323439227503,-1.154830280934469,-1.7510631720172327,1.5707746744155884,0.6519351005554199,0
987,1788172115.9623625,-0.26466584414062627,-0.5257359245742838,0.3443410688671146,-1.4143707537176944,-2.8051301388024665,-0.00035127344354428337,-1.8506467978106897,-1.8030455748187464,-1.15934926668276,-1.750225845967428,1.5707746744155884,0.6541671752929688,0
988,1788172116.0056918,-0.2627435205577213,-0.5247795309863501,0.3444352679338787,-1.4135945224694058,-2.8055493705671353,-0.00014212147227963547,-1.8479016462909144,-1.7985947767840784,-1.1647065321551722,-1.7491839567767542,1.5707746744155884,0.6563509106636047,0
989,1788172116.045795,-0.26115701219231907,-0.5240372975196863,0.3444004218017124,-1.412151051466237,-2.806279804561689,-0.00031241417804405623,-1.845611874257223,-1.7951276938067835,-1.169093434010641,-1.7483699957477015,1.570798635482788,0.6576107740402222,0
990,1788172116.086389,-0.2596243598886463,-0.5233136351038102,0.3445375339695416,-1.4093210953434494,-2.807737147121381,0.0002373508047987734,-1.8433697859393519,-1.791565243397848,-1.1732519308673304,-1.7474244276629847,1.5707626342773438,0.6578264832496643,0
991,1788172116.1252418,-0.2580028369984592,-0.522534902192688,0.3446959583533401,-1.4052758532338092,-2.809751834473149,0.00014915395452205684,-1.84100848833193,-1.7880499998675745,-1.1771834532367151,-1.7470653692828577,1.5707626342773438,0.6573107838630676,0
992,1788172116.1642158,-0.25642369105103086,-0.5217328485968431,0.3448712468687902,-1.4002465665251522,-2.812202859313096,-0.00027122103338815453,-1.8387187162982386,-1.7846792379962366,-1.1808269659625452,-1.7470653692828577,1.5707626342773438,0.6560389399528503,0
993,1788172116.2034183,-0.25484698134950523,-0.52100044792534,0.3451980198223805,-1.394247609220264,-2.815158886045656,-0.0002404141826127191,-1.8363807837115687,-1.7813680807696741,-1.1840632597552698,-1.747124973927633,1.570738673210144,0.6541192531585693,0
994,1788172116.2459576,-0.2532161500162208,-0.5202951030986209,0.3456334018903793,-1.3869567810413068,-2.8188186119171763,-1.496016680880555e-06,-1.833947483693258,-1.7780330816852015,-1.1870711485492151,-1.7472923437701624,1.5707626342773438,0.6513591408729553,0
995,1788172116.2886596,-0.2516564684328918,-0.5195118952435674,0.3462343391135043,-1.3788145770308675,-2.8228414265493478,0.00032034181428943317,-1.8316457907306116,-1.7746503988849085,-1.1897080580340784,-1.7478316465960901,1.5707507133483887,0.6478791832923889,0
996,1788172116.331822,-0.25005532807650277,-0.5187390134138457,0.3467676776908756,-1.368988212937148,-2.827580507946958,-0.00016106261631932577,-1.8292725721942347,-1.771543327962057,-1.1920455137835901,-1.748908821736471,1.5707746744155884,0.6433072090148926,0
997,1788172116.3702803,-0.24813729493586456,-0.5178812683211765,0.3476287011757804,-1.356150034205406,-2.8338001877581642,-6.829188472010024e-05,-1.8263829390155237,-1.7678244749652308,-1.1943586508380335,-1.7502496878253382,1.570798635482788,0.6371151208877563,0
998,1788172116.4095619,-0.2469005110573518,-0.5173044423676751,0.34830095627646096,-1.347356224087076,-2.8379910307827942,0.00022555644130461584,-1.8245013395892542,-1.7653411070453089,-1.1956771055804651,-1.7512310186969202,1.5707626342773438,0.6327951550483704,0
999,1788172116.4498513,-0.24530186978698262,-0.5165676860370747,0.3491370055088502,1.3360496979321683,2.8433076313915557,-0.00041478621093648865,-1.8220794836627405,-1.762221638356344,-1.1973193327533167,-1.7525833288775843,1.5707746744155884,0.6272629499435425,0
1000,1788172116.490358,-0.24378894590986305,-0.5158704443896964,0.3498572966714011,1.3242118184924334,2.848819675314132,-0.00047249332337617755,-1.819777790700094,-1.7592952887164515,-1.1989968458758753,-1.7537925879107874,1.5707865953445435,0.6212514042854309,0
1001,1788172116.5305512,-0.2418452464779377,-0.5150026630636134,0.3507147629617297,-1.3104455327881892,-2.8551912325742843,0.00019925944246540505,-1.8167684713946741,-1.7557199637042444,-1.2010343710528772,-1.7555163542376917,1.570738673210144,0.6146035194396973,0
1002,1788172116.571201,-0.2402654092011292,-0.514256739563428,0.3514404917604419,-1.2992709301153975,-2.860297152849692,-8.288149333812423e-05,-1.8143590132342737,-1.7527692953692835,-1.2026527563678187,-1.7570245901690882,1.5707746744155884,0.6091914772987366,0
1003,1788172116.6105778,-0.2386918707265256,-0.5135124748127119,0.3522710162457806,1.2878522168331688,2.8654604214759183,-0.00011832496282683379,-1.8119490782367151,-1.7496979872332972,-1.2042105833636683,-1.7584012190448206,1.5708105564117432,0.6036233305931091,0
1004,1788172116.6505978,-0.23742016618109132,-0.5129172876599943,0.3528086235773847,-1.2783281870339842,-2.869688075724045,-0.0002152329772677502,-1.8099592367755335,-1.747371021901266,-1.205540959035055,-1.7596223990069788,1.5707626342773438,0.5989794135093689,0
1005,1788172116.6906734,-0.2358389012935921,-0.5122454727717141,0.35352765844015255,-1.2671962659310674,-2.874611685434307,-0.0001862370951109325,-1.8074658552752894,-1.7444918791400355,-1.2071111837970179,-1.7609146277057093,1.5707507133483887,0.5937235951423645,0
1006,1788172116.731227,-0.23425189044970623,-0.511509152592451,0.3542773694799054,-1.2559307517591807,-2.87956394037736,-8.759392772392694e-05,-1.804983917866842,-1.7414568106280726,-1.2087891737567347,-1.7622078100787562,1.5707507133483887,0.5883711576461792,0
1007,1788172116.7706811,-0.23273150033645165,-0.5109240303636488,0.3549804518174174,-1.2442044964889583,-2.8846817531314666,6.239358834931965e-05,-1.8025506178485315,-1.7388055960284632,-1.2101319471942347,-1.7634170691119593,1.5707626342773438,0.5826591849327087,0
1008,1788172116.8133185,-0.23131327269169755,-0.5105690952270103,0.3556253270765138,-1.2301171018253414,-2.890706595111872,-2.4040611580621632e-05,-1.8001888434039515,-1.7368624846087855,-1.2107427755938929,-1.7648051420794886,1.5707626342773438,0.5752667784690857,0
1009,1788172116.8532906,-0.2309491896759026,-0.510465876460938,0.35616403316764733,-1.218945616757641,-2.8954519598898774,-0.00021686595270201594,-1.7996013800250452,-1.7365863958941858,-1.2096403280841272,-1.7663019339190882,1.570798635482788,0.5681271553039551,0
1010,1788172116.8938155,-0.23101451825662092,-0.510487457560484,0.35650891991065137,-1.2070378082720759,-2.9003473450393518,-0.00019380454058957457,-1.7996733824359339,-1.7368624846087855,-1.2084177176104944,-1.767247502003805,1.5707147121429443,0.5598587989807129,0
1011,1788172116.9358337,-0.2310039078261084,-0.5104974814919705,0.35694598055889654,1.1953415736935462,2.905260154649794,-0.00032474918660208566,-1.799685303364889,-1.7368863264666956,-1.207339111958639,-1.7679536978351038,1.570798635482788,0.5517705678939819,0
1012,1788172116.9783983,-0.23101618545889505,-0.5105260722124434,0.3572265230422429,1.1839912694217118,2.9099243584943735,-0.0003885736660527864,-1.799685303364889,-1.7370780150042933,-1.2063921133624476,-1.7686718145953577,1.5707746744155884,0.5439583659172058,0
1013,1788172117.0212147,-0.2310121536699371,-0.5104436694583419,0.35761464853533426,-1.169853871499871,-2.915591491274306,-9.861418614611646e-06,-1.799697224293844,-1.7372339407550257,-1.2051337401019495,-1.770036522542135,1.570738673210144,0.534250020980835,0
1014,1788172117.0628622,-0.2310052610653475,-0.5104550713383701,0.3579264767132391,-1.1582870804950505,-2.920220851726664,6.967888361340937e-06,-1.799685303364889,-1.7374022642718714,-1.2041266600238245,-1.7708624045001429,1.5707507133483887,0.526330292224884,0
1015,1788172117.1035426,-0.23101716550567783,-0.510477294973187,0.3583020591592323,-1.1465662599136688,-2.92487600274769,0.0003416953338745446,-1.799697224293844,-1.7375224272357386,-1.2030604521380823,-1.77159291902651,1.5707507133483887,0.5182896256446838,0
1016,1788172117.1449504,-0.2309963922622142,-0.5104879024392205,0.3585935552740657,-1.1348349038520529,-2.9294523648022537,0.0002662993653637511,-1.7996609846698206,-1.7377021948443812,-1.2020776907550257,-1.772442642842428,1.5707626342773438,0.5103092789649963,0
1017,1788172117.183033,-0.2310135961037058,-0.5104667389990947,0.35889951390667857,-1.1234385790866412,-2.933794446764999,0.00018339515326799735,-1.799685303364889,-1.7378581205951136,-1.2010825316058558,-1.7733400503741663,1.570726752281189,0.5025210380554199,0
1018,1788172117.2224898,-0.2310161984757422,-0.5104851384501241,0.35920650732681164,-1.1114039406506948,-2.9384207544448384,0.00027061910261457715,-1.799697224293844,-1.738025967274801,-1.2000997702227991,-1.7740939299212855,1.5707626342773438,0.4943009912967682,0
1019,1788172117.2637146,-0.2308114895875414,-0.510494110511073,0.35949502286704943,-1.0999647088960398,-2.9427039046000885,0.00021800278421076557,-1.7993257681476038,-1.7380016485797327,-1.1993687788592737,-1.7748845259295862,1.5707507133483887,0.48689621686935425,0
1020,1788172117.304859,-0.22976418915851704,-0.5105966481579738,0.35972300238364247,-1.0880236802880476,-2.947144187880495,0.00012414971524364035,-1.7974312941180628,-1.7373059431659144,-1.1995843092547815,-1.7754233519183558,1.5707626342773438,0.4806801676750183,0
1021,1788172117.3465176,-0.2281673434723855,-0.510579424935831,0.35997809216279253,-1.0759789754110731,-2.9515166250218514,-0.0004146331818134418,-1.7946022192584437,-1.7359626928912562,-1.200423542653219,-1.7762730757342737,1.5707626342773438,0.4753516614437103,0
1022,1788172117.3878345,-0.226204471133512,-0.5105372875246859,0.3604362551308584,-1.0635794620625059,-2.956012814029812,-0.00035377175182955034,-1.7911255995379847,-1.734067742024557,-1.2014778296100062,-1.7770746389972132,1.5707626342773438,0.470431387424469,0
1023,1788172117.4272733,-0.22462825509420956,-0.5105535734912181,0.36078858326434204,-1.0546483656397474,-2.959241345711721,2.929640592303608e-06,-1.7883079687701624,-1.732544247304098,-1.2024129072772425,-1.7774341742144983,1.5707626342773438,0.46720314025878906,0
1024,1788172117.4669728,-0.22337908329346184,-0.5105362879219022,0.3610356406785335,-1.048112673084032,-2.96155497526279,6.471675506479157e-05,-1.7860782782184046,-1.7313445250140589,-1.2031915823565882,-1.7778170744525355,1.5707507133483887,0.46501901745796204,0
1025,1788172117.5082862,-0.22144840886084818,-0.5105559581803086,0.3612884974366057,-1.0398751020627728,-2.964478091165546,6.543263356641834e-06,-1.7826255003558558,-1.7296050230609339,-1.2045701185809534,-1.7782123724566858,1.5707746744155884,0.46290716528892517,0
1026,1788172117.5510857,-0.2198737751811065,-0.5105392384611145,0.3615099790371022,-1.0338175796450315,-2.9666154540183807,0.00023394125286845728,-1.7798083464251917,-1.7280214468585413,-1.205888573323385,-1.7783315817462366,1.5707746744155884,0.46163496375083923,0
1027,1788172117.5954065,-0.21828995772823429,-0.510542898797702,0.3617335082934197,1.0292872926653966,2.9681528697480033,-0.000588159201219971,-1.7769668737994593,-1.7264378706561487,-1.20721942583193,-1.7783554236041468,1.5707865953445435,0.4614308774471283,0
1028,1788172117.6365564,-0.2163513204698414,-0.5105608780530415,0.36188409820524153,1.0255178525467827,2.969463793445258,-0.0006491230200475151,-1.773465935383932,-1.724626366292135,-1.2089570204364222,-1.7783916632281702,1.5707746744155884,0.46239110827445984,0
1029,1788172117.6763892,-0.21473995283517772,-0.5105868325627398,0.361813171474692,-1.0236505384479226,-2.970107016234486,0.0001520518639471065,-1.7705405394183558,-1.7232707182513636,-1.210646931325094,-1.7783797422992151,1.5707507133483887,0.46405917406082153,0
1030,1788172117.7176225,-0.21313819686808552,-0.5105226663311998,0.3618142383124743,-1.0225098554571654,-2.9704855791858753,-0.00014722321601788317,-1.7676752249347132,-1.7216876188861292,-1.212445084248678,-1.7783554236041468,1.5707626342773438,0.4661594033241272,0
1031,1788172117.7571473,-0.2114968612284229,-0.5104963992607525,0.3618082045181368,-1.022452394044269,-2.970479172280708,-0.0004244831862229521,-1.7647140661822718,-1.7201522032367151,-1.2142065207110804,-1.7783077398883265,1.5707626342773438,0.46908730268478394,0
1032,1788172117.7968373,-0.2099199767699124,-0.5104662875482925,0.361788484108724,-1.0225367900703446,-2.9704208996865806,-0.0005883953496666916,-1.7618606726275843,-1.7186287085162562,-1.2160046736346644,-1.7781403700457972,1.5707507133483887,0.4720035791397095,0
1033,1788172117.8374317,-0.20828970112950615,-0.5104762372632585,0.3617586601856658,-1.0221904287321668,-2.970558641350021,-0.000779851726150171,-1.758911434804098,-1.7171648184405726,-1.2177546660052698,-1.7779725233661097,1.5707865953445435,0.4747157692909241,0
1034,1788172117.8781614,-0.20673989489889685,-0.510441116281604,0.36179373439507634,-1.0224390063884115,-2.9704576938404967,-0.0006613582446983822,-1.7560938040362757,-1.7155936400042933,-1.2195046583758753,-1.7777212301837366,1.5707626342773438,0.4777039587497711,0
1035,1788172117.9189825,-0.20507525686480674,-0.5104749716431608,0.3618665400478289,-1.022185498138932,-2.970574101037914,-0.0003601985319292009,-1.7530487219439905,-1.7140339056598108,-1.2211702505694788,-1.777421776448385,1.5707626342773438,0.48057231307029724,0
1036,1788172117.9600794,-0.20356827272082367,-0.5104327044115388,0.3618957941331237,-1.0227492392947735,-2.970344693582049,-0.00019892075319229589,-1.75029164949526,-1.7124865690814417,-1.2229083220111292,-1.7771347204791468,1.5707147121429443,0.48371627926826477,0
1037,1788172118.0011098,-0.2019335414359515,-0.5104686058322063,0.3618447961589557,-1.0226894258454142,-2.9703909717183388,-0.0003167021363753982,-1.7473061720477503,-1.7110827604876917,-1.2246459166156214,-1.7768715063678187,1.5707507133483887,0.48665615916252136,0
1038,1788172118.0428784,-0.20034955604871796,-0.5105291164388677,0.3617712546838452,-1.0225270018954047,-2.9704256812275087,-0.0003880799958566356,-1.7443807760821741,-1.7097633520709437,-1.2263482252704065,-1.77653676668276,1.570738673210144,0.48947659134864807,0
1039,1788172118.0848832,-0.19839307773147444,-0.510510268541853,0.3618332481670192,-1.022346022073812,-2.9705223752560075,-0.0002997076668893738,-1.740807835255758,-1.707940403615133,-1.228302303944723,-1.7763450781451624,1.5707626342773438,0.49292054772377014,0
1040,1788172118.1259463,-0.19680936129766582,-0.510547423934039,0.3619146153309776,-1.0220884488675173,-2.9706292597995736,0.00021374298780470522,-1.7378705183612269,-1.7064407507525843,-1.2298958937274378,-1.7759259382831019,1.570726752281189,0.49568066000938416,0
1041,1788172118.167608,-0.19519085545062995,-0.5105518204817001,0.3618783275909161,1.0222464498589015,2.97061338365968,-8.586192048837085e-05,-1.7349208037005823,-1.7050369421588343,-1.2315858046161097,-1.775710407887594,1.570798635482788,0.49872878193855286,0
1042,1788172118.2055995,-0.1935985724806751,-0.5105851100947018,0.3618700791140597,-1.0224646699443365,-2.9705360924751805,0.00018766369736769733,-1.7319601217852991,-1.7036579290973108,-1.233204189931051,-1.7754114309894007,1.5707626342773438,0.5018368363380432,0
1043,1788172118.2461715,-0.19195238696510927,-0.5105484594223682,0.36192952302253667,-1.02271717528013,-2.970446362904497,0.00026916488600501167,-1.7289264837848108,-1.7021220366107386,-1.234821621571676,-1.7752793470965784,1.5707507133483887,0.5050410628318787,0
1044,1788172118.2883682,-0.19037940859699992,-0.5104979041105028,0.36190539806630284,-1.0227745253946496,-2.97042399245989,0.00013617174238513729,-1.726037327443258,-1.7006705443011683,-1.2365244070636194,-1.7751119772540491,1.5707626342773438,0.5079693794250488,0
1045,1788172118.3303628,-0.1887703086902863,-0.5105154348814416,0.36187369067382313,-1.0225774502915022,-2.9704765550253542,8.755557451548547e-06,-1.7230518499957483,-1.6993511358844202,-1.2380941549884241,-1.7749441305743616,1.5707626342773438,0.5108253359794617,0
1046,1788172118.3718703,-0.18688612290944126,-0.5105283301791831,0.36182053655572843,-1.0222592065461031,-2.9705789565451948,-0.0002556949908532624,-1.719562832509176,-1.6978395620929163,-1.2399161497699183,-1.7748006025897425,1.5707865953445435,0.5141015648841858,0
1047,1788172118.4129043,-0.18527704315687452,-0.5105173474382245,0.36183579673556043,-1.0222199234629792,-2.9705672429585355,-0.00024708470990241773,-1.7165654341327112,-1.6964481512652796,-1.2414620558368128,-1.7746451536761683,1.5707626342773438,0.5170777440071106,0
1048,1788172118.4530017,-0.18368745632533354,-0.5105105117374015,0.36183618894162345,-1.0223985817407684,-2.970495427330936,-0.00022340370770552572,-1.7136037985431116,-1.695080582295553,-1.2430203596698206,-1.7744415442096155,1.5707507133483887,0.5201618075370789,0
1049,1788172118.4921083,-0.18206343367515052,-0.5105083385863206,0.36184966506808114,-1.0225475179108026,-2.970451460268937,-0.0002619096979352273,-1.7105825583087366,-1.6937368551837366,-1.2445066610919397,-1.7743218580829065,1.5707626342773438,0.5232818126678467,0
1050,1788172118.533145,-0.18047509659713107,-0.5105163685802149,0.36184971767368573,-1.022876778085664,-2.9703525870591894,-0.0002461434634480179,-1.707620922719137,-1.6924298445331019,-1.2459929625140589,-1.7741301695453089,1.5707746744155884,0.5264621376991272,0
1051,1788172118.5742362,-0.17886524292347897,-0.5104981763807492,0.36181286541377133,-1.0228162433380978,-2.9703407127804375,-0.00038831734177091507,-1.7046111265765589,-1.6910980383502405,-1.2475751082049769,-1.7739747206317347,1.5707626342773438,0.5294379591941833,0
1052,1788172118.6165957,-0.17725031586984635,-0.5104886694659473,0.361830590990181,-1.0225915672295525,-2.9704252510258837,-0.00032994613338035756,-1.701590363179342,-1.689742390309469,-1.2490728537188929,-1.773794953023092,1.5707626342773438,0.5323059558868408,0
1053,1788172118.6580985,-0.17565361212798203,-0.5104799029735392,0.36185153337920395,-1.0222812773464318,-2.9705541905170527,-0.0002593367911525668,-1.6986044088946741,-1.688411060963766,-1.2505353132831019,-1.7736156622516077,1.5707746744155884,0.5350784063339233,0
1054,1788172118.6981738,-0.1740601594254036,-0.510505524648495,0.3618644118881923,-1.0221309735535988,-2.9706264039527674,-0.00011026205607155949,-1.6956070105182093,-1.6871393362628382,-1.2519615332232874,-1.7733643690692347,1.5707746744155884,0.5379703640937805,0
1055,1788172118.7392316,-0.17249452290746928,-0.5105099963956322,0.3618165503655768,-1.0222998072869547,-2.970524031358614,-0.00032666498556321047,-1.692657772694723,-1.6859639326678675,-1.253376309071676,-1.7732685248004358,1.5707626342773438,0.5410424470901489,0
1056,1788172118.7781186,-0.17055183284749909,-0.5105409052129432,0.36181464019032,-1.022638752664625,-2.9703946368011716,-0.0003193004508877555,-1.68898851076235,-1.684500519429342,-1.2550299803363245,-1.77307635942568,1.5707507133483887,0.5449425578117371,0
1057,1788172118.8187928,-0.16930918107025486,-0.5104900690818567,0.3618450945931201,-1.0229518045278956,-2.9703096574377668,-0.0002483395379966811,-1.686662499104635,-1.6833966414081019,-1.2562044302569788,-1.7729571501361292,1.5707626342773438,0.5474746227264404,0
1058,1788172118.8604877,-0.16738017611496592,-0.5105005529275475,0.3618401473631925,-1.0228561815127186,-2.9703640841777608,-0.00027368543839502104,-1.6830294767962855,-1.6819332281695765,-1.2578585783587855,-1.7727778593646448,1.5707865953445435,0.5510388016700745,0
1059,1788172118.903454,-0.16575078068248697,-0.5105391719982451,0.3618837882322299,-1.022584016916024,-2.9704870012183724,6.825802546394444e-06,-1.6799362341510218,-1.680685822163717,-1.2591889540301722,-1.7725146452533167,1.5707746744155884,0.5539427399635315,0
1060,1788172118.9440536,-0.16414313091138988,-0.5105532583213453,0.3618588047008311,-1.0224081323554426,-2.970542147329393,-2.8117734776813204e-05,-1.6768906752215784,-1.679498020802633,-1.2605794111834925,-1.7723348776446741,1.5707746744155884,0.5568709969520569,0
1061,1788172118.9852185,-0.16256984820103992,-0.5105450363828224,0.3618147797060918,-1.0224361372683488,-2.970494353830677,-0.00018786019697645856,-1.6739056746112269,-1.6783345381366175,-1.2619698683368128,-1.7722151915179651,1.5707626342773438,0.5598827600479126,0
1062,1788172119.0289142,-0.16095270893870486,-0.5105178537420096,0.3618457001991794,-1.0225357116939524,-2.9704838865473016,-0.0001175358593836744,-1.6708477179156702,-1.6770508925067347,-1.263336483632223,-1.772083584462301,1.5707746744155884,0.5630028247833252,0
1063,1788172119.0709555,-0.1590449722576644,-0.510505217759769,0.36192925493649714,-1.0230653650810546,-2.9703271145480112,0.00020467747731213313,-1.6672146956073206,-1.6755273977862757,-1.2648704687701624,-1.7718680540667933,1.5707507133483887,0.566987156867981,0
1064,1788172119.1121812,-0.15741361424819136,-0.5105142620246028,0.3618985791582596,-1.0228457681256717,-2.970373521828665,2.3518746648883252e-05,-1.6641090551959437,-1.6744120756732386,-1.2661646048175257,-1.7718079725848597,1.5707507133483887,0.5699509978294373,0
1065,1788172119.1549037,-0.155839470401598,-0.5105339195821497,0.36181776930441606,-1.02278804874247,-2.970363497960992,-0.0002353074648517002,-1.661112133656637,-1.673380200062887,-1.2674830595599573,-1.7716882864581507,1.5707626342773438,0.572915256023407,0
1066,1788172119.197874,-0.1539477083243639,-0.5105019784238489,0.3617891090468376,-1.0225191907669149,-2.9704402174641986,-0.000403719640997321,-1.6575143972979944,-1.6720011870013636,-1.2690652052508753,-1.77159291902651,1.5707746744155884,0.5763352513313293,0
1067,1788172119.2367296,-0.15234706339130233,-0.5105042688215768,0.3618845851003081,-1.0223971566953867,-2.9705375899125044,-7.36552683088018e-05,-1.654456917439596,-1.6707895437823694,-1.2702162901507776,-1.7714369932757776,1.5707746744155884,0.5792990922927856,0
1068,1788172119.2768168,-0.15075225560546732,-0.5104821155555437,0.36189737207580214,-1.0225990770057194,-2.9704778246490546,-1.6169442521441786e-05,-1.6514108816729944,-1.6696017424212855,-1.271510426198141,-1.7712929884540003,1.5707746744155884,0.5824790596961975,0
1069,1788172119.3185208,-0.14912700288893885,-0.5104946050402973,0.36184465307320307,-1.0226877775950822,-2.970372234976056,-0.00022003712619497658,-1.6482818762408655,-1.6685579458819788,-1.2727692762957972,-1.7712214628802698,1.570738673210144,0.5856833457946777,0
1070,1788172119.3597512,-0.14749880630741682,-0.5105111645025525,0.361785964520589,-1.0228285433823865,-2.9703068523941214,-0.00038662119390557483,-1.6451643149005335,-1.6675141493426722,-1.2740514914142054,-1.7710898558246058,1.5707507133483887,0.5888991951942444,0
1071,1788172119.4023635,-0.14591454026093098,-0.5105062707795407,0.36179477047358133,-1.0228545634961381,-2.9703125311029557,-0.00037281187993342356,-1.6421306769000452,-1.6664231459247034,-1.275238339100973,-1.7709820906268519,1.5707626342773438,0.5919473171234131,0
1072,1788172119.444671,-0.14430024076993397,-0.5104909444524336,0.3618464126103041,-1.022748427119025,-2.97039738509052,-0.00017477913054489208,-1.6390374342547815,-1.6652467886554163,-1.2764366308795374,-1.7708266417132776,1.5707746744155884,0.5949590802192688,0
1073,1788172119.4871233,-0.1423588706822629,-0.5105015904599808,0.36186977079443683,-1.0223507230486664,-2.97055946743145,-0.00010645284247589477,-1.635308090840475,-1.66396409669985,-1.2778032461749476,-1.7706945578204554,1.5707865953445435,0.5984154343605042,0
1074,1788172119.5282598,-0.1408009494506037,-0.5105014112525705,0.36186751104591575,-1.022402217066982,-2.97052410046776,-5.873991372692256e-05,-1.6322982946978968,-1.6629203001605433,-1.2789657751666468,-1.7705510298358362,1.5707626342773438,0.6014635562896729,0
1075,1788172119.5693724,-0.13918035285504368,-0.5105112202682989,0.361846051229223,-1.0224147196990983,-2.970490527443734,-0.0001436194760145166,-1.6291688124286097,-1.66191274324526,-1.280116383229391,-1.7704675833331507,1.5707507133483887,0.6046075224876404,0
1076,1788172119.6102235,-0.13760833430283884,-0.5105457676619726,0.36181527512693523,-1.0229154860378018,-2.9703720995646,-0.000203488544957165,-1.6261590162860315,-1.6609886328326624,-1.2812073866473597,-1.7703235785113733,1.5708105564117432,0.6079432964324951,0
1077,1788172119.652246,-0.13601915572726891,-0.510516842227962,0.3618218369726788,-1.022995101896809,-2.970301098356554,-0.00022239169936859906,-1.623077694569723,-1.6599209944354456,-1.2823579947101038,-1.7702634970294397,1.5707746744155884,0.6110872626304626,0
1078,1788172119.6932614,-0.13416552118692607,-0.5104853684170578,0.3618361477672571,-1.0229953311752362,-2.9702882554332377,-0.0002167528535389202,-1.6194923559771937,-1.6586859861956995,-1.2836764494525355,-1.7701800505267542,1.5707626342773438,0.6146754026412964,0
1079,1788172119.7354023,-0.13249339132018081,-0.5105077886570326,0.36180134370018446,-1.022635981517888,-2.970390608346917,-0.00032200793619174524,-1.6162546316729944,-1.6577256361590784,-1.2848027388202112,-1.7700842062579554,1.5707626342773438,0.6176756024360657,0
1080,1788172119.77679,-0.13092939281899807,-0.5104970266627418,0.36184775204742026,-1.022558501576489,-2.9704445317308856,-0.0001166407157740938,-1.6132209936725062,-1.65668231645693,-1.2858575026141565,-1.769940201436178,1.5707507133483887,0.6206514239311218,0
1081,1788172119.8175502,-0.12929338377931784,-0.5104878548619756,0.3618114375222663,-1.022554184967782,-2.970421357027711,-0.00030171186733923307,-1.6100552717791956,-1.6557229200946253,-1.2869723478900355,-1.7699044386493128,1.5707626342773438,0.6238193511962891,0
1082,1788172119.8575196,-0.1276907848940124,-0.5105044041303787,0.3617884822214876,-1.022809388215897,-2.970341499849028,-0.00032394894008677065,-1.6069496313678187,-1.6547988096820276,-1.288039509450094,-1.7697728315936487,1.5707746744155884,0.6270951628684998,0
1083,1788172119.8986764,-0.12604258751931172,-0.510510943651049,0.36181549958955694,-1.022943777342548,-2.9703133712226557,-0.00023260345766021627,-1.6037481466876429,-1.6538155714618128,-1.289058033620016,-1.76967698732485,1.5707746744155884,0.6303833723068237,0
1084,1788172119.9396834,-0.12419518745592677,-0.510499427493679,0.3618775108344028,-1.0231274014144296,-2.9703146143390957,1.4615490038433055e-05,-1.6001628080951136,-1.652640167866842,-1.2902205626117151,-1.7695215384112757,1.5707865953445435,0.6340789794921875,0
1085,1788172119.9811525,-0.12289962665626947,-0.5105001774384234,0.36193197491490625,-1.0229148848374885,-2.97038155313198,0.00023586166536824468,-1.5976207892047327,-1.6518362204181116,-1.290987793599264,-1.7694256941424769,1.570738673210144,0.6364791989326477,0
1086,1788172120.0231972,-0.12101919470270325,-0.5104957477371361,0.3619351332661018,1.0225565536369425,2.970488040830408,-0.00025588104634281935,-1.5939753691302698,-1.6507447401629847,-1.2921741644488733,-1.7693060080157679,1.5707746744155884,0.6398868560791016,0
1087,1788172120.0636647,-0.11941020360285866,-0.5105005028377276,0.3619114900239759,-1.0224802061698512,-2.97054124473676,0.00015458893544191758,-1.5908339659320276,-1.6498811880694788,-1.2931574026690882,-1.7692578474627894,1.5707626342773438,0.6429712772369385,0
1088,1788172120.1051917,-0.11782573418883764,-0.5104901254568559,0.3618530434910576,-1.0225282677312124,-2.9704421308640563,-4.1627499708880164e-05,-1.5877278486834925,-1.649029556904928,-1.2941997686969202,-1.769210163746969,1.570726752281189,0.6461268663406372,0
1089,1788172120.1469393,-0.11616667776007289,-0.5105471637685273,0.3618512696816033,1.0226833979356447,2.970473957433786,-5.463497305582225e-05,-1.5845144430743616,-1.6482136885272425,-1.2951110045062464,-1.7690308729754847,1.5707865953445435,0.649427056312561,0
1090,1788172120.1874642,-0.11425082409867515,-0.5105448052873122,0.36186405662256604,-1.0228068244562971,-2.9704145581359014,8.64223660943662e-05,-1.5807612578021448,-1.6471698919879358,-1.296213452016012,-1.768958870564596,1.5707626342773438,0.6532668471336365,0
1091,1788172120.2293296,-0.11263136519897202,-0.5105506002663397,0.36186999879715187,-1.0226684352881574,-2.9704667320280516,0.00010567234151271027,-1.577595059071676,-1.646318260823385,-1.29712421098818,-1.7688868681537073,1.5707626342773438,0.6563389301300049,0
1092,1788172120.2680361,-0.11103413752352635,-0.5105196747624818,0.3618439372109564,-1.0225339522056867,-2.9704727330312903,-1.3039647449491906e-05,-1.5744650999652308,-1.6454427878009241,-1.29811937013735,-1.768851105366842,1.5707507133483887,0.6593866944313049,0
1093,1788172120.3081381,-0.10941785215484819,-0.5105020816569329,0.36184670521612416,-1.0222800755580614,-2.9705924085868607,1.1103573365807923e-05,-1.5713112990008753,-1.64455491701235,-1.2990787664996546,-1.7687552610980433,1.5707746744155884,0.6623628735542297,0
1094,1788172120.3466167,-0.10782399354139063,-0.5104896653368004,0.36185014492089757,-1.0225188447083111,-2.970522329022345,5.7731884847327405e-06,-1.5681937376605433,-1.6437156836139124,-1.2999771277057093,-1.7686956564532679,1.5707865953445435,0.6656386852264404,0
1095,1788172120.389729,-0.10623286952619576,-0.510520615156325,0.36182314206989885,-1.0226526057324787,-2.9704400308348275,-3.402924106344886e-05,-1.565063778554098,-1.6429956595050257,-1.3008163611041468,-1.7686117331134241,1.5707626342773438,0.6688662171363831,0
1096,1788172120.430498,-0.10468320361523992,-0.5105087691575406,0.3618735802262242,-1.023106066282817,-2.970297518431319,7.975444759421618e-05,-1.5620182196246546,-1.6421797911273401,-1.3015835920916956,-1.768587891255514,1.5707507133483887,0.6722142696380615,0
1097,1788172120.4724395,-0.10307167605722375,-0.5105092265902654,0.3618468801365342,-1.0230793087573673,-2.9703250609083933,-6.816544836973761e-05,-1.5588763395892542,-1.6414364019977015,-1.30243426958193,-1.7685635725604456,1.570798635482788,0.6753343343734741,0
1098,1788172120.5134807,-0.1014651671795372,-0.5104842856783274,0.3618770146317286,-1.0227523838009633,-2.970407144436683,2.8624793846889905e-05,-1.5556986967669886,-1.6405847708331507,-1.3032854239093226,-1.7685158888446253,1.5707507133483887,0.6782981753349304,0
1099,1788172120.5532117,-0.09981234671536003,-0.5104704038281579,0.36190870456297164,1.0222138772169647,2.9706313725392848,-0.00012147881734070065,-1.5524604956256312,-1.639745060597555,-1.30412465730776,-1.768444840108053,1.5707746744155884,0.6811657547950745,0
1100,1788172120.5970733,-0.09820248311196741,-0.510475001351051,0.36192344864612547,1.0220861772675285,2.9706527440475505,-0.00021141760234235575,-1.5492947737323206,-1.638977352772848,-1.304927174245016,-1.7683489958392542,1.5707746744155884,0.6842501759529114,0
1101,1788172120.6404188,-0.09631052925208831,-0.5104528551864552,0.36187085269073166,-1.022261476351887,-2.97057087805964,-4.6041055842956e-05,-1.545565430318014,-1.6381376425372522,-1.3059223333941858,-1.7683728376971644,1.5707626342773438,0.6881020069122314,0
1102,1788172120.6820123,-0.09465387994072726,-0.5104866209940899,0.3618538609754813,-1.0225356834421948,-2.970486966179415,-0.0001109271939540528,-1.5423162619220179,-1.6374896208392542,-1.3066538015948694,-1.7683246771441858,1.5707865953445435,0.691533625125885,0
1103,1788172120.7247949,-0.09279993474389894,-0.5104801833804167,0.3618758518908146,-1.0228051676310241,-2.9703916359299916,-6.694667818961129e-05,-1.5386584440814417,-1.6366499106036585,-1.3075040022479456,-1.7682889143573206,1.5707746744155884,0.6953734159469604,0
1104,1788172120.7670062,-0.09116729646386994,-0.5105365437761081,0.36183624752595583,-1.0225091413158256,-2.970506797519714,-1.5015787500976744e-05,-1.5354445616351526,-1.6360381285296839,-1.3082717100726526,-1.7680977026568812,1.5707746744155884,0.6983852386474609,0
1105,1788172120.8084939,-0.08963255331299498,-0.5104996506241828,0.36182892247627163,-1.0223066333567168,-2.9705467305763875,-7.64932570567203e-05,-1.5324104467975062,-1.6353181044207972,-1.3090508619891565,-1.7680853048907679,1.5707626342773438,0.701289176940918,0
1106,1788172120.85002,-0.08803462590168205,-0.5104783294300715,0.361842480797122,-1.022219384874107,-2.9705720006745757,-9.366042703460685e-05,-1.5292566458331507,-1.634610954915182,-1.3097699324237269,-1.7680853048907679,1.5707626342773438,0.7043852210044861,0
1107,1788172120.8922,-0.08614047739416805,-0.510439112323426,0.3618762095517524,-1.0224019579370522,-2.970513567764495,-7.589276325728533e-05,-1.5255149046527308,-1.633747402821676,-1.3106091658221644,-1.7680977026568812,1.5707626342773438,0.7082489728927612,0
1108,1788172120.934335,-0.08450585043119845,-0.5104590086225738,0.3618449370438626,-1.0227049380703281,-2.9704004922476086,-0.00010759770462858518,-1.5222891012774866,-1.6331351439105433,-1.3113396803485315,-1.7680013815509241,1.5707626342773438,0.7116805911064148,0
1109,1788172120.974527,-0.08289806430596199,-0.5104516640779175,0.36184543956675225,-1.0227836793686165,-2.97038703203908,-0.0001567812057804073,-1.519123379384176,-1.6324995199786585,-1.3120115439044397,-1.767989460621969,1.5707865953445435,0.7148965001106262,0
1110,1788172121.016074,-0.08126210146458332,-0.510454592245965,0.3618696273389704,-1.0227024171880716,-2.97043170356876,-4.470992156339618e-05,-1.5158856550799769,-1.6318400541888636,-1.3126705328570765,-1.7679179350482386,1.5707746744155884,0.7180760502815247,0
1111,1788172121.058394,-0.07968150510515863,-0.5104526315745619,0.36187073379694046,-1.0226293001005289,-2.9704407894885367,-5.2598820159064334e-05,-1.5127556959735315,-1.6312397162066858,-1.313305679951803,-1.7678936163531702,1.5707626342773438,0.7211601138114929,0
1112,1788172121.0994508,-0.07773605273368094,-0.5104836768398363,0.3618361290685673,-1.0222379969496607,-2.970567388779043,-0.0001301190364737794,-1.5089181105243128,-1.6306045691119593,-1.3140609900103968,-1.7678220907794397,1.5707746744155884,0.7247359156608582,0
1113,1788172121.1384745,-0.07646349059754022,-0.510473560127598,0.3618479061248968,-1.022352076080756,-2.9705426859670028,-7.736514615612121e-05,-1.506399933491842,-1.6301005522357386,-1.3145764509784144,-1.7677744070636194,1.5707746744155884,0.7273278832435608,0
1114,1788172121.1802974,-0.07452950225694735,-0.5104774422900407,0.3618152468215735,-1.0225049846040999,-2.970455895288927,-0.00019645588568825703,-1.5025742689715784,-1.6294525305377405,-1.31533128419985,-1.767750088368551,1.5707746744155884,0.7312635779380798,0
1115,1788172121.2220151,-0.07295402149960847,-0.510472141755309,0.36186975334030086,-1.0228838678540073,-2.970394444362799,4.5772845008470844e-05,-1.49945575395693,-1.628817383443014,-1.315906826649801,-1.7676423231707972,1.5707746744155884,0.7346228957176208,0
1116,1788172121.2620869,-0.07137412130260984,-0.5104538902152858,0.3618966286661248,-1.0228320547671694,-2.970407601187791,2.9312648743252884e-05,-1.4963257948504847,-1.6282532850848597,-1.3164342085467737,-1.7676904837237757,1.5707746744155884,0.737718939781189,0
1117,1788172121.299904,-0.06977359846674779,-0.5104323979855343,0.36191226146514516,-1.022672773666761,-2.970456039593656,5.4780188544194194e-05,-1.493148152028219,-1.6276653448687952,-1.31702167192568,-1.7676785627948206,1.5707626342773438,0.7407906651496887,0
1118,1788172121.3403053,-0.068136858550328,-0.5104520461521803,0.36188377514226966,-1.0222429152401111,-2.970589157847534,4.103233906607657e-06,-1.4899099508868616,-1.6271856466876429,-1.317596737538473,-1.767618481312887,1.5707626342773438,0.7437425255775452,0
1119,1788172121.379987,-0.06651308489952852,-0.5104327229813239,0.3618737866380386,-1.0220468869054367,-2.9706479127593064,-7.188238262051475e-05,-1.4866960684405726,-1.626645867024557,-1.3181842009173792,-1.767618481312887,1.5707746744155884,0.7468262314796448,0
1120,1788172121.4198446,-0.06492145119250325,-0.5104284941620226,0.3618814644615994,-1.022274882017264,-2.970605800251796,5.0147323830666146e-05,-1.483542267476217,-1.6260936895953577,-1.3187711874591272,-1.767498795186178,1.5707746744155884,0.7501260042190552,0
1121,1788172121.459535,-0.0633044932806985,-0.5103691468008594,0.3618903181698123,-1.0226493983995975,-2.9704718403122827,3.311451547358835e-05,-1.4803279081927698,-1.625469986592428,-1.319406811391012,-1.767498795186178,1.5707746744155884,0.7535935640335083,0
1122,1788172121.4997878,-0.061709380161220795,-0.5103420009907657,0.3618493765752792,-1.02269569855382,-2.9704245571646726,-6.984256424100911e-05,-1.477161709462301,-1.6249545256244105,-1.3200419584857386,-1.7674511114703577,1.5707746744155884,0.7567974328994751,0
1123,1788172121.5406423,-0.06016666760915578,-0.5103380531966776,0.36187039375312174,-1.022604783248052,-2.9704383168670274,-3.560530562173016e-05,-1.4740923086749476,-1.6244986693011683,-1.3204734961139124,-1.7674625555621546,1.5707507133483887,0.7598092555999756,0
1124,1788172121.5812361,-0.058856115613093125,-0.5103467227767232,0.3618172772086926,-1.0225015995302829,-2.97042161931222,-0.0002487066756372338,-1.47150165239443,-1.6242106596576136,-1.320881191884176,-1.767486874257223,1.5707626342773438,0.7623412609100342,0
1125,1788172121.6206138,-0.05840212848025782,-0.5103820649996857,0.3618149455328573,-1.0222039563055705,-2.9705409792280593,-0.0002387958040205771,-1.470614258443014,-1.6241629759417933,-1.3209407965289515,-1.7674625555621546,1.5707746744155884,0.7630247473716736,0
1126,1788172121.6606784,-0.05845252275220691,-0.510389263610236,0.36182512606498973,-1.022172862367643,-2.970566288382949,-0.00014654059547714236,-1.4707101027118128,-1.6241629759417933,-1.3209288755999964,-1.7674153486834925,1.5707626342773438,0.762904942035675,0
