frame_index,timestamp,tcp_x,tcp_y,tcp_z,tcp_rx,tcp_ry,tcp_rz,joint_0,joint_1,joint_2,joint_3,joint_4,joint_5,suction_on
0,1788170960.625829,-0.10912363092198228,-0.4868822996030748,0.2858785144010554,-1.2022349763371214,2.9024317642313564,-8.113516134372683e-05,-1.5707600752459925,-1.570723835621969,-1.5708287397967737,-1.570796314870016,1.5708345174789429,-0.7853668371783655,0
1,1788170960.6675048,-0.10911813330985778,-0.48688464444853136,0.2858727106210829,-1.2022593165775946,2.9023926645385463,-7.830907918792767e-05,-1.5707600752459925,-1.5707357565509241,-1.5708287397967737,-1.570796314870016,1.5708585977554321,-0.7853906790362757,0
2,1788170960.7083037,-0.10911541194545687,-0.48687957779553986,0.28587738645408767,-1.2022378021870284,2.902389654731441,-8.547362917399998e-05,-1.5707600752459925,-1.570723835621969,-1.5708287397967737,-1.570808235798971,1.5708705186843872,-0.7853787581073206,0
3,1788170960.7475727,-0.10912943519301097,-0.48687321096860636,0.2858727096103987,-1.202320421698395,2.9023914346940503,-6.383658237449873e-05,-1.5707719961749476,-1.570711914693014,-1.5708525816546839,-1.570796314870016,1.5708345174789429,-0.7854388395892542,0
4,1788170960.7864714,-0.1091263521129684,-0.4868921499503452,0.2858573222542997,-1.2022702292150749,2.902419011653789,-3.86780570028829e-05,-1.5707600752459925,-1.5707600752459925,-1.5708406607257288,-1.5707724730121058,1.5708225965499878,-0.7853906790362757,0
5,1788170960.8252656,-0.10911209804737303,-0.4868648695138487,0.28586328842149417,-1.202270253399017,2.902368187295143,-8.416930302688646e-06,-1.5707476774798792,-1.570711914693014,-1.5708649794207972,-1.5708320776568812,1.5708585977554321,-0.7853906790362757,0
6,1788170960.8632689,-0.10912088197474942,-0.4868873661615396,0.2858691628908903,-1.2022134197684657,2.902428652369323,-8.83714665922313e-05,-1.5707600752459925,-1.5707357565509241,-1.5708406607257288,-1.5707724730121058,1.5708465576171875,-0.7853549162494105,0
7,1788170960.902834,-0.10912943498256011,-0.48688186068555184,0.2858830726476094,-1.2022946218371684,2.902427005012869,-0.00015102853229115047,-1.5707719961749476,-1.5706999937640589,-1.5708525816546839,-1.5707481543170374,1.5708345174789429,-0.785414997731344,0
8,1788170960.9432445,-0.10912088225312644,-0.48687968711782437,0.2858680792807391,-1.2022117437393773,2.9024246072169144,-7.17632819670195e-05,-1.5707600752459925,-1.570723835621969,-1.5708525816546839,-1.5707839171039026,1.5708465576171875,-0.7853549162494105,0
9,1788170960.9830878,-0.10911541106723856,-0.48690380349116,0.28588065549455455,-1.2022327941551372,2.9024264820891847,-0.00020726645682753785,-1.5707600752459925,-1.5707357565509241,-1.5708287397967737,-1.5707123915301722,1.5708705186843872,-0.7853668371783655,0
10,1788170961.0226617,-0.10912088187215636,-0.48689019625389124,0.2858796884392291,-1.202302426901891,2.902396919655035,-0.00010636494969546004,-1.5707600752459925,-1.5707357565509241,-1.5708168188678187,-1.5707839171039026,1.5708465576171875,-0.785414997731344,0
11,1788170961.063335,-0.10910904114742909,-0.48689546241046233,0.2858807717745996,-1.2022522026732323,2.902422460236178,-0.00012297156184233577,-1.5707357565509241,-1.5707357565509241,-1.5708168188678187,-1.5707724730121058,1.5708465576171875,-0.7853549162494105,0
12,1788170961.103542,-0.10911759429558576,-0.48689115784219406,0.28586312648760526,-1.2022511523693444,2.902419929060542,-6.314272563101586e-05,-1.5707476774798792,-1.5707481543170374,-1.5708406607257288,-1.5707724730121058,1.5708345174789429,-0.7853668371783655,0
13,1788170961.1438148,-0.10912121572970522,-0.4868891627461288,0.2858865762683608,-1.2022447869829325,2.902406509858266,-0.00015467466678733532,-1.5707719961749476,-1.570723835621969,-1.5708168188678187,-1.5707724730121058,1.5708705186843872,-0.7853906790362757,0
14,1788170961.1804419,-0.10912668592228,-0.48689405590017726,0.2858654285948708,-1.202267757710113,2.902411083460798,-0.00010567294608588772,-1.5707719961749476,-1.5707481543170374,-1.5708406607257288,-1.5707481543170374,1.5708465576171875,-0.785403076802389,0
15,1788170961.2206635,-0.10912997366332887,-0.48688311939259293,0.28589818430568376,-1.2021826010686785,2.902454060999599,-0.00018210971293592987,-1.5707843939410608,-1.5706999937640589,-1.5708168188678187,-1.5707724730121058,1.5708585977554321,-0.7853549162494105,0
16,1788170961.259284,-0.10912997360605305,-0.4868879189556545,0.28588194523920796,-1.2021964794424773,2.902438637718104,-0.00014820142621998518,-1.5707843939410608,-1.570723835621969,-1.5708287397967737,-1.5707600752459925,1.5708585977554321,-0.7853668371783655,0
17,1788170961.299851,-0.10912088170268308,-0.4868948711381275,0.28587247879175726,-1.2022814953116936,2.902395320683882,-7.038062436906777e-05,-1.5707600752459925,-1.5707600752459925,-1.5708048979388636,-1.570796314870016,1.5708465576171875,-0.785403076802389,0
18,1788170961.3404238,-0.10911209688712056,-0.4868887188455616,0.2858691630455113,-1.2022790541320754,2.902389425229426,-9.560867363823993e-05,-1.5707476774798792,-1.5707357565509241,-1.5708406607257288,-1.5707724730121058,1.5708585977554321,-0.7853906790362757,0
19,1788170961.3801677,-0.10910357128472785,-0.4868880505434597,0.28588657587089383,-1.202262777506328,2.902399054494782,-0.00015467280604522052,-1.5707357565509241,-1.570711914693014,-1.5708287397967737,-1.5707724730121058,1.5708705186843872,-0.7853668371783655,0
20,1788170961.4193451,-0.10910115600756187,-0.48689398726528194,0.28587365322043734,-1.2022448115209685,2.902355685046394,-0.0001244106157087086,-1.5707476774798792,-1.5707481543170374,-1.5708168188678187,-1.5707839171039026,1.5709065198898315,-0.7853787581073206,0
21,1788170961.4593544,-0.10911484563236884,-0.4868890952999498,0.28588077143752877,-1.202269502974137,2.902415295497735,-0.00012297218267866874,-1.5707476774798792,-1.570723835621969,-1.5708287397967737,-1.5707724730121058,1.5708465576171875,-0.7853787581073206,0
22,1788170961.498899,-0.10912363073435714,-0.4868874751693445,0.28586453192200967,-1.2022523461102768,2.9024247671412136,-8.182736361052635e-05,-1.5707600752459925,-1.5707357565509241,-1.5708525816546839,-1.5707600752459925,1.5708345174789429,-0.7853787581073206,0
23,1788170961.5392914,-0.1091175947878095,-0.4868810400693122,0.28586807915921375,-1.2022685918814622,2.9024131003617315,-6.452696621533268e-05,-1.5707476774798792,-1.570723835621969,-1.5708525816546839,-1.5707839171039026,1.5708345174789429,-0.7853787581073206,0
24,1788170961.5817146,-0.1091181331227854,-0.4868898047910598,0.2858631267637517,-1.2022246472068212,2.9024068272817827,-7.761619673074463e-05,-1.5707600752459925,-1.5707481543170374,-1.5708406607257288,-1.5707724730121058,1.5708585977554321,-0.7853668371783655,0
25,1788170961.620362,-0.10911759404381267,-0.48689633308772984,0.285858495852763,-1.2023038135935504,2.902398313249028,-6.383542310662709e-05,-1.5707476774798792,-1.5707600752459925,-1.5708406607257288,-1.5707600752459925,1.5708345174789429,-0.785403076802389,0
26,1788170961.6586106,-0.10889039389142739,-0.48688390545795246,0.2858539327679587,-1.202339450024637,2.902339519983195,-8.372738050751862e-06,-1.5702922979937952,-1.5706399122821253,-1.570960823689596,-1.570808235798971,1.5708585977554321,-0.784982983266012,0
27,1788170961.6975846,-0.10828596167570716,-0.48687919522048295,0.28578616679962243,-1.20249351499062,2.902218275742781,0.00024339012718635833,-1.5690448919879358,-1.5704005400287073,-1.5713322798358362,-1.5708444754229944,1.5708465576171875,-0.7838557402240198,0
28,1788170961.7366598,-0.10749542357213163,-0.48687208648010427,0.285788583065426,-1.2024661931546414,2.9022521202915392,0.00021484455056618312,-1.5674145857440394,-1.5699566046344202,-1.5717757383929651,-1.570820156727926,1.5708345174789429,-0.782201115285055,0
29,1788170961.778132,-0.10617670223065935,-0.48695450658647343,0.2858230268748414,-1.2023791319923725,2.902337458280928,4.1147177582395984e-05,-1.5647042433368128,-1.5694049040423792,-1.5722678343402308,-1.5707600752459925,1.5708345174789429,-0.7794187704669397,0
30,1788170961.81674,-0.10456276329646368,-0.4871889298063338,0.2858288842359463,-1.2025503485628444,2.9022595472452655,1.6276912595331546e-05,-1.561394516621725,-1.5691292921649378,-1.5725310484515589,-1.5707600752459925,1.5708465576171875,-0.7762287298785608,0
31,1788170961.85346,-0.10302633241403432,-0.4874698055899114,0.2858127614816113,-1.2023027787387255,2.9023527667391096,5.0653965812681835e-05,-1.5582407156573694,-1.5690324942218226,-1.5726631323443812,-1.5707481543170374,1.5708465576171875,-0.7729066053973597,0
32,1788170961.8936868,-0.10171338287801535,-0.48781251760988564,0.285779903957327,-1.2024597549927258,2.9021935556773752,0.00024242771669725005,-1.5555670897113245,-1.5692732969867151,-1.5724714438067835,-1.5708444754229944,1.5708825588226318,-0.7703641096698206,0
33,1788170961.9339638,-0.10012150886364334,-0.488590023795088,0.2859036726697719,-1.2024990701141869,2.902337317781965,-0.00019133728162644387,-1.552305046712057,-1.5701606909381312,-1.5713446776019495,-1.5707724730121058,1.5708465576171875,-0.767090145741598,0
34,1788170961.97387,-0.09851902718942372,-0.48943993569567107,0.28590213132623793,-1.202474912192561,2.9023298867050014,-0.00018001242812264458,-1.5490554014789026,-1.5714080969439905,-1.5700982252704065,-1.5707839171039026,1.5708585977554321,-0.7638281027423304,0
35,1788170962.0147676,-0.0969742561455704,-0.49034410239992227,0.2859025725152089,-1.2022478051547325,2.9024216301545356,-0.0001199816625840762,-1.5459249655352991,-1.5728352705584925,-1.5686591307269495,-1.5708320776568812,1.5708465576171875,-0.7605417410479944,0
36,1788170962.055494,-0.09554210689507149,-0.4914854855640486,0.28587801131194646,-1.2022565077505116,2.9023956684690995,-8.883903543662132e-05,-1.5430596510516565,-1.5748866240130823,-1.5666573683368128,-1.570808235798971,1.5708585977554321,-0.7576878706561487,0
37,1788170962.0967603,-0.09424856143577712,-0.4931675687400443,0.2859309804205993,-1.202236281945494,2.9024446873419376,-0.0002448387545525195,-1.5405171553241175,-1.5782211462603968,-1.5631926695453089,-1.5708320776568812,1.5708585977554321,-0.7551215330706995,0
38,1788170962.1362739,-0.09359778618918241,-0.49477141984742035,0.2858421595163728,-1.202331131655359,2.9023781480904374,-3.386565118447318e-05,-1.5392816702472132,-1.5817955175982874,-1.5597766081439417,-1.570808235798971,1.5708345174789429,-0.7539580504046839,0
39,1788170962.1748242,-0.09316893524875042,-0.49636723308384817,0.28588483447785995,-1.2021654468598604,2.9024733292958436,-0.00013615391123303065,-1.5385144392596644,-1.585346523915426,-1.556084458027975,-1.5708797613727015,1.5708345174789429,-0.7530701796161097,0
40,1788170962.213808,-0.09277846030862551,-0.4979979660191006,0.2858675159439673,-1.2022610362119779,2.902408552862925,-0.0001466567260896257,-1.5378430525409144,-1.5890405813800257,-1.552368466054098,-1.5709036032306116,1.5708585977554321,-0.7524707953082483,0
41,1788170962.2539163,-0.09247690122674003,-0.4992765753440699,0.28586449493642524,-1.2023339888759403,2.902385039586046,-0.00011894721828724399,-1.5373147169696253,-1.5919435659991663,-1.5494077841388147,-1.5709756056415003,1.5708465576171875,-0.751991097127096,0
42,1788170962.2939043,-0.09194373393650193,-0.5012075480953102,0.2858233468203447,-1.2025640765874532,2.902253541964053,-3.296047216364898e-05,-1.536379639302389,-1.5963218847857874,-1.5450084845172327,-1.571059528981344,1.5708585977554321,-0.751223389302389,0
43,1788170962.3328173,-0.09159205463910172,-0.5024778523587519,0.28584757238085434,-1.2026303990760987,2.902217936729992,-5.489862168381723e-05,-1.5357683340655726,-1.5991762320147913,-1.542011562977926,-1.5711916128741663,1.5708705186843872,-0.7506597677813929,0
44,1788170962.3716998,-0.09104896167864607,-0.504072889953023,0.28585605257607133,-1.2022787749644874,2.902400494898629,-9.077132169189659e-05,-1.5347846190081995,-1.6027033964740198,-1.5383556524859827,-1.571286980305807,1.5708465576171875,-0.7494247595416468,0
45,1788170962.411542,-0.0904124462982632,-0.5057034216396114,0.2858532049339363,-1.2022378489201526,2.902401505083487,-0.0001368161216495675,-1.5336454550372522,-1.6062896887408655,-1.5346511046039026,-1.5713828245746058,1.5708705186843872,-0.7482612768756312,0
46,1788170962.451873,-0.08964281894320564,-0.5073030076904933,0.28585190559367313,-1.2023548850542256,2.902341549431089,-3.8191485907854095e-05,-1.5322306791888636,-1.6097920576678675,-1.5309956709491175,-1.5715983549701136,1.5708585977554321,-0.746929947529928,0
47,1788170962.491159,-0.08882780203131868,-0.5088483369680373,0.28583855437083916,-1.20202247090666,2.902474593143491,0.00014385854301403637,-1.5307195822345179,-1.6131747404681605,-1.5274713675128382,-1.5718501249896448,1.5708225965499878,-0.7451909224139612,0
48,1788170962.531478,-0.08795069873698247,-0.5103733532148375,0.285897259482757,-1.202277423146923,2.902352220002054,-6.280947787685284e-05,-1.5291364828692835,-1.6163776556598108,-1.5239947477923792,-1.572005573903219,1.5708825588226318,-0.7437875906573694,0
49,1788170962.574035,-0.08703543695888845,-0.5118691078702611,0.28567745138043005,-1.2019290626829375,2.902397851318668,0.0003301021317598002,-1.5274580160724085,-1.6197007338153284,-1.5209978262530726,-1.5719454924212855,1.5708825588226318,-0.7418931166278284,0
50,1788170962.6154695,-0.08611093998280976,-0.5133644778288113,0.28527223726234285,-1.2020673712084597,2.902385323195025,0.0003188246318902038,-1.525754753743307,-1.6228669325457972,-1.5186966101275843,-1.571059528981344,1.5708465576171875,-0.7402742544757288,0
51,1788170962.6553333,-0.08496349554035847,-0.5151555563425316,0.2835934349243251,-1.2020486569853375,2.9023421096089357,0.0005264187718569476,-1.52366811433901,-1.6267536322223108,-1.5188286940204065,-1.5671809355365198,1.5708465576171875,-0.7381871382342737,0
52,1788170962.6949418,-0.08402311959999638,-0.5166510378096728,0.2814065798717097,-1.2023115811497358,2.902242920140311,0.0005459291208631838,-1.521965805684225,-1.6299803892718714,-1.5209739843951624,-1.561817471181051,1.5708345174789429,-0.7366636435138147,0
53,1788170962.7358358,-0.08304021554889954,-0.5180941749610751,0.278317465637387,-1.2021316908028075,2.9022000850027316,0.0010268619079950884,-1.5201905409442347,-1.633303467427389,-1.5252297560321253,-1.554563347493307,1.5708345174789429,-0.7347930113421839,0
54,1788170962.7754152,-0.082030385200474,-0.5197139441964924,0.2750924444204813,-1.202410285524377,2.902283502393852,0.00033137918611040137,-1.5183799902545374,-1.6366737524615687,-1.5299642721759241,-1.5459798018084925,1.5708105564117432,-0.7331259886371058,0
55,1788170962.814905,-0.0809889985953079,-0.5212204858284301,0.2719716264018033,-1.202381470152825,2.902311789652611,-1.7557821229222075e-05,-1.5165446440326136,-1.6399725119220179,-1.5344355742083948,-1.5379951635943812,1.5708705186843872,-0.7312668005572718,0
56,1788170962.8539886,-0.07999507142746175,-0.5226421225308644,0.2686905254788619,-1.2024922350393228,2.9021878076627634,0.00036278491715843915,-1.5147703329669397,-1.6434033552752894,-1.5390508810626429,-1.530201260243551,1.5708585977554321,-0.7295878569232386,0
57,1788170962.8912199,-0.07916947896874786,-0.5238127154680271,0.2661945845971615,-1.202311431322537,2.9023403845263602,4.132575786682836e-05,-1.5133069197284144,-1.6460302511798304,-1.5426352659808558,-1.5237730185138147,1.5708585977554321,-0.727980915700094,0
58,1788170962.9313738,-0.07800347174577141,-0.5252560928061826,0.26306555990524905,-1.2024363907526028,2.9022975827844895,-5.30340343609159e-05,-1.5112322012530726,-1.6493890921222132,-1.5469983259784144,-1.515991512929098,1.5708705186843872,-0.725990120564596,0
59,1788170962.9715424,-0.07688937611821861,-0.5266792016830294,0.25980696659338987,-1.2022748115388373,2.9023517871070226,-5.755472515998594e-05,-1.5092657248126429,-1.6528318564044397,-1.551577393208639,-1.5079706350909632,1.5708825588226318,-0.7239154020892542,0
60,1788170963.0138052,-0.07583268896234813,-0.5280753859625622,0.25655735832573845,-1.2020962817588445,2.902415968048509,0.00015871226432885883,-1.507395092641012,-1.6563590208636683,-1.5560005346881312,-1.5001533667193812,1.5708465576171875,-0.721924130116598,0
61,1788170963.0556893,-0.07466132484278244,-0.5294642520491422,0.25331400288401446,-1.2022484315528523,2.9022900834246235,0.0005455583549660382,-1.505319897328512,-1.659957234059469,-1.5602920691119593,-1.4925153891192835,1.5708225965499878,-0.7199690977679651,0
62,1788170963.0991366,-0.07336605901084382,-0.5312223268536486,0.2495216770662196,-1.2021013068960815,2.9024789817037036,-1.159790923582328e-06,-1.503077809010641,-1.6642516295062464,-1.5653627554522913,-1.4827826658831995,1.5708225965499878,-0.7175944487201136,0
63,1788170963.1413918,-0.07227160340988653,-0.5326295068584053,0.24636571774556365,-1.202271282782898,2.9023961098455544,-6.558993805704804e-05,-1.5011947790728968,-1.6678984800921839,-1.5694268385516565,-1.4750364462481897,1.5708465576171875,-0.7158315817462366,0
64,1788170963.1809337,-0.071123054850917,-0.5340496028506954,0.24310768908253036,-1.2022234163645715,2.902329510582763,0.00025122053412956786,-1.4992159048663538,-1.6717727820025843,-1.57343036333193,-1.4673751036273401,1.5708585977554321,-0.7138407866107386,0
65,1788170963.2211628,-0.07002397570389461,-0.5354949416739694,0.2399703844354012,-1.202206991657838,2.902393571074959,6.194557357970084e-05,-1.497333828602926,-1.6755755583392542,-1.5772784391986292,-1.4595931212054651,1.5708465576171875,-0.7119334379779261,0
66,1788170963.2636685,-0.06900163081020105,-0.5369520270196394,0.23683694673553962,-1.2022521222155116,2.9024026928244018,-0.00012096110021890522,-1.4956181685077112,-1.679498020802633,-1.580970589314596,-1.4518597761737269,1.5708585977554321,-0.7102420965777796,0
67,1788170963.3046978,-0.06788375114557345,-0.5388228655356436,0.2328936040791344,-1.2023946071463454,2.902355240180273,9.20520667587422e-06,-1.4937718550311487,-1.6847642103778284,-1.5851777235614222,-1.4424617926227015,1.5708225965499878,-0.7084911505328577,0
68,1788170963.346831,-0.06706123910374218,-0.5403439465222925,0.22965153235647284,-1.202588613816415,2.902181688443335,0.00030317399527272616,-1.4924643675433558,-1.6892264525042933,-1.5884383360492151,-1.4349435011493128,1.5708465576171875,-0.7073400656329554,0
69,1788170963.389334,-0.06632941187419422,-0.5418796226337951,0.22641515094134937,-1.2040062444442516,2.901521573953911,0.0006267054993324996,-1.4913252035724085,-1.6938093344317835,-1.5915311018573206,-1.4274843374835413,1.5708465576171875,-0.7071955839740198,0
70,1788170963.4294426,-0.06563699368364947,-0.5435681777696971,0.22324822852362414,-1.205987148884821,2.9007902818160787,0.00015716569202559445,-1.4902938047992151,-1.6985352675067347,-1.594395939503805,-1.4195831457721155,1.5708585977554321,-0.7075074354754847,0
71,1788170963.4684412,-0.06499959565467311,-0.5451177016946759,0.2200687242078183,-1.2081951646983158,2.8998676548391633,0.00029639616503568996,-1.4893344084369105,-1.7032015959369105,-1.5972493330584925,-1.4121487776385706,1.5708345174789429,-0.708071533833639,0
72,1788170963.507364,-0.06430570597801441,-0.5467096546203045,0.21677698568314904,-1.2112291589900879,2.8985284290785347,0.0005013303605178246,-1.488303009663717,-1.7080844084369105,-1.600114647542135,-1.4045456091510218,1.5708585977554321,-0.7091510931598108,0
73,1788170963.5463376,-0.06366178732455495,-0.5483530400196978,0.21369560533125187,-1.2145796182835544,2.8972140690641695,0.00010799962532173617,-1.4873674551593226,-1.7128704229937952,-1.6026313940631312,-1.3969796339618128,1.5708585977554321,-0.7105062643634241,0
74,1788170963.5871253,-0.06305874033972639,-0.5499319261672302,0.2104706276076335,-1.2173846933850567,2.8960128283588262,0.00033624009362721006,-1.4864924589740198,-1.7178247610675257,-1.6052091757403772,-1.38959247270693,1.5708345174789429,-0.7115739027606409,0
75,1788170963.628029,-0.06245922566205771,-0.5516217784072284,0.20729475865325775,-1.2207973046407783,2.8946023452707603,-2.6215931302300227e-05,-1.4856765905963343,-1.7228987852679651,-1.6075947920428675,-1.3819058577166956,1.5708825588226318,-0.7131088415728968,0
76,1788170963.669371,-0.0619223794726987,-0.5531407230931988,0.20406252150882767,-1.224605715577588,2.8929201345666713,0.00029848067234421703,-1.4849332014666956,-1.727877442036764,-1.6101120154010218,-1.374627415333883,1.5708825588226318,-0.7150157133685511,0
77,1788170963.7118628,-0.0613904574781245,-0.5547006277398072,0.2007631757971496,-1.2287611068495645,2.8910896844219485,0.0008414987579872957,-1.4841893354998987,-1.7330954710589808,-1.6124737898456019,-1.3673957029925745,1.5708345174789429,-0.7171624342547815,0
78,1788170963.7550085,-0.06082156422904114,-0.55665498543285,0.19693251845752607,-1.233669805736032,2.8890613420195157,0.0005007423937655806,-1.4834702650653284,-1.7392738501178187,-1.6152060667621058,-1.3582609335528772,1.5708465576171875,-0.7198246161090296,0
79,1788170963.7961805,-0.060474043770231765,-0.5582564257560163,0.19384925499546676,-1.2387617930934134,2.886880308107273,0.0003233559594016522,-1.483110253010885,-1.7444317976581019,-1.6171487013446253,-1.351053539906637,1.5708825588226318,-0.7229912916766565,0
80,1788170963.8351736,-0.06027770666411059,-0.5598286792597077,0.1906506019468144,-1.2438691127385864,2.8846421114373983,0.0006813115379651202,-1.482990566884176,-1.7498181501971644,-1.619018856679098,-1.3440254370318812,1.5708465576171875,-0.7264216581927698,0
81,1788170963.8765788,-0.060148791777725814,-0.5614750633921824,0.18791469122740995,-1.2495280986246158,2.8823021206902655,0.0002745088499388711,-1.4830144087420862,-1.7549522558795374,-1.6200855414019983,-1.33754808107485,1.5708345174789429,-0.7303436438189905,0
82,1788170963.916613,-0.060003603836300816,-0.5630492236133343,0.18595679649392308,-1.2540978564932788,2.8802926715679384,0.00037654412688753426,-1.4830024878131312,-1.759679142628805,-1.619498078023092,-1.3334773222552698,1.5708345174789429,-0.7335098425494593,0
83,1788170963.957063,-0.05983634516025187,-0.5646564462049459,0.18454604251032422,-1.2577559611967914,2.8786904811658376,0.0002847454114802401,-1.4829662481891077,-1.7641294638263147,-1.6178200880633753,-1.330651585255758,1.5708585977554321,-0.7360160986529749,0
84,1788170963.9981778,-0.05965520872224417,-0.5662547728443428,0.1836052635096369,-1.2604874806816517,2.87750611773501,0.00023843604558406652,-1.482894245778219,-1.768304173146383,-1.615218464528219,-1.3290475050555628,1.5708585977554321,-0.7378395239459437,0
85,1788170964.0401478,-0.059469045770349824,-0.5681531661061111,0.18315827653727051,-1.2618179488671037,2.8769294792679108,0.0003870199808181584,-1.4828460852252405,-1.7729466597186487,-1.610699478779928,-1.3290117422686976,1.5708225965499878,-0.7387145201312464,0
86,1788170964.0828545,-0.05904341580110182,-0.5697734037814038,0.1832323755070566,-1.262000108362276,2.876878615441357,0.00014581804758020058,-1.4823549429522913,-1.7764857451068323,-1.6062043348895472,-1.3298137823687952,1.5708465576171875,-0.738342587147848,0
87,1788170964.1235726,-0.05818794465440665,-0.5713944171839054,0.18319892434546156,-1.2626787993526623,2.876501703554284,0.0003668534272971211,-1.481107536946432,-1.7801321188556116,-1.6017687956439417,-1.330759350453512,1.5708705186843872,-0.7375872770892542,0
88,1788170964.166273,-0.0574607329433995,-0.5730297953322482,0.18320548512064283,-1.263046438213178,2.8764018948949235,0.0002220669017486356,-1.4800761381732386,-1.7836955229388636,-1.5973814169513147,-1.3314779440509241,1.5708465576171875,-0.736795727406637,0
89,1788170964.2047596,-0.0567981166613963,-0.5746539827673288,0.18320590878559967,-1.2626784741225154,2.8765959631938887,2.2990078385309235e-05,-1.4791768232928675,-1.7872465292560022,-1.593017880116598,-1.332160774861471,1.5708585977554321,-0.7356322447406214,0
90,1788170964.2467752,-0.056151826428500015,-0.5762611494062019,0.18328227524343566,-1.2627128907879175,2.8766258863129996,-0.0002908481752807882,-1.4783132711993616,-1.7906892935382288,-1.5885942617999476,-1.3329389731036585,1.5708825588226318,-0.7347810904132288,0
91,1788170964.2917385,-0.05535472510606978,-0.5780989472080806,0.18319799556280458,-1.2627761393688743,2.8764905147386086,0.0002947829315812515,-1.4772098700152796,-1.7949960867511194,-1.583355728779928,-1.3342555204974573,1.5708585977554321,-0.7337492148028772,0
92,1788170964.335242,-0.05467062896796674,-0.5796932767215119,0.18317409685907193,-1.2625138115932377,2.8765972746813184,0.0003926624309682284,-1.4762747923480433,-1.7985828558551233,-1.5789206663714808,-1.3351653257953089,1.5708465576171875,-0.7326338926898401,0
93,1788170964.3795373,-0.053770359440488816,-0.5816190845205491,0.1831994147062941,-1.2627460941675674,2.876515233917589,0.0001869186892183745,-1.475039307271139,-1.8027814070331019,-1.5736220518695276,-1.336135212575094,1.5708705186843872,-0.7315548102008265,0
94,1788170964.4229567,-0.05306558797737388,-0.583284987921947,0.18314775708953882,1.262922906322857,-2.8765434141428954,0.0004112976320266859,-1.4740923086749476,-1.8063324133502405,-1.569390598927633,-1.3364108244525355,1.5708585977554321,-0.7307036558734339,0
95,1788170964.4658775,-0.052258973520836305,-0.5851588916416299,0.18212532870444695,-1.2628411885513584,2.876545502445175,0.00011385372756226447,-1.4730008284198206,-1.8112266699420374,-1.5658066908465784,-1.335440460835592,1.5708225965499878,-0.7295640150653284,0
96,1788170964.5092425,-0.05160501344004063,-0.5866749345212016,0.1804453983176757,-1.262446685036355,2.8766306905458756,0.00044213170429347793,-1.4721367994891565,-1.8156417051898401,-1.5645597616778772,-1.3324959913836878,1.5708345174789429,-0.7284482161151331,0
97,1788170964.5529444,-0.05092727865010076,-0.5882512393143918,0.17799754744365096,-1.2624859884931554,2.8765786036171233,0.0006582367524153099,-1.4712374846087855,-1.8205960432635706,-1.564643685017721,-1.3275983969317835,1.5708225965499878,-0.7275851408587855,0
98,1788170964.5952086,-0.050005400257112136,-0.5902470860099546,0.17439500496650695,-1.26256406431584,2.8765701404385204,0.00024046499328325932,-1.4700263182269495,-1.8269904295550745,-1.565998379384176,-1.3195889631854456,1.5708825588226318,-0.7264216581927698,0
99,1788170964.63721,-0.049278671581863026,-0.5918787237445121,0.17124373906735935,-1.2622968674487776,2.8767571123621014,0.00011475979779333117,-1.4690550009356897,-1.8324368635760706,-1.5673163572894495,-1.3127287069903772,1.5708465576171875,-0.7252467314349573,0
100,1788170964.6813483,-0.04832403769095392,-0.5937340075121107,0.16734057395566557,-1.2624795077338369,2.8765675880917767,0.0005434308740039695,-1.46775991121401,-1.8390467802630823,-1.5689953009234827,-1.304730240498678,1.5708585977554321,-0.7241066137896937,0
101,1788170964.7268667,-0.047540016701422126,-0.5954152142418375,0.1642163758390954,-1.262648440988694,2.876575993196043,-1.0638390545974101e-05,-1.4667404333697718,-1.844565216694967,-1.570169750844137,-1.297678295766012,1.570894479751587,-0.7231834570514124,0
102,1788170964.7704968,-0.04657288269159322,-0.5972800197570957,0.1603567254408872,-1.2622175801443596,2.876811285699917,0.000153021228223456,-1.4654086271869105,-1.8511870543109339,-1.5717161337481897,-1.2895963827716272,1.5708225965499878,-0.7215402762042444,0
103,1788170964.814051,-0.04571305566139508,-0.5988291390837125,0.15716488411969073,-1.262276289697622,2.8767605469591935,0.0001424671239080781,-1.4642460981952112,-1.8566940466510218,-1.5729506651507776,-1.2828553358661097,1.5708465576171875,-0.7204249540912073,0
104,1788170964.858069,-0.044839260217797064,-0.6004134041622594,0.15387118158346313,-1.2623569773900818,2.8767095679846966,0.000276872169245728,-1.4630587736712855,-1.8624284903155726,-1.5741141478167933,-1.2760432402240198,1.5708345174789429,-0.7192977110492151,0
105,1788170964.9008296,-0.04374292844443106,-0.602243289201728,0.15016658987857912,-1.26239813269166,2.876710152345538,0.00012994251107745062,-1.4615595976458948,-1.8689420858966272,-1.5753606001483362,-1.268188778554098,1.5708465576171875,-0.7178223768817347,0
106,1788170964.941519,-0.04286633093258405,-0.6038579348891339,0.14699334084292193,-1.262680220998336,2.8766521004035384,-0.00023513417088995108,-1.4603965918170374,-1.8746164480792444,-1.5763195196734827,-1.261315647755758,1.5708585977554321,-0.7168386618243616,0
107,1788170964.9807742,-0.0419905148403943,-0.6054413044063647,0.14385334240550232,1.262695218530553,-2.8766377556145115,0.0006466002599815007,-1.4592445532428187,-1.8802312056170862,-1.577254597340719,-1.2545025984393519,1.570894479751587,-0.7156990210162562,0
108,1788170965.0227635,-0.04112752577894646,-0.606926724430438,0.14054269047664214,-1.2625010772067924,2.8767117345235995,-8.495481988320327e-05,-1.4580696264850062,-1.8860614935504358,-1.5781777540790003,-1.2481086889850062,1.5708465576171875,-0.7143920103656214,0
109,1788170965.0659883,-0.040135540470420616,-0.608801832815408,0.13673707282123235,-1.2628575581331367,2.876586504541209,-0.00016661401004541991,-1.4567745367633265,-1.8929956595050257,-1.5790160338031214,-1.2402780691729944,1.5708345174789429,-0.7133367697345179,0
110,1788170965.1092482,-0.039312147027517744,-0.6104601277931374,0.13352514891620443,1.2633168155744978,-2.876365540497496,0.000522549267715133,-1.455742661152975,-1.898994270955221,-1.5795438925372522,-1.23352557817568,1.5708705186843872,-0.7126291433917444,0
111,1788170965.1526535,-0.03867664928954648,-0.6120450481187482,0.13038753458314925,1.2632566767007236,-2.8763255054286714,0.000514246307420055,-1.454975430165426,-1.9049204031573694,-1.5798915068255823,-1.22723895708193,1.5708105564117432,-0.711837116871969,0
112,1788170965.197057,-0.037931143748606434,-0.6139588985074356,0.12649270464037826,-1.2639239579143127,2.8761106972445636,-0.0002621749286334644,-1.4541357199298304,-1.9123109022723597,-1.5801909605609339,-1.21973163286318,1.5708585977554321,-0.7114413420306605,0
113,1788170965.238591,-0.037432859000698794,-0.6156258319711442,0.12339680285828994,1.264727778039682,-2.8756927133940065,0.000772544126243358,-1.4536445776568812,-1.918356720601217,-1.580287281666891,-1.2132533232318323,1.5708705186843872,-0.7115257422076624,0
114,1788170965.2813835,-0.03685698833401674,-0.6174618698954261,0.11947314348468316,-1.2656296359248131,2.8753545087512093,-0.0001049847585901906,-1.4530442396747034,-1.9258187452899378,-1.5804312864886683,-1.206080738698141,1.5708345174789429,-0.7115376631366175,0
115,1788170965.3253486,-0.036342613313696405,-0.6190998157221165,0.11636186368712931,1.2669056304117452,-2.8747933715940754,0.0005589562495561621,-1.452540699635641,-1.931913201008932,-1.5804312864886683,-1.1996987501727503,1.5708825588226318,-0.711921517048971,0
116,1788170965.3701468,-0.03594250736213933,-0.6206950658205719,0.11311305397967775,1.268453651491201,-2.8740565714577944,0.000554761601836021,-1.4521811644183558,-1.9381879011737269,-1.5804551283465784,-1.1933882872210901,1.5708345174789429,-0.7126529852496546,0
117,1788170965.4137273,-0.035434983937271756,-0.6225577787847673,0.10934058687030082,-1.2706997926494747,2.8730781156905927,-0.00017795271038916158,-1.4517372290240687,-1.9456623236285608,-1.5801070372210901,-1.1865275541888636,1.5708825588226318,-0.7137687841998499,0
118,1788170965.4576502,-0.035003634435857425,-0.6243458441408744,0.10604875295318694,-1.2727976350831887,2.872001660872782,0.0006414422719340456,-1.4513776938067835,-1.9527037779437464,-1.578944508229391,-1.1811869780169886,1.5708585977554321,-0.7149079481707972,0
119,1788170965.4995112,-0.03466851574349794,-0.6260192824248715,0.10438235381375871,-1.2747467964442072,2.8712385407023793,0.0001666605885948847,-1.4511616865741175,-1.9577186743365687,-1.5764034430133265,-1.178397003804342,1.5708585977554321,-0.7160232702838343,0
120,1788170965.542602,-0.03440390907522467,-0.6275745116831316,0.10339844945713489,-1.2764188028082382,2.870454695030051,0.00029350491836373883,-1.4510415236102503,-1.9620378653155726,-1.5728548208819788,-1.1777146498309534,1.5708705186843872,-0.7170785109149378,0
121,1788170965.585642,-0.03415470742422104,-0.6295605164720333,0.10323972563160536,-1.2766186493703326,2.8704413837580662,-0.00012295106807301957,-1.4510296026812952,-1.9664166609393519,-1.567016903554098,-1.1789000670062464,1.5708825588226318,-0.7171862761126917,0
122,1788170965.6275754,-0.034073980142070755,-0.631200262638966,0.10322480441974208,-1.276696610824248,2.8704784388023743,-0.00020669072366449995,-1.451197926198141,-1.9700034300433558,-1.5618627707110804,-1.180396858845846,1.5708345174789429,-0.7173903624164026,0
123,1788170965.6706336,-0.03398360861669546,-0.6327589971158942,0.10322609329268642,-1.2767804838826333,2.8703389720781156,8.298790661904612e-05,-1.4513652960406702,-1.9735186735736292,-1.5566838423358362,-1.1822646299945276,1.5708705186843872,-0.7176426092730921,0
124,1788170965.7139935,-0.03399310865106413,-0.6346995866201046,0.10329127140195501,-1.2765887278323018,2.8704662655268307,-0.0001124368303089973,-1.451749626790182,-1.9776938597308558,-1.55043870607485,-1.184204403554098,1.5708705186843872,-0.7178824583636683,0
125,1788170965.756227,-0.03399591012626519,-0.636238247957846,0.10312112115107541,-1.2766077784620031,2.8703248492604567,0.0004408210752200638,-1.4520495573626917,-1.9814007917987269,-1.545379940663473,-1.1859286467181605,1.5708825588226318,-0.7182300726519983,0
126,1788170965.797339,-0.03400903945824354,-0.6379212843923205,0.10319361221980261,-1.2766244923305514,2.8705006099305583,-2.6695023876045653e-05,-1.4523609320269983,-1.9849160353290003,-1.5401056448565882,-1.1873539129840296,1.5708105564117432,-0.7185056845294397,0
127,1788170965.8390949,-0.03400872354359935,-0.6394767956885827,0.10316634391591895,-1.276595577434533,2.8704337631832746,0.00021544203140408337,-1.45266038576235,-1.9884551207171839,-1.5349276701556605,-1.1891616026507776,1.5708345174789429,-0.7188056151019495,0
128,1788170965.8815763,-0.03403543476137853,-0.6414613090870184,0.10325614369998007,-1.2766905332979033,2.8704629233442764,-0.00024293216641012948,-1.4530804792987269,-1.9926541487323206,-1.528562370930807,-1.1910298506366175,1.5708585977554321,-0.7192733923541468,0
129,1788170965.926473,-0.034007184471124566,-0.6430195734910737,0.10318371721429093,-1.2769806319342643,2.870280281001659,6.881800938637525e-05,-1.453320328389303,-1.9962533156024378,-1.5233834425555628,-1.1928136984454554,1.5708465576171875,-0.719729248677389,0
130,1788170965.9693244,-0.03403240911367891,-0.6449760175151908,0.10321629045935679,-1.2771155554583482,2.8702610601573992,-0.00024636902561206696,-1.453728500996725,-2.0004876295672815,-1.5170663038836878,-1.1946938673602503,1.5708705186843872,-0.7202208677874964,0
131,1788170966.0094817,-0.034039382802557076,-0.6464692270413346,0.10318265514330044,-1.2770655659700387,2.87019481207919,0.0002882857699905172,-1.4540041128741663,-2.003979031239645,-1.511876408253805,-1.1967414061175745,1.5708465576171875,-0.7204845587359827,0
132,1788170966.0505114,-0.0340196964777803,-0.6480795533127088,0.10312322650222625,-1.2769862666541758,2.870152960552384,0.0004530335530247179,-1.4542797247516077,-2.007662598286764,-1.5065177122699183,-1.1985376516925257,1.5708825588226318,-0.7207248846637171,0
133,1788170966.0937505,-0.03401525763867126,-0.6496899610580138,0.1031910252364257,-1.2770359162580334,2.8702166054432645,0.00037447922135164734,-1.454543415700094,-2.011153523121969,-1.5011356512652796,-1.200357739125387,1.5708225965499878,-0.7210009733783167,0
134,1788170966.1359088,-0.03398986324553361,-0.6513009245588122,0.10326160104170434,-1.27691462035852,2.8702719549348488,0.00017813729891723936,-1.4548075834857386,-2.014632527028219,-1.4957650343524378,-1.2021296660052698,1.5708585977554321,-0.7211802641498011,0
135,1788170966.1789374,-0.03403691174388772,-0.653190770326971,0.10317164132134943,-1.2766723058549938,2.8702837926560423,0.0004921120045635794,-1.4552276770221155,-2.0190237204181116,-1.489363972340719,-1.2043564955340784,1.5708825588226318,-0.7214563528644007,0
136,1788170966.222739,-0.03402957478237144,-0.6548010268272447,0.10319121501658302,-1.2767460024133102,2.870307543106519,0.00042171504182337443,-1.4554908911334437,-2.0225747267352503,-1.4839823881732386,-1.2061288992511194,1.5708465576171875,-0.7217562834369105,0
137,1788170966.2651343,-0.03404793450214648,-0.6568302997140915,0.10333177427386611,1.2767514351525218,-2.8704118561615455,0.0003968052750597392,-1.4558747450457972,-2.026761833821432,-1.4774254004107874,-1.2079489866839808,1.5708345174789429,-0.7221162954913538,0
138,1788170966.3068871,-0.034063919113442094,-0.6584361345173322,0.10311575327683853,1.2766631773769892,-2.870491730603047,0.0002738064591532843,-1.456186596547262,-2.030577007924215,-1.4722231070147913,-1.2094219366656702,1.5708465576171875,-0.72235614458193,0
139,1788170966.3496952,-0.03408417652217504,-0.6599936307222483,0.10218954243898723,-1.2767909802045323,2.870364408012272,0.0001320434065927535,-1.4564865271197718,-2.0349553267108362,-1.4680398146258753,-1.2094939390765589,1.5708345174789429,-0.7227633635150355,0
140,1788170966.3902872,-0.03408461906347345,-0.6615879112223416,0.10065889494443539,-1.2769711169628921,2.870258885614933,-6.629732077920542e-05,-1.4567864576922815,-2.0397666136371058,-1.4649232069598597,-1.2076857725726526,1.570894479751587,-0.7231953779803675,0
141,1788170966.431086,-0.034118213611125436,-0.6634401911563775,0.09765393352662341,-1.276958522385677,2.870184556335267,0.00048567351872301766,-1.457146469746725,-2.046604935322897,-1.4625852743731897,-1.2035425345050257,1.5708585977554321,-0.7235673109637659,0
142,1788170966.4741087,-0.03409384830748212,-0.6650887905568342,0.09496305740669295,-1.2769466858273086,2.8702942702920193,0.00013551576122622773,-1.4573858420001429,-2.052483383809225,-1.4609797636615198,-1.1990283171283167,1.5708345174789429,-0.7237713972674769,0
143,1788170966.5163445,-0.03408964413275335,-0.6667503071993424,0.09226358078171179,-1.2768159579307312,2.8704204973488556,-0.00048788163486936505,-1.4576857725726526,-2.0583623091327112,-1.4594090620623987,-1.1943228880511683,1.570894479751587,-0.7239626089679163,0
144,1788170966.558293,-0.03407522877624106,-0.6683042548868646,0.08891113593141761,-1.276769070919218,2.870359374296448,-5.224167008695915e-05,-1.4579256216632288,-2.0648768583880823,-1.4584382216082972,-1.189066235219137,1.5708825588226318,-0.7241910139666956,0
145,1788170966.5981078,-0.03411095996004023,-0.6698699344598323,0.08571828410873628,-1.2765729124545702,2.870428882911513,0.00015332986293029502,-1.4582374731646937,-2.071246925984518,-1.4572632948504847,-1.1840007940875452,1.5708585977554321,-0.7243707815753382,0
146,1788170966.6395855,-0.03407183459215744,-0.6717987529246947,0.08182689919563813,-1.2772806252496793,2.8701180416494743,0.00019751939492251172,-1.45850116411318,-2.0790331999408167,-1.4557889143573206,-1.1777146498309534,1.5708465576171875,-0.7251265684710901,0
147,1788170966.6830442,-0.03406164555240627,-0.6734577466168077,0.0786594696155804,-1.2777799271743415,2.869990951105294,-0.00023380994120949692,-1.4587653318988245,-2.085475746785299,-1.454470459614889,-1.172302548085348,1.5708465576171875,-0.7257140318499964,0
148,1788170966.7236333,-0.03406717198211041,-0.6750283949242759,0.0755481312164906,-1.2787254694274748,2.86956600961248,-0.0002788023289735454,-1.459040943776266,-2.0918100515948694,-1.4530680815326136,-1.1673443953143519,1.5708585977554321,-0.7266495863543909,0
149,1788170966.7618723,-0.034056859773518015,-0.6763404759227706,0.07217840383390325,-1.2799052308640144,2.868881139750183,0.0004377695390072167,-1.4592445532428187,-2.098048512135641,-1.4523728529559534,-1.1622799078570765,1.5708585977554321,-0.7277167479144495,0
150,1788170966.80061,-0.03402776491572126,-0.6770576579194615,0.06908672986470837,-1.2808826966044178,2.8685296314127084,0.0001180055470434288,-1.4593165556537073,-2.102464024220602,-1.4539788405047815,-1.1560409704791468,1.5708465576171875,-0.7284482161151331,0
151,1788170966.838664,-0.03400196372955214,-0.6771200305389331,0.0658549361681757,-1.281936268166493,2.868071123557922,9.00606256883309e-07,-1.4592927137957972,-2.1056788603412073,-1.457862679158346,-1.1488679091082972,1.5708585977554321,-0.7291558424579065,0
152,1788170966.8789637,-0.03401394711444193,-0.6770602264501097,0.06265121190160655,-1.283970501394321,2.8670810783897376,0.0002975945010078594,-1.4593046347247522,-2.1087620894061487,-1.4618185202227991,-1.1420310179339808,1.5708705186843872,-0.7306073347674769,0
153,1788170966.9176717,-0.034024707119746075,-0.6770602651279375,0.059400220268995024,-1.285670598147591,2.8663601536503696,0.00017479709170958177,-1.4593165556537073,-2.1119535605060022,-1.4658220450030726,-1.1347501913653772,1.5708585977554321,-0.7317946592914026,0
154,1788170966.955313,-0.034019244660533035,-0.6771337697332801,0.056982252086326374,1.2872123568359444,-2.8657472403563498,0.00039929023597489035,-1.4593165556537073,-2.114389244710104,-1.4687946478473108,-1.1289542357074183,1.5708465576171875,-0.7328498999225062,0
155,1788170966.9940975,-0.0340388201961432,-0.6770553028228398,0.05367899476359825,-1.2897903444349865,2.8645439570598414,0.00014053825303689466,-1.4593284765826624,-2.1177242437945765,-1.4726184050189417,-1.1221526304828089,1.5708345174789429,-0.7346728483783167,0
156,1788170967.0328634,-0.03401857663060969,-0.6770433361698709,0.05051274951924248,-1.2932688591474357,2.862954590986294,0.00010810197193234616,-1.4593046347247522,-2.1209633986102503,-1.4763224760638636,-1.1151955763446253,1.5708585977554321,-0.7370837370501917,0
157,1788170967.0700772,-0.03402420634347352,-0.6770894467711068,0.047465336516770346,-1.2974224876883549,2.8611203036938964,-3.22776572654467e-05,-1.4593165556537073,-2.1242149511920374,-1.4797032515155237,-1.1084654966937464,1.5708465576171875,-0.7399862448321741,0
158,1788170967.1088028,-0.034029347848021356,-0.6771159069059705,0.045726430617728187,-1.301017532360985,2.8595175457161246,-0.0003468367145148588,-1.4593408743487757,-2.126038376485006,-1.4817283789264124,-1.1044181028949183,1.5708825588226318,-0.7425163427935999,0
159,1788170967.1495123,-0.03401089517347361,-0.6771119475739898,0.044022879630176065,-1.3051399557612005,2.8576125985153435,-0.00011238318921114388,-1.4593046347247522,-2.1278980414019983,-1.4835026899920862,-1.1009333769427698,1.5708585977554321,-0.745371166859762,0
160,1788170967.1898894,-0.03402032850322977,-0.677099379482773,0.04297162391162601,-1.3081843050989876,2.85620668565426,-5.340417768863037e-05,-1.4593165556537073,-2.1290138403521937,-1.4846656958209437,-1.098694149647848,1.5708585977554321,-0.7475178877459925,0
161,1788170967.2286909,-0.034009980019584315,-0.6770709552582468,0.04222009806869678,-1.3101079169034606,2.8552498739472885,0.00015097357334045735,-1.4593046347247522,-2.129817310963766,-1.4854567686664026,-1.0972445646869105,1.5708825588226318,-0.7488730589496058,0
162,1788170967.267868,-0.034018933136039466,-0.6771612607760498,0.04208332949823898,1.3105345667481876,-2.8551415791048576,0.0003958220891241248,-1.4593165556537073,-2.130009476338522,-1.485636059437887,-1.0964906851397913,1.5708345174789429,-0.7491605917560022,0
163,1788170967.3079858,-0.03403518317208029,-0.6771602029237684,0.042110292837183566,1.3103394565343642,-2.855260523599042,0.0004491159252118881,-1.4593527952777308,-2.1299737135516565,-1.485624138508932,-1.0965145269977015,1.5708705186843872,-0.7490523497210901,0
164,1788170967.3481417,-0.03392693682397722,-0.6773346791406887,0.04212312360599493,1.3102933486382982,-2.8552480650136687,0.000414328272555572,-1.4592087904559534,-2.1303208510028284,-1.4850128332721155,-1.0967901388751429,1.5708345174789429,-0.7488849798785608,0
165,1788170967.3864832,-0.03348630134200592,-0.6778301369550381,0.04205386044500134,-1.3103718067450274,2.8551945786831325,-1.3572786831087777e-05,-1.4586456457721155,-2.1315091292010706,-1.4831793943988245,-1.0977118651019495,1.5708585977554321,-0.7483814398394983,0
166,1788170967.4268014,-0.032446126609295634,-0.6788458319023092,0.04203001371552728,-1.3105542857879533,2.8550947940136657,0.00017769425335317662,-1.4572661558734339,-2.1336329619037073,-1.4797146956073206,-1.0991728941546839,1.5708345174789429,-0.747134033833639,0
167,1788170967.4678218,-0.031218387369288992,-0.6797996238857139,0.041972369941245175,-1.3103321635386316,2.8551549049630056,0.00017960274727999277,-1.4556234518634241,-2.1356123129474085,-1.4766104857074183,-1.1003106276141565,1.5708705186843872,-0.7453468481646937,0
168,1788170967.5087094,-0.03047292546981589,-0.680368386923699,0.04208574080031258,-1.3104145076504876,2.855104483965547,0.00011401050639162372,-1.4546273390399378,-2.1366198698626917,-1.4746325651751917,-1.1012447516070765,1.570894479751587,-0.7444117704974573,0
169,1788170967.5490508,-0.02988411743840561,-0.6808929412006138,0.04213025080369484,-1.3106761356972938,2.855090912864008,-0.00017200135611121506,-1.4538362661944788,-2.1375559012042444,-1.4730141798602503,-1.1017239729510706,1.5708585977554321,-0.7437756697284144,0
170,1788170967.58944,-0.029966966174385948,-0.6809041423619736,0.04217987067388468,-1.3105828527211134,2.8551588017740475,-0.00022103732517192337,-1.453956429158346,-2.137519661580221,-1.4729421774493616,-1.101795498524801,1.5708465576171875,-0.7438238302813929,0
171,1788170967.6291368,-0.029919787102551793,-0.6809113805861466,0.04213481531181096,-1.3106517185178783,2.8551274938854,-0.00016105400810951547,-1.4538839499102991,-2.1375916639911097,-1.4729421774493616,-1.1017597357379358,1.5708345174789429,-0.7437995115863245,0
172,1788170967.66993,-0.029928341187707087,-0.6809316833858525,0.04217724557541008,-1.3106544939358629,2.855133524252206,-0.00031593372973360125,-1.4539082686053675,-2.1375559012042444,-1.4729059378253382,-1.1017358938800257,1.5708585977554321,-0.7438238302813929,0
173,1788170967.7084825,-0.02993747025358046,-0.6809227095881841,0.042154776140573974,-1.3106313426844332,2.8551279808638963,-0.0002446812831965227,-1.4539201895343226,-2.1375797430621546,-1.4729178587542933,-1.1017478148089808,1.5708585977554321,-0.7438238302813929,0
174,1788170967.7507489,-0.029947166036336927,-0.6809106132175445,0.04213481522409429,1.310618038130221,-2.8551456897227414,0.0001552802061981433,-1.4539201895343226,-2.1375916639911097,-1.4729421774493616,-1.1017597357379358,1.5708225965499878,-0.7438114325152796,0
175,1788170967.7893672,-0.029929939387028058,-0.6809180728076859,0.04214926418994139,-1.3106120480799235,2.855132629945333,-0.00022615522042667384,-1.4539082686053675,-2.1375797430621546,-1.4729302565204065,-1.1017478148089808,1.5708585977554321,-0.7437995115863245,0
176,1788170967.8280275,-0.02995044059922871,-0.6809056330148817,0.04212262475530859,-1.3105276545483504,2.8551301156810696,-0.000166508500739135,-1.453944508229391,-2.1376035849200647,-1.4729540983783167,-1.1017478148089808,1.5708825588226318,-0.7437875906573694,0
177,1788170967.8650331,-0.029944462866642953,-0.6809346835358093,0.041974579836131426,1.3105483618984115,-2.855175217532646,0.0003494213403984212,-1.4539325873004358,-2.1377719084369105,-1.4731343428241175,-1.1012690703021448,1.5708585977554321,-0.7437756697284144,0
178,1788170967.903009,-0.029940718728586654,-0.680849843663638,0.04071780770914893,-1.3105159482385864,2.8550579687926927,0.00035822830449171097,-1.4539082686053675,-2.1391151587115687,-1.4743807951556605,-1.0991490522967737,1.5708465576171875,-0.7437637487994593,0
179,1788170967.9408166,-0.029922149546977753,-0.6808895576218417,0.03891248832714689,-1.3104956252131026,2.8550567886860936,0.0002825025035728429,-1.4538958708392542,-2.1411307493792933,-1.4762261549579065,-1.0952451864825647,1.5708705186843872,-0.7437399069415491,0
180,1788170967.9785385,-0.029940568353327736,-0.6809903783852618,0.03733424564940652,-1.3102768682830004,2.8552139738494984,0.00033791665685284345,-1.4539201895343226,-2.143062416707174,-1.4775455633746546,-1.0920117537127894,1.5708105564117432,-0.7435959021197718,0
181,1788170968.0169654,-0.029853218222743245,-0.6815714452425087,0.03571341952408444,1.3103227386578014,-2.8552240896332894,0.0005902508343989883,-1.4539082686053675,-2.1458337942706507,-1.4777610937701624,-1.088419262562887,1.5708585977554321,-0.7436078230487269,0
182,1788170968.0567849,-0.029780662950069633,-0.6823287320181456,0.03455414119648961,-1.3103118824043383,2.8552902625353735,-0.00013746766601206608,-1.4539201895343226,-2.148809258137838,-1.4760587851153772,-1.0874374548541468,1.5708225965499878,-0.7435959021197718,0
183,1788170968.0968919,-0.029665209541954455,-0.6832197036314634,0.03428876088938676,1.3103260294823231,-2.8552761885542903,0.00023159433003501538,-1.4539082686053675,-2.150956455861227,-1.4732540289508265,-1.0880358854876917,1.5708345174789429,-0.7435959021197718,0
184,1788170968.137086,-0.02951250530365451,-0.6845893112192833,0.03443379570794486,1.3102272684732597,-2.855150732092165,0.0009832745621018099,-1.4539201895343226,-2.1534999052630823,-1.4687226454364222,-1.0895207563983362,1.5708345174789429,-0.7435839811908167,0
185,1788170968.1766746,-0.029211167086723874,-0.6860870610979352,0.034240188290664164,-1.3103335341289117,2.8552476518581567,-0.00010844601838600185,-1.45374042192568,-2.1570876280414026,-1.4631131331073206,-1.0921319166766565,1.5708465576171875,-0.7434399763690394,0
186,1788170968.2168968,-0.029052320918661334,-0.6874614048155717,0.03418903484953881,-1.3101985825628606,2.8552696526617187,0.00012896942701152896,-1.45374042192568,-2.1601102987872522,-1.4581502119647425,-1.094227139149801,1.5708345174789429,-0.7433560530291956,0
187,1788170968.256993,-0.02895042323037347,-0.688069859713349,0.03427336844850781,-1.3103295388748997,2.855192271120448,8.239933330857794e-05,-1.4537041823016565,-2.1612985769854944,-1.4559205214129847,-1.0952451864825647,1.5708585977554321,-0.7434161345111292,0
188,1788170968.2969608,-0.028968446364319604,-0.6881052526868732,0.034332900288703144,-1.3102385796594682,2.8553119055590828,-0.0001382476731180505,-1.453728500996725,-2.161250416432516,-1.4558728376971644,-1.0951855818377894,1.5708345174789429,-0.7433560530291956,0
189,1788170968.338018,-0.028969441852908714,-0.6880732542371158,0.03430005882457832,-1.3103088545780608,2.8552387740275416,-1.937312241939676e-05,-1.453728500996725,-2.161250416432516,-1.4559443632708948,-1.0951975027667444,1.5708465576171875,-0.7434161345111292,0
190,1788170968.3764741,-0.028966090303372,-0.6880782186454327,0.034313238982746685,-1.3103070801427772,2.855234904767734,-6.0115537685188226e-05,-1.453728500996725,-2.161238495503561,-1.455932919179098,-1.0951975027667444,1.5708585977554321,-0.7434161345111292,0
191,1788170968.4138222,-0.028968006661836108,-0.6880854576644283,0.03430045692913819,-1.3102794134157554,2.8552644058616323,-7.281551713957702e-05,-1.453728500996725,-2.161262337361471,-1.455932919179098,-1.095161263142721,1.5708465576171875,-0.743392292653219,0
192,1788170968.4553354,-0.028971907826197876,-0.6880981550856335,0.034152300560542775,-1.3102899554367025,2.8552873635064198,-0.00025678828015882586,-1.45374042192568,-2.1614063421832483,-1.4561484495746058,-1.094682518635885,1.5708585977554321,-0.7434042135821741,0
193,1788170968.4945529,-0.02896943569034469,-0.6880968404472939,0.03317823140597412,-1.3103038443470771,2.8552727471848383,-9.763073095694695e-05,-1.453728500996725,-2.1624978224383753,-1.457083527241842,-1.0927546660052698,1.5708345174789429,-0.7434042135821741,0
194,1788170968.5340478,-0.0289652486590864,-0.6881324427642961,0.031556623656775334,1.310304303402469,-2.855273738429818,0.00028646432995539883,-1.453728500996725,-2.164297882710592,-1.458750073109762,-1.0891616980182093,1.5708345174789429,-0.7434042135821741,0
195,1788170968.5756657,-0.028990129492768645,-0.6880587088786126,0.029058241249119793,-1.3104270699993026,2.855088771192184,0.00028039827476350644,-1.4537642637835901,-2.1670454184161585,-1.4612072149859827,-1.0843480269061487,1.5708705186843872,-0.7435601393329065,0
196,1788170968.6148095,-0.02898947115544354,-0.687926478908414,0.02614521547142576,-1.31095587679944,2.8547058261524185,0.0010800701068632184,-1.453728500996725,-2.1702006498919886,-1.4641440550433558,-1.0787795225726526,1.5708345174789429,-0.743932072316305,0
197,1788170968.653096,-0.029004318350851193,-0.6880542921922775,0.02438309525086954,-1.3110632621492662,2.8548498878548165,0.00016798743233117675,-1.4537761847125452,-2.17222768465151,-1.4659774939166468,-1.0743125120746058,1.5708465576171875,-0.7440035978900355,0
198,1788170968.6937802,-0.028954890975681956,-0.6880779688045977,0.023395050947429635,-1.3111050383238239,2.854849313390167,-3.5986081847339274e-05,-1.4537161032306116,-2.1733434836017054,-1.4669845739947718,-1.0720608870135706,1.5708705186843872,-0.7439678351031702,0
199,1788170968.7330291,-0.02895577584111042,-0.6881190878653161,0.022922736495337687,-1.311162579825027,2.8548866297689295,-0.0003781267800666366,-1.453728500996725,-2.1738832632647913,-1.4675005117999476,-1.070780102406637,1.5708825588226318,-0.7440035978900355,0
200,1788170968.7724175,-0.02896277800074637,-0.6881757939351566,0.02290392618687992,1.3112045213677794,-2.8547966809500043,0.0006892701839835407,-1.45374042192568,-2.173943344746725,-1.4675124327289026,-1.0704920927630823,1.5708585977554321,-0.744063679371969,0
201,1788170968.810799,-0.02897621480187892,-0.6881544809453273,0.021947139566523582,1.3120391808057008,-2.8544461510154875,0.00048249848671547553,-1.453752342854635,-2.175034825001852,-1.4683993498431605,-1.0686481634723108,1.5708465576171875,-0.7446516195880335,0
202,1788170968.8511431,-0.028968898317448383,-0.6880778758934064,0.020161419371743455,-1.313103101080463,2.8539200992716367,0.00013299177961118412,-1.453728500996725,-2.1770623365985315,-1.4700291792498987,-1.0654028097735804,1.5708465576171875,-0.7453830877887171,0
203,1788170968.891667,-0.028970151266037334,-0.6879715227852539,0.017648252366065348,-1.3148805513474653,2.852959633557898,0.0006932203131629901,-1.4537161032306116,-2.1798699537860315,-1.4724624792682093,-1.0605409781085413,1.5708585977554321,-0.7466543356524866,0
204,1788170968.9299831,-0.029004238695828376,-0.687916144823448,0.014716538862215661,-1.3171562464352295,2.851824425761653,0.0011238284397458514,-1.453752342854635,-2.183265511189596,-1.475147549306051,-1.0547450224505823,1.5708465576171875,-0.7483089605914515,0
205,1788170968.9689717,-0.028980398076334245,-0.6880259550459941,0.013007298139474321,-1.318447573981129,2.851385381975385,0.00037460691055397113,-1.45374042192568,-2.185316864644186,-1.4767783323871058,-1.0505650679217737,1.5708585977554321,-0.7491605917560022,0
206,1788170969.0083854,-0.02896561667303232,-0.6881293135080406,0.012033205002704356,1.3191925590483442,-2.851156531552446,0.0003774855858793999,-1.453728500996725,-2.1864927450763147,-1.4777610937701624,-1.0478947798358362,1.5708345174789429,-0.7496402899371546,0
207,1788170969.0471935,-0.028977549365013892,-0.6881666693904864,0.011861164800957807,1.3192672973153754,-2.851093312665845,0.0005020500907705468,-1.453752342854635,-2.186744515095846,-1.4778569380389612,-1.0474637190448206,1.5708345174789429,-0.7497242132769983,0
208,1788170969.0860703,-0.0289432386906489,-0.6883195934550195,0.011953840791258802,1.3192746660768926,-2.851020046387609,0.0008059891925869142,-1.453728500996725,-2.1868765989886683,-1.4774134794818323,-1.0475714842425745,1.5708345174789429,-0.7497242132769983,0
209,1788170969.124852,-0.028955635128987484,-0.688468415754889,0.011915296554259519,1.3192349367519707,-2.851112546498358,0.0005442365535876003,-1.4537761847125452,-2.187296215687887,-1.4767540136920374,-1.047990624104635,1.5708465576171875,-0.7497242132769983,0
210,1788170969.1629384,-0.028884100077659753,-0.6894275491818747,0.011856355913564404,1.319452578285458,-2.8509996672705897,0.000596894488928968,-1.4538362661944788,-2.189335648213522,-1.473421875630514,-1.0492480436908167,1.5708465576171875,-0.7499402205096644,0
211,1788170969.2025898,-0.028845867665720868,-0.690431535539894,0.011732454602051773,-1.3198331744314438,2.850791336531297,-1.177845233396947e-05,-1.453968350087301,-2.1917112509356897,-1.4695737997638147,-1.0511282126056116,1.570894479751587,-0.750347916279928,0
212,1788170969.2430484,-0.028875701155539196,-0.6912751428059304,0.011771113157580532,-1.3201066477884582,2.85070634697008,-7.196704737731148e-05,-1.4541476408587855,-2.1934025923358362,-1.466553036366598,-1.0524094740497034,1.5708705186843872,-0.7507079283343714,0
213,1788170969.2830324,-0.02901958276910357,-0.691388310823037,0.01175815311947187,-1.3199758997080582,2.850696737960753,0.00023258613691261141,-1.4543760458575647,-2.1937387625323694,-1.4659536520587366,-1.0528767744647425,1.5708705186843872,-0.7508633772479456,0
214,1788170969.3230534,-0.028972474786390555,-0.6913881625128239,0.011749208810464151,-1.3201248852583591,2.8506566280162997,0.00016727066951519932,-1.4543035666095179,-2.1937268416034144,-1.4660137335406702,-1.0527809301959437,1.5708585977554321,-0.750887695943014,0
215,1788170969.3627791,-0.02899709924652068,-0.6913914264094849,0.011764558595998592,-1.3200876701143063,2.850711718630343,0.00018419825695700795,-1.4543278853045862,-2.1937149206744593,-1.4659894148456019,-1.0528166929828089,1.5708225965499878,-0.7508757750140589,0
216,1788170969.4029815,-0.028978298568255678,-0.6913856951227434,0.011751014907622703,-1.3201313749937986,2.850670637586186,0.00021465049019124161,-1.4543035666095179,-2.1937268416034144,-1.4660018126117151,-1.0528166929828089,1.5708345174789429,-0.750887695943014,0
217,1788170969.4440641,-0.028976846748622866,-0.6913744519852696,0.011732489081067138,-1.3201048855169648,2.8506580025660657,0.0002621230047870682,-1.4543035666095179,-2.1937387625323694,-1.4660256544696253,-1.0528166929828089,1.5708465576171875,-0.7508757750140589,0
218,1788170969.4849489,-0.028989133810922003,-0.6913887793383471,0.011768389953125069,-1.3200400701483845,2.8506998391042395,0.0001501927352302469,-1.4543278853045862,-2.193702999745504,-1.4660018126117151,-1.052805248891012,1.5708585977554321,-0.7508514563189905,0
219,1788170969.522882,-0.028999688323255255,-0.6913923229948112,0.011671655601986047,-1.3199986547308773,2.8507440814376377,0.00010200911573188763,-1.4543398062335413,-2.193810764943258,-1.466109577809469,-1.0525534788714808,1.5708465576171875,-0.7508276144610804,0
220,1788170969.5616515,-0.029000165677999394,-0.6914118993284231,0.011314097428589631,-1.3200221504659417,2.8507948120638615,-0.00010487278398841971,-1.4543398062335413,-2.19421893755068,-1.4664934317218226,-1.0516188780414026,1.5708345174789429,-0.7508276144610804,0
221,1788170969.6019974,-0.029014170790238793,-0.6913386282701884,0.009985651119657296,-1.319946392357677,2.8506758008776685,0.0005033558724159148,-1.4543517271624964,-2.1957786718951624,-1.4675844351397913,-1.0493796507464808,1.5708465576171875,-0.7508276144610804,0
222,1788170969.641693,-0.02902136747939296,-0.691466617163781,0.009441329004064247,-1.3198653726691123,2.850860866050944,-0.00019779730700750556,-1.4543879667865198,-2.196522061024801,-1.4680278936969202,-1.0477269331561487,1.5708585977554321,-0.7507675329791468,0
223,1788170969.6827607,-0.029036041573084165,-0.6915050929523161,0.009555914237637825,1.3198186060760917,-2.8508489734657934,0.0005142687686406583,-1.45441180864443,-2.196389977131979,-1.4679797331439417,-1.0476911703692835,1.5708465576171875,-0.7507675329791468,0
224,1788170969.7232146,-0.029035502803046623,-0.691509084687288,0.00952521274679205,1.3198384117617155,-2.8508899552659317,0.00047782889127206236,-1.454423729573385,-2.1964500586139124,-1.4679558912860315,-1.0476911703692835,1.5708825588226318,-0.7507799307452601,0
225,1788170969.7630188,-0.02906217142372815,-0.6914920780526271,0.009510245668018807,1.3198010497680017,-2.8508984223901583,0.000334939525703215,-1.4544475714312952,-2.1964619795428675,-1.4679558912860315,-1.0477631727801722,1.5708465576171875,-0.7507799307452601,0
226,1788170969.801412,-0.029065806780209875,-0.6915074796958567,0.009543300475544914,1.3197431996970403,-2.8509089458308283,0.0004660855402255587,-1.4544594923602503,-2.1964262167560022,-1.4679439703570765,-1.0477269331561487,1.5708585977554321,-0.7507556120501917,0
227,1788170969.8403995,-0.029064181874796105,-0.6914979373298965,0.009517773999179663,1.319718662772467,-2.8509450882599823,0.0004185565252925462,-1.4544594923602503,-2.1964500586139124,-1.4679678122149866,-1.0477150122271937,1.5708705186843872,-0.7507317701922815,0
228,1788170969.8812478,-0.02907850202637926,-0.6914955265546365,0.009539912474322176,1.3196899223291136,-2.8509293697424436,0.0004238927107179456,-1.4544718901263636,-2.196414295827047,-1.4679678122149866,-1.047739330922262,1.5708465576171875,-0.7507317701922815,0
229,1788170969.919436,-0.029064018993121804,-0.6914993310947138,0.00953694591791765,1.3197341551488602,-2.8509339789473516,0.00043563543142803357,-1.4544594923602503,-2.1964262167560022,-1.4679558912860315,-1.047739330922262,1.5708705186843872,-0.7507436911212366,0
230,1788170969.9582593,-0.02907475529407289,-0.6915039069529256,0.009521780486160508,1.319714784344947,-2.8509384999722047,0.0003949235645577965,-1.4544718901263636,-2.1964619795428675,-1.4679320494281214,-1.0477507750140589,1.5708585977554321,-0.7507436911212366,0
231,1788170969.998427,-0.029063383304734666,-0.6914817091609567,0.009512173546834007,1.3197833154026704,-2.850906469778933,0.0003356513374577752,-1.4544475714312952,-2.1964381376849573,-1.4679916540728968,-1.0477507750140589,1.5708465576171875,-0.7507675329791468,1
232,1788170970.0391476,-0.02904897165492443,-0.6914877104255164,0.009513213051925568,-1.31983987141364,2.8508931263236477,-0.0003466808960399691,-1.4544356505023401,-2.1964500586139124,-1.4679678122149866,-1.0477631727801722,1.5708705186843872,-0.7507918516742151,1
233,1788170970.0804794,-0.029061267298765375,-0.6914290124307002,0.009459526220953751,-1.3197582867072486,2.8508524214353153,-6.649749924408617e-05,-1.4544475714312952,-2.1964619795428675,-1.4680517355548304,-1.047859017048971,1.5708825588226318,-0.7507675329791468,1
234,1788170970.118744,-0.02908462365468527,-0.6914194551397572,0.00946023620296002,-1.3197130680340383,2.8508902468121313,-1.917718425020962e-05,-1.4544718901263636,-2.1964500586139124,-1.4680636564837855,-1.0478828589068812,1.5708585977554321,-0.7507556120501917,1
235,1788170970.1575425,-0.029080897147795274,-0.6914020337001078,0.00942005229382345,-1.319726108124077,2.8508720660800724,9.417847145195463e-05,-1.4544594923602503,-2.1964858214007776,-1.4680998961078089,-1.0478828589068812,1.5708465576171875,-0.7507556120501917,1
236,1788170970.1986468,-0.029074488493892495,-0.6914103714111464,0.009452800096130226,-1.319787321812222,2.850868791308613,4.599353543921346e-05,-1.4544475714312952,-2.1964500586139124,-1.4680755774127405,-1.0479067007647913,1.5708345174789429,-0.7507799307452601,1
237,1788170970.2396204,-0.02909414999527909,-0.6914081191441052,0.009441731230395767,-1.3197083801400022,2.8508801240159105,3.41935816308152e-05,-1.4544838110553187,-2.1964619795428675,-1.4680874983416956,-1.0478828589068812,1.5708585977554321,-0.7507675329791468,1
238,1788170970.2793677,-0.029078193923067944,-0.6914014839563928,0.009432501061759885,-1.3197074974385412,2.8508764356060277,5.198703118189913e-05,-1.4544594923602503,-2.1964619795428675,-1.4681113401996058,-1.047870937977926,1.5708585977554321,-0.7507436911212366,1
239,1788170970.3211305,-0.029088271628381512,-0.6914119199013865,0.009430617652637363,-1.3197462881818869,2.8508710832214152,5.788366015324733e-05,-1.4544718901263636,-2.1964858214007776,-1.4680755774127405,-1.0478828589068812,1.5708465576171875,-0.7507799307452601,1
240,1788170970.361965,-0.029086451073629564,-0.6914274999106951,0.009466543822485324,-1.3197040056249834,2.850915241913192,-4.88594329359152e-05,-1.4544718901263636,-2.1964500586139124,-1.4680517355548304,-1.047870937977926,1.5708465576171875,-0.7507436911212366,1
241,1788170970.4008796,-0.02909207852398131,-0.6914023968644869,0.009439475085124743,-1.3196665113328538,2.8508788293355303,6.393521825649539e-05,-1.4544838110553187,-2.1964619795428675,-1.4680874983416956,-1.0479067007647913,1.5708705186843872,-0.7507436911212366,1
242,1788170970.4394927,-0.029098608293460913,-0.6913471439384883,0.009562166992153759,-1.3194241187144229,2.8509382330227884,0.00047440256188157373,-1.4544718901263636,-2.19629413286318,-1.4679439703570765,-1.048481289540426,1.5708345174789429,-0.7505758444415491,1
243,1788170970.477405,-0.029114974976792437,-0.6913243931779127,0.010533518434050981,-1.318329483729558,2.8514422720227883,0.0006057755450567713,-1.4544838110553187,-2.195130173360006,-1.4670804182635706,-1.0505889097796839,1.5708105564117432,-0.7498205343829554,1
244,1788170970.518229,-0.029103048804473352,-0.6913319567223958,0.01236085333803405,-1.3167924901757742,2.852112128362417,0.0005397108143641412,-1.4544838110553187,-2.1929948965655726,-1.4654143492328089,-1.054361645375387,1.5708585977554321,-0.7487533728228968,1
245,1788170970.5580964,-0.02908797137813006,-0.6912943725609861,0.014970067640310919,-1.3148265160628234,2.852976600502498,0.0006658102499245347,-1.4544594923602503,-2.189911667500631,-1.463064972554342,-1.0598824659930628,1.5708705186843872,-0.7473619619952601,1
246,1788170970.6004934,-0.02909369949342731,-0.6914119748796208,0.018363423300112924,-1.3118178948566703,2.854552988274566,-0.00011221878343680689,-1.4544838110553187,-2.1860602537738245,-1.4599245230304163,-1.0663493315326136,1.5708585977554321,-0.7452266852008265,1
247,1788170970.6405423,-0.029088068528697778,-0.6914367173175705,0.02157918140822418,-1.309769313976833,2.8555086751926715,-0.00023977861098171073,-1.4544838110553187,-2.182425324116842,-1.4568198362933558,-1.0730074087726038,1.5708705186843872,-0.7437875906573694,1
248,1788170970.6784227,-0.029100273420529208,-0.6913557104814945,0.024644233614150607,-1.3071157983553217,2.8565897481575626,0.0004145258307214243,-1.4544838110553187,-2.1789701620685022,-1.4537151495562952,-1.080001179371969,1.5708585977554321,-0.7419651190387171,1
249,1788170970.7185504,-0.02908927542595622,-0.6914033295988765,0.02790581562845071,-1.3048716912961167,2.8577085368629622,6.554297759794348e-05,-1.4544718901263636,-2.17535907426943,-1.4505026976214808,-1.0865872542010706,1.5708465576171875,-0.7403577009784144,1
250,1788170970.7569058,-0.029092934714930963,-0.6914185204281313,0.031141596909554564,-1.3023640941906973,2.858883449860083,-0.00013481596528970634,-1.4544838110553187,-2.171795670186178,-1.447265926991598,-1.093257252370016,1.5708585977554321,-0.7386067549334925,1
251,1788170970.798105,-0.029089948223296105,-0.6913975719207891,0.03430034797139442,-1.3003518741426376,2.8597383388907662,0.00019835968531751406,-1.4544718901263636,-2.168412987385885,-1.4438617865191858,-1.1002629438983362,1.5708465576171875,-0.7372034231769007,1
252,1788170970.8369572,-0.029102860677085795,-0.6913809387751036,0.03752020877110934,-1.2978247350304244,2.8608702549587846,0.00033194349732032,-1.4544838110553187,-2.164969269429342,-1.4404338041888636,-1.1072199980365198,1.5708345174789429,-0.7354524771319788,1
253,1788170970.875558,-0.029197737565507614,-0.6914134500681556,0.04008435167838301,-1.2960775046929005,2.861667229829476,0.00012431628354248495,-1.4546392599688929,-2.1622937361346644,-1.437652889882223,-1.112549130116598,1.5708705186843872,-0.7343853155719202,1
254,1788170970.9172065,-0.029848626535080428,-0.6915924745725714,0.04336944178304092,-1.2936521049284209,2.862798660861986,-0.00015256810159676334,-1.4556234518634241,-2.1592467466937464,-1.433469597493307,-1.1196020285235804,1.570894479751587,-0.7336657683001917,1
255,1788170970.9570997,-0.031106498650173554,-0.6919951095029997,0.04645736021192759,-1.291502024881705,2.8637591651048457,0.00026264310167595375,-1.457494084035055,-2.157159153615133,-1.4281476179706019,-1.1272662321673792,1.5708225965499878,-0.7340372244464319,1
256,1788170971.0009706,-0.032955415013136105,-0.6927691540491512,0.0503347552315839,-1.2883434657464774,2.8652327866259784,-8.914614721177359e-05,-1.4603126684771937,-2.1550233999835413,-1.4208357969867151,-1.1364863554583948,1.5708465576171875,-0.7346370855914515,1
257,1788170971.0421207,-0.03452980028253131,-0.6933871462104355,0.05348040706698318,-1.2857439844430594,2.866295002621642,0.000498056365994052,-1.462686840687887,-2.153571907673971,-1.4143145720111292,-1.1448443571673792,1.5708225965499878,-0.7352245489703577,1
258,1788170971.0826998,-0.03609988341699093,-0.6942066766554912,0.056745122258273134,-1.2832571739006118,2.867516853297156,-9.927865545885841e-05,-1.465097729359762,-2.1522043387042444,-1.4075544516192835,-1.1525800863849085,1.5708465576171875,-0.7358725706683558,1
259,1788170971.1238449,-0.0376866032697563,-0.6949254442027565,0.06001954778464744,-1.2811270410352644,2.868476108518156,-0.00018995178238061933,-1.4675081411944788,-2.1508124510394495,-1.4007466475116175,-1.1607230345355433,1.5708585977554321,-0.736795727406637,1
260,1788170971.1628516,-0.03925169878386739,-0.6955619178309366,0.06318007995078276,-1.278966787610694,2.8693660089791564,0.000253618874558227,-1.469858471547262,-2.149552647267477,-1.3939736525165003,-1.1690452734576624,1.5708345174789429,-0.7376592795001429,1
261,1788170971.2014647,-0.04092918901742939,-0.6962685720654134,0.06637687384168414,-1.2763136479842527,2.870586871243119,1.992229279425674e-05,-1.472389046345846,-2.1483176390277308,-1.3872011343585413,-1.1769002119647425,1.5708465576171875,-0.7383306662188929,1
262,1788170971.241263,-0.042494688204790056,-0.696909186421344,0.06949171045585498,-1.2737565924693708,2.8716052449564207,0.00034585832882782645,-1.4747517744647425,-2.1472256819354456,-1.3803451696978968,-1.1850789229022425,1.5708825588226318,-0.7389424482928675,1
263,1788170971.2801805,-0.0440687590641114,-0.6974275163724679,0.07265650803430784,-1.2714928955986695,2.8725864431025454,0.0004970568219739883,-1.4770901838885706,-2.1458218733416956,-1.373920742665426,-1.1930049101458948,1.5708705186843872,-0.7397101561175745,1
264,1788170971.3204596,-0.04568722010712091,-0.6978475097733517,0.07592302155674233,-1.2694581441682673,2.8735723676898743,0.00018525252501754643,-1.479476277028219,-2.144046131764547,-1.367927376423971,-1.2005608717547815,1.5708585977554321,-0.7406576315509241,1
265,1788170971.3597298,-0.04718535270777556,-0.6981507390352133,0.07896547184877259,-1.2676339929320275,2.8743846160141975,0.0002130494155143945,-1.481671158467428,-2.1423423925982874,-1.3623893896686,-1.2078173796283167,1.5708465576171875,-0.7415812651263636,1
266,1788170971.3995967,-0.048878782746495444,-0.6984864629145036,0.08112013933882614,-1.2656455048462973,2.875292035811868,7.946945548880864e-05,-1.4841535727130335,-2.14150315919985,-1.3579066435443323,-1.2130497137652796,1.5708465576171875,-0.7426722685443323,1
267,1788170971.4413362,-0.050469685452968836,-0.6988095161493761,0.08246886892132613,-1.264982745906539,2.8756101907553346,2.584994139438034e-05,-1.4864805380450647,-2.1413467566119593,-1.3545025030719202,-1.2165702025042933,1.5708345174789429,-0.7445314566241663,1
268,1788170971.4806378,-0.05205293114535126,-0.6989001234088752,0.08312330967172413,-1.2642893946709268,2.8758104328502494,0.00028834864505349544,-1.4887827078448694,-2.1413586775409144,-1.3526561895953577,-1.2185938994037073,1.5708705186843872,-0.746378246937887,1
269,1788170971.5184038,-0.05370652543785823,-0.6988826816395431,0.08319029610823964,-1.2643350258658217,2.8758193032526034,0.000223221407144549,-1.491157356892721,-2.14152700105776,-1.352213207875387,-1.218820873891012,1.5708585977554321,-0.7487772146808069,1
270,1788170971.5571995,-0.05524309078807536,-0.6989413494023341,0.08331160103137517,1.2643436273758404,-2.8759337370243965,0.0003278748193744077,-1.4933760801898401,-2.1416710058795374,-1.3517454306231897,-1.2187731901751917,1.5708585977554321,-0.7509716192828577,1
271,1788170971.5970304,-0.05648457428244842,-0.6989369716386474,0.08331620495238429,1.2643205830527127,-2.875925979955175,0.0003992083059225844,-1.4951627890216272,-2.141862694417135,-1.351434055958883,-1.2188447157489222,1.5708585977554321,-0.752746884022848,1
272,1788170971.6365128,-0.05814718464899155,-0.6989473798013668,0.08333938699621099,1.2641997102632372,-2.875932066550372,0.00047399970911074106,-1.498028580342428,-2.14219838777651,-1.3508346716510218,-1.2191088835345667,1.5708705186843872,-0.7555292288409632,1
273,1788170971.6767728,-0.05974868749396766,-0.6989209790394152,0.08335456805713742,1.26404216793897,-2.876044585237117,0.00029672976380920997,-1.4998520056353968,-2.1424387137042444,-1.3503788153277796,-1.219384495412008,1.5708345174789429,-0.7572434584247034,1
274,1788170971.7187972,-0.06135078208802531,-0.6988808185192531,0.08332324988327564,-1.264017376767104,2.876029137821612,-0.0001212669948079395,-1.5021660963641565,-2.1427505652057093,-1.3499234358416956,-1.2196596304522913,1.5708705186843872,-0.7595470587359827,1
275,1788170971.7628,-0.06333143297134905,-0.6989145575046488,0.08332925097553512,-1.2639231250071454,2.876097632113937,-0.00022780343082475678,-1.5050204435931605,-2.1431945005999964,-1.3492043654071253,-1.2198627630816858,1.5708705186843872,-0.7623289267169397,1
276,1788170971.8053792,-0.06485677320579059,-0.6989028103876211,0.08329921907262322,-1.264376279921506,2.8758628652052542,-8.65087666023326e-05,-1.5072148481952112,-2.1435540358172815,-1.3486769835101526,-1.2201264540301722,1.5708705186843872,-0.7648475805865687,1
277,1788170971.8469563,-0.06652376447265207,-0.6989388325311836,0.08329229975146205,-1.2640818275793435,2.876036160286744,-0.00020324708600487002,-1.509613339100973,-2.1439622084247034,-1.3480537573443812,-1.2202580610858362,1.5708585977554321,-0.7670300642596644,1
278,1788170971.8903573,-0.06838773777426266,-0.6989878399064824,0.08326782552873951,-1.264265157510871,2.875937649410372,-0.00013241134340676998,-1.5122998396502894,-2.1445263067828577,-1.3471906820880335,-1.220605198537008,1.5708585977554321,-0.769848648701803,1
279,1788170971.9320164,-0.06998491671383837,-0.6991435548161586,0.08329940330219288,-1.264306990308398,2.875893225407031,-8.508372952820077e-05,-1.5146144072162073,-2.145233933125631,-1.3459447065936487,-1.221180264149801,1.5708705186843872,-0.7721989790545862,1
280,1788170971.973258,-0.07159367034553245,-0.6992981695024906,0.08356568007735249,-1.2640912127625037,2.875960742417627,0.0001799637796915815,-1.516928497944967,-2.1458099524127405,-1.3442423979388636,-1.222473446522848,1.5708345174789429,-0.7743700186358851,1
281,1788170972.016428,-0.07313224597123912,-0.6995532369340675,0.08478665947973901,-1.264245997072694,2.875894077008906,1.394106676712361e-05,-1.5191715399371546,-2.1457141081439417,-1.3411138693438929,-1.2255986372577112,1.5708705186843872,-0.7767203489886683,1
282,1788170972.0579715,-0.07513427729077371,-0.699849953678921,0.08706014398930537,-1.2640529835318308,2.8759221756068754,0.0003320203664545658,-1.5220616499530237,-2.145125691090719,-1.3358638922320765,-1.2316449324237269,1.5708465576171875,-0.7794907728778284,1
283,1788170972.1000757,-0.07669480511147167,-0.7002174321297839,0.08990076781123446,-1.2640132983559569,2.876064536360804,-0.0001367485215962052,-1.524327580128805,-2.1439502874957483,-1.3301823774920862,-1.2381823698626917,1.5708465576171875,-0.7816970984088343,1
284,1788170972.143752,-0.07828085376058813,-0.7005037793463047,0.09321854643210437,1.2641978346217027,-2.8759687562205163,0.00030247089869928805,-1.5266183058368128,-2.1423667112933558,-1.323841396962301,-1.2459891478167933,1.5708345174789429,-0.7841199080096644,1
285,1788170972.183584,-0.0802018995447924,-0.7008189923179371,0.09698169151520394,-1.2642991848884997,2.8758736212025644,5.291128011131767e-05,-1.529400650654928,-2.1408427397357386,-1.316134277974264,-1.255472485219137,1.5708585977554321,-0.7869856993304651,1
286,1788170972.2239966,-0.08180194198724243,-0.7011178146296441,0.10025924311837572,-1.264461532624468,2.8758688125826954,-8.75431009977032e-05,-1.531703297291891,-2.139475170766012,-1.309589687977926,-1.2632792631732386,1.5708345174789429,-0.7893841902362269,1
287,1788170972.2656996,-0.08346011265278083,-0.7013931036117999,0.1035837250496976,-1.2641246091952365,2.876034833586094,-0.0002547362527502399,-1.5341013113604944,-2.1381076017962855,-1.3029378096209925,-1.271193806325094,1.5708585977554321,-0.7915433088885706,1
288,1788170972.3063965,-0.08510357611156354,-0.7017406699526038,0.10679057877048184,1.2639182853223871,-2.876032587975335,0.0006595832585368671,-1.5364754835711878,-2.136979881917135,-1.2962740103351038,-1.278712574635641,1.5708705186843872,-0.793797794972555,1
289,1788170972.3461862,-0.08660063572416225,-0.7020117743924517,0.10990117955599749,1.2641848036587136,-2.875983778248251,0.0003102541309511954,-1.5386222044574183,-2.135996166859762,-1.289525334035055,-1.2866748015033167,1.5708465576171875,-0.796112362538473,1
290,1788170972.3853986,-0.08824624663756467,-0.7023157651648364,0.11311298602741987,1.2639421060082343,-2.8760887021905144,0.0002641875440005138,-1.5409844557391565,-2.135036293660299,-1.2825377623187464,-1.2946489492999476,1.5708345174789429,-0.7983062903033655,1
291,1788170972.4249704,-0.08976661166141268,-0.7026786438416333,0.11630506989565931,1.2640123052119796,-2.8760138431954956,0.0005183860417162083,-1.5431793371783655,-2.134172264729635,-1.2755139509784144,-1.3023718039142054,1.5708585977554321,-0.8005612532245081,1
292,1788170972.4632123,-0.09138866642100538,-0.7029478419124349,0.11951826188964901,1.2641553324176498,-2.875961385366077,0.0004786301611670356,-1.5455053488360804,-2.133261028920309,-1.2684782187091272,-1.3103459517108362,1.5708585977554321,-0.8029840628253382,1
293,1788170972.5027578,-0.09302992250601277,-0.7032098205007159,0.1227009075564793,1.2643255304378058,-2.87588139242687,0.0004936428928297663,-1.5478561560260218,-2.1324089209186,-1.261453930531637,-1.318211857472555,1.5708585977554321,-0.8054545561419886,1
294,1788170972.5415256,-0.09456266185687406,-0.7034937607945598,0.12587786757848243,1.2645475489044373,-2.8758243647074617,0.000350232097548911,-1.5500505606280726,-2.1317008177386683,-1.2542031447040003,-1.3262694517718714,1.5708585977554321,-0.8077929655658167,1
295,1788170972.5810485,-0.09591287615579354,-0.7037016548622251,0.12845213037008463,1.2646035600031147,-2.875810345086792,0.00016524749683908405,-1.5519688765155237,-2.1311729590045374,-1.2482579390155237,-1.3328550497638147,1.5708225965499878,-0.8097475210772913,1
296,1788170972.6202714,-0.09749022821855807,-0.7040493722810903,0.1316915845024464,1.2643995888789852,-2.8758153464388747,0.000600035492279922,-1.5542357603656214,-2.1305373350726526,-1.2408507505999964,-1.3406127134906214,1.5708585977554321,-0.8118942419635218,1
297,1788170972.6578448,-0.09903927744537301,-0.7043189826275041,0.13486136490058784,1.2646466959475815,-2.8757669805499,0.0004881148544116907,-1.5564540068255823,-2.1299975554095667,-1.2333958784686487,-1.3486946264850062,1.5708825588226318,-0.8142688910113733,1
298,1788170972.696637,-0.10066285053948512,-0.7045745121402037,0.13797035859905787,-1.2643762101759577,2.8759017868808985,-0.00011571244940114624,-1.558756176625387,-2.1296256224261683,-1.2258089224444788,-1.3568957487689417,1.5708465576171875,-0.8163788954364222,1
299,1788170972.733686,-0.10228789374495453,-0.7049021550158908,0.1412333212950591,1.2641368891027918,-2.875965970189693,0.00042358884402144694,-1.561070744191305,-2.1291936079608362,-1.2180421988116663,-1.3648813406573694,1.5708465576171875,-0.8185375372516077,1
300,1788170972.7725387,-0.1035013511048508,-0.7051611519084986,0.14384002754620842,1.264381385998083,-2.875818618699728,0.0005548250292445798,-1.5627973715411585,-2.1289055983172815,-1.2117374579059046,-1.371383015309469,1.5708465576171875,-0.820444409047262,1
301,1788170972.810576,-0.10518657529332216,-0.7054228332350535,0.14697373030516309,1.2639262364064117,-2.8760470061404493,0.00036288192023475256,-1.5651839415179651,-2.1287015120135706,-1.2038872877704065,-1.3795598188983362,1.5708225965499878,-0.8225072065936487,1
302,1788170972.847325,-0.10680591642729216,-0.7056803638943482,0.15009594227264333,-1.2641755193737105,2.876007342561513,-0.0001235789957292714,-1.5674861113177698,-2.1285699049579065,-1.1959527174579065,-1.3877971808062952,1.5708345174789429,-0.8249648253070276,1
303,1788170972.885513,-0.10801552784113665,-0.705873577890603,0.15261903729475995,-1.2644741910321007,2.8757487534422683,0.0002949327852432146,-1.5692012945758265,-2.128521744404928,-1.1894200483905237,-1.3946688810931605,1.5708345174789429,-0.8269203344928187,1
304,1788170972.923805,-0.10966925278604304,-0.706261537223448,0.15586097012611994,1.2641684266590316,-2.875942779276826,0.0004898202590620424,-1.5715516249286097,-2.1284378210650843,-1.1812947432147425,-1.4023430983172815,1.5708585977554321,-0.8290427366839808,1
305,1788170972.9619231,-0.11125969517537386,-0.70647562174451,0.1582245683068118,1.2643423909309872,-2.8759179105370984,0.00022636460510464464,-1.573794190083639,-2.1287015120135706,-1.1747267881976526,-1.4088199774371546,1.5708345174789429,-0.831393067036764,1
306,1788170973.0028,-0.11280957947997229,-0.706691349034062,0.1597847747669557,-1.264355536410716,2.8758082600125783,8.02358017681801e-05,-1.5760005156146448,-2.1293614546405237,-1.1695969740497034,-1.4135249296771448,1.5708825588226318,-0.8336351553546351,1
307,1788170973.0441873,-0.11446613081550565,-0.7069993606709457,0.160625269218213,-1.2640853941756416,2.8759865771685664,-0.00011152562967439182,-1.578338925038473,-2.1304052511798304,-1.165809456502096,-1.4161351362811487,1.5708825588226318,-0.8357704321490687,1
308,1788170973.0859473,-0.11597184579519117,-0.7073173453269139,0.16066968151677988,-1.2644335147573467,2.87579579580599,9.092046449931545e-06,-1.580461327229635,-2.131857220326559,-1.1633761564837855,-1.4172008673297327,1.5708825588226318,-0.838144604359762,1
309,1788170973.1272838,-0.11797133765904538,-0.707760126837906,0.16062460529906494,-1.2628403461073567,2.8765733827704247,-0.00014619719913032178,-1.5832675139056605,-2.1337645689593714,-1.1604998747455042,-1.4180505911456507,1.5708585977554321,-0.839823071156637,1
310,1788170973.1655078,-0.11959510363357428,-0.7081100515269824,0.16058606768645373,-1.2606057176880978,2.8775706634882154,-0.00015477309792810644,-1.5855453650103968,-2.135348145161764,-1.158090893422262,-1.4188645521747034,1.5708465576171875,-0.8405430952655237,1
311,1788170973.20463,-0.12081727119394221,-0.708398504740744,0.16063504692983255,1.257810372251507,-2.8787943967955276,0.0002229179351287392,-1.5872600714312952,-2.136559788380758,-1.15605336824526,-1.419642750416891,1.5708465576171875,-0.8403151671039026,1
312,1788170973.2425632,-0.12242841948489562,-0.7087457238191958,0.1607195178083537,1.253083890601408,-2.8807725264525232,0.00043639938678115096,-1.5895145575152796,-2.1380236784564417,-1.153548542653219,-1.4205287138568323,1.5708345174789429,-0.8393080870257776,1
313,1788170973.2804868,-0.12404068243357091,-0.7091569951640453,0.1606673667686711,1.247502881378618,-2.883196844001607,0.0005620478964780827,-1.591780964528219,-2.1397631804095667,-1.150935475026266,-1.42133075395693,1.5708705186843872,-0.8377006689654749,1
314,1788170973.3186638,-0.12559399734590515,-0.7095316123723958,0.16050642810401575,1.2409402521804014,-2.886101053896982,0.00019460235257820526,-1.5939391295062464,-2.1415990034686487,-1.1483705679522913,-1.4223006407367151,1.5708345174789429,-0.8352902571307581,1
315,1788170973.3567216,-0.12725963453940337,-0.7098389806404537,0.16048292690807764,-1.2330226088680032,2.88938044546421,0.00012450971279242347,-1.5962770620929163,-2.14327842393984,-1.1456978956805628,-1.4235337416278284,1.5708705186843872,-0.8321726957904261,1
316,1788170973.3942251,-0.12859240001583458,-0.7100965254354151,0.1605065911158811,-1.2257557112515276,2.8924627180430496,0.00028643023462888707,-1.5981243292437952,-2.144585911427633,-1.143529240285055,-1.4244917074786585,1.5708345174789429,-0.8289945761310022,1
317,1788170973.4364254,-0.1301175205364583,-0.7105365834756865,0.16049621561046903,-1.2156117758507723,2.8967663791444775,0.00015955955038060755,-1.6002467314349573,-2.1463735739337366,-1.1407244841205042,-1.4254253546344202,1.5708465576171875,-0.82410175005068,1
318,1788170973.476111,-0.13176887213082844,-0.7109087271284092,0.16050876148325469,-1.2039942213345511,2.9015961460912782,0.00012725044815840834,-1.602548901234762,-2.1480892340289515,-1.1379554907428187,-1.4264667669879358,1.5708705186843872,-0.8183940092669886,1
319,1788170973.5165105,-0.13328690866777085,-0.711341158984092,0.16026295699855972,-1.1925534489041274,2.906412956319269,-0.000135832397728794,-1.6046469847308558,-2.1499012152301233,-1.1357386747943323,-1.4266822973834437,1.5708585977554321,-0.8125894705401819,1
320,1788170973.5557435,-0.13491702433562128,-0.7117881716464943,0.15952628021385634,-1.1808018980439423,2.9111674660552898,0.0001306979991195447,-1.606889549885885,-2.1521924177752894,-1.1339286009417933,-1.426370922719137,1.5708225965499878,-0.8067615667926233,1
321,1788170973.595872,-0.13656976191428183,-0.7121365843920735,0.15877281131463156,-1.1688277543381544,2.9158737459543915,0.0003450796703277907,-1.6091917196856897,-2.1542680899249476,-1.1325023810016077,-1.425892178212301,1.5708705186843872,-0.800873104725973,1
322,1788170973.6347234,-0.1381154418132795,-0.7124859771325067,0.15821695192293744,-1.1577522355733458,2.920391837583419,0.00014810016032004833,-1.61131459871401,-2.156043354664938,-1.1311243216144007,-1.4253414312945765,1.5708345174789429,-0.7953808943377894,1
323,1788170973.67594,-0.13974256798802875,-0.7127401577943031,0.15769643217285786,-1.1478042122753298,2.924277349353643,0.00022962480824002907,-1.6135686079608362,-2.1577351729022425,-1.1297338644610804,-1.4251020590411585,1.5708465576171875,-0.7908356825457972,1
324,1788170973.7153256,-0.1413360635254293,-0.7128957276559539,0.1572377662287434,-1.1386680912266658,2.9277581268464465,0.0005243900564774197,-1.6157754103290003,-2.159222427998678,-1.1284754912005823,-1.4250782171832483,1.5708465576171875,-0.7868183294879358,1
325,1788170973.753504,-0.14285132667505726,-0.7130848803150613,0.15691176805411328,-1.1309761023854055,2.930736167079147,0.00048471816221986463,-1.6178730169879358,-2.1605899969684046,-1.1271212736712855,-1.425042454396383,1.5708585977554321,-0.7836645285235804,1
326,1788170973.7912383,-0.14447010405621985,-0.7132303618613214,0.15673770461579076,-1.1242419320849995,2.93343207878265,0.00022588938399943005,-1.62010366121401,-2.1617539564715784,-1.1257427374469202,-1.4250662962542933,1.5708345174789429,-0.7812774817096155,1
327,1788170973.833035,-0.1460867494846297,-0.7133579778606058,0.156589332973174,-1.1184890886828325,2.9356840405837112,-4.639192931589436e-05,-1.6223457495318812,-2.162881676350729,-1.1243522802936,-1.425150219594137,1.5708585977554321,-0.7795866171466272,1
328,1788170973.8726807,-0.14734759349018384,-0.7134290241180181,0.15647262955082006,-1.11519844977677,2.936943160189055,-0.00016442202784492987,-1.624096695576803,-2.1637333075152796,-1.1232979933368128,-1.4252813498126429,1.5708825588226318,-0.7790945211993616,1
329,1788170973.9109187,-0.14933658745113254,-0.7134720375479858,0.15642259625179186,-1.1113233235303954,2.938460885582975,-0.0002341615551201361,-1.6268423239337366,-2.1648853460894983,-1.1215837637530726,-1.4257844130145472,1.5708585977554321,-0.7791908423053187,1
330,1788170973.9486563,-0.15099508765246258,-0.7134596046746952,0.1570539289577212,-1.1086518260554323,2.9394367840708915,-3.1299907866279054e-05,-1.6291325728045862,-2.1655810515033167,-1.1188033262835901,-1.4279997984515589,1.5708345174789429,-0.779670540486471,1
331,1788170973.990126,-0.15218594946540734,-0.713470577593406,0.1582178053881867,-1.1071687424424215,2.939989295929461,-0.00010286473268115827,-1.6307876745807093,-2.165809456502096,-1.1154473463641565,-1.4310882727252405,1.5708585977554321,-0.7803180853473108,1
332,1788170974.028863,-0.15419428977277427,-0.713440294010232,0.160969575272551,1.1059513320896905,-2.9404396597429194,0.0002622177074362745,-1.633557144795553,-2.165785614644186,-1.1084359327899378,-1.4379962126361292,1.5708225965499878,-0.7822611967669886,1
333,1788170974.070127,-0.15543906027707624,-0.7134562557806626,0.1633148587867845,1.1058723746468966,-2.9404999333432014,0.00025301372073434055,-1.6352842489825647,-2.1657374540912073,-1.1024797598468226,-1.4440177122699183,1.5708465576171875,-0.7839277426349085,1
334,1788170974.1146398,-0.15732464407959423,-0.7134087177365874,0.16716476201297553,-1.1060693746387757,2.940328014057865,0.00027739035466454277,-1.6378863493548792,-2.1656530539142054,-1.092640225087301,-1.454301659260885,1.5708225965499878,-0.7866857687579554,1
335,1788170974.155919,-0.15896139224427275,-0.7134311260293316,0.17036362755508647,-1.1059860987566865,2.9403661705446,0.0001632716081806333,-1.6401518026935022,-2.1656649748431605,-1.0844305197345179,-1.462430779133932,1.5708465576171875,-0.7888930479632776,1
336,1788170974.1988935,-0.16049600060066252,-0.7134597426172649,0.17361529254230407,-1.106045001003875,2.940418503955259,-3.057003426480227e-05,-1.6422627607928675,-2.1656530539142054,-1.076148811970846,-1.4705832640277308,1.5708345174789429,-0.7910273710833948,1
337,1788170974.2376716,-0.1621263779559195,-0.7133972493378697,0.17683073402218694,-1.1059703791668152,2.9403243947451436,0.00022287814772480445,-1.6445286909686487,-2.1657493750201624,-1.0677111784564417,-1.479119125996725,1.5708705186843872,-0.7932699362384241,1
338,1788170974.2760704,-0.16377218041359895,-0.7133778598023752,0.18018392931879354,-1.1056833507443564,2.9405228986253262,-2.0278614544130083e-05,-1.6467950979815882,-2.165797535573141,-1.0590947310077112,-1.4875114599811,1.5708585977554321,-0.7953208128558558,1
339,1788170974.3192313,-0.16532927121845198,-0.7134370632375401,0.18343049312713883,1.1056889649242554,-2.9405356742586735,0.00034961758689959374,-1.6489294211017054,-2.1660731474505823,-1.0504058043109339,-1.4956877867328089,1.5708465576171875,-0.7974556128131312,1
340,1788170974.3629944,-0.16723925053800348,-0.7134589372289124,0.1871746641576144,1.1057633588356657,-2.9405185852638263,0.00031350602959017977,-1.65155536333193,-2.1666248480426233,-1.039943043385641,-1.5056241194354456,1.5708465576171875,-0.8001297155963343,1
341,1788170974.406039,-0.16882425431862322,-0.7134367253204176,0.1903898516290591,-1.1058593350472095,2.940503571803738,-0.00012183386989591131,-1.6537373701678675,-2.167116943989889,-1.0309065024005335,-1.5143035093890589,1.5708465576171875,-0.8023722807513636,1
342,1788170974.449566,-0.170701147254962,-0.7134467628107326,0.19399305226508898,1.1061160379945256,-2.9403818248976314,0.00032266984463943206,-1.6563151518451136,-2.1677525679217737,-1.020719353352682,-1.5237134138690394,1.5708465576171875,-0.8051303068744105,1
343,1788170974.4918075,-0.17243204879292456,-0.7134302171132583,0.1959020443228992,1.10612403633212,-2.9404030990137286,0.00020291954829451485,-1.6586898008929651,-2.1686528364764612,-1.0143793264972132,-1.5292318503009241,1.5708345174789429,-0.807504955922262,1
344,1788170974.5361493,-0.17401317688795273,-0.7133931621860984,0.19703168874981827,-1.1062314571923764,2.9403121437218602,0.00012296716679062255,-1.6608598867999476,-2.169612232838766,-1.009897534047262,-1.5329788366900843,1.5708225965499878,-0.8097594420062464,1
345,1788170974.5761523,-0.17555346866009264,-0.7133643458100826,0.19741964218913133,-1.1061111117672722,2.9402050176120436,0.0003679424008245276,-1.6629942099200647,-2.1706560293780726,-1.007176701222555,-1.534858528767721,1.5708825588226318,-0.8118460814105433,1
346,1788170974.612989,-0.1775276495274223,-0.7133902261641504,0.1973413173413511,-1.1059685977725056,2.9403026461924555,0.0002757938815446304,-1.6656916777240198,-2.1720240751849573,-1.0051873365985315,-1.5354092756854456,1.5708705186843872,-0.8144367376910608,1
347,1788170974.651231,-0.17873506555479157,-0.7134633857477787,0.1974329448528639,-1.1059635694092211,2.9403998725580323,-1.1057858278968693e-05,-1.6673348585711878,-2.1729119459735315,-1.0035699049579065,-1.5359357039081019,1.5708705186843872,-0.8160551230060022,1
348,1788170974.6896136,-0.18037426213245056,-0.7135524471560436,0.1974653607293077,-1.1058834171642278,2.940503757808815,-0.00023096215696392485,-1.6695650259601038,-2.174183193837301,-1.001472298298971,-1.5366061369525355,1.5708705186843872,-0.818214241658346,1
349,1788170974.7274783,-0.1820453795667442,-0.713600183184827,0.19747051823959716,-1.105781553807427,2.940552089878368,-0.00013742239520767185,-1.671830956135885,-2.175502602254049,-0.9993155638324183,-1.5374921003924769,1.5708345174789429,-0.8204086462603968,1
350,1788170974.7664878,-0.18353658549801255,-0.713725838687521,0.1974159990737693,-1.1056911402889407,2.940524460519511,-3.499963318525584e-05,-1.6738570372210901,-2.1769545714007776,-0.9970863501178187,-1.538354221974508,1.5708585977554321,-0.8223870436297815,1
351,1788170974.8036082,-0.1848800789890011,-0.7138218256055127,0.19742311955482758,-1.1057945426336513,2.940531290885069,-0.0002109658938538496,-1.6756799856769007,-2.178094212208883,-0.9952529112445276,-1.5389288107501429,1.5708705186843872,-0.8242700735675257,1
352,1788170974.8414423,-0.18650026781413348,-0.7139220966411254,0.19743381824036121,1.1059106048703642,-2.9404632599117155,0.000378904456943907,-1.6778739134417933,-2.1794498602496546,-0.9930594603167933,-1.5396469275103968,1.5708705186843872,-0.8265484015094202,1
353,1788170974.8832228,-0.18804987598473605,-0.714005018098459,0.19746310900437683,1.1059230398028645,-2.940440997080173,0.000428217695851295,-1.679971996937887,-2.180769745503561,-0.990854565297262,-1.5404966513263147,1.5708705186843872,-0.8286588827716272,1
354,1788170974.9227288,-0.18964175821173232,-0.7140326106093784,0.19737782026372744,-1.1060478431799345,2.9403431062132848,0.00010104634027467146,-1.6821301619159144,-2.1822455565081995,-0.988589111958639,-1.5416582266436976,1.5708585977554321,-0.8309133688556116,1
355,1788170974.9596915,-0.19125090290334226,-0.714066407859808,0.19733104565953732,-1.1059110166430874,2.9403537828217976,0.00021736462913409302,-1.68431264558901,-2.1835768858539026,-0.9865277449237269,-1.542471710835592,1.5708585977554321,-0.8330119291888636,1
356,1788170974.9978404,-0.19278018579813144,-0.7141337388819263,0.19739712562337305,-1.1060833761917006,2.940382232044787,-0.00013263375286014234,-1.6863868872271937,-2.1847408453570765,-0.9845264593707483,-1.5430710951434534,1.5708825588226318,-0.8351824919330042,1
357,1788170975.0358517,-0.19410349091918586,-0.7141178626031119,0.19744084521542235,-1.106044346253502,2.9404380124174687,-0.0002492203828035203,-1.6881855169879358,-2.1856287161456507,-0.9829924742328089,-1.543633762990133,1.5708825588226318,-0.8369453589068812,1
358,1788170975.072728,-0.1957947806376862,-0.7140707183529392,0.19741002924357465,-1.1057037258152727,2.9405472867508142,-7.232683949255103e-05,-1.6904757658587855,-2.186840359364645,-0.9810751120196741,-1.5444477240191858,1.5708465576171875,-0.8390081564532679,1
359,1788170975.1103196,-0.19734043010100302,-0.7140947912558433,0.19739373783988132,-1.105956700252062,2.940417772936069,-5.6678043880494705e-05,-1.6925738493548792,-2.1881001631366175,-0.9790614287005823,-1.5452254454242151,1.5708705186843872,-0.8412860075580042,1
360,1788170975.1481395,-0.19861765921519825,-0.7141146983386781,0.19740726547841658,-1.105691035895865,2.9405646002753394,-0.00018817235904919707,-1.6942999998675745,-2.1890719572650355,-0.9774678389178675,-1.5457528273211878,1.5708705186843872,-0.8428209463702601,1
361,1788170975.1851625,-0.20031972424023167,-0.7140942520377582,0.1973363310345067,-1.1057363770321829,2.940523459167378,-8.014061231014154e-05,-1.6966026465045374,-2.1903794447528284,-0.975501839314596,-1.5464828650103968,1.5708585977554321,-0.8451598326312464,1
362,1788170975.2246351,-0.20180540778437814,-0.7141796587616599,0.19735872107403438,1.1061416000460234,-2.940368940609563,0.00030302364407586147,-1.698592487965719,-2.1916630903827112,-0.9733927885638636,-1.5471413771258753,1.5708465576171875,-0.8474257628070276,1
363,1788170975.2647607,-0.20343077250634564,-0.7141120781537071,0.19738829633626442,-1.1059243713054088,2.9404296836630324,-9.615345778085348e-05,-1.70081073442568,-2.1928628126727503,-0.9713199774371546,-1.548182789479391,1.5708825588226318,-0.8495009581195276,1
364,1788170975.303384,-0.2050606485451604,-0.71405686661048,0.19734850301043133,-1.1060240135482076,2.9403223064846107,0.0002554772608239626,-1.7030051390277308,-2.1941469351397913,-0.9692705313311976,-1.5491765181170862,1.5708345174789429,-0.851778809224264,1
365,1788170975.3416975,-0.2065678222631768,-0.7140864950835892,0.19734049870345666,-1.1060510967806991,2.940283699457323,0.00021241389905447586,-1.705043141041891,-2.195430580769674,-0.9671972433673304,-1.5499547163592737,1.5708705186843872,-0.8538416067706507,1
366,1788170975.3804274,-0.2078738162230401,-0.7140950663316024,0.19731111335558066,-1.1060787407990746,2.9403018662063904,0.00021275817552286047,-1.7067936102496546,-2.1964977423297327,-0.9655311743365687,-1.5505412260638636,1.5708465576171875,-0.8556044737445276,1
367,1788170975.4203184,-0.20952888830544442,-0.7141027898482686,0.19734052814137407,-1.1057995499886473,2.940468025774971,6.536622884239141e-06,-1.7090237776385706,-2.1977699438678187,-0.9634102026568812,-1.5512474218951624,1.5708585977554321,-0.8576310316668909,1
368,1788170975.4603617,-0.21105623564283738,-0.7140827076986701,0.19742429318841795,-1.1058602670903264,2.940467760049291,2.4433008874580088e-05,-1.711074177418844,-2.1989577452289026,-0.9612529913531702,-1.5522168318377894,1.5708345174789429,-0.8597176710711878,1
369,1788170975.4988956,-0.21269441089814123,-0.7140969923828858,0.19744743305120818,-1.105957241477413,2.9404575011058047,-0.00012460379223188078,-1.7132800261126917,-2.200289551411764,-0.9590361754046839,-1.553006951008932,1.5708585977554321,-0.861983601246969,1
370,1788170975.5374265,-0.21428904085744738,-0.7141313817791528,0.19739496892531883,-1.1056646421904404,2.940585920272009,-0.0001732198045963528,-1.7154138723956507,-2.2016928831683558,-0.956878964100973,-1.553725544606344,1.5708585977554321,-0.8639143149005335,1
371,1788170975.5778506,-0.21585468545187209,-0.7141406324142376,0.1972772188900159,-1.1060643961982046,2.940363702337974,0.00013450368389381808,-1.7175005117999476,-2.2031686941729944,-0.9547098318683069,-1.5546229521380823,1.5708225965499878,-0.8662889639483851,1
372,1788170975.6190338,-0.2174516374686631,-0.7140848910250084,0.19731284064611826,-1.1062810535443202,2.9401908802801344,0.00029708752827813453,-1.719658676777975,-2.2044523398028772,-0.9524806181537073,-1.5557006041156214,1.5708465576171875,-0.8686149756060999,1
373,1788170975.6596396,-0.21917539888601487,-0.7140334197742625,0.19731024534964167,-1.1058288977537476,2.9403779828083154,0.00028944932743329375,-1.7219727675067347,-2.2057717482196253,-0.9503234068499964,-1.5565264860736292,1.5708345174789429,-0.870617691670553,1
374,1788170975.6992848,-0.2206973078816908,-0.7140959523697257,0.19731980790110104,-1.1062137542879102,2.94027786050305,0.00013284711045843448,-1.7239988485919397,-2.2071874777423304,-0.947998348866598,-1.5573285261737269,1.5708465576171875,-0.8728955427752894,1
375,1788170975.7394414,-0.2223433354854729,-0.7140846238849481,0.19731612578323496,-1.10599733665521,2.9403939106269585,0.00011845185330676891,-1.7261927763568323,-2.208566967641012,-0.94574481645693,-1.558178726826803,1.5708225965499878,-0.8749344984637659,1
376,1788170975.7783048,-0.22392742133889984,-0.7140804816731189,0.19739777652134496,-1.1059160627950746,2.940445897110415,-1.3675563767660457e-05,-1.7283151785479944,-2.2098868528949183,-0.9433844725238245,-1.559136215840475,1.5708465576171875,-0.8769968191729944,1
377,1788170975.816362,-0.22540770615000597,-0.7141259697632328,0.1975260854307175,-1.106058422856929,2.9404477342183144,-0.000421958800450625,-1.730305020009176,-2.211158577595846,-0.9410236517535608,-1.5599740187274378,1.5709304809570312,-0.879071060811178,1
378,1788170975.8567052,-0.22714926224698279,-0.714104345263257,0.19747052859582448,1.1055773161600235,-2.9405579540675717,0.0003799961834134323,-1.7326071898089808,-2.212634865437643,-0.9387348333941858,-1.5607760588275355,1.5708585977554321,-0.8810618559466761,1
379,1788170975.8954508,-0.22875731193174534,-0.7141114876444057,0.1973930399568863,1.1054052992783556,-2.9406878763325746,0.00017442268687404503,-1.734741512929098,-2.214194122944967,-0.9363258520709437,-1.5617697874652308,1.5708465576171875,-0.8830645720111292,1
380,1788170975.9352605,-0.2302691753286545,-0.7141076769287218,0.19730423617633805,-1.1038959960418997,2.941115174752038,0.0001758175856135105,-1.736755673085348,-2.2157300154315394,-0.9339531103717249,-1.56287128130068,1.5708585977554321,-0.8840835730182093,1
381,1788170975.9748352,-0.23195916104309683,-0.7140857913499015,0.19734976334415977,-1.1012718973807305,2.942159448507671,9.674551835909134e-05,-1.7389972845660608,-2.2171576658831995,-0.9314959684955042,-1.5638287703143519,1.5708345174789429,-0.8845275084124964,1
382,1788170976.0156732,-0.23352924456243065,-0.7141392690262688,0.1973501113460017,-1.0975706201680624,2.9436081160214655,-0.00010771186364659681,-1.7410715262042444,-2.21865684190859,-0.9290512243853968,-1.5646308104144495,1.5708465576171875,-0.8840716520892542,1
383,1788170976.054639,-0.23506173724481302,-0.714121470833222,0.19731291574465204,-1.0931267877996342,2.9451661870602215,9.500020039499346e-05,-1.7431100050555628,-2.220132652913229,-0.926666561757223,-1.5656960646258753,1.5708585977554321,-0.8831127325641077,1
384,1788170976.092647,-0.23671917568798215,-0.7141217641414918,0.19736156844448488,-1.087487936808059,2.9473489656203187,-0.00014767261819739847,-1.7453039328204554,-2.221560303364889,-0.9242218176471155,-1.5665343443499964,1.5708585977554321,-0.8814576307879847,1
385,1788170976.1329086,-0.23798251339794313,-0.7141607468691988,0.19734249620378408,1.0818715594149462,-2.949372248444121,0.000274213488016466,-1.746958080922262,-2.2227843443499964,-0.9222682158099573,-1.5671566168414515,1.5708345174789429,-0.8793113867389124,1
386,1788170976.1708515,-0.23952914746917442,-0.7141967136393507,0.1973547734696557,1.0738332222094067,-2.9522368885868846,0.0004935194809156363,-1.7489965597735804,-2.224247757588522,-0.9198477903949183,-1.5679591337787073,1.5708465576171875,-0.8759172598468226,1
387,1788170976.2093203,-0.24118394596762027,-0.7141393158006992,0.1971977792516879,-1.0646027731726617,2.9556742745681843,-2.6935237365258276e-05,-1.751190487538473,-2.225891415272848,-0.9174392859088343,-1.5690606276141565,1.5708345174789429,-0.871840778981344,1
388,1788170976.2494295,-0.2428300362042554,-0.7141204669766497,0.19699493076240995,-1.0538077118528784,2.9593842613782377,0.0002964617723959433,-1.7533724943744105,-2.2275951544391077,-0.9150660673724573,-1.569981877003805,1.5708585977554321,-0.8667562643634241,1
389,1788170976.2906742,-0.24435612535051976,-0.7142051496642179,0.1967453935217977,-1.0419557992034245,2.9635470146964247,0.000490749738149257,-1.755350414906637,-2.2293947378741663,-0.9126814047442835,-1.570688549672262,1.5708225965499878,-0.8607366720782679,1
390,1788170976.3290536,-0.24601186988118773,-0.7143895975020024,0.19673741237764997,-1.0299282099916196,2.967900204256417,-5.087985144138983e-05,-1.7574971357928675,-2.2312901655780237,-0.9096372763263147,-1.5714667479144495,1.5708705186843872,-0.8547404448138636,1
391,1788170976.3687732,-0.24759843392153577,-0.7144929041207183,0.19651851282567664,-1.018073021723714,2.9719381235984956,4.0112887884130935e-05,-1.7595589796649378,-2.2331975142108362,-0.9070008436786097,-1.5722692648517054,1.5708825588226318,-0.8488290945636194,1
392,1788170976.4079845,-0.2491406251928252,-0.7145799581626984,0.19623062086653414,-1.006357288319066,2.975920255427283,0.00016933313116756284,-1.7615492979632776,-2.235021416340963,-0.9046762625323694,-1.5728438536273401,1.5708465576171875,-0.8429415861712855,1
393,1788170976.4485512,-0.250803651129407,-0.7146031466695325,0.1961262240428064,0.994377911628153,-2.9800663557417586,0.00013128619183318466,-1.7637189070331019,-2.2365925947772425,-0.9023755232440394,-1.5733464399920862,1.5708345174789429,-0.83704120317568,1
394,1788170976.488671,-0.2523920831978561,-0.7146358701090377,0.19582717319660656,0.982677217929983,-2.9839200782769275,0.0002365029881895344,-1.7657931486712855,-2.2382362524615687,-0.9004100004779261,-1.5735982100116175,1.5708465576171875,-0.8312729040728968,1
395,1788170976.5272896,-0.2539190463004604,-0.7147063344293978,0.19537772619982482,-0.9709243452285089,2.987790180717033,-0.00015231650960993118,-1.767771069203512,-2.2400243918048304,-0.8985522429095667,-1.5737293402301233,1.5708465576171875,-0.8253734747516077,1
396,1788170976.5664508,-0.25559083553879797,-0.7147081494575813,0.19510794574854076,0.9584778761646416,-2.991728178715985,0.0003798855652617653,-1.7699535528766077,-2.241619888936178,-0.8966110388385218,-1.573909107838766,1.5708465576171875,-0.8192451635943812,1
397,1788170976.6089635,-0.25721408640717586,-0.7146643520478856,0.19481461784215076,0.9464134887379476,-2.995551614888311,0.00034415482014735655,-1.7720750013934534,-2.243167225514547,-0.8947652021991175,-1.5742204825030726,1.5708225965499878,-0.8133094946490687,1
398,1788170976.6479292,-0.2587533187763025,-0.7146703589233026,0.19441032263824617,-0.9346254468509607,2.9993230952515386,-0.0001385016783158729,-1.7740896383868616,-2.244894806538717,-0.892860237752096,-1.5745676199542444,1.5708585977554321,-0.8074448744403284,1
399,1788170976.6858501,-0.2603760736446787,-0.7146630959217896,0.19406020142460087,-0.9224052760376588,3.003095855746212,-7.813366776924182e-05,-1.7761996428119105,-2.246586624776022,-0.8909066359149378,-1.5748665968524378,1.5708465576171875,-0.8014128843890589,1
400,1788170976.72573,-0.2616599367454787,-0.7146148041198399,0.1938155176244789,-0.9127749282986868,3.0059989952864843,6.498972403500621e-05,-1.7778781096087855,-2.2478583494769495,-0.8893726507769983,-1.575226132069723,1.5708345174789429,-0.7966879049884241,1
401,1788170976.7662737,-0.26347312090160735,-0.7146015583640034,0.19339418010902734,-0.8988569412250215,3.0100765938515295,0.00033885112243018403,-1.7802398840533655,-2.249873940144674,-0.8870118300067347,-1.5757764021502894,1.5708465576171875,-0.7898166815387171,1
402,1788170976.8068972,-0.26479239652679704,-0.7146036347411732,0.19312743837642177,-0.8891238184895804,3.012966418598353,0.00029930838285880957,-1.7819541136371058,-2.251265350972311,-0.8853581587420862,-1.5760162512408655,1.5708585977554321,-0.7850669066058558,1
403,1788170976.8462918,-0.26672168113665506,-0.7145824104957238,0.19272612675622286,-0.8745415202425567,3.017254477630646,0.00023670449701329116,-1.784459416066305,-2.253233257924215,-0.8830812613116663,-1.5762794653521937,1.5708585977554321,-0.7778952757464808,1
404,1788170976.8878973,-0.26780317128812964,-0.7146383700085329,0.19246747561220667,-0.8650280871676557,3.0200210509810512,8.739541990561755e-05,-1.7858503500567835,-2.2544925848590296,-0.8816431204425257,-1.5763629118548792,1.5708825588226318,-0.7729786078082483,1
405,1788170976.929589,-0.26956565627874984,-0.714643081576136,0.1921211394577755,-0.8504393728888384,3.0242933968850667,-0.00016407434022290484,-1.7881162802325647,-2.256268326436178,-0.8795822302447718,-1.576446835194723,1.5708465576171875,-0.7655671278582972,1
406,1788170976.9713864,-0.27090835895766585,-0.7146381773654613,0.19178542013939215,-0.8381362101229465,3.027719938174501,-0.0001875019320246873,-1.7898548285113733,-2.2577083746539515,-0.8780120054828089,-1.576566521321432,1.5708585977554321,-0.7591751257525843,1
407,1788170977.014102,-0.27208190118140035,-0.7146916100929488,0.19146278911559045,0.826196766685308,-3.0309747720574425,0.00030134413307021006,-1.7913530508624476,-2.259087864552633,-0.876526180897848,-1.5765908400165003,1.5708585977554321,-0.7527950445758265,1
408,1788170977.0567305,-0.2735135358577346,-0.7146732932085166,0.1911013999968116,0.8119347844787536,-3.034810848031063,0.00030727018038651503,-1.79319936433901,-2.260599915181295,-0.8748963514911097,-1.576698128377096,1.5708465576171875,-0.7452390829669397,1
409,1788170977.1000469,-0.27465422133611916,-0.7145819682086921,0.1907891896456763,0.7993618152884164,-3.0381818301470775,0.00024782880153147456,-1.7946980635272425,-2.2616313139544886,-0.8739374319659632,-1.576674763356344,1.5708585977554321,-0.7384508291827601,1
410,1788170977.1431222,-0.27527851139584036,-0.7145824591459536,0.190438186188878,-0.7874857853041393,3.0412373513787374,-4.5715901527563056e-05,-1.7955010573016565,-2.262423340474264,-0.873458210621969,-1.5765069166766565,1.5708585977554321,-0.7314470450030726,1
411,1788170977.1857796,-0.2759998635618797,-0.7145322862999461,0.18999244300071216,-0.7729919537981256,3.044856640021134,0.0003243703393845873,-1.7964361349688929,-2.2632506529437464,-0.8731344381915491,-1.5762556234942835,1.5708345174789429,-0.7228716055499476,1
412,1788170977.2287328,-0.2764671786660906,-0.7145630889530247,0.18953151524125572,-0.7605115334315948,3.047908271117185,0.0006367119844515937,-1.7970240751849573,-2.2640064398394983,-0.8729785124408167,-1.5758722464190882,1.5708225965499878,-0.7152798811541956,1
413,1788170977.270689,-0.2771219449513542,-0.7146320474921521,0.1891092613307268,-0.746001159912299,3.0515322571703196,0.00031286605690117905,-1.7978628317462366,-2.2647984663592737,-0.8727629820453089,-1.5750940481769007,1.5708825588226318,-0.7065966765033167,1
414,1788170977.3142633,-0.2776626950074998,-0.7146326410834959,0.18879650247649882,-0.733657981071257,3.0545898186865332,0.00023936591770533545,-1.7985461393939417,-2.2653501669513147,-0.8726432959185999,-1.5745909849749964,1.5708465576171875,-0.6991842428790491,1
415,1788170977.3528872,-0.27810832981769584,-0.7145912336830927,0.1884736159089911,-0.7212002506095093,3.057494523647327,0.00038604639299571873,-1.7991340796100062,-2.265806500111715,-0.8726671377765101,-1.5742204825030726,1.5708585977554321,-0.6916282812701624,1
416,1788170977.3926594,-0.2783173213930183,-0.7145663541087321,0.18823041502694984,-0.7092093747887852,3.060325803484585,0.000303773099780879,-1.7994096914874476,-2.265926186238424,-0.8730986754046839,-1.5736101309405726,1.5708585977554321,-0.6840599218951624,1
417,1788170977.4351318,-0.2782760110870766,-0.714590049073717,0.18792749401789643,-0.6968908429838548,3.0631603800777705,0.0002886568231937045,-1.799349610005514,-2.265938107167379,-0.8738535086261194,-1.572831932698385,1.5708585977554321,-0.6759522596942347,1
418,1788170977.477383,-0.2783052495436178,-0.7145959265434803,0.18757136604517305,-0.6846910439966583,3.065926388604878,0.00024104090597292047,-1.7993853727923792,-2.2659624258624476,-0.8747285048114222,-1.5718982855426233,1.5708585977554321,-0.6680238882647913,1
419,1788170977.5192838,-0.27828838277609946,-0.7146274379627672,0.18716745134284826,-0.6697915231721933,3.0692258534763424,0.00012450525703723258,-1.799361530934469,-2.2659862677203577,-0.875735108052389,-1.570796314870016,1.5708825588226318,-0.6582844893084925,1
420,1788170977.5607803,-0.2782850285856721,-0.71462881436582,0.18688159139822175,-0.6574658316127217,3.0719485687811674,2.273618608261661e-05,-1.799349610005514,-2.265926186238424,-0.8765857855426233,-1.5699222723590296,1.5708585977554321,-0.6502364317523401,1
421,1788170977.6030211,-0.2783039741982892,-0.7146182481755815,0.1865418318644587,-0.6453580967505936,3.0745206257852,4.951466083193189e-05,-1.7993734518634241,-2.265926186238424,-0.877448860798971,-1.5690720717059534,1.5708465576171875,-0.6423800627337855,1
422,1788170977.6452034,-0.2783156294074883,-0.7146924889909074,0.18621524131023395,0.6329906794172928,-3.077143631451958,0.0003406653326553923,-1.7993734518634241,-2.2659743467914026,-0.8782632986651819,-1.567946736012594,1.5708705186843872,-0.6343315283404749,1
423,1788170977.6874573,-0.2783097051678201,-0.7146986201237197,0.18591628231972332,0.6207538403457563,-3.07955719891198,0.0004267976766338892,-1.799349610005514,-2.265926186238424,-0.8791268507586878,-1.5670493284808558,1.5708225965499878,-0.6263673941241663,1
424,1788170977.7264864,-0.27835443724664516,-0.7146580121959213,0.18551739379338936,-0.6059300022385725,3.082585436817397,-0.00021726443812041733,-1.7994335333453577,-2.2659862677203577,-0.8800013701068323,-1.5662830511676233,1.5708705186843872,-0.6168192068683069,1
425,1788170977.7674994,-0.2786969094562384,-0.7146322150280576,0.18528206049160317,-0.5932997764042343,3.085051628168908,-0.00020885010438062226,-1.7998769919024866,-2.2662981192218226,-0.8800728956805628,-1.5659001509295862,1.5708585977554321,-0.609070126210348,1
426,1788170977.8070567,-0.2797163916163054,-0.7145773235995617,0.1848382072341602,-0.5809328729782827,3.087282514240409,0.00012188873113957924,-1.8012078444110315,-2.267461601887838,-0.8791745344745081,-1.5658758322345179,1.5708825588226318,-0.602401081715719,1
427,1788170977.8471305,-0.28121509167652264,-0.7145956311348789,0.18448619718114478,-0.5685418791164087,3.089576880673274,0.0001168300233116916,-1.8031256834613245,-2.2692130247699183,-0.8771012465106409,-1.5661991278277796,1.570894479751587,-0.5962961355792444,1
428,1788170977.887173,-0.2828107264016884,-0.7146342049738919,0.18408836017282587,-0.5561844275216812,3.091855246987047,5.889236821003749e-05,-1.8051517645465296,-2.271108929310934,-0.8749082724200647,-1.5664504210101526,1.5708825588226318,-0.5903223196612757,1
429,1788170977.9287379,-0.2844348466968367,-0.7146371027086141,0.18378693103438573,-0.5440412788232247,3.094048728871254,-6.028407260544441e-05,-1.8072260061847132,-2.2729204336749476,-0.8726189772235315,-1.5668452421771448,1.5708825588226318,-0.5845406691180628,1
430,1788170977.9710784,-0.2860485942201926,-0.7146707205270199,0.18366757795516958,0.5318186988230104,-3.096118634249123,0.0006733663007621915,-1.8092640081988733,-2.2745640913592737,-0.8702347914325159,-1.5671446959124964,1.5708465576171875,-0.578686539326803,1
431,1788170978.0133095,-0.2875868188216514,-0.7147021584699242,0.1832010269894104,0.5192594478052651,-3.0983398921086778,0.0004005997176616404,-1.8112180868731897,-2.2765801588641565,-0.8679459730731409,-1.5676119963275355,1.5708585977554321,-0.5725210348712366,1
432,1788170978.0550432,-0.289209366428542,-0.7147123108345086,0.18276874895281656,-0.5065722330482205,3.1004805201939627,-0.00024305197808371587,-1.81327993074526,-2.278583351765768,-0.8656089941607874,-1.5680549780475062,1.5708585977554321,-0.5663917700396937,1
433,1788170978.0976472,-0.29119603977976266,-0.7146105109907445,0.18233188309853335,-0.4918794672414053,3.102737185031283,0.00019856397504120353,-1.8158333937274378,-2.2808383146869105,-0.8628047148333948,-1.5689047018634241,1.5708465576171875,-0.5594819227801722,1
434,1788170978.1389453,-0.2927446780456478,-0.7145960920162571,0.18193115244104094,-0.4794151082837687,3.1046085420393634,0.0005380612954169461,-1.8177998701678675,-2.2827943007098597,-0.8604319731341761,-1.5695508162127894,1.5708345174789429,-0.5534241835223597,1
435,1788170978.1788874,-0.2943842163243518,-0.7146060223971452,0.181704318395365,-0.466742639613784,3.1066041233549946,0.00015496898989639045,-1.819885555897848,-2.2846058050738733,-0.8579753080951136,-1.5699461142169397,1.5708705186843872,-0.547342602406637,1
436,1788170978.2218835,-0.2959930712682824,-0.7145904074278603,0.1813671550571992,-0.45472338519549027,3.108392244257264,0.00018189459204104397,-1.821923557912008,-2.2865012327777308,-0.8555901686297815,-1.570449177418844,1.5708585977554321,-0.5416443983661097,1
437,1788170978.2640643,-0.2978627522218069,-0.7146204691850068,0.18102591041327745,-0.43985073882927705,3.1105934292668893,1.4778892127372265e-06,-1.824273411427633,-2.2887566725360315,-0.8526304403888147,-1.5710237661944788,1.5708465576171875,-0.5344226996051233,1
438,1788170978.3054278,-0.2995563729882454,-0.7146062187796738,0.18058734204607407,-0.4269151320742659,3.11235543130394,0.00010171706005846851,-1.8264191786395472,-2.2908323446856897,-0.8501737753497522,-1.5714786688434046,1.5708585977554321,-0.5282571951495569,1
439,1788170978.343765,-0.3010794128680006,-0.714658260281012,0.1802419557540361,-0.41500096452441937,3.113945393157422,0.00013298155656972377,-1.828325096760885,-2.2928717772113245,-0.8475497404681605,-1.5720894972430628,1.5708705186843872,-0.5225108305560511,1
440,1788170978.3818843,-0.3026409334816164,-0.7146339129414763,0.17997101546354421,-0.40265511812023824,3.115578741234059,0.00018432830767482492,-1.8302915732013147,-2.294743363057272,-0.8450210730182093,-1.5727718512164515,1.5708465576171875,-0.5165489355670374,1
441,1788170978.4216578,-0.3039843947593299,-0.7146296924111847,0.17971207016778123,-0.3923993985496663,3.116918739001083,6.38713097772148e-05,-1.8319819609271448,-2.2963388601886194,-0.8429597059832972,-1.5731547514544886,1.5708465576171875,-0.5116546789752405,1
442,1788170978.463135,-0.30589946591574296,-0.7146263057524991,0.17928951542327182,-0.37717610146836583,3.1187717909335984,0.00011331255433570915,-1.834390942250387,-2.2987502256976526,-0.8398802916156214,-1.5738614241229456,1.5708585977554321,-0.5043004194842737,1
443,1788170978.5030737,-0.30743943674490715,-0.7146761099251834,0.1790825466377234,0.36526699002403357,-3.1202571733429028,0.0002726200830436981,-1.836297337208883,-2.300633732472555,-0.837231461201803,-1.5743520895587366,1.5708345174789429,-0.49856645265688115,1
444,1788170978.5464218,-0.30910922781963796,-0.7146636566981772,0.1786893210325523,-0.3526354102651544,3.121732558983051,-0.00018860742169788977,-1.8383954207049769,-2.3027570883380335,-0.8345597426043909,-1.5749629179583948,1.5708465576171875,-0.49256831804384404,1
445,1788170978.5881019,-0.3106777191335064,-0.7145998366887089,0.17830427641289154,-0.3399060357639221,3.1230054312754274,0.000254175824524335,-1.8403852621661585,-2.3047969977008265,-0.831947151814596,-1.575848404561178,1.5708705186843872,-0.4864142576800745,1
446,1788170978.6316273,-0.31217560318175774,-0.7146238499852221,0.1780082602021019,-0.32803014285579046,3.1242860943045114,0.00026358284744690085,-1.842243496571676,-2.306788746510641,-0.8292625586139124,-1.5765426794635218,1.5708585977554321,-0.48066789308656865,1
447,1788170978.6750062,-0.3141346405653428,-0.7145997366733566,0.17754299845788146,-0.3130499435464978,3.125764899351052,0.0003925686951202975,-1.844701115285055,-2.309319798146383,-0.8260505835162562,-1.5773208777057093,1.5708825588226318,-0.47354203859438115,1
448,1788170978.7172084,-0.31582889748888326,-0.7145810141541405,0.17725807723089881,-0.2999920227808613,3.1271536366781856,0.00021944504884633705,-1.8467987219439905,-2.311359230672018,-0.823282543812887,-1.5779073874102991,1.5708225965499878,-0.4672797361956995,1
449,1788170978.7607996,-0.3177058882134993,-0.7146293226542435,0.17686929732448073,-0.28521086790167355,3.1285458606194925,2.611575368458247e-05,-1.8491247336017054,-2.313878361378805,-0.8199389616595667,-1.578613583241598,1.5708585977554321,-0.460153881703512,1
450,1788170978.803829,-0.3194012277466587,-0.7145687193035475,0.17650084841928462,-0.2725966472825054,3.129624767300583,0.0002638031395464553,-1.851246182118551,-2.316049877797262,-0.8170750776873987,-1.579463307057516,1.5708465576171875,-0.4542153517352503,1
451,1788170978.8431473,-0.32094561923628356,-0.7146032452364073,0.17617687915176342,-0.26000254817773644,3.130726723458391,0.00024616109695012306,-1.8531401793109339,-2.318185631428854,-0.8141992727862757,-1.580181900654928,1.5708225965499878,-0.44806081453432256,1
452,1788170978.882918,-0.3224736165815399,-0.7146655261310143,0.17582343780201581,-0.2475317859310557,3.131721854493191,9.998800467721232e-05,-1.8550222555743616,-2.320357147847311,-0.8113473097430628,-1.5807808081256312,1.5708705186843872,-0.4419782797442835,1
453,1788170978.9210231,-0.32420124970995323,-0.7146471361772065,0.1755107247529139,-0.23528983068794257,3.132734131554524,-7.769078208321351e-05,-1.8571561018573206,-2.322528664265768,-0.8083995024310511,-1.5814269224749964,1.5708465576171875,-0.43629199663271123,1
454,1788170978.9605825,-0.3257594530762699,-0.7146307431880636,0.17524580150376595,-0.2225854408091403,3.1336422045747976,-0.0002078127043418836,-1.859098259602682,-2.3245442549334925,-0.8055833021747034,-1.5821569601642054,1.570894479751587,-0.4301255385028284,1
455,1788170979.001294,-0.32729596524754845,-0.7145241665817339,0.17491207466649808,-0.2097658147911426,3.1345118703654915,6.781107359661584e-05,-1.861016098652975,-2.32643968263735,-0.8030908743487757,-1.5829232374774378,1.5708465576171875,-0.4238632361041468,1
456,1788170979.04393,-0.32894666517569543,-0.7143287150971934,0.17448205962947028,-0.1974254155144016,3.1352109304740314,0.00039268462106943635,-1.8631261030780237,-2.328287426625387,-0.8009098211871546,-1.5834859053241175,1.5708705186843872,-0.41810447374452764,1
457,1788170979.0859122,-0.3305624618304076,-0.7141679649035036,0.1741731979021725,-0.18497967143186905,3.136033855078949,0.00023195766153892724,-1.8651641050921839,-2.3299430052386683,-0.7988365332232874,-1.583785359059469,1.5708465576171875,-0.41220170656313115,1
458,1788170979.1289227,-0.33242440012348473,-0.7139720714526341,0.17385909020383913,-0.16976703541828148,3.1369856064159487,-0.00021303175174289466,-1.8675254026996058,-2.3317187468158167,-0.796607796345846,-1.5839408079730433,1.5708585977554321,-0.40485936800111944,1
459,1788170979.1705534,-0.3340224968881129,-0.7137057580041817,0.17345098062443098,-0.15727076903442483,3.137571755408341,1.2196944766802378e-05,-1.869587246571676,-2.333266083394186,-0.794905964528219,-1.58425218263735,1.5708705186843872,-0.39895707765688115,1
460,1788170979.2118616,-0.33566801573587757,-0.7134424396421007,0.17315970313838086,-0.1450208912247162,3.1382092534249644,-0.00013827140652149835,-1.871697250996725,-2.334705654774801,-0.7931564489947718,-1.5844557921039026,1.5708585977554321,-0.3932579199420374,1
461,1788170979.2551396,-0.3371622912782138,-0.7131089819074775,0.17292583045831375,-0.1325616413548417,3.1387841012163107,-0.00024318749492289535,-1.873650852833883,-2.335761372243063,-0.7919223944293421,-1.5845630804644983,1.5708585977554321,-0.38727122942079717,1
462,1788170979.2964034,-0.33912924260494276,-0.7125975850961176,0.1726125980261349,0.11723706730315386,-3.1393948816156168,0.0003884140034474151,-1.8762519995318812,-2.336949173604147,-0.790664021168844,-1.5845397154437464,1.5708705186843872,-0.38010865846742803,1
463,1788170979.3372035,-0.3407733345151159,-0.7120674184346546,0.172191272029412,-0.10495803073314199,3.1397867210709602,-6.171170245570349e-05,-1.878458325062887,-2.337860886250631,-0.7900889555560511,-1.5844195524798792,1.5708585977554321,-0.37449390092958623,1
464,1788170979.3778324,-0.34233813238133765,-0.7113640789738103,0.17180271001849354,-0.09226337687407558,3.140131171337963,0.0003492612464428993,-1.8806279341327112,-2.338184658681051,-0.7904484907733362,-1.5840008894549769,1.5708225965499878,-0.36857873598207647,1
465,1788170979.4162135,-0.3440033611218008,-0.7104866610776872,0.17150698500445308,-0.07905983443929777,3.14043039759566,0.000396729415843017,-1.8830130735980433,-2.3379929701434534,-0.7915266195880335,-1.583163086568014,1.5708705186843872,-0.3625558058368128,1
466,1788170979.4569106,-0.3455135945381383,-0.7095357548838835,0.17103650024607728,-0.06687372542924569,3.1407203806582804,0.0004824064065607249,-1.885218922291891,-2.3373573462115687,-0.7938278357135218,-1.5815466086017054,1.5708465576171875,-0.3570011297809046,1
467,1788170979.5000055,-0.34691042374511777,-0.7083991962557991,0.17075592735976397,-0.05459216679618286,3.1409631360095447,0.00034668176627624975,-1.88737661043276,-2.3359296957599085,-0.79706317583193,-1.5796554724322718,1.5708705186843872,-0.3513382116900843,1
468,1788170979.5408132,-0.34826670709559887,-0.7070946618747558,0.17037432622726836,-0.04161260859641561,3.141231283783226,0.00026407243329317474,-1.8895342985736292,-2.333961788808004,-0.8014968077289026,-1.5771172682391565,1.5708225965499878,-0.34523088136781865,1
469,1788170979.584971,-0.3490490394098849,-0.705250043437269,0.16998397828882206,-0.026746570613010168,3.1413748766663083,0.00023388956266779287,-1.8912366072284144,-2.3296430746661585,-0.8100407759295862,-1.5728796164142054,1.5708465576171875,-0.33746844926943,1
470,1788170979.6292348,-0.34938613588478096,-0.7036400513635309,0.16998132327813611,-0.014668137230025118,3.141505697266017,-6.048460002773865e-05,-1.8923032919513147,-2.325275723134176,-0.8177102247821253,-1.56938344637026,1.5708585977554321,-0.3308451811419886,1
471,1788170979.6693423,-0.34978199498783186,-0.7020677363361462,0.16994707967036743,0.0014588225343359997,-3.1415420856679273,0.0006024105122857635,-1.8934300581561487,-2.321017090474264,-0.8252962271319788,-1.5656960646258753,1.5708705186843872,-0.32356244722475225,1
472,1788170979.711662,-0.35003871798375596,-0.7000814764320357,0.16976070147904204,0.013729485846505421,3.141529048038229,-0.00021158213572311082,-1.8945568243609827,-2.3158581892596644,-0.8346675078021448,-1.5617459456073206,1.5708705186843872,-0.31501990953554326,1
473,1788170979.7538056,-0.350279551676367,-0.6986406721509855,0.16964574525235052,0.026110867308013652,3.1414283254333517,-0.00010677852150212721,-1.8954442183123987,-2.31213885942568,-0.8413899580584925,-1.5588129202472132,1.5708705186843872,-0.3080247084247034,1
474,1788170979.7970927,-0.3503532907898588,-0.697875800812713,0.16963632739619913,0.03894411106697299,3.141340743247502,-0.00014394021188573347,-1.8958395163165491,-2.3100393454181116,-0.8450568358050745,-1.5572088400470179,1.5708345174789429,-0.30024987856020147,1
475,1788170979.8381906,-0.3502816250038488,-0.6978397346759757,0.16959151254191465,0.05332051621426172,3.141038069520128,-0.00012886521190930714,-1.8957913557635706,-2.309871498738424,-0.8454526106463831,-1.5570176283465784,1.5709184408187866,-0.29104739824403936,1
476,1788170979.8803756,-0.35032205415332396,-0.6978088462661586,0.16961110059737924,0.0663238175656985,3.140835809269829,-0.00010568260240834617,-1.8958395163165491,-2.309835735951559,-0.8454645315753382,-1.5570414702044886,1.5708705186843872,-0.282816235219137,1
477,1788170979.9201849,-0.350278531935187,-0.697846652589735,0.16956349235443124,0.07889094013146691,3.140545691362148,-4.5404126382671216e-05,-1.8957670370685022,-2.3099077383624476,-0.8454526106463831,-1.5570176283465784,1.5708585977554321,-0.2747409979449671,1
478,1788170979.9613929,-0.35033107992423707,-0.697809892387965,0.16957386496673782,0.09128890040752133,3.1402292161772736,-1.611815881720119e-05,-1.8958395163165491,-2.3098838965045374,-0.8454645315753382,-1.5570414702044886,1.5708345174789429,-0.2669180075274866,1
479,1788170980.0028381,-0.3503219315562055,-0.6978127606311224,0.1696098354017095,0.10451157997336756,3.139799896429847,7.307740348780562e-05,-1.8958271185504358,-2.3099196592914026,-0.8452966848956507,-1.557232681904928,1.5708345174789429,-0.25848323503603154,1
480,1788170980.0461383,-0.3503023047922364,-0.6978711260628646,0.1699410811397404,0.1166245592554609,3.1394180552982323,-0.0001628777738289675,-1.8957789579974573,-2.3099315802203577,-0.8444693724261683,-1.5578911940204065,1.5708345174789429,-0.25071984926332647,1
481,1788170980.087147,-0.3503288092750608,-0.6978908993364009,0.17054771968083066,-0.13174722694820923,-3.1388014905827464,0.0003627442174415789,-1.8958032766925257,-2.3099077383624476,-0.8429959456073206,-1.5592559019671839,1.5708345174789429,-0.24110871950258428,1
482,1788170980.129218,-0.3503141851931762,-0.6978935816779384,0.1710091222253592,0.14443863125634052,3.138254503134243,-0.0002674871219006534,-1.8957913557635706,-2.3099315802203577,-0.8417614142047327,-1.5605366865741175,1.5708585977554321,-0.2330096403705042,1
483,1788170980.171196,-0.3503310829750312,-0.6978976471110532,0.17157146483905344,-0.15671224681984186,-3.1376551853556274,0.0003674002588553801,-1.8958032766925257,-2.3098958174334925,-0.8404071966754358,-1.5618537108050745,1.5708345174789429,-0.2251985708819788,1
484,1788170980.2144463,-0.350339509951588,-0.697834907612379,0.17207430800327334,0.16973703063852427,3.1369623723653692,1.0589880722837308e-05,-1.8958395163165491,-2.3098958174334925,-0.839064900075094,-1.5634458700763147,1.5708345174789429,-0.21693116823305303,1
485,1788170980.2561731,-0.35042049577233503,-0.6981802186334185,0.17278075368783422,0.18445446223395556,3.1361653263549316,-0.0003278459569605004,-1.8958032766925257,-2.310831371937887,-0.8356974760638636,-1.5656607786761683,1.5708585977554321,-0.2075117270099085,1
486,1788170980.2975504,-0.35069880852686014,-0.6988604988283972,0.17334419936379572,-0.19705736893770712,-3.1353647971825636,0.0006193167806384708,-1.8958633581744593,-2.3130391279803675,-0.830484692250387,-1.5684736410724085,1.5708585977554321,-0.1995323340045374,1
487,1788170980.3376966,-0.35128077281091324,-0.7001796056781916,0.1739003589117633,0.20964039280402505,3.134559480337112,-0.00020101748561024706,-1.8960312048541468,-2.317897621785299,-0.8205741087542933,-1.573801342641012,1.5708585977554321,-0.1916731039630335,1
488,1788170980.3792765,-0.3521421918776671,-0.7017131655837026,0.17430208257756022,0.2218133110925131,3.133557205951069,0.0007840976594387385,-1.8964508215533655,-2.3241241613971155,-0.8085673491107386,-1.5802295843707483,1.5708585977554321,-0.1843174139605921,1
489,1788170980.4208581,-0.3528384694290122,-0.7034135612914625,0.1751454139950186,0.23450952033747788,3.132748507081386,-6.127753312599236e-05,-1.8966062704669397,-2.329799000416891,-0.7966559568988245,-1.5859158674823206,1.5708825588226318,-0.17637378374208623,1
490,1788170980.4608817,-0.3536142850412015,-0.7053908350762106,0.17588153338065787,0.24934193583946368,3.1316697985503144,-0.0002466607475157133,-1.896726433430807,-2.3368170897113245,-0.782539192830221,-1.5928834120379847,1.5708465576171875,-0.16702634492983037,1
491,1788170980.5026543,-0.354103353809456,-0.706641256423671,0.1765229086669306,0.2593546669083074,3.1308471424138133,-0.0002693294750403253,-1.8968103567706507,-2.3413880507098597,-0.7728927771197718,-1.5979469458209437,1.5708585977554321,-0.1607144514666956,1
492,1788170980.5450928,-0.35504233520744527,-0.7085545539348,0.17709733602645353,0.27461560609960256,3.129466877221767,7.196600904683042e-05,-1.8971698919879358,-2.3489344755755823,-0.7581055800067347,-1.6054170767413538,1.5708825588226318,-0.15131885210146123,1
493,1788170980.5890203,-0.35622213897786126,-0.7100013759952737,0.1776777876277372,0.28694661781034925,3.12834123232128,0.00027860209918849544,-1.8979972044574183,-2.3554490248309534,-0.7451036612140101,-1.6120365301715296,1.5708705186843872,-0.1442630926715296,1
494,1788170980.6329582,-0.35786763764385876,-0.7116131249507014,0.17844691612191368,0.3023116774899354,3.1268886027805443,0.0003179025668904491,-1.89931565919985,-2.3632825056659144,-0.7292745749102991,-1.6200574080096644,1.5708705186843872,-0.13575584093202764,1
495,1788170980.673057,-0.3593354850520406,-0.7127202819566529,0.17904914313354484,0.3150097104036794,3.125643219761471,0.0005150997931385252,-1.9006107489215296,-2.369401280079977,-0.7168477217303675,-1.6264856497394007,1.5708345174789429,-0.1289280096637171,1
496,1788170980.715217,-0.3609437350944394,-0.7132539352556955,0.179876198536675,0.3272215921760163,3.1244705864827753,-0.0002860974610585774,-1.9023245016681116,-2.3735039869891565,-0.7075613180743616,-1.6311538855182093,1.5708705186843872,-0.12283164659609014,1
497,1788170980.755505,-0.3624734878384951,-0.7135311857718919,0.18054847932289586,0.3394354192810207,3.1231416207047693,-0.00019820056695433205,-1.9040387312518519,-2.3771513144122522,-0.6993292013751429,-1.635798756276266,1.5708825588226318,-0.11672431627382451,1
498,1788170980.7981365,-0.3639868294528764,-0.713851937696567,0.18094203953993188,0.3503300494426988,3.1218778926399136,0.00030137992040375446,-1.9057048002826136,-2.3811219374286097,-0.6911566893206995,-1.6403239409076136,1.5708705186843872,-0.11140805879701787,1
499,1788170980.8389714,-0.3660334737639476,-0.7142283627802304,0.1815517132201871,0.3614821040369442,3.120723831038843,-0.00025290973464570907,-1.9079702536212366,-2.385693375264303,-0.6815107504474085,-1.6450284163104456,1.5708345174789429,-0.10653621355165654,1
500,1788170980.8769782,-0.36764200428877863,-0.7144985865776773,0.18192446234816287,-0.36967900515218144,-3.119760046932382,0.0004032102131163807,-1.9097684065448206,-2.389400307332174,-0.6739376227008265,-1.648799244557516,1.5708465576171875,-0.1030800978290003,1
501,1788170980.91532,-0.3688917099751078,-0.7147692695260252,0.18213227861258532,-0.37519281105851165,-3.119062384573049,0.0006772772452575404,-1.9111345450030726,-2.392399613057272,-0.6680663267718714,-1.6514924208270472,1.5708465576171875,-0.10090810457338506,1
502,1788170980.9548311,-0.37053136336492265,-0.7148807008839168,0.1822859617765129,0.3817221346895527,3.1182779814720343,-0.00018515871118064768,-1.9130290190326136,-2.396010700856344,-0.6611040274249476,-1.6551674048053187,1.5708585977554321,-0.09861594835390264,1
503,1788170980.9941013,-0.3721375133842649,-0.7149971144361613,0.18256867009566055,0.3865258930165839,3.1176862122254394,-0.00018517663409169983,-1.9148748556720179,-2.399369541798727,-0.6543338934527796,-1.6585786978351038,1.5708585977554321,-0.09738046327699834,1
504,1788170981.0343316,-0.3736408568609503,-0.7151504061749263,0.18286403147046526,-0.38970696037471014,-3.117319468126801,0.0004170899818116863,-1.916577164326803,-2.4025729338275355,-0.6478398481952112,-1.661715332661764,1.5708465576171875,-0.09704429308046514,1
505,1788170981.0716746,-0.37528196852645634,-0.7152100775138948,0.1828171447612071,-0.39176205247158435,-3.117069045102162,0.00010945534620913913,-1.9184711615191858,-2.4059322516070765,-0.6418479124652308,-1.6645405928241175,1.5708105564117432,-0.09762031236757451,1
506,1788170981.1096332,-0.3769658562652447,-0.7151762086257366,0.18277084679792238,0.39296429648788633,3.116844431658526,0.00015400572077108943,-1.9204724470721644,-2.4090750853167933,-0.636240307484762,-1.6671856085406702,1.5708465576171875,-0.09884435335268194,1
507,1788170981.1477904,-0.37816875262795246,-0.7152245046407651,0.18284262469517334,0.39281355159805825,3.1168643991170955,-0.00019004848170309495,-1.921875301991598,-2.411318604146139,-0.6320470015155237,-1.6689217726336878,1.570894479751587,-0.10034400621523076,1
508,1788170981.1865206,-0.3796874294392422,-0.7144975881307574,0.1828332745076328,0.39258668590621326,3.1169031571685673,0.00016004870547834107,-1.9239490667926233,-2.4117863813983362,-0.6311715284930628,-1.669544521962301,1.5708345174789429,-0.10256416002382451,1
509,1788170981.2268646,-0.3813910484750117,-0.7133511233784959,0.18287499697525747,0.392920728322501,3.116882132638484,-6.473227343125067e-05,-1.9264419714557093,-2.4108269850360315,-0.6328371206866663,-1.668694321309225,1.5708465576171875,-0.10484439531435186,1
510,1788170981.267109,-0.382821713969793,-0.7122826516846579,0.18274434398644535,0.39307862283361406,3.116811142186368,0.00010868187976603486,-1.9285872618304651,-2.409830872212545,-0.6349461714373987,-1.6677005926715296,1.5708705186843872,-0.10688430467714483,1
511,1788170981.3057384,-0.38422420606620084,-0.7111456590176618,0.18269169998375248,0.3930172183419311,3.116791094674143,0.00036914582071864553,-1.9307215849505823,-2.408631149922506,-0.6372111479388636,-1.6668031851397913,1.5708585977554321,-0.10905582109560186,1
512,1788170981.3456652,-0.3857291034545526,-0.7099149976541874,0.1826500404772037,0.3933254641928391,3.1167151380188023,0.0006046278345022766,-1.9330228010760706,-2.4073112646686,-0.6396673361407679,-1.665821377431051,1.5708585977554321,-0.11115628877748662,1
513,1788170981.3858805,-0.3870848254281711,-0.7087145458268188,0.18263405245091283,0.39327058729809805,3.116758932507972,0.000522818119411884,-1.9351323286639612,-2.405644241963522,-0.6427353064166468,-1.664361302052633,1.5708345174789429,-0.1133039633380335,1
514,1788170981.4251106,-0.38839593184692506,-0.7074575546808944,0.18272588470773996,0.39303906314337206,3.116760748993397,0.00029699439332757724,-1.9372418562518519,-2.403700653706686,-0.6460421721087855,-1.6628649870501917,1.570894479751587,-0.11555987993349248,1
515,1788170981.4630926,-0.3898357062879078,-0.706046022915957,0.18270277890105754,0.39328126917630146,3.11675383048023,0.00045781561986420487,-1.9395435492144983,-2.401648823414938,-0.649780575429098,-1.6612723509417933,1.5708465576171875,-0.11770803133119756,1
516,1788170981.5018013,-0.39099410700270953,-0.7046226589477202,0.18270780747521304,0.3926785179989602,3.1168350797415414,0.000575515463722891,-1.9415329138385218,-2.399045769368307,-0.6544421354876917,-1.6592853705035608,1.5708225965499878,-0.12008458772768194,1
517,1788170981.5427985,-0.39214605044318385,-0.7031908456300007,0.1828337094519894,0.3922697446510935,3.1169281432679656,-7.027854988151011e-05,-1.9435465971576136,-2.3960464636432093,-0.6596182028399866,-1.6566999594317835,1.5708825588226318,-0.12236386934389287,1
518,1788170981.5814562,-0.3933596321825988,-0.7016215686756458,0.1827380579838462,0.39275309279043413,3.116869772674922,0.0002202912177973882,-1.9456685225116175,-2.393179241810934,-0.6649745146380823,-1.6543896834002894,1.5708345174789429,-0.12417585054506475,1
519,1788170981.621622,-0.3939936047369843,-0.7004587544144095,0.18282119612024317,0.39239611146016484,3.1169184806963695,4.3860117469986785e-05,-1.9469512144671839,-2.3904197851764124,-0.6697433630572718,-1.6522706190692347,1.5708585977554321,-0.12568790117372686,1
520,1788170981.6606936,-0.39484599797620334,-0.6985306774765448,0.1829101011077403,0.39280966091084957,3.116911347004092,-7.669515257290834e-05,-1.9488328138934534,-2.385585133229391,-0.6782034079181116,-1.648559872304098,1.5708345174789429,-0.12730771700014287,1
521,1788170981.7004526,-0.3955179923705827,-0.6971685369328176,0.18284927930328268,0.39294829417856075,3.1168252682882005,0.00018487363829291348,-1.9502595106707972,-2.382514301930563,-0.6838110128985804,-1.6462014357196253,1.5708585977554321,-0.1286400000201624,1
522,1788170981.7383838,-0.3962318600797084,-0.6955653921487102,0.1826781588174969,0.39441459592125105,3.116581859187727,0.0006061966925831034,-1.951841179524557,-2.3788188139544886,-0.6907852331744593,-1.6431968847857874,1.5708465576171875,-0.12927610078920537,1
523,1788170981.7774382,-0.396891311554841,-0.694045328041946,0.18281695426661848,0.39713473394192916,3.116319289327467,0.00011114220315060986,-1.9533279577838343,-2.3748953978167933,-0.6975076834308069,-1.6400721708880823,1.5708465576171875,-0.12902385393251592,1
524,1788170981.8161724,-0.39756674689766835,-0.6924956837077866,0.18294336318996968,0.40085874520157844,3.1158930281740855,-0.0004133216352977158,-1.9548619429217737,-2.370937172566549,-0.7043140570269983,-1.63688832918276,1.5708825588226318,-0.12817174593080694,1
525,1788170981.8538299,-0.39822557152024174,-0.6908370402903211,0.18281543453855062,0.4060301687227503,3.1151942467447804,5.7939477544755125e-05,-1.9564083258258265,-2.367110077534811,-0.7113717238055628,-1.6339553038226526,1.5708345174789429,-0.1263960043536585,1
526,1788170981.8925962,-0.3986935300039183,-0.6895555245201358,0.1828269229962697,0.41063979032434633,3.114555625468263,-3.576126833155314e-05,-1.9575827757464808,-2.3639066855060022,-0.7170394102679651,-1.631441895161764,1.5708825588226318,-0.12460786501039678,1
527,1788170981.9316316,-0.3992207476322519,-0.6879708518753451,0.18289205109257334,-0.41806102792628425,-3.1136109393865756,0.0002604627236470278,-1.9589369932757776,-2.3597915808307093,-0.7242053190814417,-1.62822133699526,1.570798635482788,-0.12119943300356084,1
528,1788170981.9710686,-0.3996239967587723,-0.6864292268461328,0.1828871828863289,-0.42676614980852584,-3.112456049308831,0.0002540366583656218,-1.9601600805865687,-2.355772320424215,-0.731323544179098,-1.6251328627215784,1.5708225965499878,-0.11683208147157842,1
529,1788170982.0095372,-0.4000326227422836,-0.6848100286088868,0.1829313332297664,0.4366981681816097,3.1110845881769347,-0.000267063299043551,-1.96143085161318,-2.3515613714801233,-0.7386449019061487,-1.6220200697528284,1.5708465576171875,-0.11171991029848272,1
530,1788170982.0480523,-0.40042818121195733,-0.6831370530888137,0.18291938223781837,0.4472143138455123,3.1095484928448682,-9.022197404954052e-05,-1.9627130667315882,-2.347290817891256,-0.7461708227740687,-1.6188839117633265,1.5708585977554321,-0.10623628297914678,1
531,1788170982.0863738,-0.40070128264859106,-0.6820458375494474,0.1828978954726185,0.45881710654027674,3.1078814095299623,-0.00016020990269399754,-1.9635637442218226,-2.344447437916891,-0.7512391249286097,-1.6166098753558558,1.5708465576171875,-0.09962445894350225,1
532,1788170982.1254208,-0.40072163697051927,-0.6818318384005279,0.18277215780583667,0.4713963056982863,3.105971509738363,-7.296575814349086e-05,-1.9636958281146448,-2.3438718954669397,-0.7525571028338831,-1.615927521382467,1.5708585977554321,-0.09165651002992803,1
533,1788170982.1646142,-0.40069152533876096,-0.6818567397855351,0.1827254739062765,0.4811573410940866,3.1044570795934248,3.645286805970037e-05,-1.9636481443988245,-2.34394342104067,-0.752533260975973,-1.6159513632403772,1.5708585977554321,-0.0853202978717249,1
534,1788170982.2049005,-0.40072619583823565,-0.6818600484486653,0.18275812926965623,0.49360134838255093,3.1025403175010324,-0.00012405274852386476,-1.9636839071856897,-2.343931500111715,-0.7524970213519495,-1.6158912817584437,1.5708465576171875,-0.07734042802919561,1
535,1788170982.2428954,-0.4007247340318102,-0.6818393111314859,0.18273126869390854,0.5063430964245536,3.100454532164824,8.808521722951814e-07,-1.9636958281146448,-2.343931500111715,-0.752545181904928,-1.615927521382467,1.5708585977554321,-0.06913263002504522,1
536,1788170982.2813728,-0.4007381407445563,-0.6818391153243769,0.18276290824202954,0.5183986720019379,3.0984845190220853,-6.817628545906515e-05,-1.963708225880758,-2.34391957918276,-0.7524970213519495,-1.6159394423114222,1.5708465576171875,-0.06136829057802373,1
537,1788170982.3214383,-0.4007215222104825,-0.6818458492025388,0.1827475393816134,0.5308426733137727,3.0963355858269446,-4.317205558943046e-05,-1.9636958281146448,-2.343931500111715,-0.7525094191180628,-1.6159394423114222,1.5708825588226318,-0.05331641832460576,1
538,1788170982.3626509,-0.4007079172344323,-0.6818647238179321,0.1827651741004458,0.5430704611972318,3.094255289141714,-6.7651246903509e-05,-1.9636600653277796,-2.34394342104067,-0.7524493376361292,-1.6159632841693323,1.5708465576171875,-0.04538423219789678,1
539,1788170982.401517,-0.4007013945646948,-0.681863272964286,0.1827733839516395,0.5550738595410154,3.0921006137847638,-7.543361848799618e-05,-1.9636600653277796,-2.343931500111715,-0.7524493376361292,-1.6159752050982874,1.5708705186843872,-0.0376203695880335,1
540,1788170982.4389477,-0.4007025738778738,-0.681859009830713,0.18275670390051818,0.567907855725987,3.089770513668477,3.6192743417770953e-06,-1.9636600653277796,-2.3439558188067835,-0.7524374167071741,-1.6160114447223108,1.5708585977554321,-0.029316250477926076,1
541,1788170982.4784682,-0.4007182157300994,-0.68184797262849,0.18274623781733348,0.5800632847678664,3.087506597535926,4.0662621932846584e-05,-1.9636839071856897,-2.3439677397357386,-0.7524374167071741,-1.616023365651266,1.5708585977554321,-0.021468464528219044,1
542,1788170982.517642,-0.40070880515404167,-0.6818424755410853,0.18273705859178022,0.5924893676451171,3.085146015423485,0.00013661544494279868,-1.9636719862567347,-2.3439796606646937,-0.752425495778219,-1.6160829702960413,1.5708465576171875,-0.013404194508687794,1
543,1788170982.557212,-0.4006985309888265,-0.6818248636995634,0.1827540009084062,0.6025719726606368,3.0831761375641893,0.0001691846977628697,-1.9636719862567347,-2.343931500111715,-0.7524612585650843,-1.6161187330829065,1.5708585977554321,-0.006863896046773732,1
544,1788170982.5964806,-0.4007144748513205,-0.6818389461610945,0.18273238753391682,0.6145374904742724,3.0808185557700365,0.00013370452019628688,-1.9636839071856897,-2.3439796606646937,-0.7524374167071741,-1.6160710493670862,1.5708585977554321,0.0008883306873030961,1
545,1788170982.6372426,-0.4007161751748652,-0.6818186599305261,0.18275046260487615,0.6270275869830314,3.078296583331102,0.00017024052128101713,-1.9636958281146448,-2.34394342104067,-0.7524493376361292,-1.6161187330829065,1.5708585977554321,0.008988543413579464,1
546,1788170982.675792,-0.4007152075220558,-0.6818335344438807,0.1827747828472481,0.6393108450231183,3.075795203444488,6.393410356104101e-05,-1.9636839071856897,-2.343931500111715,-0.752425495778219,-1.6160829702960413,1.5708465576171875,0.01698089763522148,1
547,1788170982.713807,-0.4006983661251583,-0.6818315745996892,0.18275626199663722,0.6514790532488843,3.073205820268625,0.00014945862771435455,-1.9636719862567347,-2.34394342104067,-0.7524374167071741,-1.6161187330829065,1.5708705186843872,0.024912957102060318,1
548,1788170982.7526617,-0.4007364398424785,-0.6818318006538385,0.18275803511940159,0.6639933432245217,3.0706099767340236,7.814623224828616e-05,-1.9636958281146448,-2.3439558188067835,-0.752425495778219,-1.616058651600973,1.570798635482788,0.033025529235601425,1
549,1788170982.7939446,-0.4007228139330512,-0.6818376000470749,0.18276774645396388,0.6744318746084866,3.068312398471568,5.2425392885772005e-05,-1.9636839071856897,-2.34394342104067,-0.752425495778219,-1.616058651600973,1.5708225965499878,0.03984193131327629,1
550,1788170982.836957,-0.4007034085213061,-0.6818366332260581,0.18274880678301636,0.6836606077181329,3.066222371924431,0.000136511664124334,-1.9636719862567347,-2.3439558188067835,-0.7524374167071741,-1.6160948912249964,1.5708585977554321,0.045877862721681595,1
551,1788170982.8785431,-0.4007082455112434,-0.681823915218229,0.1827549520512754,0.6924875450136754,3.0642349544107867,0.0001922230640973879,-1.9636839071856897,-2.3439558188067835,-0.7524130980121058,-1.61615497270693,1.5708585977554321,0.05162616819143295,1
552,1788170982.9215255,-0.4007131235371126,-0.6818285059403484,0.18277252655780996,0.7009842074257233,3.0623252293936742,0.00010270287912227347,-1.9636839071856897,-2.343931500111715,-0.752425495778219,-1.6161068121539515,1.5708465576171875,0.05717037245631218,1
553,1788170982.961067,-0.4007152369649265,-0.6818235044833144,0.1827667275997663,0.7064351844242392,3.061046204429216,0.00011511917144224909,-1.9636958281146448,-2.343931500111715,-0.7524374167071741,-1.6161068121539515,1.5708705186843872,0.060722947120666504,1
554,1788170983.000321,-0.40070841057136214,-0.6818243134962512,0.1827454227907545,0.7109349654723757,3.060008328753864,0.00019301708740840855,-1.9636839071856897,-2.3439558188067835,-0.7524374167071741,-1.6161306540118616,1.5708585977554321,0.06367480754852295,1
555,1788170983.04034,-0.4006998696487794,-0.6818453042721789,0.1827854854139345,0.71424551180891,3.0592657425099485,4.69616356913335e-05,-1.9636600653277796,-2.343931500111715,-0.7524011770831507,-1.6160948912249964,1.5708465576171875,0.06585855782032013,1
556,1788170983.0814888,-0.4007157951358282,-0.681832030655231,0.18275951438218274,0.7166401251529795,3.058659218855644,0.00013098952228256656,-1.9636958281146448,-2.3439677397357386,-0.7523892561541956,-1.6161306540118616,1.5708825588226318,0.0673951655626297,1
557,1788170983.1248577,-0.4007091120179066,-0.6818331145485943,0.1827736550266236,0.7174151524564726,3.0584956982812783,7.865703720688715e-05,-1.9636839071856897,-2.343931500111715,-0.752425495778219,-1.6160948912249964,1.5708705186843872,0.06791123747825623,1
558,1788170983.1688201,-0.4010189253676642,-0.6818306744635055,0.1828328080817936,0.716958138406436,3.058613204786419,0.000214035188285261,-1.964043442402975,-2.3445432821856897,-0.7511790434466761,-1.6168130079852503,1.5708465576171875,0.06725135445594788,1
559,1788170983.2093117,-0.4021718270748485,-0.6818108759200631,0.1829264526645089,0.7171312346998048,3.058539889203794,0.00016842458168676465,-1.9654219786273401,-2.346522633229391,-0.7474644819842737,-1.6185248533831995,1.5708825588226318,0.06599076092243195,1
560,1788170983.251918,-0.4037840383747189,-0.6815444540953102,0.18284428670812372,0.7167167594900156,3.0586871690283535,0.00016506373556665792,-1.967435661946432,-2.348562542592184,-0.7440856138812464,-1.6198537985431116,1.5708345174789429,0.06369877606630325,1
561,1788170983.294842,-0.4054169737620192,-0.6805094317999688,0.1829561170160196,0.7170694614325677,3.058641828905852,-0.00028502815098528243,-1.9698689619647425,-2.348154369984762,-0.7445886770831507,-1.6194704214679163,1.5708465576171875,0.06149068474769592,1
562,1788170983.3379457,-0.40707919293326567,-0.6790315733265881,0.18274836434325845,0.7171674763698973,3.058505270254228,0.00039085555125457466,-1.9725654760943812,-2.3470266501056116,-0.7469971815692347,-1.6186326185809534,1.5708825588226318,0.05887475237250328,1
563,1788170983.3800914,-0.4083678282164553,-0.6776179494020339,0.18265842217269604,0.7172758260920395,3.0584939280002343,0.000699274710940312,-1.9747708479510706,-2.345250908528463,-0.7503045240985315,-1.6172922293292444,1.5708345174789429,0.05673819035291672,1
564,1788170983.423278,-0.4092942148965836,-0.6760211512459212,0.18282892949213708,0.717726503294883,3.0584464850229156,8.131798331362225e-05,-1.9766648451434534,-2.3418801466571253,-0.7558882872210901,-1.6146820227252405,1.5708465576171875,0.05513043329119682,1
565,1788170983.4661756,-0.40988430786231816,-0.6742220040993682,0.18294189097425426,0.7173464149925125,3.058571262921113,-0.00033137425991259877,-1.9782713095294397,-2.3374412695514124,-0.7634499708758753,-1.6112945715533655,1.5708585977554321,0.05327025428414345,1
566,1788170983.5070417,-0.410432376780129,-0.6726609400875565,0.1829922130584852,-0.7176152625983759,-3.058494370738444,0.0008894191821413465,-1.9797089735614222,-2.3335779348956507,-0.770172421132223,-1.6080744902240198,1.5708585977554321,0.05201041325926781,1
567,1788170983.5460687,-0.4108301539012661,-0.6709410382695358,0.1827946042121182,0.7173730967097292,3.0585451943257667,-5.3964445331551854e-05,-1.9810517469989222,-2.329691235219137,-0.7773388067828577,-1.60533315340151,1.5708465576171875,0.050510138273239136,1
568,1788170983.5874002,-0.41123509873337655,-0.6693444705675078,0.18286252001767306,0.7174008676459047,3.0585072937557767,-0.00010550130180757656,-1.9823582808123987,-2.325804058705465,-0.7839530150042933,-1.602579418812887,1.5708825588226318,0.04922632873058319,1
569,1788170983.6293044,-0.41182062726457047,-0.667739813114754,0.18299281533418865,0.717315842172281,3.0585741357631284,-0.0002859277488191994,-1.983868424092428,-2.3221686522113245,-0.789980713521139,-1.6000660101519983,1.5708585977554321,0.04765377193689346,1
570,1788170983.6713574,-0.41255636530867124,-0.6658454635326078,0.18291847289540028,0.7169623714044968,3.0586495815991985,-0.0001190933516746553,-1.9857142607318323,-2.3181613127337855,-0.7971108595477503,-1.5970490614520472,1.5708465576171875,0.04557787999510765,1
571,1788170983.7144902,-0.4133958208067542,-0.6643946295055595,0.18294011021850015,0.716691354732451,3.058746730988964,-0.0004929278495271519,-1.9874642531024378,-2.315366570149557,-0.8019641081439417,-1.594750706349508,1.5708585977554321,0.04364579916000366,1
572,1788170983.7576454,-0.41431049247911705,-0.6631509462728017,0.1828512714511043,0.716979336040449,3.0585866520330818,5.407428918683423e-05,-1.98920184770693,-2.313746754323141,-0.8049123922931116,-1.5937812964068812,1.5708825588226318,0.04210994765162468,1
573,1788170983.801248,-0.4153281073634794,-0.6628427988880583,0.18283394316576485,0.7168382020107502,3.0586507739826625,5.789560804799989e-06,-1.9905570189105433,-2.314634625111715,-0.8034260908709925,-1.5943439642535608,1.5708585977554321,0.04065798223018646,1
574,1788170983.8426886,-0.41595834534344267,-0.6628660189699972,0.1828144374512944,0.7172404868504012,3.0585610910228698,-3.1045774392527484e-05,-1.9912875334369105,-2.3157861868487757,-0.8014844099627894,-1.5951102415667933,1.5708585977554321,0.040189847350120544,1
575,1788170983.884929,-0.4162324862284128,-0.6629095928642765,0.18288109789044593,0.7191227610766273,3.0581676671013756,-0.00041791891155290177,-1.9915874640094202,-2.3162062803851526,-0.8006461302386683,-1.5952776114093226,1.5708585977554321,0.041113756597042084,1
576,1788170983.928127,-0.41615407215137035,-0.6629556581594793,0.18285568535883462,0.7224804700756334,3.0573788037510643,-0.0003407765253865548,-1.991467301045553,-2.316230122243063,-0.8006580511676233,-1.5952895323382776,1.5708465576171875,0.04342970997095108,1
577,1788170983.9732742,-0.4161977336777516,-0.6629233225451312,0.18290701015441416,0.726881179593289,3.0563300021711224,-0.0004002052193132438,-1.9915393034564417,-2.3161943594561976,-0.8005979696856897,-1.595349136983053,1.5708585977554321,0.046237763017416,1
578,1788170984.0160615,-0.41618694527732847,-0.6629294031201799,0.18302556351504304,0.7336622544200677,3.0546989365788413,-0.000422000373370513,-1.9915269056903284,-2.3161943594561976,-0.8002985159503382,-1.5956366697894495,1.5708705186843872,0.05069027841091156,1
579,1788170984.0584188,-0.4161540285040782,-0.662894417683827,0.18310516452651707,0.7403991411237113,3.053044292749147,-8.633140952124893e-05,-1.9915030638324183,-2.3162062803851526,-0.8000229040728968,-1.5961154142962855,1.5708585977554321,0.05513043329119682,1
580,1788170984.0997176,-0.4161637357425631,-0.6628574086287711,0.1832361012041414,0.748292641699823,3.0511214601623124,0.00010488054097860445,-1.9915269056903284,-2.3162182013141077,-0.7996395269977015,-1.5966060797320765,1.5708345174789429,0.06027878075838089,1
581,1788170984.142066,-0.41615819056539316,-0.6628349509365294,0.18334508117282614,0.7574868404018682,3.048801566530735,0.00032036607456738676,-1.9915393034564417,-2.316265885029928,-0.7992442289935511,-1.5970972220050257,1.5708585977554321,0.06630310416221619,1
582,1788170984.1832962,-0.41617153957162156,-0.66288484003829,0.183545697472605,0.7708878833156143,3.0454371732306025,3.245942395963093e-05,-1.9915393034564417,-2.3163140455829065,-0.7986925284015101,-1.5974205175982874,1.570894479751587,0.07509952038526535,1
583,1788170984.2251146,-0.41618325178586246,-0.6629077549736585,0.18377433875745855,0.7824480785902983,3.0425593813350718,-0.00015877906970460445,-1.9915269056903284,-2.3163140455829065,-0.7981413046466272,-1.597839657460348,1.5708465576171875,0.08269602060317993,1
584,1788170984.2682078,-0.41618427169439975,-0.6628865075508151,0.1837093604339932,0.7947047612052137,3.039358332449417,4.46139869534649e-05,-1.9915393034564417,-2.316349808369772,-0.7982133070575159,-1.5978630224811,1.5708465576171875,0.09074829518795013,1
585,1788170984.3110304,-0.4161836721265986,-0.6629154245044317,0.18370922786046845,0.8091566824239195,3.035540498338834,-5.0412636101300286e-05,-1.9915269056903284,-2.316386047993795,-0.7981651465045374,-1.5978153387652796,1.5708585977554321,0.100276879966259,1
586,1788170984.3526542,-0.416206803997261,-0.6628974443259088,0.1837127286400159,0.8212637669397345,3.0322852046691713,-3.0815963718894836e-05,-1.99156362215151,-2.316386047993795,-0.7981532255755823,-1.597839657460348,1.5708585977554321,0.10822167247533798,1
587,1788170984.3949244,-0.4162411431439879,-0.662897088687696,0.18373002193048343,0.8339164593883399,3.02881852377292,-0.0001664317746129331,-1.9916113058673304,-2.316386047993795,-0.7981293837176722,-1.5977795759784144,1.5708825588226318,0.11652599275112152,1
588,1788170984.437124,-0.41624199248585214,-0.6628922575987914,0.18370917623249008,0.8458876709546982,3.025503493590171,-0.00010763829543234511,-1.9916113058673304,-2.3163979689227503,-0.7981532255755823,-1.5977795759784144,1.5708705186843872,0.12443408370018005,1
589,1788170984.4793584,-0.41624041827113417,-0.6628753491274334,0.18369305707736297,0.8580847252001449,3.0220805170532326,9.36430742855973e-06,-1.9916113058673304,-2.3163979689227503,-0.7981770674334925,-1.5978272596942347,1.5708465576171875,0.132499098777771,1
590,1788170984.520352,-0.4162401233577877,-0.6628905799998528,0.1837079385857565,0.8724430057806957,3.0179895258579363,-9.888295154389826e-05,-1.9915993849383753,-2.316386047993795,-0.7981770674334925,-1.5977676550494593,1.5708345174789429,0.14201569557189941,1
591,1788170984.5583715,-0.4162384682838043,-0.6628977742433171,0.18371041384289355,0.8842266496382925,3.0144959729127745,-0.0001114207089686748,-1.9916113058673304,-2.3164098898517054,-0.7981293837176722,-1.5977914969073694,1.570894479751587,0.14982828497886658,1
592,1788170984.5972002,-0.4162422246762415,-0.6628701582142715,0.183687022774558,0.8962514358838315,3.0109557363320003,2.475876386857736e-05,-1.9916232267962855,-2.3163979689227503,-0.7981894651996058,-1.5978272596942347,1.5708705186843872,0.15779666602611542,1
593,1788170984.6383927,-0.4162808805383813,-0.6628333103754791,0.18364488414188807,0.9046042231995326,3.008425563971331,9.527201454407034e-05,-1.9916952292071741,-2.3163979689227503,-0.7982853094684046,-1.5977795759784144,1.570894479751587,0.16328094899654388,1
594,1788170984.6826935,-0.4164014365638868,-0.662679511945407,0.18356273864185557,0.9159360431564785,3.0050012162161037,0.0003242493759210376,-1.9919112364398401,-2.316277805958883,-0.7986686865435999,-1.5976598898517054,1.5708705186843872,0.17060144245624542,1
595,1788170984.724501,-0.416521753197482,-0.6624651285348458,0.1834855066737125,0.9242228298701886,3.0024511284145654,0.0006265077486025658,-1.9921625296222132,-2.316026035939352,-0.7992561499225062,-1.5975163618670862,1.5708585977554321,0.17587000131607056,1
596,1788170984.7652464,-0.41671177247754276,-0.6622080452299158,0.18348316278758306,0.9312284987265865,3.0002880625708506,0.0006075223400475697,-1.9925220648394983,-2.3156307379352015,-0.7999509016620081,-1.5972045103656214,1.5708585977554321,0.18017832934856415,1
597,1788170984.80597,-0.41696692160702464,-0.6618306001733824,0.18359307026002766,0.9375642014637863,2.998318928456779,0.0004003184857915137,-1.9930256048785608,-2.314934555684225,-0.8009098211871546,-1.5968101660357874,1.5708705186843872,0.1838986873626709,1
598,1788170984.8478665,-0.41720064211593616,-0.661511923184941,0.1836364032631276,0.9415456542505166,2.9970936526406535,0.00011858159702266959,-1.993469540272848,-2.314322296773092,-0.8019045034991663,-1.5962470213519495,1.5708705186843872,0.18610678613185883,1
599,1788170984.8887131,-0.4174483106665719,-0.661144729969749,0.18365662054816895,0.9447738689076415,2.99611585596473,-4.502333070717726e-05,-1.993948761616842,-2.313650910054342,-0.8030427137957972,-1.5956724325763147,1.5708465576171875,0.18777483701705933,1
600,1788170984.9310288,-0.417753937455055,-0.6606920428248287,0.18370081257758872,0.946508467767138,2.9955411072184797,-0.00018183389716054175,-1.9945595900165003,-2.31287128130068,-0.8043010870562952,-1.5951102415667933,1.5708825588226318,0.18832723796367645,1
601,1788170984.9743035,-0.41807138507663955,-0.660179752008289,0.1837612833460761,0.9470039086538269,2.9954236595352186,-0.0001953043544934797,-1.995195213948385,-2.311995331441061,-0.8056672255145472,-1.594607178364889,1.5708465576171875,0.1880148947238922,1
602,1788170985.0130684,-0.41847991782598076,-0.6593380019717978,0.18371019773964914,0.9470913281886901,2.9953942961698883,0.0001445259497555065,-1.996117893849508,-2.3105314413653772,-0.8082798163043421,-1.5936735312091272,1.5708225965499878,0.18715091049671173,1
603,1788170985.0497613,-0.419306485812671,-0.6578103200035328,0.1836866757486864,0.9468117727722445,2.9954577256544357,0.00013764080685822644,-1.997916046773092,-2.3077600638019007,-0.8131330649005335,-1.5915902296649378,1.5708465576171875,0.18517088890075684,1
604,1788170985.0871933,-0.4195822378079988,-0.6561413384710592,0.18365827418151787,0.9472912976155732,2.9952955974543283,0.00026466417181511624,-1.9991381804095667,-2.3037169615374964,-0.8201668898211878,-1.5886810461627405,1.5708465576171875,0.1842709481716156,1
605,1788170985.1272874,-0.41951710937554554,-0.6546308098894792,0.18387189471689547,-0.9472734111739244,-2.9953719731943953,0.0003857170164402682,-1.999869171773092,-2.299182717000143,-0.8275368849383753,-1.5854252020465296,1.5708225965499878,0.18351444602012634,1
606,1788170985.1685095,-0.4195867285111761,-0.6529207743830112,0.18382460601656658,0.9471850098724679,2.995346268341967,-9.761169000660551e-05,-2.000888172780172,-2.2948148886310022,-0.8351224104510706,-1.5823968092547815,1.5708585977554321,0.18244671821594238,1
607,1788170985.2096407,-0.4195031029408821,-0.6513621885928617,0.1837198244571618,0.9471363012332593,2.9953213106763914,8.269946340349906e-05,-2.001643482838766,-2.290568176900045,-0.8426483313189905,-1.5792363325702112,1.5708825588226318,0.18166662752628326,1
608,1788170985.2512338,-0.41950616546864705,-0.6497896335049576,0.18379406443445073,0.9472779835883933,2.9953393127314887,-0.00021205369430725473,-2.0024941603290003,-2.2862375418292444,-0.849922005330221,-1.576099697743551,1.5708465576171875,0.1808985024690628,1
609,1788170985.2940433,-0.4195399866997195,-0.6482297746017559,0.1838533188107657,-0.9474413072833272,-2.9953012014666456,0.000583342962528059,-2.003381077443258,-2.281989876423971,-0.8570883909808558,-1.572939697896139,1.5708225965499878,0.18011803925037384,1
610,1788170985.337169,-0.4193922357300611,-0.6462501148694997,0.18365340931376054,0.9470646777926457,2.9953647353000226,0.00013388761591668608,-2.0043042341815394,-2.276867691670553,-0.8662198225604456,-1.5693953672992151,1.5708585977554321,0.17895406484603882,1
611,1788170985.3779314,-0.4192903568870865,-0.6446470604021777,0.18374288483015846,0.9472856461246889,2.9953194695414918,-0.00030019335258934377,-2.00507098833193,-2.272320572529928,-0.873793903981344,-1.5660913626300257,1.5708705186843872,0.17833013832569122,1
612,1788170985.4199,-0.4192261373626691,-0.6431903588589813,0.18372138022113038,0.9475061733267678,2.9952713993001456,-0.00010877353534418796,-2.0057900587665003,-2.2685173193561,-0.8802769819842737,-1.5635297934161585,1.5708345174789429,0.17775414884090424,1
613,1788170985.4633408,-0.4190427639809067,-0.642651023618654,0.18370624249268966,0.9474436970728396,2.995260991495609,9.306600307609457e-05,-2.005873982106344,-2.266909901295797,-0.8830092589007776,-1.5625360647784632,1.5708465576171875,0.17763429880142212,1
614,1788170985.50555,-0.4190303504917798,-0.6426523153188114,0.18365642205864902,0.9474539815476797,2.995230699060899,0.0002585121494976651,-2.005862061177389,-2.2669695059405726,-0.8830092589007776,-1.5625842253314417,1.5708585977554321,0.17765827476978302,1
615,1788170985.548028,-0.4190172209279712,-0.6426605013044202,0.18368913093893782,0.9474403164891005,2.99524928273134,0.00024088694207831008,-2.005838219319479,-2.2669575850116175,-0.882949177418844,-1.5626433531390589,1.5708465576171875,0.17767025530338287,1
616,1788170985.5892198,-0.41902753582733454,-0.6426612163662632,0.1834995939499658,0.9474595163741167,2.9952478978337873,0.00018666188925638418,-2.005850140248434,-2.2669575850116175,-0.8834407965289515,-1.5621169249164026,1.5708465576171875,0.17767025530338287,1
617,1788170985.6283278,-0.4190420886404424,-0.6426970077276063,0.18253774025698893,0.9474887386550064,2.9952158314869646,-0.00013571836352176673,-2.005862061177389,-2.2669695059405726,-0.8859213034259241,-1.5594237486468714,1.570894479751587,0.17768223583698273,1
618,1788170985.6693203,-0.4190207961944538,-0.64266621627475,0.18072628871667046,0.9474342199101563,2.9952303318975773,4.198450087279007e-05,-2.005850140248434,-2.267005745564596,-0.8904512564288538,-1.5549700895892542,1.5708825588226318,0.17765827476978302,1
619,1788170985.711472,-0.4190268980233293,-0.6427028050808105,0.17814860290558396,0.947395208977289,2.9952935954274587,-0.00010674674230617768,-2.0058262983905237,-2.267185990010397,-0.8967426458941858,-1.5483983198748987,1.5708465576171875,0.17764629423618317,1
620,1788170985.7530756,-0.4190606061280122,-0.6427174138857804,0.174237104106719,0.9474834103465403,2.995261384002388,-0.0002042537709626278,-2.005862061177389,-2.267557922993795,-0.906102482472555,-1.5386055151568812,1.5708585977554321,0.17767025530338287,1
621,1788170985.7948256,-0.4190636237250118,-0.6427388661534916,0.17109531054649832,0.9474007386044881,2.9953117958909528,-0.00033776364593727707,-2.005850140248434,-2.2678940931903284,-0.9135683218585413,-1.5307162443744105,1.5708465576171875,0.17762231826782227,1
622,1788170985.8381898,-0.4190840271581631,-0.6427612851433571,0.16794858652874436,0.9474044798912238,2.995323947790803,-0.000492270817409776,-2.005862061177389,-2.2683256308185022,-0.9208901564227503,-1.5228636900531214,1.5708465576171875,0.1776103377342224,1
623,1788170985.8811922,-0.41907809182967426,-0.6427485145874535,0.16400879262253634,0.9472010176703344,2.995369266772914,-0.00027165632143299914,-2.005862061177389,-2.268985096608297,-0.9297946135150355,-1.5134413878070276,1.5708465576171875,0.1774781346321106,1
624,1788170985.923642,-0.4190468476239761,-0.6427372304056531,0.16076749830828457,0.9470827559704713,2.9953692242089827,-0.00013164342507586576,-2.005838219319479,-2.2695491949664515,-0.9370930830584925,-1.505671803151266,1.5708705186843872,0.17743019759655,1
625,1788170985.9674845,-0.4190499823872467,-0.6427160363166079,0.15753451974869342,0.9471005973638764,2.995363522599115,1.4863251096810236e-05,-2.005850140248434,-2.2702091375934046,-0.9442113081561487,-1.497986141835348,1.5708585977554321,0.17743019759655,1
626,1788170986.0079772,-0.41904581201407276,-0.6427135204311615,0.15378381361105262,0.9471343797317955,2.995345451864703,-4.5478530001756195e-05,-2.005850140248434,-2.271013085042135,-0.9524443785296839,-1.4889119307147425,1.5708705186843872,0.1774541735649109,1
627,1788170986.0493755,-0.4190641711122704,-0.6427595454411389,0.15058976071152094,0.9471392155122307,2.995360794862808,-0.000388108867313717,-2.005850140248434,-2.2718046347247522,-0.9593237082110804,-1.4810226599322718,1.5708825588226318,0.1774541735649109,1
628,1788170986.090749,-0.4190488355816597,-0.6427200261986973,0.14742916052222566,0.9471415655626642,2.9953682132410533,-0.0003351703471243312,-2.005850140248434,-2.272548500691549,-0.9661424795733851,-1.473492447529928,1.5708705186843872,0.1774541735649109,1
629,1788170986.1336985,-0.41901833108777425,-0.642703873075576,0.14426308505687,0.9470287498373221,2.9953853955199476,-0.0002685189670961582,-2.0058262983905237,-2.2734001318561,-0.9727938810931605,-1.4660337607013147,1.5708825588226318,0.17740623652935028,1
630,1788170986.1749458,-0.4190508210456094,-0.6426833164488299,0.14042014649536827,0.9470935095641705,2.995403849472974,-0.000131067347710125,-2.005862061177389,-2.274635616933004,-0.9805234114276331,-1.4571507612811487,1.5708345174789429,0.17740623652935028,1
631,1788170986.2176979,-0.41904436687150926,-0.6427039535066267,0.1371475086241702,0.9470846276740933,2.995375445418191,-6.461632508043155e-05,-2.005850140248434,-2.275787655507223,-0.9869473616229456,-1.449620548878805,1.5708585977554321,0.17741821706295013,1
632,1788170986.2604058,-0.41910379299139544,-0.6428747915089813,0.1338588633160312,0.9468704344969519,2.9954466966590463,-0.00010547421642462342,-2.0058262983905237,-2.277419392262594,-0.9926160017596644,-1.442293945943014,1.5708585977554321,0.17729836702346802,1
633,1788170986.3026798,-0.4194068308282697,-0.6433380883515597,0.12994489455970434,0.9470528573089062,2.9953346920923534,0.0003764057402267464,-2.005934540425436,-2.2806108633624476,-0.997145954762594,-1.4348834196673792,1.5708705186843872,0.17732234299182892,1
634,1788170986.3458962,-0.4198192118307627,-0.6444817487882637,0.1267746813884187,0.9468855142391742,2.9954330232409547,0.00043734913891201277,-2.005778137837545,-2.2851694265948694,-0.9974811712848108,-1.4300225416766565,1.5708225965499878,0.17735829949378967,1
635,1788170986.3870878,-0.4203510250260034,-0.6460792043707426,0.12358325951363511,0.946914054078648,2.995394849187802,0.00033504018895806815,-2.0055387655841272,-2.290975872670309,-0.9957316557513636,-1.4259045759784144,1.5708585977554321,0.17762231826782227,1
636,1788170986.427891,-0.4208650807245925,-0.6476865881561794,0.12029100254686301,0.9468438704477187,2.995420550977027,0.000294963115836348,-2.005263153706686,-2.2968786398517054,-0.9940417448626917,-1.4216659704791468,1.5708585977554321,0.1778503954410553,1
637,1788170986.4671826,-0.4213711927317096,-0.6492203445660609,0.1171230812547231,0.9466629431118834,2.995473558580469,0.0001975095503223994,-2.0050233046161097,-2.302565399800436,-0.9923880735980433,-1.4175718466388147,1.5708705186843872,0.17797024548053741,1
638,1788170986.5088356,-0.42180363067044185,-0.6504525790854939,0.1139649458494329,0.9467139902516761,2.995446082268686,0.00047627148302175265,-2.004855457936422,-2.3076041380511683,-0.9917529265033167,-1.4133456389056605,1.5708585977554321,0.17817434668540955,1
639,1788170986.5500088,-0.42197724348070403,-0.6510021604747066,0.11084990322738103,0.9466409795329118,2.9954647704388093,0.0005275406381815372,-2.0047596136676233,-2.3105791250811976,-0.9946172873126429,-1.407539192830221,1.5708585977554321,0.17822228372097015,1
640,1788170986.591513,-0.42200758879029665,-0.6510240860796285,0.10759301719025988,0.9467085364446739,2.9954918692726182,-3.630168208652995e-05,-2.0047834555255335,-2.3119834105121058,-1.000681225453512,-1.3997090498553675,1.5708585977554321,0.17823426425457,1
641,1788170986.6289856,-0.42198354973626784,-0.6510070017571137,0.10517648877873528,0.9467186978590995,2.995461182747383,-1.1383606553694067e-05,-2.0047715345965784,-2.313086811696188,-1.0050080458270472,-1.3942979017840784,1.5708825588226318,0.1782582402229309,1
642,1788170986.6690621,-0.42199490171310305,-0.6509967111272499,0.10313319613313993,0.9469732852884845,2.9953905872513578,0.00016874427931805913,-2.0047834555255335,-2.3141544500934046,-1.0084112326251429,-1.3899396101581019,1.5708585977554321,0.17841440439224243,1
643,1788170986.7099628,-0.42199736776672997,-0.6510585954340201,0.1006414646969315,0.9471919380909988,2.995332259573671,-0.0002528036148256844,-2.0047596136676233,-2.3154142538653772,-1.012738052998678,-1.384085480366842,1.5708825588226318,0.17858217656612396,1
644,1788170986.752133,-0.42198401902005817,-0.6510167810021362,0.09689722214282798,0.94724154800636,2.995301762664625,0.00021556038849193532,-2.0047596136676233,-2.317429844533102,-1.0188620726214808,-1.3762434164630335,1.5708585977554321,0.17861813306808472,1
645,1788170986.7960517,-0.42207108397172566,-0.6510295552010854,0.09390181114517082,0.9470187753492582,2.9953485562380875,0.0004904022675897663,-2.004855457936422,-2.319313351308004,-1.023308579121725,-1.3700898329364222,1.5708585977554321,0.17837807536125183,1
646,1788170986.8363094,-0.4225383409240278,-0.6509933940399203,0.09088855866931839,0.9470632312826534,2.995304653868821,0.0006877279247916416,-2.005430523549215,-2.321677033101217,-1.0269759337054651,-1.3641870657550257,1.5708705186843872,0.17783841490745544,1
647,1788170986.878201,-0.4239102575151464,-0.6508473999616247,0.08789799652201907,0.9474643368342229,2.9952090328459726,0.00017622759065300794,-2.007132355366842,-2.324904266987936,-1.0291808287249964,-1.3584283033954065,1.5708825588226318,0.17639842629432678,1
648,1788170986.9216192,-0.42583110546684877,-0.6506397478976389,0.08452441809289074,0.9471841624272016,2.995339369341313,0.00027489374668343173,-2.009493652974264,-2.329283062611715,-1.0302589575396937,-1.3530285994159144,1.5708345174789429,0.17384204268455505,1
649,1788170986.9614644,-0.4274432936451281,-0.6506650724821099,0.08241634439212436,0.9469842574289933,2.9953445060793866,0.0003506874600815043,-2.011387650166647,-2.3330262343036097,-1.029144589100973,-1.350455109273092,1.5708825588226318,0.17182570695877075,1
650,1788170987.0039299,-0.42916976873959234,-0.6507378860677951,0.08110980838931958,0.9470190089322477,2.9954051622390425,0.0002562800936245483,-2.01335317293276,-2.3365052382098597,-1.026423756276266,-1.3496282736407679,1.5708225965499878,0.16986964643001556,1
651,1788170987.0429864,-0.4306993497526172,-0.6511085308386494,0.08066895389257575,0.9464761058088159,2.9955766502245034,-0.00015670311937677182,-2.014946762715475,-2.339756790791647,-1.0218818823443812,-1.3506582419024866,1.5708585977554321,0.16791360080242157,1
652,1788170987.0815237,-0.43237329494122595,-0.6517802834172323,0.08049424136980163,0.9469644201242738,2.9954412823962793,-0.0004924528686301221,-2.016529385243551,-2.343787495289938,-1.015242878590719,-1.3530524412738245,1.5708705186843872,0.16665337979793549,1
653,1788170987.1219826,-0.43371202698996175,-0.6526496387120747,0.08029128599123844,0.9469867195937732,2.995394180544939,0.00020395413073839828,-2.0175960699664515,-2.3481667677508753,-1.0078838507281702,-1.3564766089068812,1.5708465576171875,0.16560925543308258,1
654,1788170987.1628866,-0.4342167673524683,-0.6536880462592235,0.08047637970786825,0.9469223094756747,2.995440588670057,-0.00020658408411443737,-2.0176079908954065,-2.351057831441061,-1.0023234526263636,-1.3588836828814905,1.5708585977554321,0.16554933786392212,1
655,1788170987.2004154,-0.4350438714131036,-0.6546528973343606,0.08049414526491891,0.9467524595828727,2.99553332822885,-0.00048353086600304453,-2.018027130757467,-2.3544285933123987,-0.9963191191302698,-1.3613374868976038,1.5708465576171875,0.1650093048810959,1
656,1788170987.2395236,-0.43658811425088523,-0.6551618904598465,0.08040537766843456,0.9470409315725775,2.9953907588308426,-0.00020714975509694065,-2.0195377508746546,-2.358136002217428,-0.9898951689349573,-1.3642352263080042,1.5708705186843872,0.1637011468410492,1
657,1788170987.2787926,-0.4381486024544613,-0.6553056932724902,0.08032703523438975,0.9472228455600854,2.9953508683414194,-0.00012480033999262753,-2.021251980458395,-2.360955063496725,-0.9850543181048792,-1.3663066069232386,1.5708465576171875,0.162104994058609,1
658,1788170987.3168871,-0.4397525346712868,-0.655273450910515,0.07987296450166029,0.9471794519376636,2.9953539272244787,-0.00014471181953082426,-2.023121182118551,-2.3636301199542444,-0.9814584890948694,-1.3672164122210901,1.5708585977554321,0.16020886600017548,1
659,1788170987.3572037,-0.44103188990041314,-0.6552250139187863,0.07952626673957408,0.9473452747729212,2.9952626642658147,0.0002478346603041402,-2.0246194044696253,-2.365861717854635,-0.9783065954791468,-1.3683894316302698,1.5708585977554321,0.15882880985736847,1
660,1788170987.399578,-0.4429846019908808,-0.6552206918697341,0.07965856097611781,0.947382799315113,2.9953337556691513,-7.374949878860761e-05,-2.026848618184225,-2.3687174955951136,-0.9729016462909144,-1.3707245031939905,1.5708105564117432,0.1566087305545807,1
661,1788170987.4402566,-0.4444773784208288,-0.6551246722553676,0.07964286521304476,0.9469501422529899,2.9954142974540106,0.00010427001876230457,-2.0286224524127405,-2.370937172566549,-0.9689348379718226,-1.372591797505514,1.5708465576171875,0.15455681085586548,1
662,1788170987.4810455,-0.44610020187961424,-0.6547642101541443,0.07960328980565798,0.9472176074521647,2.9953363202535805,-8.45982356076109e-05,-2.030684296284811,-2.3726280371295374,-0.9660347143756312,-1.373681370412008,1.5708585977554321,0.15267229080200195,1
663,1788170987.520579,-0.44773436854561605,-0.6540211261803429,0.0797220826592297,0.9470355957908192,2.995399122238974,-0.0002541886382327843,-2.032973591481344,-2.3733723799334925,-0.964416805897848,-1.3744476477252405,1.5708705186843872,0.15026046335697174,1
664,1788170987.5637321,-0.44920562030394967,-0.6530170688675273,0.07964673158207064,0.9466681415372078,2.995504861419638,8.58763163361275e-05,-2.0352147261248987,-2.373552147542135,-0.9642370382892054,-1.3746631781207483,1.5708465576171875,0.14777597784996033,1
665,1788170987.6060395,-0.45049679971848433,-0.651836903921663,0.07958066531524474,0.9470747659182694,2.9953683037232124,0.0001588877398078284,-2.0373595396624964,-2.3729403654681605,-0.9654949347125452,-1.3740642706500452,1.5708465576171875,0.14590419828891754,1
666,1788170987.649123,-0.4511197915022303,-0.6508789299381108,0.07950597761478045,0.9469238525537734,2.9953996075047313,0.0003080734082594028,-2.0386183897601526,-2.37181264558901,-0.9676883856402796,-1.3730948607074183,1.5708465576171875,0.1445477306842804,1
667,1788170987.688828,-0.45108188144061495,-0.6508608314957077,0.07945965635036326,0.9467799442765104,2.995445470073038,0.00042200021890043555,-2.038582150136129,-2.3717764059649866,-0.9678562323199671,-1.3730347792254847,1.5708345174789429,0.14448781311511993,1
668,1788170987.7290602,-0.4510607044284099,-0.6508457432718471,0.07931424850329591,0.9468134996578674,2.995426356522753,0.00038273654071969667,-2.038570229207174,-2.3717764059649866,-0.9682400862323206,-1.3726275602923792,1.5708465576171875,0.1445237696170807,1
669,1788170987.7700062,-0.4510336806448901,-0.6507922486851742,0.07833871522136451,0.946771641719495,2.9954188698619024,0.0005727132052186047,-2.038570229207174,-2.372232262288229,-0.9699295202838343,-1.3706048170672815,1.5708465576171875,0.1444997936487198,1
670,1788170987.8105576,-0.4510473364178184,-0.6507985463829581,0.07666199937223125,0.9468165334187583,2.995436351199379,0.0002822005726258034,-2.038582150136129,-2.373120133076803,-0.9727457205401819,-1.3667133490191858,1.5708465576171875,0.14451177418231964,1
671,1788170987.8512022,-0.4510318176161421,-0.6508092952011205,0.07418292543320967,0.9467845485231063,2.9954594286463734,0.00016318615002465004,-2.038558308278219,-2.374523941670553,-0.9767006079303187,-1.3612778822528284,1.5708465576171875,0.14451177418231964,1
672,1788170987.8937297,-0.45109351582442186,-0.6508390532972341,0.07096955354746792,0.9469648862899751,2.995404502733834,-8.9775479581912e-05,-2.0386183897601526,-2.3765271345721644,-0.9815180937396448,-1.354297939931051,1.5708705186843872,0.1445717066526413,1
673,1788170987.93584,-0.4510256146787,-0.6508031122036603,0.06699279022891244,0.9469329084811099,2.9953665755567753,0.0004676679696802118,-2.038558308278219,-2.378998581563131,-0.9873665014850062,-1.3463357130633753,1.5708585977554321,0.1446196436882019,1
674,1788170987.9784265,-0.45104528543512645,-0.6508152208068058,0.06372028212271952,0.9469579498220692,2.995383686354249,0.00035539193069756474,-2.038570229207174,-2.3810980955706995,-0.9921601454364222,-1.3393681685077112,1.5708465576171875,0.1446196436882019,1
675,1788170988.0181623,-0.45105256092443974,-0.6507458604353276,0.060459327258290174,0.9470550387697207,2.995314949230183,0.0007043014735670665,-2.0386183897601526,-2.383210007344381,-0.9968345800982874,-1.3328068892108362,1.5708465576171875,0.1446436047554016,1
676,1788170988.0614967,-0.45106546412996484,-0.650786865954837,0.05731932815121016,0.9470500977662734,2.995363953715717,0.00038652580372600744,-2.0386059919940394,-2.3853095213519495,-1.0013287703143519,-1.3260062376605433,1.5708345174789429,0.1446436047554016,1
677,1788170988.1032934,-0.45107987811675576,-0.6508483224908005,0.05360117686857671,0.9470773558503738,2.995387392549232,-0.00014294044740313183,-2.0385940710650843,-2.3878405729876917,-1.006601635609762,-1.317864720021383,1.5708585977554321,0.1446675807237625,1
678,1788170988.1471038,-0.4511327100951526,-0.6508544257003243,0.050412857441989284,0.947104858862645,2.995348660881538,1.667600666548118e-05,-2.038654152547018,-2.39024001756777,-1.0106166044818323,-1.3115552107440394,1.5708705186843872,0.14463162422180176,1
679,1788170988.1882792,-0.4513561304422128,-0.6507135804191755,0.047068428855403716,0.9471397478309429,2.9952753220839066,0.0005872868180786199,-2.0389893690692347,-2.392879311238424,-1.0145476500140589,-1.3053529898272913,1.5708705186843872,0.1443316489458084,1
680,1788170988.2326295,-0.45237140393770114,-0.6503461165070854,0.04390611740216541,0.9474669259218484,2.9951943799179794,0.00037787379241767605,-2.0403555075274866,-2.395878616963522,-1.0174716154681605,-1.2992947737323206,1.5708705186843872,0.14317965507507324,1
681,1788170988.2741878,-0.45373811603857245,-0.6501744280924874,0.040114927032404685,0.9477762720973486,2.9951168178168723,7.599847401405324e-05,-2.0420101324664515,-2.400341335927145,-1.0194013754474085,-1.2927096525775355,1.5708825588226318,0.14172770082950592,1
682,1788170988.3155231,-0.4553804138084456,-0.6497352281877942,0.036973159638107544,0.9479726020370973,2.9950674025975843,0.0001882988088093896,-2.044119183217184,-2.4043362776385706,-1.0203960577594202,-1.2877886931048792,1.5708585977554321,0.13974730670452118,1
683,1788170988.358758,-0.4569566908636965,-0.6493160991964582,0.033717888243230465,0.9480378416936015,2.995100799017095,0.00016010671077520088,-2.0461323896991175,-2.4083555380450647,-1.0216668287860315,-1.2824724356280726,1.5708105564117432,0.13776728510856628,1
684,1788170988.4009302,-0.4588366811610383,-0.6486908245965851,0.029956983354614497,0.948120355216524,2.995062125514833,-0.0002863508900286237,-2.0486376921283167,-2.4127219359027308,-1.0237038771258753,-1.2757909933673304,1.5708705186843872,0.13531950116157532,1
685,1788170988.4438741,-0.4604562608379627,-0.6479341084835833,0.026840325076462918,0.948080634691156,2.995014211539006,0.0003423359884479661,-2.0509031454669397,-2.416297260914938,-1.0253098646747034,-1.2710140387164515,1.5708585977554321,0.13303913176059723,1
686,1788170988.4856298,-0.46199876613587043,-0.6472448287092056,0.02455750594124556,0.9481165990656238,2.9949581702067563,0.0006071523178878252,-2.0530479590045374,-2.419140640889303,-1.0261004606830042,-1.2675536314593714,1.5708705186843872,0.13092690706253052,1
687,1788170988.5285213,-0.46394984051697397,-0.6464105541516412,0.023162971016525508,0.9477530555367907,2.995140433878976,3.96982275472628e-05,-2.055732552205221,-2.421311680470602,-1.0258973280536097,-1.2652190367328089,1.5708705186843872,0.12798665463924408,1
688,1788170988.5720038,-0.4655831165442815,-0.6455458780050316,0.022737364414854827,0.9476083703201943,2.9951971033174787,0.00015889600834791652,-2.0580700079547327,-2.422367874776022,-1.0250580946551722,-1.2650750319110315,1.5708465576171875,0.12555049359798431,1
689,1788170988.6136463,-0.46697971173769204,-0.644825314536906,0.022943546611901205,0.9475487174236046,2.995273925666074,-0.00020835215233616693,-2.060059372578756,-2.4226916472064417,-1.0239670912372034,-1.2656024138080042,1.5708345174789429,0.12351017445325851,1
690,1788170988.6562567,-0.46772097302975224,-0.6444473955162351,0.022927743829625286,-0.947640956781683,-2.9952585061466905,0.0003379796113784847,-2.0611141363727015,-2.4230034987079065,-1.023452107106344,-1.265721623097555,1.5708345174789429,0.12251435965299606,1
691,1788170988.6954043,-0.46770708155102636,-0.6444737808360278,0.022919239052138274,0.9477655363355636,2.99521725453009,-0.0005105821680581154,-2.061089817677633,-2.4229915777789515,-1.0235241095172327,-1.2655542532550257,1.5708585977554321,0.12262222170829773,1
692,1788170988.7348955,-0.46770957969058896,-0.6444318887166331,0.02261629660489567,0.9478680262091213,2.995164904127275,-0.0002464401651561777,-2.0611141363727015,-2.4232433477984827,-1.0238240400897425,-1.2651713530169886,1.5708465576171875,0.12267015874385834,1
693,1788170988.7770445,-0.4676852681254233,-0.6444728510469016,0.021380832015207463,0.94780879907674,2.9951661101305804,-0.00020865643349666406,-2.061065975819723,-2.424335304890768,-1.0250943342791956,-1.2628358046161097,1.5708585977554321,0.12268213927745819,1
694,1788170988.8193717,-0.46769162481746723,-0.6444389854670581,0.019452397353997286,0.9478372527011532,2.9951318671960325,9.819062110245744e-05,-2.061089817677633,-2.425990406666891,-1.0271313826190394,-1.2593401114093226,1.5708465576171875,0.12268213927745819,1
695,1788170988.8631368,-0.4676539484178812,-0.6444457568618253,0.01684358726629165,0.9477859694810236,2.995093599373862,0.0002277681288173182,-2.061054054890768,-2.4282100836383265,-1.0299714247332972,-1.2543709913836878,1.5708825588226318,0.12269411981105804,1
696,1788170988.904994,-0.4676774295226037,-0.6444123908264046,0.01388647648613689,0.9479560594692278,2.9950685744763663,0.00030511746639522646,-2.061089817677633,-2.4307411352740687,-1.0331833998309534,-1.2486713568316858,1.5708465576171875,0.1227664053440094,1
697,1788170988.9481668,-0.4676830593116149,-0.644422938141187,0.011622442734616045,0.94783675329554,2.995130287906223,0.00011218183102499332,-2.061089817677633,-2.4326847235309046,-1.0356763044940394,-1.2441099325763147,1.5708465576171875,0.12268213927745819,1
698,1788170988.9905958,-0.46766319200650397,-0.6443973341750774,0.009299129547694213,0.947692480409954,2.9951110618973025,0.0004285577388598548,-2.061089817677633,-2.4347599188434046,-1.0380013624774378,-1.2399190107928675,1.5708705186843872,0.12259825319051743,1
699,1788170989.031535,-0.4676978465523396,-0.6444797134108757,0.007874289447397181,0.9475323787679125,2.9952292060242627,-0.00042419243782961473,-2.061089817677633,-2.43598443666567,-1.0396912733661097,-1.2364590803729456,1.5709065198898315,0.1224784106016159,1
700,1788170989.0753214,-0.467732126103955,-0.6445289969737344,0.007379169680409858,-0.9474833760104748,-2.9952611845875334,0.0007172059508051674,-2.061077896748678,-2.4364760557757776,-1.0401585737811487,-1.2352970282184046,1.5708345174789429,0.1224544420838356,1
701,1788170989.118028,-0.46773472832845875,-0.6445455474846201,0.007471232743537087,-0.9474287889937348,-2.995277877604706,0.0009280966979527479,-2.061077896748678,-2.4363678137408655,-1.0401466528521937,-1.2352851072894495,1.5708585977554321,0.122418113052845,1
702,1788170989.1606088,-0.4677363141340201,-0.6445227101454805,0.007412779315018464,-0.9474868659787142,-2.9952725808718035,0.0007199303305818574,-2.061089817677633,-2.4364402929889124,-1.0401347319232386,-1.2353571097003382,1.5708465576171875,0.12244245409965515,1
703,1788170989.20281,-0.4675311757854112,-0.6444311207819279,0.007392757985283244,0.9473660929219863,2.9953280283020685,-0.00048749178774143637,-2.0609219709979456,-2.4360321203814905,-1.0409138838397425,-1.2351411024676722,1.5708705186843872,0.12252634763717651,1
704,1788170989.2436113,-0.46655876280365355,-0.6441412795062174,0.0071743775321297665,0.9469326772203069,2.995388888381925,0.0003339425521660937,-2.0599992910968226,-2.4344003836261194,-1.0444253126727503,-1.233788792287008,1.5708465576171875,0.12317424267530441,1
705,1788170989.2858331,-0.4653051496390836,-0.6435897142378564,0.007085588602530529,0.9466952324645781,2.9953817077777023,0.0006921399087836363,-2.058932606373922,-2.431545082722799,-1.0499499479876917,-1.2313578764544886,1.5708825588226318,0.12409815192222595,1
706,1788170989.3271284,-0.46395848832216613,-0.6428680506892464,0.007131565976058574,0.9470015359658371,2.9953396080769257,0.0004583096120126917,-2.0578420797931116,-2.4278863112079065,-1.0567095915423792,-1.2281010786639612,1.5708585977554321,0.1253827065229416,1
707,1788170989.369373,-0.4630487761911833,-0.6423070801179623,0.007177775643373241,0.9469562697679275,2.995318454825353,0.000541580156158762,-2.0571587721454065,-2.425342861806051,-1.0613234678851526,-1.226088825856344,1.5708825588226318,0.12604258954524994,1
708,1788170989.411639,-0.46293832630708714,-0.6421813849861812,0.007268319937209472,0.9470161786199409,2.995383938543241,0.0001634017763549914,-2.057098690663473,-2.4247072378741663,-1.0623300711261194,-1.225466553364889,1.5708465576171875,0.1261264830827713,1
709,1788170989.4537866,-0.4629506573358062,-0.6421964150397912,0.007272538628717101,0.9469205362474608,2.995394018679102,0.00011907264792165218,-2.057110611592428,-2.4247430006610315,-1.0622580687152308,-1.225478474293844,1.5708705186843872,0.1260545700788498,1
710,1788170989.4947035,-0.462971799729496,-0.6421814892249844,0.007294284145661939,0.946953916226856,2.995373192536263,9.79953712280164e-05,-2.0571468512164515,-2.4247191588031214,-1.0622466246234339,-1.2255023161517542,1.5708825588226318,0.12604258954524994,1
711,1788170989.53629,-0.46294674432979355,-0.6421831902350633,0.007280926788107822,0.9469400543699286,2.9953932474082903,0.00017916775180907158,-2.057110611592428,-2.4247191588031214,-1.062270466481344,-1.2255266348468226,1.5708585977554321,0.12606656551361084,1
712,1788170989.5781448,-0.4629725174572148,-0.6421793796385762,0.007293110256263002,0.9469675802690656,2.995416112258528,0.00013067799014006718,-2.0571349302874964,-2.4247191588031214,-1.0622466246234339,-1.2255147139178675,1.5708345174789429,0.1260545700788498,1
713,1788170989.6193757,-0.462954934184572,-0.6422045049721813,0.007318135145674837,0.9469762924050413,2.995383024747081,6.45464135126946e-05,-2.057110611592428,-2.4247072378741663,-1.0622103849994105,-1.2255266348468226,1.5708705186843872,0.12609052658081055,1
714,1788170989.6613123,-0.4627936125152632,-0.6421801174427598,0.00730667600822732,0.9470653132015654,2.995348264290964,0.00011910287556699744,-2.0569432417498987,-2.424443070088522,-1.062725845967428,-1.2253106276141565,1.5708705186843872,0.12631860375404358,1
715,1788170989.7014418,-0.4619803380441965,-0.6422545423372568,0.007262968355476601,0.9468458905906161,2.995396190195405,0.00019103442651779336,-2.0559847990619105,-2.4234474341021937,-1.0646913687335413,-1.224389378224508,1.5708825588226318,0.12713465094566345,1
716,1788170989.741337,-0.46056748241332235,-0.6423055706002067,0.0072892381228881475,0.9471067378342982,2.99533766782584,0.00010029867475145643,-2.054354492818014,-2.4213956038104456,-1.0684664885150355,-1.222605053578512,1.5708705186843872,0.12893453240394592,1
717,1788170989.7812212,-0.45946919697374,-0.6423916649198871,0.0072406972982824724,0.9470794997020148,2.995363883289326,-4.701047841385861e-05,-2.0530603567706507,-2.4199441115008753,-1.0713313261615198,-1.2210963408099573,1.5708705186843872,0.1302071064710617,1
718,1788170989.8215954,-0.4589752042545372,-0.6423723157303673,0.007283245008358197,0.9470495213102911,2.9953922898179712,-9.973201006351026e-05,-2.0525086561786097,-2.4191163221942347,-1.0727694670306605,-1.2204497496234339,1.5708585977554321,0.13073515892028809,1
719,1788170989.863009,-0.4590912843691675,-0.6422909623946346,0.007226802063798554,0.9471163192053593,2.995355713451647,3.0788644334700365e-05,-2.0526884237872522,-2.4192126433001917,-1.072721306477682,-1.2204859892474573,1.5708585977554321,0.13060295581817627,1
720,1788170989.9041033,-0.45906217891371465,-0.6423165675636913,0.007264459642261578,0.9471544271521295,2.9953524881546034,-4.369086050766727e-05,-2.0526402632342737,-2.419164482747213,-1.072721306477682,-1.2204859892474573,1.5708585977554321,0.13067486882209778,1
721,1788170989.9459527,-0.4590632486639129,-0.6423327961705275,0.007282731731690639,0.9470894573970203,2.9953964706197054,-0.00013331180160992994,-2.0526283423053187,-2.419152561818258,-1.0727093855487269,-1.2204497496234339,1.5708465576171875,0.13063891232013702,1
722,1788170989.9874926,-0.45905009461488067,-0.6423277569486351,0.00726889665367747,0.9470684673327292,2.9953921890064295,-4.1125279073492095e-05,-2.0526164213763636,-2.419164482747213,-1.0727093855487269,-1.2204974333392542,1.5708465576171875,0.13063891232013702,1
723,1788170990.028878,-0.4590584885841103,-0.6423177619772111,0.007245816976792635,0.9470168199841132,2.9954164962966514,-2.1152645033065662e-07,-2.0526283423053187,-2.4191883246051233,-1.072721306477682,-1.2204859892474573,1.5708345174789429,0.13059097528457642,1
724,1788170990.072087,-0.4590573206524421,-0.6423273919617045,0.00727441723918823,0.946975693197912,2.9954112724080746,-6.286972004891604e-05,-2.0526283423053187,-2.419164482747213,-1.0726974646197718,-1.2204974333392542,1.5708585977554321,0.1305670142173767,1
725,1788170990.1120472,-0.4590661671076986,-0.6423182622522747,0.007260658646050883,0.9469964686926967,2.9954148661698126,-4.039128199300909e-05,-2.0526402632342737,-2.4191764036761683,-1.0727093855487269,-1.2204859892474573,1.5708465576171875,0.1305670142173767,1
726,1788170990.1552577,-0.4590649884490121,-0.6423136301469388,0.007264460048441473,0.9470215797681527,2.9953697503213275,-5.027203427821312e-05,-2.052652184163229,-2.419164482747213,-1.072721306477682,-1.2204859892474573,1.5708825588226318,0.13057899475097656,1
727,1788170990.1969025,-0.45907134782301157,-0.6422997452680176,0.0072611200163723855,0.9470232077331479,2.9953752026884084,7.604074468401914e-06,-2.052664105092184,-2.419164482747213,-1.072721306477682,-1.2205212751971644,1.5708705186843872,0.1305670142173767,1
728,1788170990.2397232,-0.45905253834105986,-0.6423300515853347,0.007261832721647293,0.947004467114413,2.995377431458046,-6.944409498966486e-05,-2.0526283423053187,-2.4191764036761683,-1.0727093855487269,-1.220473591481344,1.5708825588226318,0.13059097528457642,1
729,1788170990.28074,-0.4590459704051704,-0.6423056873455772,0.007258272151430822,0.9470257590733715,2.995382337386285,4.7753758348791514e-05,-2.0526283423053187,-2.419152561818258,-1.072745148335592,-1.2205331961261194,1.5708585977554321,0.13060295581817627,1
730,1788170990.3226826,-0.45908894701306746,-0.6423156614358368,0.007277802298478991,0.9470023769468626,2.9954342574735526,-0.00011157375773326684,-2.052664105092184,-2.419164482747213,-1.0726974646197718,-1.220461670552389,1.5708345174789429,0.1305430382490158,1
731,1788170990.3643873,-0.4590657247226003,-0.6422973024903197,0.007263792227224536,0.9469938722989374,2.9954070356533657,3.261809187727338e-05,-2.052652184163229,-2.419152561818258,-1.072733227406637,-1.2205331961261194,1.5708465576171875,0.13055501878261566,1
732,1788170990.4063675,-0.4590585621341265,-0.6423356389534048,0.007296982742658886,0.9469579513571234,2.995417674719519,-0.00017676385425768152,-2.0526283423053187,-2.419128719960348,-1.072721306477682,-1.2204378286944788,1.5708705186843872,0.13055501878261566,1
733,1788170990.4475994,-0.4590419163080269,-0.6423239223633719,0.00726884289375615,0.9468825053153831,2.9954284221411296,-6.614323353486169e-05,-2.0526164213763636,-2.419140640889303,-1.0727570692645472,-1.220461670552389,1.5708705186843872,0.1305190771818161,1
734,1788170990.489392,-0.4590331520552708,-0.6423095401577716,0.007257459836383623,0.9469074329137115,2.995444523242821,5.5098797898682686e-05,-2.0526045004474085,-2.419140640889303,-1.0727694670306605,-1.2205212751971644,1.5708345174789429,0.1305430382490158,1
735,1788170990.5297675,-0.459065972542332,-0.6423037077743292,0.007280299093458786,0.9469569220537691,2.9954150233454055,-4.443546752178365e-05,-2.052652184163229,-2.419128719960348,-1.072745148335592,-1.2204974333392542,1.5708585977554321,0.13053105771541595,1
736,1788170990.5707147,-0.4590431416918347,-0.6423002781121402,0.0072481391931621675,0.9469712768159723,2.9953972891656435,6.692613206175829e-05,-2.0526283423053187,-2.419152561818258,-1.0727694670306605,-1.2205212751971644,1.5708585977554321,0.1305670142173767,1
737,1788170990.6119514,-0.4590647113163613,-0.6423012961232335,0.0072791707456419386,0.9470101467415637,2.995396011576376,-2.5996901862518737e-05,-2.052652184163229,-2.419128719960348,-1.072745148335592,-1.2205093542682093,1.5708585977554321,0.1305670142173767,1
738,1788170990.6520798,-0.4590556929125035,-0.6422958557026082,0.00725388056436832,0.9469825605689233,2.9953712503938856,4.1172543099564607e-05,-2.052652184163229,-2.419152561818258,-1.0727570692645472,-1.2205212751971644,1.5708825588226318,0.13055501878261566,1
739,1788170990.6940162,-0.45905932912539243,-0.6423051866364606,0.00726492047771099,0.9470125547647472,2.9954033142644705,1.4182679208077225e-05,-2.0526402632342737,-2.419152561818258,-1.072733227406637,-1.2205212751971644,1.5708465576171875,0.13057899475097656,1
740,1788170990.7359114,-0.45906539319884043,-0.6423309653910645,0.007287660914358757,0.9469859775877361,2.995443807361462,-0.0001484469935353596,-2.0526283423053187,-2.419140640889303,-1.072721306477682,-1.2204378286944788,1.5708345174789429,0.1305670142173767,1
741,1788170990.7745051,-0.4590380975742592,-0.6423024370944325,0.007246650179095843,0.946927002939155,2.9953821716561024,9.722079063219159e-05,-2.0526283423053187,-2.419164482747213,-1.072745148335592,-1.2205575148211878,1.5708825588226318,0.1305430382490158,1
742,1788170990.8134356,-0.45906718331339935,-0.6423060229481671,0.0072813823378855,0.9469934107646532,2.995405584455557,-6.213382252003888e-05,-2.052652184163229,-2.419128719960348,-1.072745148335592,-1.2204859892474573,1.5708585977554321,0.13055501878261566,1
743,1788170990.853047,-0.4590582610766769,-0.6423066391023915,0.00727097864944265,0.9469277019025689,2.9953850229077816,-3.584898712270556e-05,-2.052652184163229,-2.419140640889303,-1.072745148335592,-1.2204974333392542,1.570894479751587,0.1305190771818161,1
744,1788170990.8938286,-0.4590623144131297,-0.642302585577842,0.007266541032441509,0.9469706747071731,2.995396093293911,-2.8532730868772577e-05,-2.052652184163229,-2.419140640889303,-1.0727570692645472,-1.2204859892474573,1.5708705186843872,0.1305430382490158,1
745,1788170990.9350884,-0.45906804084164854,-0.6423135353583859,0.007301034257261779,0.9469552904560334,2.9954098698340843,-0.00010375568967478995,-2.052652184163229,-2.4191163221942347,-1.072721306477682,-1.2204974333392542,1.5708705186843872,0.13053105771541595,1
746,1788170990.9752855,-0.45904174053844315,-0.6423177131459139,0.0072791707456419386,0.9469386190167156,2.995418624293556,-2.5995778959387537e-05,-2.0526164213763636,-2.419128719960348,-1.072745148335592,-1.2205093542682093,1.5708585977554321,0.13055501878261566,1
747,1788170991.0169744,-0.45904501715035256,-0.6423156691182976,0.007275862333601779,0.9469320203004028,2.9953980643356535,-5.0272813364448644e-05,-2.0526283423053187,-2.419128719960348,-1.0727570692645472,-1.2204859892474573,1.5708825588226318,0.1305430382490158,1
748,1788170991.0593936,-0.4590526421679611,-0.6423125137997915,0.007270977837734921,0.9469421032354484,2.995429956225935,-2.2692214417918905e-05,-2.0526283423053187,-2.419140640889303,-1.072745148335592,-1.2204974333392542,1.5708465576171875,0.1305430382490158,1
749,1788170991.0994875,-0.4590651422312373,-0.6422961886804455,0.007273650244146113,0.9469412972863288,2.9954280264590145,-4.257151095417713e-06,-2.052652184163229,-2.419128719960348,-1.0727570692645472,-1.2205093542682093,1.5708465576171875,0.1305190771818161,1
750,1788170991.1413708,-0.459055286181489,-0.6423009506616195,0.007259401026560225,0.9469617068436098,2.9953677180295606,1.9462709437724124e-05,-2.052652184163229,-2.419152561818258,-1.072745148335592,-1.2205212751971644,1.570894479751587,0.1305430382490158,1
751,1788170991.1813009,-0.45904414307674934,-0.642319870619676,0.007284691801175441,0.9469285072205244,2.995386952179904,-5.428211604330243e-05,-2.0526283423053187,-2.419128719960348,-1.072733227406637,-1.2205093542682093,1.570894479751587,0.1305430382490158,1
752,1788170991.2230213,-0.459063260072122,-0.6423103252340052,0.007266640551287978,0.9470562366133298,2.995354511267269,-1.4134299138771944e-05,-2.052652184163229,-2.419164482747213,-1.0727093855487269,-1.2205212751971644,1.5708825588226318,0.13060295581817627,1
753,1788170991.2656083,-0.45906105745084497,-0.6423084915469752,0.0072627399304046325,0.9471573742130774,2.9953618060662723,-2.195017167606295e-05,-2.0526402632342737,-2.419152561818258,-1.072745148335592,-1.2204859892474573,1.5708465576171875,0.13067486882209778,1
754,1788170991.3031766,-0.4590694628575033,-0.6423162544635784,0.007316413140716682,0.9471910547326265,2.9953418704178,-0.0001590594037895317,-2.052652184163229,-2.4190924803363245,-1.072733227406637,-1.220473591481344,1.5708705186843872,0.13068722188472748,1
755,1788170991.3442073,-0.4590338659809655,-0.6423203325157313,0.007295347688873216,0.9471971327412951,2.995297648347186,-1.7393039983086853e-05,-2.0526164213763636,-2.4191163221942347,-1.072721306477682,-1.2205575148211878,1.570894479751587,0.13073515892028809,1
756,1788170991.383467,-0.45905018494857136,-0.6423078149591175,0.007256136472096525,0.947210642979311,2.9953406811696,1.418912994300416e-05,-2.0526283423053187,-2.419152561818258,-1.0727570692645472,-1.2204974333392542,1.5708465576171875,0.13072317838668823,1
757,1788170991.4271317,-0.45906009407600157,-0.6423125809290663,0.0072841541442448254,0.9472082338732204,2.9953333767296932,-2.59895092294409e-05,-2.0526402632342737,-2.419140640889303,-1.0727093855487269,-1.2205331961261194,1.5708585977554321,0.13071119785308838,1
758,1788170991.4702172,-0.45907432570482454,-0.6422995666991763,0.007297648829564268,0.9472445933619561,2.995324149900292,-4.516525869077492e-05,-2.052664105092184,-2.4191163221942347,-1.072721306477682,-1.2205331961261194,1.5708585977554321,0.13071119785308838,1
759,1788170991.510932,-0.45905356488688787,-0.642314278277651,0.007289992896327924,0.9471952342669152,2.995354375431005,-6.029786068805083e-05,-2.0526283423053187,-2.4191163221942347,-1.072745148335592,-1.2204974333392542,1.5708465576171875,0.13071119785308838,1
760,1788170991.5499032,-0.45905786147223393,-0.642314184558543,0.007298777396817641,0.9473316168441371,2.995286498566383,-6.686727674303712e-05,-2.0526402632342737,-2.4191163221942347,-1.072721306477682,-1.2205212751971644,1.5708705186843872,0.13079509139060974,1
761,1788170991.5912979,-0.4590485382637267,-0.6423164707138154,0.007275370209552795,0.9475458015730377,2.9952142939439916,-2.9245780234135003e-05,-2.0526283423053187,-2.419140640889303,-1.072733227406637,-1.2205093542682093,1.5708705186843872,0.13095088303089142,1
762,1788170991.6326804,-0.45905667527400645,-0.6422918027075498,0.007272082997452606,0.9481556758162006,2.9950169260289625,7.650759563809672e-06,-2.052652184163229,-2.4191163221942347,-1.0727813879596155,-1.2205093542682093,1.5708705186843872,0.13133512437343597,1
763,1788170991.6738381,-0.4590727517785445,-0.6422906259253455,0.007286607848984439,0.9492412137898576,2.994700069920449,-4.934716119989057e-06,-2.052664105092184,-2.4191163221942347,-1.072745148335592,-1.2205331961261194,1.5708465576171875,0.13204294443130493,1
764,1788170991.7141104,-0.4590631611414265,-0.6423125142320985,0.007308098219593273,0.9498730579108993,2.9945084107350013,-7.867678805011067e-05,-2.0526402632342737,-2.4191044012652796,-1.072721306477682,-1.2205212751971644,1.5708465576171875,0.13248710334300995,1
765,1788170991.7565866,-0.45903443591168486,-0.6423155493120545,0.007264329787860041,0.9502905703546836,2.9943277923969425,4.456861991815769e-06,-2.0526164213763636,-2.419140640889303,-1.0727570692645472,-1.2205093542682093,1.5708825588226318,0.13279907405376434,1
766,1788170991.7953274,-0.45904768212764485,-0.642314833559604,0.007296520666145362,0.9504747553539934,2.9942862017453917,-2.9872711429862332e-05,-2.0526283423053187,-2.4191163221942347,-1.072721306477682,-1.2205451170550745,1.5708705186843872,0.1329069286584854,1
767,1788170991.8330348,-0.45906086509786537,-0.6423081237288553,0.007307506711193956,0.950393976385555,2.9943431137745944,-7.866526086013103e-05,-2.0526402632342737,-2.4190924803363245,-1.072745148335592,-1.2205093542682093,1.5708465576171875,0.1328350305557251,1
768,1788170991.8748653,-0.4590539516561752,-0.642315017880816,0.007311898819970797,0.9504120022458596,2.9943373914257156,-7.866406882646841e-05,-2.0526283423053187,-2.4190924803363245,-1.072733227406637,-1.2205212751971644,1.5708465576171875,0.1328589916229248,1
769,1788170991.9150786,-0.4590597483171356,-0.6423094829267028,0.007279762731573769,0.9503956443061113,2.994286469551398,-3.567500888813201e-05,-2.052652184163229,-2.419140640889303,-1.072721306477682,-1.2205212751971644,1.570894479751587,0.1328350305557251,1
770,1788170991.9541106,-0.45905273479326114,-0.6423067592370155,0.007283343992735197,0.9504316497368094,2.994337082604651,-2.005820723135485e-05,-2.0526283423053187,-2.4191163221942347,-1.0727570692645472,-1.2205093542682093,1.5708345174789429,0.13287097215652466,1
771,1788170991.9952285,-0.45905078731693094,-0.6423148985299708,0.007294876968081315,0.9503725161342491,2.9943373976704284,-8.121037888188121e-05,-2.0526283423053187,-2.4191044012652796,-1.0727570692645472,-1.2204859892474573,1.5708585977554321,0.1328350305557251,1
772,1788170992.0381932,-0.45906323535583654,-0.6423067245940213,0.00732009138678813,0.9507569642356765,2.994240313212334,-7.537627121897515e-05,-2.0526402632342737,-2.4190805594073694,-1.072733227406637,-1.2205331961261194,1.5708345174789429,0.13307508826255798,1
773,1788170992.0784926,-0.45905385197696125,-0.642306517586415,0.007287736505972281,0.9524150036352639,2.993669604928678,-2.980077661874262e-05,-2.0526402632342737,-2.4191163221942347,-1.072745148335592,-1.2205212751971644,1.5708705186843872,0.1341911107301712,1
774,1788170992.120397,-0.4590595748472167,-0.6423174608807071,0.0073092270063533915,0.9556682633089785,2.992641236427521,-0.00010346319838532433,-2.0526402632342737,-2.4191044012652796,-1.072721306477682,-1.2205093542682093,1.5708705186843872,0.13636325299739838,1
775,1788170992.163306,-0.45907291272062195,-0.6422909336615256,0.007300857825985385,0.9594972400984212,2.991434092962589,-4.1563999468709816e-05,-2.052664105092184,-2.4190924803363245,-1.0727570692645472,-1.2205212751971644,1.5708465576171875,0.13889530301094055,1
776,1788170992.2034626,-0.4590569678371071,-0.6423006713720016,0.007276913992717404,0.9642875549128485,2.989886893916636,1.465953909300489e-05,-2.0526402632342737,-2.419128719960348,-1.072745148335592,-1.2205331961261194,1.5708465576171875,0.14212392270565033,1
777,1788170992.2452643,-0.45906083601925296,-0.6423198724986782,0.00731035548523945,0.9706150622283916,2.987828682819111,-0.00012142305671279813,-2.0526402632342737,-2.4191044012652796,-1.072721306477682,-1.2204974333392542,1.5708705186843872,0.14635996520519257,1
778,1788170992.2868972,-0.4590330465126392,-0.6423270754593359,0.007307507051510537,0.9799856211599484,2.9847639682415625,-8.416844591015855e-05,-2.0526045004474085,-2.4190924803363245,-1.072745148335592,-1.2205093542682093,1.5708705186843872,0.15267229080200195,1
779,1788170992.329588,-0.4590696223050352,-0.6423047552459342,0.00729438496685092,0.9892645860218485,2.981724142723788,-5.931613810200456e-05,-2.052652184163229,-2.4191163221942347,-1.072733227406637,-1.2205093542682093,1.5708465576171875,0.15884079039096832,1
780,1788170992.371153,-0.459068899963897,-0.642309305438488,0.007304834711880814,0.9990610151476342,2.9784473280174293,-9.904669414005114e-05,-2.052652184163229,-2.4191044012652796,-1.072733227406637,-1.2204974333392542,1.5708585977554321,0.1654171347618103,1
781,1788170992.4126692,-0.459050229308318,-0.6422995903056313,0.0072986015005162,1.0103961721387884,2.974598774596454,-9.095866606408433e-06,-2.0526402632342737,-2.4190924803363245,-1.0727570692645472,-1.2205451170550745,1.5708705186843872,0.17304997146129608,1
782,1788170992.4536622,-0.4590632434944087,-0.6423102935349381,0.007313027827215157,1.024287924674203,2.969840640589834,-0.00010395058559585961,-2.052652184163229,-2.4190924803363245,-1.072733227406637,-1.2205093542682093,1.5708825588226318,0.18238642811775208,1
783,1788170992.496078,-0.4590509771605502,-0.6423093298738383,0.007300320966143442,1.033791191031284,2.966576084577051,-2.1206708571502694e-05,-2.0526283423053187,-2.4191044012652796,-1.072733227406637,-1.2205451170550745,1.5708465576171875,0.18880735337734222,1
784,1788170992.5368748,-0.45906545248105257,-0.6423027133400188,0.007323310260076932,1.0428252260508106,2.963403331080101,-6.0003073299311785e-05,-2.052652184163229,-2.4190805594073694,-1.072721306477682,-1.2205575148211878,1.5708585977554321,0.19487923383712769,1
785,1788170992.5789242,-0.4590638265809585,-0.6423114084829001,0.007297179436773826,1.0503201763691938,2.9607353136350367,-0.00012142094384720086,-2.052652184163229,-2.4191044012652796,-1.0727570692645472,-1.220461670552389,1.5708825588226318,0.19994406402111053,1
786,1788170992.6206546,-0.45907488875837815,-0.6423065158649947,0.0073092270063533915,1.0562906599904356,2.9586212481156515,-0.00010001751477645107,-2.052664105092184,-2.4191044012652796,-1.072721306477682,-1.2205093542682093,1.5708705186843872,0.20396439731121063,1
787,1788170992.6615522,-0.4590620477560203,-0.6423080071058173,0.007299314581967059,1.0612198134591975,2.956842285405842,-8.388197084721041e-05,-2.052652184163229,-2.4191044012652796,-1.072745148335592,-1.2204974333392542,1.5708825588226318,0.20731249451637268,1
788,1788170992.7015214,-0.45907653554195804,-0.6422978608321012,0.007289992896327924,1.0658426421935774,2.9552151737705197,-5.748457176437772e-05,-2.052664105092184,-2.4191163221942347,-1.072745148335592,-1.2204974333392542,1.5708465576171875,0.21042051911354065,1
789,1788170992.7440355,-0.4590691002266199,-0.6422954476551358,0.00730032130646005,1.0687591858523262,2.9541329577923117,-2.5358178124827686e-05,-2.052664105092184,-2.4191044012652796,-1.072733227406637,-1.2205451170550745,1.5708705186843872,0.2124009132385254,1
790,1788170992.7874827,-0.45907737448253355,-0.6422994649643162,0.007321219954757041,1.070045528377239,2.953699299873349,-9.449544449164352e-05,-2.052664105092184,-2.4190805594073694,-1.072733227406637,-1.2205212751971644,1.5708465576171875,0.21326491236686707,1
791,1788170992.8286235,-0.4590624386640543,-0.6423170642592563,0.0073185480278243065,1.0703259072295004,2.9535867077534714,-0.00011557389873716822,-2.0526402632342737,-2.4190924803363245,-1.072721306477682,-1.2205093542682093,1.5708585977554321,0.21348099410533905,1
792,1788170992.868028,-0.45895268404321404,-0.6422688890028818,0.007272646093461149,1.070264646167163,2.9535832660653907,0.00016501186226152958,-2.052544418965475,-2.4189608732806605,-1.0730450789081019,-1.2204974333392542,1.5708585977554321,0.2135409116744995,1
793,1788170992.9093373,-0.45829053894788113,-0.6423762602287245,0.0074044106905478135,1.070551937765092,2.9534828204729915,0.0001257769856595717,-2.051729981099264,-2.418072525654928,-1.074350659047262,-1.2200549284564417,1.5708585977554321,0.21454909443855286,1
794,1788170992.9485521,-0.4574894873492877,-0.6425326840755617,0.007414708289522121,1.070297762696572,2.9535497539178586,0.00012091716018296313,-2.0507352987872522,-2.417208973561422,-1.07593280473818,-1.2193363348590296,1.5708825588226318,0.21537712216377258,1
795,1788170992.9904647,-0.45665170986988607,-0.6427364180910266,0.0073013814331122084,1.07018078713882,2.953610850232177,0.00020025703603471446,-2.0496562162982386,-2.416525189076559,-1.0775030295001429,-1.2184975782977503,1.5708585977554321,0.21637293696403503,1
796,1788170993.0315878,-0.4555404697285937,-0.643241389832998,0.007321496788735199,1.070187195661158,2.9536159156205053,-2.5524122656931627e-05,-2.048098389302389,-2.4158533255206507,-1.0787375609027308,-1.2177913824664515,1.5708705186843872,0.2179335057735443,1
797,1788170993.0760179,-0.45427968541064795,-0.6436885509336077,0.007241566338003491,1.0699060330326269,2.9537157434450254,0.00014419494042884945,-2.046396557484762,-2.4150612990008753,-1.0804031530963343,-1.217025105153219,1.5708585977554321,0.2194453924894333,1
798,1788170993.115947,-0.4537863565420188,-0.6437697377302963,0.007291739394722135,1.069859856857091,2.9536961571780225,0.0001200092576932081,-2.0457971731769007,-2.414461914693014,-1.0813863913165491,-1.2166302839862269,1.570894479751587,0.22002138197422028,1
799,1788170993.1590593,-0.4538882119912294,-0.6436982619723101,0.0072810049241293084,1.0699278977885072,2.953717276009931,0.000184544684353538,-2.045941177998678,-2.414485756550924,-1.0813620726214808,-1.216666046773092,1.5708465576171875,0.2199135273694992,1
800,1788170993.2010531,-0.45386473469131605,-0.6437112461837605,0.0072763993214797484,1.0699159181465672,2.953683575200736,0.00017809236169662464,-2.045917336140768,-2.414485756550924,-1.081374470387594,-1.216654125844137,1.5708825588226318,0.2199375033378601,1
801,1788170993.2428532,-0.4538905631395695,-0.6436908743216114,0.007265971940292049,1.0699703450675837,2.953723884470717,0.0002272253850937824,-2.045941177998678,-2.414497677479879,-1.081374470387594,-1.216666046773092,1.5708225965499878,0.2199375033378601,1
802,1788170993.2853413,-0.45388223382958387,-0.6437249351169905,0.007296590349912757,1.0698835587857587,2.9537051092195834,6.516805822790996e-05,-2.045929257069723,-2.414485756550924,-1.0813382307635706,-1.2166178862201136,1.5708825588226318,0.21990154683589935,1
803,1788170993.3258162,-0.45388050326617324,-0.6437155623475606,0.007271305367786501,1.069974029759098,2.9536785201542424,0.00014261235843668915,-2.045929257069723,-2.4145095984088343,-1.0813501516925257,-1.2166302839862269,1.5708705186843872,0.21996146440505981,1
804,1788170993.367771,-0.4538751825123133,-0.6437339166123711,0.007296017059160498,1.0699130735960742,2.95373072012653,9.168417281680053e-05,-2.045905415211813,-2.414497677479879,-1.0813143889056605,-1.216642204915182,1.5708465576171875,0.2199375033378601,1
805,1788170993.4101021,-0.4540644745440674,-0.6438630838513274,0.007320862940786432,1.069895011300593,2.953739217888822,-7.93766049074899e-05,-2.046048943196432,-2.4149654547320765,-1.0804031530963343,-1.2169774214373987,1.5708585977554321,0.2197813242673874,1
806,1788170993.4513628,-0.45502980773961443,-0.6443620403155224,0.007427572489439482,1.0702983416463758,2.953639891607708,-0.0004670086862746295,-2.046851936970846,-2.417184654866354,-1.0760415236102503,-1.2188695112811487,1.5708465576171875,0.21924129128456116,1
807,1788170993.4912088,-0.45647263079117184,-0.6453561157469503,0.0074440213879761186,1.0706278242961225,2.9535041504959745,-0.0007171984921053627,-2.0479186216937464,-2.4212754408465784,-1.0684064070331019,-1.2222579161273401,1.5708825588226318,0.21840126812458038,1
808,1788170993.5330877,-0.4572614240788469,-0.6462501803753027,0.007381233570507684,1.0709047607494877,2.953384174658017,-5.5560215570560693e-05,-2.0482781569110315,-2.424563233052389,-1.0623300711261194,-1.225466553364889,1.5708465576171875,0.21823349595069885,1
809,1788170993.5759733,-0.45735498450316575,-0.6473642756692505,0.007429786854045356,1.0707426148080752,2.9534323593105314,-0.00022749372439846732,-2.047738854085104,-2.4269383589373987,-1.0577881971942347,-1.2275260130511683,1.5708705186843872,0.21866530179977417,1
810,1788170993.6160195,-0.4573818877006483,-0.6473900237910882,0.007266120243258678,1.070521554676695,2.9534856696755623,0.00022279183733307423,-2.047750775014059,-2.4273222128497522,-1.0574401060687464,-1.2277777830706995,1.5708585977554321,0.2185094952583313,1
811,1788170993.6578686,-0.45739832433431954,-0.6474073722542344,0.007301587493938999,1.0705575747354916,2.9534748184453252,5.2517463833806526e-05,-2.047762695943014,-2.427298370991842,-1.0574162642108362,-1.227717701588766,1.5708705186843872,0.21852149069309235,1
812,1788170993.700718,-0.45739224536355094,-0.6474040801997797,0.0072949274157722566,1.0705293063576629,2.953507069864577,9.450562198490316e-05,-2.047750775014059,-2.427298370991842,-1.0574281851397913,-1.227729622517721,1.5708465576171875,0.2185094952583313,1
813,1788170993.7448626,-0.45740103858042014,-0.6474007090227174,0.007281739944407034,1.0705110023445725,2.95351206829254,0.00011307275971502862,-2.047762695943014,-2.4273222128497522,-1.0574162642108362,-1.227729622517721,1.5708465576171875,0.2184855341911316,1
814,1788170993.785131,-0.45739785751114886,-0.6473776111326076,0.007280214838389948,1.070580983630089,2.953429484071646,0.00017913014676001736,-2.047786537800924,-2.427298370991842,-1.0574525038348597,-1.2277658621417444,1.570894479751587,0.21852149069309235,1
815,1788170993.8268242,-0.45738986374690904,-0.6473934837216744,0.007291874370955159,1.070461514328215,2.953541003654912,0.00013482174008559608,-2.047750775014059,-2.427286450062887,-1.0574525038348597,-1.227741543446676,1.5708345174789429,0.2184615582227707,1
816,1788170993.865946,-0.45762373923445854,-0.6474333127690695,0.007300834696885555,1.0702959546544943,2.9535843649115736,-0.0001146357363237543,-2.04800254503359,-2.4276345411883753,-1.056817356740133,-1.2278731505023401,1.5708705186843872,0.21810129284858704,1
817,1788170993.9049058,-0.45840599546421346,-0.6474086411298183,0.007262186492298067,1.0699419164872408,2.953720962568546,-0.000207568628210478,-2.048901383076803,-2.4287498633014124,-1.0548518339740198,-1.228663746510641,1.5708705186843872,0.21696092188358307,1
818,1788170993.9463866,-0.45912488057071704,-0.6474391683336314,0.007341723537185957,1.0697861055899667,2.9537951326840597,-0.0002616257216188527,-2.049691979085104,-2.429793183003561,-1.0526946226703089,-1.22974139848818,1.5708585977554321,0.21606098115444183,1
819,1788170993.9895487,-0.4596506410928028,-0.6473610991193369,0.0073020745848746405,1.0702016621173784,2.9536154236959393,0.00020785934733455374,-2.0503276030169886,-2.4305976072894495,-1.0512202421771448,-1.2307112852679651,1.5708465576171875,0.21571305394172668,1
820,1788170994.0303776,-0.4595560417935019,-0.6474796659334734,0.007261946841020134,1.0700829042036517,2.9536744996644773,0.00017323460050637884,-2.050147835408346,-2.4307292143451136,-1.0510886351214808,-1.230687443410055,1.5708345174789429,0.2158089280128479,1
821,1788170994.0718272,-0.4595985057552467,-0.6474217117567271,0.007261044112063575,1.070118118717202,2.9536060082605546,0.00021973368333944582,-2.050243679677145,-2.4306934515582483,-1.0511487166034144,-1.23069936433901,1.5708825588226318,0.21574901044368744,1
822,1788170994.1146305,-0.4595601922145179,-0.6474436773791953,0.007254042554979995,1.0700679889731655,2.953631934026088,0.0002771711964800421,-2.0501840750323694,-2.4307053724872034,-1.051136318837301,-1.2307351271258753,1.5708705186843872,0.21577298641204834,1
823,1788170994.1556137,-0.4595819928337713,-0.6474364976598688,0.007255739525538513,1.0701840426147537,2.9535662916605934,0.000253661757841035,-2.0502198378192347,-2.4307172934161585,-1.051112476979391,-1.2307351271258753,1.570894479751587,0.21582092344760895,1
824,1788170994.1971262,-0.459596841135476,-0.6474591586210943,0.007292374746365848,1.070122626920429,2.9536178519771266,6.975486956056285e-05,-2.0502198378192347,-2.4306934515582483,-1.0510886351214808,-1.2306631247149866,1.5708825588226318,0.21577298641204834,1
825,1788170994.2392604,-0.45958261170199266,-0.6474521127814362,0.007279001249039407,1.0701559472645712,2.9535990460082107,0.00014475013642274067,-2.0502079168902796,-2.4306934515582483,-1.051112476979391,-1.230687443410055,1.5708825588226318,0.2158089280128479,1
826,1788170994.280467,-0.4595833501534474,-0.6474391085009154,0.007270988150865798,1.0701856211554321,2.9535706562088264,0.00019871784612213663,-2.0502198378192347,-2.4306934515582483,-1.0511248747455042,-1.2307112852679651,1.570894479751587,0.21582092344760895,1
827,1788170994.3213558,-0.45955509297885,-0.6474398275640524,0.007271249597225221,1.0701352535404722,2.953596541432881,0.00025612656287267693,-2.0501840750323694,-2.43066913286318,-1.0511606375323694,-1.2307351271258753,1.5708825588226318,0.21582092344760895,1
828,1788170994.3649728,-0.45959222237322095,-0.6474384150094967,0.007267369720055733,1.0701800410992854,2.9536105771672787,0.0002053839256374934,-2.0502198378192347,-2.4307053724872034,-1.051112476979391,-1.2307112852679651,1.5708585977554321,0.2158089280128479,1
829,1788170994.4067988,-0.4595856889723026,-0.6474198886868081,0.0072517866701657385,1.0701455162006144,2.953625770290092,0.00031924298998425524,-2.0502198378192347,-2.4307053724872034,-1.051136318837301,-1.2307589689837855,1.5708465576171875,0.2157849669456482,1
830,1788170994.446138,-0.45958341834804833,-0.6474333395269904,0.0072562984497454575,1.0701708851769491,2.9535852950771853,0.00023756032131378645,-2.0502198378192347,-2.4307053724872034,-1.051136318837301,-1.2307112852679651,1.5708825588226318,0.2158089280128479,1
831,1788170994.4881477,-0.45958335252728455,-0.6474272537694056,0.007241166080936778,1.070120781435803,2.9536127372805976,0.0002779109254261657,-2.0502198378192347,-2.4307172934161585,-1.0511487166034144,-1.2307112852679651,1.5708705186843872,0.21577298641204834,1
832,1788170994.5293193,-0.4596056961973227,-0.6474177243304229,0.0072469228786082585,1.070217713645148,2.9536046161618215,0.00026355607333890024,-2.050243679677145,-2.4307172934161585,-1.051136318837301,-1.2307112852679651,1.5708465576171875,0.2158089280128479,1
833,1788170994.5708067,-0.45960398947869263,-0.6474347654544667,0.007250875156274206,1.0701663239488801,2.9536282395568128,0.00020786833952080825,-2.0502317587481897,-2.4307292143451136,-1.051112476979391,-1.230687443410055,1.5708465576171875,0.2157849669456482,1
834,1788170994.612728,-0.45963252289085516,-0.6474193972678696,0.007270798976484277,1.070248672357743,2.953578205508466,0.00014648786792524203,-2.0502799193011683,-2.4307053724872034,-1.051112476979391,-1.2306750456439417,1.5708705186843872,0.21579694747924805,1
835,1788170994.6548717,-0.45960174342807913,-0.6474219802687734,0.007265673251236726,1.0701929990826091,2.9535916424777438,0.00022148187003637835,-2.050243679677145,-2.4306934515582483,-1.051136318837301,-1.2307112852679651,1.5708705186843872,0.21579694747924805,1
836,1788170994.6970232,-0.45959334331549756,-0.6474380059200013,0.007251480417145656,1.07015070062421,2.9535851069518166,0.00017866641528163548,-2.0502317587481897,-2.4307172934161585,-1.051136318837301,-1.2306631247149866,1.570894479751587,0.2157849669456482,1
837,1788170994.73614,-0.45961364835944574,-0.6474126961430547,0.007254656005126786,1.0702525207662232,2.9535904022870496,0.00028137590850062943,-2.0502556006061,-2.4307172934161585,-1.051112476979391,-1.2307465712176722,1.5708465576171875,0.21582092344760895,1
838,1788170994.777634,-0.4596058865903648,-0.6474180905352496,0.0072417343415120405,1.0702171584048168,2.953603082354979,0.0002828608906952951,-2.050243679677145,-2.4307292143451136,-1.0511248747455042,-1.2307232061969202,1.5708465576171875,0.2158089280128479,1
839,1788170994.8175666,-0.4596287122721572,-0.647412068515819,0.00725449335061934,1.0702470288851373,2.9535736637181844,0.00020365951031157877,-2.0502799193011683,-2.4307172934161585,-1.0511248747455042,-1.230687443410055,1.5708705186843872,0.21579694747924805,1
840,1788170994.8590913,-0.45960685957033043,-0.6474259208557678,0.007262740339754825,1.0701975358014948,2.953604169052524,0.00020612416504202504,-2.050243679677145,-2.4307053724872034,-1.0511248747455042,-1.23069936433901,1.5708585977554321,0.21579694747924805,1
841,1788170994.8994756,-0.4596362895475382,-0.6474266414702153,0.007274183221815139,1.0702679656458671,2.9535762175756277,9.080180932095166e-05,-2.0502799193011683,-2.4307053724872034,-1.051112476979391,-1.2306392828570765,1.5708705186843872,0.2158089280128479,1
842,1788170994.938503,-0.45960755302006434,-0.6474416198228653,0.007286047780598853,1.0701695258050004,2.9536370848667977,9.649374178544942e-05,-2.0502317587481897,-2.4306815306292933,-1.0511248747455042,-1.2306512037860315,1.5708465576171875,0.2157849669456482,1
843,1788170994.979317,-0.4596189996764949,-0.6474196696497201,0.0072767452503047225,1.070261322167791,2.9535575264828453,0.00018187080239209918,-2.050267998372213,-2.4306934515582483,-1.051112476979391,-1.2307112852679651,1.5708825588226318,0.21582092344760895,1
844,1788170995.0205204,-0.45963389166790897,-0.6474220297610147,0.007299299689575767,1.0702502941344745,2.95358268735281,9.005853945983406e-05,-2.0502799193011683,-2.43066913286318,-1.051112476979391,-1.2306750456439417,1.5708705186843872,0.21579694747924805,1
845,1788170995.0597692,-0.4596232421529563,-0.6474311484515198,0.007254304227007097,1.0701854627824676,2.953626373166529,0.00015143683959014832,-2.0502556006061,-2.4307292143451136,-1.051112476979391,-1.2306512037860315,1.5708465576171875,0.21577298641204834,1
846,1788170995.0991178,-0.45961424388231076,-0.6474316587688945,0.007243801550688711,1.0702076271414858,2.9535770490446707,0.00018112738402988886,-2.0502556006061,-2.4307411352740687,-1.051112476979391,-1.2306631247149866,1.5708825588226318,0.21579694747924805,1
847,1788170995.1405792,-0.4596132496877285,-0.6474119293542433,0.007259356531600286,1.0702352967868263,2.9535981771813042,0.0002642978828663803,-2.0502556006061,-2.4307053724872034,-1.0511248747455042,-1.2307351271258753,1.5708465576171875,0.2158089280128479,1
848,1788170995.1799984,-0.4596290218671462,-0.6474329867381731,0.007283558541850199,1.0701978156926395,2.953603303105744,7.223794915539722e-05,-2.050267998372213,-2.4306934515582483,-1.051112476979391,-1.2306392828570765,1.5708705186843872,0.21577298641204834,0
849,1788170995.2195761,-0.4596261327782959,-0.64743338874923,0.007274183442299381,1.0702462954422998,2.9535713753253083,8.831625069190667e-05,-2.050267998372213,-2.4307053724872034,-1.051112476979391,-1.2306392828570765,1.5708825588226318,0.2158089280128479,0
850,1788170995.2602637,-0.45962664463037795,-0.6474284145970896,0.007288945060621166,1.0702846806164117,2.9535667605308333,0.00012867132096014517,-2.050267998372213,-2.4306934515582483,-1.0510886351214808,-1.23069936433901,1.5708705186843872,0.2158329039812088,0
851,1788170995.3007536,-0.45961860380704034,-0.647434085729381,0.007295798389242741,1.0701971997149682,2.9536035268934273,7.223950304545642e-05,-2.0502556006061,-2.43066913286318,-1.0511248747455042,-1.2306512037860315,1.5708705186843872,0.2157849669456482,0
852,1788170995.3426108,-0.45962471491975243,-0.6474188035817776,0.007255666232976576,1.0702163110650842,2.953599098306058,0.00018681711450018156,-2.050267998372213,-2.4307172934161585,-1.0511248747455042,-1.2306750456439417,1.5708585977554321,0.2157849669456482,0
853,1788170995.3839035,-0.45960664611212704,-0.647439875411769,0.007280173858869338,1.0702038663927396,2.9536213753592415,0.00013287734730599456,-2.0502317587481897,-2.4306934515582483,-1.051112476979391,-1.2306750456439417,1.5708465576171875,0.2158089280128479,0
854,1788170995.426098,-0.45960018340185926,-0.647447769113491,0.007281301940646356,1.0701514086861956,2.9536420489241966,0.00011431428877943506,-2.0502198378192347,-2.4306934515582483,-1.051112476979391,-1.2306631247149866,1.5708465576171875,0.2157849669456482,0
855,1788170995.4685016,-0.4596250478890511,-0.6474405802698304,0.007307092065761717,1.070220006119818,2.9536112335710576,3.6834542049856626e-05,-2.0502556006061,-2.43066913286318,-1.0511005560504358,-1.2306512037860315,1.5708585977554321,0.21579694747924805,0
856,1788170995.5127575,-0.4596314433471907,-0.647411421574971,0.00725622555721811,1.0702521423662652,2.9535877828130555,0.00016825482791899996,-2.0502799193011683,-2.4307053724872034,-1.0511487166034144,-1.2306512037860315,1.5708585977554321,0.21579694747924805,0
857,1788170995.552813,-0.4596209944862253,-0.6474175476710423,0.00725449335061934,1.0702648323786599,2.9535672149169594,0.00020366210786702745,-2.050267998372213,-2.4307172934161585,-1.0511248747455042,-1.230687443410055,1.5708705186843872,0.21582092344760895,0
858,1788170995.5926602,-0.45963950940041,-0.6474269345687383,0.007265935841942572,1.070325641744481,2.953567887801716,9.326566551052131e-05,-2.0502799193011683,-2.4307172934161585,-1.051112476979391,-1.2306273619281214,1.5708585977554321,0.2158452570438385,0
859,1788170995.633733,-0.4596048850235707,-0.6474076995846583,0.007218008368220091,1.0702433218147198,2.953565001221175,0.00031503618617108596,-2.0502556006061,-2.4307411352740687,-1.0511606375323694,-1.23069936433901,1.5708705186843872,0.21582092344760895,0
860,1788170995.674629,-0.45962672387556286,-0.6474142028036616,0.007263868695336739,1.0702611903273442,2.953557506065458,0.00018261136889898992,-2.0502799193011683,-2.4307053724872034,-1.0511248747455042,-1.230687443410055,1.5708825588226318,0.2158089280128479,0
861,1788170995.714069,-0.4596105475133873,-0.6474270554242842,0.007276744689503817,1.070237563975381,2.9536040961292307,0.00018930720907429043,-2.050243679677145,-2.4306934515582483,-1.051112476979391,-1.2307112852679651,1.5708465576171875,0.21582092344760895,0
862,1788170995.753966,-0.45962326892115685,-0.6474160224917007,0.007259726917031695,1.0702340254826268,2.9535927470226744,0.00018607536130230606,-2.050267998372213,-2.4307053724872034,-1.051136318837301,-1.2306750456439417,1.5708585977554321,0.21579694747924805,0
863,1788170995.7959485,-0.45961318797940587,-0.647417769406675,0.007253969623373491,1.0701974685909692,2.9536042584601754,0.00020538016470742203,-2.0502556006061,-2.4307053724872034,-1.0511487166034144,-1.2306750456439417,1.5708585977554321,0.2157849669456482,0
864,1788170995.835787,-0.4596348149748802,-0.647411947578925,0.007268497516134509,1.0702379806059745,2.9536039405357997,0.0001893034265721483,-2.0502799193011683,-2.4307053724872034,-1.051112476979391,-1.23069936433901,1.5708465576171875,0.2157849669456482,0
865,1788170995.8777971,-0.45960877747366136,-0.6474414685335361,0.007290677768229004,1.0702280969564204,2.953577970689896,8.83189448348605e-05,-2.050243679677145,-2.4306815306292933,-1.051112476979391,-1.2306631247149866,1.5708825588226318,0.21582092344760895,0
866,1788170995.917824,-0.45962497898827653,-0.6474311696641011,0.007287176486767771,1.0702822148526734,2.953559960537335,7.049821843038466e-05,-2.050267998372213,-2.4306815306292933,-1.0511248747455042,-1.2306392828570765,1.5708825588226318,0.2158329039812088,0
867,1788170995.9551156,-0.4596320606730451,-0.6474362511489289,0.007344756798189633,1.0701935738951591,2.953648764960873,0.00015564336250285037,-2.0502556006061,-2.43066913286318,-1.0509803930865687,-1.2308428923236292,1.5708225965499878,0.21577298641204834,0
868,1788170995.9952002,-0.45965877735828437,-0.6475020736931322,0.008153282081204027,1.070267572933085,2.953574824949831,-0.00017847222208604367,-2.050267998372213,-2.43002158800234,-1.0500581900226038,-1.2322076002704065,1.570894479751587,0.21582092344760895,0
869,1788170996.036075,-0.45967234729997153,-0.6475374537555464,0.009853057188281944,1.0702467795767039,2.9536299320969763,-0.00042226705787407526,-2.0502556006061,-2.4285100142108362,-1.0483325163470667,-1.2352851072894495,1.5708705186843872,0.2158089280128479,0
870,1788170996.0782077,-0.4596774323656241,-0.6475320532779459,0.012264631693436528,1.0702768826542994,2.9536005373486125,-0.00036015296593655245,-2.050267998372213,-2.4263866583453577,-1.0457795302020472,-1.2400029341327112,1.5708825588226318,0.21582092344760895,0
871,1788170996.1164124,-0.4596774604068305,-0.647520249008666,0.01627769207405716,1.0702532779568017,2.953645941106882,-0.0004844068808898555,-2.050267998372213,-2.4228113333331507,-1.041656796132223,-1.2476180235492151,1.5708585977554321,0.21579694747924805,0
872,1788170996.158639,-0.45966140972600894,-0.6475105171286858,0.018853231060711684,1.0702867898954136,2.9536297973344396,-0.0004398548355872938,-2.0502556006061,-2.420568291340963,-1.0388997236834925,-1.2526467482196253,1.5708585977554321,0.2158329039812088,0
873,1788170996.1997468,-0.45967385283452006,-0.6474929853881418,0.022590940780514213,1.070263639948821,2.9536195497362603,-0.0002319526624337382,-2.0502799193011683,-2.4174607435809534,-1.034609619771139,-1.2601779142962855,1.5708585977554321,0.21579694747924805,0
874,1788170996.241851,-0.4596486244813135,-0.6474563230184385,0.025836874570937723,1.0702671630588076,2.9535740153134067,-2.5285956629894626e-05,-2.0502799193011683,-2.4147256056415003,-1.030954662953512,-1.2667039076434534,1.5708825588226318,0.2158089280128479,0
875,1788170996.2837093,-0.4596309786481658,-0.6474841705949701,0.02898891629700942,1.0702135379817266,2.9535931129395125,-2.15710628567527e-05,-2.050243679677145,-2.4121940771686,-1.027215305958883,-1.2729771772967737,1.5708825588226318,0.2158089280128479,0
876,1788170996.3257113,-0.45970315381573235,-0.6475315219511469,0.03227330831244932,-1.0702878523159876,-2.9536311327657754,0.0005987440910483087,-2.0502799193011683,-2.409579102193014,-1.0233805815326136,-1.279048267995016,1.5708225965499878,0.2158089280128479,0
877,1788170996.3676848,-0.45964658718600676,-0.6474938665382649,0.035954738905984385,1.0702319529099575,2.9535889733726033,-4.978671632820704e-05,-2.0502556006061,-2.4067238012896937,-1.0187543074237269,-1.2868903318988245,1.5708825588226318,0.2158089280128479,0
878,1788170996.4111586,-0.4596484470489416,-0.6474584889900719,0.03918411284711071,1.0702429785129406,2.9536174714577643,1.853013899043413e-05,-2.050267998372213,-2.4041922728167933,-1.0148232618915003,-1.2933920065509241,1.5708465576171875,0.21579694747924805,0
879,1788170996.4546802,-0.45964859945404957,-0.64748249850782,0.04240247603423164,1.070197654270827,2.9536028946372697,-0.00020891776985550598,-2.050267998372213,-2.40175706544985,-1.010796848927633,-1.2997139135943812,1.570894479751587,0.21577298641204834,0
880,1788170996.4975789,-0.459690892433229,-0.6474655966270041,0.04632182274405561,1.070355633782385,2.9536002004275668,-0.0003878802443760641,-2.0503152052508753,-2.398841683064596,-1.005798641835348,-1.3075078169452112,1.5708585977554321,0.21582092344760895,0
881,1788170996.5393279,-0.45966345213619086,-0.6474907396822618,0.04951997993096588,1.0702729796853492,2.953590117212239,-0.000370781739637086,-2.0502799193011683,-2.39657432237734,-1.0014961401568812,-1.3140934149371546,1.570894479751587,0.2158089280128479,0
882,1788170996.5811825,-0.45966420436719563,-0.6475066118417102,0.05259152341079723,1.070238323463658,2.9536046564490532,-0.00025026318290661235,-2.050267998372213,-2.394498650227682,-0.9971702734576624,-1.3205707708941858,1.5708825588226318,0.21579694747924805,0
883,1788170996.620607,-0.45966684189261153,-0.6474616852284636,0.05586812699667171,1.0702894844814324,2.9536356170334845,-8.492837634335435e-05,-2.0502799193011683,-2.3922069708453577,-0.9926999250995081,-1.3274310270892542,1.5708225965499878,0.2158089280128479,0
884,1788170996.6616206,-0.4596555500516269,-0.6474577846422008,0.05970464647859283,1.0702751061869888,2.9535959349115637,-1.5141017065349958e-05,-2.0502799193011683,-2.389651600514547,-0.9872592131244105,-1.3354767004596155,1.5708585977554321,0.2158089280128479,0
885,1788170996.7039046,-0.4596747981448734,-0.6475303091044101,0.06301465964942432,-1.0702412381271624,-2.953669881494435,0.0006415639152079373,-2.0502556006061,-2.3874686400042933,-0.9826448599444788,-1.341870133076803,1.5708465576171875,0.21579694747924805,0
886,1788170996.7480557,-0.4596633110731556,-0.6474989351650147,0.06625879420864544,1.0702879975104511,2.9536312314469875,-0.0006034414790012577,-2.050267998372213,-2.3853452841388147,-0.9779952208148401,-1.348670784627096,1.5708705186843872,0.21582092344760895,0
887,1788170996.7911344,-0.4596352973532008,-0.6474780518646188,0.06990265943998925,1.0702465365368967,2.953573918393064,-8.343169037836038e-05,-2.0502556006061,-2.383210007344381,-0.9722545782672327,-1.3568838278399866,1.570894479751587,0.21582092344760895,0
888,1788170996.833067,-0.45968200109954804,-0.6474942310743936,0.07315898693358147,1.0702983194572961,2.953605069642186,-0.00035321462114820917,-2.0502918402301233,-2.3812783400165003,-0.9672930876361292,-1.3636005560504358,1.5708705186843872,0.2158089280128479,0
889,1788170996.8753817,-0.4596749182849962,-0.6475153597172937,0.07640392666499776,1.0703249391483014,2.9536209638259363,-0.0004955438596471577,-2.050267998372213,-2.3793824354754847,-0.9622834364520472,-1.3704131285296839,1.5708585977554321,0.2158452570438385,0
890,1788170996.9161518,-0.4596806579648365,-0.6474857486390729,0.07952134311980721,1.0702994067210683,2.953608054671816,-0.0002482878454688441,-2.0502918402301233,-2.37766677538027,-0.9572261015521448,-1.3773449102984827,1.5708585977554321,0.2158089280128479,0
891,1788170996.9553788,-0.45966775864237774,-0.6474931226661726,0.08281761883972683,1.0702617427475711,2.9536143493508105,-0.00045296821514827505,-2.0502799193011683,-2.3757956663714808,-0.9520610014544886,-1.3842528502093714,1.5708825588226318,0.21579694747924805,0
892,1788170996.9938962,-0.459633995005903,-0.6474044120819855,0.08597756935901621,1.0702451419262775,2.953623713728668,8.412824116517964e-05,-2.0502799193011683,-2.374068085347311,-0.9468839804278772,-1.3914960066424769,1.5708345174789429,0.2157849669456482,0
893,1788170997.033071,-0.4596446739840507,-0.6474368672902239,0.08917380419210416,1.0702765139726274,2.953599824438142,-6.414608189316996e-05,-2.0502799193011683,-2.3724845091449183,-0.9414671103106897,-1.3984044233905237,1.5708585977554321,0.2158089280128479,0
894,1788170997.074949,-0.4596847469399535,-0.6474816958551138,0.09236417705519057,1.0703278366258024,2.953631200627375,-0.00033316151305439823,-2.0502918402301233,-2.3709848562823694,-0.9359424749957483,-1.405252758656637,1.5708345174789429,0.21582092344760895,0
895,1788170997.115384,-0.45961251445627294,-0.6474545561400799,0.09549831746701132,1.0701859127233513,2.9535720817364943,0.00018163636004427182,-2.050243679677145,-2.369533363972799,-0.9303577581988733,-1.4126275221454065,1.570894479751587,0.21579694747924805,0
896,1788170997.1550574,-0.4596463118460863,-0.6474315522203844,0.09872579824680425,1.0702647076863419,2.9535675036114544,5.71290332273983e-05,-2.0502918402301233,-2.368021313344137,-0.9247491995440882,-1.419666592274801,1.5708825588226318,0.21579694747924805,0
897,1788170997.1985142,-0.45965639564005534,-0.6474534524358406,0.10199585846586065,1.070231746258573,2.9536420046334166,-0.00020942012617356808,-2.0502799193011683,-2.3665579001056116,-0.9189732710467737,-1.426729981099264,1.5708465576171875,0.21577298641204834,0
898,1788170997.2395306,-0.45963051499449903,-0.6474477166264109,0.10571368883410556,1.0702606458595871,2.9535556735207398,6.283839971117891e-05,-2.050267998372213,-2.365082089100973,-0.9119861761676233,-1.4353740851031702,1.570894479751587,0.21582092344760895,0
899,1788170997.2816198,-0.45969037637338567,-0.6474900138544252,0.10899762077528918,1.0703170324352873,2.953601752344881,-0.00039182556824896014,-2.0503037611590784,-2.3638108412372034,-0.9058745543109339,-1.4424617926227015,1.5708705186843872,0.2158089280128479,0
900,1788170997.323376,-0.45967297080381686,-0.6474912889874088,0.11232222170913372,1.0702905774977276,2.9536386802048504,-0.0005542037441695627,-2.0502799193011683,-2.362478558217184,-0.899726692830221,-1.4498360792743128,1.5708585977554321,0.2158089280128479,0
901,1788170997.3663936,-0.45965919115387843,-0.6474647873475635,0.11614803734972617,1.0703018175310013,2.9536143714343877,-0.0003284782786142819,-2.0502799193011683,-2.3611467520343226,-0.8922365347491663,-1.4588030020343226,1.5708585977554321,0.21582092344760895,0
902,1788170997.411197,-0.4596712767457739,-0.6474880308962419,0.11925862859203579,1.0702855091109467,2.9536246768607484,-0.0003774844993006074,-2.0502799193011683,-2.360187355672018,-0.8859694639789026,-1.4659979979144495,1.5708585977554321,0.2158089280128479,0
903,1788170997.4539213,-0.45965750798786625,-0.6474352685227958,0.12237178543716845,1.0702582327875005,2.953604874142782,9.723346410343528e-05,-2.0502918402301233,-2.3592761198626917,-0.8795340696917933,-1.4736478964435022,1.5708465576171875,0.2157849669456482,0
904,1788170997.496625,-0.4596410667778425,-0.6474561526701341,0.1262891935542527,1.0702170232600439,2.9536010784059594,1.9521636543458976e-05,-2.050267998372213,-2.358159844075338,-0.8714926878558558,-1.4827588240252894,1.5708705186843872,0.2157849669456482,0
905,1788170997.537408,-0.4596448705828319,-0.6474694271270032,0.12949030470366724,1.0701800871822187,2.9536097006744018,-7.132296843322526e-05,-2.050267998372213,-2.3573320547686976,-0.864781681691305,-1.4902408758746546,1.5708825588226318,0.2157609909772873,0
906,1788170997.5795898,-0.45968103385602727,-0.6474661477480352,0.13273476660794445,1.0702821383361054,2.9536159140267175,-0.00026610919746810133,-2.0503037611590784,-2.356528107319967,-0.8579390684710901,-1.4977591673480433,1.5708585977554321,0.2157849669456482,0
907,1788170997.6219451,-0.4596519224845306,-0.6474651732547007,0.13586528544625306,1.0702310874933214,2.953639909774444,-0.00018343167882695977,-2.050267998372213,-2.3558324019061487,-0.8511565367328089,-1.5052889029132288,1.5708465576171875,0.2157849669456482,0
908,1788170997.6641316,-0.4596499186235826,-0.6474266310602401,0.13974031029006498,1.0702567706563655,2.953600845504152,4.162188206615546e-06,-2.0502918402301233,-2.355077091847555,-0.8425644079791468,-1.5147584120379847,1.5708585977554321,0.2157849669456482,0
909,1788170997.7048826,-0.45965396571943506,-0.6474284560632574,0.14287026747410153,1.070310052777069,2.9535820953929837,0.00014178497127198322,-2.0502918402301233,-2.3546326796161097,-0.8353379408465784,-1.5225160757647913,1.5708465576171875,0.21582092344760895,0
910,1788170997.7457623,-0.459679790667633,-0.6474781223089506,0.14611719079441104,1.0703409705904166,2.9536122128281566,-0.0003185683349767525,-2.0502918402301233,-2.354140583668844,-0.8279922644244593,-1.5300582090960901,1.5708465576171875,0.2158329039812088,0
911,1788170997.7850301,-0.4596371063903144,-0.6474163544683034,0.14923119002686583,1.0702540506791909,2.953593046861176,0.00024573351865899784,-2.0502799193011683,-2.353792969380514,-0.8205741087542933,-1.5381863752948206,1.5708465576171875,0.21579694747924805,0
912,1788170997.8248026,-0.45965133420030996,-0.6474293534757133,0.15237102539889064,1.070247590584238,2.9535754817120607,0.00032343331322376846,-2.0502918402301233,-2.353600804005758,-0.8128927389727991,-1.5461114088641565,1.5708585977554321,0.2157849669456482,0
913,1788170997.8649976,-0.4596563568056112,-0.6474449122228044,0.15565247630671533,1.07030234608049,2.9535608243978797,0.00012347147017705085,-2.0502918402301233,-2.35333758989443,-0.8050201574908655,-1.5541203657733362,1.5708705186843872,0.21582092344760895,0
914,1788170997.9068208,-0.4596679720109619,-0.6474875745314086,0.15879013044882645,1.0702342013997646,2.9535935202088757,3.4370804704989477e-05,-2.0502799193011683,-2.3533008734332483,-0.7970989386187952,-1.5620210806476038,1.5708705186843872,0.2157849669456482,0
915,1788170997.9497883,-0.45967484759176075,-0.6474601499241829,0.16192647996324347,1.070353965219877,2.9535361150573993,0.00019029647415960696,-2.0503037611590784,-2.353265110646383,-0.7891419569598597,-1.5701139608966272,1.5708705186843872,0.2158452570438385,0
916,1788170997.9905376,-0.4596327209804309,-0.6474197781720991,0.16581514184187585,1.070274663238007,2.9535393533793717,0.0004739252448496988,-2.0502799193011683,-2.353265110646383,-0.7791841665851038,-1.5802539030658167,1.5708705186843872,0.21582092344760895,0
917,1788170998.0289145,-0.45969204366938293,-0.647268897143569,0.1691273284192291,1.0701656553681018,2.953626965271313,-6.143080453990926e-05,-2.0504353682147425,-2.3528454939471644,-0.7715624014483851,-1.5879514853106897,1.5708705186843872,0.2155812382698059,0
918,1788170998.0708454,-0.4601021949103559,-0.6462496688882979,0.17254286090405632,-1.0706470246423727,-2.9535232827696722,0.0006311639586371819,-2.051490132008688,-2.350769821797506,-0.7666013876544397,-1.594619099293844,1.5708465576171875,0.21483708918094635,0
919,1788170998.1130824,-0.46079789847294617,-0.6446264170941793,0.17579657063319895,1.0705982879829365,2.9535122658968893,-0.0005196742305807551,-2.053239647542135,-2.3479870001422327,-0.763186279927389,-1.6008918921100062,1.5708705186843872,0.21306079626083374,0
920,1788170998.1548667,-0.4614145051727986,-0.642995114897711,0.17879998558699106,1.070418281224638,2.9535218821199916,-5.3350813844262655e-05,-2.054905716572897,-2.345238987599508,-0.7602866331683558,-1.6068409124957483,1.5708825588226318,0.21128489077091217,0
921,1788170998.198726,-0.4616714584674342,-0.6414219057565123,0.1819118316466909,1.0700060153621362,2.953664351296085,0.0001582850798859424,-2.0561283270465296,-2.34186822572817,-0.7582371870623987,-1.6123955885516565,1.5708705186843872,0.2097846120595932,0
922,1788170998.2420208,-0.461767490734244,-0.6395250449056341,0.1858453311801595,1.0701615338097268,2.953657710731632,-9.628948708390347e-05,-2.0573628584491175,-2.3372133413897913,-0.7564042250262659,-1.6187165419207972,1.5708465576171875,0.20864461362361908,0
923,1788170998.2838633,-0.4618309007366402,-0.637998254566934,0.18904989881502168,1.0703171339432271,2.9535972844793306,-0.00032336385871880083,-2.058357063923971,-2.333505932484762,-0.7547500769244593,-1.6239355246173304,1.5708705186843872,0.2077566534280777,0
924,1788170998.3263688,-0.4619340921890846,-0.6364755557597757,0.19213903436006785,1.06995134711397,2.953756943599841,-6.740669520628884e-05,-2.059376064931051,-2.330158535634176,-0.7526767889605921,-1.6295140425311487,1.5708225965499878,0.20648407936096191,0
925,1788170998.370563,-0.4623447443149729,-0.6344785139421317,0.19604409799945852,1.0700889925252604,2.95364748703883,-0.00011643778459748707,-2.061065975819723,-2.326211754475729,-0.7495978514300745,-1.6365168730365198,1.5708825588226318,0.20490029454231262,0
926,1788170998.4147267,-0.46263727369701746,-0.6328188962507537,0.19938601062618969,1.0704751994017097,2.9535021358966698,-0.0001911697623883076,-2.062408749257223,-2.3229005972491663,-0.7468412558185022,-1.6425383726703089,1.570894479751587,0.20382021367549896,0
927,1788170998.4560926,-0.46299075853096106,-0.6309191351920382,0.20311501150949382,1.0703805216437854,2.953585178190233,-0.0001611942699681927,-2.0639541784869593,-2.3192532698260706,-0.7436540762530726,-1.6493852774249476,1.5708465576171875,0.20220009982585907,0
928,1788170998.4991848,-0.4631425592255529,-0.6294444781312745,0.20627544992832805,1.0704007752647224,2.9535926615420265,-0.00043817942993218986,-2.0650327841388147,-2.316158119832174,-0.7409938017474573,-1.6549642721759241,1.5708585977554321,0.20113199949264526,0
929,1788170998.5415056,-0.4633322885393101,-0.627766729384072,0.20946806022682846,1.07043924227979,2.953539462175839,-4.4831998219380986e-05,-2.0662792364703577,-2.312990967427389,-0.7382615248309534,-1.661116902028219,1.5708585977554321,0.19992010295391083,0
930,1788170998.5829403,-0.4636764475639109,-0.6257796911545035,0.21338816214326595,1.070511702412281,2.9535303751479365,-0.0002131097938869671,-2.067897144948141,-2.3092835585223597,-0.7346785704242151,-1.6682990233050745,1.5708585977554321,0.1983475387096405,0
931,1788170998.625785,-0.46386124167174897,-0.6241521985103422,0.21630402889701553,1.0706349293160458,2.9534325691541947,0.0001809253709517364,-2.0691197554217737,-2.3062966505633753,-0.7323182264911097,-1.6739018599139612,1.5708705186843872,0.19721989333629608,0
932,1788170998.665334,-0.4640046784692117,-0.622559613690453,0.21844502232798876,1.0702020831397638,2.9535721725211936,0.0004693511815068713,-2.070270363484518,-2.3030217329608362,-0.7324498335467737,-1.6772292296039026,1.5708585977554321,0.1957799196243286,0
933,1788170998.7090511,-0.4641985533461697,-0.6210385002887744,0.21989278589801606,1.0702256414508313,2.9535923593389843,6.805029429326944e-05,-2.071444813405172,-2.2994583288775843,-0.7349541823016565,-1.6780317465411585,1.5708705186843872,0.1946152001619339,0
934,1788170998.749775,-0.464442252417845,-0.6194062095212629,0.2205786346606241,1.0704482139563243,2.9535511659261773,-6.250437065433773e-05,-2.0727389494525355,-2.2955592314349573,-0.739939037953512,-1.6768582502948206,1.5708465576171875,0.19346322119235992,0
935,1788170998.7896514,-0.4647821834064232,-0.6174202398429005,0.22039884927872386,1.0702146029272164,2.9535780847111206,0.0003584020291744331,-2.074381176625387,-2.290891949330465,-0.7483628431903284,-1.6733749548541468,1.5708585977554321,0.1916753202676773,0
936,1788170998.8293996,-0.465010125498499,-0.6159181443452153,0.22052677114689637,1.0702421511783196,2.9536636766337914,-0.0005354306425291509,-2.0755913893329065,-2.2867887655841272,-0.7552178541766565,-1.6700471083270472,1.5708585977554321,0.19046305119991302,0
937,1788170998.8690102,-0.4651957925480516,-0.6143341002622587,0.22060866160766765,-1.0698790576817916,-2.953776303071215,0.000643377336122421,-2.076801602040426,-2.2827943007098597,-0.7618683020221155,-1.6673176924334925,1.5708345174789429,0.1890110820531845,0
938,1788170998.9120471,-0.4653057897057023,-0.6126912918743752,0.22042254380699847,1.069886127532054,2.9536941843613493,0.0001396119318841321,-2.0779879728900355,-2.278907124196188,-0.7688658873187464,-1.6647198835956019,1.5708825588226318,0.18784673511981964,0
939,1788170998.9535546,-0.4654537247358591,-0.6110262216157795,0.22042143593647298,1.0703184720035428,2.9535631375974187,0.00025865333426943295,-2.0792110602008265,-2.2747681776629847,-0.7759125868426722,-1.6618831793414515,1.5708465576171875,0.18691085278987885,0
940,1788170998.9937625,-0.46548491479399384,-0.6094004988727038,0.22041318229764062,1.0700652966872137,2.9536448476403145,0.0003472142243066977,-2.080289665852682,-2.2705209890948694,-0.7831500212298792,-1.658950153981344,1.5708465576171875,0.18566298484802246,0
941,1788170999.0342152,-0.4654972646250546,-0.6078587344853211,0.22036677163381738,1.0701560894152824,2.953626376295699,0.0002155254650655239,-2.0812962690936487,-2.2663701216327112,-0.7903402487384241,-1.6558259169207972,1.5708465576171875,0.18471473455429077,0
942,1788170999.073745,-0.4654795219693403,-0.6062686434607999,0.2204408638422596,1.0705136798814703,2.9535136204641725,6.39337524927826e-05,-2.0823028723346155,-2.2620866934405726,-0.7974346319781702,-1.652917210255758,1.5708465576171875,0.1839466243982315,0
943,1788170999.1116333,-0.46546748095811785,-0.6047181546914792,0.22047361138920363,1.0703405512660495,2.953595388074989,-0.00022076745366407,-2.0832975546466272,-2.2578757444964808,-0.804516617451803,-1.6498644987689417,1.5708585977554321,0.1828305870294571,0
944,1788170999.1527576,-0.46544968866154995,-0.6030895019276553,0.22032112996786496,1.070206990752558,2.953566345625795,0.0003500493526214811,-2.0843399206744593,-2.253856960927145,-0.811599079762594,-1.6471713224994105,1.5708705186843872,0.18171456456184387,0
945,1788170999.1972077,-0.4654444214154064,-0.6014293899088919,0.22034331048384606,1.0704231937864788,2.953504764190001,0.000540960991180666,-2.0854066053973597,-2.249657932912008,-0.818585220967428,-1.6445015112506312,1.5708345174789429,0.18079064786434174,0
946,1788170999.239366,-0.465508851742817,-0.5995480749088382,0.22055102113857605,1.070524516020115,2.9535176507734997,-0.00023223296363424195,-2.0867250601397913,-2.244654957448141,-0.826578442250387,-1.6410182158099573,1.5708705186843872,0.1795300543308258,0
947,1788170999.2790232,-0.46549337549975073,-0.5979310334485324,0.22042059106877504,1.0703714327725389,2.953545304866544,0.00012078678749702192,-2.0877674261676233,-2.240660015736715,-0.8335526625262659,-1.6382649580584925,1.5708585977554321,0.17839005589485168,0
948,1788170999.3207428,-0.46551165963431174,-0.5963476690961433,0.22043875328455684,1.0705206065681405,2.953519695928062,-0.00012440551405772682,-2.0888341108905237,-2.2365925947772425,-0.8403471151935022,-1.6353796164142054,1.5708585977554321,0.17741821706295013,0
949,1788170999.3628836,-0.4654574307135102,-0.5947639010891921,0.22042565580544574,1.0704992002336267,2.9535207930922867,4.4062230639322086e-05,-2.0898168722735804,-2.2325976530658167,-0.8470218817340296,-1.6328066031085413,1.5708465576171875,0.17642240226268768,0
950,1788170999.4033222,-0.46548623359447033,-0.5932499145096516,0.22046027914197433,1.069992914639152,2.9536804582629617,-0.00019328201258326773,-2.0908716360675257,-2.228794876729147,-0.8533018271075647,-1.6301844755755823,1.570894479751587,0.17502997815608978,0
951,1788170999.4454103,-0.46567188524655106,-0.5916178191089053,0.22051858858304624,1.0702370163242192,2.953643437264187,-0.0002987770640888097,-2.092165772114889,-2.2250755468951624,-0.8593528906451624,-1.6277783552752894,1.5708585977554321,0.17388997972011566,0
952,1788170999.4857256,-0.4658916097517859,-0.5896517567784152,0.22049644379642175,1.0703372763508565,2.953598018373335,-0.00011190516121820181,-2.0937355200396937,-2.2207568327533167,-0.8665435949908655,-1.6250250975238245,1.5708465576171875,0.17239008843898773,0
953,1788170999.527618,-0.4661046088552148,-0.5880615524703163,0.22036199874703083,1.0700221584784033,2.9536789570913164,0.0001637737756714718,-2.0950539747821253,-2.2173975149737757,-0.8724039236651819,-1.622702423726217,1.5708465576171875,0.17086546123027802,0
954,1788170999.5677044,-0.4662762869985068,-0.5864349158228297,0.22032365634894033,1.0699602795448204,2.9536243638755004,0.0005815560840129445,-2.096360508595602,-2.2139785925494593,-0.8780840078936976,-1.6207159201251429,1.5708705186843872,0.16953371465206146,0
955,1788170999.6087472,-0.46652155604521695,-0.5848317902207746,0.22039674785383065,1.0697986084363977,2.953739701212136,0.00032560441918571566,-2.097726647053854,-2.2104747931109827,-0.8837164084063929,-1.6184175650226038,1.5708465576171875,0.1680458039045334,0
956,1788170999.649205,-0.4669137789737911,-0.583239614572378,0.22048747366790222,1.0702718874787882,2.9536198406819865,-0.00019889744535291095,-2.0992725531207483,-2.2071874777423304,-0.888977352772848,-1.6161068121539515,1.5708585977554321,0.16680918633937836,0
957,1788170999.691601,-0.46724367382507825,-0.5815999043016581,0.22036437388446514,1.0702314804962687,2.953571632547605,0.00020273001181758457,-2.1007826964007776,-2.204080406819479,-0.8943336645709437,-1.614119831715719,1.5708705186843872,0.16528530418872833,0
958,1788170999.7339828,-0.4674973323269074,-0.5800480355180551,0.22044363560024036,1.0701218452655152,2.953664491782372,-1.5207839241224428e-05,-2.1021369139300745,-2.2007930914508265,-0.8995588461505335,-1.6120365301715296,1.5708465576171875,0.16384533047676086,0
959,1788170999.7735999,-0.46782006615468585,-0.5781780264044025,0.22051391030217568,1.0703357649741734,2.953603444718788,-0.0004520002317257863,-2.103814427052633,-2.196822468434469,-0.9059465567218226,-1.6093433539019983,1.5708825588226318,0.16230911016464233,0
960,1788170999.813808,-0.46818695388851916,-0.5765479120740274,0.22044881740807826,1.0703449292224023,2.9535844055965113,-0.0003254952714469336,-2.1053722540484827,-2.1937511602984827,-0.9111111799823206,-1.6073320547686976,1.5708825588226318,0.16076089441776276,0
961,1788170999.8548963,-0.46852114762443986,-0.5749220597966622,0.22041300037396191,1.0706653094055543,2.9534802099405595,-0.00011341767013261859,-2.106882397328512,-2.1906798521624964,-0.9161809126483362,-1.605464283620016,1.5708465576171875,0.15946510434150696,0
962,1788170999.8971937,-0.4687002157860092,-0.5733276221096792,0.22045909866613797,1.070374808908834,2.953572076797027,9.087491422518251e-05,-2.1082008520709437,-2.187416378651754,-0.9213460127459925,-1.6036928335772913,1.5708345174789429,0.15795284509658813,0
963,1788170999.9376621,-0.46892548636009407,-0.5717414598027362,0.2204720475238469,1.0704488867884867,2.9535098127665633,-3.681070716019712e-05,-2.1095908323871058,-2.184140984212057,-0.9266546408282679,-1.60158616701235,1.5708825588226318,0.15662071108818054,0
964,1788170999.9783475,-0.46926093604780783,-0.5700803521797125,0.22035144751564978,1.0704705842072235,2.9534683213450283,0.00031653119986336245,-2.1111486593829554,-2.181105915700094,-0.9318321386920374,-1.599670712147848,1.5708705186843872,0.15508486330509186,0
965,1788171000.0170379,-0.46950295340662257,-0.5684971168925643,0.22032937750654583,1.0703367886157955,2.953551921576141,0.0003433488359021464,-2.1125391165362757,-2.177950684224264,-0.9369967619525355,-1.5976718107806605,1.5708345174789429,0.1535961925983429,0
966,1788171000.0559003,-0.46970844449132676,-0.5669256631082419,0.22031995099060273,1.0705348439217053,2.9534425720075315,0.0003299962823572014,-2.1139052549945276,-2.1747711340533655,-0.9421623388873499,-1.5956843535052698,1.5708705186843872,0.1523723155260086,0
967,1788171000.094768,-0.4700018099087961,-0.5653504869188554,0.2204868910853854,1.0702754063451922,2.9536237138540633,-0.00022192286591105208,-2.11536676088442,-2.1715319792376917,-0.9470518271075647,-1.5936735312091272,1.5708585977554321,0.15071624517440796,0
968,1788171000.1339638,-0.47020039155171217,-0.5637582076653054,0.22040481334566717,1.0701055242775563,2.953660666495592,5.6360535058213606e-05,-2.1167333761798304,-2.168436829243795,-0.9522050062762659,-1.5917938391314905,1.5708465576171875,0.1492399275302887,0
969,1788171000.1750531,-0.4703007559619218,-0.56209992877028,0.22033785233267922,1.0699318401906224,2.953686088640286,0.0003293218995900076,-2.118039909993307,-2.1650293509112757,-0.9578130880938929,-1.5897706190692347,1.5708465576171875,0.14782391488552094,0
970,1788171000.2128146,-0.47030541991276603,-0.5605468951393393,0.22043038292798056,1.0700733077797362,2.953696003466068,-0.00021112631335452363,-2.1191661993609827,-2.16135818163027,-0.9635537306415003,-1.5873525778399866,1.5708585977554321,0.14678016304969788,0
971,1788171000.2518477,-0.4702703079529754,-0.5592272547998779,0.2203534093473246,1.0702459349233893,2.953569887969343,0.0002489324492847024,-2.1200769583331507,-2.158562962208883,-0.9681561628924769,-1.5858443419085901,1.5708585977554321,0.14600007236003876,0
972,1788171000.2895727,-0.4702106465665435,-0.557677962861317,0.2202271350992861,1.0700975476263774,2.953555026672068,0.0006470241113175146,-2.121131722127096,-2.155203167592184,-0.9737885634051722,-1.5838330427752894,1.5708705186843872,0.1448597013950348,0
973,1788171000.3283973,-0.47019365717334294,-0.5560893248411888,0.2203197787090464,1.0699554573630619,2.953669914403653,0.00037637443560832286,-2.122258011494772,-2.1515687147723597,-0.9793971220599573,-1.5816782156573694,1.5708465576171875,0.1436234563589096,0
974,1788171000.367506,-0.4701719983079036,-0.5544594953722618,0.22047059187997387,1.0703772764376984,2.953566385534261,2.422082707990349e-05,-2.123420540486471,-2.147825543080465,-0.9850299994098108,-1.579559628163473,1.5708465576171875,0.14273586869239807,0
975,1788171000.4067943,-0.47010194072996714,-0.5528177666325145,0.22030288583228771,1.070449842477832,2.9534979987299947,0.0004136340178077471,-2.1245349089251917,-2.1442864576922815,-0.9910224119769495,-1.5773571173297327,1.5708345174789429,0.1416797637939453,0
976,1788171000.4453769,-0.4700141443276556,-0.5512563225954125,0.22030428823367784,1.070261854554024,2.953595146446649,0.0002075041223660628,-2.1255772749530237,-2.140662972127096,-0.9967988173114222,-1.5750702063189905,1.5708345174789429,0.14050380885601044,0
977,1788171000.4838681,-0.4698924628146442,-0.549628159073191,0.22041628423664303,1.0705234307828115,2.9534947142732055,-2.7797571248188514e-05,-2.126643959675924,-2.136847798024313,-1.00258714357485,-1.572951618825094,1.5708705186843872,0.1396154761314392,0
978,1788171000.5242336,-0.4696632637265984,-0.5483949550476894,0.22038922501218816,1.0706266729906455,2.953451629441044,0.00010204586748680676,-2.1272791067706507,-2.13383657137026,-1.0073931852923792,-1.5712388197528284,1.5708585977554321,0.13905146718025208,0
979,1788171000.5639813,-0.4691795380127322,-0.5468086406216388,0.22033005618904772,1.0703554558516453,2.953481328635197,0.0003070974533310115,-2.127890412007467,-2.1296613852130335,-1.0140917936908167,-1.5688565413104456,1.570894479751587,0.13827137649059296,0
980,1788171000.6027095,-0.4686292920289008,-0.5452278537269067,0.22037466196438035,1.070211548037311,2.953639360799646,-6.631415438448758e-05,-2.1283939520465296,-2.125138584767477,-1.0211508909808558,-1.5660670439349573,1.5708465576171875,0.13764743506908417,0
981,1788171000.6409981,-0.4680080630325012,-0.543563346414302,0.22033262716682223,1.0703268230000522,2.953575062193763,0.00026966787045071234,-2.128885094319479,-2.120627228413717,-1.0282815138446253,-1.5636614004718226,1.5708225965499878,0.1372392326593399,0
982,1788171000.679435,-0.4674050772581848,-0.5419138095028384,0.22016913110313108,1.0704609559006724,2.953394031184432,0.0008221770948044408,-2.1294124762164515,-2.1163085142718714,-1.0353644529925745,-1.5612672011004847,1.5708705186843872,0.1368313878774643,0
983,1788171000.7203972,-0.4667332429643716,-0.5402964554917944,0.22026725819155193,1.0705256715105314,2.9533547584952498,0.0006600738710363125,-2.129831616078512,-2.1116536299334925,-1.0423997084247034,-1.558789078389303,1.5709065198898315,0.13645949959754944,0
984,1788171000.7599342,-0.4660637328526737,-0.5387335916543677,0.2204098630040062,1.0705951936669038,2.9534395714793495,0.00017244881238450717,-2.130191151295797,-2.1069868246661585,-1.0493748823748987,-1.5561555067645472,1.5708705186843872,0.1361231952905655,0
985,1788171000.7996979,-0.46532252639036925,-0.5371110291835549,0.2202919113842986,1.0707668268721493,2.953359747482398,0.0004717514243417179,-2.130514923726217,-2.1024158636676233,-1.0567215124713343,-1.5535696188556116,1.5708465576171875,0.1359194666147232,0
986,1788171000.8374467,-0.46440295694878275,-0.5355532726505506,0.22036290787601512,1.070650337589254,2.9533713401375197,0.00032408779227804393,-2.130598847066061,-2.097509209309713,-1.0641520659076136,-1.550959889088766,1.570894479751587,0.13576330244541168,0
987,1788171000.877119,-0.4635230791523989,-0.5340233863608878,0.2202668364540644,1.0705856812646575,2.9534137873826505,0.00046113678209775126,-2.1306827704059046,-2.092853848134176,-1.0715587774859827,-1.5482900778399866,1.5708585977554321,0.1356314718723297,0
988,1788171000.91507,-0.46258029401393075,-0.532587565862057,0.22035546945922624,1.0707168960853866,2.9534454687572453,-0.00017102634084458323,-2.130634609852926,-2.0879948774920862,-1.0789054075824183,-1.5453932921039026,1.5708705186843872,0.13575130701065063,0
989,1788171000.9540887,-0.4617015932886914,-0.5313734691406005,0.22041670883815578,1.0705227903589738,2.9535162486150544,-0.000173948914196662,-2.130491081868307,-2.083963696156637,-1.0849335829364222,-1.5433943907367151,1.5708705186843872,0.13576330244541168,0
990,1788171000.9929838,-0.46060306501215265,-0.5298393528441888,0.22030117879891106,1.0704251531520748,2.9534663968013644,0.00041112900714026623,-2.1303232351886194,-2.0791528860675257,-1.0924962202655237,-1.5410235563861292,1.5708705186843872,0.13588351011276245,0
991,1788171001.030613,-0.4594859561001445,-0.5283837516007504,0.22043551320799482,1.0703132966983187,2.953544941149413,0.0001504841980678333,-2.130071465169088,-2.0741384665118616,-1.0998428503619593,-1.5385215918170374,1.5708705186843872,0.13605129718780518,0
992,1788171001.0699294,-0.4584164251805246,-0.5269973246290861,0.22048912893922964,1.0702243798651376,2.9536299143632347,-0.000123104525863033,-2.129819695149557,-2.0693638960467737,-1.1070101896869105,-1.5359481016742151,1.5708585977554321,0.1362314224243164,0
993,1788171001.1093638,-0.45724584709444543,-0.5255977482209983,0.2204230048873943,1.0700170107069673,2.9536637189881163,7.219873158988226e-05,-2.129460159932272,-2.0646007696734827,-1.1143692175494593,-1.5334818998919886,1.5708705186843872,0.13645949959754944,0
994,1788171001.1477249,-0.45638901557824485,-0.5244546827753472,0.22046596251061612,1.0700266512387242,2.953745323627328,-0.00015517643073062663,-2.129268471394674,-2.060725514088766,-1.120157543812887,-1.5314105192767542,1.5708225965499878,0.13663926720619202,0
995,1788171001.1879928,-0.4552412098943407,-0.5230310017121814,0.22042522006654375,1.0698882173963966,2.9537495273806704,-1.801720828735913e-05,-2.1289566198932093,-2.055962864552633,-1.127420727406637,-1.5290043989764612,1.5708465576171875,0.13686734437942505,0
996,1788171001.2257502,-0.45410131831407835,-0.5216172301110911,0.220412285727173,1.0699317573877751,2.953701205802456,2.689016920704071e-05,-2.1286452452289026,-2.0512121359454554,-1.1345880667315882,-1.5266221205340784,1.5708705186843872,0.137215256690979,0
997,1788171001.2629652,-0.45300001389636557,-0.5202425242485036,0.22061880068208228,-1.0698577474145106,-2.953770541339037,0.0006692020877636764,-2.128333870564596,-2.046305004750387,-1.14152700105776,-1.5241320768939417,1.5708465576171875,0.13746730983257294,0
998,1788171001.3012002,-0.45184692059465276,-0.5187625743971649,0.22049061267015774,1.06995066767581,2.9536935609242274,-5.828977107511002e-05,-2.1280582586871546,-2.041662041340963,-1.1486943403827112,-1.522013012562887,1.5708825588226318,0.1378152221441269,0
999,1788171001.3387456,-0.45095580174716154,-0.5175729881034973,0.22046717132179872,1.0699452208675417,2.9536765066276742,0.00016471860529841992,-2.127866570149557,-2.0378831068622034,-1.154351536427633,-1.5202773253070276,1.5708705186843872,0.13800734281539917,0
