frame_index,timestamp,tcp_x,tcp_y,tcp_z,tcp_rx,tcp_ry,tcp_rz,joint_0,joint_1,joint_2,joint_3,joint_4,joint_5,suction_on
0,1788171791.693588,-0.10913547146181153,-0.48686037743821464,0.28585144794868805,-1.2021700238751232,2.902423711838227,4.134861623077239e-05,-1.5707843939410608,-1.570723835621969,-1.5708773771869105,-1.5708320776568812,1.5708345174789429,-0.7853549162494105,0
1,1788171791.7378507,-0.10912910164189912,-0.48687103724838454,0.28585771667539295,-1.2022329730213288,2.902426931893145,3.706754103874716e-05,-1.5707600752459925,-1.5707357565509241,-1.5708525816546839,-1.5708320776568812,1.5708105564117432,-0.7853668371783655,0
2,1788171791.7756112,-0.10912997383916664,-0.48686838309620467,0.28585771709491825,-1.2021633955890518,2.9024077095758622,8.19082704139148e-06,-1.5707843939410608,-1.5707357565509241,-1.5708525816546839,-1.5708320776568812,1.5708585977554321,-0.7853549162494105,0
3,1788171791.8134766,-0.10912668673307054,-0.486860732254368,0.28589254052345964,-1.2022660116781632,2.9024068695699965,-8.837292863174977e-05,-1.5707719961749476,-1.5706761519061487,-1.5708406607257288,-1.5708320776568812,1.5708465576171875,-0.785403076802389,0
4,1788171791.8532944,-0.10913852651850071,-0.4868564636785252,0.28585522804140306,-1.2021986895618362,2.902395057275812,5.07167818880247e-05,-1.570796314870016,-1.570723835621969,-1.5708649794207972,-1.5708559195147913,1.5708465576171875,-0.7853906790362757,0
5,1788171791.895127,-0.10911846777255346,-0.48685601893259545,0.2858471686083346,-1.202198711800475,2.9023442338429537,8.097740280989859e-05,-1.5707719961749476,-1.5707357565509241,-1.5708649794207972,-1.5708797613727015,1.5708825588226318,-0.7853787581073206,0
6,1788171791.9361737,-0.1091330562067768,-0.4868643604926033,0.28586126505084686,-1.2022273244117576,2.902364370637419,1.8320461413148054e-05,-1.570796314870016,-1.5707357565509241,-1.5708406607257288,-1.5708559195147913,1.5708705186843872,-0.785414997731344,0
7,1788171791.9783235,-0.10912088237964868,-0.48687619699105167,0.28586683702698246,-1.2022201738223772,2.9023960344804296,1.6120349959938122e-05,-1.5707600752459925,-1.5707481543170374,-1.5708168188678187,-1.5708559195147913,1.5708465576171875,-0.7853668371783655,0
8,1788171792.020765,-0.10912635306595407,-0.4868658618425451,0.2858623472491779,-1.2022632453474154,2.902402154362398,3.052185966956645e-05,-1.5707600752459925,-1.570723835621969,-1.5708525816546839,-1.5708444754229944,1.5708225965499878,-0.7853906790362757,0
9,1788171792.06148,-0.10911759535480428,-0.48686938527715196,0.2858541003954703,-1.2022544838832128,2.9023790495988626,7.525678734727115e-05,-1.5707476774798792,-1.5707481543170374,-1.5708406607257288,-1.5708678404437464,1.5708345174789429,-0.7853787581073206,0
10,1788171792.1023915,-0.1091093757362497,-0.48688055414412074,0.28586577810210667,-1.2022696007655997,2.9023666085768123,-5.087376142152283e-05,-1.5707476774798792,-1.5707357565509241,-1.5708406607257288,-1.570808235798971,1.5708705186843872,-0.7853906790362757,0
11,1788171792.1433344,-0.109135777754818,-0.4868669732584336,0.2858528089419715,-1.202163325716939,2.9024075409431314,8.881514183223351e-06,-1.570796314870016,-1.5707357565509241,-1.5708649794207972,-1.570820156727926,1.5708585977554321,-0.7853668371783655,0
12,1788171792.1853547,-0.10912031728387972,-0.48686155384148005,0.28585027455537204,-1.202330195378103,2.902364149308041,6.650464615006732e-05,-1.5707476774798792,-1.570723835621969,-1.5708773771869105,-1.5708444754229944,1.5708225965499878,-0.7854269186602991,0
13,1788171792.228017,-0.10913215708398336,-0.48685911777419394,0.2858552278321609,-1.202260444987919,2.9023934380852285,6.512064752130891e-05,-1.5707719961749476,-1.570723835621969,-1.5708649794207972,-1.5708559195147913,1.5708225965499878,-0.785403076802389,0
14,1788171792.2688122,-0.10913547140213385,-0.48686537852710277,0.28584942441108774,-1.202166601615051,2.902415451237023,7.525617138164974e-05,-1.5707843939410608,-1.5707481543170374,-1.5708525816546839,-1.5708559195147913,1.5708345174789429,-0.7853549162494105,0
15,1788171792.3081844,-0.109129435213989,-0.4868723487225945,0.2858681519036422,-1.2022787678993676,2.902388740932838,6.055279326842598e-06,-1.5707719961749476,-1.5707357565509241,-1.5708287397967737,-1.5708444754229944,1.5708345174789429,-0.785414997731344,0
16,1788171792.350034,-0.10912635313732158,-0.48686389326610063,0.2858797591802038,-1.202286475042522,2.902407344764804,-2.1378234531017854e-05,-1.5707600752459925,-1.5706999937640589,-1.5708406607257288,-1.5708444754229944,1.5708225965499878,-0.785403076802389,0
17,1788171792.390837,-0.10914707928379407,-0.4868743220744541,0.28587738599224555,-1.202180639340392,2.9024493352923613,-6.383612447311675e-05,-1.570808235798971,-1.570723835621969,-1.5708287397967737,-1.570808235798971,1.5708345174789429,-0.7853787581073206,0
18,1788171792.4336956,-0.10912668669696833,-0.4868622158661353,0.28586815129062987,-1.2022046202464172,2.9024074144274894,-1.1800492236805982e-06,-1.5707719961749476,-1.570711914693014,-1.5708525816546839,-1.5708444754229944,1.5708465576171875,-0.7853668371783655,0
19,1788171792.4758072,-0.10912668638156202,-0.4868751791856929,0.28586464945030965,-1.2022410355650068,2.902397465682315,-1.9172869556086884e-05,-1.5707719961749476,-1.5707357565509241,-1.5708406607257288,-1.570820156727926,1.5708465576171875,-0.7853906790362757,0
20,1788171792.5163317,-0.10913272270612853,-0.4868597171139415,0.28583286309625733,-1.202176011703149,2.902389242156956,0.00010400145323800414,-1.5707843939410608,-1.5707481543170374,-1.5708888212787073,-1.5708444754229944,1.5708465576171875,-0.7853668371783655,0
21,1788171792.5583045,-0.10912635287834026,-0.4868710371487388,0.2858577167310552,-1.202211416130504,2.9024238209392506,2.9830875782256232e-05,-1.5707600752459925,-1.5707357565509241,-1.5708525816546839,-1.5708320776568812,1.5708225965499878,-0.7853549162494105,0
22,1788171792.600888,-0.10912668676970086,-0.4868592264567246,0.2858601361917541,-1.202216751219445,2.902387774052207,5.002672310437649e-05,-1.5707719961749476,-1.570723835621969,-1.5708525816546839,-1.5708678404437464,1.5708465576171875,-0.7853787581073206,0
23,1788171792.642382,-0.10914127528193539,-0.48686697321960126,0.28586234767396534,-1.2021891394071167,2.90242092907565,2.3355448967514935e-05,-1.570796314870016,-1.5707357565509241,-1.5708406607257288,-1.5708444754229944,1.5708345174789429,-0.7853787581073206,0
24,1788171792.684873,-0.10912088275431732,-0.4868658616930556,0.2858574844346623,-1.2022900638778546,2.902367083615547,1.611812814596113e-05,-1.5707600752459925,-1.570723835621969,-1.5708649794207972,-1.5708320776568812,1.5708465576171875,-0.785414997731344,0
25,1788171792.722856,-0.10912997384176366,-0.48686816529086857,0.28584790078907707,-1.2021978551751915,2.902393041258625,9.573499408997227e-06,-1.5707843939410608,-1.5707357565509241,-1.5708773771869105,-1.570808235798971,1.5708585977554321,-0.7853787581073206,0
26,1788171792.7620604,-0.10913490584489666,-0.4868592266566868,0.28586013592684983,-1.2022121813621702,2.9024256683096823,7.166716069401563e-05,-1.5707719961749476,-1.570723835621969,-1.5708525816546839,-1.5708678404437464,1.5708105564117432,-0.7853668371783655,0
27,1788171792.8007133,-0.10912910161460093,-0.48687179037401507,0.28587625707503295,-1.2022572560677987,2.9024366232499155,-3.213299676150169e-05,-1.5707600752459925,-1.570711914693014,-1.5708406607257288,-1.570820156727926,1.5708105564117432,-0.7853787581073206,0
28,1788171792.8386073,-0.10913215683251556,-0.48686945321957587,0.2858552284557172,-1.2022424534651286,2.9024008909375105,6.512109096314777e-05,-1.5707719961749476,-1.5707481543170374,-1.5708406607257288,-1.5708559195147913,1.5708225965499878,-0.7853906790362757,0
29,1788171792.8800564,-0.10913547162289529,-0.4868468780822456,0.28584136355392514,-1.2022312527606156,2.9023738557902545,0.0001271522719454455,-1.5707843939410608,-1.570723835621969,-1.5708888212787073,-1.5708797613727015,1.5708345174789429,-0.785403076802389,0
30,1788171792.9203038,-0.10911813361608635,-0.48687619703879126,0.2858574852128396,-1.2022505156610015,2.9023714257887887,8.882196268381227e-06,-1.5707600752459925,-1.5707481543170374,-1.5708406607257288,-1.5708320776568812,1.5708585977554321,-0.7853906790362757,0
31,1788171792.9621935,-0.10912363171519786,-0.4868604185976358,0.2858552279198776,-1.2022555378977378,2.90238355033917,5.7955918347659104e-05,-1.5707600752459925,-1.570723835621969,-1.5708649794207972,-1.5708559195147913,1.5708345174789429,-0.7853906790362757,0
32,1788171793.003472,-0.10913215708398336,-0.48685911777419394,0.2858552278321609,-1.202242453465129,2.9024008909375096,6.512109096314777e-05,-1.5707719961749476,-1.570723835621969,-1.5708649794207972,-1.5708559195147913,1.5708225965499878,-0.7853906790362757,0
33,1788171793.0461466,-0.10912088286663849,-0.48686276326516076,0.2858494242461277,-1.2022322347426555,2.9023762253173824,6.80190375616529e-05,-1.5707600752459925,-1.5707357565509241,-1.5708649794207972,-1.5708559195147913,1.5708465576171875,-0.7853787581073206,0
34,1788171793.0871232,-0.10913215700860068,-0.4868622161060124,0.28586328805763106,-1.202265683318828,2.902406082083725,1.3221339858484194e-05,-1.5707719961749476,-1.570711914693014,-1.5708649794207972,-1.5708320776568812,1.5708225965499878,-0.785403076802389,0
35,1788171793.1289086,-0.10913490539054453,-0.48687790083179794,0.28587045348126716,-1.2022036105427956,2.9024539065114725,-1.4832762990640308e-05,-1.5707719961749476,-1.5707357565509241,-1.5708287397967737,-1.570820156727926,1.5708105564117432,-0.7853549162494105,0
36,1788171793.169047,-0.10912393813470789,-0.48685394230507656,0.285850506687633,-1.2022296536055572,2.90236999425934,4.4172797089728264e-05,-1.5707719961749476,-1.570711914693014,-1.5708888212787073,-1.5708444754229944,1.5708585977554321,-0.7853906790362757,0
37,1788171793.2151964,-0.10911813409913758,-0.48686287203964956,0.2858543325498022,-1.20221074771118,2.9023732832914018,6.0090727098783284e-05,-1.5707600752459925,-1.5707357565509241,-1.5708525816546839,-1.5708678404437464,1.5708585977554321,-0.7853668371783655,0
38,1788171793.2525315,-0.10912668670612924,-0.486861839169778,0.285847004253046,-1.2021492290302698,2.902420482728408,3.342137632316566e-05,-1.5707719961749476,-1.570723835621969,-1.5708888212787073,-1.570820156727926,1.5708465576171875,-0.7853310743915003,0
39,1788171793.2922466,-0.10913272269246098,-0.48686086300836445,0.2858632882668732,-1.2022392195606537,2.9023930828424707,-1.182117485658157e-06,-1.5707843939410608,-1.570711914693014,-1.5708649794207972,-1.5708320776568812,1.5708465576171875,-0.785403076802389,0
40,1788171793.3332527,-0.10913577775485343,-0.48686385969681245,0.28584447141304126,-1.2021925462056007,2.9023802287681555,6.216273427896839e-05,-1.570796314870016,-1.5707481543170374,-1.5708649794207972,-1.5708444754229944,1.5708585977554321,-0.7853906790362757,0
41,1788171793.3732047,-0.10913272269695397,-0.4868604862052231,0.285847004253046,-1.202253026513898,2.902377487717657,3.341659198618813e-05,-1.5707843939410608,-1.570723835621969,-1.5708888212787073,-1.570820156727926,1.5708465576171875,-0.785414997731344,0
42,1788171793.415333,-0.10912943521398262,-0.4868723488652765,0.2858539369111205,-1.2022088772630606,2.902417691382497,6.056900905008069e-06,-1.5707719961749476,-1.5707357565509241,-1.5708649794207972,-1.570808235798971,1.5708345174789429,-0.7853668371783655,0
43,1788171793.4588916,-0.10913547143850802,-0.4868623301001145,0.28583843487637295,-1.2021819455332972,2.90240356490114,9.463120277009558e-05,-1.5707843939410608,-1.5707481543170374,-1.5708773771869105,-1.5708444754229944,1.5708345174789429,-0.7853668371783655,0
44,1788171793.5001879,-0.10911541246661102,-0.48686520155133856,0.2858433886097072,-1.2022572359547934,2.902336771870929,7.160617026374344e-05,-1.5707600752459925,-1.5707481543170374,-1.5708649794207972,-1.5708559195147913,1.5708705186843872,-0.785403076802389,0
45,1788171793.5423894,-0.10912393787635541,-0.48686456069371,0.28584813262051856,-1.2022685070599703,2.9023639730285558,8.880207869456479e-06,-1.5707719961749476,-1.570723835621969,-1.5708888212787073,-1.570808235798971,1.5708585977554321,-0.785414997731344,0
46,1788171793.585797,-0.1091236315354791,-0.48686537611805514,0.28585050714602434,-1.2022035694535083,2.902404879910347,5.8649503985399374e-05,-1.5707600752459925,-1.5707357565509241,-1.5708649794207972,-1.5708444754229944,1.5708345174789429,-0.7853549162494105,0
47,1788171793.6279309,-0.10913305620758029,-0.4867941591146252,0.28569707911468634,-1.2021221511735116,2.902308171588431,0.0003677650652684262,-1.570796314870016,-1.5706999937640589,-1.5712369124041956,-1.5707362333880823,1.5708705186843872,-0.7853668371783655,0
48,1788171793.670526,-0.10912394001671867,-0.48677658590281936,0.28527302153675016,-1.2021802514090452,2.902250772728692,0.0005333849247881363,-1.5707719961749476,-1.570711914693014,-1.5722797552691858,-1.5697906653033655,1.5708585977554321,-0.7853906790362757,0
49,1788171793.7109287,-0.10911813618882131,-0.48680521799115006,0.28407564606692337,-1.202190177376971,2.90227472691175,0.0004351339611935525,-1.5707600752459925,-1.5707481543170374,-1.5753124395953577,-1.5666540304767054,1.5708585977554321,-0.7853787581073206,0
50,1788171793.7534692,-0.10913215819704028,-0.4868133352723858,0.2816635014128299,-1.2021828476242349,2.902354860296011,0.0003128502527322834,-1.5707719961749476,-1.5707600752459925,-1.5814741293536585,-1.5603812376605433,1.5708225965499878,-0.7853668371783655,0
51,1788171793.7949357,-0.10912363425345262,-0.4867903601625949,0.27867823106652345,-1.2022275553227035,2.902265137425634,0.0005132656760674208,-1.5707600752459925,-1.5708807150470179,-1.5889304319964808,-1.5529473463641565,1.5708345174789429,-0.785403076802389,0
52,1788171793.833264,-0.10912944672202374,-0.48639927488869744,0.27541031885327666,-1.202276951839574,2.90238435780359,2.4046992027900195e-05,-1.5707719961749476,-1.5699566046344202,-1.5982688109027308,-1.5441959539996546,1.5708345174789429,-0.785414997731344,0
53,1788171793.8726642,-0.10912916782824321,-0.4850452078998719,0.2722165970685674,-1.2022700581599137,2.902367717428305,0.00019068785440720085,-1.5707600752459925,-1.5670536200152796,-1.6092851797686976,-1.536187473927633,1.5708105564117432,-0.785403076802389,0
54,1788171793.9142742,-0.10913276411057211,-0.48338964366098075,0.2690816973807035,-1.2014644237149055,2.9027362007681736,-7.936310164621948e-05,-1.5707843939410608,-1.5633590857135218,-1.6209967772113245,-1.527999226246969,1.5708465576171875,-0.7848637739764612,0
55,1788171793.9564164,-0.10911784416453248,-0.48175494844221095,0.2657631680449789,-1.199772610824795,2.9033255113895797,0.0003577622342401386,-1.5707476774798792,-1.5600245634662073,-1.6326964537249964,-1.5199301878558558,1.5708345174789429,-0.7836883703814905,0
56,1788171793.9988124,-0.1091295965007591,-0.48024319068105054,0.2626855242594879,1.1981014895937723,-2.9041197582100633,0.00030612142804364834,-1.5707719961749476,-1.5566304365741175,-1.6440132300006312,-1.511550251637594,1.5708345174789429,-0.7825363318072718,0
57,1788171794.0422459,-0.10912666425411113,-0.47828157412457234,0.25870982663343656,-1.1962900554108622,2.904864763236263,4.656903976514056e-05,-1.5707600752459925,-1.5527318159686487,-1.6579425970660608,-1.5017574469195765,1.5708225965499878,-0.7812774817096155,0
58,1788171794.0854552,-0.10912693654359171,-0.47659314554980653,0.2555236206645952,-1.1946359246313185,2.9054487294576354,0.00028929007648728075,-1.5707719961749476,-1.5493977705584925,-1.669307057057516,-1.493903938923971,1.5708465576171875,-0.7801740805255335,0
59,1788171794.1288064,-0.10913244496681354,-0.47502671602361685,0.2525065177316633,-1.1936203076170109,2.9059015078250727,0.0002634806890017378,-1.5707719961749476,-1.5462668577777308,-1.6800835768329065,-1.4862306753741663,1.5708225965499878,-0.7794664541827601,0
60,1788171794.1707726,-0.10912701999767394,-0.4731630969954241,0.2500357932142517,1.1928153804647261,-2.906321252150361,0.0002642177288346152,-1.5707719961749476,-1.5422003904925745,-1.6904414335833948,-1.4795859495746058,1.5708465576171875,-0.7788909117328089,0
61,1788171794.2121086,-0.10912158887947845,-0.4715522182706877,0.24886110392087024,-1.1926594876620753,2.9063872420512475,-0.0002577186423644282,-1.5707719961749476,-1.5386622587787073,-1.696866814290182,-1.476713005696432,1.5708705186843872,-0.778783146535055,0
62,1788171794.2532966,-0.10913577794916988,-0.469925709318861,0.24845372302080493,-1.1926424995746514,2.906347838726316,-4.411458247535836e-05,-1.570796314870016,-1.5349915663348597,-1.7014105955706995,-1.4759820143329065,1.5708585977554321,-0.7788069883929651,0
63,1788171794.2964156,-0.10913852673138916,-0.4683623056947417,0.24854627629708054,1.192715698096038,-2.9063762573569236,0.00021432779601675744,-1.570796314870016,-1.531213108693258,-1.7048266569720667,-1.476222340260641,1.5708465576171875,-0.7788432280169886,0
64,1788171794.3401647,-0.10922239263863384,-0.46651408275717293,0.24853833146674062,1.1925987499494286,-2.9063891755323903,0.00033835182854520155,-1.5709760824786585,-1.5268471876727503,-1.7090352217303675,-1.4762943426715296,1.5708465576171875,-0.7789509932147425,0
65,1788171794.3822386,-0.10936133022917041,-0.4649018890522438,0.24848341674891378,1.192383829980821,-2.9065106099470213,0.00022056223225704443,-1.57127553621401,-1.5231650511371058,-1.7126548925982874,-1.4764378706561487,1.5708465576171875,-0.7790945211993616,0
66,1788171794.4261844,-0.10950203277568903,-0.46297006810655505,0.24846880698106613,-1.1920692158898079,2.906635717637612,-0.00013093077621222546,-1.5715754667865198,-1.518702809010641,-1.7168987433062952,-1.476713005696432,1.5708345174789429,-0.7791789213763636,0
67,1788171794.4698453,-0.10959772545181298,-0.4613470773827981,0.24830039368072723,-1.1921278179936408,2.9065812068477963,-0.00017183960035482368,-1.571803394948141,-1.5149486700641077,-1.7208669821368616,-1.476485554371969,1.5708705186843872,-0.779454533253805,0
68,1788171794.5123978,-0.10971446440566537,-0.45962546058229725,0.24722289457072927,-1.1919222411653358,2.9064747878337776,0.000550740071213214,-1.5720551649676722,-1.5114343802081507,-1.7268012205706995,-1.474558178578512,1.5708585977554321,-0.7796109358416956,0
69,1788171794.5547218,-0.10984656234629034,-0.45778082111419277,0.24502409968099623,-1.191923268722105,2.9066272738219614,6.062425465595109e-05,-1.5723426977740687,-1.5074761549579065,-1.7362116018878382,-1.4687636534320276,1.5708465576171875,-0.7798622290240687,0
70,1788171794.5975623,-0.10993457067149125,-0.45620205258604424,0.24223262841612456,-1.1918616338539625,2.90667635391683,2.6261003034050775e-05,-1.5725348631488245,-1.504465405141012,-1.7461732069598597,-1.4617841879474085,1.5708345174789429,-0.780006233845846,0
71,1788171794.6399865,-0.10993967369460773,-0.45451132996845584,0.23886908157997838,-1.1916510906017355,2.9065597513135057,0.0005933188847505816,-1.5725706259356897,-1.5015748182879847,-1.7573822180377405,-1.4538710753070276,1.5708705186843872,-0.7799461523639124,0
72,1788171794.6834414,-0.10995014228292312,-0.4526960690398457,0.23508525895916565,-1.1916532391513013,2.9067623745044004,0.00012301213610363195,-1.5725706259356897,-1.4981806913958948,-1.7703173796283167,-1.4439814726458948,1.5708105564117432,-0.7798984686480921,0
73,1788171794.7263417,-0.10995520669531404,-0.45103623605770843,0.2318336840373066,-1.1915557250765765,2.90672197701428,0.0003567961159516197,-1.5725944677936,-1.4953377882586878,-1.7812512556659144,-1.4360564390765589,1.5708225965499878,-0.7798746267901819,0
74,1788171794.7689192,-0.109979272225268,-0.4493973201837649,0.22859661537111858,-1.191253686997753,2.906782930045644,0.0005783971323555465,-1.5726545492755335,-1.4926026503192347,-1.7920525709735315,-1.4281428495990198,1.5708225965499878,-0.7797420660602015,0
75,1788171794.8139496,-0.10999178256930198,-0.44758288959992865,0.2249059441939575,1.191057546034111,-2.907044983921288,0.00025310623001737625,-1.5727022329913538,-1.4893048445331019,-1.8047121206866663,-1.4182184378253382,1.5708465576171875,-0.7796109358416956,0
76,1788171794.856132,-0.10999941900477504,-0.44589742670665106,0.22160359382894967,-1.1908208386714456,2.9070164869388826,0.00028154123673292613,-1.5727265516864222,-1.486713711415426,-1.8155015150653284,-1.4103882948504847,1.5708465576171875,-0.7795026938067835,0
77,1788171794.8946478,-0.10999555901643669,-0.4439883468487659,0.21779021724228959,-1.1905997092632363,2.9071227764249987,0.00012732718026956034,-1.5727384726153772,-1.4836190382586878,-1.8281853834735315,-1.4007027784930628,1.5708705186843872,-0.7793586889850062,0
78,1788171794.9365463,-0.10999267974562517,-0.44240599449752893,0.21466509178003526,-1.1903921929369992,2.9072623092943375,3.3628996150343356e-05,-1.5727265516864222,-1.4811003843890589,-1.83856708208193,-1.3927653471576136,1.5708465576171875,-0.7791908423053187,0
79,1788171794.9808035,-0.10999213171672205,-0.44082234158811207,0.2114233125615706,-1.1901668845212836,2.9073584098824896,-2.9665170461170754e-05,-1.5727384726153772,-1.478713337575094,-1.849128548298971,-1.384552303944723,1.5708585977554321,-0.7790468374835413,0
80,1788171795.025091,-0.11001049744468626,-0.4392367387803833,0.20825906176958803,1.1899527019396732,-2.9074816964833294,0.00016024656689824648,-1.5727623144732874,-1.4763148466693323,-1.8595226446734827,-1.3764470259295862,1.5708105564117432,-0.778914753590719,0
81,1788171795.0693905,-0.10999583922877303,-0.4372157189402188,0.204355370687858,-1.1894420940897559,2.9075273128573826,0.000520859619345763,-1.5727503935443323,-1.4735801855670374,-1.872002903615133,-1.3671801725970667,1.5708345174789429,-0.7785909811602991,0
82,1788171795.1114237,-0.1099352326798585,-0.4356624839376796,0.201150630876466,-1.1890502034585708,2.9077621610594018,0.00025770423159606615,-1.57261830965151,-1.47133714357485,-1.8823969999896448,-1.3588479200946253,1.5708345174789429,-0.7781713644610804,0
83,1788171795.1548216,-0.1098121134013555,-0.4337260031847509,0.19736680541833562,-1.1885391261512535,2.907956893600508,0.00030835957140589826,-1.5723426977740687,-1.46861440340151,-1.8946850935565394,-1.3493173758136194,1.5708345174789429,-0.7775476614581507,0
84,1788171795.1973386,-0.10967741944803724,-0.43210728023908523,0.1941183789283025,-1.1877505166591544,2.908218903518148,0.00047246562765952433,-1.572043244038717,-1.4664796034442347,-1.9050434271441858,-1.3412116209613245,1.5708465576171875,-0.7767203489886683,0
85,1788171795.2390013,-0.10954897194442192,-0.43046204190662096,0.19092193876913421,-1.1874219710878946,2.9083613274893585,0.0004936098986360343,-1.5717433134662073,-1.4642604033099573,-1.915377442036764,-1.3331063429461878,1.5708345174789429,-0.7761924902545374,0
86,1788171795.2820609,-0.10937792055668144,-0.4286244823351785,0.18710902585702952,-1.1873052371869601,2.908521232007673,0.00019462432402230601,-1.5713356176959437,-1.4618738333331507,-1.9275458494769495,-1.323108975087301,1.5708105564117432,-0.775677506123678,0
87,1788171795.3252316,-0.10924621806918969,-0.42702283340482966,0.18387591480091361,-1.1870217833877479,2.9086255250889743,0.00018543438093304945,-1.5710356871234339,-1.4599188009845179,-1.937772576008932,-1.3148358503924769,1.5708225965499878,-0.7751854101764124,0
88,1788171795.3697853,-0.10909248966653572,-0.42532647758996334,0.1806430193775986,-1.1865643135454567,2.908652275710838,0.0006560337952867381,-1.5706880728351038,-1.45795184770693,-1.9479392210589808,-1.3069694677936,1.5708465576171875,-0.7745617071734827,0
89,1788171795.4120548,-0.10892258792707155,-0.42350197797258626,0.17687579151247726,-1.1859300118034481,2.909040614611087,0.00024441145832755146,-1.570279900227682,-1.455780331288473,-1.9598682562457483,-1.2969239393817347,1.5708345174789429,-0.7736862341510218,0
90,1788171795.4549618,-0.10878679552129521,-0.42187235012708263,0.17365420404863438,-1.1853733461281621,2.909224671168093,0.0002975500571462487,-1.5699690024005335,-1.4539817015277308,-1.9699624220477503,-1.2886746565448206,1.5708585977554321,-0.7730029265033167,0
91,1788171795.49937,-0.10858730079273254,-0.41993815972594467,0.16981146715661358,-1.1852165186826538,2.909288361486841,0.00039934170134979145,-1.5694769064532679,-1.451918903981344,-1.9819515387164515,-1.2788084189044397,1.5708345174789429,-0.7724030653582972,0
92,1788171795.5404325,-0.1084589210221561,-0.41838805341139146,0.1666770211313392,-1.1849073059599187,2.909478279854246,0.0001703816899364784,-1.569165054951803,-1.4502995649920862,-1.99174672762026,-1.270475212727682,1.5708345174789429,-0.7718632856952112,0
93,1788171795.5843182,-0.10830355594225892,-0.4167763065250064,0.16336699071960492,-1.1846246790535138,2.9094853008529324,0.0004081660794416508,-1.5688055197345179,-1.4488843123065394,-2.0017688910113733,-1.2620461622821253,1.5708705186843872,-0.7713354269610804,0
94,1788171795.6274147,-0.10815861469598242,-0.41486595899639844,0.1595467706141817,-1.1836939781357971,2.9099463173175395,0.0002134494236815786,-1.5684335867511194,-1.4470613638507288,-2.013614002858297,-1.2518804709063929,1.5708465576171875,-0.770304028187887,0
95,1788171795.6711304,-0.10802865509890706,-0.4132749745187044,0.15642727064674958,-1.1825805593883807,2.910409479961635,0.00017606013591764388,-1.5681098143206995,-1.4456103483783167,-2.023252789174215,-1.243666950856344,1.5708465576171875,-0.7692125479327601,0
96,1788171795.715845,-0.10789840807603368,-0.4114106393191937,0.15257921462991145,-1.1817254353930502,2.910855776923275,-0.00013084600148605106,-1.5677741209613245,-1.4440863768206995,-2.0349906126605433,-1.2332375685321253,1.5708345174789429,-0.7682655493365687,0
97,1788171795.759361,-0.10777518038489951,-0.40973645266097874,0.14930122239741164,-1.1806627631737363,2.9111432904207355,0.0002880547733223277,-1.5674741903888147,-1.4428871313678187,-2.0448086897479456,-1.2249158064471644,1.5708585977554321,-0.7672699133502405,0
98,1788171795.8009958,-0.10764314007181279,-0.40785697799065906,0.1455361266964369,-1.179086084554165,2.911919127775864,-5.642006450246112e-05,-1.5671146551715296,-1.4414237181292933,-2.056342426930563,-1.2145946661578577,1.5708225965499878,-0.7657945791827601,0
99,1788171795.8405366,-0.10751600193566953,-0.40614219550656405,0.1422594227114995,-1.1781676510445998,2.9121594082397158,0.0004728904278244944,-1.5667789618121546,-1.4403088728534144,-2.066125218068258,-1.2062848250018519,1.5708105564117432,-0.7648595015155237,0
100,1788171795.8800147,-0.10739770893090878,-0.4045696993666419,0.13905949546679,-1.1770896420098553,2.912608287703057,0.0002739912003510536,-1.5664909521686,-1.4393366018878382,-2.075728718434469,-1.197531525288717,1.5708465576171875,-0.7638281027423304,0
101,1788171795.9170642,-0.10728412411038554,-0.40340405883804775,0.1365805221456351,-1.1759250127650367,2.9131967257328593,-0.00020812065490401782,-1.5662034193622034,-1.438641373311178,-2.083198849354879,-1.1904309431659144,1.5708585977554321,-0.7627127806292933,0
102,1788171795.958247,-0.1071845525702706,-0.401714377432664,0.13329351671480877,-1.17483165872745,2.9135075760944593,0.0004217873997174123,-1.5659154097186487,-1.437861744557516,-2.092789951954977,-1.1820367018329065,1.5708225965499878,-0.7617052237140101,0
103,1788171795.999976,-0.10703843488584146,-0.4001207519401047,0.1300651074377129,-1.1738471985446894,2.913886048714897,0.0003878658720059506,-1.5655439535724085,-1.437117878590719,-2.102332894002096,-1.1732237974749964,1.5708465576171875,-0.7606623808490198,0
104,1788171796.0422099,-0.10687455408182689,-0.398235650157311,0.12626661906437256,-1.1723599548560235,2.914529785741963,0.00027457021307425916,-1.5651000181781214,-1.4362905661212366,-2.1135790983783167,-1.162722412739889,1.5708345174789429,-0.7591870466815394,0
105,1788171796.084475,-0.10672051966067378,-0.396586591081421,0.12303363945056475,-1.1716101360829818,2.9147870877992976,0.0004891569787468744,-1.5646804014789026,-1.4356549421893519,-2.1230738798724573,-1.1540053526507776,1.5708225965499878,-0.7582634131060999,0
106,1788171796.127875,-0.10658784809620173,-0.39497374454582185,0.11985628458974248,-1.1707293726176413,2.915122246636831,0.0004566941965910534,-1.5643327871905726,-1.4350793997394007,-2.1324380079852503,-1.1452038923846644,1.5708465576171875,-0.7573159376727503,0
107,1788171796.170614,-0.10642483421512636,-0.39311988376550716,0.11629008130890292,-1.169018866411168,2.9158653520309987,0.00014484930860763487,-1.5639007727252405,-1.4343236128436487,-2.143132034932272,-1.1350615660296839,1.5708705186843872,-0.7556970755206507,0
108,1788171796.213272,-0.10628934607998095,-0.3915571470663486,0.11360421904261417,-1.168301538558653,2.916255965720456,-8.331723337098893e-05,-1.5635054747210901,-1.4333761374102991,-2.15153676668276,-1.1274340788470667,1.5708345174789429,-0.7547853628741663,0
109,1788171796.2558582,-0.1061685342162037,-0.38992238977476606,0.11171691360510136,-1.1674337580142642,2.916571200191147,8.813249995127893e-05,-1.5631573835956019,-1.4314692656146448,-2.1584304014789026,-1.1225598494159144,1.5708225965499878,-0.7538498083697718,0
110,1788171796.297529,-0.10598295436635513,-0.38798067553847987,0.1102952003202442,-1.1664313359473875,2.9169047276824274,0.00023706813535311958,-1.5626538435565394,-1.4281829039203089,-2.165156666432516,-1.1192310492144983,1.5708465576171875,-0.7526748816119593,0
111,1788171796.3365068,-0.10586732640878295,-0.3863733385827216,0.1100551036710117,-1.1663490607391778,2.916953142035197,0.00028291092339494036,-1.562305752431051,-1.4242842833148401,-2.169053379689352,-1.1192548910724085,1.5708225965499878,-0.7522667090045374,0
112,1788171796.3780057,-0.10573815311875631,-0.38479287434732773,0.11010463524117028,-1.1666047591937971,2.916884518787317,0.0001573403624119928,-1.5619342962848108,-1.4200270811664026,-2.172434155141012,-1.1200454870807093,1.5708225965499878,-0.7520626227008265,0
113,1788171796.4208646,-0.10560328427585688,-0.3832488446814584,0.11020438222834297,1.1666880577240748,-2.916889066078798,0.00019103275627593732,-1.5615385214435022,-1.4157093206988733,-2.1757429281817835,-1.1208117643939417,1.5708105564117432,-0.7517150084124964,0
114,1788171796.4635966,-0.10548935935665803,-0.3816511232146202,0.11017904916884946,-1.1666295344662274,2.9169444339518047,-0.00015582735738558788,-1.5612147490130823,-1.4115470091449183,-2.1791842619525355,-1.121566120778219,1.5708345174789429,-0.7513435522662562,0
115,1788171796.5047364,-0.10535129408987189,-0.379681066575102,0.11014229190177507,-1.1666199197611966,2.916872002335648,7.820242790323789e-05,-1.5608075300799769,-1.4064620176898401,-2.1833441893206995,-1.1226556936847132,1.5708465576171875,-0.7509477774249476,0
116,1788171796.5460696,-0.10522774616633226,-0.3781085161204568,0.11013777356762233,-1.166727444796877,2.9168866989880797,-3.45308620339685e-05,-1.5604236761676233,-1.4022401014911097,-2.186761204396383,-1.1233742872821253,1.5708225965499878,-0.7506240049945276,0
117,1788171796.5890272,-0.10511067761412878,-0.37653375204338607,0.11012246266333137,1.166576576421235,-2.9169632952901825,0.00018445715806700408,-1.560075585042135,-1.3980186621295374,-2.19019061723818,-1.124068562184469,1.5708345174789429,-0.7501686255084437,0
118,1788171796.6307108,-0.10496887945416372,-0.37495411408107976,0.11013905593592241,-1.1662552971272133,2.9170777029452855,-0.00030390000790636476,-1.5596802870379847,-1.3937366644488733,-2.19354755083193,-1.1249306837665003,1.5708825588226318,-0.7495563665973108,0
119,1788171796.6745026,-0.10480335050354272,-0.37291696063932595,0.11011383505554953,-1.166223877735572,2.916997146745934,0.00020416534307334092,-1.5591519514666956,-1.3884480635272425,-2.197683636342184,-1.126416031514303,1.5708465576171875,-0.74902850786318,0
120,1788171796.7162464,-0.1046730968907846,-0.3713796904711192,0.11014301306265795,-1.166437729201482,2.9169711300983896,3.215175941834342e-05,-1.558744255696432,-1.3842023054706019,-2.2009452025042933,-1.1272781530963343,1.5708345174789429,-0.7487533728228968,0
121,1788171796.7592242,-0.10453869926606205,-0.3698043874282195,0.11013296685639953,-1.1665532882475054,2.916959535061842,5.885149982853462e-06,-1.5583131949054163,-1.379932705556051,-2.20428973833193,-1.1281760374652308,1.5708105564117432,-0.7483933607684534,0
122,1788171796.8002346,-0.10435800045933419,-0.3678871606161701,0.11013537477032279,-1.1667271083014228,2.9168334262972664,1.0240038933290784e-05,-1.5577848593341272,-1.3747275511371058,-2.208282772694723,-1.1294096151935022,1.5708585977554321,-0.7479975859271448,0
123,1788171796.8414392,-0.10431292673361889,-0.36639624832085305,0.1101498104264611,-1.1667495161075288,2.9168914524424703,-0.00013833630603031193,-1.5575931707965296,-1.3706496397601526,-2.2113879362689417,-1.1302717367755335,1.5708345174789429,-0.747805420552389,0
124,1788171796.8824596,-0.10429838525010646,-0.36511083458738436,0.11016442543637145,1.1666584966399165,-2.916920013720099,0.0003308783402375928,-1.5575216452227991,-1.3671353499041956,-2.2140496412860315,-1.1310022513019007,1.5708585977554321,-0.7476733366595667,0
125,1788171796.9220874,-0.10427968995200088,-0.3647092481381821,0.11021920352906242,1.1667217916226151,-2.9167717175650285,0.0005869047582290827,-1.557425324116842,-1.3658760229693812,-2.214900318776266,-1.1312177816974085,1.5708105564117432,-0.7476494948016565,0
126,1788171796.9602609,-0.10427999762224102,-0.3647323157686895,0.1100201610474768,1.1667005926876743,-2.916821544112634,0.0005876340833120667,-1.5574496428119105,-1.3662002722369593,-2.2152121702777308,-1.1305950323687952,1.5708465576171875,-0.7476494948016565,0
127,1788171796.9996698,-0.10428447151189575,-0.3646030867359262,0.10890362694064418,-1.1667196510373175,2.916768416471929,0.00037338438465707533,-1.5574496428119105,-1.3675792852984827,-2.217142407094137,-1.1279366652118128,1.5708345174789429,-0.7476733366595667,0
128,1788171797.042511,-0.1042866466429625,-0.3645127168193702,0.10698602251643669,-1.1668736676457183,2.9165424309515786,0.0011005571586531137,-1.5574372450457972,-1.3700140158282679,-2.2205832640277308,-1.1225479284869593,1.5708105564117432,-0.747805420552389,0
129,1788171797.0862699,-0.10428148348132861,-0.36448968975704615,0.10436660633538783,-1.1672885438613336,2.916361640103808,0.001051323684188377,-1.5574372450457972,-1.373336140309469,-2.2254870573626917,-1.1142976919757288,1.5708345174789429,-0.7480934301959437,0
130,1788171797.12961,-0.10427186978374314,-0.3645940236784906,0.10131651235637418,-1.1684386458055174,2.916040375997564,0.0003662085301566578,-1.5574372450457972,-1.3774378935443323,-2.2311585585223597,-1.1040709654437464,1.5708705186843872,-0.7488492170916956,0
131,1788171797.170796,-0.10428181508216904,-0.3646685977513671,0.09756329875252226,-1.1704136038886337,2.915397128110833,1.2338711891481073e-05,-1.5574372450457972,-1.3826192061053675,-2.2379921118365687,-1.0917962233172815,1.5708225965499878,-0.7501686255084437,0
132,1788171797.2133915,-0.10427011043341206,-0.36469263620129755,0.09436556789982825,-1.172493407458265,2.914562484909849,-4.404865556785354e-05,-1.557413403187887,-1.3871286551104944,-2.243723217641012,-1.0815218130694788,1.5708345174789429,-0.7515714804278772,0
133,1788171797.2548347,-0.10426154171940698,-0.36467278476286535,0.0911302419883819,-1.1740737867102897,2.913897262811586,6.488022973001863e-05,-1.5573890844928187,-1.3917344252215784,-2.2494900862323206,-1.071223560963766,1.5708345174789429,-0.7526386419879358,0
134,1788171797.2955496,-0.10424689831683957,-0.3646759815451685,0.08793531281331637,-1.1758769931230768,2.9131818353164154,7.230223996106313e-05,-1.5573414007769983,-1.3964112440692347,-2.255136791859762,-1.0609005133258265,1.5708225965499878,-0.7538259665118616,0
135,1788171797.336972,-0.10422893670131946,-0.36462602477267564,0.08404545090451876,-1.1780682172315007,2.912167281990945,0.0004516016236095387,-1.557305161152975,-1.4022401014911097,-2.2618754545794886,-1.0486014525042933,1.5708465576171875,-0.7553251425372522,0
136,1788171797.3756533,-0.1042165611460677,-0.36469755083230054,0.08091426867667545,-1.1796344421265468,2.9116190066808483,7.820907236150387e-05,-1.5572813192950647,-1.4071334044085901,-2.267306152974264,-1.0380271116839808,1.5708585977554321,-0.7563565413104456,0
137,1788171797.4162097,-0.1042304947140502,-0.36471429938666233,0.077700862346444,-1.181530022520982,2.9108782148377883,7.791552322726684e-05,-1.557305161152975,-1.4122431913958948,-2.272774044667379,-1.0274398962603968,1.5708345174789429,-0.7576759497271937,0
138,1788171797.4582958,-0.10421236327900747,-0.36465515973701285,0.0744951295504229,-1.1832191037178532,2.910132582541994,0.0003504621870831994,-1.5572455565081995,-1.417316738759176,-2.278229061757223,-1.0170930067645472,1.5708225965499878,-0.7587912718402308,0
139,1788171797.5002437,-0.10422536656533232,-0.3645697613052083,0.07123580357423473,-1.1846384594148947,2.9095727400197546,0.00018111603677387105,-1.5572932402240198,-1.4224255720721644,-2.283935848866598,-1.0061710516559046,1.5708465576171875,-0.7598102728473108,0
140,1788171797.5413573,-0.10414925931706634,-0.36418047697670236,0.06801074643403646,-1.1866961567208067,2.908681968330969,0.0004771855517431154,-1.5570538679706019,-1.4268515745746058,-2.2900503317462366,-0.9958236853228968,1.5708225965499878,-0.7609980742083948,0
141,1788171797.5826027,-0.10390474115549415,-0.36315150866798046,0.06490253646292254,-1.1886232022598324,2.908020040451111,-3.763488328657762e-05,-1.5563462416278284,-1.4291542212115687,-2.2977476755725306,-0.985476318989889,1.5708345174789429,-0.7615855375873011,0
142,1788171797.6249814,-0.10345067490186131,-0.3612462048344665,0.06143196979963103,-1.1903534126850535,2.9073237437620234,-0.0001323788781532697,-1.5550149122821253,-1.4298737684832972,-2.307830874119894,-0.9746134916888636,1.5708465576171875,-0.7614415327655237,0
143,1788171797.6662412,-0.10311643229864416,-0.35965817017750923,0.059421143247983726,1.1912066143654028,-2.9069228267547746,0.0003893911936105944,-1.5539959112750452,-1.428950611745016,-2.314845148717062,-0.968337361012594,1.5708225965499878,-0.761021916066305,0
144,1788171797.705837,-0.10274842492713293,-0.3580892000160251,0.05820029345780456,1.191678691651073,-2.9066842192485782,0.0006624364271192622,-1.5529044310199183,-1.42665940919985,-2.3205397764789026,-0.9647567907916468,1.5708465576171875,-0.760266129170553,0
145,1788171797.7473414,-0.10238822229871679,-0.35643574023173674,0.05773837492248707,1.1917634019644137,-2.906742789066025,0.0002111987432335009,-1.5517895857440394,-1.4229534308062952,-2.3248799482928675,-0.96442157426943,1.5708225965499878,-0.7591870466815394,0
146,1788171797.7889156,-0.10192849282620434,-0.3548703659000346,0.05783614685869767,1.192095200134314,-2.9065569363854507,0.0004509858086833125,-1.5504100958453577,-1.4181678930865687,-2.3284650484668177,-0.9654629866229456,1.5708345174789429,-0.7580478827105921,0
147,1788171797.8306737,-0.10132218890728113,-0.3532920665164171,0.057883745797913444,1.192183032436838,-2.9064769692064574,0.0006718848272602803,-1.5485995451556605,-1.4133108297931116,-2.3322296778308313,-0.9664095083819788,1.5708465576171875,-0.7563083807574671,0
148,1788171797.871467,-0.1007446288035427,-0.3518083566182607,0.05784010818901153,-1.1921859674576731,2.906582838177168,-0.00022598246758657287,-1.5468605200396937,-1.409076992665426,-2.3356226126300257,-0.9675591627704065,1.5708585977554321,-0.7545455137835901,0
149,1788171797.9122276,-0.10005082520833172,-0.35046495125501037,0.05780201541773353,-1.1919515652991408,2.906660737527306,1.7450486837128419e-06,-1.5447505156146448,-1.405022923146383,-2.338883940373556,-0.9684932867633265,1.5708225965499878,-0.7522786299334925,0
150,1788171797.953706,-0.0993976220671201,-0.34990731251750745,0.05783170798379286,-1.19249560155777,2.9064456107234484,-0.00013549661161136141,-1.5428431669818323,-1.402912441884176,-2.340466562901632,-0.9689367453204554,1.5708465576171875,-0.7507436911212366,0
151,1788171797.9923732,-0.09914568958275438,-0.3498856622822955,0.05782118245607787,-1.1923962870719642,2.906501517149769,-8.749943865457707e-05,-1.5420997778521937,-1.4026840368853968,-2.340670410786764,-0.9689849058734339,1.5708225965499878,-0.7499282995807093,0
152,1788171798.0332925,-0.0991740741065753,-0.34991153626950056,0.05783732173619058,1.192393539418855,-2.9064948163664783,0.00017650327794148737,-1.5421837011920374,-1.402719799672262,-2.3406103293048304,-0.9689486662494105,1.5708225965499878,-0.750012222920553,0
153,1788171798.0742784,-0.09915648599774532,-0.34990118271940496,0.05782880829260986,-1.1924067324401233,2.9064776393764817,-0.00011865274941354025,-1.5421479384051722,-1.402719799672262,-2.3406224886523646,-0.9689849058734339,1.5708465576171875,-0.7499883810626429,0
154,1788171798.1152358,-0.09914796648422396,-0.34991154920440426,0.05782906706013702,-1.1920674950283157,2.906594005500678,-0.00019116109373726518,-1.5421479384051722,-1.4027321974383753,-2.3406224886523646,-0.9689367453204554,1.5708825588226318,-0.7497604529010218,0
155,1788171798.15756,-0.09915268751957776,-0.34989117418513177,0.05780885386485837,-1.1904384313138312,2.907238835211009,-0.00010349735361463314,-1.5421598593341272,-1.4027441183673304,-2.34065825143923,-0.9689486662494105,1.5708825588226318,-0.7486570517169397,0
156,1788171798.1990259,-0.09914947369453841,-0.3499055479200447,0.057831226195933894,-1.1880138516201721,2.908277254018018,-0.0001778311344783223,-1.542136017476217,-1.4027083555804651,-2.3406344095813196,-0.9689486662494105,1.5708585977554321,-0.7469542662249964,0
157,1788171798.2398946,-0.09915786464552258,-0.34989967035370045,0.057817971558515285,-1.1831539137755986,2.9102804711354096,-0.00010535668008283635,-1.542136017476217,-1.4027321974383753,-2.3406463305102747,-0.9689486662494105,1.5708225965499878,-0.7436078230487269,0
158,1788171798.2824416,-0.09916198992361269,-0.349900088065879,0.05780669335334934,-1.1777914225882513,2.9124457152415215,-7.024062084342683e-05,-1.5421479384051722,-1.4027679602252405,-2.3406463305102747,-0.9689367453204554,1.5708225965499878,-0.7399380842791956,0
159,1788171798.323164,-0.09916195781247684,-0.349901208629892,0.057819100058813494,-1.1716446833524912,2.9149352712726984,-0.0001229046861770707,-1.5421479384051722,-1.4027321974383753,-2.3406463305102747,-0.9689367453204554,1.5708225965499878,-0.7357161680804651,0
160,1788171798.3633127,-0.09917802299492556,-0.34991812704101494,0.05779315980166291,1.164245571769098,-2.917889970210609,0.00015737069405457083,-1.5421956221209925,-1.4028285185443323,-2.34065825143923,-0.9688051382647913,1.5708225965499878,-0.7306917349444788,0
161,1788171798.402101,-0.09918129381601727,-0.3499075341595279,0.05773858414531921,-1.1554662142258263,2.921358745550575,-0.00011744037217808126,-1.5422199408160608,-1.402923885975973,-2.3407421747790735,-0.9686616102801722,1.5708465576171875,-0.7247064749347132,0
162,1788171798.4424438,-0.09919391360197226,-0.3498984370997025,0.05767691053466456,-1.1454117833187687,2.9253386682689055,-4.532021648314479e-05,-1.542231861745016,-1.403032128010885,-2.3408380190478724,-0.9684932867633265,1.5708105564117432,-0.7178342978106897,0
163,1788171798.4831738,-0.0991815335636851,-0.3498991467295619,0.0575830276578104,-1.1345088705309352,2.9295820581061442,-0.0002057336422583436,-1.5422199408160608,-1.4031637350665491,-2.3410537878619593,-0.9680503050433558,1.5708465576171875,-0.7103741804706019,0
164,1788171798.5253704,-0.09918125581750536,-0.34990886351292044,0.05748322917032278,-1.1231471756648659,2.933943145271531,-0.00015126055109163236,-1.5422199408160608,-1.4033916632281702,-2.3411739508258265,-0.9677389303790491,1.5708465576171875,-0.7026265303241175,0
165,1788171798.5663512,-0.09918467987522711,-0.34988527802708597,0.05738156496849667,-1.1126290049503447,2.9379262916237923,-2.701333483958048e-06,-1.5422199408160608,-1.4035590330706995,-2.341329876576559,-0.9675114790545862,1.5708345174789429,-0.6954663435565394,0
166,1788171798.6087012,-0.09918013787390995,-0.3498517709724108,0.05728186850675823,-1.1019970720480674,2.94187691175771,0.00011211659794291339,-1.5422199408160608,-1.4036920706378382,-2.3415096441852015,-0.9672840277301233,1.5708585977554321,-0.6882455984698694,0
167,1788171798.65009,-0.09918518311915779,-0.34991621846249943,0.05726602560728353,1.0944026778414317,-2.9448044735449925,0.0002555713379131916,-1.542231861745016,-1.403787914906637,-2.341557566319601,-0.966888729725973,1.5708465576171875,-0.6830762068377894,0
168,1788171798.6894054,-0.09918289437662092,-0.349900078920436,0.05720253867395092,-1.087805747065287,2.94722362585478,-0.0001906364167811552,-1.542231861745016,-1.4038837591754358,-2.341665331517355,-0.9667328039752405,1.5708585977554321,-0.6786029974566858,0
169,1788171798.7314808,-0.09917454009720825,-0.34990286257757236,0.0571806254009469,1.0825252364058542,-2.9491880912391326,0.00033261272188661627,-1.5422080198871058,-1.4038837591754358,-2.3417611757861536,-0.9665415922748011,1.5708585977554321,-0.6749923864947718,0
170,1788171798.775058,-0.09917696273652067,-0.34991430637299364,0.05715851579219014,1.0783641010205638,-2.9507003806775107,0.0003262861483884169,-1.5422080198871058,-1.4039557615863245,-2.341773335133688,-0.9664576689349573,1.5708465576171875,-0.6721738020526331,0
171,1788171798.8186696,-0.09918349184655217,-0.34987916806334474,0.057096599780943474,-1.0748503288019822,2.9519523913709746,-0.00010089741459859586,-1.542231861745016,-1.4040511290179651,-2.3418450991259974,-0.9664457480060022,1.5708585977554321,-0.6698229948626917,0
172,1788171798.861214,-0.09917672056798306,-0.3498760727548721,0.05707604521534568,-1.0735482864189982,2.952397961440199,-3.495451207165549e-05,-1.5422199408160608,-1.4040992895709437,-2.3418570200549524,-0.9664338270770472,1.5708705186843872,-0.6689351240741175,0
173,1788171798.9029264,-0.0991903499841109,-0.34988017839011465,0.0570866175706736,-1.0733845544057008,2.952497817018696,-9.491217673629264e-05,-1.542243782673971,-1.4040754477130335,-2.3418570200549524,-0.9664095083819788,1.5708465576171875,-0.6688392798053187,0
174,1788171798.9431212,-0.09915048305431087,-0.3490966254328827,0.056938273055793964,-1.0732480495970844,2.9524511911201277,0.0003338224762784725,-1.5420640150653284,-1.4023125807391565,-2.3436079660998743,-0.9667089621173304,1.5708465576171875,-0.6685879866229456,0
175,1788171798.9809809,-0.09898657303288551,-0.34756380943189585,0.0568618690004169,-1.07317570425872,2.9523662277691174,0.0007110829454554259,-1.5414765516864222,-1.3982585112201136,-2.346916739140646,-0.967715088521139,1.5708705186843872,-0.6679757277118128,0
176,1788171799.0202186,-0.09876094797247252,-0.3463155714849391,0.05692285957979343,-1.072863997812108,2.9525566182308327,0.0004884651970671823,-1.54069692293276,-1.3944686094867151,-2.349698607121603,-0.9685657660113733,1.5708465576171875,-0.6669681707965296,0
177,1788171799.0631099,-0.09834035478798636,-0.34472624650531114,0.05695891538530118,-1.0728302813715584,2.9526304832775105,0.00027445077922359426,-1.5393179098712366,-1.389622990285055,-2.3533433119403284,-0.969619099293844,1.5708345174789429,-0.6655529181109827,0
178,1788171799.1049685,-0.09777649020453662,-0.34328876036338224,0.05695784375733326,-1.072909547541978,2.9525745008646482,0.0002772277873620022,-1.5375431219684046,-1.3852093855487269,-2.3567002455340784,-0.9706853071795862,1.5708585977554321,-0.6638377348529261,0
179,1788171799.1484642,-0.09712428860766796,-0.3419785535479893,0.05701312719820528,-1.0729226746198663,2.952610610023483,0.00015448515655798323,-1.5354803244220179,-1.3809040228473108,-2.359805409108297,-0.9717991987811487,1.5708465576171875,-0.6617749373065394,0
180,1788171799.1895833,-0.09673789438777496,-0.3417036925901906,0.05705648998038515,-1.0728792299843855,2.952657710788092,-4.968560311382552e-05,-1.5343173185931605,-1.3796923796283167,-2.3606210390674036,-0.9720624128924769,1.5708585977554321,-0.6605756918536585,0
181,1788171799.2324054,-0.09672117509068041,-0.3417199484574891,0.057069061229409024,-1.0728332269787222,2.9526977788765167,-0.00015660763692046744,-1.5342696348773401,-1.3796685377704065,-2.3606210390674036,-0.9720147291766565,1.5708585977554321,-0.6604917685138147,0
182,1788171799.274372,-0.09671917937991353,-0.3417350918567059,0.05708719639964785,-1.0729120659864144,2.952693236017491,-0.000205337171003672,-1.5342572371112269,-1.3796561400042933,-2.3605850378619593,-0.9720266501056116,1.5708465576171875,-0.66052753130068,0
183,1788171799.3172636,-0.09671504742979092,-0.3417028132119659,0.05705978795319852,-1.0728907800234129,2.952689495119952,-9.117705656705232e-05,-1.5342333952533167,-1.3796446959124964,-2.360657040272848,-0.9720385710345667,1.5708345174789429,-0.6604917685138147,0
184,1788171799.3592217,-0.0967191917661862,-0.34169972058945314,0.05706687770076632,-1.0729272790439717,2.9526802823657237,-0.00010971211575108445,-1.5342453161822718,-1.3796685377704065,-2.3606091181384485,-0.9720385710345667,1.5708465576171875,-0.66052753130068,0
185,1788171799.4024248,-0.09671986974991438,-0.34171620625380855,0.057070993929641906,-1.0729246412442353,2.95267302009388,-0.00013369519300080243,-1.5342572371112269,-1.3796561400042933,-2.3606210390674036,-0.9720385710345667,1.5708465576171875,-0.6605394522296351,0
186,1788171799.444591,-0.09656316169927051,-0.3417153209868302,0.057070658528486445,-1.0727173150412723,2.952764794196286,-8.649136514578342e-05,-1.5337775389300745,-1.3795364538775843,-2.3607049624072474,-0.9720981756793421,1.5708225965499878,-0.6599157492267054,0
187,1788171799.4871058,-0.09607404714014091,-0.3417450231483861,0.05708027904454374,-1.0728232282731387,2.95272509109523,-0.00020459118684895656,-1.5323503653155726,-1.3791888395892542,-2.3609569708453577,-0.9721224943744105,1.5708465576171875,-0.6585605780230921,0
188,1788171799.530631,-0.09458546097237831,-0.3419050373154384,0.05706365324588328,-1.0729661118894884,2.9526796653668708,-0.00030056360105434714,-1.5279730002032679,-1.378481690083639,-2.36155611673464,-0.9721701780902308,1.5708585977554321,-0.654278580342428,0
189,1788171799.5732024,-0.09327504148741537,-0.34236355530878304,0.057123819577173524,1.07303778991657,-2.952607159628069,0.0005101553864375496,-1.5241478125201624,-1.3785775343524378,-2.361340586339132,-0.9721463362323206,1.5708465576171875,-0.6505120436297815,0
190,1788171799.6151729,-0.0920402348830943,-0.3431249738449161,0.05707192331115829,-1.0732294259411144,2.9525840837910846,-0.0001794865246393103,-1.5205982367144983,-1.3799689451800745,-2.3603933493243616,-0.9719188849078577,1.5708345174789429,-0.6470821539508265,0
191,1788171799.6580837,-0.09091740885698114,-0.3445216162517228,0.05700805761048258,-1.0733912132493388,2.9523736953915205,0.00042395778333848537,-1.5175164381610315,-1.383350674306051,-2.3579235712634485,-0.9714158217059534,1.5708585977554321,-0.6441429297076624,0
192,1788171799.7008855,-0.0904139350783319,-0.3455108047235437,0.05698696616443538,-1.0729839152911436,2.952522584108958,0.0004874833240630319,-1.5161851088153284,-1.3857978026019495,-2.3561251799212855,-0.9708054701434534,1.5708465576171875,-0.6425355116473597,0
193,1788171799.7440326,-0.09030735539962499,-0.3458162369742949,0.0570161098624308,-1.0730191859228169,2.952509996211577,0.000486824345406752,-1.515921417866842,-1.3865168730365198,-2.3554895559894007,-0.9707215468036097,1.5708465576171875,-0.6422956625567835,0
194,1788171799.7881973,-0.09039898533841659,-0.3457842810449126,0.05698529302523514,-1.0731154692227327,2.9524416441000336,0.0006487548217329368,-1.5161851088153284,-1.3866007963763636,-2.3554895559894007,-0.9707453886615198,1.5708465576171875,-0.6426318327533167,0
195,1788171799.8321764,-0.09049429757063496,-0.34583871310991565,0.056994890344415294,-1.0731483806084527,2.952477340525574,0.0006109733584354792,-1.516449276600973,-1.3867805639850062,-2.3553338686572474,-0.9706853071795862,1.5708105564117432,-0.6429079214679163,0
196,1788171799.8741212,-0.09069350581485922,-0.3462382021276084,0.0570846001731683,-1.073235703754913,2.9525531224162904,-0.00010719837744851785,-1.517120663319723,-1.3876679579364222,-2.35451847711672,-0.9701464811908167,1.5708465576171875,-0.6436150709735315,0
197,1788171799.9163845,-0.09105090102214539,-0.3466811603281273,0.057090397926243014,-1.0735266802065713,2.9524700023185946,-0.0004103244572440594,-1.5182598272906702,-1.3890717665301722,-2.3534870783435267,-0.9695833365069788,1.5708825588226318,-0.6449464003192347,0
198,1788171799.9588377,-0.0918593694262494,-0.3474332306291552,0.05713399636052255,1.0729751938663832,-2.9526015912404633,0.0005240435644956699,-1.5206940809832972,-1.3916142622577112,-2.3514369169818323,-0.968996826802389,1.5708225965499878,-0.6470220724688929,0
199,1788171800.001091,-0.09273035257755566,-0.3487272079067416,0.057150773644815855,1.072925772320753,-2.9526322359343276,0.0005856730291857585,-1.523428742085592,-1.3957880179034632,-2.3481877485858362,-0.9680383841144007,1.5708465576171875,-0.6497204939471644,0
200,1788171800.0403585,-0.09310045872004322,-0.3503101529457792,0.0570783995390039,-1.0732408156872757,2.9525562142518726,-0.0001918583508503909,-1.5247233549701136,-1.4006693998919886,-2.3445549646960657,-0.9670560995685022,1.5708585977554321,-0.6512201468097132,0
201,1788171800.0832155,-0.09344314009567785,-0.35176676743180696,0.05711258031151181,1.0730939947251081,-2.9525403383828284,0.0006623098657561342,-1.5258868376361292,-1.404698673878805,-2.3414016405688685,-0.9658587614642542,1.5708345174789429,-0.6522992292987269,0
202,1788171800.1267574,-0.09372378350766754,-0.35227331695203257,0.057052023103950716,-1.0728512390287654,2.9526969035057924,-0.00018658051530219717,-1.5267742315875452,-1.4065459410296839,-2.3400467077838343,-0.9656913916217249,1.5708585977554321,-0.6530073324786585,0
203,1788171800.1705723,-0.09380158760074549,-0.3523069821695044,0.05705698713689811,1.0725573777458954,-2.9528268756065406,0.00016819736738616674,-1.5269783178912562,-1.4066785017596644,-2.3399270216571253,-0.9656794706927698,1.5708225965499878,-0.6530073324786585,0
204,1788171800.2142024,-0.09378467541235914,-0.3522800519746284,0.05703244121893217,-1.072596323012454,2.952767366812757,-1.942783748058847e-05,-1.5269420782672327,-1.4066899458514612,-2.3399627844439905,-0.9657390753375452,1.5708465576171875,-0.6530073324786585,0
205,1788171800.2585611,-0.09380813624795165,-0.3522825083748732,0.05703741511901428,-1.0726296898594114,2.95280657139813,-1.4717161481848833e-05,-1.5269783178912562,-1.4066899458514612,-2.3399508635150355,-0.9657390753375452,1.570798635482788,-0.6530550161944788,0
206,1788171800.299075,-0.09381084487913587,-0.35225325526735934,0.05683749292550952,-1.07258473924857,2.9527925172753653,7.076854781101004e-05,-1.5269902388202112,-1.4070137182818812,-2.3402987162219446,-0.965128246937887,1.5708105564117432,-0.6530430952655237,0
207,1788171800.3401916,-0.09380026193994051,-0.3521495835546128,0.055780197673890974,-1.0725256633536921,2.9526299495917003,0.0006829558311564767,-1.5269783178912562,-1.4088967482196253,-2.3419769446002405,-0.9619906584369105,1.5708585977554321,-0.6530311743365687,0
208,1788171800.3822484,-0.09381433263358062,-0.352080636154429,0.05392628744170555,-1.072451381041002,2.952589991979825,0.0010597801523321373,-1.5270021597491663,-1.4123271147357386,-2.3449745813952845,-0.9558103720294397,1.5708465576171875,-0.6530192534076136,0
209,1788171800.427347,-0.0938011442160861,-0.35215655282918495,0.05071926424317366,-1.0725630132421087,2.9526756996620085,0.0005306928126425944,-1.5269659201251429,-1.418527905141012,-2.3502143065081995,-0.9440129438983362,1.5708345174789429,-0.6530311743365687,0
210,1788171800.4714441,-0.09380239547261943,-0.35212802341467514,0.047433152554061164,-1.0725607118604112,2.952614539800635,0.000821477715770115,-1.5269659201251429,-1.4249804655658167,-2.355381790791647,-0.932586971913473,1.5708345174789429,-0.6530430952655237,0
211,1788171800.5133166,-0.09379244565081792,-0.35222776071512857,0.04366797667238431,-1.0728250779012545,2.9526819478439204,0.00011689545936696225,-1.5269420782672327,-1.432596508656637,-2.3613885084735315,-0.918490235005514,1.5708225965499878,-0.6531627813922327,0
212,1788171800.55572,-0.09379422273157277,-0.35222518992082985,0.0404625593118344,-1.0729081804801792,2.9525795087331352,0.00020504708643427467,-1.5269783178912562,-1.4392049948321741,-2.3663042227374476,-0.9070399443255823,1.5708705186843872,-0.6532710234271448,0
213,1788171800.599791,-0.09379221571449808,-0.3522346605424323,0.0372627273451199,-1.0729248217231784,2.9526230901549613,3.454784553940007e-05,-1.5269659201251429,-1.4458735624896448,-2.371255938206808,-0.8953021208392542,1.5708585977554321,-0.6532591024981897,0
214,1788171800.6443477,-0.09380157317886244,-0.3522088847202314,0.033380603105371026,-1.073019751460699,2.9526080034516675,0.0001318924260695673,-1.5269659201251429,-1.454125706349508,-2.3771308104144495,-0.8812287489520472,1.5708225965499878,-0.6533191839801233,0
215,1788171800.6855009,-0.09380388312930105,-0.3521562164507351,0.030259952555415942,-1.0729786564887234,2.9525497581416844,0.0004751956083755142,-1.5269659201251429,-1.4608901182757776,-2.38173491159548,-0.870089356099264,1.5708225965499878,-0.6533072630511683,0
216,1788171800.7272313,-0.09380126998880176,-0.352153685026288,0.02731059652945836,-1.073026688261045,2.9525196652829897,0.00047207255458338613,-1.5269659201251429,-1.4674394766436976,-2.3860629240619105,-0.8592136541949671,1.5708345174789429,-0.6533425490008753,0
217,1788171800.7696998,-0.09379492976955608,-0.3520782003203863,0.024255304810174544,-1.0729866704830964,2.9525170129350657,0.0004267893038500895,-1.5269539991961878,-1.4741438070880335,-2.3906670252429407,-0.8478825728045862,1.5708585977554321,-0.6533072630511683,0
218,1788171800.8108697,-0.09379854198702148,-0.35180690583824864,0.0223475776048635,-1.0730456130408523,2.952569527261953,7.991709457164687e-05,-1.5269301573382776,-1.4777300993548792,-2.394155804310934,-0.8405759970294397,1.5708585977554321,-0.6533072630511683,0
219,1788171800.8532362,-0.09381685300614986,-0.3510755195941296,0.021139417906494984,-1.0731259296099473,2.952626031179895,-0.0002666587688572141,-1.5268824736224573,-1.4785454908954065,-2.3976691404925745,-0.8360121885882776,1.5708465576171875,-0.6532953421222132,0
220,1788171800.8957386,-0.09380673780143592,-0.34985642601065503,0.020512322724245358,1.073140933253191,-2.9526124996068317,0.00024169499966225492,-1.5266903082477015,-1.4768183867083948,-2.401313606892721,-0.8341077009784144,1.5708345174789429,-0.6531150976764124,0
221,1788171800.9378853,-0.09383427346741574,-0.34804809131294706,0.02049016467705042,-1.0731258514737807,2.952625816084236,-0.00026808829921527,-1.5265463034259241,-1.4721410910235804,-2.4054139296161097,-0.8346708456622522,1.5708465576171875,-0.65295917192568,0
222,1788171800.982333,-0.09383276454093996,-0.34730916017253766,0.02047079357914014,1.0731947183298631,-2.9525960301027485,0.0002274061091182851,-1.5264385382281702,-1.470245663319723,-2.407092873250143,-0.8349106947528284,1.5708345174789429,-0.6528990904437464,0
223,1788171801.0235097,-0.09382722264804831,-0.34731107300299885,0.020455620999798252,1.073247944302916,-2.952575834761161,0.00016891510956023247,-1.52641469637026,-1.4702933470355433,-2.407092873250143,-0.8348982969867151,1.5708225965499878,-0.6529114882098597,0
224,1788171801.0609143,-0.09383762277205124,-0.3472918615041758,0.020452210131724963,-1.073193009184876,2.9525891405164146,-0.00013772281031721703,-1.5264504591571253,-1.470269505177633,-2.407116953526632,-0.8349226156817835,1.5708345174789429,-0.6529114882098597,0
225,1788171801.1022885,-0.09382963891115258,-0.34728742622124725,0.020443529028145002,-1.073260963533876,2.952556840834366,-0.00010199245057417589,-1.5264266172992151,-1.4702814261065882,-2.407128874455587,-0.8349226156817835,1.5708345174789429,-0.6529353300677698,0
226,1788171801.140703,-0.09381503275539294,-0.34727437658845195,0.020436169263717413,-1.073182279336902,2.9525618176029074,-5.405933277320543e-05,-1.5263903776751917,-1.470269505177633,-2.4071527163134974,-0.8349464575396937,1.5708465576171875,-0.6528509298907679,0
227,1788171801.180045,-0.09382275285890795,-0.34728842277846,0.02044352914967046,-1.0729198415373962,2.952668585825904,-0.00010765223509276594,-1.52641469637026,-1.4702814261065882,-2.407128874455587,-0.8349226156817835,1.5708465576171875,-0.6526950041400355,0
228,1788171801.220495,-0.09380628455662202,-0.34722526319349345,0.020276796689737586,-1.072975893372045,2.952544361145594,0.0003175976188078033,-1.5263665358172815,-1.470605198537008,-2.40733248392214,-0.8346827665912073,1.5708585977554321,-0.6527074019061487,0
229,1788171801.261344,-0.09378930353457586,-0.34720552822408574,0.019866352054139808,-1.0730025220716863,2.952508000963302,0.0005062086561396384,-1.526306454335348,-1.471553150807516,-2.407896105443136,-0.8332932631122034,1.5708465576171875,-0.6526711622821253,0
230,1788171801.3034625,-0.09379256803695094,-0.3471322003319864,0.01821246523351805,-1.0730063338437048,2.9524088887611684,0.0009653153754498294,-1.526306454335348,-1.475403134022848,-2.4102099577533167,-0.8274357954608362,1.5708465576171875,-0.6526950041400355,0
231,1788171801.3488734,-0.09380476070506448,-0.34716612447814604,0.016160378054420055,-1.0730068473307803,2.952519850410467,0.0007573723602100147,-1.526306454335348,-1.4803569952594202,-2.413123671208517,-0.8194106260882776,1.5707865953445435,-0.6526711622821253,0
232,1788171801.3897302,-0.09376465916486824,-0.34723798361081,0.014868226302142046,-1.0731178325543038,2.952496362555158,0.0003008188117779507,-1.5262468496905726,-1.4835594336139124,-2.414957825337545,-0.81409198442568,1.5708585977554321,-0.6526830832110804,0
233,1788171801.434279,-0.09375986224080099,-0.3472818640927789,0.014384646103313692,-1.0731687110553814,2.952524503821639,0.00020781241782486619,-1.5262225309955042,-1.4848187605487269,-2.415581528340475,-0.8121393362628382,1.5708345174789429,-0.6526830832110804,0
234,1788171801.4764707,-0.09377557957626395,-0.34733105444383966,0.01447549630446518,1.0731397080805802,-2.952611331931026,0.00012394843719625497,-1.5262587706195276,-1.4846504370318812,-2.415485207234518,-0.8121750990497034,1.5708105564117432,-0.6526830832110804,0
235,1788171801.5188549,-0.09377244800115403,-0.34733958279090843,0.014481147513734666,1.0731587930020536,-2.9526090203984947,0.00016534376890396736,-1.5262587706195276,-1.4846504370318812,-2.415473286305563,-0.8121631781207483,1.5708225965499878,-0.6526950041400355,0
236,1788171801.5621896,-0.09376417496603826,-0.3473406104907236,0.014487545425805631,-1.073150794198238,2.9525870046368357,-0.00018191707607001048,-1.5262587706195276,-1.484638516102926,-2.4154611269580286,-0.8121874968158167,1.5708585977554321,-0.6526950041400355,0
237,1788171801.6050618,-0.09375641012402776,-0.3473286262896354,0.0144668872996708,-1.073228771717658,2.9525800975060172,-9.387828979970184e-05,-1.5262106100665491,-1.4846623579608362,-2.415497128163473,-0.8121750990497034,1.5708225965499878,-0.6526950041400355,0
238,1788171801.6475344,-0.09376136859797805,-0.3473434757596599,0.014489321091605806,1.0731602415305166,-2.9526130010872493,0.00020668314691251797,-1.5262349287616175,-1.484626595173971,-2.415473286305563,-0.8121631781207483,1.5708345174789429,-0.6526711622821253,0
239,1788171801.690627,-0.09375432791780203,-0.34734425463534446,0.014476295248672971,-1.07313538263973,2.952597231894705,-0.00014052074903596727,-1.5262225309955042,-1.4846747557269495,-2.4154611269580286,-0.8121750990497034,1.5708465576171875,-0.6526473204242151,0
240,1788171801.7336607,-0.0937508486723513,-0.3473305471191766,0.01447728100838891,-1.0732221331373528,2.9525618296508513,-0.0001222976876252505,-1.5262106100665491,-1.484638516102926,-2.415485207234518,-0.8121994177447718,1.5708465576171875,-0.6526950041400355,0
241,1788171801.776882,-0.09375738901946588,-0.34733731333469026,0.014478845337743879,-1.073209677893898,2.9525823776664746,-0.00013450250342517302,-1.5262225309955042,-1.4846504370318812,-2.415473286305563,-0.8121874968158167,1.5708345174789429,-0.6526950041400355,0
242,1788171801.8199747,-0.09376065197592605,-0.3472978415119661,0.014259429740054869,-1.073139814610699,2.9525568158666045,4.207151460327915e-05,-1.5262349287616175,-1.4851306120501917,-2.4157851378070276,-0.8115170637713831,1.5708465576171875,-0.6526711622821253,0
243,1788171801.8623266,-0.09376511331323766,-0.3472594964252155,0.013187613053354835,-1.0731036216447454,2.952512070315079,0.000377536032697376,-1.5262349287616175,-1.4877331892596644,-2.4172120730029505,-0.8077076117144983,1.5708345174789429,-0.6526592413531702,0
244,1788171801.90465,-0.09376857194039906,-0.34721193359686664,0.01092882956075325,-1.0731114095335275,2.9524786963076255,0.000457979014074298,-1.5262468496905726,-1.4932144323932093,-2.4203770796405237,-0.7991188208209437,1.5708465576171875,-0.6526830832110804,0
245,1788171801.9493265,-0.0937674648775791,-0.34732852935060415,0.00965209870392611,-1.0731523763542934,2.9525913631459764,-0.00014195166549630354,-1.5262587706195276,-1.496561352406637,-2.4221039454089563,-0.7936447302447718,1.5708465576171875,-0.6526950041400355,0
246,1788171801.9939604,-0.09375692247213625,-0.3473477732293895,0.009137302380301637,-1.0731568077476663,2.9526013650346,-0.0001334301311634622,-1.5262225309955042,-1.4978926817523401,-2.4227634111987513,-0.7916558424579065,1.5708345174789429,-0.6526592413531702,0
247,1788171802.0374532,-0.09376355245117678,-0.3473555947780059,0.009174868290877797,1.0731049247353726,-2.952625261038262,0.00018106639927714424,-1.5262349287616175,-1.4978087584124964,-2.422715489064352,-0.7917521635638636,1.5708225965499878,-0.6526353994952601,0
248,1788171802.0760484,-0.09377240343381706,-0.3473405827733952,0.00917316412298022,1.073141291826189,-2.952615685893039,0.00016391453176354466,-1.5262587706195276,-1.497784439717428,-2.422739330922262,-0.7917640844928187,1.5708225965499878,-0.6526830832110804,0
249,1788171802.1142914,-0.09377076990233942,-0.34734718291633154,0.00918497713206537,1.0731737840226077,-2.9525954520488,0.00014038528670549962,-1.5262468496905726,-1.497772518788473,-2.422703568135397,-0.791823689137594,1.5708105564117432,-0.6526950041400355,0
250,1788171802.1539755,-0.09376386043289092,-0.34734766799656663,0.009183640528157372,-1.0731380481461466,2.9526067460377754,-0.0002530252654293737,-1.5262587706195276,-1.4977605978595179,-2.422739330922262,-0.7917397657977503,1.5708585977554321,-0.6526830832110804,0
251,1788171802.196704,-0.09376480286434313,-0.34735820366213843,0.009191379542724226,1.0731390820624527,-2.952609598014798,0.00025885218296794153,-1.5262468496905726,-1.4977605978595179,-2.422715489064352,-0.7917521635638636,1.5708345174789429,-0.6526711622821253,0
252,1788171802.238969,-0.09376304854995522,-0.34733583483990005,0.00917055163540123,-1.0730854908699532,2.952626602364697,-0.00019340603925565152,-1.5262468496905726,-1.497772518788473,-2.4227634111987513,-0.7917397657977503,1.5708465576171875,-0.6526353994952601,1
253,1788171802.2790194,-0.0937737556277094,-0.34733723266335315,0.009174234846636292,-1.0730688378018152,2.9526334147895144,-0.00013378784837393372,-1.5262702147113245,-1.497784439717428,-2.422727409993307,-0.7917998472796839,1.5708345174789429,-0.6526473204242151,1
254,1788171802.3198066,-0.0937644607567596,-0.34733522503354336,0.009171977771300244,-1.0731399758803029,2.9526120681541617,-9.244888780767442e-05,-1.5262349287616175,-1.497784439717428,-2.422727409993307,-0.791823689137594,1.5708225965499878,-0.6526592413531702,1
255,1788171802.363901,-0.09376701573219462,-0.34733860732321536,0.009165302532302244,-1.0731485471764595,2.952580832146806,-8.58516281512979e-05,-1.5262587706195276,-1.4978202025042933,-2.422715489064352,-0.791811768208639,1.5708465576171875,-0.6526950041400355,1
256,1788171802.4032056,-0.09375358378184763,-0.34733252603876813,0.00917386645761259,-1.0730974678107226,2.9525499125013983,-0.00016764696138753732,-1.5262587706195276,-1.497772518788473,-2.422739330922262,-0.7917998472796839,1.5709065198898315,-0.6526711622821253,1
257,1788171802.44633,-0.09375444715785462,-0.34734158126732173,0.009174234968161776,-1.0731529084970577,2.952590634760545,-0.0001394489779168847,-1.5262225309955042,-1.497784439717428,-2.422727409993307,-0.7917998472796839,1.5708465576171875,-0.6526592413531702,1
258,1788171802.4877963,-0.0937641586096458,-0.34734200101246343,0.009169225585000607,-1.0731575261507367,2.952605537852201,-9.17343063206751e-05,-1.5262349287616175,-1.4978087584124964,-2.422715489064352,-0.791811768208639,1.5708225965499878,-0.6526711622821253,1
259,1788171802.5312,-0.09375922096501735,-0.34732993347065094,0.00917160837193784,-1.073149766163296,2.9525841845859637,-0.00010371664624613645,-1.5262349287616175,-1.497772518788473,-2.422739330922262,-0.791823689137594,1.5708465576171875,-0.6526711622821253,1
260,1788171802.5738444,-0.09376471629823832,-0.34732949423685155,0.009169319762419248,-1.073141170687616,2.9526153547036156,-0.00010995808320640942,-1.5262349287616175,-1.497772518788473,-2.422751490269796,-0.7917998472796839,1.5708225965499878,-0.6526592413531702,1
261,1788171802.6163845,-0.09376383423561113,-0.3473182102600709,0.009168892721875932,-1.0731297042110213,2.9525838067261527,-6.762704944560368e-05,-1.5262468496905726,-1.4977605978595179,-2.422751490269796,-0.7918475309955042,1.5708465576171875,-0.6526711622821253,1
262,1788171802.659129,-0.0937583949293549,-0.34728675294451705,0.009341915070698925,-1.0731463884862138,2.9525200985320135,0.0001403876134420698,-1.5262349287616175,-1.4972928206073206,-2.4224992434131067,-0.7927101294146937,1.5708585977554321,-0.6526830832110804,1
263,1788171802.7005312,-0.0937592336398581,-0.3473296492291222,0.01039102378807047,-1.0731412871369748,2.952615662633181,-0.00023735814083247826,-1.5262349287616175,-1.494690243397848,-2.4211447874652308,-0.7964113394366663,1.5708465576171875,-0.6526592413531702,1
264,1788171802.7435322,-0.09376401123003236,-0.34740602269622606,0.012254295064159537,1.0731047527418371,-2.9525150974853474,0.000824774055434808,-1.5262587706195276,-1.490131680165426,-2.4186747709857386,-0.8030479590045374,1.5708465576171875,-0.6526830832110804,1
265,1788171802.7879183,-0.09375492217202312,-0.34745640481886925,0.015558657935385273,1.0731313555322972,-2.952478628507938,0.00101373028949471,-1.5262468496905726,-1.4821322599994105,-2.4140706698047083,-0.8155291716205042,1.5708585977554321,-0.6526950041400355,1
266,1788171802.8309734,-0.09375728542015564,-0.34746511399295726,0.018840692848673846,1.073036658737295,-2.9524921733969474,0.0010488021788926847,-1.5262468496905726,-1.4742634932147425,-2.409454409276144,-0.827987019215719,1.5708465576171875,-0.6526353994952601,1
267,1788171802.8758411,-0.09375077564596816,-0.34748558418782777,0.022674005601543396,1.0731360641800756,-2.9524346092287854,0.0010863649446214375,-1.5262225309955042,-1.4652803579913538,-2.4039514700519007,-0.8424442450152796,1.5708345174789429,-0.6526830832110804,1
268,1788171802.9185789,-0.0937676753230286,-0.3473855457151743,0.025822029084843184,1.0731075800162795,-2.9525777290311868,0.0004625218196260978,-1.5262587706195276,-1.4579275290118616,-2.399323288594381,-0.8548415342914026,1.5708345174789429,-0.6526711622821253,1
269,1788171802.9634202,-0.0937665428930728,-0.3477441016632353,0.029694252774523866,1.073018847672442,-2.952550662488031,0.0006787979502043902,-1.5262940565692347,-1.4500835577594202,-2.392909113560812,-0.8689516226397913,1.5708225965499878,-0.6526592413531702,1
270,1788171803.0071414,-0.0937451622663061,-0.3486311499256409,0.032885061003383925,1.0729711569507678,-2.952643072899005,0.0005770001227310562,-1.5263784567462366,-1.4454425016986292,-2.386122767125265,-0.8804619948016565,1.5708705186843872,-0.6526950041400355,1
271,1788171803.050463,-0.09372522268932586,-0.3504487665461402,0.0367334236813629,1.0730498877702164,-2.9526360635974993,0.00041274215875244865,-1.5265463034259241,-1.4420478979693812,-2.3762317339526575,-0.8938534895526331,1.5708585977554321,-0.6529114882098597,1
272,1788171803.0921853,-0.09372625903308188,-0.35205580898369027,0.03995857428843863,1.0730047546288426,-2.952566691823057,0.0006889844822603856,-1.5267379919635218,-1.439493481312887,-2.3678868452655237,-0.9045608679400843,1.5708345174789429,-0.6530912558185022,1
273,1788171803.130139,-0.09371695123808589,-0.3536012418199115,0.043094919156640155,-1.0729818944521483,2.9526726735815294,-0.00016952667179432436,-1.5269063154803675,-1.43732196489443,-2.359433952962057,-0.9155319372760218,1.5708345174789429,-0.6532228628741663,1
274,1788171803.1708815,-0.09371690631874838,-0.355262942099849,0.04631586088272971,1.0730803309099473,-2.952612388039745,0.00040811850252395903,-1.5271218458758753,-1.435235325490133,-2.3508732954608362,-0.9260237852679651,1.5708465576171875,-0.6535103956805628,1
275,1788171803.213548,-0.09374536965223675,-0.3568067164040366,0.0495014267094506,-1.0731422093730496,2.9526182065978537,-0.00018703471480834642,-1.5273860136615198,-1.4331839720355433,-2.3423848787890833,-0.9367073217975062,1.5708345174789429,-0.6538103262530726,1
276,1788171803.2536342,-0.0937411003423344,-0.35843429412291583,0.052707852865131216,1.073306413246633,-2.952517432907004,0.0003421282154965196,-1.5275657812701624,-1.4313252607928675,-2.3338242212878626,-0.9470194021808069,1.5708225965499878,-0.6541102568255823,1
277,1788171803.296101,-0.09375521088038954,-0.35991633059284056,0.05580898013066307,-1.073274991083507,2.9524814453007777,0.00022724862591946469,-1.5277932325946253,-1.429633919392721,-2.325383726750509,-0.9575350920306605,1.5708345174789429,-0.6543267408954065,1
278,1788171803.3378923,-0.0937474252591761,-0.3619331538161452,0.05974470023754572,1.0731802889186999,-2.952556307194162,0.0004991389272362239,-1.5280216375934046,-1.4275954405414026,-2.314964834843771,-0.9695113340960901,1.5708465576171875,-0.6544821898089808,1
279,1788171803.382406,-0.09376053626893915,-0.3634728483158529,0.06292159371874109,-1.073184451713311,2.952563402073144,-0.0001277284874473217,-1.5282490889178675,-1.4261439482318323,-2.306284491215841,-0.9798949400531214,1.5708585977554321,-0.6547105948077601,1
280,1788171803.424958,-0.09376650425366227,-0.3654009515389717,0.06669046939254042,-1.0731060975961635,2.9526284859059015,-0.0001731127017167716,-1.5284774939166468,-1.424692455922262,-2.2959492842303675,-0.9916437307940882,1.5708345174789429,-0.6548779646502894,1
281,1788171803.4681954,-0.09387951676922134,-0.36701772045276726,0.06993275748352548,-1.072980630832388,2.9526647975749287,-0.00025487150273906364,-1.5289924780475062,-1.4235413710223597,-2.287053171788351,-1.0016439596759241,1.5708585977554321,-0.6553099791156214,1
282,1788171803.5105855,-0.09400914456199948,-0.36869192931895434,0.07320645744213908,1.0728677574722654,-2.9526304749925387,0.0006800044427902534,-1.529532257710592,-1.422509495412008,-2.2780969778644007,-1.0113442579852503,1.5708465576171875,-0.6557896772967737,1
283,1788171803.5531368,-0.09426417006409675,-0.3704614791228777,0.07692135467662792,-1.0726773827836713,2.9527689400641135,-0.00010103815905934709,-1.530419651662008,-1.4215262571917933,-2.2676542440997522,-1.0231531302081507,1.5708345174789429,-0.6565330664264124,1
284,1788171803.5986876,-0.09458952328070555,-0.3721433164939471,0.08015461474316771,1.0729798096756484,-2.952607704627628,0.0005305793648294299,-1.531487290059225,-1.4209626356707972,-2.258566204701559,-1.0325177351581019,1.5708345174789429,-0.6578167120562952,1
285,1788171803.6432552,-0.095071113002041,-0.37398708872760816,0.08396585712398039,-1.0731106753695157,2.952579689001105,-7.774603425218229e-05,-1.5329983870135706,-1.4204347769366663,-2.247631851826803,-1.0442903677569788,1.5708585977554321,-0.6594122091876429,1
286,1788171803.6843987,-0.09549476705095643,-0.37564489393183625,0.08713656943547851,-1.0730018041110776,2.952666040548541,-0.00029169594598354347,-1.5343053976642054,-1.4202669302569788,-2.238483730946676,-1.0534632841693323,1.5708585977554321,-0.6606352964984339,1
287,1788171803.727705,-0.0959062153928275,-0.377216755111873,0.09032127892269734,-1.0734899806416227,2.9524611718330718,-0.00010418509320560342,-1.5355523268329065,-1.420063320790426,-2.229299847279684,-1.062972370778219,1.5708465576171875,-0.6622188727008265,1
288,1788171803.7707338,-0.09637949047403992,-0.37921409611603785,0.09422088614977125,1.0736530820944479,-2.952412168761643,0.0002978043108549878,-1.5369914213763636,-1.4199913183795374,-2.218053642903463,-1.0741570631610315,1.5708345174789429,-0.6637662092791956,1
289,1788171803.8141608,-0.09678599485988762,-0.38080292168807867,0.09742628917182053,1.0742416673864945,-2.952213834220069,0.00016522476164286727,-1.5382030645953577,-1.4200032393084925,-2.208750073109762,-1.0835335890399378,1.5708225965499878,-0.6653731505023401,1
290,1788171803.8567557,-0.09732597231472898,-0.3826988336082842,0.10096796375212844,1.074116010449617,-2.9522518087016763,0.00037996310595829225,-1.5398100058185022,-1.4204586187945765,-2.19822341600527,-1.0934727827655237,1.5708585977554321,-0.6668966452227991,1
291,1788171803.8990884,-0.09775871422032754,-0.3842850806044624,0.1035895297611179,1.0743830782671926,-2.9521030388965794,0.0003683304100749378,-1.5410450140582483,-1.421394173298971,-2.189950768147604,-1.1008017698871058,1.5708105564117432,-0.6683238188373011,1
292,1788171803.942478,-0.09814206981953036,-0.3857786254917096,0.1052193896208794,-1.0745626533827464,2.95198765356184,0.00026796112062519515,-1.5421837011920374,-1.4236128965960901,-2.183356587086813,-1.1056159178363245,1.5708465576171875,-0.6695950667010706,1
293,1788171803.9872227,-0.09860921064096541,-0.38775753602709195,0.10620276489900307,-1.0744561832448354,2.9520827174353728,-4.2359269163493725e-05,-1.543551270161764,-1.4276793638812464,-2.177254025136129,-1.107447926198141,1.5708585977554321,-0.6708782354937952,1
294,1788171804.0320983,-0.09905981721619107,-0.3893307955956807,0.10619035682935501,-1.0745714133498638,2.952011703175734,2.686132634532312e-05,-1.5448344389544886,-1.4320691267596644,-2.1736329237567347,-1.106729809437887,1.5708705186843872,-0.6722458044635218,1
295,1788171804.0762124,-0.09959838297803285,-0.39124458026626874,0.10616265471452971,-1.07434215414933,2.9520979251535167,0.00013238155453930257,-1.5463336149798792,-1.4373944441424769,-2.1692450682269495,-1.1058552900897425,1.5708465576171875,-0.67358905473818,1
296,1788171804.1204052,-0.10000258721719452,-0.39286357637163444,0.10621760047114542,-1.074287336872875,2.9521093661466735,5.1360903983308574e-05,-1.5474842230426233,-1.441711727772848,-2.1654685179339808,-1.1052683035479944,1.5708705186843872,-0.6747043768512171,1
297,1788171804.1594543,-0.10047793761464927,-0.3947973214727867,0.10618360565135324,-1.0746200281865839,2.9519744732206883,0.00016924086415793355,-1.5488031546222132,-1.4470256010638636,-2.161043945943014,-1.1044543425189417,1.5708585977554321,-0.6762517134295862,1
298,1788171804.198922,-0.10082383101841336,-0.39611290445462094,0.10616222187866736,-1.0744347742639873,2.952126827074678,3.458268915033655e-05,-1.5497267881976526,-1.4505632559405726,-2.158118549977438,-1.1037352720843714,1.5708105564117432,-0.6770313421832483,1
299,1788171804.241175,-0.10133277371379952,-0.39806447017454183,0.10621631433961598,1.0744202705204204,-2.9521395227580887,0.0002568868629780545,-1.5511296431170862,-1.4556849638568323,-2.1536229292498987,-1.1029213110553187,1.5708345174789429,-0.6784227530108851,1
300,1788171804.2825365,-0.10176027835849905,-0.3996018782396622,0.10633772864896793,-1.0746960898464781,2.951960073460662,0.00022629613914978015,-1.5522807280169886,-1.4598348776446741,-2.149606529866354,-1.1031129995929163,1.5708345174789429,-0.6797779242144983,1
301,1788171804.3251865,-0.10217888337556434,-0.40119703629306963,0.10688631555247802,-1.0745355721752878,2.9520139726443055,0.0003023519873565085,-1.5533960501300257,-1.46344501176943,-2.1448944250689905,-1.1042621771441858,1.5708225965499878,-0.6807854811297815,1
302,1788171804.3693523,-0.1026674276194441,-0.40311446118925415,0.10871169019115579,-1.074992191611419,2.951891044733209,5.889741802193467e-05,-1.5547030607806605,-1.4662154356585901,-2.137317482625143,-1.1089089552508753,1.5708345174789429,-0.6823924223529261,1
303,1788171804.4110117,-0.10307000161570676,-0.40480520356481314,0.11114018251443603,1.0748911952057953,-2.951941996156767,0.00047931820367095907,-1.5557826201068323,-1.4675591627704065,-2.1293328444110315,-1.1151955763446253,1.5708585977554321,-0.6834004561053675,1
304,1788171804.453438,-0.10349135525684935,-0.40635665835531337,0.1142455390228597,-1.0747167285365866,2.9520145539979117,-9.744875324437686e-05,-1.5568741003619593,-1.4680746237384241,-2.1200173536883753,-1.1242488066302698,1.5708465576171875,-0.6843717733966272,1
305,1788171804.499147,-0.10403084284610332,-0.4082572814285877,0.11805847513787726,-1.0747312309623556,2.9519974671725677,-4.7322981643741186e-05,-1.5582650343524378,-1.4686983267413538,-2.108711067830221,-1.1349652449237269,1.5708465576171875,-0.685775105153219,1
306,1788171804.5410008,-0.10444551220966553,-0.4097881218532772,0.12126201822082008,-1.0747361437538407,2.951901520407618,0.00040549571553024353,-1.5593202749835413,-1.4692500273333948,-2.0991557280169886,-1.1442702452289026,1.5708345174789429,-0.6868541876422327,1
307,1788171804.5832665,-0.10485614624023383,-0.41148056445107006,0.1245120761783085,-1.0744378165665869,2.9521242268155525,-0.00013082157135390216,-1.5603750387774866,-1.469933811818258,-2.089564625416891,-1.1528199354754847,1.5708465576171875,-0.6876819769488733,1
308,1788171804.627425,-0.10535123572307017,-0.41332370579105027,0.128292943550439,-1.074747722587042,2.9519267495056316,0.0002228944406080582,-1.561622444783346,-1.4708336035357874,-2.078186337147848,-1.163537327443258,1.5708465576171875,-0.689157787953512,1
309,1788171804.6692467,-0.10576845383247253,-0.41492967505508943,0.13153319885862513,-1.0746229923193902,2.9519716681204944,0.00022414330909052653,-1.5626657644854944,-1.4716609160052698,-2.0684755484210413,-1.1724217573748987,1.5708465576171875,-0.6901167074786585,1
310,1788171804.7107375,-0.10640158567771003,-0.41689956597772,0.1352677265003861,-1.0742443703817814,2.952197173216202,-2.801779374933283e-05,-1.5642126242267054,-1.4730165640460413,-2.057014290486471,-1.1823485533343714,1.5708225965499878,-0.691387955342428,1
311,1788171804.754835,-0.10695703207199614,-0.4184643378180583,0.13807275299506794,-1.0744082055831932,2.952095440916434,3.399408353246239e-05,-1.5655797163592737,-1.4744556585894983,-2.0480101744281214,-1.1899641195880335,1.5708465576171875,-0.6928752104388636,1
312,1788171804.7998354,-0.10749919034705675,-0.42009974334304656,0.14004094047628954,-1.0744218473439437,2.9520759847491123,3.7335465100556546e-05,-1.5668986479388636,-1.4769023100482386,-2.0404332319842737,-1.1951010862933558,1.5708585977554321,-0.6942065397845667,1
313,1788171804.8424277,-0.10826121410909886,-0.42198937265080283,0.14140118025777443,-1.07464459064288,2.952022223907426,0.00014730327031007334,-1.5686972776996058,-1.4807284514056605,-2.033275906239645,-1.1984894911395472,1.5708105564117432,-0.6961501280414026,1
314,1788171804.8871863,-0.10898604719558767,-0.4235611357162987,0.14162757307546883,-1.0743577492634853,2.9520072079763082,0.0004657250195241593,-1.5704363028155726,-1.4849265257464808,-2.028827969227926,-1.198968235646383,1.5708465576171875,-0.6977208296405237,1
315,1788171804.9305725,-0.11024375994750162,-0.4254233770038627,0.14161020150365553,-1.0744790845210084,2.9520624272209957,0.00022569899499438848,-1.573374096547262,-1.4901922384845179,-2.0241645018206995,-1.1981905142413538,1.5708105564117432,-0.700719181691305,1
316,1788171804.9734762,-0.11130312270413056,-0.4269461121744062,0.1416026487038557,-1.0747160441832704,2.9519951677869636,3.955586120607621e-05,-1.5758565107928675,-1.4945223967181605,-2.020280186329977,-1.197627369557516,1.5708345174789429,-0.7033579985248011,1
317,1788171805.0176947,-0.11259416082617794,-0.42871214059007196,0.14160272156413925,-1.074698062321323,2.9519961340441956,6.107494755861438e-05,-1.5788419882403772,-1.4996321837054651,-2.015604321156637,-1.1972082296954554,1.5708345174789429,-0.7063325087176722,1
318,1788171805.0603714,-0.11365317014253823,-0.4301822580645108,0.14159974500656475,-1.0747233911538183,2.9519562426377095,0.0001271180140848503,-1.5812767187701624,-1.5038898626910608,-2.011683766041891,-1.1969206968890589,1.5708465576171875,-0.7087910811053675,1
319,1788171805.1035523,-0.11477494536500087,-0.43166890402806773,0.1416073660980027,-1.0746609646954484,2.9520015189322866,0.0001443227717661278,-1.5838187376605433,-1.50818378130068,-2.0076916853534144,-1.1966217199908655,1.5708225965499878,-0.7112858931170862,1
320,1788171805.1472027,-0.11605048287262919,-0.43346213966108843,0.14163185318648613,-1.0746613451461617,2.952000374582495,0.00014683637195015748,-1.5866964499102991,-1.5132930914508265,-2.002871815358297,-1.196334187184469,1.5708225965499878,-0.7141640822040003,1
321,1788171805.1858,-0.11712176654582815,-0.4349433699559633,0.1416559801008897,-1.0746496213633485,2.9520207132748713,-2.070640284155421e-05,-1.589106861745016,-1.5174678007708948,-1.998927418385641,-1.1959989706622522,1.5708465576171875,-0.7165630499469202,1
322,1788171805.2265189,-0.11817894722008641,-0.43637250941339145,0.14162386556646556,-1.0745025226677671,2.951999827985514,0.000262655080857881,-1.5914571920977991,-1.521689240132467,-1.994995419179098,-1.1959031263934534,1.5708465576171875,-0.7188299337970179,1
323,1788171805.2682445,-0.11921312166595689,-0.43787658085471953,0.14159776637345,-1.0747771817621599,2.951869755998255,0.00027084944720944887,-1.5937469641314905,-1.5259836355792444,-1.9910033384906214,-1.1956160704242151,1.5708705186843872,-0.7213123480426233,1
324,1788171805.312613,-0.12036126747485011,-0.43936802742496334,0.14163912815403162,-1.074757789674738,2.951978464736818,-1.0103014378189287e-05,-1.5962532202350062,-1.5301459471331995,-1.9869869391070765,-1.1952689329730433,1.5708465576171875,-0.7237833181964319,1
325,1788171805.353584,-0.12165789400287846,-0.4411103466964403,0.14159456038697527,-1.0745819583572018,2.9519903189870336,0.00018393730475240605,-1.5990713278399866,-1.5352309385882776,-1.9822152296649378,-1.1950886885272425,1.5708465576171875,-0.7264936606036585,1
326,1788171805.3971658,-0.12270832156223065,-0.4426792246309901,0.14165434094140583,1.0746849733291082,-2.9520499400269737,0.00014752319151352036,-1.6013134161578577,-1.5394657293902796,-1.9780429045306605,-1.1947897116290491,1.5708225965499878,-0.7287843863116663,1
327,1788171805.4389842,-0.12375508948289181,-0.44422416002361736,0.14166529563756455,1.0745697504433396,-2.9520640506020213,0.00024896886276046725,-1.603544060383932,-1.5437596479998987,-1.9738829771624964,-1.1945861021624964,1.5708225965499878,-0.7309430281268519,1
328,1788171805.4836051,-0.12489996782254457,-0.44605106523082877,0.14165489427305555,-1.0745799192893075,2.952087605300133,-0.00017267484858520405,-1.6059659163104456,-1.5488575140582483,-1.968942944203512,-1.1944902578936976,1.5708465576171875,-0.7333658377276819,1
329,1788171805.5277085,-0.12600087585991282,-0.44752276681996733,0.14168517550222495,1.0743690091676825,-2.9521695060838438,0.00017806735290711628,-1.6082804838763636,-1.5530079046832483,-1.9648078123675745,-1.1944664160357874,1.5708345174789429,-0.7355364004718226,1
330,1788171805.570905,-0.12722008505375249,-0.44931202641643164,0.14161177968174138,-1.0743969627756422,2.952079885213789,9.68410217623889e-05,-1.6108229796039026,-1.5581658522235315,-1.9598920981036585,-1.1944182554828089,1.5708465576171875,-0.7381151358233851,1
331,1788171805.6147559,-0.1282548730277938,-0.4508434252241091,0.1416150176197192,-1.0742004835954508,2.952199226193645,-7.514045588827685e-05,-1.6129573027240198,-1.562375847493307,-1.9557555357562464,-1.1942265669452112,1.5708465576171875,-0.7401059309588831,1
332,1788171805.6592264,-0.12953988537637295,-0.45264916844212927,0.1416595686446958,1.0745093564962442,-2.9521083574770897,0.00016182784119709033,-1.6155832449542444,-1.5673654715167444,-1.9506962935077112,-1.1942265669452112,1.5708225965499878,-0.7429364363299769,1
333,1788171805.7025452,-0.13058360922386983,-0.4541477226483875,0.14162227165597596,-1.0748902257609805,2.951941564319541,-5.122578469782393e-05,-1.6177175680743616,-1.5716241041766565,-1.9465239683734339,-1.1942265669452112,1.5708465576171875,-0.7453349272357386,1
334,1788171805.7446432,-0.1319495953407434,-0.45596717066481074,0.1416896048382849,1.0748910543424586,-2.9519416423582405,0.0002569590977866658,-1.6204755941974085,-1.5766261259662073,-1.941357437764303,-1.1942389647113245,1.5708225965499878,-0.7480934301959437,1
335,1788171805.788337,-0.1330551642789006,-0.4574374888215534,0.14169571432366326,1.0747493413314222,-2.9519902707318573,0.0003137786958625785,-1.6227057615863245,-1.580752197896139,-1.9371855894671839,-1.1942504088031214,1.5708345174789429,-0.750228230153219,1
336,1788171805.8307228,-0.13419342163045328,-0.4588603696953673,0.14166499574993321,1.0748056458595954,-2.9519785365023727,0.00023393892017511012,-1.624984089528219,-1.5848544279681605,-1.9330971876727503,-1.1942866484271448,1.5708225965499878,-0.752542797719137,1
337,1788171805.873747,-0.13571787414425282,-0.46057716262227705,0.1417000941492876,1.0744588602928418,-2.952068140565644,0.00045298870264003224,-1.6280534903155726,-1.5897482077227991,-1.9280498663531702,-1.1942985693561,1.5708465576171875,-0.7553852240191858,1
338,1788171805.9170413,-0.13694086742162523,-0.4619561143958182,0.14161437614283462,1.0745655841827053,-2.952085443007204,0.0002589091352498158,-1.6304877440081995,-1.5938871542560022,-1.9240096251117151,-1.1943343321429651,1.5708465576171875,-0.7578795591937464,1
339,1788171805.960478,-0.13827748417062394,-0.4633083928469268,0.1415995033164109,-1.074232911070195,2.95221605092597,-0.00016959268505870346,-1.6331499258624476,-1.5979412237750452,-1.9198616186725062,-1.1944902578936976,1.5708465576171875,-0.7603142897235315,1
340,1788171806.0029933,-0.13983305867479068,-0.46497356693670644,0.14165552650798519,1.0745074191590007,-2.95208550619981,0.0002792465102297412,-1.636207405720846,-1.6027277151690882,-1.9147780577289026,-1.1947057882892054,1.5708345174789429,-0.763564411793844,1
341,1788171806.0455184,-0.14119579999800447,-0.4663100393849375,0.14164044780898608,-1.0745394524979084,2.9520596488278374,-0.00011095521369571296,-1.6389053503619593,-1.6067937056170862,-1.910558048878805,-1.1949928442584437,1.5708705186843872,-0.7662871519671839,1
342,1788171806.0880957,-0.14248265095010546,-0.4676438829866167,0.14159882310990832,-1.0746928803922615,2.951981902226795,0.00014660503419922983,-1.6413868109332483,-1.610823933278219,-1.9064224402057093,-1.19525653520693,1.5708225965499878,-0.7688773314105433,1
343,1788171806.1330225,-0.1440765652313745,-0.4691941426555958,0.14164149507364307,-1.074629160717627,2.95197327978112,6.619394816155545e-05,-1.6445048491107386,-1.6154058615313929,-1.9015067259417933,-1.1955559889422815,1.5708705186843872,-0.7719591299640101,1
344,1788171806.177579,-0.14574966078210785,-0.47078399735977755,0.14161385068821977,-1.0744010076898138,2.952115077056255,0.00019315482496155926,-1.6476944128619593,-1.620216194783346,-1.8964956442462366,-1.1958077589618128,1.5707865953445435,-0.7749813238727015,1
345,1788171806.2176285,-0.14707450255728569,-0.4720893004040304,0.14159306648067596,-1.0744141188847498,2.9520394323857286,0.0001486980520736949,-1.6502602736102503,-1.6241267363177698,-1.8924077192889612,-1.1959870497332972,1.5708585977554321,-0.7775715033160608,1
346,1788171806.2580626,-0.1485117743805675,-0.47329265294591155,0.14162161460542064,-1.0743733828293414,2.952089551524497,-1.0663250639818678e-05,-1.6530302206622522,-1.6277855078326624,-1.888463322316305,-1.1961668173419397,1.5708705186843872,-0.7803061644183558,1
347,1788171806.300037,-0.15003197835234436,-0.4743919226599576,0.14157588791577477,-1.0745916535037394,2.9520235107871367,0.00012527868078355146,-1.6559436956988733,-1.6314080397235315,-1.8846991697894495,-1.1963818709002894,1.5708225965499878,-0.7833645979510706,1
348,1788171806.3408074,-0.15164949706926972,-0.4753952146070802,0.14160568523454461,-1.0745259224231134,2.952061905478798,3.4247945183096516e-05,-1.6590850988971155,-1.6347668806659144,-1.8810303846942347,-1.1966336409198206,1.5708345174789429,-0.7864583174334925,1
349,1788171806.3831086,-0.15320576990287343,-0.4761766115577612,0.14154654943175665,-1.0746418540946368,2.9519402820255705,0.00010547355726189425,-1.6621430555926722,-1.6377294699298304,-1.8779853026019495,-1.1967890898333948,1.5708825588226318,-0.789612118397848,1
350,1788171806.4253964,-0.1551771163570988,-0.47680798010119974,0.14166281620351265,1.07445033005303,-2.952125755581393,0.00019964275785930484,-1.666015926991598,-1.6403568426715296,-1.874892536793844,-1.197017017995016,1.5708345174789429,-0.7933300177203577,1
351,1788171806.471038,-0.1567275172826086,-0.4772740307061833,0.14156846698134115,-1.0745453262528648,2.95205170524267,-4.506622754573584e-05,-1.6690853277789515,-1.6426718870746058,-1.8726142088519495,-1.1971009413348597,1.5708585977554321,-0.7964723745929163,1
352,1788171806.5159845,-0.15867723478273113,-0.4777570971816807,0.14165067937075693,1.074388715347143,-2.9521141455016817,0.0002573322684534325,-1.6729219595538538,-1.6450346151935022,-1.8698690573321741,-1.1973159948932093,1.5708225965499878,-0.800201718007223,1
353,1788171806.5614398,-0.16061176682341663,-0.47824739202881805,0.14164077676922604,1.074402042210489,-2.952148574512334,0.0001791412076135886,-1.676734749470846,-1.6476019064532679,-1.8670876661883753,-1.1975911299334925,1.5708345174789429,-0.8040149847613733,1
354,1788171806.603686,-0.16215866671779525,-0.47863551931708676,0.1416070183616094,-1.0747863286242862,2.9519342499520413,-4.115198256724396e-05,-1.6797922293292444,-1.6497133413897913,-1.8648460547076624,-1.1978428999530237,1.5708825588226318,-0.8073490301715296,1
355,1788171806.6487658,-0.16410926006690427,-0.4790883074174197,0.14163725711973227,-1.0749079089755438,2.951935402799404,-6.675805625664036e-06,-1.6835930983172815,-1.6521599928485315,-1.8620885054217737,-1.1981547514544886,1.5708345174789429,-0.8112223784076136,1
356,1788171806.692484,-0.16566554416578955,-0.47949920117142114,0.1415819313320998,-1.0750370108813483,2.9517908782144144,0.00015386271868178745,-1.686638657246725,-1.6543672720538538,-1.8597868124591272,-1.1983817259417933,1.5708705186843872,-0.8143766562091272,1
357,1788171806.7325568,-0.16733008083815626,-0.4798831886028523,0.14155048911801096,-1.0746012173489774,2.9519140574589007,0.0002973473498927809,-1.689875904713766,-1.656562630330221,-1.857436482106344,-1.1986334959613245,1.5708585977554321,-0.8173263708697718,1
358,1788171806.7738523,-0.16891224915307537,-0.48031756223804456,0.14160101086633056,-1.074591027936469,2.951991143280549,0.0001655823167525479,-1.692920986806051,-1.6586502234088343,-1.8550275007831019,-1.1988490263568323,1.5708345174789429,-0.8203485647784632,1
359,1788171806.8120828,-0.17054228981302394,-0.4806271956367315,0.14158800534470767,-1.0741555557471176,2.9521152070916665,0.000139292225543917,-1.6961105505572718,-1.6606171766864222,-1.8528931776629847,-1.1990163961993616,1.5708705186843872,-0.8232505957232874,1
360,1788171806.8508754,-0.17209941339255166,-0.48095494888824036,0.1416133898263809,-1.0745130830025305,2.95204853029229,-2.416366728611738e-06,-1.6991198698626917,-1.6624882856952112,-1.8507831732379358,-1.1991480032550257,1.5708585977554321,-0.8264883200274866,1
361,1788171806.8932414,-0.1737587689263897,-0.4812003455014022,0.14164864769113505,-1.0744085717050735,2.952144616490841,-0.0001261884685528267,-1.7023451964007776,-1.6642635504352015,-1.8487451712237757,-1.1993158499347132,1.5708465576171875,-0.829630200062887,1
362,1788171806.933293,-0.17527959830267734,-0.4814445736175073,0.14162799401141302,-1.0745836448424375,2.952073763858018,-2.4540701571103077e-05,-1.705282990132467,-1.6660507361041468,-1.8468030134784144,-1.199531380330221,1.5708225965499878,-0.8326881567584437,1
363,1788171806.97099,-0.17692615649014484,-0.48168471869677176,0.14161967401933093,-1.0744326223119631,2.952094628707499,-9.030984269872328e-05,-1.7084959189044397,-1.6678984800921839,-1.8447774092303675,-1.1996873060809534,1.5708705186843872,-0.8358061949359339,1
364,1788171807.0103962,-0.17851973576966626,-0.48189892496478676,0.14161958219861662,-1.0744650568073693,2.9521289942506455,-9.767153300426084e-05,-1.7115653196917933,-1.6696375052081507,-1.8428471724139612,-1.1998541990863245,1.5708345174789429,-0.8388875166522425,1
365,1788171807.0498774,-0.1801189430469969,-0.48207552495081024,0.14164066819561202,-1.074444448879102,2.952124931917503,-0.0001053498690171202,-1.7146709601031702,-1.671305004750387,-1.84092885652651,-1.2001059691058558,1.5708465576171875,-0.8419817129718226,1
366,1788171807.0896466,-0.18167413003486169,-0.4822856059371418,0.14161477015932533,-1.0746368514542184,2.952042560616263,-7.11950618571219e-05,-1.7176678816424769,-1.6730683485614222,-1.839022461568014,-1.2002738157855433,1.5708465576171875,-0.8451116720782679,1
367,1788171807.1286993,-0.1833378534719266,-0.4824004361149719,0.14157740923666925,-1.074600016401391,2.9520486693297188,-1.1670070852248632e-05,-1.7208932081805628,-1.6747358481036585,-1.8372481505023401,-1.2004173437701624,1.5708345174789429,-0.8483136335956019,1
368,1788171807.1686792,-0.18492395831500338,-0.4825634152845689,0.14168146076340096,1.0746724865264228,-2.951971833597261,0.00037292430870462784,-1.7239506880389612,-1.6761992613421839,-1.8353903929339808,-1.2005494276629847,1.5708345174789429,-0.8514311949359339,1
369,1788171807.2094493,-0.18657590043096983,-0.4826553841679045,0.14165974339924187,1.0745005587854402,-2.9521017015541475,0.0001909681944891871,-1.7271516958819788,-1.6778548399554651,-1.8335560003863733,-1.200860325490133,1.5708345174789429,-0.8545010725604456,1
370,1788171807.2469842,-0.1881370178850505,-0.4828319687246805,0.14160689987586586,-1.074503087936051,2.952106470015866,-3.3221511106774605e-05,-1.7301371733294886,-1.6796420256244105,-1.8316615263568323,-1.201075855885641,1.5708225965499878,-0.8574870268451136,1
371,1788171807.286759,-0.18976028070454617,-0.4829615174428094,0.14158254539752155,-1.0742017223213514,2.952158827082164,-3.618754443489103e-05,-1.7332785765277308,-1.681333367024557,-1.8298152128802698,-1.2012556234942835,1.5708705186843872,-0.8604367415057581,1
372,1788171807.3278427,-0.19130885767244757,-0.48311901830641174,0.14157990030966366,-1.074337044767918,2.95214082043551,3.507249266825764e-05,-1.736215893422262,-1.683000389729635,-1.8279336134540003,-1.2014954725848597,1.5708225965499878,-0.8634589354144495,1
373,1788171807.366639,-0.19292197200387876,-0.48320335548977605,0.14156784679649154,-1.0743445613957974,2.9519972482377668,0.0002854556238697823,-1.739333454762594,-1.6846683661090296,-1.8260272184955042,-1.2019379774676722,1.5708585977554321,-0.8666122595416468,1
374,1788171807.4048972,-0.19417301869159512,-0.48331785716050074,0.1415449594040286,-1.0747629143355744,2.9518218064471995,0.0004192447567140584,-1.7417071501361292,-1.6860478560077112,-1.8245051542865198,-1.202165428792135,1.5708345174789429,-0.8692744413958948,1
375,1788171807.4441402,-0.19578344080673687,-0.48346425466081255,0.14158425342265715,-1.0749203568897945,2.951809816349923,0.00026221094724380496,-1.7447760740863245,-1.6876791159259241,-1.8225749174701136,-1.2023566404925745,1.5708465576171875,-0.8724401632892054,1
376,1788171807.4850953,-0.19736959051825276,-0.48363065411605227,0.1416333055284675,-1.0748697680362995,2.9518897726744315,0.00014145728298065011,-1.7477734724627894,-1.6893346945392054,-1.8205841223346155,-1.2025964895831507,1.5708345174789429,-0.8753898779498499,1
377,1788171807.5234368,-0.19896522184683366,-0.48384420701565795,0.1416690759286739,1.0748305791953388,-2.952001043785906,0.00013313654271812322,-1.7507708708392542,-1.6910741964923304,-1.8185585180865687,-1.2026804129229944,1.5708345174789429,-0.8783395926104944,1
378,1788171807.5621414,-0.20061231396771384,-0.4839421979473181,0.141597109759376,-1.074411738002945,2.952061351699635,0.00012699636460256352,-1.7539003531085413,-1.6928852240191858,-1.8166402021991175,-1.202979866658346,1.5708345174789429,-0.8812053839312952,1
379,1788171807.6003866,-0.20219037043093116,-0.48410293209855376,0.1415792694773088,-1.0743741631914991,2.9520632337305854,0.00011821230464604189,-1.7568734327899378,-1.694648567830221,-1.814674202595846,-1.2031834761248987,1.5708465576171875,-0.884155575429098,1
380,1788171807.6422346,-0.20382529244781436,-0.4842321729793621,0.14162008994962458,-1.0743232162263145,2.9521400537391824,-2.698471185895166e-05,-1.7599542776690882,-1.6963041464435022,-1.8126958052264612,-1.2033990065204065,1.5708465576171875,-0.8871892134295862,1
381,1788171807.6824863,-0.20538928495790545,-0.4843963526993051,0.14161281507453202,-1.074589818822714,2.9520425524028604,-2.592918975280616e-05,-1.7628796736346644,-1.6980674902545374,-1.8106940428363245,-1.2036383787738245,1.5708465576171875,-0.8902953306781214,1
382,1788171807.720993,-0.20699497631734756,-0.4845331798118348,0.14160543693603034,-1.0746432160036035,2.9520250159915484,4.202754023594113e-05,-1.7658770720111292,-1.6998308340655726,-1.8086798826800745,-1.2039254347430628,1.5708225965499878,-0.8933284918414515,1
383,1788171807.7595828,-0.2085811244683021,-0.48472206497131337,0.1416860753804398,1.0747244299651804,-2.9519678235605675,0.0003031049951051587,-1.7688263098346155,-1.7014983336078089,-1.8066061178790491,-1.2040818373309534,1.5708345174789429,-0.8963387648211878,1
384,1788171807.7976594,-0.21021430390351886,-0.4848456076178178,0.14168746894790524,1.0746758785476682,-2.9520008690242676,0.00022848364110682182,-1.7718718687640589,-1.7032735983477991,-1.8045442740069788,-1.204416577016012,1.5708225965499878,-0.8993480841266077,1
385,1788171807.8374045,-0.2114445283951637,-0.484962469765791,0.14156733991755588,-1.074672880057965,2.9519882693474075,6.729058658271144e-05,-1.774161163960592,-1.7048571745501917,-1.8029854933368128,-1.2046201864825647,1.5708345174789429,-0.9016383329974573,1
386,1788171807.8756392,-0.2130708486765644,-0.4850956675129707,0.14155161778589165,-1.0745494109367806,2.9520322770815843,6.886582450575256e-05,-1.777182404194967,-1.7066567579852503,-1.8009474913226526,-1.204860035573141,1.5708345174789429,-0.9045761267291468,1
387,1788171807.9155788,-0.21462668878146093,-0.4852386584682827,0.14160792509385436,-1.074788948164087,2.951972094164731,4.374091479788914e-06,-1.7800596396075647,-1.7083357016192835,-1.7988618055926722,-1.2052186171161097,1.5708345174789429,-0.9076097647296351,1
388,1788171807.9561605,-0.2162689979585216,-0.485340995917967,0.14157657571381102,-1.0745184536611536,2.9520545222278978,0.00014765632015897718,-1.783093277608053,-1.7101472059832972,-1.796823803578512,-1.2055304686175745,1.570798635482788,-0.9104636351214808,1
389,1788171807.995826,-0.21784759900013034,-0.4855054345464966,0.14159704037574594,-1.0728651015299497,2.9526298045738306,0.00010211477877951897,-1.786006275807516,-1.7119587103473108,-1.7946656386004847,-1.2058656851397913,1.5708345174789429,-0.912262264882223,1
390,1788171808.0365934,-0.2194970446591855,-0.4856442997250063,0.141668625933797,-1.0702896335100556,2.953645784754876,-8.784975192031488e-05,-1.789039436970846,-1.7136862913714808,-1.7924960295306605,-1.2061646620379847,1.5708345174789429,-0.9135335127459925,1
391,1788171808.076894,-0.22104718519971675,-0.485792368285244,0.14160912852636864,-1.066387404998385,2.9549840678031547,4.597431965357824e-05,-1.7918809095965784,-1.715569798146383,-1.790433708821432,-1.2064521948443812,1.5708465576171875,-0.9137490431415003,1
392,1788171808.1158686,-0.22268895718413856,-0.4859600961347623,0.14160394572109017,-1.060939952470089,2.9569740869374024,-5.8392990054295226e-05,-1.794877831135885,-1.7174647490130823,-1.7882521788226526,-1.206667725239889,1.5708585977554321,-0.9130538145648401,1
393,1788171808.1552181,-0.2242770410931968,-0.48612251781600574,0.14159639427884457,1.0546160679867844,-2.9592585174506194,0.00011114306011286857,-1.7977431456195276,-1.7193005720721644,-1.7861421743976038,-1.2068713347064417,1.5708105564117432,-0.9116385618792933,1
394,1788171808.1961308,-0.22588714390697917,-0.48626839055714255,0.14163129820925408,1.0474617911781077,-2.961792207679884,0.00019512117147986446,-1.8006804625140589,-1.7211115995990198,-1.783935848866598,-1.2072184721576136,1.5708345174789429,-0.9097440878497522,1
395,1788171808.2359462,-0.22748920647594453,-0.4864188524796189,0.14164950659172265,1.038844999125589,-2.964820282344388,0.0002773310098879192,-1.8035934607135218,-1.7229469458209437,-1.7817423979388636,-1.2075298468219202,1.5708585977554321,-0.9068425337420862,1
396,1788171808.274841,-0.22908528075910495,-0.4866032231680954,0.14165405370554882,1.029132192269706,-2.9681399567795776,0.0003250848402205817,-1.8064468542682093,-1.7248542944537562,-1.7795007864581507,-1.2078049818622034,1.5708225965499878,-0.9031613508807581,1
397,1788171808.3130016,-0.230691801791513,-0.4867151865009377,0.14169241386966158,1.0184885821302647,-2.9717621916061807,0.0004343621382881097,-1.8093598524676722,-1.7265937964068812,-1.7773669401751917,-1.2081168333636683,1.5708225965499878,-0.8989165464984339,1
398,1788171808.3527994,-0.2322238144406706,-0.4868349789840445,0.14159124821600824,1.0068405784177028,-2.9758225727066145,0.00032167450752156306,-1.8121407667743128,-1.7284887472735804,-1.77537709871401,-1.2083199659930628,1.5708585977554321,-0.8938444296466272,1
399,1788171808.3931005,-0.23387950033966914,-0.48672610062584437,0.14119255422693994,-0.9947132101323404,2.979821824717487,0.00027738431129004017,-1.8152101675616663,-1.7304204146014612,-1.7740700880633753,-1.2081168333636683,1.5708105564117432,-0.8887842337237757,1
400,1788171808.434002,-0.23544761342966047,-0.48672356771419895,0.14087972798346354,-0.982632327491715,2.983719196350313,0.00035678094576042886,-1.8181112448321741,-1.7322920004474085,-1.772679630910055,-1.207733456288473,1.5708705186843872,-0.8836038748370569,1
401,1788171808.4751291,-0.23711440591101982,-0.48665770516176615,0.14057905603718965,-0.9703821085615426,2.9876992465979213,0.0004905546113880047,-1.8211801687823694,-1.7341154257403772,-1.7713125387774866,-1.207362476979391,1.5708465576171875,-0.8784721533404749,1
402,1788171808.514489,-0.2386542139479135,-0.4866978220333577,0.14026009238283949,-0.9588072104479558,2.991447800890024,0.000529458434191746,-1.8239615599261683,-1.7360227743731897,-1.7699101606952112,-1.2068713347064417,1.5708225965499878,-0.873507324849264,1
403,1788171808.552956,-0.24005069736761042,-0.4866733580061407,0.13997527816812555,-0.9467770316847592,2.9952554773545064,0.0005118607030016825,-1.8265274206744593,-1.7376301924334925,-1.7687714735614222,-1.2064040342914026,1.5708465576171875,-0.8680394331561487,1
404,1788171808.5934374,-0.24110890751215844,-0.4866909857623103,0.13979098849323068,-0.9346597131291384,2.9992266391322056,0.00018368348391342642,-1.8284333387957972,-1.738781754170553,-1.76796800294985,-1.2057936827289026,1.5708225965499878,-0.8618276754962366,1
405,1788171808.6341097,-0.24212482759514295,-0.4867248793101286,0.13949615896397669,-0.9226788537915456,3.0030018728524723,-1.3993431233679689e-05,-1.8302672545062464,-1.7400777975665491,-1.7672608534442347,-1.2050636450396937,1.5708345174789429,-0.8556645552264612,1
406,1788171808.6724658,-0.24307932346952754,-0.4866885277118192,0.13911645019622645,-0.9107271260192601,3.0066225638331057,0.00011927555727273158,-1.832005802785055,-1.7413371245013636,-1.7667692343341272,-1.2043808142291468,1.5708105564117432,-0.8494527975665491,1
407,1788171808.7137263,-0.24378081338262952,-0.48665773531355444,0.13873254140844132,-0.898621803321462,3.0101215638163152,0.00032089942016721914,-1.8333123365985315,-1.7424042860614222,-1.7664931456195276,-1.2037699858294886,1.5708585977554321,-0.8427374998675745,1
408,1788171808.753421,-0.2442005606612034,-0.48664957487821314,0.138393902188969,-0.8867094467971632,3.013609859864814,0.000572081754211681,-1.8340557257281702,-1.7431719938861292,-1.7664573828326624,-1.2031953970538538,1.5708105564117432,-0.8355782667743128,1
409,1788171808.7941911,-0.24423953222083647,-0.4866859622964109,0.13819156341921038,-0.8749314082491759,3.017152154029074,0.00036045712177629056,-1.8341034094439905,-1.7433884779559534,-1.7667935530291956,-1.2024768034564417,1.570798635482788,-0.8277958075152796,1
410,1788171808.835193,-0.24426024976926974,-0.48681873163104755,0.13801925615012195,0.8626286094937126,-3.020717899215031,0.00042377601736184287,-1.8340914885150355,-1.7435925642596644,-1.7671650091754358,-1.2013395468341272,1.5708345174789429,-0.8196290175067347,1
411,1788171808.87343,-0.2442686905547895,-0.48682560393478624,0.13774951437829547,0.8502557242303154,-3.024174271140801,0.0005532012079583111,-1.8341034094439905,-1.7438080946551722,-1.7676685492144983,-1.2005251089679163,1.5708345174789429,-0.8114622274981897,1
412,1788171808.9142792,-0.2442605990135164,-0.4868095703812358,0.13744459034915396,0.8381646916115723,-3.027589806556766,0.0004131563717392678,-1.8340914885150355,-1.7440722624408167,-1.7681601683246058,-1.1998665968524378,1.5708225965499878,-0.8034513632403772,1
413,1788171808.9542086,-0.2442281223595298,-0.4867695441364658,0.13711868742376404,0.8261688131935976,-3.0310003946285478,0.00023046077856948144,-1.8340676466571253,-1.7443116346942347,-1.7687237898456019,-1.1992200056659144,1.5708585977554321,-0.7954881826983851,1
414,1788171808.9932008,-0.24423081056919557,-0.48672349653481534,0.1367662519925648,-0.814283625469985,3.034168743884888,7.579699098090936e-05,-1.8340795675860804,-1.7446115652667444,-1.7692750136004847,-1.198573414479391,1.5708225965499878,-0.7876694838153284,1
415,1788171809.0341072,-0.24425387053088576,-0.48677062654437164,0.1364877085201201,0.8018499870061381,-3.037474354956543,0.00029036729630017394,-1.8341034094439905,-1.7448638121234339,-1.7698023954974573,-1.197531525288717,1.5708345174789429,-0.7795026938067835,1
416,1788171809.0755625,-0.2442377605938688,-0.4867564231884336,0.13617273303384336,0.7898735535212228,-3.0406699170876093,0.00021117305067415822,-1.8340914885150355,-1.7451275030719202,-1.7703293005572718,-1.196812931691305,1.5708585977554321,-0.7715995947467249,1
417,1788171809.1154606,-0.24421739938094783,-0.4867436368265345,0.1358056560772955,-0.7779118094516199,3.0436987166422416,-2.923696517616576e-06,-1.8340557257281702,-1.7454636732684534,-1.7708929220782679,-1.1960585753070276,1.5708465576171875,-0.7637084166156214,1
418,1788171809.1569974,-0.24422511760623822,-0.48672339480415844,0.13546602414342346,-0.7653352338756416,3.0468307267166423,0.00014653055658101508,-1.8340795675860804,-1.7457755247699183,-1.7714203039752405,-1.1953280607806605,1.5708465576171875,-0.7554810682879847,1
419,1788171809.1966689,-0.24423120453618524,-0.4867704172266107,0.13517130772177044,-0.7534039413834774,3.049903685978009,-0.00012934746293728587,-1.8340676466571253,-1.7460516134845179,-1.7719481627093714,-1.1943228880511683,1.5708465576171875,-0.7476256529437464,1
420,1788171809.2375827,-0.24423756604916477,-0.48679401969660324,0.13491960601526282,0.7412985639629183,-3.0528224796974746,0.00032630369063022603,-1.8340676466571253,-1.7462676207171839,-1.7724154631244105,-1.1934965292560022,1.5708465576171875,-0.7396982351886194,1
421,1788171809.2768795,-0.24425204297343814,-0.48674997076351256,0.13460658837842876,-0.7289458963017609,3.0558402226226478,-0.00012722056936297375,-1.8341153303729456,-1.7465313116656702,-1.772919003163473,-1.192873779927389,1.5708465576171875,-0.7316506544696253,1
422,1788171809.3167012,-0.24420909510752334,-0.4867128248711372,0.13429187653962663,-0.7168771818707526,3.0585882900976338,0.00017233612573108734,-1.8340557257281702,-1.7467830816852015,-1.7734230200396937,-1.1923344771014612,1.5708465576171875,-0.7237113157855433,1
423,1788171809.3587978,-0.24422739146762903,-0.48670739387210676,0.1340216288507389,-0.7043853841174941,3.0615122568842112,0.00010829014113625323,-1.8340914885150355,-1.7470110098468226,-1.7739022413836878,-1.191580597554342,1.5708465576171875,-0.7155793348895472,1
424,1788171809.395286,-0.24424261213299156,-0.48672886161069717,0.13372393299421947,-0.692053456525203,3.064374092593638,3.097299128591368e-06,-1.8341034094439905,-1.7472990194903772,-1.7743938604937952,-1.1907184759723108,1.5708345174789429,-0.707531754170553,1
425,1788171809.4336486,-0.24420762917920608,-0.48671794859298495,0.13339083279247665,-0.6798489539690413,3.0670314015323963,0.0001372245320323254,-1.8340557257281702,-1.747587029133932,-1.774933163319723,-1.1899998823748987,1.5708585977554321,-0.6995323340045374,1
426,1788171809.4722185,-0.2442239268171439,-0.48671897695285027,0.13309919137663948,-0.6674151436475672,3.0697885542977503,9.874838934270464e-05,-1.8340795675860804,-1.7478507200824183,-1.7754252592669886,-1.1892097632037562,1.5708465576171875,-0.6914480368243616,1
427,1788171809.5142035,-0.24422577512890883,-0.4866908360447265,0.132767386547959,-0.6553382853099884,3.0723218694467693,0.00034388928943828535,-1.8340914885150355,-1.7481630484210413,-1.7759164015399378,-1.1885750929461878,1.5708345174789429,-0.6836040655719202,1
428,1788171809.553917,-0.2442512951119804,-0.4867122016082314,0.13250879790950965,-0.6429155847401175,3.0750402432571824,6.031677711394947e-05,-1.8341272513019007,-1.7483785788165491,-1.7764199415790003,-1.187652889882223,1.5708345174789429,-0.6755440870868128,1
429,1788171809.5920868,-0.24423138404723058,-0.48676052085464017,0.13234724114653285,-0.6309348593822695,3.0775807971984244,-0.0001226897825617913,-1.8340676466571253,-1.7485464254962366,-1.7766955534564417,-1.1870787779437464,1.5708345174789429,-0.6676877180682581,1
430,1788171809.6314273,-0.24423873356622314,-0.48676003276859087,0.1323440154481418,0.6183778401253365,-3.0801195708049147,0.00025821682823677015,-1.8340914885150355,-1.7485225836383265,-1.776755158101217,-1.1869586149798792,1.5708585977554321,-0.659555737172262,1
431,1788171809.670058,-0.24424004829508658,-0.4867682260552189,0.132267987792799,0.6058082394251878,-3.082595105244609,0.00024158939841095086,-1.8340795675860804,-1.7486065069781702,-1.776862923298971,-1.1867669264422815,1.5708345174789429,-0.6513879934894007,1
432,1788171809.7105343,-0.24423319196898896,-0.4867533508663535,0.13219539113754572,-0.59617746303391,3.0844957676503038,-0.0001477442626161193,-1.8340795675860804,-1.7486665884601038,-1.776971165333883,-1.1866710821734827,1.5708465576171875,-0.6451385656939905,1
433,1788171809.7509384,-0.24424171251424523,-0.4867639429893172,0.13208750682767997,0.5841111203817603,-3.0867967396140394,0.00014883324267347592,-1.8340914885150355,-1.7487862745868128,-1.7771628538714808,-1.1863239447223108,1.5708585977554321,-0.6357110182391565,1
434,1788171809.790576,-0.24422454621904177,-0.486731836876619,0.13194633195192634,-0.56902830673677,3.089575627769527,-5.2330899242021526e-05,-1.8340795675860804,-1.7488706747638147,-1.7773907820331019,-1.186120335255758,1.5708585977554321,-0.6275547186480921,1
435,1788171809.8332233,-0.2442769561520584,-0.4869584594059608,0.13181756045048657,-0.5568004778716688,3.091836154520258,1.47797190631929e-05,-1.834043327962057,-1.7495062986956995,-1.776971165333883,-1.1859286467181605,1.5708105564117432,-0.6196020285235804,1
436,1788171809.872288,-0.24419572560670375,-0.48782886473381576,0.13165009286688575,-0.5441326822592388,3.0939933406037055,0.00038186788341614935,-1.8334677855121058,-1.7514494101153772,-1.7750170866595667,-1.1861918608294886,1.570798635482788,-0.6108458677874964,1
437,1788171809.913311,-0.24416157732081675,-0.4894719615447923,0.1316891850612684,-0.5319300482144353,3.096196214832366,-0.00015699443807911008,-1.8326409498797815,-1.7545807997332972,-1.7712047735797327,-1.1865275541888636,1.5708705186843872,-0.6021249930011194,1
438,1788171809.9525528,-0.24410589547808248,-0.49110580385656366,0.13165194575266753,-0.519204879477763,3.098354204062257,-0.00015398590393510294,-1.8317540327655237,-1.7578800360309046,-1.7672966162311,-1.1871383825885218,1.5708705186843872,-0.5930212179767054,1
439,1788171809.9932945,-0.24403611509915882,-0.4926768456952944,0.1316678060304432,-0.5071195540493693,3.1003420092914293,-1.803467462892025e-05,-1.8308666388141077,-1.7610223929034632,-1.7634003798114222,-1.1879761854754847,1.5708465576171875,-0.5843365828143519,1
440,1788171810.0335803,-0.2440115746967288,-0.4942217348250092,0.13174068327216826,-0.4946050087764813,3.102273756301329,0.00029455720845828945,-1.8300874868976038,-1.7641657034503382,-1.7593005339251917,-1.1891501585589808,1.5708465576171875,-0.5754960219012659,1
441,1788171810.0744584,-0.24398249147675263,-0.4959361214600584,0.1321522671342253,0.4821537964236875,-3.1043658280342328,0.00022244291442938667,-1.8292244116412562,-1.767104450856344,-1.7546609083758753,-1.190491024647848,1.5708465576171875,-0.5665953795062464,1
442,1788171810.1142726,-0.24395892898379218,-0.4975395547664886,0.13266938555242633,-0.4699267422454754,3.1061854471080586,-2.3715091469600973e-05,-1.8284333387957972,-1.769947353993551,-1.7497103849994105,-1.1927416960345667,1.5708585977554321,-0.557934586201803,1
443,1788171810.1522665,-0.2440136636766579,-0.4989569565513744,0.13371381913921168,0.4574037689361396,-3.108050291445268,0.0003928608675211938,-1.8278573195086878,-1.7718547026263636,-1.7445672194110315,-1.1957114378558558,1.5708345174789429,-0.549298111592428,1
444,1788171810.1932902,-0.2443169152793804,-0.49952520579388765,0.13464929242607537,-0.4450412778041501,3.109853538807465,-9.023060276731376e-05,-1.8281453291522425,-1.7725985685931605,-1.741030518208639,-1.1987288633929651,1.5708705186843872,-0.5416324774371546,1
445,1788171810.2337928,-0.24434465471467942,-0.49951269150199124,0.13566535175529937,-0.43269851414065946,3.111528720086403,0.00010671626299925185,-1.828205410634176,-1.771783177052633,-1.7392199675189417,-1.2014954725848597,1.5708825588226318,-0.5337627569781702,1
446,1788171810.2760549,-0.24434753772973025,-0.49949135779115,0.13724825489330097,-0.42007964992592217,3.1132612062831657,0.00024260881288004513,-1.828205410634176,-1.7704156080829065,-1.7365592161761683,-1.205601994191305,1.5708465576171875,-0.5256536642657679,1
447,1788171810.3159933,-0.24437395712595825,-0.4995191620149601,0.13902168921781718,-0.407878039998829,3.114986057444999,-4.685435703673032e-05,-1.8282292524920862,-1.7689040342914026,-1.7336342970477503,-1.2098291555987757,1.5708225965499878,-0.5178325811969202,1
448,1788171810.3569484,-0.2443929373852104,-0.49955087888941374,0.1408961192838799,-0.39505542399275273,3.116620667051831,-2.9446190724514177e-05,-1.8282530943499964,-1.767428223286764,-1.7303374449359339,-1.2146185080157679,1.5708345174789429,-0.5096271673785608,1
449,1788171810.396028,-0.24438841304073025,-0.4995700225029838,0.14312580578536394,0.38262202559809944,-3.1181806265570224,0.00030965371870210994,-1.8282411734210413,-1.7655447165118616,-1.726633373891012,-1.2200186888324183,1.5708465576171875,-0.5016377607928675,1
450,1788171810.435887,-0.24436038770692997,-0.4995146378005903,0.14542288537072848,-0.37096871070213383,3.1196045870847913,-0.00018089994077403427,-1.8282173315631312,-1.7635777632342737,-1.7227852980243128,-1.225921932850973,1.5708465576171875,-0.49413997331728154,1
451,1788171810.4759953,-0.24434904780904834,-0.4995078915187242,0.14770523913508019,-0.3589632399998212,3.1209388119803485,4.534519094621343e-05,-1.828205410634176,-1.7618024984942835,-1.7187331358539026,-1.2319086233722132,1.5708585977554321,-0.48643809953798467,1
452,1788171810.5149682,-0.244382810968654,-0.4995487450961117,0.15003365141239752,-0.34736253049858634,3.1223177622621425,-0.00017031119740036212,-1.8282411734210413,-1.760026756917135,-1.7146452108966272,-1.2376201788531702,1.5708465576171875,-0.47903663316835576,1
453,1788171810.5563357,-0.244364618576313,-0.49953070874559,0.15235553739305205,-0.33553878472441867,3.1235832692760024,-6.036572317248083e-05,-1.8282173315631312,-1.7582152525531214,-1.7105687300311487,-1.2435830275165003,1.5708465576171875,-0.4714425245868128,1
454,1788171810.595711,-0.24433934411156724,-0.49949656208392695,0.15469463747173748,-0.3234630735057596,3.1247931167243608,0.000149760278864187,-1.828193489705221,-1.7564156691180628,-1.706421200429098,-1.2496774832354944,1.5708585977554321,-0.4636924902545374,1
455,1788171810.6355093,-0.24436571108910174,-0.4994878409592239,0.1570122712891727,-0.3119753722639413,3.125993673593275,0.00017642010550787763,-1.8282292524920862,-1.7547004858600062,-1.7022736708270472,-1.2555444876300257,1.5708225965499878,-0.45637494722475225,1
456,1788171810.6747422,-0.2443546069929748,-0.4995074142343225,0.15938622651755843,-0.2999946079446804,3.1272040775785124,-3.625612902858391e-05,-1.828205410634176,-1.752937142048971,-1.6980779806720179,-1.2613633314715784,1.5708345174789429,-0.44868499437441045,1
457,1788171810.7154791,-0.24435137422979197,-0.49946960317345757,0.16178912863760558,-0.2880200721814821,3.128283047075942,0.00016381193175550989,-1.8282173315631312,-1.751197640095846,-1.693714443837301,-1.26760179201235,1.5708345174789429,-0.44104272523988897,1
458,1788171810.755871,-0.2443638074448853,-0.499502096311714,0.16414921709175095,-0.276574630906914,3.1293485135826407,-3.2417991076262065e-05,-1.8282292524920862,-1.749565903340475,-1.6894105116473597,-1.2734087149249476,1.5708465576171875,-0.4337366263019007,1
459,1788171810.7968254,-0.2443954108830335,-0.4996113396601604,0.1665089239501357,0.2643857612908854,-3.130347242701035,0.0006221074416946897,-1.8282292524920862,-1.748019043599264,-1.685082737599508,-1.2788804213153284,1.5708345174789429,-0.42595082918276006,1
460,1788171810.8367627,-0.24437314667679572,-0.4995590556454419,0.16879324516091526,-0.2526714010768923,3.1313756610712105,-0.00017507281405318743,-1.8282292524920862,-1.7464950720416468,-1.6807549635516565,-1.2850468794452112,1.5708705186843872,-0.418464485798971,1
461,1788171810.8765948,-0.24436604106116053,-0.4995253151014255,0.17113438479785553,-0.24100324203513285,3.1322803581805427,6.305366596516892e-05,-1.8282173315631312,-1.7449358145343226,-1.6763680616961878,-1.2911408583270472,1.5708345174789429,-0.4110019842730921,1
462,1788171810.914319,-0.24436733142837244,-0.49951548150169234,0.17351977214235265,-0.22875267590991327,3.133221544370966,-9.791241375181396e-05,-1.8282292524920862,-1.7433283964740198,-1.6719921270953577,-1.2970197836505335,1.5708465576171875,-0.4031918684588831,1
463,1788171810.9569926,-0.24437302303527272,-0.4995626330505894,0.17583727693420356,-0.21738210318871898,3.1340601739937117,-0.00023393642844490815,-1.8282173315631312,-1.7419245878802698,-1.6675570646869105,-1.3027671019183558,1.5708465576171875,-0.39592153230776006,1
464,1788171810.9990315,-0.2443884501141768,-0.4995701632844783,0.1782530321243762,0.2055914249983993,-3.134828054350268,0.00039018133916184403,-1.8282411734210413,-1.740413014088766,-1.6630013624774378,-1.3087294737445276,1.5708465576171875,-0.3884232679950159,1
465,1788171811.042476,-0.24436937104731352,-0.49956349816920176,0.18109210892765729,0.19106898418550156,-3.1357257920786394,0.00043498597300490634,-1.828205410634176,-1.7386496702777308,-1.657618824635641,-1.3158414999591272,1.5708345174789429,-0.3791244665728968,1
466,1788171811.084794,-0.244378059719784,-0.4995965036739196,0.18343231325498086,0.17940216199197026,-3.1363538197751466,0.0007344131402489687,-1.828205410634176,-1.7372577826129358,-1.6531594435321253,-1.3214924971209925,1.5708345174789429,-0.37168628374208623,1
467,1788171811.1272078,-0.24435798354971647,-0.49947997530892263,0.18575718024767648,-0.164330659546532,3.1371842148499756,0.00026836464226704634,-1.8282292524920862,-1.7359746138202112,-1.648400608693258,-1.3282092253314417,1.5708465576171875,-0.3621004263507288,1
468,1788171811.1669886,-0.24436332077511752,-0.49950024776794844,0.18765592083718186,-0.15213508091882158,3.1378233798149275,0.0001526015035568561,-1.8282292524920862,-1.7349193731891077,-1.644684139882223,-1.3329032103167933,1.5708465576171875,-0.35432559648622686,1
469,1788171811.2074916,-0.24437023338737127,-0.49952650404178345,0.18942281791154003,0.13943122450861156,-3.138488780850017,0.0003067088716889549,-1.8282292524920862,-1.7338631788836878,-1.6413753668414515,-1.33696157137026,1.5708465576171875,-0.346226994191305,1
470,1788171811.2459683,-0.24437095062262543,-0.49955476098239515,0.19081670183552404,0.12675798120784731,-3.13900454719117,0.0004213231832878239,-1.8282173315631312,-1.7331317106830042,-1.638606373463766,-1.3403857390033167,1.5708465576171875,-0.3381403128253382,1
471,1788171811.28879,-0.2443633877677643,-0.4995260334892993,0.19205975123111219,-0.11451779459141617,3.1394964490862076,-0.00022937618752006474,-1.8282173315631312,-1.732459847127096,-1.63611346880068,-1.3436782995807093,1.5708465576171875,-0.3303416411029261,1
472,1788171811.3311715,-0.24436130526656025,-0.49951812311098986,0.19307317003622718,-0.10150242557056396,3.1399209677889695,-0.00011016583757110211,-1.8282173315631312,-1.7319439093219202,-1.6340511480914515,-1.3463357130633753,1.5708465576171875,-0.32205135027040654,1
473,1788171811.371445,-0.24436453450805376,-0.499494061455738,0.19389955089627178,-0.08893578165376292,3.1402632869705793,0.00016269378761813,-1.8282292524920862,-1.7315481344806116,-1.632313076649801,-1.3486469427691858,1.5708345174789429,-0.3140600363360804,1
474,1788171811.41001,-0.24436809833832762,-0.4994969084522827,0.19457127720596912,-0.07652012134985568,3.1405861604756034,0.0002553894550811355,-1.8282292524920862,-1.7312362829791468,-1.6309106985675257,-1.3504188696490687,1.5708225965499878,-0.30615312257875615,1
475,1788171811.4482794,-0.24436579465671202,-0.4995163958673119,0.19525331955204164,-0.06380140132866163,3.14082386371,0.00017168761610016384,-1.8282411734210413,-1.7309125105487269,-1.6295197645770472,-1.3520949522601526,1.5708825588226318,-0.29806644121278936,1
476,1788171811.4866698,-0.24436130708881088,-0.49956919855104,0.19590907922706016,-0.05172377470129669,3.1411336914167967,-0.00010648195541171269,-1.828193489705221,-1.7305882612811487,-1.6282370726214808,-1.3535073439227503,1.5708465576171875,-0.29032737413515264,1
477,1788171811.5274384,-0.24435943837609606,-0.4995365645185297,0.1964675940781795,-0.038833180997468866,3.1412557954883846,0.00025396285769412465,-1.828205410634176,-1.7303484121905726,-1.6270025412188929,-1.3552196661578577,1.5708465576171875,-0.28213245073427373,1
478,1788171811.5662422,-0.24435561719359156,-0.499532846483971,0.19704396237962463,-0.026319793679388186,3.1413940120834503,0.00013758234820749346,-1.828205410634176,-1.7300127188311976,-1.6259115378009241,-1.35657245317568,1.5708585977554321,-0.2741654554950159,1
479,1788171811.607722,-0.2443589982173791,-0.4995201567202787,0.19745967368266976,-0.013787033230183801,3.141446830302203,0.0002994645875422808,-1.8282173315631312,-1.7298324743853968,-1.6250126997577112,-1.357757870350973,1.5708585977554321,-0.2661984602557581,1
480,1788171811.6481519,-0.24436802127709167,-0.4995544307978159,0.19789454758843122,-0.000688819388557489,3.141520828696685,4.3829429225533646e-05,-1.8282173315631312,-1.729616943989889,-1.6241734663592737,-1.3586438337909144,1.5708585977554321,-0.25785953203310186,1
481,1788171811.688847,-0.2443790689420815,-0.49957086069670875,0.19822279576897142,0.01152441542965985,3.141533270232722,-0.00015801350109579922,-1.8282292524920862,-1.7294366995440882,-1.6235621611224573,-1.3593023459063929,1.5708585977554321,-0.2500961462603968,1
482,1788171811.7305741,-0.24437553763688077,-0.4996085179187677,0.19850122791259522,0.02403950448478809,3.1414858251272424,-0.00030437835173297657,-1.828205410634176,-1.7293289343463343,-1.6229866186725062,-1.359889332448141,1.5708585977554321,-0.2421048323260706,1
483,1788171811.7714748,-0.24436839865772297,-0.499596138470786,0.19872426862373238,-0.03672347399830386,-3.141369864835889,0.0003752394409551581,-1.828193489705221,-1.7291606108294886,-1.622615162526266,-1.3603795210467737,1.5708465576171875,-0.2340176741229456,1
484,1788171811.8128202,-0.24437909718451648,-0.4995454355774687,0.19875498808904662,0.04918001130161474,3.1411602431428647,-0.00010637735133345055,-1.8282411734210413,-1.7291367689715784,-1.6225188414203089,-1.3606789747821253,1.5708585977554321,-0.22613412538637334,1
485,1788171811.856304,-0.24437385771531916,-0.49954027037160187,0.19876720441289467,0.06472610631177274,3.140884026205186,-6.44363887200075e-05,-1.8282292524920862,-1.7291248480426233,-1.6224949995623987,-1.3607390562640589,1.5708465576171875,-0.2162235418902796,1
486,1788171811.8992372,-0.24436643374050007,-0.4995484005419002,0.19877747946630603,0.07703112506854416,3.1405972053759696,-8.676228177702498e-05,-1.8282173315631312,-1.7291248480426233,-1.6224711577044886,-1.360750977193014,1.5708585977554321,-0.20837575594057256,1
487,1788171811.942841,-0.2443692314818038,-0.4995226984818266,0.19876541686147695,0.08950437796858884,3.1402671678437457,-9.207101851376222e-06,-1.8282292524920862,-1.7291010061847132,-1.6225188414203089,-1.3607748190509241,1.5708465576171875,-0.20044404665102178,1
488,1788171811.9852326,-0.24437305277988905,-0.4995372129737006,0.1987630205281272,0.10480140141652931,3.13979384828298,-8.822771978253987e-06,-1.8282292524920862,-1.7291367689715784,-1.6224830786334437,-1.3607748190509241,1.5708465576171875,-0.19070083299745733,1
489,1788171812.026627,-0.2443682365158032,-0.49955120173222434,0.19876107915018115,0.1169116839768745,3.1393389850611486,-7.641952535431223e-05,-1.8282292524920862,-1.7291486899005335,-1.6224830786334437,-1.3607266584979456,1.5708825588226318,-0.18298560777773076,1
490,1788171812.0675263,-0.24437068306242868,-0.4995282120415181,0.19879465389081977,0.1299835832751916,3.138862469013086,-8.208034726457471e-05,-1.8282292524920862,-1.7290766874896448,-1.6224830786334437,-1.3607867399798792,1.5708465576171875,-0.1746581236468714,1
491,1788171812.1098673,-0.24438277148954168,-0.4995230647817752,0.19877066418493233,0.14218543063734096,3.13831793657454,2.9458149308990283e-05,-1.8282530943499964,-1.7291248480426233,-1.6224711577044886,-1.3608229796039026,1.5708465576171875,-0.16690618196596319,1
492,1788171812.1524925,-0.24434919654416204,-0.4994829250792303,0.19871291594074095,0.15750770278961487,3.1375154668205436,0.00046649924988408174,-1.8282173315631312,-1.7291725317584437,-1.6224949995623987,-1.3610380331622522,1.5708585977554321,-0.15710240999330694,1
493,1788171812.195066,-0.24434679986244454,-0.4994160101394654,0.19872160578201675,0.16991108304965355,3.1368657805781495,0.0007743171535000186,-1.8282292524920862,-1.7291129271136683,-1.6224949995623987,-1.3612898031817835,1.5708225965499878,-0.1492069403277796,1
494,1788171812.2375565,-0.24431793549864977,-0.49940039621298365,0.19870836821100035,0.18195117323571466,3.1361191250523124,0.0009627759968059822,-1.828205410634176,-1.7291248480426233,-1.6224830786334437,-1.3614214102374476,1.5708705186843872,-0.1415031591998499,1
495,1788171812.2794595,-0.244318019907227,-0.49939395842096834,0.19868284467905298,0.19491572205627772,3.1353663637081968,0.0010668913743983447,-1.828193489705221,-1.7291486899005335,-1.6225069204913538,-1.3614333311664026,1.5708345174789429,-0.13322335878481084,1
496,1788171812.3201542,-0.2443352722853402,-0.4993937107740455,0.1986721004589628,0.20992400501861605,3.1343886652566253,0.0010645879705583647,-1.8282292524920862,-1.7291725317584437,-1.6225069204913538,-1.3614094893084925,1.5708465576171875,-0.12368375459779912,1
497,1788171812.3621547,-0.24434972639855967,-0.49939756128737184,0.19870986730956844,0.22280539240942798,3.13351776278428,0.000936218289306935,-1.8282530943499964,-1.7291367689715784,-1.6224711577044886,-1.3613970915423792,1.5708465576171875,-0.11548787752260381,1
498,1788171812.4058928,-0.24433743574643374,-0.4994019282796313,0.19870377302861716,0.2351744224250011,3.13262045845701,0.0009004063690548714,-1.8282292524920862,-1.7291248480426233,-1.6225069204913538,-1.3613494078265589,1.5708465576171875,-0.10756856599916631,1
499,1788171812.4444509,-0.2443438440393329,-0.4994517966627542,0.19870692490199302,0.24733633275867745,3.1317136849147356,0.0006610831131427167,-1.8282173315631312,-1.7291606108294886,-1.6224949995623987,-1.3611701170550745,1.5708465576171875,-0.09979230562318975,1
500,1788171812.4814768,-0.24436595974067335,-0.4995102713801093,0.1987501756535862,0.26022872750008846,3.1307289597135206,0.00014336000469738835,-1.8282292524920862,-1.7291248480426233,-1.6225069204913538,-1.3608587423907679,1.5708465576171875,-0.09157258669008428,1
501,1788171812.5201626,-0.24436587531185197,-0.49950995069288495,0.19876124894873817,0.27249288980405334,3.1296877487206265,0.0001253187439403087,-1.8282292524920862,-1.7291129271136683,-1.6224949995623987,-1.360870663319723,1.5708465576171875,-0.08373672166933233,1
502,1788171812.5582423,-0.24436970028643068,-0.49952447914923626,0.19876043461019877,0.2849607878870863,3.1285855145921713,5.112143725775282e-05,-1.8282292524920862,-1.7291248480426233,-1.6224949995623987,-1.3608105818377894,1.5708465576171875,-0.0757682959185999,1
503,1788171812.596724,-0.2443776509088288,-0.4995399424335237,0.19877635105230532,0.2953206657819245,3.1276244614001056,-6.251651224330251e-05,-1.8282411734210413,-1.7291248480426233,-1.6224711577044886,-1.360762898121969,1.5708585977554321,-0.06915647188295537,1
504,1788171812.6370049,-0.24437322033047323,-0.4995525855221647,0.1987686623143894,0.3073683934623334,3.126490992739526,-9.314302307846838e-05,-1.8282173315631312,-1.7291367689715784,-1.6224830786334437,-1.3607152144061487,1.5708345174789429,-0.06142884889711553,1
505,1788171812.675899,-0.24438152970742602,-0.4995330827016577,0.19876150268484857,0.3200275908563785,3.1252147652241056,-3.745925658164853e-05,-1.8282411734210413,-1.7291248480426233,-1.6225069204913538,-1.3607390562640589,1.5708345174789429,-0.0533526579486292,1
506,1788171812.7144403,-0.24436513123381787,-0.49953265603691527,0.19876269108132338,0.33226839040953887,3.123919562138779,1.5436062289817977e-05,-1.8282173315631312,-1.7291248480426233,-1.6224949995623987,-1.3607867399798792,1.5708465576171875,-0.04549247423280889,1
507,1788171812.7537954,-0.2443615319650796,-0.49952978115582175,0.19875698975919723,0.3445408458108787,3.1225761362990547,3.150040411400039e-05,-1.8282173315631312,-1.7291248480426233,-1.6225069204913538,-1.3607867399798792,1.5708585977554321,-0.03763276735414678,1
508,1788171812.793211,-0.2443535828967574,-0.49952511883516043,0.198742531824017,0.357502941327815,3.1211118983545894,0.00010606263610052292,-1.828205410634176,-1.7291367689715784,-1.6225188414203089,-1.3608105818377894,1.5708585977554321,-0.029316250477926076,1
509,1788171812.8332896,-0.24437191370294248,-0.4995476222995591,0.19879312622872047,0.36977063947525096,3.1197249116441235,-9.220969063241305e-05,-1.8282173315631312,-1.7291129271136683,-1.6224473158465784,-1.3607748190509241,1.5708345174789429,-0.021468464528219044,1
510,1788171812.8721633,-0.24437942550952188,-0.49957221505134264,0.19901725515242932,0.3824560914507746,3.118171032355863,-9.860468337457476e-05,-1.8282292524920862,-1.7290647665606897,-1.6219199339496058,-1.3613494078265589,1.5708585977554321,-0.0133441130267542,1
511,1788171812.9125266,-0.24439029758255085,-0.49959191770972783,0.20019661496747296,-0.3951411354576721,-3.1166138969650032,0.0008083881138820178,-1.8282292524920862,-1.7283209005938929,-1.619833771382467,-1.3637202421771448,1.5708345174789429,-0.005207840596334279,1
512,1788171812.9522552,-0.24437550847644396,-0.4996043578799275,0.20183201951530572,0.40708980794571037,3.1150949135157524,-0.0009385138562520852,-1.8282173315631312,-1.7275174299823206,-1.6165373961078089,-1.3677428404437464,1.5708825588226318,0.002472121035680175,1
513,1788171812.9935663,-0.24437608242615133,-0.4995487205187379,0.20403582602636675,0.419555399864067,3.113449857850351,-0.0006259782278705991,-1.8282292524920862,-1.7264617125140589,-1.6119940916644495,-1.373537842427389,1.5708465576171875,0.010464849881827831,1
514,1788171813.0312932,-0.24436876225480925,-0.4995679354286469,0.20649985099879878,0.43070194309858634,3.111904477923306,-0.0006624409205859804,-1.8282173315631312,-1.725370232258932,-1.606875244771139,-1.3797276655780237,1.5708705186843872,0.01764077879488468,1
515,1788171813.0701702,-0.24437594587844844,-0.4995696878611516,0.2091073203118568,0.4412452807663924,3.1104014467142655,-0.0003409296038902717,-1.8282292524920862,-1.7243383566485804,-1.6012652556048792,-1.3865755240069788,1.5708705186843872,0.024408871307969093,1
516,1788171813.1104329,-0.24435589035451036,-0.49949755456154366,0.2113011114347524,0.44969558871998666,3.109171375195773,0.0002492079646293087,-1.8282173315631312,-1.723414723073141,-1.5965660254107874,-1.392573658620016,1.5708465576171875,0.029857199639081955,1
517,1788171813.1491292,-0.24438482598080977,-0.4995456023660142,0.2141642717447871,0.4597913425249468,3.1077348686301995,-0.00013769486978713012,-1.8282411734210413,-1.7222512404071253,-1.5905721823321741,-1.3994815985309046,1.5708345174789429,0.03632530942559242,1
518,1788171813.1859677,-0.24437101971232042,-0.499544226462972,0.21696424821222354,0.4694677325412198,3.1062897829419094,-0.00016957451148560433,-1.8282173315631312,-1.721123997365133,-1.5846508185016077,-1.4065097014056605,1.5708345174789429,0.04257770627737045,1
519,1788171813.225156,-0.24435137953094632,-0.49949121713410055,0.21973817847794294,0.4796530645939771,3.1046834157482506,0.00020282895213152245,-1.8282173315631312,-1.7200682798968714,-1.5786564985858362,-1.4138005415545862,1.5708585977554321,0.04914206638932228,1
520,1788171813.2634153,-0.2443366453771531,-0.49946077855950693,0.22255183180721955,0.48985856136231387,3.1030848744619215,0.0002814670048195789,-1.828205410634176,-1.7190001646624964,-1.572627369557516,-1.4209478537188929,1.5708585977554321,0.055730391293764114,1
521,1788171813.3019986,-0.2443696379291053,-0.49952828771971614,0.2254233867965164,0.4997341868262539,3.1015735934491007,-0.00013900419046446692,-1.8282173315631312,-1.7180526892291468,-1.5663941542254847,-1.4278557936297815,1.5708225965499878,0.06207866221666336,1
522,1788171813.3421643,-0.24453389563969352,-0.49965982049858515,0.22823210532080504,0.5099257284720231,3.099886217292561,-8.282128632649551e-05,-1.8284571806537073,-1.7176092306720179,-1.5596688429461878,-1.4350627104388636,1.5708465576171875,0.0684153214097023,1
523,1788171813.3821614,-0.24520842583234806,-0.5002552582745614,0.23097770511616078,0.5203970483795008,3.0981684015737034,-0.0002628876815048241,-1.8293684164630335,-1.7186763922320765,-1.5513976255999964,-1.4421504179583948,1.5708345174789429,0.07425950467586517,1
524,1788171813.4222116,-0.24599086189825584,-0.5010801710993719,0.23292369597517112,0.5277131364017914,3.096901043133922,-0.00018048559121189124,-1.8303750197040003,-1.7207158247577112,-1.544013802205221,-1.4475496451007288,1.5708585977554321,0.07797985523939133,1
525,1788171813.4608536,-0.24751567368112157,-0.5027200095476551,0.23534840077600838,0.5374044356927394,3.0952174509400545,0.0005249804974307998,-1.8322809378253382,-1.725370232258932,-1.5322540442096155,-1.4551036993609827,1.5708345174789429,0.08233612030744553,1
526,1788171813.500601,-0.24871345758962027,-0.5041623812975261,0.2372102413323622,0.544460937168597,3.093996247098104,0.00010411540502347867,-1.8337081114398401,-1.7290886084186,-1.5231917540179651,-1.460179630910055,1.5708465576171875,0.0854681208729744,1
527,1788171813.5399876,-0.24970323846123965,-0.5053917357146025,0.2383289617617715,0.5494166041613742,3.0931320309453505,-0.00010400269500158563,-1.8348587195025843,-1.7324116865741175,-1.5164549986468714,-1.4634602705584925,1.5708465576171875,0.0875200480222702,1
528,1788171813.5781765,-0.2508917870728783,-0.5067613849899388,0.23943780672487,0.5543212578306845,3.092192740173443,0.00037449461944996106,-1.836297337208883,-1.7364900747882288,-1.5087350050555628,-1.4674108664142054,1.5708825588226318,0.08926038444042206,1
529,1788171813.6161685,-0.2521622647104457,-0.5081725218057895,0.24047937006901418,0.5581688051560767,3.0915542159244613,7.80311233637493e-05,-1.8378198782550257,-1.7405088583575647,-1.5013631025897425,-1.4705713430987757,1.5708465576171875,0.0902206152677536,1
530,1788171813.6569386,-0.2533933661459237,-0.5095525059257846,0.2410363727041676,0.5604446621085518,3.0911250081778436,0.0003786145430577144,-1.8392942587481897,-1.744744125996725,-1.4948657194720667,-1.4730256239520472,1.5708465576171875,0.0902206152677536,1
531,1788171813.6958373,-0.25461403729800064,-0.510972240585088,0.24131956897719595,0.5610863307784707,3.0909838707399606,0.0003780595743361217,-1.8407323996173304,-1.7490266005145472,-1.4890406767474573,-1.474570099507467,1.5708705186843872,0.089200459420681,1
532,1788171813.7345128,-0.25575543491286556,-0.5123972553500465,0.2413056087759702,0.5607162536775678,3.091064739699133,0.0005520971310497648,-1.8420036474811,-1.7533567587481897,-1.4838741461383265,-1.4755156675921839,1.5708465576171875,0.08768820017576218,1
533,1788171813.7730155,-0.2569407030524016,-0.5139091203247358,0.24133929865447518,0.5609964189140599,3.091038172887928,0.00014326345624620252,-1.8433101812945765,-1.7577231566058558,-1.4786117712603968,-1.4761503378497522,1.5708465576171875,0.0865601897239685,1
534,1788171813.8126965,-0.25784463688536535,-0.5151184663348181,0.2413722610953331,0.5607955227801456,3.091102500375092,-0.0001138129321701557,-1.844269100819723,-1.7611902395831507,-1.4743927160846155,-1.476736847554342,1.5708345174789429,0.0854681208729744,1
535,1788171813.8529854,-0.2589658610778559,-0.5166073262903973,0.24143907112705523,0.5610923987896396,3.091061748738757,-0.0005250119458824898,-1.8454678694354456,-1.7654369513141077,-1.469154183064596,-1.477466885243551,1.5708465576171875,0.08445995301008224,1
536,1788171813.89208,-0.2600099641668461,-0.5180527748026986,0.24144294053201729,0.5612781728038392,3.0910360344901027,-0.0002552674807506556,-1.8465350309955042,-1.7697437445269983,-1.4638798872577112,-1.4786046187030237,1.5708225965499878,0.0835120752453804,1
537,1788171813.930157,-0.2610357646320304,-0.5194962612289741,0.24138207511062115,0.5611543975294027,3.0909983855640237,0.00011792539999858449,-1.8475897947894495,-1.7740867773639124,-1.4586899916278284,-1.4796937147723597,1.5708585977554321,0.08238405734300613,1
538,1788171813.969516,-0.26211651432787236,-0.5209586026331872,0.24137821046132746,0.5609553302594937,3.091074270200362,6.968474040521447e-05,-1.8486927191363733,-1.7783692518817347,-1.453475300465719,-1.4805915991412562,1.5708225965499878,0.08114781230688095,1
539,1788171814.0066547,-0.263241625278084,-0.5224213494323366,0.24129747726679904,0.5614459067536349,3.090941189647896,0.00018103302499423957,-1.849891487752096,-1.7827838102923792,-1.4482491652118128,-1.4814780394183558,1.5708585977554321,0.08027146756649017,1
540,1788171814.0466278,-0.26434424975986553,-0.5238860542792838,0.2413345797273748,0.5615374434535396,3.090926767783156,0.00014513361135080224,-1.851030174885885,-1.7871020475970667,-1.442843262349264,-1.4825428167926233,1.5708585977554321,0.07919175922870636,1
541,1788171814.0866003,-0.2654202712807926,-0.5253743516625382,0.24137925964808588,0.561394568378698,3.0909952568852774,-0.0001283454356720938,-1.8520968596087855,-1.791361157094137,-1.4375088850604456,-1.4834407011615198,1.5708345174789429,0.07802779227495193,1
542,1788171814.1274323,-0.26625138200778586,-0.5266266919382129,0.24141534444986396,0.5615574885621819,3.0909489603081837,-0.0004299560292990141,-1.8528884092914026,-1.794852081929342,-1.4331343809710901,-1.4841349760638636,1.5708705186843872,0.07734356820583344,1
543,1788171814.1679273,-0.2674880571484477,-0.5283872498829492,0.24135858424150444,0.563425034925817,3.090589001040819,-0.00012676885468858808,-1.8540871779071253,-1.8000944296466272,-1.426709000264303,-1.4855120817767542,1.5708705186843872,0.07735554873943329,1
544,1788171814.2047846,-0.26858310004070485,-0.5297350048828148,0.2413838094294611,0.5662598901183258,3.090065098208319,0.00014110532746194066,-1.8552382628070276,-1.8042691389666956,-1.4213874975787562,-1.4868291060077112,1.5708585977554321,0.07803978025913239,1
545,1788171814.243562,-0.2694987364927026,-0.5308776842264078,0.24140137047896698,0.5691675412106203,3.089528738029658,-9.083035969420218e-06,-1.856196705495016,-1.8076756636248987,-1.417095963154928,-1.4876192251788538,1.5708705186843872,0.07896368205547333,1
546,1788171814.2827272,-0.27062662478374344,-0.5321527372790711,0.24136784680459542,0.574082590719767,3.088645652260019,-3.7958222045820666e-05,-1.857419792805807,-1.8116472403155726,-1.4121936003314417,-1.4885290304767054,1.5708465576171875,0.08091973513364792,1
547,1788171814.3232746,-0.27173837149810953,-0.5331360688752903,0.24140971406722375,0.5801795123848487,3.087519145285757,0.0001358123526542181,-1.8587506453143519,-1.8150299231158655,-1.4077943007098597,-1.4896543661700647,1.5708225965499878,0.0835360437631607,1
548,1788171814.3630052,-0.2728671189300533,-0.5340203234016585,0.24146924277782705,0.587438776100349,3.086153797657545,-0.00016335131363898848,-1.8601649443255823,-1.8180649916278284,-1.4038503805743616,-1.4903729597674769,1.5708345174789429,0.0868242159485817,1
549,1788171814.405621,-0.2740485479854296,-0.5346519640318191,0.2413836811895014,0.5964220727867431,3.0843715452110576,-1.8047791691074953e-05,-1.8617952505694788,-1.8208001295672815,-1.40057880083193,-1.491007153187887,1.5708825588226318,0.09102430939674377,1
550,1788171814.4492295,-0.2755483362161694,-0.5351301029128336,0.24139186604487323,0.6083239105574312,3.0820934383051566,-0.000179239333308438,-1.8639772574054163,-1.8234275023089808,-1.3972461859332483,-1.491605583821432,1.5708465576171875,0.0965569019317627,1
551,1788171814.4921918,-0.27678564496974184,-0.5352870681268864,0.241381806164883,0.619302188551641,3.0799088426603407,-2.6719806380451995e-05,-1.8658950964557093,-1.825190846120016,-1.3950045744525355,-1.4921801725970667,1.5708345174789429,0.10176517069339752,1
552,1788171814.5309913,-0.27803160325239107,-0.5351857084796445,0.24138447820122458,0.631519347394762,3.0773857828723803,4.260235925359649e-05,-1.8679688612567347,-1.8263900915728968,-1.3934581915484827,-1.4925749937640589,1.5708705186843872,0.1076333224773407,1
553,1788171814.5720258,-0.27963882794870976,-0.5343702331342504,0.24139787898073645,0.6443849084089738,3.0747476057284757,-4.6205743214690666e-05,-1.8709538618670862,-1.82640248933901,-1.3934224287616175,-1.4925392309771937,1.5708465576171875,0.11300937086343765,1
554,1788171814.6145585,-0.281107454989627,-0.533341483587579,0.24131272334095524,0.6565470059336829,3.0721480239532886,-3.0211193329831107e-05,-1.873843018208639,-1.8258751074420374,-1.3943093458758753,-1.4921920935260218,1.5708705186843872,0.1180378794670105,1
555,1788171814.6551373,-0.2829900996030768,-0.5321273629988018,0.24115675373224824,0.6711530761377984,3.068998039217239,-0.00016135778309818782,-1.8774870077716272,-1.8253949324237269,-1.3953402678119105,-1.4915574232684534,1.5708705186843872,0.12390640377998352,1
556,1788171814.69627,-0.2844631499430167,-0.5310646253436904,0.2408924428113271,0.6833321748345508,3.0663069154243145,-0.0001232062774605575,-1.880399529133932,-1.824867073689596,-1.3966825644122522,-1.4907673040973108,1.5708705186843872,0.12893453240394592,1
557,1788171814.736885,-0.2860283119094031,-0.5299067099078142,0.24001621857207397,0.6963043627841385,3.0633587404343556,0.0007836895588510256,-1.8835042158709925,-1.824662987385885,-1.3990438620196741,-1.4891875425921839,1.5708465576171875,0.13429898023605347,1
558,1788171814.7792435,-0.28738928705324057,-0.5287489573800893,0.23930251874155384,0.7083410447270965,3.060627135194727,0.0007155521815918722,-1.8862856070147913,-1.823883358632223,-1.4018729368792933,-1.4870923201190394,1.5708225965499878,0.13937541842460632,1
559,1788171814.820041,-0.288730784898735,-0.527395314845042,0.23871163132555606,0.7202524432054486,3.057857170317716,9.605613653276055e-05,-1.889162842427389,-1.822479550038473,-1.4052651564227503,-1.4847100416766565,1.5708465576171875,0.1442837119102478,1
560,1788171814.8640432,-0.2898415068516938,-0.5260705289185537,0.23805678895648222,0.7321886733136871,3.055025561059868,-0.00020319440572247395,-1.891656223927633,-1.8210037390338343,-1.4088614622699183,-1.4823992888080042,1.5708585977554321,0.14960020780563354,1
561,1788171814.9078555,-0.2913096048087774,-0.5242724363723773,0.23722228422926697,0.7474798642172188,3.051318803550547,4.482811972404807e-05,-1.8949764410602015,-1.8191803137408655,-1.4132722059832972,-1.479969326649801,1.5708465576171875,0.1562967747449875,1
562,1788171814.9506545,-0.29245173550549686,-0.5228572470840434,0.23649952671829294,0.7594159394175488,3.0483310736719305,0.0003068139123626625,-1.8975895086871546,-1.8177889029132288,-1.4168441931353968,-1.4779580275165003,1.5708705186843872,0.16151702404022217,1
563,1788171814.9930542,-0.2938798556366305,-0.5211551002088611,0.23573094008668324,0.7738008568400162,3.0447308090111274,0.00017939592577168032,-1.9008138815509241,-1.8160255591021937,-1.421063248311178,-1.475419823323385,1.5708585977554321,0.1677330881357193,1
564,1788171815.0345254,-0.2951164802264221,-0.5197965419594786,0.2349842623235,0.7860874457833121,3.0415873433653546,-0.0001571805353967512,-1.9035590330706995,-1.8147061506854456,-1.424694840108053,-1.472893540059225,1.5708705186843872,0.17306195199489594,1
565,1788171815.0783103,-0.2964914628183946,-0.5186251850051056,0.23399997907881748,0.7983929345375733,3.038372273236513,-1.7470981930118967e-06,-1.9064238707171839,-1.8141778151141565,-1.4278596083270472,-1.470356289540426,1.5708705186843872,0.17829418182373047,1
566,1788171815.1223903,-0.2984231716930999,-0.5175430129816663,0.2327239826740872,0.8127483128784988,3.0345814547320744,0.00013943923288932994,-1.9101279417621058,-1.8145859877215784,-1.4305928389178675,-1.4673031012164515,1.5708465576171875,0.18404249846935272,1
567,1788171815.1629882,-0.3000509210585323,-0.5168862447475345,0.23172322186863034,0.8247600240603448,3.031357725577151,-0.00023088734063560435,-1.9131129423724573,-1.815305534993307,-1.4323065916644495,-1.4646332899676722,1.5708465576171875,0.18897512555122375,1
568,1788171815.2056487,-0.30163983432696645,-0.5166826183089726,0.23044697881207318,0.8372107048379543,3.027953237068986,-0.00044739679520867535,-1.915774170552389,-1.817056957875387,-1.4333975950824183,-1.4616525808917444,1.5708465576171875,0.19453132152557373,1
569,1788171815.2492573,-0.30308421799336593,-0.5166742774280702,0.22861691669841963,0.8516115350002902,3.0238908158061624,0.00044540429483175476,-1.9180873076068323,-1.8195646444903772,-1.4347761313067835,-1.4583361784564417,1.5708465576171875,0.201743945479393,1
570,1788171815.292463,-0.3035236047558773,-0.5166560189928076,0.22699999842247767,0.863276112407732,3.020601397715729,0.00030585366506988873,-1.9187944571124476,-1.8204525152789515,-1.4378207365619105,-1.4543135801898401,1.5708345174789429,0.20875246822834015,1
571,1788171815.335381,-0.3035055073501335,-0.5167126247406455,0.22482770654998968,0.8779607052046184,3.0163459714575382,-8.009215962029608e-05,-1.9187467733966272,-1.821040455495016,-1.4427111784564417,-1.4485910574542444,1.5708705186843872,0.2185334712266922,1
572,1788171815.3781934,-0.3035026091678773,-0.5167100155131268,0.2228897277490321,0.8893802265477092,3.013019930871064,7.85073597248943e-06,-1.918734375630514,-1.8216279188739222,-1.4469307104693812,-1.4438384214984339,1.5708465576171875,0.22611798346042633,1
573,1788171815.420869,-0.3035177890102805,-0.5166973034717366,0.22061217374556108,0.9002920847590963,3.009767342857831,-5.576010638653749e-05,-1.9187706152545374,-1.8222997824298304,-1.4519417921649378,-1.43811542192568,1.5708585977554321,0.2333306223154068,1
574,1788171815.4652276,-0.30352010939890556,-0.5167001962199764,0.2182974288585128,0.9114022169690615,3.0064540030044182,9.047609208191274e-05,-1.9187586943255823,-1.8230918089496058,-1.456867520009176,-1.432488743458883,1.5708225965499878,0.2407233864068985,1
575,1788171815.5087955,-0.3035471891771103,-0.5167119975498903,0.21547171542985202,0.9238222520411613,3.0025935771414365,0.00023262022410610114,-1.9188182989703577,-1.8241475264178675,-1.4627769629107874,-1.4256170431720179,1.5708825588226318,0.24894382059574127,1
576,1788171815.5477414,-0.3038735665635597,-0.5169022631886863,0.2129995350388081,0.9339378121807966,2.999449278875708,-0.00013156542578876855,-1.9192379156695765,-1.8256824652301233,-1.467248264943258,-1.4193795363055628,1.5709065198898315,0.2552681267261505,1
577,1788171815.587646,-0.3045582898734037,-0.5169738520976138,0.2105891690344062,0.9444927197315768,2.996195289796144,-0.00022660509176760022,-1.9202688376056116,-1.827493969594137,-1.471168343220846,-1.4135850111590784,1.5708585977554321,0.26126885414123535,1
578,1788171815.6291618,-0.30592053837974265,-0.5170014118048468,0.20803843439878014,0.954426896865829,2.992986678203855,6.659410819479037e-05,-1.9224384466754358,-1.8302534262286585,-1.4741767088519495,-1.4080060164081019,1.5709065198898315,0.2657453119754791,1
579,1788171815.6725383,-0.30790447781039754,-0.5165953333882524,0.20494741938485372,0.9667269963593216,2.989078871079341,0.00034977687563464795,-1.9258068243609827,-1.8331206480609339,-1.4784439245807093,-1.4010499159442347,1.5708585977554321,0.2705933153629303,1
580,1788171815.7138793,-0.3095343239267172,-0.5159385015885317,0.2026324011594656,0.9771468285872013,2.985723884104286,7.172897387955722e-06,-1.9287670294391077,-1.8345959822284144,-1.48259145418276,-1.39520770708193,1.5708345174789429,0.2746020555496216,1
581,1788171815.7567217,-0.3111447291544244,-0.5152454592698054,0.20012350839988224,0.9874260767349738,2.9823018903715566,1.8342316788583963e-05,-1.9317401091205042,-1.8362157980548304,-1.4870026747332972,-1.3891852537738245,1.5708705186843872,0.2785261273384094,1
582,1788171815.798865,-0.3127828893673684,-0.5145477810855381,0.1976735327064961,-0.997597726265659,-2.9789761693199113,0.00026286514923866384,-1.9347127119647425,-1.8377750555621546,-1.4913900534259241,-1.3830559889422815,1.5707865953445435,0.2823663353919983,1
583,1788171815.840978,-0.3146527745883794,-0.5140113849378534,0.1947596791178121,1.0094172441171805,2.9749316872344505,-0.0004971818274985449,-1.9380210081683558,-1.8402345816241663,-1.4958131949054163,-1.3760278860675257,1.5708825588226318,0.28701096773147583,1
584,1788171815.8845284,-0.3161788485201169,-0.5136101118367667,0.1921489390200192,1.0195537918888775,2.971439894424262,0.00026779787208135647,-1.9406703154193323,-1.8427537123309534,-1.4992173353778284,-1.3705924193011683,1.570894479751587,0.2911870777606964,1
585,1788171815.9283092,-0.31750143495691874,-0.5134133709124534,0.1895858904062987,1.0297462592766538,2.967992708254639,0.0005305289906118973,-1.9428399244891565,-1.8452847639666956,-1.5025618712054651,-1.3648813406573694,1.5708225965499878,0.29586729407310486,1
586,1788171815.9706552,-0.3184065915625945,-0.5134567181468817,0.18671421136978347,1.0422859152282493,2.9636001405567565,2.0367245864593506e-05,-1.9442418257342737,-1.8477447668658655,-1.5069249312030237,-1.3577340284930628,1.5708465576171875,0.30292412638664246,1
587,1788171816.0121517,-0.31839770681344615,-0.5134834494734387,0.18446514188371826,1.0523294347956587,2.959999312000867,-4.539082517516939e-05,-1.9442299048053187,-1.848907772694723,-1.5112884680377405,-1.3521669546710413,1.570894479751587,0.30972856283187866,1
588,1788171816.0531788,-0.3183924878762829,-0.5134551349192287,0.18215941429751242,1.0629145060215215,2.956234844120413,0.0002324885522584747,-1.9442299048053187,-1.8501198927508753,-1.5156877676593226,-1.3467314879046839,1.5708705186843872,0.31688088178634644,1
589,1788171816.0964777,-0.3183993816378704,-0.5134965714342462,0.1796257568311085,1.076024329738418,2.9515212986302806,-0.0001853885707861079,-1.9442060629474085,-1.8514273802386683,-1.5206745306598108,-1.3401702086078089,1.5708465576171875,0.3257739245891571,1
590,1788171816.1391022,-0.31838627904314915,-0.5134706637701775,0.17756955983431008,1.0863916062816872,2.94770766270414,-0.00017427593649896894,-1.9442060629474085,-1.85248309770693,-1.5246785322772425,-1.3351176420794886,1.5708585977554321,0.33280643820762634,1
591,1788171816.1809795,-0.31855128036767544,-0.513403224063787,0.17546794429308613,1.0974366025655884,2.943607083870638,0.00034428402751352356,-1.9445059935199183,-1.8538745085345667,-1.5282862822162073,-1.3304484526263636,1.5708585977554321,0.34000706672668457,1
592,1788171816.2232418,-0.31950666382608783,-0.5132971082650013,0.17342872788230243,1.1082989659220321,2.939512136096867,7.35896591204409e-05,-1.9460762182818812,-1.8559139410602015,-1.5310075918780726,-1.3255155722247522,1.5708825588226318,0.34582728147506714,1
593,1788171816.2661715,-0.321287062175357,-0.5126122638917145,0.17110811127880352,1.1211582856791371,2.9346836074321425,1.1863689924913584e-05,-1.9492643515216272,-1.8580730597125452,-1.5342801252948206,-1.3200438658343714,1.5708345174789429,0.35138386487960815,1
594,1788171816.310252,-0.32297924834361924,-0.5119896157861136,0.16941525745074035,1.1327282660167302,2.9302283049163327,-0.0004489202755322938,-1.9522970358477991,-1.8598006407367151,-1.5365336577044886,-1.3157694975482386,1.5708465576171875,0.35624420642852783,1
595,1788171816.352662,-0.3248180638853636,-0.5113404485864372,0.16725028930720076,1.1469711339653428,2.9246377136159634,0.0003152532067749466,-1.9555814901935022,-1.8623326460467737,-1.5387752691852015,-1.3114827314959925,1.5708825588226318,0.3627007007598877,1
596,1788171816.396258,-0.32643921360054623,-0.5107915393996232,0.1658457030267612,1.158675236114428,2.92006029117469,0.00021037163305768868,-1.9584339300738733,-1.8640955130206507,-1.5401657263385218,-1.3082621733294886,1.5708465576171875,0.36784905195236206,1
597,1788171816.4380856,-0.3280419617595206,-0.5103025891731716,0.1646551584611544,1.169984889329297,2.915562389680042,-0.00012116965167491796,-1.9612262884723108,-1.8657754103290003,-1.5411360899554651,-1.3054006735431116,1.5708345174789429,0.37280526757240295,1
598,1788171816.4810426,-0.3299909467251971,-0.5096437726935409,0.16340440353404143,1.1841921325044351,2.9097808261366587,9.345479289092026e-05,-1.9646785894977015,-1.8677786032306116,-1.5417478720294397,-1.30292255083193,1.5708705186843872,0.3791179656982422,1
599,1788171816.522261,-0.3315173183888712,-0.5090876885034978,0.16294002336771665,1.1954354756642178,2.905167779442235,-0.0001297247225088604,-1.9673994223224085,-1.8688462416278284,-1.5415919462787073,-1.301868740712301,1.5708825588226318,0.38413411378860474,1
600,1788171816.5606718,-0.3331352305565708,-0.5081087606832689,0.16263327797945262,1.2061566278892886,2.9007713533877557,2.346502918495468e-05,-1.9705160299884241,-1.8692305723773401,-1.5418675581561487,-1.3013060728656214,1.5708465576171875,0.3883945047855377,1
601,1788171816.6010122,-0.33469264488885403,-0.5071615483829999,0.16246384470575104,1.2159011468350527,2.8967269112498495,-0.00014483158381377377,-1.9735243956195276,-1.8694341818438929,-1.5420716444598597,-1.300791088734762,1.5708225965499878,0.3921028673648834,1
602,1788171816.642399,-0.3363302150343539,-0.5061648046427009,0.16234344110043325,1.2252089698923403,2.892763778161095,-0.0002956740419824,-1.9767125288592737,-1.8696377913104456,-1.5421431700335901,-1.30042010942568,1.5708585977554321,0.39535510540008545,1
603,1788171816.684484,-0.3378108731600459,-0.5051936261935444,0.16224352160165276,1.232807330304275,2.8895457633356103,6.994797742776609e-06,-1.9796255270587366,-1.8698180357562464,-1.54211932817568,-1.3004563490497034,1.5708465576171875,0.397695392370224,1
604,1788171816.726965,-0.3394161188678222,-0.5041878312634478,0.16217657743047287,1.2400328630134774,2.8864648718555737,0.0001396337004773976,-1.9827540556537073,-1.8700340429889124,-1.541987721120016,-1.3004563490497034,1.5708345174789429,0.39956754446029663,1
605,1788171816.769198,-0.3411965415077229,-0.503033936751376,0.16213577018859698,1.2465076953674232,2.8836479049323613,0.00021492025657788362,-1.9862654844867151,-1.8701780478106897,-1.541891876851217,-1.3004563490497034,1.5708585977554321,0.40055137872695923,1
606,1788171816.8123708,-0.3427722177639504,-0.5019896456772562,0.16211261374655236,1.2507572846535475,2.8818066218083818,0.000270929237307158,-1.9893820921527308,-1.8702624479876917,-1.5418317953692835,-1.3004677931415003,1.5708585977554321,0.40038323402404785,1
607,1788171816.849851,-0.34425218585048345,-0.5010109058734291,0.1621083314848401,1.2536812331469314,2.8805093194738047,0.00027031955602080257,-1.9923184553729456,-1.8703339735614222,-1.5417478720294397,-1.3004801909076136,1.5708825588226318,0.3994832932949066,1
608,1788171816.8908746,-0.3458202915812939,-0.49994536334612993,0.16211288756080258,1.2558721569225408,2.8796074488745482,0.0001953637830009288,-1.995422665272848,-1.8703339735614222,-1.5417478720294397,-1.300432030354635,1.5708345174789429,0.39788714051246643,1
609,1788171816.9335022,-0.34725514108273814,-0.49893363274818514,0.16208341602632687,1.2563805332122961,2.8793717559187404,0.00023233372023321816,-1.9983113447772425,-1.8703339735614222,-1.5418198744403284,-1.3003838698016565,1.5708465576171875,0.39535510540008545,1
610,1788171816.9783227,-0.3491022936036333,-0.49770622563267275,0.16111963811898242,1.2569925721008786,2.8790969683957557,-0.00021314406158446023,-2.0019786993609827,-1.8709338347064417,-1.5436423460589808,-1.297678295766012,1.5708585977554321,0.3921148478984833,1
611,1788171817.0211067,-0.35058292210452996,-0.4965736078550382,0.15950272651555317,1.2576019324095076,2.878858001965728,-0.000242516580665935,-2.0050113836871546,-1.8717854658709925,-1.5467947165118616,-1.2936552206622522,1.5708345174789429,0.3894985616207123,1
612,1788171817.0641046,-0.352039637250121,-0.49522696052029413,0.15696976363335433,1.2581753716842508,2.8785833148135844,0.0004082672673116325,-2.0081756750689905,-1.8730328718768519,-1.5517447630511683,-1.287872616444723,1.5708465576171875,0.3867388069629669,1
613,1788171817.1070795,-0.3536001954535747,-0.49380242200903407,0.15310849426826065,1.258107156862493,2.8786344923599865,0.0005984652579877107,-2.011543575917379,-1.8750847021686,-1.5592368284808558,-1.2784493605243128,1.5708225965499878,0.38331806659698486,1
614,1788171817.1497147,-0.35437609857269564,-0.49312572732066834,0.15003912013984952,1.258060185321243,2.8786774791271657,0.00012728663575381008,-2.0131972471820276,-1.87683612505068,-1.5651472250567835,-1.270487133656637,1.5708105564117432,0.38162603974342346,1
615,1788171817.1928854,-0.354526290923874,-0.49306008921516453,0.14681901645658055,1.2581678486492318,2.8785947684259776,-4.514559633753228e-05,-2.0134852568255823,-1.8791397253619593,-1.5706847349749964,-1.2625373045550745,1.5708465576171875,0.38142192363739014,1
616,1788171817.2371752,-0.3545400632648165,-0.49310576656410204,0.14295916149673177,1.258255054619962,2.8785590017114138,-0.00015594292408251478,-2.0134733358966272,-1.8820069471942347,-1.5771825949298304,-1.253101650868551,1.5708465576171875,0.38149383664131165,1
617,1788171817.2813642,-0.35452444289903406,-0.4930830247467063,0.13915463690957613,1.2582413964161272,2.8785744967979685,1.4580029069417139e-05,-2.013461414967672,-1.8848255316363733,-1.583571736012594,-1.2440021673785608,1.5708345174789429,0.38149383664131165,1
618,1788171817.3248453,-0.3545267713286401,-0.49306751937027593,0.1359186913204797,1.258248536947795,2.878544310916715,5.0853861678860916e-05,-2.0134852568255823,-1.8872855345355433,-1.588954273854391,-1.2361834684955042,1.5708585977554321,0.3814818561077118,1
619,1788171817.3685355,-0.3545446166273624,-0.49308920146979446,0.13280438224707727,1.2582853413610557,2.8785366737909492,-0.0003474278392475719,-2.013496700917379,-1.889672581349508,-1.5941928068744105,-1.2283042112933558,1.5708585977554321,0.38149383664131165,1
620,1788171817.412069,-0.35450149745160464,-0.49305380855102027,0.12885071491438008,1.2581914843415571,2.878554267804651,0.00014311337713114082,-2.013461414967672,-1.8928516546832483,-1.6004980246173304,-1.2191327253924769,1.5708705186843872,0.38146987557411194,1
621,1788171817.4535031,-0.3545181138497002,-0.4930658821086475,0.1256737711852391,1.2582143051032069,2.878559735932124,2.914306124525041e-05,-2.0134733358966272,-1.8954671064959925,-1.6055806318866175,-1.2113617102252405,1.5708585977554321,0.38146987557411194,1
622,1788171817.497531,-0.3544881154505971,-0.49305313999587297,0.12185627081396008,1.25816096868822,2.8785798288485838,0.0001803717350701207,-2.013437096272604,-1.8986461798297327,-1.611610237752096,-1.2022493521319788,1.5708585977554321,0.38146987557411194,1
623,1788171817.5420542,-0.35450726412914846,-0.4930807022726474,0.11873230787456443,1.2581221028066603,2.878631898777329,-0.00023322592629880913,-2.013437096272604,-1.901285473500387,-1.6165974775897425,-1.1943586508380335,1.5708345174789429,0.3814339339733124,1
624,1788171817.5835445,-0.35458563613177496,-0.49290845049036036,0.11549087376886075,1.2579381794134525,2.8786841362108246,-0.00014457260167779768,-2.013688389454977,-1.9039362112628382,-1.6218236128436487,-1.1865389982806605,1.5708585977554321,0.38106203079223633,1
625,1788171817.622265,-0.3551342997746995,-0.49167906089220337,0.11149621845110591,1.2573767927306467,2.878913581355304,0.000554436096293557,-2.015402619038717,-1.9061926046954554,-1.6295912901507776,-1.176960293446676,1.5708585977554321,0.37896180152893066,1
626,1788171817.662619,-0.35598904805247583,-0.4901301571810964,0.10842653590658119,1.2575740450546486,2.878859068547614,-0.00023787161140355944,-2.0178116003619593,-1.90712815919985,-1.6369159857379358,-1.1681950728045862,1.5708465576171875,0.3766818046569824,1
627,1788171817.704965,-0.3560446599239793,-0.488517527144492,0.10527809625087603,1.2571753818565616,2.8789880234649665,1.7282799931540105e-06,-2.0190823713885706,-1.9073322455035608,-1.6453316847430628,-1.159729305897848,1.5708825588226318,0.3751455843448639,1
628,1788171817.7461016,-0.35617891501244353,-0.4869203913100364,0.10205265165859123,1.2575767209009037,2.878831402093502,-0.00020879011738787398,-2.0204485098468226,-1.907691780720846,-1.6538546721087855,-1.1507123152362269,1.5708705186843872,0.3740535080432892,1
629,1788171817.7869537,-0.35617087265778297,-0.485278197550293,0.09877250710052168,1.2574592747124766,2.8788524908437414,0.0004257484735436469,-2.021646801625387,-1.908135239277975,-1.6623061339007776,-1.1422222296344202,1.5708825588226318,0.37278130650520325,1
630,1788171817.8310175,-0.3563052255746984,-0.48369055784258375,0.09559445149104981,1.2575398353884357,2.8788531220355984,6.858942696111046e-05,-2.023013416920797,-1.9085796515094202,-1.670673672352926,-1.1331818739520472,1.5708585977554321,0.37146154046058655,1
631,1788171817.874533,-0.3563252210342487,-0.48172796828312103,0.09173793257246207,1.2580540229433759,2.8786257267988957,0.00016050445580270405,-2.0244997183429163,-1.9091070334063929,-1.680803124104635,-1.1225836912738245,1.5708585977554321,0.37033316493034363,1
632,1788171817.9161508,-0.3563028896788815,-0.48030549362583147,0.0885126061075533,1.257941702217491,2.8786555605877093,0.0003653766587961021,-2.0255306402789515,-1.9099953810321253,-1.6886675993548792,-1.1139619986163538,1.5708705186843872,0.36922910809516907,1
633,1788171817.9583626,-0.3563301232507001,-0.47971463793833663,0.08536943896055502,1.257950285462491,2.8786806268285745,-0.00016367117175531177,-2.0260093847857874,-1.9121902624713343,-1.694625202809469,-1.1054719130145472,1.5708585977554321,0.3687489926815033,1
634,1788171818.0008955,-0.35629240036604165,-0.4796791089103781,0.08152067074251051,1.2579522412777748,2.878684380839899,0.00012075523413675457,-2.025973621998922,-1.916281525288717,-1.69981557527651,-1.0963709990130823,1.5708465576171875,0.36878493428230286,1
635,1788171818.0426333,-0.35631504938649255,-0.47976350014065194,0.07833671463242117,1.2578466158610608,2.878724196272426,-0.00010604976092786861,-2.025949780141012,-1.9198806921588343,-1.7039039770709437,-1.0885394255267542,1.5708585977554321,0.36873701214790344,1
636,1788171818.0845654,-0.35632570809566844,-0.47974367045998384,0.07518871068360738,1.2579436405762052,2.878664938213795,2.184906371462228e-05,-2.0259855429278772,-1.9233835379229944,-1.707979981099264,-1.0810425917254847,1.5708705186843872,0.368772953748703,1
637,1788171818.1272337,-0.356302788964639,-0.4797259438343311,0.0713350675578984,1.2578548175562925,2.87874295749765,2.5788566893947757e-05,-2.025949780141012,-1.927666489277975,-1.7130268255816858,-1.0717137495623987,1.5708345174789429,0.36873701214790344,1
638,1788171818.1688545,-0.3562914267423713,-0.47968956295183257,0.06810248021112467,1.257648107360003,2.8787889668841147,0.00019095267794630907,-2.025973621998922,-1.9313376585589808,-1.7171385923968714,-1.0640376249896448,1.5708705186843872,0.3685808479785919,1
639,1788171818.2106538,-0.356277116596302,-0.47964788291652266,0.06488439079331598,1.2564445733087746,2.8793285237589354,0.0005853942260956221,-2.025973621998922,-1.935080353413717,-1.7210829893695276,-1.0566008726703089,1.5708465576171875,0.367741197347641,1
640,1788171818.253454,-0.35627030652237385,-0.4796339693752377,0.0623272588238688,1.2550443309013708,2.879937945737092,0.0006175185645158956,-2.025973621998922,-1.9380677382098597,-1.7242596785174769,-1.0504573027240198,1.5708465576171875,0.3667689859867096,1
641,1788171818.2952445,-0.3562928446576989,-0.47972432228053047,0.06073429711545336,1.2533491102762915,2.8806711930977826,-7.111695643352057e-05,-2.025949780141012,-1.9399870077716272,-1.7262852827655237,-1.046074692402975,1.5708705186843872,0.36561697721481323,1
642,1788171818.335283,-0.3562896534296042,-0.4797178019452582,0.05962931700580615,1.2519806590458369,2.8812577811264544,0.00019744350820538218,-2.025949780141012,-1.9413545767413538,-1.7275078932391565,-1.0436556974994105,1.5708705186843872,0.3646691143512726,1
643,1788171818.377901,-0.3563151190748488,-0.4797317776833046,0.05961911627764435,1.2520212535410393,2.8812572462662414,6.734950954160948e-05,-2.025973621998922,-1.9413912932025355,-1.7275078932391565,-1.0435355345355433,1.5708585977554321,0.3646691143512726,1
644,1788171818.4209313,-0.3563002822454265,-0.47972707496874595,0.05961051768366693,1.2520598711736812,2.8812512046835828,0.00014378000964385354,-2.025949780141012,-1.9413912932025355,-1.7275198141681116,-1.0435717741595667,1.5708465576171875,0.364717036485672,1
645,1788171818.4644318,-0.3563293400803802,-0.47972271646203707,0.0596436008442027,1.2520780998103997,2.8812468816205627,2.9296658232455794e-05,-2.0259974638568323,-1.9413545767413538,-1.7274959723102015,-1.0435593763934534,1.5708465576171875,0.36468109488487244,1
646,1788171818.5085998,-0.35631180372878324,-0.4797250041579604,0.05963025466803218,1.2520555667128244,2.8812417713299325,8.530827870588228e-05,-2.025973621998922,-1.9413664976703089,-1.7275078932391565,-1.0435717741595667,1.5708585977554321,0.3646930754184723,1
647,1788171818.5507119,-0.356321507595052,-0.4797288982470408,0.059619020748667734,1.2520207295747563,2.8812562724094777,0.00010550806873683669,-2.0259855429278772,-1.9414032141314905,-1.7274840513812464,-1.0435717741595667,1.5708585977554321,0.36465713381767273,1
648,1788171818.592431,-0.35631192962619607,-0.4797190088091468,0.059607650101326376,1.2520426622385425,2.8812592922015874,0.00012432338861199355,-2.025973621998922,-1.9413912932025355,-1.7275317350970667,-1.0435474554644983,1.5708465576171875,0.36468109488487244,1
649,1788171818.6314127,-0.3563063810727035,-0.47973328325586706,0.05962386353346677,1.2520653167548839,2.88126374105672,8.776938185365105e-05,-2.025949780141012,-1.9413793722735804,-1.7275078932391565,-1.0435593763934534,1.5708345174789429,0.364717036485672,1
650,1788171818.6712902,-0.35629953435362827,-0.4797317997440695,0.05963326272360603,1.2520214428382668,2.881257212178011,6.585545509470458e-05,-2.025949780141012,-1.9413545767413538,-1.7275198141681116,-1.0435593763934534,1.5708585977554321,0.3646930754184723,1
651,1788171818.7106001,-0.3563064496183536,-0.47972999679064143,0.059634390933862164,1.252073349760396,2.8812352442499636,4.715024749794566e-05,-2.025961701069967,-1.9413545767413538,-1.7275198141681116,-1.0435474554644983,1.5708585977554321,0.364717036485672,1
652,1788171818.7511969,-0.35630400146820423,-0.47972499486704184,0.05964200593664498,1.2520383932795967,2.8812492344069693,8.530888794357623e-05,-2.025961701069967,-1.9413426558123987,-1.7275078932391565,-1.0435956160174769,1.5708585977554321,0.3646930754184723,1
653,1788171818.7923799,-0.3563141605721176,-0.47972356681558787,0.05961281899431928,1.2520946558048562,2.881237287986825,0.00010561904541323813,-2.025973621998922,-1.9413912932025355,-1.7275198141681116,-1.0435474554644983,1.5708465576171875,0.364717036485672,1
654,1788171818.8312802,-0.3563073241570672,-0.479731783599283,0.059620951146064916,1.252073118214162,2.8812347098403337,6.735252792597152e-05,-2.025961701069967,-1.9413793722735804,-1.7275198141681116,-1.0435355345355433,1.5708585977554321,0.364717036485672,1
655,1788171818.8721583,-0.3563136029212092,-0.47972242748879934,0.05963034991018307,1.2520780572150862,2.881246312593912,4.800445757497742e-05,-2.025973621998922,-1.9413545767413538,-1.7275317350970667,-1.0435355345355433,1.5708465576171875,0.36470505595207214,1
656,1788171818.9126358,-0.35630385041148205,-0.4797308770481777,0.05962738728891959,1.2520166110717774,2.881246326769474,6.50071376721109e-05,-2.025961701069967,-1.9413664976703089,-1.7275198141681116,-1.0435474554644983,1.5708705186843872,0.36468109488487244,1
657,1788171818.954961,-0.3563007380748723,-0.47973425919431456,0.05962447447247113,1.2520561763085907,2.881242707300603,4.715084540380691e-05,-2.025949780141012,-1.9413664976703089,-1.7275317350970667,-1.0435236136065882,1.5708585977554321,0.364717036485672,1
658,1788171818.9964812,-0.35631003150335294,-0.4797373150979302,0.05964769227658154,1.2520222143829527,2.8812592284893186,-8.968987655027266e-06,-2.025961701069967,-1.9413426558123987,-1.7275078932391565,-1.0435355345355433,1.5708585977554321,0.36468109488487244,1
659,1788171819.0393407,-0.3562968590388859,-0.47973877736020826,0.059628515719659964,1.2520121181776895,2.8812357533902255,4.544754400871187e-05,-2.025949780141012,-1.9413664976703089,-1.7275198141681116,-1.0435355345355433,1.5708825588226318,0.3646930754184723,1
660,1788171819.081149,-0.3563151190748488,-0.4797317776833046,0.05961911627764435,1.2520902915890193,2.8812272466146793,6.735192910428782e-05,-2.025973621998922,-1.9413912932025355,-1.7275078932391565,-1.0435355345355433,1.5708585977554321,0.364717036485672,1
661,1788171819.1237836,-0.35631465993255845,-0.4797342662060623,0.05963368414909165,1.2520486320633337,2.881272801818898,3.0153921573970034e-05,-2.025961701069967,-1.9413664976703089,-1.7275078932391565,-1.0435355345355433,1.5708345174789429,0.3646930754184723,1
662,1788171819.165625,-0.3562681097957638,-0.4794911309930623,0.05957602910422166,1.251880028843481,2.881311508386114,0.00029180109805579336,-2.0260818640338343,-1.9410308043109339,-1.728119198475973,-1.0434277693377894,1.5708585977554321,0.3644646406173706,1
663,1788171819.206936,-0.35626316752779436,-0.4785957678119886,0.059593105853765566,1.2517307320990276,2.8813965685687015,6.738571909906613e-05,-2.026740852986471,-1.9394477049456995,-1.7304089705096644,-1.0425775686847132,1.5708465576171875,0.3636969029903412,1
664,1788171819.2498708,-0.3563052759916852,-0.4767110396823263,0.059667289034590926,1.2517758305776783,2.881415451707186,-0.00030801701605100227,-2.028214756642477,-1.9361603895770472,-1.7350247542010706,-1.041008774434225,1.5708225965499878,0.36224454641342163,1
665,1788171819.2920542,-0.3562741931895113,-0.47505348253591073,0.05955418860063283,1.2515900224144203,2.8814630691818426,0.00029176931511069057,-2.029425923024313,-1.9336169401751917,-1.7389329115497034,-1.0400269667254847,1.5708345174789429,0.3609127998352051,1
666,1788171819.3342464,-0.35626560385590855,-0.4734723204569543,0.0595312955610344,1.251922126382079,2.8812904527434666,0.0003444070083766036,-2.0306242148028772,-1.9310014883624476,-1.7427690664874476,-1.0388410727130335,1.5708585977554321,0.3599522113800049,1
667,1788171819.373418,-0.3562590585201752,-0.47184671788623245,0.05957415722015405,1.2520354024715437,2.8812732420509937,0.00017565656414208306,-2.031846348439352,-1.9281824270831507,-1.7467368284808558,-1.0375836531268519,1.5708345174789429,0.35880059003829956,1
668,1788171819.414384,-0.35615301335324545,-0.4714009161383531,0.05955822231949065,1.2518649799079413,2.881307419631982,0.00019068596701699977,-2.0320385138141077,-1.9273303190814417,-1.748007599507467,-1.0371764341937464,1.5708705186843872,0.35850024223327637,1
669,1788171819.4571948,-0.3561144415176737,-0.47133656227970033,0.0595474951595259,1.2518771213757465,2.88133524781164,0.0003641406522000949,-2.0320141951190394,-1.9272225538836878,-1.7481640020953577,-1.03723651567568,1.5708345174789429,0.3585245907306671,1
670,1788171819.4996102,-0.3559163867621695,-0.47133186788668224,0.05960502232237688,1.2521309553484596,2.8812558680608142,0.00023294137802909665,-2.0317028204547327,-1.9268625418292444,-1.748535458241598,-1.037140194569723,1.5708105564117432,0.35900431871414185,1
671,1788171819.5420372,-0.35499796326924604,-0.4713201298779199,0.0596259808663894,1.252391690206999,2.8810923973373286,0.0001731514255452325,-2.0303123633014124,-1.9256508986102503,-1.750225845967428,-1.0366256872760218,1.5708585977554321,0.3605884909629822,1
672,1788171819.5835106,-0.3530777557412173,-0.4713631839029398,0.059588036541001754,1.2521113287507168,2.881189788676255,0.00013205318218434243,-2.027315918599264,-1.923347298298971,-1.7536538282977503,-1.035476032887594,1.5708825588226318,0.3633965253829956,1
673,1788171819.6261542,-0.3514742523909101,-0.47117983638554556,0.05952141393852178,1.2518844155053768,2.8813152749359374,0.00011533641120373795,-2.0249550978290003,-1.9211042563067835,-1.7570708433734339,-1.0342901388751429,1.5708585977554321,0.3655930161476135,1
674,1788171819.6655772,-0.349969217083851,-0.4702971660446265,0.05956122258781385,1.2520150333751408,2.881228697912017,0.00024411683603915493,-2.0232890287982386,-1.9177210966693323,-1.7617700735675257,-1.0330570379840296,1.5708825588226318,0.3673573136329651,1
675,1788171819.7040517,-0.3490043851777864,-0.4688573026222172,0.05955438088064113,1.2518293066005617,2.8813215160219947,0.0002808871340816883,-2.02286941209902,-1.91411000887026,-1.7669370810138147,-1.0315240065204065,1.5708705186843872,0.36764493584632874,1
676,1788171819.744516,-0.34835841159951053,-0.4675427136567444,0.05968599474635136,1.251731485711539,2.8813795324487765,-0.0002481839314242424,-2.0228574911700647,-1.9108107725726526,-1.7713363806353968,-1.0300868193255823,1.5708705186843872,0.36758503317832947,1
677,1788171819.7864008,-0.3477940914034584,-0.4662769706425103,0.05956748306554113,1.2517471468778205,2.881414969823009,9.473479912185608e-05,-2.0229175726519983,-1.9081957975970667,-1.7753413359271448,-1.0289133230792444,1.5708225965499878,0.3675251007080078,1
678,1788171819.8300054,-0.3473235903663606,-0.46535829750908925,0.059577290856612286,1.2517285015366209,2.88132484147546,-0.00012190944564397634,-2.0229175726519983,-1.9060118834124964,-1.7784455458270472,-1.0278590361224573,1.5709184408187866,0.36753708124160767,1
679,1788171819.8735104,-0.3472337142700509,-0.46520482406982827,0.0595960016697277,1.251666066012696,2.881418203111267,-0.00015385576065812427,-2.02286941209902,-1.905604664479391,-1.7789729277240198,-1.0277159849749964,1.5708585977554321,0.3675251007080078,1
680,1788171819.9153287,-0.3472437084007562,-0.46520293022114356,0.05961502935399793,1.2517242569149458,2.8814088229291923,-0.00024809529652926126,-2.022881809865133,-1.9055679480182093,-1.778985325490133,-1.027679745350973,1.5708465576171875,0.3675490617752075,1
681,1788171819.957622,-0.3472332522686068,-0.4652038726948561,0.05957561137453654,1.2516136852145054,2.88143931222236,-9.773257145972086e-05,-2.02286941209902,-1.9056404272662562,-1.7789729277240198,-1.0277159849749964,1.5708585977554321,0.36748915910720825,1
682,1788171820.000624,-0.3472506831021178,-0.465198696817194,0.05961499944734874,1.251662358070306,2.8814084997876543,-0.0002115234461130617,-2.0229056517230433,-1.9055803457843226,-1.7789610067950647,-1.0277159849749964,1.5708705186843872,0.36748915910720825,1
683,1788171820.0435882,-0.34725326619726454,-0.4651789720062776,0.05954981147177721,1.2513516353439817,2.881592369947935,-9.60960426497235e-05,-2.0229056517230433,-1.9056523481952112,-1.7790330092059534,-1.0276435057269495,1.5708225965499878,0.3672610819339752,1
684,1788171820.0847263,-0.34720948314300587,-0.4651611564037573,0.05926240327837973,1.2499117322161828,2.88215885788188,0.00010943954876778387,-2.02286941209902,-1.9059761206256312,-1.7793930212603968,-1.027092758809225,1.5708705186843872,0.36631283164024353,1
685,1788171820.127539,-0.34719973532090365,-0.4650875626996681,0.05868196300482728,1.24733447614932,2.8832748093021197,0.0005448955721796035,-2.0229056517230433,-1.9066599051104944,-1.7800758520709437,-1.0260031859027308,1.5708585977554321,0.3644886016845703,1
686,1788171820.171041,-0.34720462584919953,-0.4651006037863342,0.05794389179157938,1.2427937780823768,2.885263954397651,0.00043793105344059106,-2.022893730794088,-1.9075835386859339,-1.7809870878802698,-1.0240991751300257,1.5708345174789429,0.3613446056842804,1
687,1788171820.2133572,-0.34719501227872945,-0.4650652536151562,0.05719347794360166,1.2376468803951237,2.8874686156701204,0.0006300650461360167,-2.0229056517230433,-1.9084957281695765,-1.781898323689596,-1.0223982969867151,1.5708345174789429,0.35776805877685547,1
688,1788171820.2570014,-0.3472065390459007,-0.46509527992112404,0.056265455013733534,1.2296532176090833,2.8908765540275323,0.0003700385549495896,-2.0229056517230433,-1.9096711317645472,-1.7830489317523401,-1.019907299672262,1.5708465576171875,0.3522358536720276,1
689,1788171820.2998939,-0.3472012661406773,-0.465121826238819,0.055422076866405184,1.2220654485248332,2.8940824974871884,0.0002618310228770622,-2.022881809865133,-1.9107511679278772,-1.7840560118304651,-1.0177519957171839,1.5708585977554321,0.3470155894756317,1
690,1788171820.3433735,-0.3470335437654331,-0.4650016473767646,0.05463059892954905,1.2156488119463666,2.896767358051248,0.00033985418767959333,-2.0227139631854456,-1.9113629500018519,-1.7855427900897425,-1.0157039801227015,1.5708705186843872,0.34275519847869873,1
691,1788171820.3847308,-0.34651827781403466,-0.4648965035140919,0.05397685446242073,1.2091459044077482,2.8995364888382054,-0.00025574858112203415,-2.021971050892965,-1.9112432638751429,-1.7877844015704554,-1.0132010618792933,1.5708465576171875,0.3389985263347626,1
692,1788171820.4257822,-0.3457836754572387,-0.46466013867552597,0.05346088545474567,1.204904974748905,2.901263013935486,6.364765319208798e-05,-2.0209997336017054,-1.9106672445880335,-1.7900984922992151,-1.0116680304156702,1.5708705186843872,0.3370548486709595,1
693,1788171820.46857,-0.3448408460600218,-0.4643584443494506,0.05307945020212432,1.201767674580237,2.9025494706450967,0.00010074083208159595,-2.0197413603412073,-1.9094913641559046,-1.7929156462298792,-1.0100510756122034,1.5708825588226318,0.3361545205116272,1
694,1788171820.5120432,-0.3434415080056371,-0.4639120858864563,0.05285809341978312,1.2000132085688329,2.903279648936876,-1.200486832242675e-05,-2.0178592840777796,-1.907271687184469,-1.7967637220965784,-1.008350674306051,1.5708825588226318,0.33682677149772644,1
695,1788171820.5522885,-0.3420068563281079,-0.4635038408122836,0.052827460130760284,1.1996525767008746,2.9034820666437495,-0.000404405725032904,-2.015869919453756,-1.904764477406637,-1.8004921118365687,-1.0068772474872034,1.5708465576171875,0.3385547399520874,1
696,1788171820.5903656,-0.3405198762085238,-0.46329152794884826,0.05284897234441119,1.19952421174138,2.903505323991015,-0.00031269642117551244,-2.0136645475970667,-1.9025691191302698,-1.8035252729998987,-1.006099049245016,1.5708705186843872,0.3406789302825928,1
697,1788171820.6306791,-0.33953346860744277,-0.4632334578961805,0.05284203754928876,1.1996724948698878,2.9034587773489307,7.261482851244203e-06,-2.012118641530172,-1.9013336340533655,-1.8052390257464808,-1.0058234373675745,1.5708465576171875,0.3423233926296234,1
698,1788171820.6723537,-0.33870134368591137,-0.46322396408721245,0.05286900405617043,1.199560644492965,2.9034784793525246,2.425237134899313e-05,-2.0108001867877405,-1.9002659956561487,-1.8066657225238245,-1.0054762999164026,1.5708705186843872,0.3435712456703186,1
699,1788171820.7104473,-0.33783484700721705,-0.46321463555876813,0.05280234734886999,1.1991631617630465,2.903645232489295,0.000343999930101513,-2.00940972963442,-1.899341885243551,-1.8081162611590784,-1.005153004323141,1.5708585977554321,0.344687283039093,1
700,1788171820.7491932,-0.3371478830542225,-0.4632261592394674,0.05276405603839271,1.1993027594980687,2.9035818477985322,0.0005334289661475253,-2.0082953611956995,-1.8986104170428675,-1.8092315832721155,-1.0048897902118128,1.5708585977554321,0.34589919447898865,1
701,1788171820.7901185,-0.33644952108746207,-0.4634194738654249,0.05274694452951939,1.1993587770686638,2.903562114738044,0.0004385585486728992,-2.007024590169088,-1.8980825583087366,-1.8100464979754847,-1.0045421759234827,1.5708585977554321,0.3472077250480652,1
702,1788171820.8324792,-0.335816542077124,-0.4638730787182086,0.05276086549226461,1.19899962857227,2.9037232458214013,0.00045897941389372353,-2.0056584517108362,-1.8980587164508265,-1.8100345770465296,-1.0045903364764612,1.5708465576171875,0.34832337498664856,1
703,1788171820.8733928,-0.3355475369874796,-0.4646195715647524,0.05287714350254649,1.1994676425196267,2.903517569268376,5.51324550726024e-06,-2.0046756903277796,-1.8987420240985315,-1.8088000456439417,-1.0048535505877894,1.5708705186843872,0.34963151812553406,1
704,1788171820.9156508,-0.3352247927362082,-0.4658609781612453,0.05291186682437918,1.1991981139133288,2.9036481120817506,-0.0002188269770867694,-2.0032251516925257,-1.9003499189959925,-1.8064621130572718,-1.0054400602923792,1.5708585977554321,0.35089173913002014,1
705,1788171820.9535813,-0.33505790380953193,-0.4672523830329411,0.05298823174414524,1.1993484583180025,2.903608940461921,-0.0005921744517169141,-2.0019190947162073,-1.9023173491107386,-1.8035133520709437,-1.0061829725848597,1.5708465576171875,0.35229578614234924,1
706,1788171820.9950716,-0.3348531100589567,-0.4688625313426611,0.05287018132597962,1.1995914986189316,2.9034497367810004,-0.0003501761105849501,-2.000420395527975,-1.9050043264972132,-1.8000124136554163,-1.0071528593646448,1.570894479751587,0.35397619009017944,1
707,1788171821.0370142,-0.33473643833450867,-0.4704449253862022,0.052851088873745566,1.1993891693349075,2.9035453965550087,-0.0003291026647455997,-1.999066177998678,-1.9075716177569788,-1.7964161078082483,-1.0081947485553187,1.5708825588226318,0.3551881015300751,1
708,1788171821.0811765,-0.33471811733764556,-0.47212715644412456,0.052873712177694154,1.199807248534729,2.903365058137778,-2.727016814687372e-05,-1.99780780473818,-1.9104388395892542,-1.7922080198871058,-1.0097277800189417,1.5708825588226318,0.35673630237579346,1
709,1788171821.122412,-0.3348119227967082,-0.4732588870294405,0.05289213370956017,1.199452108014276,2.903538084882202,-4.2362264865532215e-05,-1.997124973927633,-1.9124425093280237,-1.789295498524801,-1.0106261412249964,1.5708585977554321,0.3571681082248688,1
710,1788171821.1642315,-0.33523760056151064,-0.47363172901020983,0.05294558662332319,1.1993920165197733,2.9035433358600713,-0.0003064579910066875,-1.9975441137896937,-1.9134624640094202,-1.78772479692568,-1.0110095183001917,1.5708825588226318,0.35671234130859375,1
711,1788171821.2058349,-0.3351644521122271,-0.4736257994915941,0.05292025519415616,1.1992825652995323,2.903573862696028,-0.00023299700227960704,-1.9974363485919397,-1.9134143034564417,-1.787856403981344,-1.0109732786761683,1.570894479751587,0.3567482829093933,1
712,1788171821.2464776,-0.33517745671217714,-0.4735880895098295,0.052911177885488464,1.1993515316425079,2.9035426631230905,-0.00011997179473129493,-1.9974845091449183,-1.9134023825274866,-1.7878802458392542,-1.0110333601581019,1.570894479751587,0.3567482829093933,1
713,1788171821.2870474,-0.33519190139074423,-0.4736335560031202,0.052778291336985556,1.1993321357795672,2.9035957791392932,-0.0003807404667287622,-1.99746019044985,-1.9136059919940394,-1.7880366484271448,-1.0105059782611292,1.5708585977554321,0.3567482829093933,1
714,1788171821.3275363,-0.3351748868319207,-0.47358628926914775,0.05217595650209492,1.1993412063389133,2.903568654387433,5.5004917969686204e-05,-1.997472111378805,-1.9143741766559046,-1.7886717955218714,-1.0093806425677698,1.5708705186843872,0.3567482829093933,1
715,1788171821.3679614,-0.3351915274780558,-0.4736228939987744,0.05084179596561206,1.1997776123467576,2.9033909110063023,-5.12703365249572e-05,-1.997472111378805,-1.9161494413958948,-1.7901700178729456,-1.0060394446002405,1.5708705186843872,0.35704827308654785,1
716,1788171821.4101844,-0.3351661095819085,-0.4735433359658233,0.048659622545957404,1.2004218232723711,2.9031228459248424,0.0005617137357654188,-1.9974845091449183,-1.9189446608172815,-1.7926395575152796,-1.00116473833193,1.5708585977554321,0.35748007893562317,1
717,1788171821.4508803,-0.33517602374878924,-0.4735954321503475,0.04600129436174549,1.20106035752568,2.902841503671007,0.0001996439186691735,-1.997472111378805,-1.9224475065814417,-1.7957208792315882,-0.9943507353412073,1.5708825588226318,0.3579365909099579,1
718,1788171821.4927814,-0.3351630653688396,-0.4735537091692109,0.042644866540020754,1.201449998638342,2.9026999623534078,0.0004636960019141029,-1.997472111378805,-1.9268625418292444,-1.799509350453512,-0.9863145987140101,1.5708585977554321,0.3582002520561218,1
719,1788171821.5345907,-0.33518472427289764,-0.4736013526523569,0.03889329338445002,1.2014895612790324,2.9026955827814147,-4.307662570690219e-05,-1.997472111378805,-1.9319012800799769,-1.803765122090475,-0.9766972700702112,1.5708585977554321,0.3582246005535126,1
720,1788171821.5743034,-0.3351875313301726,-0.47359703226685507,0.03627375539896935,1.2017101700328292,2.902587040088903,0.00013968728306986862,-1.9974845091449183,-1.935500446950094,-1.8065341154681605,-0.9704459349261683,1.5708705186843872,0.3583683967590332,1
721,1788171821.6161945,-0.3351783856687552,-0.4735971821395555,0.03246828639825808,1.2019652043744458,2.902513958133487,-0.00013973010591152775,-1.99746019044985,-1.9406712690936487,-1.8107660452472132,-0.9608643690692347,1.5708465576171875,0.3585605323314667,1
722,1788171821.6593235,-0.3351690147317828,-0.4735036192950948,0.029174418515228062,1.2022437164206778,2.9023984045627294,0.00042384089166531703,-1.9975083510028284,-1.9452179113971155,-1.8141949812518519,-0.953247372304098,1.5708345174789429,0.3587043285369873,1
723,1788171821.7008333,-0.33517461708422874,-0.47356204946724234,0.02609303306875002,1.2023064834131783,2.9023526332387046,0.00015606814738494497,-1.9974845091449183,-1.949620548878805,-1.817347828541891,-0.9455221335040491,1.5708585977554321,0.3587762415409088,1
724,1788171821.7381608,-0.3351940127568334,-0.4736112891150186,0.02339409009899454,1.2023743863882514,2.9023183000616353,-0.0001305170639065693,-1.9974845091449183,-1.953519646321432,-1.8200691382037562,-0.9387195746051233,1.5708705186843872,0.35882455110549927,1
725,1788171821.7786825,-0.3351646990008018,-0.47359670775486123,0.021335762116857587,1.2021971209074054,2.902384880824013,0.00016216894087173645,-1.9974482695208948,-1.9564831892596644,-1.8220709005938929,-0.9339407126056116,1.5708705186843872,0.35874029994010925,1
726,1788171821.8210955,-0.33518013340967545,-0.4735978302765629,0.020197725383140824,1.2022506128735324,2.9023670032904194,-2.0481335086495236e-05,-1.997472111378805,-1.9581144491778772,-1.8232577482806605,-0.9310062567340296,1.5708705186843872,0.3587522804737091,1
727,1788171821.8610525,-0.33544035871241307,-0.4738432252555704,0.01967127296601262,1.2024476757675522,2.902252083603398,-0.0002634662128632992,-1.9977238813983362,-1.9595301787005823,-1.8228381315814417,-0.9298566023456019,1.5709065198898315,0.35864442586898804,1
728,1788171821.9005668,-0.33619794349673837,-0.47455599959285605,0.019438942132375098,1.2024655032016134,2.9022970542938835,-0.0002774284924687957,-1.9983952681170862,-1.961881462727682,-1.8200209776507776,-0.9303119818316858,1.5708585977554321,0.35797256231307983,1
729,1788171821.9420614,-0.3373569276370162,-0.4760920766943292,0.019553291438200976,1.202737036633724,2.9022193599106347,-0.0006324505472980585,-1.9991143385516565,-1.965456787739889,-1.8143027464496058,-0.932227913533346,1.5708345174789429,0.35743212699890137,1
730,1788171821.9824781,-0.33790039933888805,-0.4776374294666826,0.019369492646833325,1.2027257447054853,2.9021908450800384,0.00019627903424174317,-1.9988625685321253,-1.9690077940570276,-1.8093274275409144,-0.9341805616961878,1.5708465576171875,0.3576841950416565,1
731,1788171822.0236382,-0.33845424914443367,-0.47924719340980115,0.019421404984372087,1.2027898017331071,2.9021456418189073,-0.00010517418787008863,-1.9985869566546839,-1.9721148649798792,-1.8044846693622034,-0.9357250372516077,1.5708705186843872,0.3580085039138794,1
732,1788171822.0648787,-0.3388319704312608,-0.480847765739323,0.019399625180873653,1.20253734494441,2.9022738923176994,-8.759344942256826e-06,-1.9980233351336878,-1.9751861731158655,-1.7998445669757288,-0.9373543898211878,1.5708465576171875,0.3583923876285553,1
733,1788171822.1057227,-0.3392529621884686,-0.4824387032108274,0.019432719818083533,1.2024983493544537,2.9022728803958846,-0.000385033243801193,-1.997556511555807,-1.9781253973590296,-1.7953131834613245,-0.9387076536761683,1.5708705186843872,0.3588365316390991,1
734,1788171822.147802,-0.3396652179686001,-0.4836993487456955,0.01932114080982461,1.2026146859065363,2.902210193027495,0.00023631253009591318,-1.9973042646991175,-1.9809206167804163,-1.7912610212909144,-0.9403603712665003,1.5708705186843872,0.3591724634170532,1
735,1788171822.1898913,-0.34008028109676935,-0.4842480551094953,0.01940053718379195,1.2024210685986336,2.9022848199131928,-8.325887344969181e-05,-1.997568432484762,-1.9821084181415003,-1.7892473379718226,-0.9409831205951136,1.5708825588226318,0.3587762415409088,1
736,1788171822.2303894,-0.3404483792018991,-0.48429289974704,0.019465446884895904,1.2021490296361304,2.9024181940486398,-0.00040306794202300545,-1.9981077353106897,-1.9824441115008753,-1.7885878721820276,-0.9411028067218226,1.5708705186843872,0.35804444551467896,1
737,1788171822.2721682,-0.3415941410593298,-0.4842421048642854,0.019409817043387068,1.20235796845264,2.902339828400606,-0.00019448260157589977,-1.9999297300921839,-1.98378831544985,-1.7866576353656214,-0.9418214003192347,1.5708585977554321,0.3563644289970398,1
738,1788171822.3142784,-0.34320190843666515,-0.4842242987577489,0.01933199148883863,1.2020973184119603,2.90241464904019,8.597078762053953e-05,-2.002458397542135,-1.9857671896563929,-1.7838042418109339,-0.9428756872760218,1.5708825588226318,0.35366421937942505,1
739,1788171822.3549125,-0.3448286665548313,-0.4842615692206272,0.019429697137702873,1.2021222085718377,2.9024386830171776,-0.00021290402230454998,-2.004951302205221,-1.987495247517721,-1.780891243611471,-0.9438694159137171,1.5708585977554321,0.3511801064014435,1
740,1788171822.3960567,-0.34649061520472074,-0.484254448434423,0.019481968606194416,1.202490388200498,2.9023074712248946,-0.0004749394930594358,-2.0075281302081507,-1.9892709890948694,-1.7780378500567835,-0.9447796980487269,1.5708465576171875,0.3488517999649048,1
741,1788171822.4368205,-0.3479878983479792,-0.4841145972794334,0.01940525375739205,1.202253547145612,2.902388545455905,-0.0003240754990187644,-2.009949032460348,-1.9909146467791956,-1.7757123152362269,-0.9455583731280726,1.5708585977554321,0.3462718427181244,1
742,1788171822.4786642,-0.34946865415043077,-0.48367865291379564,0.019384207937944847,1.2025932272744233,2.9022363237847215,3.3314006315876485e-05,-2.012550179158346,-1.992030445729391,-1.7739861647235315,-0.9463966528521937,1.5708585977554321,0.34390756487846375,1
743,1788171822.5187721,-0.35009897941235546,-0.4834492839769993,0.019380323972219504,1.202745027129455,2.9021688993604973,0.00016336860256129426,-2.013688389454977,-1.9924257437335413,-1.7733624617206019,-0.9467080275165003,1.5708585977554321,0.34287506341934204,1
744,1788171822.559349,-0.35004483956312604,-0.4834535522892813,0.01937865851990686,1.20280653289665,2.9021681402442305,0.00020341998351700166,-2.013592545186178,-1.9923775831805628,-1.7734349409686487,-0.9467080275165003,1.5708345174789429,0.34300726652145386,1
745,1788171822.6025574,-0.35004458773806657,-0.4834693480024171,0.01937973462691145,1.202789917918347,2.902176961021325,0.0001473151156641884,-2.013580624257223,-1.992389980946676,-1.7734230200396937,-0.9466717878924769,1.5708345174789429,0.34300726652145386,1
746,1788171822.6431699,-0.35004296543475494,-0.4834723422628874,0.019376685204101407,1.2027676589785246,2.9021725239009797,0.00016507261198156424,-2.013580624257223,-1.9924019018756312,-1.7734106222735804,-0.9466841856585901,1.5708465576171875,0.3429952561855316,1
747,1788171822.684249,-0.3500187563571913,-0.48348303722408154,0.019381425011013337,1.2027411905763803,2.9021569474475193,0.00018189955430471691,-2.0135448614703577,-1.992389980946676,-1.7734106222735804,-0.9467080275165003,1.5708705186843872,0.3430192470550537,1
748,1788171822.725582,-0.35006821079227,-0.48348236049671467,0.0192069453604225,1.2029053256128284,2.9021101496642916,-5.954193633669479e-05,-2.0136168638812464,-1.9926422278033655,-1.7736147085772913,-0.9460971991168421,1.5708585977554321,0.34305518865585327,1
749,1788171822.7636645,-0.350045258637247,-0.4835098346345427,0.01814741600745917,1.2027696217994552,2.9021766580926687,2.144536942825814e-05,-2.013556782399313,-1.9941657225238245,-1.7745736281024378,-0.9436658064471644,1.5708465576171875,0.3430192470550537,1
750,1788171822.8024988,-0.3500489065409848,-0.48342882403751036,0.01629354526852797,1.202804059687397,2.902160815796138,0.00044504393147369175,-2.0136168638812464,-1.9967449347125452,-1.7763360182391565,-0.9395936171161097,1.5708345174789429,0.34298327565193176,1
751,1788171822.8407605,-0.35002861253965306,-0.4834087698188776,0.01374073935044251,1.202779701753008,2.9021509306418833,0.0006453275656711637,-2.0136049429522913,-2.0003679434405726,-1.7787335554706019,-0.9337013403521937,1.5708465576171875,0.34298327565193176,1
752,1788171822.879983,-0.350000212378314,-0.4834112740217679,0.010690411198751887,1.2027168571031446,2.9021479426414434,0.0007339620759784639,-2.013568703328268,-2.00474721590151,-1.781562630330221,-0.9265506903277796,1.5708705186843872,0.34298327565193176,1
753,1788171822.9207582,-0.3500642372669601,-0.48350942684651277,0.008530513452421867,1.202769075547895,2.9021253313393496,1.0205556356699075e-05,-2.0136049429522913,-2.0079739729510706,-1.7835286299334925,-0.9208977858172815,1.570894479751587,0.34298327565193176,1
754,1788171822.9623244,-0.3500648184024878,-0.4835020992144548,0.007093935001840718,1.2026468433321835,2.9022269191635317,3.939274796503005e-05,-2.013592545186178,-2.010061566029684,-1.784835163746969,-0.9175198713885706,1.5708465576171875,0.34289902448654175,1
755,1788171823.003346,-0.3500553167225441,-0.4834820619730851,0.0064568090989330085,1.202557750375668,2.902257820096392,0.0002136894353337802,-2.013592545186178,-2.0109856764422815,-1.78538686433901,-0.9161551634417933,1.5708465576171875,0.3428390920162201,1
756,1788171823.04411,-0.35008299249170743,-0.4835468402580815,0.006585903388825531,1.202593639148817,2.902246146230371,-0.0002577876048142732,-2.013592545186178,-2.010841671620504,-1.7852910200702112,-0.9160950819598597,1.5708585977554321,0.3428630530834198,1
757,1788171823.085374,-0.35004952388376487,-0.48350250125154826,0.006500613869089483,1.2025767291170415,2.902253857981298,0.00010073421699466107,-2.013568703328268,-2.010925594960348,-1.7853630224811,-0.9161670843707483,1.5708465576171875,0.34287506341934204,1
758,1788171823.1274009,-0.35007376750736574,-0.483501788694516,0.006517477784579645,1.2025735820515515,2.9022960417296724,4.670435084056936e-05,-2.013592545186178,-2.010913674031393,-1.7853387037860315,-0.9161670843707483,1.5708105564117432,0.3428390920162201,1
759,1788171823.169197,-0.35007178907069963,-0.4835125848425667,0.006537436401702013,1.2025695589698073,2.9022354626981617,-3.280869731693401e-05,-2.0136049429522913,-2.0108898321734827,-1.7853267828570765,-0.9161551634417933,1.5708705186843872,0.3428390920162201,1
760,1788171823.210331,-0.35006657111438527,-0.48352212370506725,0.006543304659351323,1.2025441306386477,2.9022738869863276,-8.852872360128641e-05,-2.013580624257223,-2.0108774344073694,-1.7853387037860315,-0.9161189238177698,1.5708465576171875,0.3428390920162201,1
761,1788171823.2523649,-0.3500644068295205,-0.4835097844113223,0.006512784466534999,1.2025597255292508,2.902211724788781,2.0667156670792347e-05,-2.0136049429522913,-2.010925594960348,-1.7853387037860315,-0.91614276567568,1.570894479751587,0.3428390920162201,1
762,1788171823.293111,-0.35006771010933885,-0.4835103985287303,0.0065267763422074965,1.2025647375123372,2.902223825177682,-1.580009150031458e-05,-2.0136049429522913,-2.010901753102438,-1.7853387037860315,-0.91614276567568,1.5708825588226318,0.3428390920162201,1
763,1788171823.333538,-0.35006203971483063,-0.4835090066403982,0.00650888129944549,1.202533501070779,2.9022484693116652,2.329589464916948e-05,-2.013592545186178,-2.010925594960348,-1.7853511015521448,-0.9161308447467249,1.5708705186843872,0.34282711148262024,1
764,1788171823.374962,-0.3500791678782518,-0.4835054654685133,0.006523444000655965,1.2025735753646103,2.9022453968242674,5.528772761552027e-06,-2.0136168638812464,-2.010913674031393,-1.7853267828570765,-0.9161551634417933,1.5708585977554321,0.34282711148262024,1
765,1788171823.4157803,-0.3500582860908305,-0.48351741909518836,0.006524001699351245,1.2025864681582616,2.9022284554740834,-3.280523419132626e-05,-2.013580624257223,-2.010901753102438,-1.7853511015521448,-0.9161189238177698,1.5708705186843872,0.34287506341934204,1
766,1788171823.4559808,-0.35006956408285983,-0.48351210695494234,0.006533771862310939,1.2025433530411562,2.902272251148104,-3.1676486941611964e-05,-2.013592545186178,-2.0108898321734827,-1.7853387037860315,-0.91614276567568,1.5708465576171875,0.34282711148262024,1
767,1788171823.4947681,-0.3500687452370241,-0.483507525690654,0.006528740445400916,1.2024700382609999,2.9023408775994017,-9.401823405756766e-06,-2.013580624257223,-2.0108898321734827,-1.7853511015521448,-0.91614276567568,1.5708105564117432,0.3427791893482208,1
768,1788171823.5371103,-0.3500625339327789,-0.483513609792284,0.0065127836548272144,1.20254275695378,2.9022705642447555,2.4429469475467737e-05,-2.013580624257223,-2.010925594960348,-1.7853387037860315,-0.91614276567568,1.5708465576171875,0.3428390920162201,1
769,1788171823.5781178,-0.35006553924230566,-0.48353271508758133,0.006538708340929178,1.202500189700503,2.902266164291777,-8.96613744493979e-05,-2.013580624257223,-2.010901753102438,-1.7853148619281214,-0.9161189238177698,1.5708705186843872,0.3428151309490204,1
770,1788171823.6169922,-0.3500579809840285,-0.48351677566296636,0.006537145295678198,1.20253450578246,2.9022506568674196,-5.2256907769632774e-05,-2.013580624257223,-2.0108774344073694,-1.7853511015521448,-0.9161308447467249,1.5708705186843872,0.3428390920162201,1
771,1788171823.6549318,-0.3500596840155118,-0.48350759967198864,0.006520571286216942,1.2024905823147305,2.902292130122989,2.5924157432585548e-05,-2.013580624257223,-2.010901753102438,-1.7853511015521448,-0.9161551634417933,1.5708465576171875,0.34280315041542053,1
772,1788171823.6938326,-0.35004993884270164,-0.4835033763751686,0.006505073873345146,1.202507608309882,2.902283812203687,6.258085416502731e-05,-2.013568703328268,-2.010913674031393,-1.785374943410055,-0.91614276567568,1.5708465576171875,0.34282711148262024,1
773,1788171823.7323391,-0.35001616872530256,-0.4832640746737399,0.006479189916164169,1.2023392468443497,2.9023205248445465,0.0002663923187148919,-2.01370078722109,-2.0105775038348597,-1.785950009022848,-0.9160350004779261,1.5708705186843872,0.34258705377578735,1
774,1788171823.77233,-0.35000963116295186,-0.4827719383484062,0.006464478188338979,1.20209127896571,2.902460741473743,0.00030734944948966354,-2.014036480580465,-2.0098217169391077,-1.787185017262594,-0.9155800978290003,1.5708345174789429,0.3420713543891907,1
775,1788171823.8093443,-0.3498709735174385,-0.48150532202010304,0.006479746977159528,1.2018931615806652,2.9025296057664627,0.00030631764742209403,-2.0147555510150355,-2.007650677357809,-1.7905657927142542,-0.914370361958639,1.5708465576171875,0.3412189781665802,1
776,1788171823.8486567,-0.3496920583374121,-0.4801679043810152,0.006512219259692975,1.2019822065798702,2.902501411348062,6.091432060014395e-05,-2.0154627005206507,-2.0052512327777308,-1.7942941824542444,-0.9128850142108362,1.5708465576171875,0.3405710756778717,1
777,1788171823.8890789,-0.3494368904418251,-0.4790806446802656,0.006562792347579033,1.2022257632060929,2.902403280683966,-1.54057078930805e-05,-2.015869919453756,-2.0031636396991175,-1.7974346319781702,-0.911783520375387,1.5708465576171875,0.3403310179710388,1
778,1788171823.9286752,-0.3492010299494628,-0.47881900874550837,0.006574537151175203,1.202363848974837,2.9023398357318473,-0.00020486628374936791,-2.015702549611227,-2.0024312178241175,-1.7985861937152308,-0.9112442175494593,1.5708585977554321,0.3405950665473938,1
779,1788171823.9699392,-0.3492378005848537,-0.47882816459055444,0.0065604891656079745,1.2023541368161943,2.9023193379498187,-0.00024498109269918905,-2.0157621542560022,-2.002503220235006,-1.798525635396139,-0.911208454762594,1.5708825588226318,0.3405347466468811,1
780,1788171824.0093641,-0.34925427768354195,-0.478817742171922,0.006565622649467029,1.2024148079877126,2.9023187604058647,-0.00020562002066958293,-2.0157859961139124,-2.002503220235006,-1.7985017935382288,-0.9112561384784144,1.5708585977554321,0.34054672718048096,1
781,1788171824.0498788,-0.3492463369322462,-0.47882993220220554,0.006572257832514028,1.2023719099409347,2.902313319619692,-0.0002823806540886991,-2.0157740751849573,-2.002491299306051,-1.7985137144671839,-0.911208454762594,1.5708825588226318,0.3405347466468811,1
782,1788171824.0880022,-0.3492478858143491,-0.47879795313750967,0.006542754336542084,1.2023660484811836,2.90234856043716,-0.00010964103486002435,-2.0157859961139124,-2.0025156180011194,-1.798537556325094,-0.9112685362445276,1.5708465576171875,0.3405107855796814,1
783,1788171824.1279757,-0.3491053775784037,-0.4787711928642821,0.006507427171394298,1.2025459578754896,2.9022400019816366,0.00011431449196337872,-2.0155943075763147,-2.0024073759662073,-1.7987778822528284,-0.9112804571734827,1.5708705186843872,0.34083473682403564,1
784,1788171824.1698887,-0.348745427970978,-0.4787427699922569,0.006517843188272504,1.2026305461667548,2.9022426135393173,0.00015394476434788464,-2.015043083821432,-2.00193959871401,-1.7994731108294886,-0.9110763708697718,1.5708345174789429,0.3414350748062134,1
785,1788171824.2096796,-0.34787464296014214,-0.4788116361380395,0.006584993287275603,1.2029170410917425,2.9021389125638306,-0.0002783398348240196,-2.0136407057391565,-2.0008719603167933,-1.8010194937335413,-0.9103220144854944,1.5708345174789429,0.34303122758865356,1
786,1788171824.2510974,-0.3472609198971423,-0.478752728753894,0.006559486800077008,1.2027358121133271,2.9021414264330896,-5.77405723254036e-05,-2.0127537886248987,-2.00016433397402,-1.8021701017962855,-0.9100225607501429,1.570894479751587,0.34381094574928284,1
787,1788171824.2899086,-0.34732472821769494,-0.47871554261847715,0.006561742859195141,1.2026327201099523,2.9022372345319596,-9.146518168317311e-05,-2.0128615538226526,-2.00016433397402,-1.8021701017962855,-0.9099987188922327,1.5708465576171875,0.3436191976070404,1
788,1788171824.331131,-0.3473168540131386,-0.4787278906884571,0.006556396395637487,1.2025886501754048,2.902228956220171,-7.461409544020889e-05,-2.0128496328936976,-2.00018817583193,-1.8021462599383753,-0.9100106398211878,1.5708705186843872,0.34360721707344055,1
789,1788171824.3726895,-0.3473099361473503,-0.478732883409363,0.0065639998597915306,1.2025812709998767,2.9022598203515027,-0.00012886871515503857,-2.0128257910357874,-2.00016433397402,-1.8021701017962855,-0.9099748770343226,1.5708465576171875,0.3436191976070404,1
790,1788171824.411389,-0.3473035378151692,-0.478725789499967,0.006553685147744626,1.2026105423250288,2.9022321373531317,-5.498787931724932e-05,-2.0128257910357874,-2.000176254902975,-1.8021701017962855,-0.9100106398211878,1.5708585977554321,0.3436431586742401,1
791,1788171824.4524107,-0.34730377571425747,-0.4787360654284124,0.006559440897323632,1.2025635155557797,2.9022658837716757,-9.071531470954726e-05,-2.0128138701068323,-2.000176254902975,-1.8021586577044886,-0.9099987188922327,1.5708465576171875,0.3436191976070404,1
792,1788171824.493086,-0.347296113870069,-0.4787326636545072,0.006547884317490704,1.2025886854225654,2.902228305747583,-5.5907759090416296e-05,-2.0128138701068323,-2.00018817583193,-1.8021701017962855,-0.9099987188922327,1.5708705186843872,0.3436431586742401,1
793,1788171824.5343208,-0.3468910484967168,-0.47872672468199723,0.006514088245082039,1.2025101042344455,2.902279801841897,0.00015321718046188272,-2.0121787230121058,-1.9998043219195765,-1.8028419653521937,-0.9098427931415003,1.5708465576171875,0.34421953558921814,1
794,1788171824.575503,-0.34605473133553,-0.4787388481914892,0.006519043803960511,1.2026462866491967,2.9022099121734364,0.00017039665939332294,-2.010872189198629,-1.9988682905780237,-1.8042925039874476,-0.909339729939596,1.5708585977554321,0.3456231951713562,1
795,1788171824.6167872,-0.3445558906461548,-0.47877934373276887,0.006502621227511968,1.202148623190476,2.90242412446526,0.00033983526969951904,-2.0084989706622522,-1.9972847143756312,-1.8067978064166468,-0.9085252920733851,1.5708465576171875,0.34765151143074036,1
796,1788171824.6568208,-0.34385984055370783,-0.47877913273824285,0.006451633244235838,1.2022290052400566,2.9023645881224613,0.00035773979027400643,-2.007420365010397,-1.9965770880328577,-1.808068577443258,-0.9079745451556605,1.5708705186843872,0.3487918972969055,1
797,1788171824.6975372,-0.3438885392554048,-0.4787290690849225,0.0063944044566486,1.2024623851320735,2.9022881247083654,0.0005464639405476698,-2.0074923674212855,-1.9966490904437464,-1.8081043402301233,-0.9079859892474573,1.5708465576171875,0.3488757908344269,1
798,1788171824.7380853,-0.3439006690913568,-0.4787387301752402,0.0064319267337329955,1.202463468015675,2.902291112703588,0.0004334734623710985,-2.0075042883502405,-1.9966009298907679,-1.8080804983722132,-0.9079859892474573,1.5708465576171875,0.34886378049850464,1
799,1788171824.780334,-0.34391080623468795,-0.47873762269583064,0.006446819907802576,1.2024685768174643,2.9023036976581396,0.00037893209390768535,-2.0075162092791956,-1.9965770880328577,-1.8080804983722132,-0.9079745451556605,1.5708345174789429,0.3488517999649048,1
800,1788171824.8176308,-0.343908232045869,-0.47872228098576913,0.006424151532526429,1.2025492528496147,2.9022527002973417,0.0005277565148104228,-2.0075281302081507,-1.996612850819723,-1.808068577443258,-0.9080460707293909,1.5708465576171875,0.3488997519016266,1
801,1788171824.8569536,-0.3438966438525763,-0.47873660537572676,0.006440924874237586,1.20247649644794,2.902273265848488,0.000413935324019658,-2.0075042883502405,-1.9965770880328577,-1.8080924193011683,-0.9079859892474573,1.5708585977554321,0.3488757908344269,1
802,1788171824.8967204,-0.34389011257641516,-0.4787324398811684,0.006419698889927994,1.202445960688934,2.902297775851518,0.0004529291691642898,-2.0074923674212855,-1.9966009298907679,-1.8081162611590784,-0.9079626242267054,1.5708465576171875,0.34886378049850464,1
803,1788171824.938747,-0.3439014792598947,-0.478733966990931,0.006421291080581176,1.2024678605492374,2.902301720527796,0.0004537607133063728,-2.0075042883502405,-1.996612850819723,-1.8080924193011683,-0.9079745451556605,1.5708345174789429,0.34886378049850464,1
804,1788171824.981225,-0.3438961333787929,-0.4787453392818497,0.006435566767035772,1.2024635909870138,2.9022910425606057,0.0004342229062131232,-2.0074923674212855,-1.9966009298907679,-1.808068577443258,-0.9079983870135706,1.5708465576171875,0.3488757908344269,1
805,1788171825.0222185,-0.34387850450574403,-0.47872050368678376,0.006417089561531086,1.2024012197819518,2.90228809554762,0.0005268467411782317,-2.0074923674212855,-1.9965890089618128,-1.8081286589251917,-0.9080103079425257,1.5708705186843872,0.34883981943130493,1
806,1788171825.0642834,-0.3438996030536514,-0.4787493797323273,0.006444727759167379,1.2024375182732305,2.9022776362761955,0.00037644491990554164,-2.0075042883502405,-1.9965890089618128,-1.808068577443258,-0.9079745451556605,1.5708705186843872,0.3488517999649048,1
807,1788171825.1048534,-0.3438931959967054,-0.478755373066095,0.006462034855685833,1.20244750475744,2.9023011444489555,0.00032123392611181476,-2.0074804464923304,-1.9965527693377894,-1.8080804983722132,-0.9079626242267054,1.5708465576171875,0.3488757908344269,1
808,1788171825.1444473,-0.3438895540345865,-0.4787540692471452,0.006460907273748817,1.2024078867994523,2.9023039670487654,0.00033910811210893733,-2.0074804464923304,-1.9965527693377894,-1.8080804983722132,-0.9079745451556605,1.5708585977554321,0.3488517999649048,1
809,1788171825.1854286,-0.34389805252561784,-0.4787494510002366,0.006447947699695394,1.2024469647351883,2.9023002054178275,0.000359394854016321,-2.0074923674212855,-1.9965770880328577,-1.8080804983722132,-0.9079626242267054,1.5708465576171875,0.34886378049850464,1
810,1788171825.2281458,-0.3438956337815763,-0.4787408759424346,0.006446355425572814,1.2024725338876783,2.90226370074412,0.0003577397862139551,-2.0075042883502405,-1.9965651671039026,-1.8081043402301233,-0.9079507032977503,1.5708705186843872,0.3488757908344269,1
811,1788171825.269184,-0.3438981420665928,-0.47877551038389654,0.0065232417120826836,1.2023621292813276,2.902292115678898,7.323654603351689e-05,-2.0074923674212855,-1.9964569250689905,-1.8080804983722132,-0.9079025427447718,1.570894479751587,0.3488158583641052,1
812,1788171825.3126135,-0.3439379511097012,-0.47883493260041493,0.006931711349493497,1.2024906390871926,2.9023072203493157,-0.000470447688842329,-2.0074923674212855,-1.9958809057818812,-1.8077691237079065,-0.9084413687335413,1.5708465576171875,0.34888777136802673,1
813,1788171825.3520925,-0.3439998275952323,-0.478951167887601,0.008285206163626102,1.2024669361474891,2.902348778347438,-0.0015300316568097583,-2.0075042883502405,-1.9939253965960901,-1.8066657225238245,-0.9108250776873987,1.5708465576171875,0.3488517999649048,1
814,1788171825.3921685,-0.3439556733735281,-0.47889573248592443,0.010229941820608573,1.202474672127628,2.9023176560991617,-0.0010324912013979209,-2.0074804464923304,-1.9910104910479944,-1.8048561255084437,-0.9158671537982386,1.5708585977554321,0.34888777136802673,1
815,1788171825.4333572,-0.34392478576551627,-0.47884588470188,0.012941452647438845,1.2023839690777745,2.9023444084608707,-0.0006710688728891867,-2.0074685255633753,-1.9869917074786585,-1.802337948475973,-0.9226344267474573,1.5708585977554321,0.34883981943130493,1
816,1788171825.474551,-0.3439673622422506,-0.4788751150428202,0.016073556845246,1.2024838082221074,2.9023402869077564,-0.0010428123023634582,-2.0075042883502405,-1.9824684301959437,-1.799413029347555,-0.9298446814166468,1.5708345174789429,0.34886378049850464,1
817,1788171825.5161192,-0.34387934443118223,-0.4787321947714052,0.018064272973583123,1.2024617385142908,2.902286340124708,0.00018496566523449918,-2.0074804464923304,-1.9795172850238245,-1.797398869191305,-0.9355934301959437,1.5708585977554321,0.34888777136802673,1
818,1788171825.5591671,-0.34391544601883584,-0.4787734932460917,0.019660607685683007,1.20242078668387,2.9022867123057225,-0.00012423322120859242,-2.0075162092791956,-1.9772856871234339,-1.7958291212665003,-0.9391987959491175,1.5708825588226318,0.3488278388977051,1
819,1788171825.6011693,-0.34393241826337434,-0.4787700473668022,0.0200968899882793,1.2024615195221353,2.9022852345684096,-0.00020197307533397014,-2.007540527974264,-1.9766619841205042,-1.7954209486590784,-0.9401806036578577,1.5708705186843872,0.3488278388977051,1
820,1788171825.639985,-0.34389690471448325,-0.4787827524592671,0.01984574898547553,1.2024200721957914,2.9022842436232326,-3.2939303122189314e-05,-2.0074804464923304,-1.9770334402667444,-1.7956131140338343,-0.9397252241717737,1.5708825588226318,0.34886378049850464,1
821,1788171825.6796005,-0.34390313547258583,-0.47875051305142996,0.01881626215730875,1.2020952835347842,2.9024382356750307,0.00018120839850422498,-2.0075042883502405,-1.978497330342428,-1.7965839544879358,-0.9374259153949183,1.5708585977554321,0.34861138463020325,1
822,1788171825.7210317,-0.34390118029667793,-0.4787299981262246,0.016985864049837318,1.20120489343961,2.902800722159906,0.00037946319075627896,-2.0075162092791956,-1.9811251799212855,-1.7983101050006312,-0.9331982771502894,1.5708585977554321,0.34798744320869446,1
823,1788171825.7622283,-0.3439113856600395,-0.47879095063625926,0.014455394574610675,1.200403207782163,2.9031305483867675,1.6445458938863718e-05,-2.0074923674212855,-1.9848201910602015,-1.8007319609271448,-0.9268506209002894,1.5708705186843872,0.3474594056606293,1
824,1788171825.8033125,-0.34389500869036477,-0.4787657560557919,0.011198081296789397,1.199414494147114,2.903550381599509,7.112158601531444e-05,-2.0074804464923304,-1.9895227591144007,-1.8038490454303187,-0.9190653006183069,1.5708585977554321,0.3467875123023987,1
825,1788171825.8432078,-0.3439108386244398,-0.4787670163307194,0.008030484355408402,1.1984383741916678,2.9039535098101408,6.734403222414762e-05,-2.0075042883502405,-1.9942134062396448,-1.806725804005758,-0.9114955107318323,1.5708585977554321,0.3460913300514221,1
826,1788171825.880807,-0.34388470358677636,-0.4787436769758881,0.004915526265150488,1.19704137252251,2.9045201904306888,0.00036583455810721484,-2.0074804464923304,-1.9988444487201136,-1.8094833532916468,-0.904297176991598,1.5708585977554321,0.34515541791915894,1
827,1788171825.922204,-0.3439282752000371,-0.47881420223657717,0.0028551849753178926,1.1955019591000755,2.9051882494419545,-0.00029849971258056116,-2.0074923674212855,-2.0019758383380335,-1.8113778273211878,-0.8988474051104944,1.5708465576171875,0.34407535195350647,1
828,1788171825.9635255,-0.3439065215813513,-0.4787968577516396,0.001434195789272813,1.1944611292129486,2.9055818423304376,-2.9432436594418088e-05,-2.0074804464923304,-2.0041235128985804,-1.8125641981707972,-0.8956859747516077,1.5708705186843872,0.3433791399002075,1
829,1788171826.0050592,-0.343883675817269,-0.4787315830797934,0.000824330845128618,1.193566370142093,2.905933625988892,0.0004605804264187161,-2.0074923674212855,-2.005010430012838,-1.8130558172809046,-0.8946197668658655,1.5708705186843872,0.34275519847869873,1
830,1788171826.0462098,-0.34393181414221125,-0.4787956262085276,0.0009472845888181813,1.1932098443970494,2.9061081468587764,-8.403945520223253e-06,-2.0075162092791956,-2.004890743886129,-1.8129361311541956,-0.8945596853839319,1.5708585977554321,0.3424791991710663,1
831,1788171826.0856965,-0.3439066218269098,-0.47878413842920187,0.0008970249789204965,1.1933172423627878,2.9060715657637584,0.0001615793957612482,-2.0074804464923304,-2.004950825368063,-1.8129718939410608,-0.894571606312887,1.5708465576171875,0.34258705377578735,1
832,1788171826.127505,-0.34390968377848624,-0.47876787157713246,0.0008830885288420853,1.1933905040037818,2.9060520551618114,0.00023728767181362844,-2.0074923674212855,-2.004962746297018,-1.812983814870016,-0.8945954481707972,1.5708345174789429,0.3426229953765869,1
833,1788171826.1657393,-0.34391196636766647,-0.4787857600800681,0.0009144836477323615,1.1933652380220938,2.906040070063164,0.00012328152466905287,-2.0074923674212855,-2.0049269835101526,-1.8129599730121058,-0.8945835272418421,1.5708585977554321,0.34261101484298706,1
834,1788171826.2049284,-0.3439184176275633,-0.4787896881795778,0.0009308283197632383,1.1933614871160507,2.906031187839162,4.6834275557839465e-05,-2.0075042883502405,-2.0049026648150843,-1.8129599730121058,-0.8945596853839319,1.5708705186843872,0.3425990343093872,1
835,1788171826.2456505,-0.343910795477275,-0.47878658141077185,0.0009075774588512553,1.193304614358042,2.9060903588437816,0.00014376473774413493,-2.0074804464923304,-2.0049389044391077,-1.8129599730121058,-0.8945835272418421,1.5708345174789429,0.3425750732421875,1
836,1788171826.2865782,-0.3439188250527043,-0.47878412650113755,0.0009156117580604306,1.1932783226917236,2.9060763640388405,0.00010457299102564947,-2.0075042883502405,-2.0049269835101526,-1.8129599730121058,-0.894571606312887,1.5708585977554321,0.34253913164138794,1
837,1788171826.3270895,-0.3439049284901696,-0.47879994371814194,0.0009229058109944399,1.193095279112584,2.90612564220939,0.00010279567871708015,-2.0074804464923304,-2.0049269835101526,-1.8129361311541956,-0.8945954481707972,1.5708825588226318,0.3424432575702667,1
838,1788171826.3681712,-0.34389656464984925,-0.47878202386682217,0.0009074080267071627,1.1929725139488683,2.9061735788000265,0.00017835380613064072,-2.0074804464923304,-2.0049269835101526,-1.8129718939410608,-0.8946078459369105,1.5708825588226318,0.34235936403274536,1
839,1788171826.409032,-0.3439171073735821,-0.47879027548171255,0.0009065745396594216,1.1928120286033796,2.906280167896462,0.00012415506788090438,-2.0074923674212855,-2.004950825368063,-1.8129480520831507,-0.894571606312887,1.5708465576171875,0.34222716093063354,1
840,1788171826.450544,-0.3439143553228721,-0.47879087834977335,0.0009192585639930528,1.19287731392304,2.9062409828250098,0.00010456002354752275,-2.0074923674212855,-2.0049269835101526,-1.8129480520831507,-0.8945835272418421,1.5708585977554321,0.34227508306503296,1
841,1788171826.491566,-0.34391050672115064,-0.4787663052627809,0.0009001593029560329,1.1928589637551834,2.906246076268278,0.0001793743781328372,-2.0075042883502405,-2.0049269835101526,-1.812995735798971,-0.8945835272418421,1.5708585977554321,0.34225112199783325,1
842,1788171826.5324273,-0.3439114569908106,-0.47879760252672415,0.0009344754173528091,1.1927818285712306,2.9062561508323235,4.5918909278599073e-05,-2.0074923674212855,-2.0049026648150843,-1.8129480520831507,-0.894571606312887,1.5708825588226318,0.3422151803970337,1
843,1788171826.5733633,-0.3439180498824705,-0.4787824657722481,0.0009191471470211265,1.1928600395816493,2.906248705118063,8.510594875425126e-05,-2.0075042883502405,-2.0049145857440394,-1.8129718939410608,-0.8945596853839319,1.5708585977554321,0.34225112199783325,1
844,1788171826.6157267,-0.34394082063545994,-0.4787855960536549,0.0009367312502745473,1.1929046710858944,2.9062588212838176,1.2074720781336092e-05,-2.0075281302081507,-2.0049026648150843,-1.8129480520831507,-0.8945477644549769,1.5708345174789429,0.34225112199783325,1
845,1788171826.6568074,-0.34389381064411384,-0.4787859522892238,0.0009145898299077471,1.192785280263668,2.9062640576190955,0.000159787187312536,-2.0074685255633753,-2.0049145857440394,-1.8129718939410608,-0.8946078459369105,1.5708705186843872,0.3422391414642334,1
846,1788171826.6967716,-0.3439089454022958,-0.47879561600502246,0.0009561956272311212,1.1931576662624377,2.9061289631004374,1.0302010921468071e-05,-2.0074804464923304,-2.004854981099264,-1.8129599730121058,-0.8945835272418421,1.5708585977554321,0.3424791991710663,1
847,1788171826.7366498,-0.3439101976525437,-0.4787788656711386,0.0010340813750564226,1.1945128576363078,2.9056086790233935,8.78034136556509e-05,-2.0074804464923304,-2.0047228972064417,-1.8128998915301722,-0.8948233763324183,1.5708225965499878,0.3434031009674072,1
848,1788171826.77747,-0.3439046137152368,-0.47878937571267327,0.0012184758483584357,1.1971192559159547,2.9044623913156196,-5.050227258378133e-05,-2.0074923674212855,-2.004434887562887,-1.812779728566305,-0.89514667192568,1.570894479751587,0.34520336985588074,1
849,1788171826.81776,-0.3438953066702999,-0.478779328596713,0.0014785936009946155,1.201062064760739,2.9028487252359314,-0.00010558301665058415,-2.0074804464923304,-2.004003349934713,-1.8126242796527308,-0.8956978956805628,1.5708825588226318,0.3479275107383728,1
850,1788171826.857676,-0.3439140071175536,-0.4788520552733027,0.0018637567289427892,1.2060815387120847,2.9007794486408742,-0.0005408741829768647,-2.00745660463442,-2.003475014363424,-1.8122885862933558,-0.8962844053851526,1.5708825588226318,0.35140782594680786,1
851,1788171826.896266,-0.34395112281610607,-0.4788369919282788,0.0023026603803464885,1.2126490990414382,2.8980652433592904,-0.0005406048312217353,-2.0075162092791956,-2.0028274695025843,-1.811880890523092,-0.8973386923419397,1.5708585977554321,0.3558723032474518,1
852,1788171826.9353712,-0.3439450817767099,-0.47882094671150965,0.00276349785894095,1.220567519927436,2.8947689751426418,-0.0002209142495704208,-2.0075042883502405,-2.002155605946676,-1.8113778273211878,-0.8987157980548304,1.5708225965499878,0.3613446056842804,1
853,1788171826.9754353,-0.3439381202399286,-0.4788124668255946,0.0033070102834240056,1.2292247355770967,2.891090097634545,-0.00022445731284481297,-2.0075042883502405,-2.0013158957110804,-1.8109338919269007,-0.8999975363360804,1.5708345174789429,0.36733299493789673,1
854,1788171827.0172668,-0.34391656755889954,-0.47880544754313187,0.003934458173584565,1.2387372821255005,2.887012737081164,-0.00019118641127563603,-2.0074804464923304,-2.0003441015826624,-1.810418430958883,-0.9015062491046351,1.5708465576171875,0.3739456534385681,1
855,1788171827.0572767,-0.3439192218712469,-0.4788043446358399,0.004516427679945867,1.2481008024105156,2.8829252634073157,-0.0002334945762162017,-2.0075042883502405,-1.9994681517230433,-1.8099148909198206,-0.9028599897967737,1.570894479751587,0.3804261088371277,1
856,1788171827.0973697,-0.343934662079499,-0.4788442157527186,0.005042172385060162,1.2561080323977034,2.8795002853716207,-0.00040189487337841676,-2.0074804464923304,-1.9987247625934046,-1.809411350880758,-0.9039982000934046,1.5708465576171875,0.3859942853450775,1
857,1788171827.1390893,-0.34389671263668514,-0.4787561207299434,0.005393691880668905,1.2624916037298495,2.8766443412700085,0.0002135253673883585,-2.0075042883502405,-1.998136345540182,-1.809075657521383,-0.9053152243243616,1.570894479751587,0.3904224634170532,1
858,1788171827.1812992,-0.34389885945216003,-0.47871513512131364,0.005708917564213101,1.2677974804412673,2.8743337997470517,0.00038385283821641756,-2.0075281302081507,-1.9976328055011194,-1.8088119665728968,-0.9061902205096644,1.5708705186843872,0.3940829038619995,1
859,1788171827.218562,-0.3438882442392247,-0.47873826450869517,0.005994673785808924,1.2721238137392836,2.8724625206029017,0.000308036015798856,-2.0074804464923304,-1.9972131888019007,-1.8085601965533655,-0.9068124930011194,1.5708345174789429,0.39713138341903687,1
860,1788171827.2567027,-0.34387735421987214,-0.4787180392315999,0.006163965398831961,1.2756583099902967,2.8708542726338466,0.00039917458723846605,-2.0074923674212855,-1.9969366232501429,-1.8084281126605433,-0.9072797934161585,1.5708705186843872,0.39959150552749634,1
861,1788171827.2973714,-0.3438706276826157,-0.4787264529089046,0.0062728783983757586,1.2777890598745274,2.8698935732624506,0.0003981812481758225,-2.0074804464923304,-1.9967806974994105,-1.8083203474627894,-0.9075430075274866,1.5708825588226318,0.40109142661094666,1
862,1788171827.3370388,-0.3438923420249045,-0.4787501501845865,0.006324558320125823,1.2788451880115759,2.8694384558929493,0.00023006492819218575,-2.0074923674212855,-1.9967330137835901,-1.808260742818014,-0.9075430075274866,1.5708705186843872,0.4018115997314453,1
863,1788171827.3786354,-0.34389776491486557,-0.4787651621500001,0.0063371035574389945,1.2787867752316777,2.869492088811912,0.00011838907068678282,-2.0074804464923304,-1.996721092854635,-1.808260742818014,-0.9074834028827112,1.5708465576171875,0.40177565813064575,1
864,1788171827.419024,-0.3438990618014021,-0.4787581124051711,0.006324720696845948,1.2787814085978795,2.8694803840252234,0.00019294575348191025,-2.0074923674212855,-1.9967449347125452,-1.8082488218890589,-0.9075191656695765,1.5708585977554321,0.4017636477947235,1
865,1788171827.4602404,-0.34388930903076764,-0.47878620060955435,0.0063614955742268,1.2786788723413502,2.869527001972867,0.00011730844907885073,-2.00745660463442,-1.99670917192568,-1.8082006613360804,-0.9075549284564417,1.5708585977554321,0.40172770619392395,1
866,1788171827.5000424,-0.3439184106878802,-0.4787832387610634,0.006362121683417099,1.2787301814705192,2.8695043643546847,9.858336866954747e-05,-2.0075042883502405,-1.9967330137835901,-1.8081648985492151,-0.9075549284564417,1.5708585977554321,0.4017157256603241,1
867,1788171827.5409405,-0.3439276262378546,-0.4788257456238488,0.006457315467679858,1.2786058967548355,2.8695503855206423,-0.00020429634065005585,-2.0074923674212855,-1.996612850819723,-1.8081043402301233,-0.9075430075274866,1.5708705186843872,0.40164345502853394,1
868,1788171827.5824788,-0.3438859913611904,-0.47905535469262117,0.006612928723581407,1.2784650478692607,2.869603752533059,-0.0005236272881159058,-2.0072644392596644,-1.9966371695147913,-1.8076251188861292,-0.9077947775470179,1.5708825588226318,0.40177565813064575,1
869,1788171827.6224465,-0.34369159350298983,-0.4794077867505667,0.006682772770501444,1.278342606811318,2.8696968817131645,-0.0004679458743497552,-2.0066893736468714,-1.9968765417682093,-1.8070133368121546,-0.9082019964801233,1.5708465576171875,0.4022553861141205,1
870,1788171827.6620767,-0.3428780874013787,-0.4803452948530626,0.006683006410272363,1.2778974540386419,2.869892399675377,-0.0002596176927791686,-2.004735771809713,-1.997476879750387,-1.806030575429098,-0.9087169806109827,1.5708465576171875,0.4038994610309601,1
871,1788171827.7022085,-0.3416870785350734,-0.48161457413463826,0.006659160171617218,1.2781432267843718,2.8697827452257503,-0.0002968489495260216,-2.0019548575030726,-1.9981725851642054,-1.805023495350973,-0.9090045134173792,1.5708465576171875,0.40685170888900757,1
872,1788171827.7422023,-0.34069955528812057,-0.4827056155096491,0.006630958228231537,1.2783147004298598,2.8696924382253215,-0.00025865474884123206,-1.9996297995196741,-1.9988444487201136,-1.8040526548968714,-0.9093278090106409,1.5708585977554321,0.4092998802661896,1
873,1788171827.7835665,-0.3403207190970539,-0.4832531484301289,0.0065764859534694076,1.2781643090348245,2.8697196299708954,-0.00020139199936649064,-1.9986589590655726,-1.9993842283831995,-1.8033698240863245,-0.9095075766192835,1.570894479751587,0.41017621755599976,1
874,1788171827.8233843,-0.34036237370053946,-0.4833181213262955,0.006558950434879807,1.2781145349434244,2.8697943745026566,-0.0002194556096280148,-1.9986589590655726,-1.9995525519000452,-1.8031657377826136,-0.9095314184771937,1.5708465576171875,0.4101279079914093,1
875,1788171827.8642764,-0.34037136243465144,-0.48331412475280444,0.00655267398218462,1.2781290780479173,2.869735218043655,-0.0001834242394922778,-1.9986947218524378,-1.9995763937579554,-1.8031414190875452,-0.9095552603351038,1.570894479751587,0.41011592745780945,1
876,1788171827.9033263,-0.340370541897011,-0.4833325243869195,0.006575449340733508,1.2781221437429693,2.8697654506808763,-0.0003336314272090716,-1.9986708799945276,-1.9995406309710901,-1.8031533400165003,-0.9094832579242151,1.5708705186843872,0.4101279079914093,1
877,1788171827.9405806,-0.3403665777690178,-0.4833638412536979,0.006572036679886817,1.2780658852308875,2.869777443114793,-0.00035327026480747584,-1.9986470381366175,-1.9995883146869105,-1.8030932585345667,-0.9094832579242151,1.5708825588226318,0.41011592745780945,1
878,1788171827.9812799,-0.34037140737666155,-0.48333130573746175,0.006546749657697165,1.2781194344051967,2.8698053721876504,-0.0002192887398984685,-1.9986589590655726,-1.9996007124530237,-1.8031294981585901,-0.9095194975482386,1.5708345174789429,0.4101279079914093,1
879,1788171828.0207136,-0.3404786317099391,-0.483374495544344,0.006562888994711719,1.2780144136573734,2.8698004067218266,-0.0003525458812749552,-1.998814884816305,-1.9997442404376429,-1.8028777281390589,-0.9095433394061487,1.5708825588226318,0.40991219878196716,1
880,1788171828.0612316,-0.34098139581264736,-0.48333938494954076,0.00642250549717005,1.2782957801326695,2.8696977877409835,0.0001944688309341129,-1.9996174017535608,-2.0005601088153284,-1.8019426504718226,-0.9100106398211878,1.5708585977554321,0.4092998802661896,1
881,1788171828.100929,-0.34224049989767724,-0.4833914278171728,0.006457016497845608,1.2785177245670796,2.8696003479873244,-1.3174993913360402e-05,-2.001547638569967,-2.00196344057192,-1.7996647993670862,-0.9107530752765101,1.5708585977554321,0.4075239598751068,1
882,1788171828.1428075,-0.3438328378348041,-0.48344323517433585,0.006417986161998845,1.2785108636156,2.8695995267791243,0.00038201816291665236,-2.0039923826800745,-2.0039671103106897,-1.7965596357928675,-0.9121063391314905,1.5708585977554321,0.40507543087005615,1
883,1788171828.1839235,-0.34579315175271386,-0.48356198319916094,0.006425441017468947,1.2786084879726987,2.8695552329203124,0.0003832122660852181,-2.0069525877581995,-2.006354633961813,-1.7927716414081019,-0.9135077635394495,1.5708585977554321,0.402183473110199,1
884,1788171828.224128,-0.34710144304969043,-0.48377465669483505,0.006432375273756535,1.2784760496746441,2.869589718766002,0.00021530069777700775,-2.0088346640216272,-2.0081303755389612,-1.7899788061725062,-0.9144185225116175,1.5708825588226318,0.4002154469490051,1
885,1788171828.2631254,-0.3477059948466352,-0.4838870871501716,0.006482422710392621,1.2781622105521913,2.869770114120325,0.0001204400281544546,-2.0096738974200647,-2.0088980833636683,-1.7886236349688929,-0.9149449507342737,1.5708465576171875,0.3991469740867615,1
886,1788171828.303685,-0.3477000069380052,-0.4838743309073223,0.006471434004618165,1.2781619178777992,2.869769453488789,0.00017735288887386344,-2.0096738974200647,-2.0088980833636683,-1.7886479536639612,-0.9149568716632288,1.5708465576171875,0.3991469740867615,1
887,1788171828.3446531,-0.3477070731467536,-0.4838565186235278,0.00648463743164282,1.2782476540820562,2.8697310272654653,0.0001945770164101307,-2.009697739277975,-2.008861843739645,-1.788659397755758,-0.914992634450094,1.5708465576171875,0.3991829454898834,1
888,1788171828.3852756,-0.3476827295687693,-0.4838568668214171,0.006447695836927003,1.2782155054384097,2.8697046228988725,0.00028855760286655154,-2.0096738974200647,-2.0089100042926233,-1.7886837164508265,-0.914980713521139,1.5708825588226318,0.3991949260234833,1
889,1788171828.4274046,-0.3477041675863993,-0.4838632021739198,0.006464023288119458,1.2782035731498715,2.869724674446497,0.0001766032039803214,-2.009697739277975,-2.0088980833636683,-1.7886717955218714,-0.9149330298053187,1.5708705186843872,0.39915895462036133,1
890,1788171828.4668329,-0.3476844947105614,-0.4838705911878835,0.0064591898210761,1.2781521629884585,2.8697473144062955,0.00019532654279697564,-2.0096619764911097,-2.0088980833636683,-1.7886837164508265,-0.9149330298053187,1.5708705186843872,0.39915895462036133,1
891,1788171828.508192,-0.3477061618878139,-0.48386745043787144,0.006479116943894747,1.2782382853406682,2.8697099948668394,0.0001204410626706182,-2.009697739277975,-2.008874241505758,-1.7886717955218714,-0.9149211088763636,1.5708705186843872,0.3991829454898834,1
892,1788171828.547699,-0.34770603299750896,-0.48387364438764435,0.006481418562397562,1.2781991598761833,2.8697147734510353,8.187229878777738e-05,-2.009697739277975,-2.008874241505758,-1.7886717955218714,-0.9148967901812952,1.5708825588226318,0.39915895462036133,1
893,1788171828.5875666,-0.34770777859041213,-0.48386448987282304,0.006462618824472466,1.2781914271129817,2.8697436622028665,0.00013878396556780303,-2.009697739277975,-2.0088980833636683,-1.7886837164508265,-0.9148967901812952,1.5708585977554321,0.3991469740867615,1
894,1788171828.6280267,-0.34771766579355756,-0.4838626507611969,0.006473306991976346,1.2782479066635426,2.869731944043266,0.00012043955824667579,-2.00970966020693,-2.008886162434713,-1.7886717955218714,-0.9149087111102503,1.5708465576171875,0.3991709351539612,1
895,1788171828.6667385,-0.34770367825998055,-0.4838457280715657,0.006448823443849699,1.278185814521859,2.869731277075782,0.00027020691149511603,-2.00970966020693,-2.0089100042926233,-1.7886837164508265,-0.9149687925921839,1.5708705186843872,0.3991349935531616,1
896,1788171828.706687,-0.3476824753366623,-0.4838498563815764,0.006453121988623967,1.2781516917658078,2.8697464796937173,0.0002702098207460343,-2.0096738974200647,-2.008886162434713,-1.7887075583087366,-0.9149687925921839,1.5708705186843872,0.3991469740867615,1
897,1788171828.746009,-0.34771407268363086,-0.4838514379761207,0.006453335077932804,1.2782893004836566,2.869686229422831,0.00019532511936044461,-2.009721581135885,-2.0089100042926233,-1.7886837164508265,-0.9149211088763636,1.5708705186843872,0.3991949260234833,1
898,1788171828.7858899,-0.34771593577980897,-0.4838476315235987,0.006453336151789557,1.2782358977003652,2.8696575612555666,0.0001938198578596907,-2.0097458998309534,-2.0089100042926233,-1.7886837164508265,-0.9149211088763636,1.5709184408187866,0.3991469740867615,1
899,1788171828.8260446,-0.3477164264816609,-0.4838458315355795,0.006452207341228283,1.27830209569154,2.869667090296473,0.00021366895038039296,-2.0097339789019983,-2.0089100042926233,-1.7886837164508265,-0.9149330298053187,1.5708825588226318,0.3991949260234833,1
900,1788171828.8658667,-0.34772903677094785,-0.4838497924634969,0.0064696018208845185,1.278290158357744,2.8696868966955935,0.00011968863333361936,-2.0097458998309534,-2.008886162434713,-1.7886837164508265,-0.9148967901812952,1.5708705186843872,0.3991709351539612,1
901,1788171828.9068499,-0.3477446862473984,-0.48383739217857324,0.006455635870886878,1.2783167306538148,2.869700762797113,0.00015787926563867505,-2.0097697416888636,-2.0089100042926233,-1.7886837164508265,-0.9148967901812952,1.5708465576171875,0.39915895462036133,1
902,1788171828.9446237,-0.34773100810496066,-0.4838575504073184,0.006481418001596656,1.2782658022480304,2.869724491735219,8.299541774411433e-05,-2.0097339789019983,-2.008874241505758,-1.7886717955218714,-0.9148967901812952,1.5708465576171875,0.39915895462036133,1
903,1788171828.9827054,-0.34771312963348666,-0.48382593726014184,0.006624398016960575,1.278311459331984,2.869688111480799,0.00028855456446717813,-2.0097339789019983,-2.0086339155780237,-1.7885516325580042,-0.9153884092914026,1.5708585977554321,0.3991949260234833,1
904,1788171829.0223844,-0.34777233597280105,-0.4839255838965124,0.0077134349342175,1.2782929792540858,2.8696935115058513,-0.00045018690874748746,-2.0097578207599085,-2.00712234178652,-1.7875807921039026,-0.9174006620990198,1.5708705186843872,0.39915895462036133,1
905,1788171829.062153,-0.34774996696874344,-0.4838879686099689,0.009059398458937773,1.278262229922946,2.8697167217553283,-0.00019295947394314087,-2.0097458998309534,-2.0051191488849085,-1.786370102559225,-0.9207780996905726,1.5708585977554321,0.3991469740867615,1
906,1788171829.1021225,-0.34777452046990925,-0.4839308917814243,0.012031607321901006,1.2782835736904572,2.869764403371686,-0.0005269518427638454,-2.0097339789019983,-2.000836197529928,-1.7836602369891565,-0.9275572935687464,1.5708105564117432,0.39915895462036133,1
907,1788171829.143553,-0.3477981661110682,-0.48395776126191203,0.015312790107538776,1.2783164612958482,2.869700225342317,-0.0007516048475160785,-2.0097697416888636,-1.996157471333639,-1.7805798689471644,-0.9351742903338831,1.5708585977554321,0.39915895462036133,1
908,1788171829.1855679,-0.3477474741800658,-0.48385329251670867,0.01756059521129716,1.2782878191234819,2.869728132233601,6.390049406554043e-05,-2.0097578207599085,-1.9928939978228968,-1.7783859411822718,-0.9411504904376429,1.5708345174789429,0.3991469740867615,1
909,1788171829.22757,-0.34775379606623236,-0.48384036439053885,0.019185618311200137,1.2783692712692096,2.869680094619508,-3.9068680651163706e-05,-2.0097816626178187,-1.9905665556537073,-1.7768872419940394,-0.9449113051043909,1.5708465576171875,0.3991829454898834,1
910,1788171829.2673807,-0.34773826500419064,-0.4838137546704328,0.019982638344627435,1.278277628646699,2.8697057097717003,0.00010657800087480539,-2.0097816626178187,-1.9894149939166468,-1.7761319319354456,-0.9469111601458948,1.5708585977554321,0.39912301301956177,1
911,1788171829.3104873,-0.34769440021676035,-0.48375318730189665,0.019858930879132652,1.2783272753043564,2.869677811501981,0.0005206957834186136,-2.0097578207599085,-1.9895227591144007,-1.776275936757223,-0.9469230810748499,1.5708585977554321,0.3991829454898834,1
912,1788171829.3505394,-0.3477303948810549,-0.4837969933793509,0.0190824660063951,1.2782949847776277,2.8696984272908423,7.437805359229333e-05,-2.0097816626178187,-1.990638558064596,-1.777078930531637,-0.9447200934039515,1.5708585977554321,0.3991349935531616,1
913,1788171829.39018,-0.34772116079335513,-0.48378373052571244,0.01740978657306355,1.2781173638272247,2.869762260512346,0.00023350179272328485,-2.0097816626178187,-1.9930022398578089,-1.7786615530597132,-0.9408753553973597,1.5708705186843872,0.3990151584148407,1
914,1788171829.4307342,-0.34772442847313023,-0.48380711811400856,0.014924919260017377,1.2777727182797336,2.869915007114905,0.00028366121132221704,-2.0097697416888636,-1.9965890089618128,-1.7809394041644495,-0.935042683278219,1.5708705186843872,0.39878708124160767,1
915,1788171829.470735,-0.3477133661637351,-0.483777154091912,0.011698209250081193,1.2772086018906028,2.870176746977111,0.0004495122502452575,-2.0097697416888636,-2.001195732747213,-1.7839720884906214,-0.9275086561786097,1.5708585977554321,0.3983912169933319,1
916,1788171829.5109348,-0.3477383051468432,-0.48385310269917614,0.008554461587193474,1.276673119876314,2.8704099701092245,-0.00011626431168569387,-2.0097578207599085,-2.005802933369772,-1.7868970076190394,-0.9196165243731897,1.5708705186843872,0.3980313241481781,1
917,1788171829.5524147,-0.3477287013336374,-0.48380625725416515,0.005464780991280532,1.276096991855253,2.870646507507246,0.0003318702724247639,-2.0097816626178187,-2.0103376547442835,-1.7895825544940394,-0.9126818815814417,1.5708825588226318,0.397611141204834,1
918,1788171829.5935543,-0.3477580729129707,-0.4838494729563936,0.003409588326730495,1.2756667677195621,2.8708851157932465,-0.00022036159005744157,-2.0097816626178187,-2.0133732000934046,-1.7915127913104456,-0.9073637167560022,1.5708465576171875,0.3972991704940796,1
919,1788171829.63444,-0.3477573251868167,-0.4839036411386388,0.00202981740420366,1.2755080817248403,2.8709445278273233,-0.00036453351443214066,-2.0097458998309534,-2.015484635029928,-1.7926514784442347,-0.9040220419513147,1.5708585977554321,0.3972272574901581,1
920,1788171829.6740005,-0.34778945296253777,-0.48390983685036026,0.0014257868505588578,1.2755350920430557,2.8709596568321705,-0.0004176656265797382,-2.0097816626178187,-2.0164201895343226,-1.793131176625387,-0.9025724569903772,1.5708345174789429,0.3972032964229584,1
921,1788171829.7132058,-0.3478160044798622,-0.4839728519520067,0.001520971050439024,1.275514701312751,2.870960136891329,-0.0007378151355811181,-2.0097816626178187,-2.016348187123434,-1.792999569569723,-0.9025724569903772,1.5708465576171875,0.3971913158893585,1
922,1788171829.752566,-0.3477976803751848,-0.4839567267469061,0.0014799977533751785,1.2755089984725618,2.870947068141625,-0.0005689686612842722,-2.0097697416888636,-2.016395870839254,-1.793023411427633,-0.9026086966144007,1.5708585977554321,0.3972032964229584,1
923,1788171829.7941754,-0.34780024159766304,-0.4839685851311938,0.0014764805432470052,1.2754870546406916,2.870944035945191,-0.0005873302543583064,-2.0097697416888636,-2.0164201895343226,-1.792999569569723,-0.9025967756854456,1.5708705186843872,0.3971913158893585,1
924,1788171829.8335233,-0.34780485206654366,-0.48395266251019947,0.0014928367660108077,1.2755237211607846,2.870980181781301,-0.0005865154303735233,-2.0097697416888636,-2.016372028981344,-1.793023411427633,-0.9026206175433558,1.5708225965499878,0.3972032964229584,1
925,1788171829.8744407,-0.34778640431734187,-0.4839555476286403,0.0015065582010668488,1.2755037405767724,2.870935002638684,-0.00047500289760053115,-2.0097578207599085,-2.016360108052389,-1.7929757277118128,-0.9027522245990198,1.5708705186843872,0.3972152769565582,1
926,1788171829.9154356,-0.34780194446513873,-0.48392000834853083,0.0014770585332943287,1.2755691024908533,2.8709437362539787,-0.0003615023250835196,-2.0097935835467737,-2.016383949910299,-1.793011490498678,-0.9027641455279749,1.5708345174789429,0.3972152769565582,1
927,1788171829.9549348,-0.3477813055857664,-0.4839118231161293,0.001463256984528788,1.2755538646605518,2.8709092135771814,-0.0002308832054784296,-2.0097816626178187,-2.016395870839254,-1.793011490498678,-0.9028361479388636,1.5708705186843872,0.3972272574901581,1
928,1788171829.993143,-0.34776005646651326,-0.483847230048542,0.0014309743501325634,1.2756012617813954,2.870923170525317,7.133006840649493e-05,-2.0097816626178187,-2.016372028981344,-1.7930954138385218,-0.9029677549945276,1.5708345174789429,0.3972512185573578,1
929,1788171830.030696,-0.34776181978069115,-0.4838639201556679,0.0014360391163903974,1.2755573977713879,2.870917143512131,1.3627590229255777e-05,-2.0097816626178187,-2.016383949910299,-1.7930710951434534,-0.9029439131366175,1.5708585977554321,0.3972272574901581,1
930,1788171830.0707154,-0.34774329123589925,-0.4838765937506842,0.0014453740569497497,1.2754570117180206,2.8709224771852986,1.3198644311913997e-05,-2.0097578207599085,-2.016372028981344,-1.7930596510516565,-0.9029677549945276,1.570894479751587,0.3971913158893585,1
931,1788171830.1106176,-0.347740185570573,-0.48388771973378286,0.0014433815823030605,1.275446531214104,2.8709927433504316,1.4418475234213982e-05,-2.009721581135885,-2.016383949910299,-1.7930472532855433,-0.9029677549945276,1.5708345174789429,0.3972032964229584,1
932,1788171830.1531644,-0.3477464802049688,-0.4838605514825421,0.0014486124295598202,1.2754788621393307,2.8709255385773655,3.230967368498295e-05,-2.0097697416888636,-2.016348187123434,-1.7930834929095667,-0.9029796759234827,1.5708825588226318,0.3971913158893585,0
933,1788171830.1924717,-0.3477568415070472,-0.48386684005476954,0.0014391586003963397,1.27553788422971,2.870965460747638,-3.1634010685144303e-06,-2.0097578207599085,-2.016372028981344,-1.7930834929095667,-0.9029319922076624,1.5708225965499878,0.3972272574901581,0
934,1788171830.23232,-0.34774904245105087,-0.48384667003607174,0.001421735234756999,1.2755445646040249,2.870934370260903,0.0001270975688370564,-2.0097697416888636,-2.016383949910299,-1.7930954138385218,-0.9029915968524378,1.5708465576171875,0.3972272574901581,0
935,1788171830.272953,-0.347752516116466,-0.4838569764774613,0.001435774556688335,1.2755474663379076,2.8708947861638117,5.103205766602747e-05,-2.0097816626178187,-2.016372028981344,-1.7930834929095667,-0.9029677549945276,1.5708825588226318,0.3972272574901581,0
936,1788171830.3132548,-0.3477601323977528,-0.48385385911803713,0.0014555949270731172,1.2755278858676644,2.8709434166431413,1.477037831107904e-05,-2.0097816626178187,-2.016336266194479,-1.7930834929095667,-0.9029796759234827,1.5708465576171875,0.3972032964229584,0
937,1788171830.3530655,-0.34774197113625543,-0.4838573515403063,0.0014335184273135404,1.2755081174169827,2.870898681433135,8.808227865275895e-05,-2.0097697416888636,-2.016372028981344,-1.7930834929095667,-0.9029915968524378,1.570894479751587,0.3972152769565582,0
938,1788171830.3948004,-0.3477649131272281,-0.4838476109778142,0.0014572018608512427,1.2755619981525432,2.870927726186386,5.1463468027970524e-05,-2.0097935835467737,-2.016336266194479,-1.7930710951434534,-0.903015438710348,1.5708465576171875,0.3972152769565582,0
939,1788171830.4351027,-0.3477605009358368,-0.48384817665125035,0.0014379573489954056,1.2755497693536515,2.870946320883716,5.2607937144199305e-05,-2.0097816626178187,-2.016360108052389,-1.7930954138385218,-0.9029677549945276,1.5708345174789429,0.3972152769565582,0
940,1788171830.4757378,-0.3477562178127703,-0.4838455220820231,0.0014452272496705276,1.275579075995105,2.8709195826750586,8.965565711368899e-05,-2.0097816626178187,-2.016348187123434,-1.7930834929095667,-0.903015438710348,1.5708465576171875,0.39723923802375793,0
941,1788171830.5152853,-0.34776519133673656,-0.4838382414433294,0.0014426841913011412,1.2755913155606922,2.870901244156405,7.053792135055609e-05,-2.009805504475729,-2.016348187123434,-1.7930954138385218,-0.9029915968524378,1.5708585977554321,0.3972272574901581,0
942,1788171830.5554576,-0.3477490390604616,-0.4838566255145333,0.0014405004950207578,1.2755154442388748,2.8709612989232283,7.13296970063565e-05,-2.0097578207599085,-2.016360108052389,-1.7930834929095667,-0.9029915968524378,1.5708345174789429,0.3972152769565582,0
943,1788171830.595597,-0.3477565881803802,-0.4838463108675799,0.0014496669955862684,1.2754932458857362,2.8709582606930653,5.221133720967947e-05,-2.0097816626178187,-2.016336266194479,-1.7930954138385218,-0.9029915968524378,1.5708465576171875,0.3971793055534363,0
944,1788171830.6354587,-0.34775719791918835,-0.4838476094508201,0.001426534627131798,1.2755273817343304,2.870942276151709,0.00010837516206548266,-2.0097816626178187,-2.016383949910299,-1.7930834929095667,-0.9029915968524378,1.5708465576171875,0.3972032964229584,0
945,1788171830.6760406,-0.34775270004413805,-0.48383156280448164,0.0014319568204760325,1.2755149695250525,2.8709606889818318,0.00012749128325003934,-2.0097816626178187,-2.016348187123434,-1.793119255696432,-0.9030035177813929,1.5708345174789429,0.3971913158893585,0
946,1788171830.7175462,-0.34772253387581104,-0.4837802515149807,0.0016019521705152306,1.2755548575906215,2.870911390222057,0.00048389558101789366,-2.0097816626178187,-2.016048256550924,-1.7929757277118128,-0.9036744276629847,1.5708585977554321,0.3972272574901581,0
947,1788171830.7573278,-0.3476942396465644,-0.48371352489478703,0.002944719446018068,1.2755589634586908,2.870920629720336,0.0006273198185756239,-2.0097816626178187,-2.0139368216144007,-1.7919562498675745,-0.9068964163409632,1.5708465576171875,0.3972272574901581,0
948,1788171830.7990074,-0.347718218734628,-0.4837252743025785,0.004944319543796233,1.2755821528847693,2.8709269560691317,0.0003925805699043747,-2.009805504475729,-2.0109737555133265,-1.7902420202838343,-0.9114239851581019,1.5708345174789429,0.3972152769565582,0
949,1788171830.8396676,-0.34771099044347814,-0.48372921794969087,0.0076733746878291376,1.275583901483617,2.8708845131213443,0.0005464029969962436,-2.009805504475729,-2.0069902578936976,-1.78772479692568,-0.9180234114276331,1.5708705186843872,0.3972272574901581,0
950,1788171830.8806624,-0.34774287855385977,-0.4838106456097648,0.011015568207039722,1.2755676358189714,2.8709401909551353,-7.169943534002151e-05,-2.0097816626178187,-2.002167526875631,-1.7847273985492151,-0.9254491964923304,1.5708345174789429,0.3972272574901581,0
951,1788171830.9223711,-0.34773620312638714,-0.48383219580470144,0.014265009062204265,1.2755184940854054,2.870922050897761,-3.244221343724012e-05,-2.0097697416888636,-1.9975250403033655,-1.7816346327411097,-0.9332101980792444,1.5708705186843872,0.3972152769565582,0
952,1788171830.9625902,-0.3477370237306391,-0.4838239817642349,0.017442250796889158,1.2755471969990266,2.870894174632399,0.00010120365018338355,-2.0097816626178187,-1.993014160786764,-1.7785657087909144,-0.9408753553973597,1.5708825588226318,0.3972272574901581,0
953,1788171831.0013795,-0.347737156186914,-0.48382426385973076,0.020588449558628402,1.2755301924431068,2.8709022534076807,6.52590017114037e-05,-2.0097816626178187,-1.9885748068438929,-1.7755330244647425,-0.9483245054828089,1.5708825588226318,0.3972152769565582,0
954,1788171831.040632,-0.34774116059612287,-0.48380349308462944,0.023844010453554915,1.2755396188753332,2.870923699525605,0.0001057325752421502,-2.0097935835467737,-1.984016243611471,-1.7723434607135218,-0.9560979048358362,1.5708585977554321,0.3972032964229584,0
955,1788171831.0798798,-0.34776144722498714,-0.48385665934175476,0.027023295919237078,1.2755630890859875,2.870929962548128,-0.00013574535431838032,-2.0097816626178187,-1.9796975294696253,-1.7690947691546839,-0.9635112921344202,1.5708465576171875,0.3972272574901581,0
956,1788171831.120765,-0.34775500503921736,-0.483855809858206,0.03025366589253975,1.2755367593652536,2.870917063601751,-0.0002481070747924747,-2.0097816626178187,-1.9752700964557093,-1.765846077595846,-0.9711163679706019,1.5708705186843872,0.3972152769565582,0
957,1788171831.1612885,-0.34773385253959066,-0.48381431850351647,0.033406834866990726,1.2755098414615393,2.8709489103472934,0.00018775244768835336,-2.0097697416888636,-1.9710233847247522,-1.762477223073141,-0.97900897661318,1.5708465576171875,0.3972032964229584,0
958,1788171831.202129,-0.34773866463103653,-0.4838374383136139,0.03658272108704011,1.2754318754922198,2.8709589401216493,7.688385741793703e-05,-2.0097697416888636,-1.9668243567096155,-1.7590850035296839,-0.9865301291095179,1.5708705186843872,0.3971553444862366,0
959,1788171831.24047,-0.34778242126136866,-0.48392132155873047,0.03987154610341745,1.2755056594765897,2.870985641983089,-0.0004082894888779573,-2.0097578207599085,-1.9625895659076136,-1.755488697682516,-0.9940512816058558,1.5708225965499878,0.3972032964229584,0
960,1788171831.2799575,-0.34777567177848356,-0.48391269524753067,0.043042158543263986,1.2755444858282725,2.8708881191911675,-0.00029756416513918233,-2.0097816626178187,-1.9584863821612757,-1.7519634405719202,-1.001751724873678,1.570894479751587,0.3972272574901581,0
961,1788171831.3204672,-0.3477957326622738,-0.48392967829281464,0.046255852224213856,1.275582326483618,2.870926936102565,-0.0005184026430580783,-2.0097816626178187,-1.954371754323141,-1.7484033743487757,-1.009284798298971,1.5708465576171875,0.39723923802375793,0
962,1788171831.3609033,-0.34774766326930145,-0.48386663060529667,0.0494671719019143,1.2755068067780124,2.8709418716303987,-0.00014138097296117382,-2.0097578207599085,-1.9502328077899378,-1.7447946707354944,-1.0172727743731897,1.5708585977554321,0.3972152769565582,0
963,1788171831.3999553,-0.3477904969451728,-0.4839214336091217,0.05272012758090197,1.2755163147085482,2.8709176646365555,-0.0005734967006855485,-2.0097935835467737,-1.946225945149557,-1.741030518208639,-1.024769131337301,1.5708825588226318,0.3971913158893585,0
964,1788171831.4409502,-0.3477673680820026,-0.4839250318253553,0.055833677103784535,1.2754743794546508,2.870961379352349,-0.0004948325340772853,-2.0097458998309534,-1.9423864523517054,-1.7373626867877405,-1.0323260466205042,1.5708585977554321,0.3972032964229584,0
965,1788171831.4831872,-0.34775366087704246,-0.4838301145520925,0.05900387626168599,1.275540613171217,2.8709259516291397,-7.922981368863883e-05,-2.0097935835467737,-1.9384515921222132,-1.733621899281637,-1.0402663389789026,1.5708585977554321,0.3972032964229584,0
966,1788171831.5252004,-0.34777024416737484,-0.4838753944974225,0.06223716986559097,1.2755292834139664,2.8709465783532013,-0.00024582572773624206,-2.0097816626178187,-1.93463641801943,-1.7296422163592737,-1.0479548613177698,1.5708465576171875,0.3972032964229584,0
967,1788171831.5655441,-0.347787959076337,-0.4839195899468193,0.06543155403047715,1.2755600802931872,2.8709232196501713,-0.0004888423473920128,-2.0097816626178187,-1.9309056440936487,-1.7256863752948206,-1.0554869810687464,1.5708585977554321,0.3972272574901581,0
968,1788171831.607126,-0.34778377587549303,-0.48389424958310245,0.06861068092216371,1.2755761811474844,2.870913326289635,-0.00029863791829829286,-2.0097935835467737,-1.9271987120257776,-1.7216818968402308,-1.063319508229391,1.5708585977554321,0.3972272574901581,0
969,1788171831.6484647,-0.34781263042360094,-0.48395919870971427,0.07256009905112423,1.2755540653525481,2.8709560279727317,-0.0007523991679449118,-2.0097816626178187,-1.9227121512042444,-1.7166827360736292,-1.0725157896624964,1.5708345174789429,0.3972152769565582,0
970,1788171831.6883593,-0.3477644512592361,-0.4838823951554054,0.07565820062993472,1.2755144457460414,2.870913188348532,-0.0002058184572943884,-2.0097816626178187,-1.9191606680499476,-1.7126668135272425,-1.0804322401629847,1.5708825588226318,0.3972032964229584,0
971,1788171831.728797,-0.34777826456837424,-0.4838825123078176,0.07882885849708832,1.2755586722831842,2.870920262138839,-0.00024022914626423372,-2.0097935835467737,-1.9156459013568323,-1.7085073629962366,-1.0880840460406702,1.5708585977554321,0.3972152769565582,0
972,1788171831.769987,-0.3477793548564033,-0.48390766853692985,0.08212677022905879,1.2755037193792695,2.870935418651277,-0.0005027123758387952,-2.0097816626178187,-1.9120224157916468,-1.7041919867144983,-1.095856014882223,1.5708705186843872,0.3971913158893585,0
973,1788171831.8110383,-0.3477422253698342,-0.4838157218198025,0.08519550607198356,1.275543904478329,2.8709331084908376,0.00023343153031734641,-2.0097816626178187,-1.9086874167071741,-1.6999719778644007,-1.1038792769061487,1.5708465576171875,0.3972152769565582,0
974,1788171831.852419,-0.3477547883506594,-0.48383891884579655,0.08839884613151058,1.2755689862287516,2.870897097013329,0.0001405374453470203,-2.0097935835467737,-1.9053285757647913,-1.6955602804767054,-1.1115911642657679,1.5708705186843872,0.3972272574901581,0
975,1788171831.8920355,-0.3477586332761023,-0.48387996756472107,0.09168345086649399,1.2754844800783807,2.8709381967558083,-0.00010358277378671961,-2.0097697416888636,-1.9019210974322718,-1.691028896962301,-1.1193745771991175,1.5708705186843872,0.3971913158893585,0
976,1788171831.929564,-0.34776495151799997,-0.4838769932097212,0.0949167901592482,1.275519286342528,2.870924079684794,-0.00019643816607415023,-2.0097816626178187,-1.8985860983477991,-1.686533276234762,-1.127146069203512,1.5708705186843872,0.3972032964229584,0
977,1788171831.969658,-0.34777029804181514,-0.48388837989717787,0.09804258624839893,1.2755186694979381,2.8709226807567547,-8.111776346859415e-05,-2.0097816626178187,-1.8954909483539026,-1.6819899717914026,-1.1348579565631312,1.5708705186843872,0.3972032964229584,0
978,1788171832.0122454,-0.34776611684750175,-0.48383374533987494,0.10123181776740667,1.2755435900098195,2.870932860253573,0.0002596388192726174,-2.009805504475729,-1.8923118750201624,-1.6773627440081995,-1.1428807417498987,1.5708465576171875,0.3971913158893585,0
979,1788171832.0509796,-0.34776098547242484,-0.4838750139274958,0.10448077494107544,1.2754970686109113,2.8709204212015305,-0.00017212184053568366,-2.0097816626178187,-1.889108959828512,-1.6727474371539515,-1.1504247824298304,1.5708825588226318,0.3971913158893585,0
980,1788171832.0912771,-0.34778133979078074,-0.48389902523387873,0.10772603361936775,1.2755472757591904,2.870940735274074,-0.0003948445923012053,-2.0097816626178187,-1.8860138098346155,-1.667976204548971,-1.1581485907184046,1.5708465576171875,0.3972152769565582,0
981,1788171832.1337192,-0.3477669317695833,-0.4838519099689044,0.11082596147252657,1.2755441501289833,2.8709338957787516,0.000172025871228899,-2.0097935835467737,-1.8831465880023401,-1.6631816069232386,-1.1661713759051722,1.5708465576171875,0.3972032964229584,0
982,1788171832.1756191,-0.3477634400895689,-0.4838866449342469,0.11403698306008311,1.2754914923377243,2.8709078558155947,-3.472813795231286e-05,-2.0097816626178187,-1.880195442830221,-1.6583383719073694,-1.1738351027118128,1.570894479751587,0.3971913158893585,0
983,1788171832.2188697,-0.34777551631419723,-0.4838866227560803,0.11794448121648199,1.275494428864232,2.8709609370320957,-0.00016794727259548766,-2.0097816626178187,-1.8766444365130823,-1.6523922125445765,-1.1832464377032679,1.5708465576171875,0.3971793055534363,0
984,1788171832.2623446,-0.3477640160067175,-0.4838621301255369,0.12113070233432227,1.2755626513708256,2.8709289723278637,-5.412185117734934e-05,-2.0097816626178187,-1.873801056538717,-1.6474531332599085,-1.191101376210348,1.5708465576171875,0.3972272574901581,0
985,1788171832.3031528,-0.3477671444480746,-0.4838623255247263,0.1248800528507786,1.2755145322769557,2.8709597009999626,0.00020836604181057142,-2.0097816626178187,-1.870633904133932,-1.6413992086993616,-1.200489346181051,1.5708345174789429,0.3971913158893585,0
986,1788171832.3472278,-0.3477414378859391,-0.4838040835703947,0.1280487231555506,1.2755551365367759,2.870912253806189,0.0004164993316608947,-2.0097935835467737,-1.8678744474994105,-1.6364129225360315,-1.2083681265460413,1.5708585977554321,0.3972152769565582,0
987,1788171832.3899462,-0.34776693570677275,-0.4838748156694741,0.13128333915563659,1.2755574460299919,2.8709172528214424,4.641563186015098e-06,-2.0097816626178187,-1.8652475515948694,-1.631186310444967,-1.215959374104635,1.5708585977554321,0.3972272574901581,0
988,1788171832.4291842,-0.3477738440795218,-0.48385666830225904,0.1352331304899786,1.2755237614157484,2.870934723571994,-0.00016759420997934491,-2.009805504475729,-1.8619840780841272,-1.6248448530780237,-1.2254546324359339,1.5708585977554321,0.3971793055534363,0
989,1788171832.4721584,-0.3477281905804009,-0.48379870206411707,0.1383170265889975,1.2755154699970523,2.8709154251552156,0.0005119568331143858,-2.0097816626178187,-1.8595731894122522,-1.619593922291891,-1.2335494200335901,1.5708705186843872,0.3972032964229584,0
990,1788171832.5155597,-0.34775337138797235,-0.48384877150779504,0.1416181983618739,1.275508796694712,2.870900690716371,-7.06727683454097e-05,-2.0097935835467737,-1.8569935003863733,-1.6141999403582972,-1.241152588521139,1.570894479751587,0.3971913158893585,0
991,1788171832.5579312,-0.3477381302207158,-0.48380053284500973,0.14472738352378142,1.2755313898105842,2.870951291484812,0.00027126899184550505,-2.0097816626178187,-1.8546302954303187,-1.608901325856344,-1.249030892048971,1.5708345174789429,0.3972032964229584,0
992,1788171832.5996819,-0.34776281317749236,-0.4838395798302796,0.14866629896060296,1.2755365497868814,2.8709170523937133,-0.00024062139070085649,-2.009805504475729,-1.8517029921161097,-1.6022723356830042,-1.2582619825946253,1.5708705186843872,0.3971913158893585,0
993,1788171832.644201,-0.34773227230922915,-0.48381095286720044,0.15182478134749747,1.275509602734002,2.870948370281276,0.00023193385880522296,-2.0097697416888636,-1.8494833151446741,-1.5966618696795862,-1.2663925329791468,1.5708465576171875,0.3972032964229584,0
994,1788171832.6853569,-0.34774521990168544,-0.48383497002970227,0.1549939087720391,1.2755690802796147,2.8708970782506333,0.00013904121109749063,-2.0097816626178187,-1.8473122755633753,-1.5910638014422815,-1.2741029898272913,1.5708705186843872,0.39723923802375793,0
995,1788171832.7268672,-0.34777630796667325,-0.4838654109683381,0.15816250816237687,1.275550211928385,2.8709475522085746,-4.5491014181416805e-05,-2.0097935835467737,-1.8452008406268519,-1.5854175726519983,-1.2817423979388636,1.5708345174789429,0.3972032964229584,0
996,1788171832.769058,-0.34774117699936713,-0.4838363856171121,0.16197818810541603,1.275487401219421,2.8709447430166426,0.0002532535929581009,-2.0097697416888636,-1.8426697889911097,-1.5785368124591272,-1.291344944630758,1.5708585977554321,0.3971913158893585,0
997,1788171832.8123748,-0.3477346537734371,-0.4838124669517513,0.1651675952913248,1.2754655357410822,2.8709422241065834,0.00019744577329147242,-2.0097816626178187,-1.8405583540545862,-1.5728428999530237,-1.299115006123678,1.5708705186843872,0.3971673250198364,0
998,1788171832.8533266,-0.347765864070454,-0.4838660659921741,0.16851141641078735,1.2755128216254414,2.8709558841298417,-0.00038361282604798747,-2.0097816626178187,-1.8384469191180628,-1.5668371359454554,-1.306861702595846,1.5708465576171875,0.3971913158893585,0
999,1788171832.8945866,-0.3477602045307241,-0.48386688333850425,0.17227705047335662,1.2755018928878925,2.8709312761951082,-0.00015974598219903476,-2.0097816626178187,-1.8362396399127405,-1.5597289244281214,-1.3163202444659632,1.5708705186843872,0.3971913158893585,0
1000,1788171832.9362867,-0.34776479089218176,-0.48387024775740156,0.17548587180041922,1.2755411155756882,2.870926857798796,-0.00015710767463577481,-2.0097816626178187,-1.8343804518329065,-1.5536873976336878,-1.3242223898517054,1.5708585977554321,0.3972152769565582,0
1001,1788171832.977858,-0.34773202291146005,-0.4837904359090017,0.1786747243759502,1.2755169609091723,2.8709190380919827,0.00022066027907116558,-2.0097935835467737,-1.8324969450580042,-1.5476821104632776,-1.3323519865619105,1.5708705186843872,0.3971913158893585,0
1002,1788171833.0193133,-0.34777200290509835,-0.4838420641231942,0.18182330244561296,1.2755877711273018,2.8708916636203643,-5.940299496003597e-05,-2.009817902241842,-1.830841366444723,-1.5416043440448206,-1.3399069944964808,1.5708705186843872,0.3972152769565582,0
1003,1788171833.059459,-0.347785275933526,-0.48385099297505757,0.18508281732789847,1.275671979862342,2.8708958043392876,-0.00020798879447330321,-2.009817902241842,-1.829101864491598,-1.535334889088766,-1.3478205839740198,1.5708345174789429,0.39726319909095764,0
1004,1788171833.0971677,-0.3477714458827947,-0.48383222401234993,0.18839551419512887,1.2755394979971906,2.8709701427112164,-0.00037534143281469127,-2.009805504475729,-1.8273022810565394,-1.529017750416891,-1.355830494557516,1.5708225965499878,0.3971793055534363,0
1005,1788171833.1398938,-0.347745697784149,-0.483826026072849,0.19157353043818492,1.2755320649348143,2.8709067374045634,-0.0003009208487615043,-2.0097935835467737,-1.8257182280169886,-1.5227482954608362,-1.363732639943258,1.5708825588226318,0.3972032964229584,0
1006,1788171833.183379,-0.34773963537163144,-0.483855935813726,0.19467434792487512,1.2754329658428045,2.8709611809693203,-0.00011032296784513572,-2.0097578207599085,-1.8243511358844202,-1.5163949171649378,-1.3715742270099085,1.5708705186843872,0.3971673250198364,0
1007,1788171833.2248147,-0.34775021652022714,-0.483822779138363,0.19841544917148615,1.2755392756847805,2.870922922207328,0.0001693835343539512,-2.0097935835467737,-1.8226831595050257,-1.508758846913473,-1.3810561339007776,1.5708585977554321,0.3972032964229584,0
1008,1788171833.2672844,-0.347746961853387,-0.4838193418713579,0.20169106421721875,1.2755319166766104,2.870952481922892,0.00017391978391093326,-2.0097816626178187,-1.8212440649615687,-1.502094570790426,-1.3891618887530726,1.5708345174789429,0.3972032964229584,0
1009,1788171833.3102953,-0.34773011482668026,-0.4838192288344579,0.2049380529145254,1.2754142539191196,2.8709656192172557,0.0001555104891852944,-2.0097697416888636,-1.819864575062887,-1.495441738759176,-1.3971832434283655,1.5708705186843872,0.3971433639526367,0
1010,1788171833.3517094,-0.34776985885330947,-0.4838352472543525,0.20874147502943227,1.2755668522358057,2.870938883166781,4.2123064302376435e-05,-2.009805504475729,-1.8184006849872034,-1.4874823729144495,-1.4065335432635706,1.5708345174789429,0.3972032964229584,0
1011,1788171833.3941295,-0.3477526846780783,-0.48379867304497,0.21194408429855008,1.2755485248007292,2.870943971549025,0.00025104914711861795,-2.009805504475729,-1.8171651999102991,-1.480746094380514,-1.4146383444415491,1.5708345174789429,0.3971913158893585,0
1012,1788171833.437114,-0.3477436027006851,-0.4838121877534361,0.21519503367963377,1.275549708817104,2.8709461841001445,6.384054955392041e-05,-2.0097816626178187,-1.815953556691305,-1.4739249388324183,-1.4225519339190882,1.5708345174789429,0.3972152769565582,0
1013,1788171833.4797206,-0.3477557291161292,-0.48383161050305507,0.21911177764436257,1.2755557645119595,2.8709598222340476,-0.00016191927505739573,-2.0097816626178187,-1.8146103064166468,-1.4655702749835413,-1.432105843220846,1.5708225965499878,0.3972152769565582,0
1014,1788171833.5232325,-0.3477530874326074,-0.4838453224453074,0.22227513551802636,1.275506844976911,2.8709424217780826,-0.00018032274694022206,-2.0097816626178187,-1.8136261145221155,-1.4586780706988733,-1.4399712721454065,1.5708585977554321,0.3971913158893585,0
1015,1788171833.5657334,-0.34777247929072,-0.48384729477023297,0.22544058640806625,1.275580236635133,2.870922671410588,-0.0001582119037185189,-2.009805504475729,-1.8127148787127894,-1.4516895453082483,-1.4478848616229456,1.5708465576171875,0.3972152769565582,0
1016,1788171833.6099179,-0.3477577468073966,-0.4838388161569054,0.22920794346465623,1.27553891983039,2.8709221162138285,0.00023528095903327574,-2.0097935835467737,-1.8117550055133265,-1.4431670347796839,-1.4576180616961878,1.5708585977554321,0.3972032964229584,0
1017,1788171833.6523647,-0.34777798261032,-0.4838854079066954,0.23244839387963845,1.2755339035709956,2.8709569713683254,-0.00019525911802111267,-2.0097816626178187,-1.8108914534198206,-1.4360106627093714,-1.4653633276568812,1.5708345174789429,0.3972032964229584,0
1018,1788171833.6961923,-0.34776820758855076,-0.48385753478012195,0.2356476183188107,1.2756157870459166,2.870863622438287,0.0001064454669435586,-2.009805504475729,-1.8101595083819788,-1.4286869207965296,-1.473612133656637,1.5708825588226318,0.3972512185573578,0
1019,1788171833.7365456,-0.34775035528639336,-0.48380243156268465,0.2395053960452032,1.275563686600524,2.8708837654348143,0.0003116203075022274,-2.009817902241842,-1.8092477957354944,-1.419924561177389,-1.4834168593036097,1.5708825588226318,0.3972032964229584,0
1020,1788171833.7811043,-0.3477509743137145,-0.4838472253709109,0.24271139909524792,1.2755177571175311,2.8709206116429438,8.886730616680837e-05,-2.0097816626178187,-1.8086236158954065,-1.4125412146197718,-1.4912822882281702,1.5708705186843872,0.3972032964229584,0
1021,1788171833.8222256,-0.34776177183122536,-0.48387378098823847,0.2466490176868432,1.2755294962121686,2.870946828202993,-0.00026978773264661884,-2.0097697416888636,-1.8078678289996546,-1.4034789244281214,-1.500871483479635,1.5708465576171875,0.3972152769565582,0
1022,1788171833.863052,-0.3477666294523384,-0.4838641364175581,0.24967670007644718,1.2755542668738882,2.870910357767321,-0.0003222423746612996,-2.0097935835467737,-1.807364288960592,-1.3963831106769007,-1.5084379355060022,1.5708705186843872,0.3972152769565582,0
1023,1788171833.9064147,-0.3477329822881991,-0.4838089070858964,0.2523962990726205,1.2754830889958513,2.8709353900297243,0.00013154930819756248,-2.0097816626178187,-1.8069799582110804,-1.3898499647723597,-1.515644375477926,1.5708705186843872,0.3971793055534363,0
1024,1788171833.9470458,-0.3477273889703343,-0.4837969947896737,0.25419369883993115,1.275497729738181,2.8709218351895864,0.0006115503568995621,-2.0097816626178187,-1.8068841139422815,-1.3853076140033167,-1.520588223134176,1.5708705186843872,0.3971913158893585,0
1025,1788171833.9909408,-0.347774714369453,-0.48385205459043695,0.2553488459994512,1.275577629034173,2.870916772607505,0.00032553745593947556,-2.009805504475729,-1.806824032460348,-1.3824785391436976,-1.523294750844137,1.5708465576171875,0.3972152769565582,0
1026,1788171834.0343258,-0.34774370586203446,-0.4838288365106033,0.25564661066897987,1.2755125597999788,2.870955012886246,0.0005872793832254584,-2.0097697416888636,-1.8067882696734827,-1.3817232290851038,-1.5242522398578089,1.5708345174789429,0.3972032964229584,0
1027,1788171834.0776045,-0.34774091490890435,-0.483800060121913,0.2556290390317346,1.275482867798357,2.870981236012508,0.0005876713699897752,-2.0097816626178187,-1.8067281881915491,-1.381843392048971,-1.5241921583758753,1.5708225965499878,0.3971673250198364,0
1028,1788171834.1156027,-0.34749266655926064,-0.4837367503102444,0.25569769757510563,1.2758312787867268,2.8707896723652118,0.0004165453169727935,-2.0094578901873987,-1.8061884085284632,-1.3823707739459437,-1.5240963141070765,1.5708585977554321,0.3977433145046234,0
1029,1788171834.1569076,-0.3467959881648471,-0.48377716385109826,0.2558003347211622,1.2759688368039859,2.8707221928672784,-5.472581484169462e-05,-2.008355442677633,-1.8051088492022913,-1.3835333029376429,-1.5237134138690394,1.5708705186843872,0.3989432454109192,0
1030,1788171834.200364,-0.34564183419602085,-0.4836243464934151,0.2558539740362567,1.2759386499681822,2.8707390157762496,-0.0003383590411846702,-2.0066774527179163,-1.8030694166766565,-1.3859909216510218,-1.5231145063983362,1.5708705186843872,0.40059933066368103,0
1031,1788171834.2442923,-0.34421143077540434,-0.4834088743787926,0.2558674335226023,1.2760058720079415,2.870695478924619,-0.0003391692090983253,-2.004615608845846,-1.800622288380758,-1.3890116850482386,-1.5225403944598597,1.5708825588226318,0.40271154046058655,0
1032,1788171834.2865674,-0.34253841261416773,-0.4831750208718777,0.2558226293963577,1.275580758821623,2.8709338701794938,-5.926804308246653e-05,-2.0021584669696253,-1.79789907137026,-1.392475430165426,-1.5219772497760218,1.5708345174789429,0.404859721660614,0
1033,1788171834.3282223,-0.34064683689562353,-0.48280079988669544,0.2558331189617693,1.2757364154808302,2.8708511660924567,-2.485194188465392e-05,-1.9994743506061,-1.7945159117328089,-1.396646801625387,-1.5212109724627894,1.5708465576171875,0.4076557755470276,0
1034,1788171834.3709414,-0.3389813388645823,-0.4824722924210832,0.2556920311584351,1.275597141792171,2.870896800033205,0.0005002068745246542,-1.997101132069723,-1.7917330900775355,-1.400374714528219,-1.5206001440631312,1.5708585977554321,0.40993615984916687,0
1035,1788171834.41552,-0.33735862347032997,-0.48219556857269663,0.2557738963874518,1.2753831434090255,2.8710079109781677,8.466513731072236e-06,-1.994739834462301,-1.7887457052813929,-1.4039343039142054,-1.519714657460348,1.5708465576171875,0.4121442437171936,0
1036,1788171834.457208,-0.3354596151729024,-0.48182105230742955,0.2557786667450732,1.2752671735660088,2.871059693796334,-0.00010516869263013451,-1.992007080708639,-1.7853272596942347,-1.4081538359271448,-1.5188410917865198,1.5708465576171875,0.4147961437702179,0
1037,1788171834.5000634,-0.3338339093248219,-0.4814840670942647,0.255673280205277,1.2755463439536352,2.8709352500766423,0.00032420095696770947,-1.9896696249591272,-1.7825678030597132,-1.4117496649371546,-1.518277947102682,1.5708465576171875,0.4173281788825989,0
1038,1788171834.5394728,-0.33223936982391905,-0.48112634999665177,0.25567715691937454,1.2757529482040613,2.8708308195397954,0.00034089276546031707,-1.9873922506915491,-1.7796648184405726,-1.415297810231344,-1.5176432768451136,1.5708585977554321,0.41975274682044983,0
1039,1788171834.5812497,-0.3306286954331823,-0.48087632188000906,0.255748265993077,1.2758656485634758,2.8707941774298678,0.00022570861605283955,-1.984995190297262,-1.776905361806051,-1.4185102621661585,-1.5171168486224573,1.5708465576171875,0.42222484946250916,0
1040,1788171834.6243706,-0.3290095555604545,-0.4807530827366905,0.25583635166653507,1.2755836163096435,2.870892231117871,-9.592721181479845e-05,-1.9825018087970179,-1.7743261496173304,-1.421483341847555,-1.5165179411517542,1.5708705186843872,0.4245288074016571,0
1041,1788171834.6687796,-0.3282717343246417,-0.48070759703330745,0.25567553304343754,1.2756731802812937,2.870855110410223,0.00043074081304027,-1.9813512007342737,-1.7734268347369593,-1.4229090849505823,-1.5163267294513147,1.5708705186843872,0.4257411062717438,0
1042,1788171834.7120378,-0.3282601346741855,-0.4806672430046597,0.25569521297986136,1.2758554451746598,2.870800254589105,0.000411738338765137,-1.9813512007342737,-1.7733190695392054,-1.422993008290426,-1.5163386503802698,1.5708465576171875,0.42586132884025574,0
1043,1788171834.7546287,-0.3282697076942788,-0.4806926067982498,0.2556966659966131,1.2758134771587792,2.8708447347705017,0.00033655452120343515,-1.9813392798053187,-1.7733548323260706,-1.4229572455035608,-1.5162909666644495,1.5708225965499878,0.42583733797073364,0
1044,1788171834.7982483,-0.3282650397127887,-0.4806887017222383,0.2556944106825957,1.2758775438999057,2.8708034186994205,0.00037414700387117066,-1.9813392798053187,-1.7733548323260706,-1.4229572455035608,-1.5163148085223597,1.5708345174789429,0.42588528990745544,0
1045,1788171834.8391607,-0.32827331455846176,-0.4806797609463592,0.25569655769715594,1.275838693083699,2.870807403071404,0.0003555633683565768,-1.981363598500387,-1.7733429113971155,-1.422969166432516,-1.5163028875934046,1.5708465576171875,0.42583733797073364,0
1046,1788171834.8798862,-0.3282622737065976,-0.4806961216938352,0.25566929420103895,1.2757646505831057,2.8708275208470435,0.0004306042538259513,-1.9813392798053187,-1.7733905951129358,-1.422969166432516,-1.5163028875934046,1.5708585977554321,0.42581337690353394,0
1047,1788171834.9224875,-0.32807895541403786,-0.48064575850608166,0.25568390568807886,1.275717923867742,2.8708616298619867,0.00044845559323318203,-1.9810755888568323,-1.7730429808246058,-1.4233525435077112,-1.5162785688983362,1.5708465576171875,0.4260410666465759,0
1048,1788171834.9638944,-0.3271188685609467,-0.4806699491249744,0.25569449626275675,1.2752718105183203,2.8710584690955256,0.00016619901998308093,-1.9795172850238245,-1.7716873327838343,-1.4250190893756312,-1.5157879034625452,1.5708465576171875,0.4272889494895935,0
1049,1788171835.0063922,-0.3256562845862772,-0.48056778495766467,0.255778416648168,1.274994383323174,2.8711657307459726,-0.00021238492051389284,-1.9772399107562464,-1.7693594137774866,-1.4276922384845179,-1.5152013937579554,1.5708585977554321,0.4293771982192993,0
1050,1788171835.0477839,-0.3237710017421044,-0.48017476028049255,0.2557786450552074,1.2750958360593938,2.871146771377733,-0.00019616739914655922,-1.974459473286764,-1.7660248915301722,-1.4317315260516565,-1.5145071188556116,1.5708345174789429,0.43222156167030334,0
1051,1788171835.0913923,-0.3221113904689502,-0.47983327369506046,0.2558477439867743,1.2751558590614318,2.8711325625763897,-0.0002180439068494189,-1.9720023314105433,-1.763085667287008,-1.4351118246661585,-1.5140522162066858,1.5708225965499878,0.4347172975540161,0
1052,1788171835.1305716,-0.3205315572638092,-0.47951377630733283,0.25571714301396326,1.275446018489995,2.87098361728876,0.0002710500508681113,-1.9696648756610315,-1.7605069319354456,-1.4384802023517054,-1.51357347169985,1.5708465576171875,0.43726205825805664,0
1053,1788171835.1708462,-0.31895291356288924,-0.4791522799537966,0.2557164649903403,1.275586894578935,2.87091861860755,8.02729599531554e-05,-1.967339817677633,-1.7576034704791468,-1.4420045057879847,-1.5128310362445276,1.5708465576171875,0.4396858811378479,0
1054,1788171835.2146854,-0.3173292830202192,-0.4787553371934859,0.25579550491237096,1.2756297672645038,2.8708661933555404,-0.00035443146288696676,-1.964966122304098,-1.7544844786273401,-1.4456122557269495,-1.5120647589312952,1.5708705186843872,0.44209808111190796,0
1055,1788171835.2572045,-0.3153988249905989,-0.47817939738079773,0.25582821098244846,1.2756739599724798,2.8708602693508074,-0.00028195623500927705,-1.9621856848346155,-1.7507780233966272,-1.449951473866598,-1.5114782492267054,1.5708585977554321,0.44490575790405273,0
1056,1788171835.2998521,-0.31376936196656496,-0.47766507543621023,0.25579633372818433,1.2755568882195778,2.870954970515225,-9.843274026065874e-05,-1.9598363081561487,-1.7476466337787073,-1.4537389914142054,-1.510939900075094,1.5708225965499878,0.44716253876686096,0
1057,1788171835.3434198,-0.312165373499243,-0.4770921691186744,0.2557348677455933,1.2753290545069755,2.871036733310705,0.0002202620532030668,-1.9575827757464808,-1.7444918791400355,-1.4575989882098597,-1.5104368368731897,1.5708465576171875,0.4492623805999756,0
1058,1788171835.3846943,-0.31024576682022154,-0.4763684968465701,0.25572846201216515,1.2750258960228797,2.871176097192134,0.00040459786911366843,-1.954886261616842,-1.7405689398394983,-1.4622376600848597,-1.5098384062396448,1.5708465576171875,0.45174649357795715,0
1059,1788171835.4278293,-0.3086019617875235,-0.47581647306620484,0.25587960944107735,1.2732640650329277,2.8719339375402053,-4.897320338498334e-05,-1.9525249640094202,-1.7371261755572718,-1.4659894148456019,-1.5092399756061,1.5708585977554321,0.4528868794441223,0
1060,1788171835.469835,-0.3070293187643893,-0.4752401168001385,0.25590164014207273,1.2709601947518843,2.872960444013909,0.00019367993045608126,-1.9502833525287073,-1.7339838186847132,-1.469597641621725,-1.5089286009417933,1.5708585977554321,0.45352277159690857,0
1061,1788171835.5135,-0.30510446445599865,-0.474508905748396,0.25610831452124005,1.2661756998054188,2.8750864644196508,0.00022673882770146554,-1.947538201008932,-1.7299769560443323,-1.473769489918844,-1.5087850729571741,1.5708465576171875,0.45293480157852173,0
1062,1788171835.5550878,-0.3034862757603808,-0.4738937416101586,0.25633054760989527,1.2610120329374324,2.8773810935373145,0.00022083352165643455,-1.9452131430255335,-1.7265937964068812,-1.477161709462301,-1.508773152028219,1.5708225965499878,0.4516626000404358,0
1063,1788171835.5978854,-0.3019583886155313,-0.4732083311206842,0.25669725233084717,1.2554291732675227,2.879801631775979,-2.8414427094060346e-05,-1.9430912176715296,-1.723090950642721,-1.4803498427020472,-1.5089286009417933,1.5708345174789429,0.4499106705188751,0
1064,1788171835.642054,-0.30009108588984573,-0.47244013408831786,0.257190358353932,1.2466552503146882,2.8835782527737654,-0.0002597518135137326,-1.9404423872577112,-1.718975845967428,-1.4839099089251917,-1.5093353430377405,1.5708585977554321,0.44647830724716187,0
1065,1788171835.684142,-0.29852991096339065,-0.47159997408861254,0.2576453798196497,1.238061798087097,2.8872992657795393,3.658716258430258e-05,-1.9383328596698206,-1.7152937094317835,-1.486966911946432,-1.5101497809039515,1.5708465576171875,0.44262611865997314,0
1066,1788171835.7263258,-0.2966981874461217,-0.47060807094119067,0.2583790391974418,1.2256895165391344,2.8925403449993103,-0.0002339203410093769,-1.9358633200274866,-1.7107351461993616,-1.4903948942767542,-1.5111072699176233,1.5708705186843872,0.43654149770736694,0
1067,1788171835.7689035,-0.29514332813785127,-0.4697721344459068,0.25900839212626525,1.2141434072912514,2.89740770967796,-0.00016453683813444055,-1.9337423483477991,-1.7069805304156702,-1.4930923620807093,-1.5122087637530726,1.5708705186843872,0.4306853413581848,0
1068,1788171835.8136117,-0.2937510994314263,-0.46862091551348056,0.2597537342684175,1.2027161839360259,2.902225380294952,-6.987547518355964e-06,-1.9320758024798792,-1.7028058210956019,-1.4959448019610804,-1.5136330763446253,1.5708225965499878,0.424456924200058,0
1069,1788171835.8552072,-0.29206580825867046,-0.4672355929775915,0.2605902039377329,1.1884341501100644,2.9080787669436496,8.007074694776731e-05,-1.9300740400897425,-1.6977556387530726,-1.4995535055743616,-1.5151293913470667,1.5708465576171875,0.41663235425949097,0
1070,1788171835.8987799,-0.290692271276268,-0.4661005607854268,0.26123146767042527,1.1765754205473251,2.9128852952433353,0.0001664855445602631,-1.9284322897540491,-1.6936410109149378,-1.5025737921344202,-1.5162785688983362,1.5708585977554321,0.4101279079914093,0
1071,1788171835.9422894,-0.28936486683041956,-0.46492279386960195,0.2619574874166218,1.1651985087474042,2.917479787365211,0.00012043554789202608,-1.926873509083883,-1.6894424597369593,-1.5054743925677698,-1.517547909413473,1.5708345174789429,0.4038754999637604,0
1072,1788171835.9808547,-0.2877825330546538,-0.4634993642755197,0.262852058106396,1.1510762712854652,2.923074412925155,-0.0002833609054634252,-1.9250276724444788,-1.684284512196676,-1.5090587774859827,-1.5188644568072718,1.5708345174789429,0.39605093002319336,0
1073,1788171836.0237186,-0.28645423124545893,-0.46227751192631145,0.2635395139827442,1.1392482219304687,2.9276524788051748,-0.0003645086818839838,-1.9235056082354944,-1.6800020376788538,-1.5121153036700647,-1.5200379530536097,1.5708825588226318,0.3894985616207123,0
1074,1788171836.066138,-0.28514193927453924,-0.4609900833805975,0.26424904261906,1.1277583269630167,2.932114188624522,-8.956213983492071e-05,-1.922018829976217,-1.6757195631610315,-1.515040699635641,-1.5215705076800745,1.5708705186843872,0.3831382989883423,0
1075,1788171836.1064246,-0.2839453879930123,-0.4596921418188042,0.26493901042501894,1.1160110921760007,2.9366428839239918,-0.00022993448518851618,-1.9207242170916956,-1.6714251677142542,-1.5180733839618128,-1.5227435270892542,1.5708345174789429,0.37641778588294983,0
1076,1788171836.1512427,-0.2827782407841021,-0.45830882200025264,0.26566520609902433,1.1037350921130382,2.9412662343251377,-0.00025614172384033374,-1.9195497671710413,-1.667034927998678,-1.5210822264300745,-1.5241082350360315,1.5708465576171875,0.3692410886287689,0
1077,1788171836.190581,-0.2813778144946273,-0.45663923151624974,0.2664754466979927,1.0898491681974147,2.946426956172241,-0.0003596365488405475,-1.9181354681598108,-1.6617324987994593,-1.5248702208148401,-1.5255568663226526,1.5708585977554321,0.36122438311576843,0
1078,1788171836.2306654,-0.2801962112292926,-0.4553190414477424,0.2671586929027318,1.0780282518781137,2.9507602462989984,-0.0004242441865511243,-1.9168766180621546,-1.657450024281637,-1.5278309027301233,-1.5268376509295862,1.5708705186843872,0.3544679284095764,0
1079,1788171836.2734234,-0.2789778913291967,-0.4538750914905345,0.26785211491056615,1.0660180299070745,2.9551217934000893,0.00018885242557952086,-1.9156182448016565,-1.653095547352926,-1.530720059071676,-1.5286935011493128,1.5708705186843872,0.3475915789604187,0
1080,1788171836.3168995,-0.27787293975845667,-0.45239582983898585,0.2687270707092886,1.054586770643531,2.95925858076814,-2.8603818819297536e-05,-1.9145634810077112,-1.648513142262594,-1.5335004965411585,-1.5303571859942835,1.5708345174789429,0.3409070074558258,0
1081,1788171836.3598404,-0.276800874677637,-0.45089929494979814,0.2694515021971246,1.042918652310166,2.9633516178920294,0.00034022052046736416,-1.9136040846454065,-1.6441591421710413,-1.5363057295428675,-1.5321410338031214,1.5708705186843872,0.3339943587779999,0
1082,1788171836.4033005,-0.2755319101563033,-0.4491561007299566,0.2703937513620521,1.0285451616923234,2.968383863651964,0.00016093355321649202,-1.912417236958639,-1.6388452688800257,-1.5396502653705042,-1.5339964071856897,1.5708585977554321,0.3254859447479248,0
1083,1788171836.4444463,-0.27443816339339333,-0.44771300325440877,0.2712468398205897,1.0168297194350162,2.972392812655859,1.9430909039962918e-05,-1.9113629500018519,-1.634394947682516,-1.5422633329974573,-1.5357440153705042,1.5708825588226318,0.31865718960762024,0
1084,1788171836.485351,-0.27335853668161264,-0.4463202807988925,0.27207936389494547,1.0046405882739962,2.976534768493539,1.078312957686236e-05,-1.9102838675128382,-1.6301124731646937,-1.544708553944723,-1.5375760237323206,1.5708825588226318,0.311540424823761,0
1085,1788171836.5279243,-0.2721377063517549,-0.44456354533656284,0.27312975736415457,0.9904088422420909,2.9813419965710164,-0.00029950352497406705,-1.9091571013080042,-1.624786678944723,-1.547729794179098,-1.539682690297262,1.5708465576171875,0.30310389399528503,0
1086,1788171836.5686998,-0.27112940891558407,-0.4430369369576016,0.2738857434317645,0.9790240560457006,2.985092619738193,0.00027464431971644526,-1.9082821051227015,-1.6205280462848108,-1.550211254750387,-1.5418255964862269,1.5708465576171875,0.29634779691696167,0
1087,1788171836.6106465,-0.27010443738073353,-0.4415550052803739,0.27497020676494976,0.9668416707466476,2.9890755190789196,9.58656727306406e-05,-1.90733510652651,-1.616065804158346,-1.5521648565875452,-1.544220272694723,1.5708345174789429,0.2891351580619812,0
1088,1788171836.6505764,-0.26905190014258024,-0.44003603229018035,0.2761823963216926,0.9549869792243536,2.992850017732692,-0.0001244615831449046,-1.9063757101642054,-1.611483399068014,-1.5539029280291956,-1.5469253698932093,1.5708705186843872,0.2821741998195648,0
1089,1788171836.6932356,-0.26809268391539093,-0.43868526490920184,0.27735947409682704,0.9430959555412038,2.996628276024355,1.649984752908865e-05,-1.9054530302630823,-1.6074889341937464,-1.5550416151629847,-1.54987079301943,1.5708585977554321,0.2751536965370178,0
1090,1788171836.734384,-0.26764352189352936,-0.43801549356144515,0.2785340193594368,0.9307902969796379,3.000473911680801,-1.0064133108216634e-05,-1.9050458113299769,-1.6054862181292933,-1.5541308561908167,-1.552767578755514,1.5708585977554321,0.2673530876636505,0
1091,1788171836.7772214,-0.2676152549524449,-0.43795451686270614,0.2797587120866528,0.9167226364460695,3.004815698061343,0.0004347583262385003,-1.9050214926349085,-1.6054261366473597,-1.551002327595846,-1.5562389532672327,1.5708345174789429,0.25800463557243347,0
1092,1788171836.8198402,-0.2676273157739692,-0.43796882768272877,0.280910058910377,0.904755454458246,3.0084182766956924,0.0002951595074402619,-1.9050458113299769,-1.6053903738604944,-1.5481250921832483,-1.5590642134295862,1.5708585977554321,0.25002390146255493,0
1093,1788171836.8631768,-0.2676147701143119,-0.43802300973872327,0.2822828043349554,0.8902431727165006,3.0127236180076475,0.0001357484293707835,-1.9049976507769983,-1.6054022947894495,-1.5446370283709925,-1.5624402205096644,1.5708825588226318,0.24043501913547516,0
1094,1788171836.903763,-0.267637391900542,-0.43800841809518026,0.2834094649395781,0.8784765274317168,3.0162091455883284,0.0002442826897866728,-1.9050334135638636,-1.6054142157184046,-1.5417359511004847,-1.565397087727682,1.5708465576171875,0.23258647322654724,0
1095,1788171836.9431221,-0.26765150320999326,-0.43805515064843803,0.2845941490982515,0.8659931415232917,3.0197928051514737,-0.00014061761754579087,-1.9050458113299769,-1.6053903738604944,-1.5387991110431116,-1.5681145826922815,1.5708825588226318,0.22430574893951416,0
1096,1788171836.9835312,-0.26762077461315587,-0.4380319225113411,0.28569057163044786,0.8538992220958546,3.0232332654208327,0.00022935248271550355,-1.9049976507769983,-1.6054261366473597,-1.5359099547015589,-1.5712035338031214,1.5708705186843872,0.21634897589683533,0
1097,1788171837.0222278,-0.2676407421049855,-0.43799073142054457,0.28686445342114597,0.8418386370897607,3.0266490883532797,0.0002652760946507565,-1.9050458113299769,-1.6053784529315394,-1.532961670552389,-1.5742204825030726,1.5708345174789429,0.20832066237926483,0
1098,1788171837.0604498,-0.26763052822602185,-0.4379696991677659,0.28802557279495833,0.8297683498676338,3.029963444235599,0.00035039045120082514,-1.9050458113299769,-1.6053665320025843,-1.5300005117999476,-1.5772488752948206,1.5708465576171875,0.20035190880298615,0
1099,1788171837.100378,-0.26760798264089314,-0.4379670091623224,0.2889191120909501,0.8202802657799262,3.0325011931620454,0.0004910550910077323,-1.9050214926349085,-1.6054022947894495,-1.5276630560504358,-1.5796430746661585,1.5708825588226318,0.19412347674369812,0
1100,1788171837.1412065,-0.2676329143191369,-0.43800390341709144,0.2900657947926052,0.8078007313666289,3.0358914137616653,0.00011220533274971259,-1.9050334135638636,-1.6054022947894495,-1.5247982184039515,-1.5822647253619593,1.5708585977554321,0.1858787089586258,0
1101,1788171837.180955,-0.2676100726660745,-0.4379942715179062,0.2912217580114719,0.7954676884628811,3.039170102131423,0.00012742681221861423,-1.9049857298480433,-1.6053903738604944,-1.5218613783465784,-1.5852215925799769,1.5708345174789429,0.17780208587646484,0
1102,1788171837.220188,-0.2676457406428462,-0.4380240803022604,0.29242355868744874,0.7836314356807244,3.0422667921809974,-0.0003095427944611744,-1.9050334135638636,-1.6053903738604944,-1.5188644568072718,-1.5879395643817347,1.5708345174789429,0.16996552050113678,0
1103,1788171837.261252,-0.26763304325499304,-0.43801257087753925,0.2935522316891109,0.7710937218578894,3.0454330145552344,-0.000322013254577695,-1.9050334135638636,-1.6054022947894495,-1.515975300465719,-1.5908120314227503,1.5708705186843872,0.16173310577869415,0
1104,1788171837.3022892,-0.267605373366271,-0.4379610441870981,0.29490069785332595,0.7567938974207674,3.049012590457688,-8.936631921744528e-06,-1.9050095717059534,-1.6054380575763147,-1.512451473866598,-1.594499413167135,1.5708585977554321,0.1523723155260086,0
1105,1788171837.3449507,-0.2676115193249407,-0.4379255353211991,0.29596505936565165,0.7443303857970107,3.052087804440849,0.00025074604686275596,-1.9050334135638636,-1.6055219809161585,-1.5096104780780237,-1.5974205175982874,1.5708345174789429,0.14417584240436554,0
1106,1788171837.3870265,-0.2676072548964934,-0.4379747594707342,0.2970741926377958,0.7322340926467261,3.0549960248861563,-7.939545223998711e-05,-1.9050095717059534,-1.605582062398092,-1.5067694822894495,-1.5999940077411097,1.5708705186843872,0.13627935945987701,0
1107,1788171837.429565,-0.26761077140897477,-0.43799326624041657,0.29814126707052696,0.7200742943595029,3.0578846433597233,-0.00025611035343676064,-1.9050095717059534,-1.6056421438800257,-1.504012409840719,-1.602579418812887,1.5708825588226318,0.12832258641719818,0
1108,1788171837.469666,-0.26742843323028,-0.4379691979679657,0.2991423329429046,-0.7073318719729735,-3.0609252687818054,-9.094300984444019e-05,-1.9046381155597132,-1.6055462996112269,-1.5015071074115198,-1.6053927580462855,1.5707865953445435,0.12035420536994934,0
1109,1788171837.5114653,-0.26673601778158335,-0.43802495168779193,0.30033419435942255,0.6928096647865615,3.0642147475859716,0.0002647508694873539,-1.9033072630511683,-1.6049578825580042,-1.499049488698141,-1.6085527578936976,1.5708105564117432,0.11220567673444748,0
1110,1788171837.5520315,-0.26535211492222804,-0.4379736664986722,0.30144054052344554,0.6806645251739643,3.066890981653859,2.4187653736057066e-05,-1.9007542769061487,-1.6031468550311487,-1.498138729725973,-1.6111272017108362,1.5708705186843872,0.10684124380350113,0
1111,1788171837.5938604,-0.2637121505670285,-0.43784363767679846,0.3025810769257866,0.6681220208826724,3.069685117516218,-0.0001480989603064488,-1.8977215925799769,-1.600879971181051,-1.4975994269000452,-1.6138203779803675,1.5708465576171875,0.10169326514005661,0
1112,1788171837.6348305,-0.26211339378851234,-0.43778124870314505,0.3035564906084913,0.6561101892991534,3.0722602614783585,5.0540399831308864e-05,-1.8947251478778284,-1.5989368597613733,-1.4970839659320276,-1.616406265889303,1.5708465576171875,0.09686886519193649,0
1113,1788171837.6734161,-0.26050853623058917,-0.43766785398961844,0.30459357585307356,0.6441189957337263,3.0747589332814003,0.0002247446426503521,-1.8917515913592737,-1.5968974272357386,-1.4965089003192347,-1.6191352049456995,1.5708705186843872,0.09204446524381638,0
1114,1788171837.7126265,-0.2588741731909034,-0.4376233489656024,0.30561647896993394,0.6316147954480885,3.077376699874355,0.00022001475033269706,-1.8886469046222132,-1.5949061552630823,-1.4959448019610804,-1.6216848532306116,1.5708465576171875,0.08701596409082413,0
1115,1788171837.750928,-0.2573028520664043,-0.4375450689373157,0.30670979389819364,0.6190087536262849,3.079963053935732,-0.00012305104144955887,-1.88568622270693,-1.5928309599505823,-1.4953339735614222,-1.6241510550128382,1.5708465576171875,0.08178409934043884,0
1116,1788171837.792098,-0.2556666271559362,-0.4374177386731624,0.30775915780499163,0.6066696574881455,3.0824443787133613,6.250830712027899e-06,-1.8826058546649378,-1.5907438437091272,-1.494770352040426,-1.6268804709063929,1.5708105564117432,0.07685183733701706,0
1117,1788171837.8331957,-0.2540607906093005,-0.43716162393250085,0.3086568251333426,0.594693947724805,3.0847348920961735,-8.375809360382703e-05,-1.8796923796283167,-1.5883572737323206,-1.4949258009540003,-1.6290596167193812,1.5708585977554321,0.07200309634208679,0
1118,1788171837.8740282,-0.2524985170415185,-0.43684049697973687,0.3092593322871397,0.58229440179216,3.0871025354762307,-0.0002787040088733721,-1.8768757025348108,-1.5858143011676233,-1.496004883443014,-1.6304000059710901,1.5708705186843872,0.06678321957588196,0
1119,1788171837.91494,-0.25093464124189924,-0.4363515736285127,0.3097214120501305,0.5697123263185061,3.089425517702115,0.00033764732170820944,-1.8741305510150355,-1.5831874052630823,-1.4973958174334925,-1.6320284048663538,1.5708465576171875,0.061382826417684555,0
1120,1788171837.9567297,-0.24929635393963612,-0.4358883922800574,0.3101338281223604,0.5573310845881789,3.0916934825564137,4.825032518820362e-05,-1.8712294737445276,-1.5802119413958948,-1.4993975798236292,-1.6328180472003382,1.5708585977554321,0.056270431727170944,0
1121,1788171838.0006156,-0.247388184114389,-0.4353442526715155,0.3102586267406462,0.5427714909409266,3.0943010805127478,-2.7605430637866682e-05,-1.8678248564349573,-1.5767815748797815,-1.50254995027651,-1.6330459753619593,1.5708465576171875,0.050258468836545944,0
1122,1788171838.0432136,-0.24578328929203708,-0.4348643316572552,0.3104513812096923,0.5304109304863803,3.096472892818171,-0.00023492819040641584,-1.864960018788473,-1.5738189856158655,-1.5050671736346644,-1.6333568731891077,1.5708345174789429,0.045133717358112335,0
1123,1788171838.0843725,-0.24418610687841238,-0.43440543918368874,0.31051782211258866,0.5176342240067333,3.098553088820245,1.255356675140272e-05,-1.8621190229998987,-1.5710724035846155,-1.507608715687887,-1.633728329335348,1.570894479751587,0.03973370045423508,0
1124,1788171838.1264203,-0.24224098731695973,-0.4338209804613944,0.310759407766038,0.5028229580389181,3.1010382998498414,-0.00011646528070522032,-1.8586061636554163,-1.5675337950335901,-1.51054555574526,-1.6342428366290491,1.5708585977554321,0.033685408532619476,0
1125,1788171838.168029,-0.2406561217265779,-0.4332865368668351,0.31081457298078896,0.4905751778579062,3.1029595055245935,0.0003648077575726671,-1.8557775656329554,-1.5647271315204065,-1.5131223837481897,-1.6347816626178187,1.5708585977554321,0.02862132526934147,0
1126,1788171838.2078202,-0.23902178158612997,-0.43281983961592463,0.310942863136595,0.4777520670329735,3.104992174072856,0.00012049195128076835,-1.8527925650226038,-1.5617640654193323,-1.5157716909991663,-1.6349371115313929,1.5708465576171875,0.023340776562690735,0
1127,1788171838.246655,-0.23745147260692603,-0.4323626585548357,0.3108522039575508,0.4652630388237075,3.1068331541151504,0.00033506348788849157,-1.8499396483050745,-1.5590413252459925,-1.518660847340719,-1.6349132696734827,1.5708825588226318,0.018156850710511208,0
1128,1788171838.2874196,-0.23585495742043458,-0.43186967490064526,0.3109239235935534,0.45321324215720754,3.1086858602555467,6.113902543105959e-05,-1.8470023314105433,-1.556054417287008,-1.5214656035052698,-1.6349132696734827,1.5708345174789429,0.013332825154066086,0
1129,1788171838.3291523,-0.2342607592578863,-0.43137783514559386,0.31085665781994753,0.44109995198458246,3.1103639087194197,0.00023448609880540662,-1.8441017309771937,-1.5532353560077112,-1.5243786017047327,-1.6349371115313929,1.5708825588226318,0.008448129519820213,0
1130,1788171838.371255,-0.23268451532677983,-0.43087805412329644,0.3109046118349264,0.42867562853193,3.1121336153530885,-8.146244714838487e-06,-1.8412001768695276,-1.5502851645099085,-1.5271833578692835,-1.6349251906024378,1.5708705186843872,0.003360077040269971,0
1131,1788171838.4153457,-0.2311037021541726,-0.4303915776879151,0.31085030450241546,0.415683113789961,3.1139117674756402,8.65735534603101e-05,-1.8382633368121546,-1.5474661032306116,-1.530060116444723,-1.6349251906024378,1.5708465576171875,-0.0020516554461877945,0
1132,1788171838.456985,-0.2291545890585779,-0.42979417381185175,0.3109374057651264,0.40098044328698956,3.1158410753590693,-0.00035383074923564474,-1.8346546331988733,-1.5438435713397425,-1.5334284941302698,-1.6349013487445276,1.5708825588226318,-0.007883373891012013,0
1133,1788171838.498583,-0.22757156054092162,-0.42928014478195703,0.3109273016215296,-0.38879911717646237,-3.1174360105173298,0.00036110796483491617,-1.831682030354635,-1.5409415403949183,-1.5362699667560022,-1.634949032460348,1.5708225965499878,-0.012731854115621388,0
1134,1788171838.5420642,-0.22595448211875607,-0.4287444739573766,0.31093817158145143,0.3761177784632697,3.118993793824784,-0.00040521968539756055,-1.8286727110492151,-1.5379660765277308,-1.5391228834735315,-1.6350448767291468,1.5708345174789429,-0.017856423054830373,0
1135,1788171838.5845075,-0.22403122264671121,-0.4281249407879609,0.3109009335576515,0.36080851692146937,3.1207737390024692,-0.00022462874548859056,-1.8250649611102503,-1.5345481077777308,-1.5424793402301233,-1.6352241675006312,1.5708465576171875,-0.024060551320211232,0
1136,1788171838.6263015,-0.22240700460315416,-0.4275841378222629,0.3109442802193364,-0.34836164697046484,-3.122216548727773,0.0003173210794224892,-1.8219955603228968,-1.5315492788897913,-1.5452597776996058,-1.6353796164142054,1.5708225965499878,-0.028968159352437794,0
1137,1788171838.6680021,-0.22083296116898513,-0.42700676349286737,0.3108986875683196,0.33631259549290826,3.1234958313501218,-8.233462100029935e-05,-1.8190582434283655,-1.5286467711078089,-1.5481131712542933,-1.635583225880758,1.5708465576171875,-0.0337446371661585,0
1138,1788171838.7099042,-0.21921632251036138,-0.4264061975458604,0.31091207866617476,0.3235745438539207,3.124875624053571,-5.957095391740097e-05,-1.8160012404071253,-1.5255754629718226,-1.551002327595846,-1.6357749144183558,1.5708105564117432,-0.03884441057314092,0
1139,1788171838.7491353,-0.21733924211707276,-0.4257565205211466,0.31084021804022016,0.30859133997954097,3.1263450009367357,0.000173747073309142,-1.8124406973468226,-1.5221932570086878,-1.5543587843524378,-1.6359542051898401,1.5708345174789429,-0.044868294392721,0
1140,1788171838.7912261,-0.21603388430567766,-0.42531133392469267,0.3108525868770692,0.2988922645101243,3.127253242198337,0.0001448290039045463,-1.8099592367755335,-1.5198066870318812,-1.5565879980670374,-1.6360982100116175,1.5708705186843872,-0.04858857790102178,0
1141,1788171838.8314202,-0.21412471377284353,-0.42459364050465037,0.31076712876054735,0.2842994846038222,3.128641003296149,0.00024179288158187673,-1.806302849446432,-1.516196076069967,-1.5601962248431605,-1.6361578146563929,1.5708345174789429,-0.054264370595113576,0
1142,1788171838.8725116,-0.21248890558606148,-0.4239676519173268,0.3104932473649453,0.2713109429715996,3.129781889241355,0.0003698934598896234,-1.803173844014303,-1.5130775610553187,-1.5638044516192835,-1.6357505957232874,1.5708345174789429,-0.05943614641298467,0
1143,1788171838.9158428,-0.21088735210788956,-0.42340735233856563,0.30979674955019126,0.25837176077704327,3.130839308590601,0.0007609749031660681,-1.8000691572772425,-1.510174576436178,-1.5682395140277308,-1.634470287953512,1.5708345174789429,-0.06459647813905889,0
1144,1788171838.9592848,-0.20892885816500803,-0.42278813124381304,0.3083885327410275,0.24349561174762036,3.1320278875746657,0.0005367029156355518,-1.7962325255023401,-1.5064566771136683,-1.5753362814532679,-1.6309507528888147,1.5708585977554321,-0.07026082674135381,0
1145,1788171838.9999616,-0.20736647952922466,-0.4222981420939309,0.30716372328133335,0.23136535229788147,3.1330286747571896,6.494666118658522e-05,-1.7931273619281214,-1.5033858458148401,-1.5813902060138147,-1.6276586691485804,1.5708225965499878,-0.07490426698793584,0
1146,1788171839.040713,-0.20572324735712588,-0.42171866818176335,0.30584427311258156,0.2187518705581515,3.1338949881839917,9.722112822544015e-05,-1.7899144331561487,-1.5002310911761683,-1.5876715818988245,-1.6245582739459437,1.5708585977554321,-0.07974034944643194,0
1147,1788171839.0823708,-0.2041749558175708,-0.42117051395598815,0.30439667114434893,0.2061347440112866,3.1347154272705957,0.0004555285307720549,-1.7868569532977503,-1.4973529020892542,-1.5939648787127894,-1.6213739554034632,1.5708585977554321,-0.08473235765566045,0
1148,1788171839.1244707,-0.20256622752312503,-0.42056793703301293,0.3030418204729862,0.1938934990516637,3.135484945971668,0.0005709145320192726,-1.7836807409869593,-1.4942343870746058,-1.6002700964557093,-1.6182616392718714,1.5708585977554321,-0.08936483064760381,0
1149,1788171839.166063,-0.20102098961599513,-0.4200374423274237,0.30169565022304273,0.18187837472513754,3.136261557862733,0.00011239224374242036,-1.7805870215045374,-1.4911516348468226,-1.6065991560565394,-1.614718262349264,1.5708465576171875,-0.09393626848329717,0
1150,1788171839.2077708,-0.19911425062786658,-0.41939854940378385,0.30004094210866056,0.16698146617597112,3.1371348719552032,-0.0003459317302315732,-1.7767508665667933,-1.4874456564532679,-1.6142714659320276,-1.6104567686664026,1.5708465576171875,-0.09960014024843389,0
1151,1788171839.2469375,-0.19749530804331836,-0.4189087502468288,0.2987105416161715,0.15403274682341386,3.137760645477759,-0.00021847645797636113,-1.773465935383932,-1.484626595173971,-1.6202052275287073,-1.6074278990374964,1.5708705186843872,-0.10456830659975225,0
1152,1788171839.2858033,-0.19587726968579863,-0.4183359963099527,0.298020567968858,-0.14155594067334826,-3.1383914440262712,0.00037349310637157515,-1.7701686064349573,-1.4815800825702112,-1.6247485319720667,-1.605823818837301,1.5708225965499878,-0.10922414461244756,0
1153,1788171839.3252194,-0.19459742804975572,-0.41783190374085605,0.2974270030155513,0.13178421967252424,3.138771749126748,4.7719220556418616e-05,-1.7676032225238245,-1.479265038167135,-1.628284756337301,-1.604877773915426,1.5708465576171875,-0.11288434663881475,0
1154,1788171839.3669796,-0.19263738271023562,-0.41715880075318024,0.29666175591087207,0.11659142542320657,3.1393733604810508,0.00016379089096190097,-1.7635872999774378,-1.475762669240133,-1.6333678404437464,-1.6033700148211878,1.5708345174789429,-0.11854821840395147,0
1155,1788171839.4092326,-0.19105288207290513,-0.4166657516029098,0.2960769206548584,0.10348525897179303,3.1398338160471826,3.055227039539269e-05,-1.7603138128863733,-1.472980801259176,-1.6373713652240198,-1.6020644346820276,1.5708465576171875,-0.12362367311586553,0
1156,1788171839.449983,-0.1894619128122532,-0.4161020962119169,0.29570975137813466,0.09084767398634315,3.1402074364208046,8.226663698379605e-05,-1.7570412794696253,-1.4701255003558558,-1.6408479849444788,-1.601478401814596,1.5708585977554321,-0.12840015092958623,0
1157,1788171839.4922411,-0.18785659620906725,-0.4155550655486681,0.2955625661328732,0.07856850874358477,3.1405350968180596,0.00011696669222246628,-1.7537086645709437,-1.467306915913717,-1.6437252203570765,-1.6014421621905726,1.5708585977554321,-0.13288766542543584,0
1158,1788171839.5339146,-0.18628229332822238,-0.41498073240675026,0.2955805350431019,0.06638021055936627,3.1408454426759986,-4.9490002662919095e-05,-1.750434700642721,-1.4644044081317347,-1.6462786833392542,-1.6016820112811487,1.5708465576171875,-0.13737565675844365,0
1159,1788171839.5759883,-0.1843704488981394,-0.41433598250685044,0.29554084711191125,0.05114120975734937,3.1411171538041045,-3.776164989048963e-05,-1.7464311758624476,-1.4610822836505335,-1.649311367665426,-1.601980988179342,1.5708585977554321,-0.1430752913104456,0
1160,1788171839.6187735,-0.18276340515417044,-0.4137943168871786,0.295561226894435,0.03840469419424523,3.14133383572683,-0.0002610786399073068,-1.743037525807516,-1.4582155386554163,-1.6518166700946253,-1.60219651857485,1.5708465576171875,-0.1477912108050745,0
1161,1788171839.6605551,-0.18114161224474792,-0.41324937541492074,0.2955679434161457,0.025952260707375316,3.14145165008629,-0.0002840844933976757,-1.7396090666400355,-1.455409351979391,-1.6542628447162073,-1.6025436560260218,1.5708585977554321,-0.1522906462298792,0
1162,1788171839.7030525,-0.17920070163731366,-0.41256464520876407,0.29562323404594104,0.011010590211330044,3.141534247555566,-0.00034848492186798785,-1.7354963461505335,-1.4519785086261194,-1.6571276823626917,-1.603070084248678,1.5708705186843872,-0.1576903502093714,0
1163,1788171839.7434306,-0.17759488290142345,-0.4119740322153237,0.29556626114653806,-0.0017838580943388845,3.141530820953085,0.00010033068248642813,-1.7320674101458948,-1.4492557684527796,-1.6595729033099573,-1.603633228932516,1.5708465576171875,-0.1624067465411585,0
1164,1788171839.784449,-0.1759655100086157,-0.41142417446338053,0.29550538527353487,-0.014746623505260455,3.14147367698009,0.00032053071054643687,-1.7285664717303675,-1.446533505116598,-1.6620543638812464,-1.604016129170553,1.5708465576171875,-0.16715842882265264,0
1165,1788171839.8268402,-0.17439217135624446,-0.4108826329128407,0.29553373392482585,-0.026860955064329825,3.1414367397246283,0.0001381128976618294,-1.7251618544207972,-1.4437506834613245,-1.6644161383258265,-1.6043155829059046,1.5708225965499878,-0.17146617570985967,0
1166,1788171839.8672898,-0.17277643472727258,-0.4103337761796318,0.2955273490024455,-0.039257559489838924,3.141288725515511,7.35779057526036e-05,-1.721672836934225,-1.4409683386432093,-1.666837517415182,-1.6046388784991663,1.5708465576171875,-0.17586976686586553,0
1167,1788171839.908438,-0.17123060863171266,-0.4097676908399662,0.2955830320482589,-0.05150451262424734,3.1411474589857113,-0.00014950945095481291,-1.7183154265033167,-1.4381616751300257,-1.6691392103778284,-1.6049979368792933,1.5708345174789429,-0.18030959764589483,0
1168,1788171839.9501998,-0.16964115240708083,-0.4092527054766222,0.29555821572514396,-0.06463378402937894,3.140863732243844,-0.00010634110544366711,-1.7148507277118128,-1.4355347792254847,-1.671440903340475,-1.6053569952594202,1.5708705186843872,-0.1852052847491663,0
1169,1788171839.9931967,-0.16772587205873052,-0.4085639463583458,0.29550066514751283,-0.07972236575372978,3.1405271630546348,2.6862857424624273e-05,-1.710642162953512,-1.4322369734393519,-1.674377743397848,-1.605799976979391,1.5708465576171875,-0.1906049887286585,0
1170,1788171840.0306692,-0.1661118786597109,-0.40800477256289197,0.295505090739566,-0.09209555790686413,3.1401830859575894,7.928218610709854e-05,-1.7070816198932093,-1.429502312337057,-1.6766794363604944,-1.6062668005572718,1.5708465576171875,-0.1949246565448206,0
1171,1788171840.0707555,-0.16448156843917752,-0.40743074139137486,0.2954966584595952,-0.10450515169893954,3.1397575247360967,0.0001986095561031091,-1.703484360371725,-1.4267552534686487,-1.679004971181051,-1.6067693869220179,1.5708705186843872,-0.19923240343202764,0
1172,1788171840.1123388,-0.16289807094765482,-0.4068778400826426,0.2954831282150663,-0.11674414541231175,3.1393422048765123,0.0002764367697539599,-1.6999476591693323,-1.4240806738482874,-1.6812828222857874,-1.6072123686419886,1.5708465576171875,-0.20349198976625615,0
1173,1788171840.1532557,-0.16125455566843414,-0.40635010946877237,0.29549358742161075,-0.1282287396563559,3.1388943770521114,0.000159555132200399,-1.6962664763080042,-1.4213584105121058,-1.6835606733905237,-1.6075833479510706,1.5708585977554321,-0.20712787309755498,0
1174,1788171840.1951425,-0.15969473192866857,-0.40580076919140967,0.2955286740225239,-0.1380555323559997,3.1385076026939323,-0.00012184704896980578,-1.6927655378924769,-1.4186118284808558,-1.6858142058001917,-1.6078947226153772,1.5708585977554321,-0.20988780656923467,0
1175,1788171840.2341063,-0.15807639747564245,-0.405237233935509,0.2955298039465359,-0.14663748515809122,3.138128517478581,-0.00010315276279760618,-1.689108673726217,-1.415889088307516,-1.688080135975973,-1.608361546193258,1.5708465576171875,-0.21169978777040654,0
1176,1788171840.2734036,-0.15651084728639567,-0.4046734428243457,0.2955776155316031,0.15376994006653819,-3.1378098254449354,0.0003015129342551569,-1.685547176991598,-1.413142506276266,-1.6902735869037073,-1.6087806860553187,1.5708105564117432,-0.2126835028277796,0
1177,1788171840.3123896,-0.15491192595309128,-0.40414237570097133,0.2955096425195847,-0.15950538224586627,3.1375073244346794,-5.038235028503557e-05,-1.6819146315204065,-1.410611931477682,-1.6925032774554651,-1.6092475096331995,1.5708345174789429,-0.21270734468568975,0
1178,1788171840.3524718,-0.153308311858477,-0.4035986151330888,0.2955554307870515,-0.1642649402987013,3.137275335903354,-0.0001833741083573897,-1.6782453695880335,-1.4079254309283655,-1.694625202809469,-1.6097262541400355,1.5708345174789429,-0.21207172075380498,0
1179,1788171840.3933835,-0.1516845710442981,-0.40299189794920176,0.2954916362350064,-0.16835795006164936,3.1369781131749694,0.0003655802912720033,-1.6745408217059534,-1.4053228537188929,-1.6968429724322718,-1.6104686895953577,1.5708585977554321,-0.21097928682436162,0
1180,1788171840.4344845,-0.15007751036955205,-0.402376481971361,0.29548961252534667,-0.1707808327764292,3.1368278115882546,0.0005673343978738195,-1.6708477179156702,-1.402600113545553,-1.6990492979632776,-1.611114803944723,1.5708585977554321,-0.20883161226381475,0
1181,1788171840.4760425,-0.148520737736284,-0.4018943998576376,0.29554343315990367,-0.1717757272700023,3.1368184485320914,0.00011775979794703532,-1.6672270933734339,-1.4000094572650355,-1.7010987440692347,-1.611366097127096,1.5708585977554321,-0.20584375063051397,0
1182,1788171840.516331,-0.14688839552435115,-0.4013650973188696,0.2955318137910601,-0.17186670709377888,3.136822380221397,0.00015579972795255718,-1.6634138266192835,-1.3974188009845179,-1.7032325903521937,-1.6118453184710901,1.5708465576171875,-0.20208818117250615,0
1183,1788171840.5599082,-0.14497086785167934,-0.4006857657119395,0.29557054845683534,-0.17159622300697513,3.1368142582727185,1.4028874382200683e-05,-1.6589534918414515,-1.3942049185382288,-1.705761734639303,-1.612443749104635,1.5708825588226318,-0.197456185017721,0
1184,1788171840.6007414,-0.14342272889379185,-0.40011844465623647,0.29557093683102803,-0.17144597482394897,3.136878696665201,-7.068184497416725e-05,-1.6552961508380335,-1.3915661017047327,-1.7079079786883753,-1.6128748098956507,1.5708345174789429,-0.1937010923968714,0
