frame_index,timestamp,tcp_x,tcp_y,tcp_z,tcp_rx,tcp_ry,tcp_rz,joint_0,joint_1,joint_2,joint_3,joint_4,joint_5,suction_on
0,1788173499.3236997,-0.10913886047899106,-0.48689702668421747,0.2858666750191604,-1.2021487961129453,2.902421387919979,-6.748346692578119e-05,-1.570808235798971,-1.5707839171039026,-1.5707929770099085,-1.570796314870016,1.5708705186843872,-0.7853668371783655,0
1,1788173499.3623092,-0.10915013492922825,-0.4868907526309314,0.2858757943857141,-1.2021398973680049,2.9024488375838584,-5.238941991771646e-05,-1.570820156727926,-1.5707724730121058,-1.5707810560809534,-1.570820156727926,1.5708465576171875,-0.7853668371783655,0
2,1788173499.4014523,-0.10914707949496016,-0.48689205373460703,0.28587579426418863,-1.2021787537535777,2.9024447838906418,-4.515220021282877e-05,-1.570808235798971,-1.5707724730121058,-1.5707810560809534,-1.570820156727926,1.5708345174789429,-0.7853787581073206,0
3,1788173499.4422688,-0.10912725213658442,-0.4868813312238888,0.2858586138576934,-1.202178156784602,2.90239441449492,-1.558288723288549e-05,-1.5707843939410608,-1.5707600752459925,-1.5708287397967737,-1.570820156727926,1.5708705186843872,-0.7853668371783655,0
4,1788173499.4833603,-0.10912725201005866,-0.4868919344841647,0.2858653144159409,-1.202181579377375,2.9024026740337168,-4.949044959463323e-05,-1.5707843939410608,-1.5707724730121058,-1.5708048979388636,-1.570808235798971,1.5708705186843872,-0.7853668371783655,0
5,1788173499.5244932,-0.10915013478831019,-0.48688483929976106,0.28585748551861834,-1.2021675825892544,2.902417817608574,1.6116480157916224e-05,-1.570820156727926,-1.5707839171039026,-1.5708048979388636,-1.5708320776568812,1.5708465576171875,-0.7853906790362757,0
6,1788173499.5657923,-0.10913852651799771,-0.48689908065133364,0.28588054009600183,-1.2022860424931985,2.9024082513824885,-0.00012228206179191127,-1.570796314870016,-1.5707600752459925,-1.5707929770099085,-1.5707724730121058,1.5708465576171875,-0.7854388395892542,0
7,1788173499.604974,-0.10915288381128685,-0.48689572541716836,0.28586667455731835,-1.2021788237262925,2.9024449527898244,-4.584474201923138e-05,-1.570820156727926,-1.5707839171039026,-1.5707929770099085,-1.570796314870016,1.5708345174789429,-0.7853906790362757,0
8,1788173499.6469228,-0.10914158197121236,-0.48689233642394597,0.2858829593226481,-1.2022263943251197,2.9024110436456105,-9.491949330985707e-05,-1.570808235798971,-1.5707600752459925,-1.5707810560809534,-1.570808235798971,1.5708585977554321,-0.785414997731344,0
9,1788173499.687763,-0.10912668586788585,-0.4868962916340527,0.28587828318364933,-1.2022479500023169,2.9024141533465255,-8.768062777181682e-05,-1.5707719961749476,-1.5707600752459925,-1.5707929770099085,-1.570796314870016,1.5708465576171875,-0.7853906790362757,0
10,1788173499.7307725,-0.10914707928379018,-0.48687432158816013,0.28588673796099795,-1.202180639340393,2.902449335292361,-6.383612447311675e-05,-1.570808235798971,-1.570723835621969,-1.5708048979388636,-1.5708320776568812,1.5708345174789429,-0.7853787581073206,0
11,1788173499.771143,-0.10914433082993148,-0.486900327413281,0.2858698727738165,-1.2021625047996536,2.902454482729679,-0.00010498094994207138,-1.570808235798971,-1.5707724730121058,-1.5708048979388636,-1.5707600752459925,1.5708465576171875,-0.7853668371783655,0
12,1788173499.8091304,-0.10913305620646434,-0.4868906335513507,0.2858653144159409,-1.2021988792400966,2.9023955089431297,-4.9492339623682794e-05,-1.570796314870016,-1.5707724730121058,-1.5708048979388636,-1.570808235798971,1.5708705186843872,-0.7853906790362757,0
13,1788173499.8494647,-0.10913547098782658,-0.4869000989001234,0.2858780510441743,-1.2021995451478684,2.9024460458762302,-7.975153066978843e-05,-1.5707843939410608,-1.5707724730121058,-1.5707810560809534,-1.570796314870016,1.5708345174789429,-0.7853668371783655,0
14,1788173499.8909798,-0.10910322069992628,-0.48712014952203664,0.28594209859582537,1.2020270802306074,-2.9025189783005754,0.0002779844809601336,-1.570723835621969,-1.5712040106402796,-1.5702179113971155,-1.570796314870016,1.5708465576171875,-0.785187069569723,0
15,1788173499.9294434,-0.10889218396762466,-0.48764570992719186,0.28588261803377174,-1.201945778072019,2.9025673730087775,-8.780552775368014e-05,-1.570279900227682,-1.5723918120013636,-1.5691512266742151,-1.570796314870016,1.5708225965499878,-0.7846835295306605,0
16,1788173499.9689045,-0.10810676498715016,-0.48871187982951064,0.28587979409868935,-1.2018058131978444,2.9026248352625093,-8.640629092873138e-05,-1.5686734358416956,-1.5744908491717737,-1.5670531431781214,-1.570796314870016,1.5708225965499878,-0.7829807440387171,0
17,1788173500.00786,-0.10694723639703838,-0.49011061121315364,0.2858638243280224,-1.2020502990851307,2.90247914150984,-2.852888418416718e-05,-1.5663231054889124,-1.5772140661822718,-1.5643437544452112,-1.5708320776568812,1.5708465576171875,-0.7808097044574183,0
18,1788173500.048133,-0.10589036615041816,-0.49146848402763804,0.28588838317578597,-1.202080234271313,2.9025024803454063,-0.00010590572714559409,-1.5641768614398401,-1.5798404852496546,-1.5616467634784144,-1.5708444754229944,1.5708345174789429,-0.7786753813373011,0
19,1788173500.089454,-0.10478915235290143,-0.4928926413964894,0.2858785432399856,-1.2021196973210746,2.9024998882382693,-0.0001558632218126442,-1.561958138142721,-1.582623306904928,-1.5588658491717737,-1.570808235798971,1.5708345174789429,-0.7764804998980921,0
20,1788173500.1286938,-0.10370916730359832,-0.4942640060227519,0.2859249409793019,1.2022817269533255,-2.9023997889411595,0.00023437955996708133,-1.5597875753985804,-1.5852864424334925,-1.5560606161700647,-1.5708916823016565,1.5708225965499878,-0.7744296232806605,0
21,1788173500.1679013,-0.10260614119045089,-0.4956597668881421,0.28585365204968943,-1.202141070527465,2.9024555860547565,-2.8535078147668136e-05,-1.5575931707965296,-1.5881169478045862,-1.5533278624164026,-1.570939842854635,1.5708345174789429,-0.7721388975726526,0
22,1788173500.2078218,-0.10146785195260045,-0.4970427151329304,0.28591120016072696,-1.2025679774620253,2.9023040365359756,-0.0001725650610162374,-1.5553386847125452,-1.5907800833331507,-1.5504868666278284,-1.5710237661944788,1.5708465576171875,-0.770172421132223,0
23,1788173500.2475657,-0.10039187210765234,-0.49844155605862767,0.28582341474095513,-1.2024422376455581,2.9022980037426107,4.072357371997785e-05,-1.553216282521383,-1.5936468283282679,-1.5477421919452112,-1.571047608052389,1.5708465576171875,-0.767977539693014,0
24,1788173500.28896,-0.0993250222939963,-0.4998385238903959,0.2858481615106684,-1.202206168335907,2.902417023532998,1.4356137521473895e-05,-1.5511177221881312,-1.5964296499835413,-1.5448287169085901,-1.5711553732501429,1.5708345174789429,-0.7657111326800745,0
25,1788173500.3275023,-0.09824161268857598,-0.5012409321405135,0.2858634197585298,-1.2022014070237865,2.902405521543269,-9.115843620367933e-05,-1.5490191618548792,-1.5992124716388147,-1.5419395605670374,-1.5712035338031214,1.5708705186843872,-0.7636125723468226,0
26,1788173500.3656168,-0.09734666669169116,-0.5023628160748226,0.28586352183727737,-1.2020547997861777,2.9024997966895727,-8.65227380426316e-06,-1.5472567717181605,-1.6014679113971155,-1.5396025816546839,-1.5713227430926722,1.5708225965499878,-0.7617409865008753,0
27,1788173500.4033728,-0.09621855445259633,-0.5037011459797053,0.28586840506450706,-1.201873777218281,2.9025520718262348,-8.058295836703833e-05,-1.5450857321368616,-1.6041062513934534,-1.5368688742267054,-1.5713828245746058,1.5708585977554321,-0.7594507376300257,0
28,1788173500.4447484,-0.0949996236712686,-0.505050406939292,0.28581597943815523,-1.202174162246843,2.9023926059620737,0.00010546614345386678,-1.5427234808551233,-1.6068175474749964,-1.5341599623309534,-1.5715025107013147,1.5708465576171875,-0.7573040167437952,0
29,1788173500.4928021,-0.09377372702968856,-0.5063434469387416,0.28586704220010034,-1.202182975368495,2.9024158334681993,3.5041511981515584e-06,-1.540361229573385,-1.6093009153949183,-1.5314629713641565,-1.571646515523092,1.5708465576171875,-0.7549412886248987,0
30,1788173500.5337367,-0.09228619308562519,-0.5079063995746907,0.2858316431311974,-1.2021286571506307,2.902384518525084,-2.394882899180405e-06,-1.5375312010394495,-1.6123712698565882,-1.528346363698141,-1.5717065970050257,1.570894479751587,-0.7520869413958948,0
31,1788173500.57671,-0.09098485444317894,-0.5090589165125639,0.28587884725918555,-1.2026014500502198,2.9022459065472948,-9.38336245902556e-06,-1.5350130240069788,-1.614530388508932,-1.5259726683246058,-1.5718982855426233,1.5708465576171875,-0.749880615864889,0
32,1788173500.6154597,-0.08943484922663796,-0.5104671113130791,0.28585544791322226,-1.2024900140029275,2.902272429713738,0.00012246804897339815,-1.5320504347430628,-1.6172650496112269,-1.5231435934649866,-1.5720775763141077,1.5708345174789429,-0.7468460241900843,0
33,1788173500.6549494,-0.08807110555029914,-0.5116417754345067,0.28581162025709517,-1.20224737477931,2.9022777656085164,0.00033605104286765373,-1.5294721762286585,-1.6195805708514612,-1.5207822958575647,-1.5722811857806605,1.5708705186843872,-0.7441237608539026,0
34,1788173500.6969194,-0.08676191354461085,-0.5128120012911642,0.2858443900894345,-1.2019909759328253,2.9024494475271543,0.00013263275567118262,-1.5269902388202112,-1.62175161043276,-1.518444840108053,-1.5723050276385706,1.5708585977554321,-0.7414491812335413,0
35,1788173500.7364314,-0.08541512751431383,-0.5139512249051047,0.28582374278383094,-1.2018690810308013,2.902499635848138,0.00013513958944134843,-1.5244477430926722,-1.623923126851217,-1.5162032286273401,-1.572376553212301,1.5708585977554321,-0.7388227621661585,0
36,1788173500.77868,-0.08405286278390135,-0.51509601067407,0.2858511348189531,-1.2023078196874177,2.9023805889904586,5.0209180851445615e-05,-1.521869961415426,-1.6260698477374476,-1.5138776938067835,-1.5724847952472132,1.5708225965499878,-0.7365320364581507,0
37,1788173500.8182912,-0.08270202746667707,-0.5162164280541601,0.28583857051683836,-1.202305304788151,2.9023725622703163,8.777309917020178e-05,-1.5193389097796839,-1.6282294432269495,-1.5116122404681605,-1.572615925465719,1.5708225965499878,-0.7340014616595667,0
38,1788173500.858286,-0.08127336355258044,-0.5173833090657258,0.28582640823001215,-1.2023775820953737,2.902304370503661,0.00018983660036533048,-1.5166767279254358,-1.6305082480060022,-1.5092023054706019,-1.57282001176943,1.5708345174789429,-0.7313984076129358,0
39,1788173500.8966436,-0.07993646674562226,-0.518510591048811,0.2858792121867946,-1.2024363232623867,2.9023482966592278,-9.196429403034577e-05,-1.5141947905169886,-1.6325953642474573,-1.5068891684161585,-1.5728557745562952,1.5708345174789429,-0.7289403120623987,0
40,1788173500.9350183,-0.07850271597675017,-0.5196123602897833,0.28586773563446666,-1.2025037281520208,2.902315303155439,-7.135671775922329e-05,-1.5115321318255823,-1.6347067991839808,-1.5046599547015589,-1.5729873816119593,1.5708345174789429,-0.7263253370868128,0
41,1788173500.9752004,-0.07737025082476284,-0.5205124441910297,0.2858816842872115,-1.2023368321048988,2.9024055956126555,-0.00021907928042862778,-1.5094454924212855,-1.6363981405841272,-1.5028374830829065,-1.5730231443988245,1.5708465576171875,-0.7241185347186487,0
42,1788173501.0138958,-0.0759770617484814,-0.5215587727834432,0.28583374028834974,-1.2021896217277876,2.9023946942535854,2.6492917223934693e-05,-1.5068791548358362,-1.6384971777545374,-1.5006683508502405,-1.5732625166522425,1.5708585977554321,-0.7214682737933558,0
43,1788173501.0556746,-0.07452747217316785,-0.5226306935291848,0.28590715434992314,-1.2022676159755725,2.902387250320605,-0.00013814226695881945,-1.5042169729815882,-1.640500847493307,-1.4983542601214808,-1.5734661261187952,1.5708705186843872,-0.718853775654928,0
44,1788173501.09669,-0.07288223164429768,-0.5239592062311735,0.28583895199129494,-1.2023674244767173,2.9023326827480287,3.668042523314628e-05,-1.5012067000018519,-1.6431754271136683,-1.4956215063678187,-1.5736334959613245,1.5708465576171875,-0.7159155050860804,0
45,1788173501.14078,-0.07147735924136436,-0.5250158578122333,0.28588742840118,-1.2022989490029887,2.9024178794174684,-0.0001511751962509119,-1.4986408392535608,-1.6451666990863245,-1.4933798948871058,-1.5737536589251917,1.5708345174789429,-0.7132886091815394,0
46,1788173501.1828735,-0.07012570541843477,-0.5260475180110812,0.2858862184608669,-1.2020493552615366,2.9025042599860473,-0.0001378458971714867,-1.4961941877948206,-1.647205654774801,-1.4911745230304163,-1.573932949696676,1.5708465576171875,-0.7106741110431116,0
47,1788173501.2254176,-0.06838298272864268,-0.5273261141793605,0.2858037341802134,-1.2022994464807597,2.902372120651735,0.0001096552815844526,-1.49302846590151,-1.649797264729635,-1.4885371367083948,-1.5741365591632288,1.5708225965499878,-0.7076876799212855,0
48,1788173501.2680693,-0.0669599091008623,-0.5284042367574094,0.2858600487723534,-1.2023603868415729,2.9023704846384217,-5.6267575505513134e-05,-1.4904735724078577,-1.6518843809710901,-1.4861515204059046,-1.5743277708636683,1.5708345174789429,-0.7051690260516565,0
49,1788173501.3107562,-0.06559077195368493,-0.529562336310315,0.285842439065885,-1.2023248396140402,2.9023844860116603,-5.3304394425739496e-05,-1.4880393187152308,-1.6542471090899866,-1.4836228529559534,-1.5744956175433558,1.5708345174789429,-0.7027104536639612,0
50,1788173501.350815,-0.06423216094585187,-0.5307199174100239,0.28581184210573995,-1.2020607292499232,2.9024377828137315,0.00014025431392648255,-1.485640827809469,-1.656694237385885,-1.480997387562887,-1.5748069922076624,1.5708465576171875,-0.7001436392413538,0
51,1788173501.3896272,-0.06294161712338985,-0.5318945547268883,0.28582065028643566,-1.2018298355595853,2.9025223230842303,0.00025553557951627165,-1.4833744207965296,-1.6591771284686487,-1.4782403151141565,-1.5751541296588343,1.5708345174789429,-0.6977208296405237,0
52,1788173501.426225,-0.06161086459451175,-0.5331109365891386,0.2858269856690919,-1.2022142228298265,2.9023660207687247,0.0001808623120015692,-1.4810593763934534,-1.661696736012594,-1.475471321736471,-1.5753572622882288,1.5708465576171875,-0.6956699530230921,0
53,1788173501.466614,-0.06029254859658176,-0.5343249922613466,0.28588494317876234,-1.202242580176376,2.9023874978592743,0.00021796216023527807,-1.4787572065936487,-1.6642516295062464,-1.4725106398211878,-1.5757764021502894,1.5708105564117432,-0.6933792273150843,0
54,1788173501.5080938,-0.05905311403119486,-0.5355429814851951,0.28591018526767986,-1.2022626687232254,2.9023381488706774,0.0002208439821831219,-1.4766462484942835,-1.666854206715719,-1.4695737997638147,-1.5761235396014612,1.5708465576171875,-0.6912921110736292,0
55,1788173501.5500686,-0.05770379765851383,-0.5368478719814328,0.2858425030801892,-1.202516898202518,2.9022121014747713,0.000256483230649145,-1.4743436018573206,-1.669649902974264,-1.466649357472555,-1.5762794653521937,1.5708585977554321,-0.6891697088824671,0
56,1788173501.5910053,-0.056450388384690325,-0.5380929263035729,0.2858583781549694,-1.2024186611460543,2.9022743717309036,9.087884543158705e-05,-1.4722211996661585,-1.67226487794985,-1.463736359273092,-1.576470677052633,1.5708705186843872,-0.6869743506060999,0
57,1788173501.6310818,-0.0548944909526495,-0.5396063275404497,0.2858280598146684,-1.202457478142021,2.902270219499749,9.952314611678439e-05,-1.4695828596698206,-1.6755154768573206,-1.4602001349078577,-1.5767582098590296,1.5708585977554321,-0.6843598524676722,0
58,1788173501.6717782,-0.0535829495223835,-0.5408617881893443,0.28596017966334397,-1.2024364206853764,2.902366111874567,-0.00039009057911662727,-1.4673760573016565,-1.678047005330221,-1.4571192900287073,-1.5769856611834925,1.5708705186843872,-0.6821172873126429,0
59,1788173501.7133212,-0.052324848670578204,-0.5420993838348981,0.2858251009753341,-1.2021257695893828,2.9024069109123545,0.00010513536703200718,-1.4652655760394495,-1.680901829396383,-1.4541948477374476,-1.5773804823504847,1.5708585977554321,-0.6798141638385218,0
60,1788173501.7546234,-0.0510451552636503,-0.5433076613675939,0.2858133900556392,-1.2019736514176538,2.9024819961802515,0.00011361965087872265,-1.463118855153219,-1.683516804371969,-1.451294247304098,-1.5776680151568812,1.5708465576171875,-0.6775596777545374,0
61,1788173501.7978077,-0.04967579910209041,-0.5445166650801059,0.285770674827728,-1.2022299526126103,2.9023628939356176,0.00024717835368174505,-1.460815731679098,-1.6861675421344202,-1.4484050909625452,-1.5779913107501429,1.5708345174789429,-0.6754363218890589,0
62,1788173501.839561,-0.04833572467780984,-0.5456892333795795,0.2858536854906829,-1.2021567325829032,2.9024327174654765,-8.614735266186434e-05,-1.4585850874530237,-1.6885908285724085,-1.4455164114581507,-1.578242603932516,1.5708585977554321,-0.6731455961810511,0
63,1788173501.8807166,-0.046658106782445204,-0.5470214540530519,0.28590618876625196,1.2023114275288835,-2.902414726256038,0.00025420435411646603,-1.45575458208193,-1.691385571156637,-1.442256275807516,-1.5785897413836878,1.5708345174789429,-0.670410458241598,0
64,1788173501.9218588,-0.04520714963026539,-0.548096774055611,0.2858377882150272,-1.2026217106468093,2.902228275793924,-2.664897978059208e-05,-1.453320328389303,-1.69377309480776,-1.439690891896383,-1.5789249579059046,1.5708585977554321,-0.6682041327105921,0
65,1788173501.9625146,-0.0437779358471126,-0.5490364181692478,0.2858307141125922,-1.2024603064812336,2.902284871916352,0.0001669854469958307,-1.4508855978595179,-1.69582444826235,-1.4373534361468714,-1.57933217683901,1.5708345174789429,-0.6656606833087366,0
66,1788173502.0046444,-0.04224758114219874,-0.5500035515470597,0.28586733893553484,-1.2023073774179898,2.9023599520452974,3.662863906764559e-05,-1.4482954184161585,-1.6978276411639612,-1.4350040594684046,-1.5795953909503382,1.5708465576171875,-0.6629622618304651,0
67,1788173502.0476089,-0.040792265459571306,-0.5509552037635973,0.2858241854681093,-1.2022758479325881,2.9023327798141194,0.00017847637121263382,-1.4458487669574183,-1.6999147574054163,-1.4327147642718714,-1.5798943678485315,1.5708585977554321,-0.6605036894427698,0
68,1788173502.0895662,-0.03894739670608287,-0.552054590242263,0.28593224646703136,1.2021508117792352,-2.902475176278792,0.0002991366373001439,-1.4427183310138147,-1.7020743528949183,-1.4300535360919397,-1.5800741354571741,1.5708345174789429,-0.6572650114642542,0
69,1788173502.129913,-0.037454850605047475,-0.5529677887338935,0.28586329848818715,-1.2020286955389823,2.9024798199137445,-0.00013080260904116045,-1.4402244726764124,-1.7041013876544397,-1.4278834501849573,-1.5803378264056605,1.5708705186843872,-0.6546981970416468,0
70,1788173502.1711063,-0.035975829687636296,-0.5538899290427161,0.28576415412602363,-1.2020556572437247,2.9024431538145627,0.00015415318356532044,-1.4377411047564905,-1.706188980733053,-1.425701920186178,-1.5806129614459437,1.5708465576171875,-0.6522396246539515,0
71,1788173502.2119017,-0.03446426634894918,-0.5547858933299693,0.2858466371115878,-1.2022622954526179,2.9024037684837904,-9.907664835720329e-05,-1.4352110067950647,-1.708036247883932,-1.4234126249896448,-1.5808880964862269,1.5708465576171875,-0.6498406569110315,0
72,1788173502.2531807,-0.032978372867297434,-0.5556984440026597,0.2858544157078916,-1.2023854950345239,2.9023586774225003,-0.0001330092978444563,-1.4327405134784144,-1.710015598927633,-1.4211233297931116,-1.5811756292926233,1.5708465576171875,-0.6474536100970667,0
73,1788173502.2947364,-0.031426544980739164,-0.5566295748766088,0.2858471742513182,-1.2023976937742564,2.902341144721333,-0.00021481005232253095,-1.4301741758929651,-1.7120302359210413,-1.4188335577594202,-1.5814030806170862,1.5708705186843872,-0.6448987166034144,0
74,1788173502.336767,-0.02963101890958175,-0.5577156831211949,0.2858849540734907,1.2023186367844112,-2.902394946178472,0.0003027602606812841,-1.4271872679339808,-1.7143819967852991,-1.4160407225238245,-1.5817740599261683,1.5708225965499878,-0.6418522039996546,0
75,1788173502.3759155,-0.028130030900100224,-0.558606742886339,0.2858606146364724,-1.2021444243482953,2.902469550463893,-0.00012292409551599965,-1.4247172514544886,-1.7164214293109339,-1.413715664540426,-1.5821808020221155,1.5708345174789429,-0.639261547719137,0
76,1788173502.4172952,-0.026587783789016203,-0.5594977331522559,0.2857908635965862,-1.2021124368005847,2.902394304016863,0.0002350484460312143,-1.4221866766559046,-1.7185323874102991,-1.4113901297198694,-1.5826361815081995,1.5708585977554321,-0.6367304960833948,0
77,1788173502.4548194,-0.025090856697592968,-0.5603057561264979,0.2858358048978134,-1.2019467051809916,2.902485448321988,0.0002634097116128442,-1.419703785573141,-1.7203314940081995,-1.40918475786318,-1.5830548445331019,1.5708345174789429,-0.6341279188739222,0
78,1788173502.497786,-0.023463534756459417,-0.5610900621768414,0.2858142309976842,-1.2020856476302395,2.902431396622954,0.0003249395120989891,-1.4169934431659144,-1.7220833937274378,-1.4071944395648401,-1.5833304564105433,1.5708225965499878,-0.631512467061178,0
79,1788173502.538464,-0.02187444156066253,-0.5618198003824104,0.28568417016305514,-1.2022180804977005,2.902406639479599,6.746213755869161e-05,-1.4143546263324183,-1.7236068884478968,-1.405792538319723,-1.5830429236041468,1.5708345174789429,-0.6289575735675257,0
80,1788173502.5797412,-0.02022833462081546,-0.5625102966533063,0.2845527324725807,-1.2025624937180017,2.902155855599758,0.00048300189136963164,-1.4116204420672815,-1.725262467061178,-1.4066794554339808,-1.5807808081256312,1.5708705186843872,-0.6264870802508753,0
81,1788173502.6230154,-0.018675601106018732,-0.5631554930119478,0.2829500537444648,-1.2019371037943725,2.9024700999321076,0.0003959892837241349,-1.4090178648578089,-1.7266300360309046,-1.40918475786318,-1.5768421331988733,1.5708345174789429,-0.6234400908099573,0
82,1788173502.6620843,-0.016752142042145396,-0.5638939635686177,0.2798860607510154,-1.1997236108489977,2.9033814799163697,0.00043017144530312415,-1.4058039824115198,-1.7282732168780726,-1.415069882069723,-1.5693357626544397,1.5708345174789429,-0.6187022368060511,0
83,1788173502.7001183,-0.015466895755058918,-0.56439970269566,0.27732671397644626,-1.1973266828552132,2.9043372304509982,0.000395444004261709,-1.4036806265460413,-1.7294366995440882,-1.4202364126788538,-1.562990967427389,1.5708705186843872,-0.6149361769305628,0
84,1788173502.7381747,-0.013900965732729385,-0.5651538306150538,0.27406392948116476,-1.1946441461626274,2.9054451059297848,0.0005520364554615244,-1.4011138121234339,-1.7313087622271937,-1.4263375441180628,-1.5551140944110315,1.5708465576171875,-0.6105216185199183,0
85,1788173502.7767847,-0.012255609165887834,-0.5659506369800675,0.27088037644977436,-1.192419057223036,2.9064248179927517,0.0003026556829373228,-1.3984273115741175,-1.7332037130938929,-1.4322708288775843,-1.5471175352679651,1.5708225965499878,-0.6062877813922327,0
86,1788173502.8166752,-0.010689321551154264,-0.5667534222813961,0.2676859735572985,-1.1901108672854173,2.907354038999574,6.453431902394682e-05,-1.3959210554706019,-1.7352069059955042,-1.4380963484393519,-1.5391438643084925,1.5708705186843872,-0.6021974722491663,0
87,1788173502.8576696,-0.009098078113590168,-0.5675709294338108,0.26442624655855973,-1.1875354110509477,2.908375640599266,0.00045960598875839035,-1.3933542410479944,-1.7375224272357386,-1.4436219374286097,-1.5315545240985315,1.5708465576171875,-0.5978668371783655,0
88,1788173502.8979447,-0.007507614602763356,-0.5684394155248235,0.2613604966095827,-1.1848394215924416,2.90954789249646,-3.750982928847864e-05,-1.3908236662494105,-1.7397053877459925,-1.4489448706256312,-1.5237248579608362,1.5708465576171875,-0.5934651533709925,0
89,1788173502.937817,-0.006022463737713604,-0.5692858247302659,0.2581715487188022,-1.1822767356240558,2.9105511369356867,0.00014375256835831072,-1.3884852568255823,-1.7421529928790491,-1.4541590849505823,-1.5161832014666956,1.5708585977554321,-0.5893748442279261,0
90,1788173502.979108,-0.004425425407702451,-0.5702581334388988,0.25493001536871973,-1.1800180835201715,2.911498763882569,1.8015601578997506e-05,-1.3859899679767054,-1.7448638121234339,-1.4592412153827112,-1.50830585161318,1.5708465576171875,-0.5853202978717249,0
91,1788173503.020021,-0.002945984451847546,-0.5712172112938875,0.2516926576553299,-1.1776880687056837,2.9124219049567404,0.00016517103952614335,-1.3837111631976526,-1.747706715260641,-1.4641078154193323,-1.5006917158709925,1.5708465576171875,-0.5814459959613245,0
92,1788173503.0584407,-0.0014674390928335998,-0.5722228086746173,0.24843855598985473,-1.1751606450549568,2.9133601671525713,0.0005837763262205646,-1.3814681212054651,-1.7508261839496058,-1.4686387220965784,-1.4933174292193812,1.5708705186843872,-0.5774872938739222,0
93,1788173503.0986524,-1.8861519797670853e-05,-0.5733394728336856,0.24528091372713068,-1.172398579545475,2.9145234622818057,0.00031082714833924823,-1.3793094793902796,-1.7540167013751429,-1.4729421774493616,-1.4856436888324183,1.5708585977554321,-0.5734208265887659,0
94,1788173503.1421432,0.0013128988143202478,-0.574500497656709,0.24204478801346707,-1.16961007026838,2.915671400214797,0.0002044578696378529,-1.3773787657367151,-1.7574475447284144,-1.4771254698382776,-1.4779580275165003,1.5708465576171875,-0.5695703665362757,0
95,1788173503.1847756,0.0027015457519333885,-0.5755926469543805,0.2388252547246694,-1.1672384099808002,2.916591104706627,0.0004455248689732312,-1.3753393332110804,-1.760890309010641,-1.4811895529376429,-1.470607105885641,1.5708465576171875,-0.5659115950213831,0
96,1788173503.2286575,0.004371784510572229,-0.5770229920663038,0.23510317948210904,-1.1645755829553937,2.917748947947675,-7.971141107813995e-05,-1.3729289213763636,-1.7650774160968226,-1.4857562224017542,-1.461508576069967,1.5708225965499878,-0.5616534391986292,0
97,1788173503.273166,0.005716780095492236,-0.5781380668579857,0.23184777892096975,-1.161906923555369,2.91868811946499,0.00028939396069831277,-1.371021572743551,-1.7687719503985804,-1.48956805864443,-1.4542539755450647,1.570894479751587,-0.5579465071307581,0
98,1788173503.3152225,0.007348928509035543,-0.5795790517466345,0.2280157555829963,-1.1587586902348577,2.9200039798628317,0.00019559654505585652,-1.368695084248678,-1.773306671773092,-1.4939072767840784,-1.445310417805807,1.5708465576171875,-0.5534480253802698,0
99,1788173503.357977,0.008662614418824247,-0.5807798450066419,0.22483395234116693,-1.1562598507613995,2.920960332056327,0.00026467897142549713,-1.3668716589557093,-1.7772052923785608,-1.4973118940936487,-1.4380558172809046,1.5708705186843872,-0.5499213377581995,0
100,1788173503.4013922,0.009884138204335424,-0.5820076770644669,0.22150252301003312,-1.1536886864750255,2.921943440439654,0.0007734046732706532,-1.3652051130877894,-1.7814043203936976,-1.5006564299212855,-1.4308365027057093,1.5708465576171875,-0.5465024153338831,0
101,1788173503.4469504,0.011379552947147112,-0.5835182046590806,0.21766591779583097,-1.1510471794612351,2.923001213008477,0.00064774449306297,-1.363189999257223,-1.7863224188434046,-1.5045040289508265,-1.4219892660724085,1.5708465576171875,-0.542675797139303,0
102,1788173503.4860964,0.01252805443947763,-0.5847573511636244,0.21454647783362726,-1.148641930413501,2.923990619429978,0.00027731771876976676,-1.3616789023028772,-1.7903173605548304,-1.5076687971698206,-1.4145901838885706,1.5708465576171875,-0.5395091215716761,0
103,1788173503.5310638,0.013744393469586518,-0.5861351576820072,0.21068729585769988,-1.1453287615298235,2.925243778172206,0.0004615155607142917,-1.360119644795553,-1.795163933430807,-1.5115883986102503,-1.4059465567218226,1.5708705186843872,-0.5356949011432093,0
104,1788173503.572902,0.014626731728166292,-0.5872020343380255,0.20752601985760685,-1.1425468530397278,2.926409587864723,0.00023291420043215305,-1.3589924017535608,-1.7989066282855433,-1.5151365439044397,-1.3985002676593226,1.5708225965499878,-0.5326479117022913,0
105,1788173503.6179662,0.015372666345315592,-0.5880383096446993,0.20438448912808493,-1.139973237012085,2.9273820864899647,0.0002811028924557988,-1.358044449483053,-1.802241627370016,-1.5190919081317347,-1.3912447134601038,1.5708465576171875,-0.5299485365497034,0
106,1788173503.6614218,0.01628945307769361,-0.589039313245253,0.2005795157389388,-1.1371410521370322,2.9284686040917043,-6.033262189197138e-05,-1.3568809668170374,-1.8062008062945765,-1.5240429083453577,-1.3821218649493616,1.570894479751587,-0.5268538633929651,0
107,1788173503.705313,0.017013246817318497,-0.5896789049546494,0.19662446597334196,-1.1342676003676795,2.9295564191041756,0.00043123134762716535,-1.3558858076678675,-1.8096912542926233,-1.5298445860492151,-1.3731425444232386,1.5708705186843872,-0.523902718220846,0
108,1788173503.7480657,0.017166850706487616,-0.5898080038878698,0.1934547934456742,-1.1318930084406391,2.930470106462862,0.0006000835517710916,-1.3556698004352015,-1.8115509192096155,-1.5357182661639612,-1.3655160109149378,1.5708585977554321,-0.522066895161764,0
109,1788173503.79183,0.017148963310622562,-0.5898232912578961,0.19030238082842327,-1.1292697425947726,2.931521627142456,0.00022641006081351644,-1.3557055632220667,-1.813014332448141,-1.5421431700335901,-1.357386891041891,1.5708585977554321,-0.5203035513507288,0
110,1788173503.8353665,0.01715433389447249,-0.589815485923869,0.18655130623467173,-1.1262662605919422,2.932688509139101,0.00011622853374128526,-1.3556936422931116,-1.814873997365133,-1.5495994726764124,-1.3479998747455042,1.5708585977554321,-0.5182402769671839,0
111,1788173503.8790145,0.017158428141695683,-0.5897823345601402,0.18329113477378217,-1.123500514522473,2.9337390670363837,0.0003405925855924976,-1.3556698004352015,-1.8165891806231897,-1.5559166113482874,-1.3401101271258753,1.5708465576171875,-0.5163329283343714,0
112,1788173503.9216151,0.017444892929827174,-0.5897902417271457,0.17941970875103516,-1.120120806945519,2.935029378917229,0.0003615459912553295,-1.3551901022540491,-1.8187606970416468,-1.563300911580221,-1.3305676619159144,1.5708465576171875,-0.513550106679098,0
113,1788173503.9643304,0.01861295539798438,-0.5898230339437779,0.17614891025826104,-1.1174790539701747,2.9360350564635813,0.00038045237475549783,-1.3532350699054163,-1.8207882086383265,-1.5693066755877894,-1.3225463072406214,1.5708465576171875,-0.5097954908954065,0
114,1788173504.0078392,0.02024328166336881,-0.5898932622831901,0.17304181611443073,-1.1150683844176528,2.9370162978058643,-0.00013980825748700744,-1.3505128065692347,-1.8227432409869593,-1.5750725905047815,-1.314488712941305,1.5708345174789429,-0.5054166952716272,0
115,1788173504.0492942,0.022183051299445904,-0.5898279314088569,0.16918153249836157,-1.112495050265304,2.937938467015415,0.0004204476415494485,-1.3472259680377405,-1.8252628485309046,-1.5819414297686976,-1.305460278187887,1.5708345174789429,-0.5003898779498499,0
116,1788173504.0912216,0.023777674346418483,-0.5898473739454866,0.1660477414222391,-1.1098911175697541,2.938938317349006,-1.3206455639534722e-05,-1.3445633093463343,-1.8272903601275843,-1.5876954237567347,-1.2974031607257288,1.5708585977554321,-0.4959514776812952,0
117,1788173504.1333542,0.025381345328930167,-0.5898438967351265,0.16282413447488503,-1.1067723270264882,2.9401204330687576,6.240255821120286e-05,-1.3418644110309046,-1.8295334021197718,-1.5933416525470179,-1.289560619984762,1.5708465576171875,-0.491129223500387,0
118,1788173504.1782446,0.027227030780169553,-0.5897837659457338,0.15882381680129196,-1.1023508057256939,2.941751520479109,0.000704316672496202,-1.3387344519244593,-1.8324244658099573,-1.6001384894000452,-1.2802813688861292,1.5708225965499878,-0.48499900499452764,0
119,1788173504.2230415,0.028875746988237343,-0.589820920191156,0.15586915320648478,-1.0993109033825486,2.942879433933088,0.0003774940037713523,-1.3359993139850062,-1.8346198240863245,-1.6052210966693323,-1.2727978865252894,1.5708585977554321,-0.4801996389972132,0
120,1788173504.2663114,0.030807701471742412,-0.5898566186322127,0.1534616667067478,-1.0955291707347656,2.9443353051384293,-1.6796549883838604e-05,-1.3327730337726038,-1.8364914099322718,-1.6092851797686976,-1.2666075865374964,1.5708465576171875,-0.47439366975893194,0
121,1788173504.309141,0.03245367193187311,-0.5898581689377418,0.15211241879479884,-1.0931000003796496,2.945266191780335,-0.00021228561660981704,-1.3300145308123987,-1.837595287953512,-1.611490551625387,-1.2631714979754847,1.5708345174789429,-0.4699791113482874,0
122,1788173504.3527327,0.03403025523769177,-0.5898175947293608,0.1515857604575027,-1.0919927767729063,2.945640955649253,-0.0002534553726432588,-1.3273757139789026,-1.8380749861346644,-1.612281624470846,-1.2618783156024378,1.5708705186843872,-0.46659642854799444,0
123,1788173504.3973339,0.03595225004975286,-0.5896153370465783,0.15161664867316854,-1.09216074712715,2.945613546210079,-0.00020982217967489055,-1.3240655104266565,-1.8378589789019983,-1.6124737898456019,-1.261925999318258,1.5708345174789429,-0.46339255968202764,0
124,1788173504.4387348,0.03756864203323384,-0.5893955352042062,0.15153470966181629,-1.0923210991912005,2.9455052736760226,0.00010433676703190561,-1.321282688771383,-1.8377392927752894,-1.6127970854388636,-1.261925999318258,1.5708585977554321,-0.4607294241534632,0
125,1788173504.4808657,0.03918239948757578,-0.5891590604868623,0.15145351289663095,-1.0924027875123734,2.9454541601283935,0.00040414244366223723,-1.3184879461871546,-1.837583367024557,-1.6131685415851038,-1.261902157460348,1.5708585977554321,-0.45799476305116826,0
126,1788173504.5194917,0.04111793738278966,-0.5888710931033101,0.15140407002052161,-1.0924180021623677,2.945445653549028,0.0006501971248274165,-1.31512958208193,-1.8373315970050257,-1.6135886351214808,-1.2618897596942347,1.5708465576171875,-0.4546473662005823,0
127,1788173504.562696,0.042696136227425706,-0.5886613231612947,0.15144468393191554,-1.0922969469359665,2.9455004887882,0.000518642988740496,-1.312406365071432,-1.8370431105243128,-1.6138761679278772,-1.2618063131915491,1.5708465576171875,-0.4518397490130823,0
128,1788173504.6057925,0.04426713154376228,-0.5884362912323665,0.15145746752493944,-1.0919296255096105,2.94565166097004,0.0005021426743896132,-1.3096841017352503,-1.8367794195758265,-1.6141875425921839,-1.2617467085467737,1.5708345174789429,-0.44886476198305303,0
129,1788173504.6501222,0.046185964987822486,-0.5881792418638114,0.15146866565375178,-1.0920025417884134,2.9456350204722552,0.00035256328373540417,-1.306373421345846,-1.8364794890033167,-1.6145713965045374,-1.2615669409381312,1.5708345174789429,-0.44560128847231084,0
130,1788173504.69265,0.04781458550491286,-0.5879460598635065,0.1514995086146066,-1.0922782009346974,2.9455123958223064,0.00027413365499809604,-1.3035667578326624,-1.8362038771258753,-1.6148589293109339,-1.2615068594561976,1.5708585977554321,-0.4429863134967249,0
131,1788173504.7361238,0.0494098055160853,-0.5877940879377875,0.15151818513952744,-1.092280152657869,2.9455198013659905,0.00014312058705395937,-1.3008440176593226,-1.8361075560199183,-1.614955250416891,-1.2614229361163538,1.5708585977554321,-0.44026309648622686,0
132,1788173504.7800906,0.05132996323411099,-0.5877019551457365,0.15148811447998922,-1.0926510568014114,2.945386904292163,0.0002958023247364561,-1.2976058165179651,-1.8363354841815394,-1.6147154013263147,-1.261531178151266,1.5708465576171875,-0.4372757116900843,0
133,1788173504.82479,0.052864192304124216,-0.5877295733814387,0.15155387684791083,-1.0923304865769936,2.9455521157253535,-7.649971753474763e-05,-1.2950623671161097,-1.8365514914142054,-1.6143196264850062,-1.2614710966693323,1.5708225965499878,-0.4345043341266077,0
134,1788173504.8688202,0.0548549561520888,-0.5877715496003713,0.1516019485916986,1.0922642653319563,-2.9455954203733126,0.0003945958204437546,-1.291776482258932,-1.8369353453265589,-1.613744084035055,-1.261458698903219,1.5708105564117432,-0.43116933504213506,0
135,1788173504.91383,0.05641697639513194,-0.5877732992646179,0.1516196256374112,-1.0918642108539178,2.9457078523008433,-0.0005114443369729131,-1.2892091909991663,-1.8372357527362269,-1.6133244673358362,-1.2615068594561976,1.5708585977554321,-0.4283383528338831,0
136,1788173504.9582574,0.058388287344685805,-0.5877802845863342,0.15165403483410753,-1.092044656313443,2.945658057105702,-0.0006234936687543964,-1.2859466711627405,-1.8376310507403772,-1.61273700395693,-1.2616265455829065,1.5708465576171875,-0.4251945654498499,0
137,1788173505.001908,0.060242166348772386,-0.5877799610753492,0.15163947577871145,-1.0920903588736937,2.945621884395033,-0.000511803710345594,-1.2828882376300257,-1.8380988279925745,-1.6121495405780237,-1.2618182341205042,1.5708585977554321,-0.4221714178668421,0
138,1788173505.0462322,0.061863134086183026,-0.5878188676992021,0.151644738307475,-1.0921737042109023,2.9455773515500665,-0.0005120927650266973,-1.2802370230304163,-1.83856708208193,-1.6115263144122522,-1.2619736830340784,1.5708705186843872,-0.4195798079120081,0
139,1788173505.0867188,0.06342262495164692,-0.5878935825510974,0.151603471283576,-1.092232573392033,2.9455745644295916,-0.0003764842569712275,-1.277694050465719,-1.8391788641559046,-1.610819164906637,-1.2621539274798792,1.5708465576171875,-0.4170725981341761,0
140,1788173505.1252792,0.06500547576412986,-0.5880442711325956,0.15157400595032477,-1.092299654224865,2.9455422033545973,-0.00020661938904751917,-1.275163475667135,-1.8399823347674769,-1.6098244825946253,-1.2624533812152308,1.5708465576171875,-0.4145892302142542,0
141,1788173505.1665618,0.0666155305543301,-0.588218850488452,0.15152304184145507,-1.0922374929046774,2.9455426214697193,3.7004965744009265e-05,-1.272609059010641,-1.8408940474139612,-1.6087334791766565,-1.2627885977374476,1.5708585977554321,-0.4119976202594202,0
142,1788173505.2086093,0.06855435577944514,-0.5885043011179473,0.15151365907259642,-1.0918745711619386,2.9457035237785925,2.2151818935410816e-05,-1.269562069569723,-1.84204608598818,-1.6072590986834925,-1.2630999724017542,1.5708345174789429,-0.4086983839618128,0
143,1788173505.2519395,0.07023771335709585,-0.5886954428929251,0.1513857066195068,-1.0919366593591733,2.9456555242306663,2.4278705544617115e-06,-1.2669108549701136,-1.843017880116598,-1.6063359419452112,-1.2630398909198206,1.5708585977554321,-0.40609485307802373,0
144,1788173505.2941701,0.07173396006600333,-0.5888706719005418,0.15105730201818984,-1.0919559427779413,2.9456536879519644,0.0002302580601399505,-1.264548126851217,-1.84412128130068,-1.60573655763735,-1.2626803557025355,1.5708465576171875,-0.4037440458880823,0
145,1788173505.337087,0.07371293281039189,-0.5890553210542404,0.15034844605841877,-1.0920072734975934,2.945581014709105,0.0003258607504872916,-1.2614296118365687,-1.8456328550921839,-1.605640713368551,-1.2613275686847132,1.570894479751587,-0.4006722609149378,0
146,1788173505.3791387,0.07527594326567516,-0.5892913800532893,0.14915864674260243,-1.0915917231922194,2.9457636860920737,0.0002411167941857559,-1.2589944044696253,-1.8474443594561976,-1.6064680258380335,-1.2586334387408655,1.5708705186843872,-0.39794856706728154,0
147,1788173505.4209604,0.07692000922125235,-0.5895640597642017,0.14727914253929908,-1.090897188815993,2.9460600360459415,-0.00023523658768252086,-1.256451431904928,-1.849771801625387,-1.6085293928729456,-1.2539399305926722,1.5708465576171875,-0.39492541948427373,0
148,1788173505.463818,0.07854230043966283,-0.5896754068664561,0.14456733360176605,-1.089406545759783,2.9465964378258063,0.00034430466903055744,-1.2538726965533655,-1.8526752630816858,-1.6118977705584925,-1.2480371634112757,1.5708465576171875,-0.3913381735431116,0
149,1788173505.504786,0.0804752038898472,-0.5899475823144794,0.14115806034221667,-1.085726791960289,2.9479462613587692,0.00017488433398682565,-1.250885311757223,-1.856406037007467,-1.6161773840533655,-1.2399190107928675,1.5708585977554321,-0.3858554998980921,0
150,1788173505.5433977,0.08205548971996914,-0.590221809008983,0.13802010646146926,-1.0817741487431913,2.9494329375251263,-0.0002196754082133933,-1.248462978993551,-1.8598249594317835,-1.6201813856707972,-1.23224383989443,1.5708345174789429,-0.380744759236471,0
151,1788173505.5852208,0.08358673021463534,-0.5903398752767606,0.1347570845752689,-1.07744073282442,2.9509733818051926,0.0001542297228153821,-1.246063534413473,-1.863255802785055,-1.6243889967547815,-1.2248442808734339,1.5708705186843872,-0.3754175345050257,0
152,1788173505.6253014,0.0852221745617786,-0.5905224622107224,0.13167997410037552,-1.0731921499683488,2.9525275565829125,-0.000260889994539876,-1.2435210386859339,-1.8665550390826624,-1.6284049193011683,-1.217264477406637,1.5708705186843872,-0.36999494234193975,0
153,1788173505.667327,0.08682798957181535,-0.5906990342207142,0.12845261171659755,-1.068277493231953,2.954345552760269,-0.0001463722875140967,-1.2410138289081019,-1.8701542059527796,-1.6323488394366663,-1.2097933928119105,1.5708345174789429,-0.36415177980531865,0
154,1788173505.710132,0.08839742910796757,-0.590844723229247,0.12523568696650123,-1.063844385432562,2.955942565952422,5.8316240470208553e-05,-1.2385667006122034,-1.8737528959857386,-1.6362569967852991,-1.202416721974508,1.5708345174789429,-0.35870486894716436,0
155,1788173505.751682,0.09007238839536026,-0.5911015582901935,0.12211125556722802,-1.0599638541099283,2.9573519461462996,-0.0003929056093397403,-1.236011807118551,-1.8774359861956995,-1.6399133841144007,-1.1947897116290491,1.5708225965499878,-0.3535216490374964,0
156,1788173505.792599,0.09194497323603107,-0.5914264343188964,0.11826960943826217,-1.0542441561332951,2.959381822965356,-0.00039130946468266036,-1.2331932226764124,-1.8821504751788538,-1.6440728346454065,-1.1859167257892054,1.5708345174789429,-0.3468392531024378,0
157,1788173505.8348787,0.09358013555571817,-0.5916428130960438,0.11498569063128095,-1.049738155032606,2.960943775032931,4.366237376321223e-06,-1.2307098547564905,-1.8862298170672815,-1.647501293812887,-1.1786606947528284,1.5708705186843872,-0.3413198629962366,0
158,1788173505.8785203,0.09513157476170764,-0.5919933806109756,0.11185020371383517,-1.0456051961862853,2.9624303518727553,-0.000392288578743796,-1.2284186522113245,-1.8902843634234827,-1.6506899038897913,-1.1711648146258753,1.5708465576171875,-0.3362324873553675,0
159,1788173505.9210799,0.0968781695963235,-0.5922959951908775,0.1078719871572981,-1.0403784478339866,2.9642725232226494,0.0003435656776568708,-1.2258036772357386,-1.8954427878009241,-1.6545141378985804,-1.1626504103290003,1.5708465576171875,-0.3300893942462366,0
160,1788173505.9651897,0.0983120954348966,-0.5925991686943399,0.10473772904279846,-1.0354141628708013,2.9660097944711867,0.00017458825878596915,-1.2236931959735315,-1.899534050618307,-1.657618824635641,-1.155346695576803,1.5708465576171875,-0.32463056245912725,0
161,1788173506.0080645,0.099421742808106,-0.5928433180515551,0.10155987274258668,-1.030284311796499,2.9677817712480787,2.2340309845796504e-05,-1.2220733801471155,-1.9034808317767542,-1.6610472838031214,-1.1478741804706019,1.5708585977554321,-0.3195555845843714,0
162,1788173506.04906,0.10025716812468068,-0.5929201375326852,0.09764265993457569,-1.02447843685647,2.969796647762098,0.0004959492269161917,-1.220790211354391,-1.907907787953512,-1.6657822767840784,-1.1390135923968714,1.5708585977554321,-0.31435996690859014,0
163,1788173506.0916572,0.10044215379519196,-0.5929964087423998,0.0946135741587785,-1.018641137291104,2.971770689973575,-0.0001456145749969141,-1.2205498854266565,-1.9110024611102503,-1.6700862089740198,-1.1312058607684534,1.5708825588226318,-0.31019670168031865,0
164,1788173506.129632,0.10041138440446791,-0.5929826556658594,0.09150377490003667,-1.0126876669352554,2.9738169283572975,-0.00016672521947264505,-1.22058612505068,-1.91411000887026,-1.674509350453512,-1.1236618200885218,1.5708705186843872,-0.3062251249896448,0
165,1788173506.1713953,0.10037599662121943,-0.5929474182641336,0.08832095589879566,-1.006336030747877,2.9759766309190008,0.0001143196739717148,-1.2206218878375452,-1.917373005543844,-1.678885285054342,-1.1162017027484339,1.5708705186843872,-0.30198985735048467,0
166,1788173506.2129755,0.10038975342731452,-0.5930090428111945,0.08515918293789765,-1.0003625879641378,2.978022692468516,-0.00019016993666373604,-1.2206218878375452,-1.9207442442523401,-1.6831648985492151,-1.1083577314959925,1.5708345174789429,-0.2979701201068323,0
167,1788173506.2566369,0.10037815232337792,-0.5929453081885672,0.08199854028458872,-0.9945947937434201,2.9799094395263577,0.0001489885919181606,-1.2206218878375452,-1.9240554014789026,-1.687432591115133,-1.1009934584247034,1.5708825588226318,-0.2941067854510706,0
168,1788173506.301582,0.10038445501234747,-0.5929454225806394,0.07835359700681327,-0.9872728755208956,2.9823775886551642,-3.957295086935505e-05,-1.220598045979635,-1.9279544989215296,-1.692359749470846,-1.0920479933368128,1.5708465576171875,-0.289163891469137,0
169,1788173506.3455215,0.10037912675312327,-0.592930834727984,0.07462431542197814,-0.9795769933401128,2.984919993147796,0.0002256358097581969,-1.220598045979635,-1.9320934454547327,-1.6971309820758265,-1.083306614552633,1.5708465576171875,-0.284004036580221,0
170,1788173506.3882709,0.10036413362747686,-0.5929103336766318,0.07149028265331145,-0.9733815647889348,2.986954211107992,0.0005603817191104665,-1.2206099669085901,-1.9356325308429163,-1.7010510603534144,-1.0760605970965784,1.5708465576171875,-0.27986461320985967,0
171,1788173506.4319348,0.10040196906811176,-0.5929979793435868,0.06853996996372366,-0.9670771193306729,2.9889581626962283,-0.00019331133132225963,-1.2206099669085901,-1.9390032927142542,-1.7048867384540003,-1.0683730284320276,1.5708705186843872,-0.27565318742860967,0
172,1788173506.473178,0.10053037092273123,-0.5929439841432658,0.0647910344415045,-0.9597115644442634,2.9913565092670824,0.00029573000900085395,-1.220370117818014,-1.9433701674090784,-1.7094062010394495,-1.059798542653219,1.5708585977554321,-0.2704818884478968,0
173,1788173506.5141532,0.1010160358958376,-0.5928917536446202,0.06158846451332681,-0.9529578449400391,2.9935661316835627,0.0007440522162145941,-1.2195547262774866,-1.9472816626178187,-1.7130149046527308,-1.0525653998004358,1.5708225965499878,-0.2651427427874964,0
174,1788173506.5530674,0.10233472559009116,-0.5929991233397518,0.058587189081664576,-0.9460439666881679,2.9957072124798403,0.00025446150505658704,-1.217539135609762,-1.9514201323138636,-1.7158797422992151,-1.0452483336078089,1.5708585977554321,-0.258519474660055,0
175,1788173506.5930254,0.10395632928055344,-0.5931457654203979,0.055549038722088134,-0.9397911291290114,2.9976928893606716,0.0007597494326513383,-1.2150562445269983,-1.9560630957232874,-1.7179415861712855,-1.0388653914081019,1.5708585977554321,-0.25185996690859014,0
176,1788173506.6362014,0.10556231041912455,-0.593363565937216,0.05293282879274794,-0.9339067894519396,2.9995269965301383,0.0005850076315427216,-1.2126448790179651,-1.9602258841144007,-1.719583813344137,-1.0329487959491175,1.5708585977554321,-0.24552470842470342,0
177,1788173506.678663,0.1072151270060181,-0.5935889574458937,0.05127633461341791,-0.927737422027744,3.0014002035579637,-0.00015370637603362257,-1.2101739088641565,-1.9631536642657679,-1.7203033606158655,-1.0288293997394007,1.5708705186843872,-0.23894912401308233,0
178,1788173506.7207778,0.10915440977574223,-0.5938354027356939,0.04980820749836143,-0.922108920908834,3.003169237318671,-0.0004883841720876268,-1.2072470823871058,-1.9661043326007288,-1.720351521168844,-1.0256198088275355,1.5708225965499878,-0.23226625124086553,0
179,1788173506.7656233,0.11077236385699918,-0.5939225934458618,0.04877393175872577,-0.9188808810092526,3.0041569284143486,4.649635576368381e-05,-1.204764191304342,-1.9682882467852991,-1.7200878302203577,-1.024039093648092,1.5708465576171875,-0.22763425508608037,0
180,1788173506.8076892,0.11230971826583167,-0.5940535628156063,0.048208811010776065,-0.9162524043925471,3.0049742799273287,8.645930053042973e-05,-1.2024248282061976,-1.9698479811297815,-1.7194402853595179,-1.0231531302081507,1.5708345174789429,-0.22354251543153936,0
181,1788173506.8494608,0.1142551833802662,-0.5941680404373768,0.047870460750623234,-0.9147730940656721,3.0054258731438095,0.0003509707974937552,-1.1994498411761683,-1.9713109175311487,-1.718217674885885,-1.0230806509601038,1.5708465576171875,-0.2195828596698206,0
182,1788173506.8929796,0.11565370520654175,-0.5943062552826069,0.04786467502262151,-0.9151460145745651,3.0052954944410994,0.0002606945307611458,-1.197350804005758,-1.9721272627459925,-1.7170308271991175,-1.0233925024615687,1.5708585977554321,-0.2177351156817835,0
183,1788173506.937097,0.11617297604226372,-0.5943726785354679,0.047887020876562825,-0.9150051826516384,3.005349794235371,-5.794035943720188e-06,-1.1965706984149378,-1.9723790327655237,-1.7166350523578089,-1.0233681837665003,1.5708345174789429,-0.21685916582216436,0
184,1788173506.9798634,0.11613855762313131,-0.5943806682656039,0.0479199478921985,-0.9150647385837066,3.0052882337322475,-0.00011410952430658849,-1.1966431776629847,-1.9723189512835901,-1.716646973286764,-1.0233443419085901,1.5708705186843872,-0.21697932878603154,0
185,1788173507.022309,0.11614849899908035,-0.594369408723724,0.04790260364606547,-0.9151483764303353,3.005303219115177,-6.25477084577785e-05,-1.1966069380389612,-1.9723308722125452,-1.7166708151446741,-1.0233443419085901,1.5708345174789429,-0.21699124971498662,0
186,1788173507.064572,0.11612605969186597,-0.5943638057643571,0.04787500570134298,-0.9150917967224215,3.005312832027385,3.301895510331444e-05,-1.1966431776629847,-1.9723666349994105,-1.7166827360736292,-1.0233567396747034,1.5708465576171875,-0.21699124971498662,0
187,1788173507.1080744,0.1161230755984833,-0.5943562058605906,0.04787162103942863,-0.9150926128132734,3.005315517041435,8.902086576041728e-05,-1.1966431776629847,-1.9723666349994105,-1.7166827360736292,-1.0233925024615687,1.5708465576171875,-0.21699124971498662,0
188,1788173507.1495662,0.11613963085530722,-0.5943670305489158,0.047890092023813,-0.9152390414057198,3.0052795623375586,1.2865679136890184e-05,-1.1966193358050745,-1.9723547140704554,-1.716658894215719,-1.0233805815326136,1.5708345174789429,-0.2170632521258753,0
189,1788173507.1900673,0.11613247076740066,-0.5943682248293124,0.04788012647428122,-0.9152569542036013,3.005274106894915,1.286461974018902e-05,-1.1966312567340296,-1.9723666349994105,-1.7166708151446741,-1.0233567396747034,1.5708345174789429,-0.21708709398378545,0
190,1788173507.2326021,0.11613716792795385,-0.5943740706610686,0.04792761219125266,-0.9151630339191407,3.0052227845380775,-7.159704847695537e-05,-1.1966550985919397,-1.972307030354635,-1.7166350523578089,-1.0233925024615687,1.5709065198898315,-0.2170632521258753,0
191,1788173507.2741332,0.11611862889009207,-0.5943718313985278,0.04790715883920707,-0.9152029434540306,3.0052895776927744,-5.8031460288620196e-06,-1.1966550985919397,-1.9723308722125452,-1.716646973286764,-1.0234044233905237,1.5708345174789429,-0.21707517305483037,0
192,1788173507.317445,0.11615983469083628,-0.5943832350765592,0.047907917238557,-0.9152672183049114,3.005240956656923,-7.824882711359303e-05,-1.1966069380389612,-1.9723547140704554,-1.7166226545916956,-1.0233567396747034,1.5708585977554321,-0.21707517305483037,0
193,1788173507.360981,0.11615175066972719,-0.5943828543461483,0.04753720594334876,-0.9150330610969758,3.005315351224642,-1.9253916042826236e-05,-1.1966193358050745,-1.9728229681598108,-1.7170184294330042,-1.0225303808795374,1.5708585977554321,-0.21693116823305303,0
194,1788173507.4046566,0.11613737939537451,-0.5943851139622573,0.04626470605601479,-0.9137924822038127,3.0057049748392637,0.00021225100194508875,-1.1966431776629847,-1.9744542280780237,-1.718337361012594,-1.0197280089007776,1.5708585977554321,-0.21612722078432256,0
195,1788173507.4492927,0.1161253452877807,-0.594366448498191,0.04447116926991607,-0.9116079759614251,3.006360440104048,0.00029891457288765887,-1.1966550985919397,-1.9766739050494593,-1.7203634420977991,-1.0155366102801722,1.5708705186843872,-0.21468717256654912,0
196,1788173507.4924881,0.11614950332662366,-0.5944085448337181,0.04150918489316993,-0.9071503054892259,3.007701510150968,0.00016393077336994896,-1.1966431776629847,-1.9804771582232874,-1.7235639731036585,-1.00844651857485,1.5708705186843872,-0.21171170869936162,0
197,1788173507.5347066,0.11617250350581962,-0.5943766399126184,0.038549671233407024,-0.9027708442312641,3.0090426197715843,0.00036482712052508543,-1.196583096181051,-1.9842436949359339,-1.726764980946676,-1.0016081968890589,1.5708585977554321,-0.20873576799501592,0
198,1788173507.5776997,0.11612068074126754,-0.5943231576782408,0.035248204538738975,-0.8977746372031469,3.010559428875819,0.0007575165551107818,-1.1966312567340296,-1.988467041646139,-1.7302892843829554,-0.9941113630877894,1.5708585977554321,-0.20545989671816045,0
199,1788173507.617061,0.11619417187945745,-0.5944393350136804,0.03367988611855249,-0.8950899067479372,3.011316932469504,-0.0002105009998417764,-1.196583096181051,-1.9905665556537073,-1.732039753590719,-0.9896438757525843,1.5708465576171875,-0.2036359945880335,0
200,1788173507.6620502,0.11619890103987626,-0.5944752731144014,0.0326738318179349,-0.8931466277903163,3.011858457382965,-0.0003892892284941234,-1.1966069380389612,-1.9919222036944788,-1.7330706755267542,-0.9871409575091761,1.5708705186843872,-0.20237571397890264,0
201,1788173507.706638,0.1162276368007936,-0.594536461532151,0.0325711121585498,-0.8931972597309696,3.01182893710591,-0.0008595250181831497,-1.1965950171100062,-1.9920900503741663,-1.7332142035113733,-0.9865301291095179,1.5708585977554321,-0.202400032673971,0
202,1788173507.7514455,0.11642979299336466,-0.5945309078656488,0.032563417499481995,-0.8932406525756028,3.0118435828569785,-0.0005976939359978076,-1.1962712446795862,-1.9922221342669886,-1.7329867521869105,-0.9867938200580042,1.5708465576171875,-0.20210010210146123,0
203,1788173507.795073,0.11742647781859955,-0.594727977854823,0.03256867562135632,-0.8937143138426233,3.011720560851478,-0.000505168567546945,-1.1948321501361292,-1.993014160786764,-1.7317402998553675,-0.9873083273517054,1.5708345174789429,-0.20097238222231084,0
204,1788173507.8396263,0.11888143611338534,-0.5952687964478656,0.032471346230266845,-0.8934075556598718,3.011813726544646,0.0001744825882413875,-1.1929124037372034,-1.9949334303485315,-1.7289708296405237,-0.9885895887957972,1.5708705186843872,-0.19884854951967412,0
205,1788173507.882366,0.12042925283458791,-0.5958956332620735,0.03241511722901483,-0.8935088358889164,3.0118259544508508,0.000453187723061085,-1.1908848921405237,-1.9969247023211878,-1.7260339895831507,-0.9897154013263147,1.5708465576171875,-0.19688064256776983,0
206,1788173507.9262562,0.12104304661304241,-0.5960401182604017,0.03239761239458433,-0.8932364606371009,3.0119059331131512,0.00043532388319149226,-1.190021816884176,-1.997476879750387,-1.7252424399005335,-0.9899433294879358,1.5708465576171875,-0.19583684602846319,0
207,1788173507.9687722,0.12101921927715113,-0.5960455699126097,0.032419537744480115,-0.8932203577696991,3.0119174783103513,0.00034035139784965613,-1.1900575796710413,-1.9974287191974085,-1.7252667585956019,-0.9899075667010706,1.5708345174789429,-0.19586068788637334,0
208,1788173508.0132654,0.12105136037956503,-0.5960342977842883,0.032428968606951714,-0.8933388777983459,3.011856126636954,0.0003244496201732525,-1.190009895955221,-1.9974048773394983,-1.7252782026873987,-0.9899075667010706,1.5708585977554321,-0.19589645067323858,0
209,1788173508.0546114,0.12103562878078784,-0.5960407805643073,0.03242715923860892,-0.8932339522312348,3.011897461732369,0.0002854149983897181,-1.1900337378131312,-1.9974048773394983,-1.725290600453512,-0.9898713270770472,1.5708465576171875,-0.19584876695741826,0
210,1788173508.0963566,0.12104388283595377,-0.5960496035078714,0.03243308111889426,-0.8932553027988337,3.0119035900205127,0.00028292437949208277,-1.190021816884176,-1.9974167982684534,-1.7252543608294886,-0.9898951689349573,1.5708345174789429,-0.19584876695741826,0
211,1788173508.1386635,0.12103753658551211,-0.5960455465345746,0.03243497621553906,-0.893287808090275,3.0118814858652474,0.0002854140557420706,-1.1900337378131312,-1.9974048773394983,-1.7252667585956019,-0.9898951689349573,1.5708465576171875,-0.1958845297442835,0
212,1788173508.1801226,0.12105215726589985,-0.5960407614805169,0.03242526482184241,-0.8932775982262879,3.011847079021044,0.00028988621686892787,-1.190021816884176,-1.9974167982684534,-1.7252782026873987,-0.9898713270770472,1.5708825588226318,-0.19587260881532842,0
213,1788173508.2235565,0.12107403642049927,-0.5960717486784174,0.0324593919624466,-0.8932466105901231,3.0118742808760643,0.00017454564812397532,-1.189997975026266,-1.9974167982684534,-1.7251947561847132,-0.9898832480060022,1.5708585977554321,-0.1958249250995081,0
214,1788173508.2667174,0.12156123804174722,-0.5960863904178133,0.03248361563186261,-0.8933772278865064,3.0118536922457664,5.922170072646152e-05,-1.189242188130514,-1.9975851217852991,-1.7248829046832483,-0.9899552504168909,1.5708345174789429,-0.1951525847064417,0
215,1788173508.3098547,0.12291585913581167,-0.5961432246174914,0.03250827647793708,-0.8936613798091104,3.011752826621035,-0.00020312668299879368,-1.1871784369098108,-1.9981606642352503,-1.7239716688739222,-0.9901230970965784,1.5708345174789429,-0.19328052202333623,0
216,1788173508.3550522,0.12426654515339888,-0.596081135115757,0.032557313054081966,-0.8935714885177474,3.0117184003379656,-0.0003640919155223098,-1.1850674788104456,-1.9984968344317835,-1.7233365217791956,-0.9903143087970179,1.5708825588226318,-0.19112092653383428,0
217,1788173508.3983314,0.12444564532589457,-0.596089867392319,0.03259618122347546,-0.893697938836037,3.0116811360684976,-0.0005529959124371075,-1.184791390095846,-1.9984968344317835,-1.7232525984393519,-0.9902785460101526,1.5708705186843872,-0.19092876115907842,0
218,1788173508.440821,0.12442449135005133,-0.5960684494871645,0.03258833121896454,-0.8937863186350731,3.011647234382741,-0.000477365550723848,-1.1848152319537562,-1.9984725157367151,-1.7233002821551722,-0.9903023878680628,1.5708825588226318,-0.19101268449892217,0
219,1788173508.4835188,0.12443246516830056,-0.5960646640330913,0.032574211472922554,-0.8938110602414994,3.0116648091736935,-0.0004802843376677882,-1.184791390095846,-1.9984849135028284,-1.7233241240130823,-0.9902666250811976,1.5708585977554321,-0.1910007635699671,0
220,1788173508.5273972,0.12443511890867157,-0.5960595271507055,0.03255722178112613,-0.893834399954532,3.011677658920532,-0.00037031173372867375,-1.184779469166891,-1.9985206762896937,-1.7233002821551722,-0.990326229725973,1.5708465576171875,-0.1910007635699671,0
221,1788173508.570093,0.12442194333563045,-0.5960694806704532,0.032560609189246165,-0.8937548260346827,3.0116727640574443,-0.000422553741268191,-1.1848152319537562,-1.9985206762896937,-1.7233002821551722,-0.9902904669391077,1.5708705186843872,-0.190988842641012,0
222,1788173508.6127777,0.1244460724193012,-0.5960558454693385,0.032560452169114046,-0.8937829022840061,3.011704217855126,-0.0003907860780181033,-1.1847556273089808,-1.9985087553607386,-1.7233122030841272,-0.9903143087970179,1.5708345174789429,-0.1909406820880335,0
223,1788173508.6520686,0.12451545825709712,-0.5962382359706402,0.03255673820975011,-0.893548393852187,3.011772259464013,-0.0002204683415368406,-1.1847675482379358,-1.9989402929889124,-1.7226288954364222,-0.990673844014303,1.5708465576171875,-0.19079715410341436,0
224,1788173508.6940804,0.12511988426444937,-0.5969463389340839,0.0324636537374223,-0.8931398385735383,3.0119199926060163,0.0005711648310801334,-1.1842878500567835,-2.0008838812457483,-1.719776455556051,-0.9920867125140589,1.5708705186843872,-0.1900413672076624,0
225,1788173508.736342,0.1261193116046801,-0.5987075371287386,0.032405590870298095,-0.8929999804473364,3.0119805057482916,0.0004758087192317927,-1.1838439146624964,-2.004843060170309,-1.7138660589801233,-0.9939792791949671,1.5708465576171875,-0.18950111070741826,0
226,1788173508.7783787,0.1264946020656309,-0.6000120122597945,0.03233612386400578,0.8932014598385993,-3.0119302156834817,-0.0009826631542586923,-1.1840837637530726,-2.007782284413473,-1.709442440663473,-0.9957879225360315,1.5708465576171875,-0.1898730436908167,0
227,1788173508.8217547,0.126353955630373,-0.6009995553098756,0.0324464906748026,-0.8935817361889821,3.011818858677131,0.00045529256873350115,-1.184911076222555,-2.009425465260641,-1.7066610495196741,-0.9965899626361292,1.5708345174789429,-0.19095260301698858,0
228,1788173508.864768,0.1259741040496624,-0.6019478817527322,0.03244954861035129,-0.8934127094456008,3.0118442714758604,0.0002714528729122307,-1.1860869566546839,-2.0111053625689905,-1.7040837446795862,-0.9973686377154749,1.5708465576171875,-0.19202071825136358,0
229,1788173508.9079053,0.12555356444779697,-0.6026058713262809,0.032477802086402496,-0.8931748209820847,3.0119009194335677,0.00025381500762491546,-1.1871426741229456,-2.0121968428241175,-1.7023094336139124,-0.9980390707599085,1.5708585977554321,-0.19292098680605108,0
230,1788173508.950711,0.1250441532950096,-0.6032550167277625,0.032575099863651674,-0.8934086181868002,3.0118251834854433,-4.6330403440902375e-05,-1.1883180777179163,-2.01308519044985,-1.700691048298971,-0.9985783735858362,1.5708465576171875,-0.1942527929889124,0
231,1788173508.9930384,0.1242569667011795,-0.6037864861716147,0.03257004899227406,-0.8932770280592276,3.011842457776896,-0.00019535463489045245,-1.1901896635638636,-2.0139487425433558,-1.699444595967428,-0.9988773504840296,1.5708465576171875,-0.1959450880633753,0
232,1788173509.0360708,0.12321927135892016,-0.604099836488865,0.032460685011499485,-0.8930169154602501,3.0119585542982654,0.00023610388277058806,-1.1916287581073206,-2.0142248312579554,-1.6992171446429651,-0.9990933577166956,1.5708465576171875,-0.19730025926698858,0
233,1788173509.0808554,0.12269821333054312,-0.6043071849751716,0.03253298314460221,-0.8931179744638669,3.011901493213159,-0.00021377316977762357,-1.1925528685199183,-2.0142372290240687,-1.6990612188922327,-0.9989493528949183,1.5708465576171875,-0.1982963720904749,0
234,1788173509.1229227,0.12273974708375614,-0.6042690103202943,0.032523227550451894,-0.8931258514571612,3.011930706281056,-0.00010600162802508082,-1.1924570242511194,-2.014212433491842,-1.699108902608053,-0.9989975134478968,1.5708225965499878,-0.19820005098451787,0
235,1788173509.163973,0.12275455693700456,-0.604251505577387,0.03248639396762798,-0.893175799106061,3.0118989239803007,2.9420840654256984e-05,-1.192432705556051,-2.014261070881979,-1.699120823537008,-0.9990213553058069,1.5708465576171875,-0.19821197191347295,0
236,1788173509.2068663,0.1227694634227166,-0.6042667548333912,0.0325327650904873,-0.8931811964031888,3.0118486024093434,-0.00015422029740770965,-1.192432705556051,-2.014200512562887,-1.699108902608053,-0.9989731947528284,1.5708825588226318,-0.19822436967958623,0
237,1788173509.2489061,0.1227590066567074,-0.6042626993753666,0.032508180061960074,-0.893229569934337,3.011877385512707,-6.382635126712667e-05,-1.192432705556051,-2.0142372290240687,-1.699108902608053,-0.9989975134478968,1.5708465576171875,-0.1982486883746546,0
238,1788173509.2911775,0.12273697245301102,-0.6042593640562016,0.032534606989350956,-0.8931340384557919,3.011889807371587,-0.0001188189361323901,-1.1924689451800745,-2.014176670704977,-1.6991332213031214,-0.9989975134478968,1.5708585977554321,-0.19822436967958623,0
239,1788173509.33352,0.12274301214957585,-0.6042624150296901,0.03235985646762035,-0.8931730468699272,3.011889628143976,-0.00013916925639973317,-1.1924570242511194,-2.014404598866598,-1.6993125120746058,-0.9985783735858362,1.5708465576171875,-0.1982362906085413,0
240,1788173509.3763545,0.12276697379467069,-0.6042353500176654,0.03174197911096602,-0.8932664825751642,3.0118675262540724,0.0001646492327681842,-1.1924083868609827,-2.0152204672442835,-1.6998637358294886,-0.9974044005023401,1.5708585977554321,-0.1982486883746546,0
241,1788173509.4198458,0.1227522734348343,-0.6042653455156629,0.029979007623541692,-0.8931983256789217,3.0119064113917,0.00026589218245384944,-1.1924446264850062,-2.017571751271383,-1.7015422026263636,-0.9934404532061976,1.5708465576171875,-0.1982362906085413,0
242,1788173509.4630623,0.12274303521727938,-0.6042550314546532,0.027716259826732675,-0.893194488876834,3.0118934761784724,0.00024148214673515173,-1.1924570242511194,-2.020487133656637,-1.7038920561419886,-0.9881585280047815,1.5708585977554321,-0.1982486883746546,0
243,1788173509.5068307,0.12274866309555976,-0.6042562629601086,0.02411875070576644,-0.8932159623441497,3.011897383046416,0.00020248409251172775,-1.1924446264850062,-2.0252140204059046,-1.7075002829181116,-0.9797995726214808,1.5708465576171875,-0.1982486883746546,0
244,1788173509.549154,0.12275350049466874,-0.6042609910590141,0.02194348851296196,-0.8932437357834001,3.011859290551953,-8.525193423878753e-05,-1.1924446264850062,-2.0280569235431116,-1.7097657362567347,-0.9745062033282679,1.5708585977554321,-0.19827253023256475,0
245,1788173509.5927577,0.12273184282383404,-0.6042539003253132,0.020248681458181234,-0.8931793269646321,3.011908201182761,0.0002017373787907044,-1.1924689451800745,-2.030360523854391,-1.7113001982318323,-0.9708526770221155,1.5708465576171875,-0.1982486883746546,0
246,1788173509.6359987,0.1227481744406802,-0.604302430612167,0.019510785754328047,-0.8932308725793172,3.0118844079530205,-0.00015057035112960062,-1.1924689451800745,-2.0313804785357874,-1.712031666432516,-0.96887714067568,1.5708345174789429,-0.19828445116151983,0
247,1788173509.675098,0.12277509009937944,-0.604315304156565,0.019590711762000584,-0.893256692362293,3.0118370891822583,-0.00039109574645181523,-1.1924446264850062,-2.0312607924090784,-1.7120197455035608,-0.9688528219806116,1.5708585977554321,-0.19828445116151983,0
248,1788173509.7159662,0.12277378152705992,-0.6042998673079053,0.01956059102666502,-0.8933527247103779,3.0118290016550793,-0.0002615106737436309,-1.192432705556051,-2.0312965551959437,-1.712031666432516,-0.9688890616046351,1.5708465576171875,-0.19833261171449834,0
249,1788173509.7582164,0.12274585042916576,-0.6043161713895564,0.019560642176282395,-0.8932829863131527,3.011859914775125,-0.0003012580812578787,-1.1924808661090296,-2.0313084761248987,-1.7120197455035608,-0.9688647429095667,1.5708345174789429,-0.19833261171449834,0
250,1788173509.8028517,0.12261694079391948,-0.6043189463271205,0.019569263590963726,-0.8936771018090175,3.011729440087305,-0.0003182425874045744,-1.1926844755755823,-2.031248394642965,-1.7120917479144495,-0.9688409010516565,1.5708465576171875,-0.1988003889666956,0
251,1788173509.845396,0.12238306816395074,-0.6043098054791093,0.019520784317547946,-0.8935570873486557,3.011791041691726,-9.466886311723928e-05,-1.1930325667010706,-2.031248394642965,-1.7121995131122034,-0.96887714067568,1.5708345174789429,-0.19906407991518194,0
252,1788173509.8884928,0.12216214676136071,-0.6043649941072403,0.019531849434521242,-0.8933972293485214,3.011847374657401,5.5262882965006944e-05,-1.193404499684469,-2.0312846342669886,-1.7120798269854944,-0.9690564314471644,1.5708345174789429,-0.19932824770082647,0
253,1788173509.9309585,0.12202805264901126,-0.6045918791856718,0.019559141519233852,-0.8933912104677278,3.011824432555331,-0.00014973942196410919,-1.1937521139727991,-2.0315964857684534,-1.7115400473224085,-0.9691522757159632,1.5708465576171875,-0.19967633882631475,0
254,1788173509.9732242,0.12183543860457864,-0.6050286563587135,0.019551584843213426,-0.8933155878800386,3.0118355026963743,-0.00012947177395502844,-1.1943162123309534,-2.0323880354510706,-1.7103055159198206,-0.969607178364889,1.5708585977554321,-0.20019227663149053,0
255,1788173510.0149763,0.12154883092195222,-0.6056051401368335,0.01949515758843548,-0.8935702963789257,3.0117618515715505,0.00011680059381455664,-1.1951077620135706,-2.033527676259176,-1.7086270491229456,-0.9703024069415491,1.5708705186843872,-0.20115262666811162,0
256,1788173510.0586379,0.12118157371333783,-0.6064394376944021,0.019530680753851698,-0.89363191753845,3.0117694129212533,0.00013135607480942106,-1.1961630026446741,-2.0349672476397913,-1.7062295118915003,-0.9712718168841761,1.5708465576171875,-0.20224410692323858,0
257,1788173510.1011117,0.12082548965229509,-0.6071121647615066,0.019512832249912154,-0.8932878278779744,3.011868363542177,7.756745095844761e-05,-1.197110954915182,-2.0361555258380335,-1.7044075171100062,-0.9718712011920374,1.5708465576171875,-0.2029641310321253,0
258,1788173510.1430075,0.12050493770704729,-0.6078454298773645,0.0195342838293055,-0.8933084467196358,3.011869388222805,-1.8879509580005495e-05,-1.1980345884906214,-2.037414852772848,-1.702357594166891,-0.9726012388812464,1.5708345174789429,-0.20390016237367803,0
259,1788173510.1842275,0.12000584487445766,-0.6087742175164157,0.019562059254534914,-0.8938092998908004,3.0117010382997784,-0.00014877529882547375,-1.1993539969073694,-2.0389745871173304,-1.69981557527651,-0.9734996000873011,1.5708465576171875,-0.20555574098695928,0
260,1788173510.2256045,0.11888146736051725,-0.609537014375667,0.01952190630466491,-0.8935959853936776,3.011777358341367,0.0003236368855085244,-1.2015255133258265,-2.0401867071734827,-1.6979220549212855,-0.9744818846331995,1.5708585977554321,-0.20758325258363897,0
261,1788173510.269546,0.1175952599404369,-0.6104455917125821,0.019473552463832894,-0.8934282392974362,3.0118650117856522,0.00033770299110283863,-1.2040084044085901,-2.041542355214254,-1.6959078947650355,-0.9751523176776331,1.5708225965499878,-0.20994788805116826,0
262,1788173510.3145807,0.11645221786346711,-0.6113047922528315,0.01945807600919261,-0.8934845958743584,3.01178639632134,0.00036424254530980314,-1.206275765095846,-2.042825524006979,-1.6939061323748987,-0.9758833090411585,1.5708825588226318,-0.21226388612856084,0
263,1788173510.3591409,0.11583705028038115,-0.6118264156492527,0.01953900426913377,-0.8931503291411845,3.0119184134775168,2.087218930521043e-05,-1.207498852406637,-2.0434377829181116,-1.6927431265460413,-0.9762185255633753,1.5708345174789429,-0.21325904527773076,0
264,1788173510.402309,0.11519185304605656,-0.612184137346792,0.01951922940646486,-0.8930335264898523,3.0119196860528445,-0.00014521723527019637,-1.208698574696676,-2.043893639241354,-1.6921079794513147,-0.9762900511371058,1.5708585977554321,-0.21438724199403936,0
265,1788173510.4460616,0.11412854473358851,-0.6123183466448214,0.019544417409525616,-0.8931934436317714,3.0118609304527415,-0.00012538273625161162,-1.2104023138629358,-2.0437377134906214,-1.6922758261310022,-0.9762900511371058,1.5708705186843872,-0.21619922319521123,0
266,1788173510.4885929,0.11314184042880403,-0.61238388409337,0.01948548456831989,-0.8932950688526836,3.011866438325745,9.740305395410619e-05,-1.2119372526751917,-2.0436299482928675,-1.6925872007953089,-0.9762304464923304,1.5708465576171875,-0.2177951971637171,0
267,1788173510.5329943,0.11273311890052605,-0.6123984736057929,0.0194390514102408,-0.8935201413714676,3.011829797036254,0.00020755216540751934,-1.2125609556781214,-2.043593708668844,-1.6927669684039515,-0.9761589209185999,1.5708225965499878,-0.21856290498842412,0
268,1788173510.5764198,0.11278663034060947,-0.6124051462959905,0.019481807796699335,-0.8934696769998668,3.011791373853987,0.00013659755056053905,-1.2125008741961878,-2.0435574690448206,-1.692707363759176,-0.976206127797262,1.5708705186843872,-0.21847898164858037,0
269,1788173510.6211593,0.11275428427557935,-0.6123977180406481,0.019463323570412583,-0.8934228559221414,3.0118336975554305,0.000209433198992471,-1.2125371138202112,-2.0435693899737757,-1.6927312056170862,-0.9762185255633753,1.5708465576171875,-0.21847898164858037,0
270,1788173510.6637638,0.11279212879619606,-0.6123911515188324,0.01947245016598345,-0.8934655519892817,3.0117801052458373,0.00013866676434751157,-1.2124889532672327,-2.0435455481158655,-1.6927550474749964,-0.976170841847555,1.5708825588226318,-0.2184665838824671,0
271,1788173510.7036388,0.11276476189341247,-0.612391857143653,0.019447286955219745,-0.8934628948294548,3.011836985769216,0.0002648995645763825,-1.212513271962301,-2.043593708668844,-1.6927312056170862,-0.9762304464923304,1.5708345174789429,-0.21847898164858037,0
272,1788173510.7424536,0.11279548098116017,-0.6124209437464866,0.01951162950727489,-0.8934464017847249,3.011781375874541,4.3775985260862385e-05,-1.2125008741961878,-2.0435336271869105,-1.6926711241351526,-0.976206127797262,1.5708825588226318,-0.2184665838824671,0
273,1788173510.78497,0.11278398427313828,-0.6124058407117533,0.019412762407300804,-0.8934525102121333,3.0118019597618226,-1.3396312688249918e-05,-1.2125008741961878,-2.0436180273639124,-1.6928508917437952,-0.9759071508990687,1.5708585977554321,-0.2184665838824671,0
274,1788173510.8275812,0.11278806984101254,-0.6124011521030076,0.019040383031924984,-0.8934069925419326,3.0117801652790854,-0.00023341916561521263,-1.2125008741961878,-2.0440614859210413,-1.6933310667621058,-0.9748414198504847,1.5708825588226318,-0.21844274202455694,0
275,1788173510.87101,0.11279045823122989,-0.6123633311039034,0.01775372062342917,-0.8933286055124925,3.01178197186869,0.00011197705728617749,-1.2124889532672327,-2.045776669179098,-1.6944931189166468,-0.9721820990191858,1.5709184408187866,-0.21838266054262334,0
276,1788173510.9158728,0.1127684408710356,-0.6123721700648347,0.015925982127112687,-0.8916330225742976,3.012360568657001,0.00013326507144678954,-1.2125008741961878,-2.0482361952411097,-1.6961959044085901,-0.9680383841144007,1.5708465576171875,-0.21725494066347295,0
277,1788173510.9594426,0.1127897212205576,-0.6123847222558279,0.014687209076231361,-0.8902644786682244,3.0127166904766356,-0.0001002739492413692,-1.2124889532672327,-2.049892250691549,-1.697418514882223,-0.9650080839740198,1.5708825588226318,-0.21634322801698858,0
278,1788173511.0039127,0.11279640750921252,-0.6124260144101155,0.014432801464123207,-0.890125478849144,3.01277752360447,-0.00047783514328320444,-1.2124889532672327,-2.0502403418170374,-1.6977179686175745,-0.9641221205340784,1.5708465576171875,-0.21624738374818975,0
279,1788173511.0479424,0.1127943728392251,-0.6124284191346625,0.014455805642663272,-0.8902375855170014,3.012757818429741,-0.0004605048710788632,-1.2124889532672327,-2.050216023121969,-1.6976822058307093,-0.9641941229449671,1.5708345174789429,-0.21631938615907842,0
280,1788173511.0886202,0.11278371156547018,-0.6124190262287028,0.014453171402585452,-0.8901723492687809,3.012740535895699,-0.0004378117278146489,-1.212513271962301,-2.050204102193014,-1.6977060476886194,-0.9641941229449671,1.5708705186843872,-0.21630698839296514,0
281,1788173511.130754,0.11279662222495372,-0.6124265877933024,0.014448204823788974,-0.8902157583154301,3.0127526632292736,-0.00043973615238051124,-1.2124889532672327,-2.0502284208880823,-1.6976822058307093,-0.9641941229449671,1.5708465576171875,-0.21630698839296514,0
282,1788173511.1729674,0.11278406497036723,-0.6124121313656771,0.014443605092419987,-0.8902242585469814,3.012715332045776,-0.0003804392440148067,-1.212513271962301,-2.050216023121969,-1.6977060476886194,-0.9642179648028772,1.5708825588226318,-0.21634322801698858,0
283,1788173511.214099,0.1127771840576266,-0.6123902782718217,0.01423926780496762,-0.8902450594468828,3.0127831364846074,-0.00014206985518106248,-1.2124889532672327,-2.0504921118365687,-1.6978500525103968,-0.9639542738543909,1.5708225965499878,-0.21631938615907842,0
284,1788173511.2551854,0.11275735471228068,-0.6123138885147309,0.013050646401309235,-0.8902435944425401,3.012778244430914,0.0005433135780322197,-1.2124889532672327,-2.0520876089679163,-1.6988452116595667,-0.9617984930621546,1.5708585977554321,-0.21631938615907842,0
285,1788173511.298712,0.11276131324085358,-0.6123592086581693,0.011272720663818653,-0.8902812583119082,3.0127762644436853,0.001004120767900568,-1.212513271962301,-2.0546911398517054,-1.7000916639911097,-0.9582417646991175,1.5708705186843872,-0.21636706987489873,0
286,1788173511.3421478,0.11279632595849269,-0.612538690085913,0.010950162110982625,-0.8902505404481369,3.0128043760509344,0.0006078753676684993,-1.2125490347491663,-2.055410687123434,-1.700007740651266,-0.9573558012591761,1.5708345174789429,-0.2163789908038538,0
287,1788173511.3851967,0.11283055670759118,-0.6129342843141662,0.011125165967010825,-0.8902649594421633,3.0127183231424746,-6.2953982639631e-05,-1.212740723286764,-2.0558188597308558,-1.6989291349994105,-0.9575946966754358,1.5708825588226318,-0.21659499803651983,0
288,1788173511.4292183,0.11276998688981715,-0.6134475861724392,0.011014493778665674,-0.8901326670068839,3.0128019029809567,8.319815960667846e-05,-1.2131126562701624,-2.0569704214679163,-1.6973822752581995,-0.9580858389483851,1.5708465576171875,-0.21687108675111944,0
289,1788173511.4708107,0.11268751009388664,-0.6141328467710158,0.010986102437696266,-0.889949769859214,3.012848993676564,-6.552216944813884e-05,-1.2136285940753382,-2.0582783857928675,-1.6953805128680628,-0.9586847464190882,1.5708465576171875,-0.21726686159242803,0
290,1788173511.5118499,0.11241726208671086,-0.6147790987427835,0.011040227072759146,-0.8901695655515315,3.0127284587328145,-0.0004569605150771464,-1.2144206205951136,-2.0592854658709925,-1.6936543623553675,-0.959151569996969,1.5708825588226318,-0.21821481386293584,0
291,1788173511.5548928,0.11168557015920662,-0.6153534515455452,0.011074854058784056,-0.8899905802095532,3.0127835109128345,-0.0004183330796622969,-1.2158597151385706,-2.0601018110858362,-1.6922157446490687,-0.9597986380206507,1.5708825588226318,-0.2195346991168421,0
292,1788173511.5974114,0.11113328289174704,-0.6157796154017181,0.011025023291676317,-0.8897729754570197,3.0129088410609755,0.00010310510077702881,-1.2169273535357874,-2.0609052816974085,-1.6909688154803675,-0.9605773130999964,1.5708465576171875,-0.22044688860048467,0
293,1788173511.639483,0.11046061230135792,-0.6160897694244634,0.01105273566272405,-0.8898901384084766,3.0128375060704253,0.0001253970264986333,-1.2181389967547815,-2.0612414518939417,-1.690333668385641,-0.9608882109271448,1.5708825588226318,-0.22174293199648076,0
294,1788173511.6810312,0.10932678954661029,-0.6161133952005557,0.011019933828331552,-0.8903192565326136,3.0127567410058615,0.00032787459848669767,-1.2198661009417933,-2.0609777609454554,-1.6908248106585901,-0.960792366658346,1.5708465576171875,-0.2237466017352503,0
295,1788173511.7207754,0.1085578961495262,-0.6161190982750524,0.01095240457117258,-0.8901418568314774,3.012819835302598,0.0005916944180318875,-1.221041504536764,-2.0608695189105433,-1.6911609808551233,-0.9607327620135706,1.5708465576171875,-0.224802319203512,0
296,1788173511.7593882,0.10854507280137311,-0.6161571152932748,0.010962579960218266,-0.8901621626425699,3.012822457794119,0.0004963228528805409,-1.2210777441607874,-2.0609052816974085,-1.6910889784442347,-0.9607089201556605,1.5708345174789429,-0.22485047975649053,0
297,1788173511.8026297,0.10855729486482651,-0.6161531484224313,0.01096787512823999,-0.8902263388489554,3.012775340494887,0.0004239233579545177,-1.2210658232318323,-2.0608814398394983,-1.691125218068258,-0.9606488386737269,1.5708585977554321,-0.22488624254335576,0
298,1788173511.8451881,0.10856574112338771,-0.6161325843814158,0.010954529443884559,-0.8902281146532363,3.0127787175048275,0.0005181161473005306,-1.221041504536764,-2.0608814398394983,-1.6911490599261683,-0.9606850782977503,1.5708585977554321,-0.2248624006854456,0
299,1788173511.886962,0.1085836381845464,-0.6161308466804685,0.010948358470900366,-0.8902067771028589,3.0127725952882116,0.0005185377043543838,-1.2210176626788538,-2.0608933607684534,-1.6911490599261683,-0.960672680531637,1.5708705186843872,-0.22482663789858037,0
300,1788173511.9292862,0.10856404917314277,-0.6161502344707684,0.010976948716860863,-0.8900642160487732,3.012824032483779,0.00044261670438431705,-1.2210539023028772,-2.0608695189105433,-1.6911128203021448,-0.9606850782977503,1.5708585977554321,-0.22476655641664678,0
301,1788173511.9727721,0.10858529104289037,-0.6161647502565122,0.011001151826165956,-0.8900088684538489,3.012834943504885,0.00031105218542525943,-1.2210295836078089,-2.060845677052633,-1.6911008993731897,-0.9606369177447718,1.5708585977554321,-0.22470647493471319,0
302,1788173512.0162356,0.10858490078433541,-0.6161636803637327,0.010967297166873946,-0.8899904109289212,3.012841203015084,0.0003304887446810572,-1.2210295836078089,-2.0608933607684534,-1.691125218068258,-0.9605773130999964,1.5708585977554321,-0.2246940771685999,0
303,1788173512.061901,0.10858651946026102,-0.6161761393616085,0.010997597097390593,-0.8899741610720427,3.0128522698460714,0.00017830483817337902,-1.2210295836078089,-2.060845677052633,-1.691136662160055,-0.9605172316180628,1.5708465576171875,-0.22468215623964483,1
304,1788173512.102882,0.10857871331872361,-0.6161921345071526,0.011021579404298987,-0.8898894532077243,3.012895985377164,2.5697897112588187e-05,-1.221041504536764,-2.0608094374286097,-1.6911490599261683,-0.9604452292071741,1.5708225965499878,-0.2246344725238245,1
305,1788173512.1452913,0.1085831600901434,-0.6161963835282733,0.01104474110743367,-0.8899031979881226,3.012876411384076,-4.788585193984009e-05,-1.221041504536764,-2.0607736746417444,-1.6911490599261683,-0.960433308278219,1.5708345174789429,-0.2246463934527796,1
306,1788173512.1882641,0.10857503941064739,-0.6161883883900364,0.011049509672966445,-0.8896821396841013,3.0129291644487193,-4.6698490690672244e-05,-1.2210539023028772,-2.0607498327838343,-1.6911729017840784,-0.960433308278219,1.5708465576171875,-0.22451430955995733,1
307,1788173512.231067,0.10858037589506914,-0.6162030194526934,0.011072883321217059,-0.8896449397121544,3.0129354149004963,-0.00016032233729271485,-1.2210539023028772,-2.060725514088766,-1.6911609808551233,-0.9603970686541956,1.5708465576171875,-0.22449046770204717,1
308,1788173512.2698092,0.10858133767528125,-0.6161976344326259,0.011056726983177945,-0.8896781044755598,3.012915491846193,-0.00010157966232113026,-1.2210539023028772,-2.0607498327838343,-1.6911609808551233,-0.9604094664203089,1.5708585977554321,-0.22451430955995733,1
309,1788173512.3108687,0.10856722589246785,-0.6162043645427603,0.011081757227929978,-0.8896698887887785,3.012953794411738,-0.00014324406541788197,-1.2210658232318323,-2.060713593159811,-1.6911490599261683,-0.960433308278219,1.5708225965499878,-0.22451430955995733,1
310,1788173512.353981,0.10857880402400893,-0.6161923831846742,0.011058276050508964,-0.8896891989906032,3.0129504265850304,-8.717785010757252e-05,-1.221041504536764,-2.060737435017721,-1.6911729017840784,-0.960421387349264,1.5708225965499878,-0.22450238863100225,1
311,1788173512.3967235,0.10858559095542246,-0.6161816152704144,0.011044549401143355,-0.8897590239682596,3.012919767943557,-2.9193662637631065e-05,-1.2210295836078089,-2.0607498327838343,-1.6911848227130335,-0.960433308278219,1.5708345174789429,-0.22453862825502569,1
312,1788173512.440761,0.10855535450467772,-0.6162092152959598,0.011075541194443511,-0.889731254641043,3.0129606113537153,-0.0001456004518888159,-1.2210777441607874,-2.060725514088766,-1.6911490599261683,-0.960421387349264,1.570798635482788,-0.22456247011293584,1
313,1788173512.4836895,0.1085854450470895,-0.6162088956318597,0.011074484555478298,-0.8896774548770716,3.0129132856380383,-0.00015913939344245842,-1.2210539023028772,-2.060737435017721,-1.691136662160055,-0.9604094664203089,1.5708585977554321,-0.22451430955995733,1
314,1788173512.527108,0.1086008847288501,-0.6161860680065985,0.011050638249374356,-0.8897331192610368,3.012900801895308,-6.42013262786848e-05,-1.2210176626788538,-2.0607498327838343,-1.6911729017840784,-0.960421387349264,1.5708585977554321,-0.22451430955995733,1
315,1788173512.572125,0.10858776281320855,-0.6161929590194178,0.011069452673187152,-0.8896967726183311,3.0129099477432577,-0.00010232654908067181,-1.221041504536764,-2.060725514088766,-1.6911609808551233,-0.960433308278219,1.5708585977554321,-0.22451430955995733,1
316,1788173512.6141188,0.10858806990357021,-0.6162081497005109,0.011267297609287436,-0.8897271867998623,3.012880681512012,-0.00029028136968609633,-1.2210539023028772,-2.0604494253741663,-1.691028896962301,-0.9607208410846155,1.5708705186843872,-0.22455054918398076,1
317,1788173512.657387,0.10860668225452777,-0.616304603458305,0.012430225498575725,-0.8896915666987376,3.012892251230169,-0.0011639402726872493,-1.2210658232318323,-2.058889691029684,-1.6901057402240198,-0.9626486937152308,1.5708345174789429,-0.22453862825502569,1
318,1788173512.699073,0.10861039271818808,-0.6162853167098582,0.014647832412637424,-0.8896895543095599,3.0128854223458785,-0.0010409062418313937,-1.2210539023028772,-2.0558908621417444,-1.6880558172809046,-0.9677751700030726,1.5708465576171875,-0.2245267073260706,1
319,1788173512.7409165,0.10861140412423638,-0.6162363392013254,0.017449359669235137,-0.8896900490476957,3.012887113261095,-0.0006966060744161593,-1.2210295836078089,-2.0521238485919397,-1.685406510029928,-0.974410359059469,1.5708585977554321,-0.22450238863100225,1
320,1788173512.7799258,0.10859087821902551,-0.616231813725981,0.02081966208571176,-0.8894941859606942,3.012959081283905,-0.0006589163458481093,-1.2210539023028772,-2.0476606527911585,-1.6821940580951136,-0.9821108023272913,1.5708465576171875,-0.22439414659609014,1
321,1788173512.8183434,0.10862164195333397,-0.6162509929213118,0.023908732393495696,-0.8895683546339945,3.012940496582395,-0.0005796778799630098,-1.2210176626788538,-2.043689552937643,-1.6790655295001429,-0.9892609755145472,1.5708465576171875,-0.22440654436220342,1
322,1788173512.8608944,0.10858435847016688,-0.6161916473506888,0.02710359948929636,-0.8895908773967178,3.012948038063233,-0.00024030521404265915,-1.221041504536764,-2.0395029226886194,-1.6759241263019007,-0.996805493031637,1.5708465576171875,-0.22444278398622686,1
323,1788173512.8992772,0.10859076531716597,-0.6162092123565313,0.03032789703541447,-0.8895344042168788,3.0129577777054792,-0.0004062541306620728,-1.221041504536764,-2.0353878180133265,-1.672687832509176,-1.0040510336505335,1.5708465576171875,-0.22440654436220342,1
324,1788173512.9409957,0.10858908070402128,-0.6162109210297906,0.033435136751506306,-0.8895290578780282,3.0129423216040077,-0.00021477277645159248,-1.2210539023028772,-2.0315120855914515,-1.6693785826312464,-1.0113566557513636,1.5708705186843872,-0.2244184652911585,1
325,1788173512.9833302,0.10859139671556585,-0.6161895103590325,0.03667778012929851,-0.8895362906079359,3.0129668327877974,-0.00017601504737657742,-1.2210295836078089,-2.02743369737734,-1.6660221258746546,-1.0188177267657679,1.5708465576171875,-0.22439414659609014,1
326,1788173513.0252166,0.108450439182305,-0.6162637735294441,0.04061086419610119,-0.8895875002124206,3.0129392138440614,-0.0007789872799397308,-1.2212813536273401,-2.022562805806295,-1.6619704405414026,-1.0273564497577112,1.5708345174789429,-0.22468215623964483,1
327,1788173513.067395,0.10807759995667345,-0.6162395435271886,0.04367892480922822,-0.8898202156331949,3.012859830889508,-0.0004358290723065095,-1.2218454519854944,-2.018735710774557,-1.6587217489825647,-1.034649674092428,1.5708585977554321,-0.22540265718568975,1
328,1788173513.1070652,0.10679836683363425,-0.6162092245428754,0.046900324071913746,-0.8894833717964666,3.0129806860322934,-0.00022859604033309411,-1.223776642476217,-2.014404598866598,-1.655832592641012,-1.0420029799090784,1.5708465576171875,-0.2271063963519495,1
329,1788173513.1499066,0.1052675250097833,-0.6162664561383374,0.05016865490478423,-0.8893490921492835,3.0129887093481598,-0.0007331992347848653,-1.2261517683612269,-2.0100014845477503,-1.6530516783343714,-1.0488646666156214,1.5708585977554321,-0.22939807573427373,1
330,1788173513.1930459,0.10363638314406255,-0.616257829109811,0.05330417990185121,-0.8888414621558711,3.0131315090021564,-0.0006165710920174166,-1.2286470572101038,-2.0057786146747034,-1.6502826849566858,-1.0559304396258753,1.5708705186843872,-0.23155767122377569,1
331,1788173513.2378385,0.10172408630065251,-0.6162151848378326,0.057168854653668805,-0.8885776917529271,3.0132274303292705,-0.00048783297525587264,-1.2315495649920862,-2.000608269368307,-1.646829907094137,-1.064636532460348,1.5708585977554321,-0.23428184190859014,1
332,1788173513.2814002,0.09976825127320836,-0.6162544425933095,0.06103459381382775,-0.8880171454491882,3.01338671932483,-0.0006953964316167379,-1.2345722357379358,-1.9955933729754847,-1.6432097593890589,-1.073139492665426,1.5708585977554321,-0.23693353334535772,1
333,1788173513.3243032,0.09814639653986816,-0.6161917611508565,0.06413183761177871,-0.8877339995868437,3.0134884877055494,-0.00014880575806109484,-1.2370312849627894,-1.9915865103351038,-1.640177075062887,-1.0805276075946253,1.5708585977554321,-0.23920137086977178,1
334,1788173513.3672225,0.09658701827734974,-0.6162054139363503,0.06737368132782559,-0.8875660570316739,3.013517376318149,-0.0004288000939033759,-1.2394426504718226,-1.9874594847308558,-1.6370599905597132,-1.087592903767721,1.5708705186843872,-0.24150497118105108,1
335,1788173513.4127545,0.0946368334099402,-0.6162150933483046,0.07122633932618136,-0.8875863959086168,3.0135122029350736,-0.0004307050199444027,-1.2424529234515589,-1.9826605955706995,-1.6331518332110804,-1.0962989966021937,1.5708705186843872,-0.2445285956012171,1
336,1788173513.455659,0.09306117656386555,-0.6161805507497597,0.07442468374536479,-0.8878339723401345,3.0134859371855724,-0.0001114512555393046,-1.2448528448687952,-1.9787376562701624,-1.6297715345965784,-1.10380727449526,1.5708345174789429,-0.24708444276918584,1
337,1788173513.4994228,0.09113181503849621,-0.616210658773518,0.07833084333425444,-0.8875887347269146,3.0135121859885774,-0.0004673554121982231,-1.2478631178485315,-1.9739988485919397,-1.6257079283343714,-1.1123817602740687,1.5708705186843872,-0.24994022050966436,1
338,1788173513.5419214,0.08949121238421803,-0.6162272152762995,0.08147418138356799,-0.8869991185585054,3.0137053965384486,-0.0001846049630281029,-1.2504056135760706,-1.970339600239889,-1.6221235434161585,-1.1198061148272913,1.5708585977554321,-0.25208789507021123,1
339,1788173513.5853417,0.08753099591480198,-0.6162556741087243,0.08523240705324034,-0.886534443054604,3.0138588786334837,1.643152793082239e-07,-1.2534526030169886,-1.966020409260885,-1.6177962462054651,-1.128570858632223,1.5708465576171875,-0.25482350984682256,1
340,1788173513.6287515,0.08596187907981062,-0.616316699324779,0.0884912050159001,-0.8858423714275021,3.01410724569306,-0.0002634916409617769,-1.255899731312887,-1.9623492399798792,-1.6140196959124964,-1.1358521620379847,1.570798635482788,-0.25680333772768194,1
341,1788173513.6722353,0.08435962581175148,-0.6163516732058351,0.09164545635682025,-0.8851303749127043,3.0142878468340784,0.0002119446142563809,-1.2584188620196741,-1.9589665571795862,-1.6100042502032679,-1.1435521284686487,1.5708345174789429,-0.25885516801943,1
342,1788173513.7138243,0.08242153191720693,-0.616520927316237,0.09546923500352611,-0.8843639817873761,3.0144824944438127,-9.056706331516094e-05,-1.2615254561053675,-1.9549954573260706,-1.6051133314715784,-1.1522210280047815,1.5708585977554321,-0.26145869890321904,1
343,1788173513.7589874,0.08093536932821986,-0.6166367633543209,0.0987226312526713,-0.8835299408018129,3.0147125849321377,-0.0002401316064906347,-1.263900105153219,-1.9516962210284632,-1.6008332411395472,-1.1597049872027796,1.5708705186843872,-0.263282601033346,1
344,1788173513.798361,0.0789097999213862,-0.6167663943482125,0.10259617338495458,-0.8825409169548953,3.015018452583086,2.201415991119006e-05,-1.2671149412738245,-1.947869602833883,-1.5955351034747522,-1.1689971129046839,1.5708585977554321,-0.26583844820131475,1
345,1788173513.8396158,0.07769580526852977,-0.6169181891525988,0.10510704614165486,-0.881890735727394,3.0152074478526627,-8.524756187404238e-05,-1.2690818945514124,-1.9455416838275355,-1.5919392744647425,-1.1748526732074183,1.5708585977554321,-0.267374340687887,1
346,1788173513.8812113,0.0757214448925258,-0.6170524520478263,0.10891207985574483,-0.8794430350418688,3.0158996441620807,0.00013825392835392563,-1.2722371260272425,-1.9419425169574183,-1.5865443388568323,-1.1839888731585901,1.5708825588226318,-0.2689102331744593,1
347,1788173513.9255695,0.07416774421866748,-0.6172050113564935,0.11207816650747385,-0.8769612377821947,3.0166729460122275,0.00023365461965575582,-1.274719540272848,-1.939099136983053,-1.5818694273578089,-1.191568676625387,1.5708345174789429,-0.2697380224810999,1
348,1788173513.9690287,0.0725922609398359,-0.6174136626991474,0.11534193819103306,-0.8741533152165412,3.0174728853686132,-4.632998967792192e-05,-1.2772863546954554,-1.936256233845846,-1.5770023504840296,-1.1991003195392054,1.5708465576171875,-0.27044612566103154,1
349,1788173514.0122826,0.07061035477824253,-0.617594479083045,0.11903342761794938,-0.869389549028579,3.018840402499344,0.0005738711524762169,-1.2804773489581507,-1.9331968466388147,-1.5711405912982386,-1.2084162870990198,1.5708585977554321,-0.2704818884478968,1
350,1788173514.0588145,0.0690671131982924,-0.6179636534908631,0.12236745635737303,-0.8653050630055611,3.019970649874363,-0.0003454893476811243,-1.2830794493304651,-1.9306295553790491,-1.5658305327044886,-1.215708080922262,1.570894479751587,-0.27038604417909795,1
351,1788173514.1029696,0.06705582845616984,-0.6182077010287228,0.12616697504829563,-0.8598795716025667,3.02156026784946,0.00021635596950094396,-1.286330525075094,-1.9277623335467737,-1.55945331255068,-1.2253106276141565,1.5708585977554321,-0.27003795305360967,1
352,1788173514.146029,0.06519046334215636,-0.6185612415488566,0.1300932352419641,-0.8534476274372648,3.0233952685689798,0.00012102509518314327,-1.289412800465719,-1.9249914328204554,-1.552728001271383,-1.23474628130068,1.5708465576171875,-0.26886207262148076,1
353,1788173514.1898763,0.06354344029067982,-0.6188947660329089,0.13324748190093608,-0.8471708210466558,3.0251596042582354,1.0871920257983472e-05,-1.2921479384051722,-1.922903839741842,-1.5471542517291468,-1.2423375288592737,1.5708465576171875,-0.2674463430987757,1
354,1788173514.2328973,0.061704193787471315,-0.6192130261967315,0.13689122680095167,-0.8378915760729327,3.0277318641230706,0.00042517098909901715,-1.2951825300799769,-1.9205883185016077,-1.5405133406268519,-1.2515576521502894,1.5708585977554321,-0.264350716267721,1
355,1788173514.2766824,0.060044562105892964,-0.6196373410151407,0.13985250401510807,-0.8284789510757765,3.0303189547089424,-0.00011706524374431082,-1.2979772726642054,-1.9188607374774378,-1.5350592772113245,-1.2583940664874476,1.5708585977554321,-0.2609308401690882,1
356,1788173514.3194478,0.05847038730348316,-0.6199322541459608,0.1424739358164716,-0.8185319930626928,3.033022171187649,0.00018933557502802422,-1.3005803267108362,-1.9173973242389124,-1.5300243536578577,-1.2650874296771448,1.5708585977554321,-0.25697166124452764,1
357,1788173514.361257,0.05653435286563123,-0.6203183231509993,0.14508350819779003,-0.8056673282124717,3.036490576350115,0.0003441870677131158,-1.3037827650653284,-1.9160774389850062,-1.5248578230487269,-1.27167255083193,1.5708345174789429,-0.25169164339174444,1
358,1788173514.4019012,0.0549895495559158,-0.6206932219460483,0.14702649498161274,-0.7937847118936383,3.0396155473569175,-0.00020997891603615016,-1.306373421345846,-1.9151175657855433,-1.5210941473590296,-1.2760432402240198,1.5708345174789429,-0.24646026292909795,1
359,1788173514.446778,0.05337442723669593,-0.6210643478300989,0.1483788190336544,-0.7809406390765203,3.042939068999058,-0.00042333869018543814,-1.3090723196612757,-1.914661709462301,-1.5181573073016565,-1.2793000380145472,1.5708345174789429,-0.24071294466127569,1
360,1788173514.4895492,0.05141499366453505,-0.6213803656193955,0.14957840900344452,-0.7662517125998575,3.0466516167447493,0.0003044505304515124,-1.312298599873678,-1.914410416279928,-1.5151966253863733,-1.2829750219928187,1.5708585977554321,-0.23429376283754522,1
361,1788173514.5349483,0.04976992104184263,-0.6217374806410753,0.15051318252312773,-0.7543325434245339,3.0496370197302975,0.00027959622193916785,-1.315033260975973,-1.9142897764789026,-1.5128825346576136,-1.285394016896383,1.5708465576171875,-0.22920591035951787,1
362,1788173514.5778866,0.04785576191093987,-0.6220949506952688,0.1513937790709989,-0.7395211977715238,3.0532543797782203,0.0006896624641210512,-1.318200413380758,-1.9143016974078577,-1.5104616324054163,-1.2880638281451624,1.5708585977554321,-0.22266656557192022,1
363,1788173514.619348,0.046297236844447476,-0.6224724899285431,0.15214274704964392,-0.7270585338572321,3.0562306103223715,0.0003283773851375013,-1.3208144346820276,-1.9143016974078577,-1.50853139558901,-1.2897637526141565,1.5708705186843872,-0.2171233336078089,1
364,1788173514.6639645,0.044645572296741785,-0.6228589559946904,0.15270189714836982,-0.7148779149917753,3.0590975311110995,-0.000141783482647736,-1.323573414479391,-1.914410416279928,-1.5069730917560022,-1.2909138838397425,1.5708705186843872,-0.21191579500307256,1
365,1788173514.7078137,0.042796381109981144,-0.623252527262336,0.1532976075657301,-0.7007100744202777,3.0624074744344982,-0.0003913080392563418,-1.326632324849264,-1.9145539442645472,-1.5052350203143519,-1.2923501173602503,1.5708345174789429,-0.2057121435748499,1
366,1788173514.7508864,0.041122524593619286,-0.6235495107366367,0.15368805830822446,-0.6881320116928255,3.065224110753061,-0.00016539980827726873,-1.3294027487384241,-1.9147937933551233,-1.5038331190692347,-1.2936552206622522,1.5708705186843872,-0.20027667680849248,1
367,1788173514.794817,0.03928294458792355,-0.6239820803839573,0.15428097026108825,-0.6733579127584466,3.068498844609374,-0.0004692060185870225,-1.332473103200094,-1.9150460402118128,-1.5019624868976038,-1.2950800100909632,1.5708705186843872,-0.19371301332582647,1
368,1788173514.8343396,0.0376194161730148,-0.6243174168858809,0.15476904037813916,-0.66158822183622,3.0710467337375458,-0.00037727338014973246,-1.3352316061602991,-1.9152973333941858,-1.5003083387957972,-1.2965410391436976,1.5708825588226318,-0.1888049284564417,1
369,1788173514.8747656,0.036088755497230215,-0.6246752640807601,0.15518866128584655,-0.6511985565123993,3.0732896425249017,-0.00045444150831156296,-1.3377745787249964,-1.915621582661764,-1.4987619558917444,-1.2977145353900355,1.5708585977554321,-0.18458110490907842,1
370,1788173514.9159775,0.034493012128818445,-0.6250375832158612,0.1556161481296234,-0.6414642052000807,3.075348552155029,-0.0004391305764669524,-1.3404253164874476,-1.9159811178790491,-1.497131649647848,-1.298995319996969,1.5708465576171875,-0.18089753786195928,1
371,1788173514.958978,0.032844850250010695,-0.6253045163719807,0.15599974919839374,-0.6327140737302162,3.0771447187186247,8.670375393328782e-05,-1.3431361357318323,-1.9163053671466272,-1.4955852667437952,-1.300551716481344,1.5708705186843872,-0.17792159715761358,1
372,1788173515.0018384,0.030919690742457626,-0.6257361863341881,0.15648735005136397,-0.624578089304529,3.078829914211302,2.807047814712303e-05,-1.3463261763202112,-1.9167493025409144,-1.4936917463885706,-1.3019645849811,1.5708465576171875,-0.17582208315004522,1
373,1788173515.0446937,0.029286889928767556,-0.6260202518108692,0.1568596904532425,-0.6190533723160897,3.079938029646697,0.0003459326046364335,-1.3490131537066858,-1.9170849959002894,-1.4921930472003382,-1.3033297697650355,1.5708585977554321,-0.17492181459535772,1
374,1788173515.0873613,0.027738324296686975,-0.6263668029738771,0.15723787356437685,-0.615121296793149,3.0807369317717583,0.0002892376714299169,-1.351579491292135,-1.917469326649801,-1.490671459828512,-1.3044312636004847,1.5708465576171875,-0.1749337355243128,1
375,1788173515.1319532,0.025773854766979874,-0.6268075659061747,0.15773612468322265,-0.6114292636186531,3.0814911624020516,-7.186598951835181e-05,-1.354830567036764,-1.9178770224200647,-1.4888489882098597,-1.3056166807757776,1.5708225965499878,-0.17578584352602178,1
376,1788173515.1755967,0.024239639533720794,-0.6270633034489558,0.15808928651390963,-0.6102097576513533,3.08172583598581,0.00035898893518286645,-1.3573492209063929,-1.91823655763735,-1.4873507658587855,-1.3070295492755335,1.5708345174789429,-0.1775139013873499,1
377,1788173515.2175877,0.02231102369179009,-0.6275996447264041,0.15950612754294666,-0.6084080512133054,3.0820277412724058,-0.00011705986190737389,-1.3605993429767054,-1.9183090368853968,-1.48358661333193,-1.3104174772845667,1.5708825588226318,-0.17960149446596319,1
378,1788173515.2617676,0.020721868710807133,-0.6281444465361805,0.16147144982746697,-0.6081743969728267,3.0820971462225484,-0.0002781688099942057,-1.3632858435260218,-1.9182127157794397,-1.4785636107074183,-1.31543475786318,1.5708585977554321,-0.18213349977602178,1
379,1788173515.3055727,0.01878595048484847,-0.6288931206205346,0.1649728264438336,-0.6083654486347562,3.082082618871363,-0.0005971754593028445,-1.3665841261493128,-1.9176610151873987,-1.470161263142721,-1.324186150227682,1.5708345174789429,-0.1855528990374964,1
380,1788173515.3483734,0.017239839667354578,-0.6294452063440789,0.1682056763679813,-0.6085509624557394,3.0820362012808014,-0.00027440941060069893,-1.3692110220538538,-1.9171093145953577,-1.462381664906637,-1.3327229658709925,1.5708465576171875,-0.1883013884173792,1
381,1788173515.3923798,0.015604557257155888,-0.6300825129687833,0.17134516416839152,-0.6081109529196017,3.082135446528431,-0.0004020280585690803,-1.3719938437091272,-1.9167373816119593,-1.454686466847555,-1.3407090345965784,1.5708345174789429,-0.19079715410341436,1
382,1788173515.4360063,0.013658787796900211,-0.630731685707897,0.17517829536429877,-0.6077023162992315,3.0821925122474187,-0.00010183678784609609,-1.375279728566305,-1.9162214438067835,-1.445324722920553,-1.3507779280291956,1.5708585977554321,-0.19382077852358037,1
383,1788173515.4774263,0.012009568891033051,-0.631349349765753,0.1783797694466037,-0.6073892900030037,3.0822543454615934,-6.240319156839796e-05,-1.3780744711505335,-1.9159811178790491,-1.4372933546649378,-1.35907489458193,1.5708585977554321,-0.19641238847841436,1
384,1788173515.5210793,0.010144095584665625,-0.632105303399267,0.18225710658262037,-0.6074643401041162,3.0822283773262833,-0.0003249556025257321,-1.3812525908099573,-1.915717903767721,-1.427596394215719,-1.3688681761371058,1.5708705186843872,-0.1996405760394495,1
385,1788173515.5644474,0.008515326024828174,-0.6326990096838936,0.18541457305513856,-0.6075951234981494,3.0822025128463633,-0.00019045953819058764,-1.3839991728412073,-1.9156339804278772,-1.41948110262026,-1.377153221760885,1.5708705186843872,-0.20247203508485967,1
386,1788173515.6090863,0.006896592560588407,-0.63330390092418,0.18861317288973303,-0.6079830847747042,3.082114194079962,-0.0002059685884645095,-1.3867338339435022,-1.9155858198748987,-1.4112466017352503,-1.3854263464557093,1.5708825588226318,-0.20545989671816045,1
387,1788173515.6518486,0.005022562706204599,-0.6339873739071906,0.19246916432308778,-0.6082672826586989,3.0820804393561567,7.497194177801739e-05,-1.3898761908160608,-1.9156096617328089,-1.401177708302633,-1.3956502119647425,1.5708585977554321,-0.20878392854799444,1
388,1788173515.6951559,0.0034083902678660196,-0.6346165278709728,0.1957489604523459,-0.6079306849480963,3.082115533088149,-0.0004294755074226519,-1.3926108519183558,-1.9155977408038538,-1.392787281666891,-1.4037321249591272,1.570894479751587,-0.21130401292909795,1
389,1788173515.7401557,0.0014869644562071867,-0.6352383873992511,0.1995337785131919,-0.6077695878719611,3.0821659054699997,9.649727697215967e-05,-1.3958008925067347,-1.9157775084124964,-1.3826821486102503,-1.4139922300921839,1.5708705186843872,-0.21438724199403936,1
390,1788173515.7823093,-0.00010509316042869345,-0.6358721455879986,0.20284582960532532,-0.6077002518201957,3.0821974955964127,-0.0003137478635736735,-1.3984759489642542,-1.915957276021139,-1.3739565054522913,-1.422276798878805,1.5708585977554321,-0.21701509157289678,1
391,1788173515.82392,-0.001981906453161517,-0.6366378931044361,0.20667334511673446,-0.6077804494205977,3.0821976743647146,-0.0005007438590869275,-1.4016297499286097,-1.9164374510394495,-1.3634684721576136,-1.4321654478656214,1.5708465576171875,-0.22021896043886358,1
392,1788173515.8622837,-0.003602527934387769,-0.6371988892500718,0.2097612610826715,-0.6079504719999299,3.0821811211140244,-4.389852362593716e-05,-1.4043167273150843,-1.9169653097735804,-1.3547304312335413,-1.4406660238849085,1.5708225965499878,-0.2230141798602503,1
393,1788173515.902925,-0.004837863808208957,-0.6376455741849056,0.21231386329016247,-0.6082588300330856,3.0820762274189715,-0.00028509589225333786,-1.406391445790426,-1.9172170797931116,-1.3478620688067835,-1.4471305052386683,1.5708705186843872,-0.22529441515077764,1
394,1788173515.9460106,-0.0068947162884560615,-0.6378495770956285,0.21615503109142423,-0.6080787202670812,3.082126917217748,0.00016721586171914075,-1.4096654097186487,-1.916809384022848,-1.3384888807879847,-1.4571989218341272,1.5708465576171875,-0.22844964662660772,1
395,1788173515.9877355,-0.008458959299125835,-0.6379501326484716,0.21943749257040146,-0.6081399035734469,3.082131241109765,-0.0005448335127168817,-1.4121478239642542,-1.9159935156451624,-1.3312972227679651,-1.4647529760943812,1.5708465576171875,-0.23096973100771123,1
396,1788173516.0308492,-0.010027606044375775,-0.6378777953496656,0.22258636776912655,-0.6079547523157127,3.0821563723186656,-5.39908907070487e-05,-1.4145944754229944,-1.9152615706073206,-1.324153248463766,-1.4729417006122034,1.5708465576171875,-0.2332976500140589,1
397,1788173516.0763233,-0.011951616472044263,-0.637852693932214,0.22645946512343618,-0.6076022676854458,3.0822116856880544,2.0586011811090906e-05,-1.417617146168844,-1.9144342581378382,-1.3153556028949183,-1.482614819203512,1.5708585977554321,-0.2360933462726038,1
398,1788173516.118764,-0.01347558717008847,-0.6378791764566787,0.22967780029419899,-0.6076067602893075,3.082226712666215,-0.00010827458232422978,-1.4200156370746058,-1.9138701597796839,-1.3079121748553675,-1.490539852772848,1.5708465576171875,-0.23849279085268194,1
399,1788173516.1609735,-0.015470988943501759,-0.6378919749211154,0.23349151492529724,-0.6074628768524366,3.0822558604920602,-0.00012720826945205856,-1.4231575171100062,-1.9133060614215296,-1.2989347616778772,-1.5000694433795374,1.5708465576171875,-0.2415412108050745,1
400,1788173516.2017992,-0.01700362093469486,-0.6378834265109566,0.23669635920205245,-0.6078642481220735,3.0821425958276256,-0.00020200686915168472,-1.4255803267108362,-1.9128382841693323,-1.2913954893695276,-1.5080307165728968,1.5708825588226318,-0.24422866502870733,1
401,1788173516.2464013,-0.01868159681173759,-0.6378777966970343,0.23986704416194563,-0.6081480531725204,3.082114585554334,6.68836998207261e-05,-1.4282072226153772,-1.912574593220846,-1.28361684480776,-1.516242806111471,1.5708465576171875,-0.24703628221620733,1
402,1788173516.2918231,-0.020492428032851277,-0.637963065267955,0.24372074433609575,-0.6085075909074924,3.0820678836328512,-0.00027110189731826715,-1.431073013936178,-1.9123347441302698,-1.2741592566119593,-1.525724236165182,1.5708345174789429,-0.2501323858844202,1
403,1788173516.335184,-0.02211960134627991,-0.6379798360380149,0.24687930526767046,-0.6081486386292067,3.082098168778113,-0.00015781879931134636,-1.4336522261248987,-1.912238899861471,-1.2662127653705042,-1.5338409582721155,1.5708705186843872,-0.2524836699115198,1
404,1788173516.3791707,-0.024062848877565452,-0.6379652611482451,0.2506728086693961,-0.6079092320335496,3.082134628328883,0.00012296600371383947,-1.4367101828204554,-1.9121783415423792,-1.256575886403219,-1.5437176863299769,1.5708705186843872,-0.25538760820497686,1
405,1788173516.424046,-0.025692433816625795,-0.6379793722266968,0.2539489462910621,-0.6076921993222114,3.082191564381694,7.001742983675181e-05,-1.4392765204059046,-1.9121664206134241,-1.2482460180865687,-1.5520251433001917,1.5708585977554321,-0.25781137148012334,1
406,1788173516.4654372,-0.027684266236422787,-0.6380352140533745,0.2578397306961066,-0.6074241213089739,3.0822800057685376,-0.0001893708999504206,-1.442418400441305,-1.9122865835772913,-1.2382023970233362,-1.5617817083941858,1.5708345174789429,-0.26077491441835576,1
407,1788173516.5077324,-0.029229018375909913,-0.6380879316480159,0.2610744244680846,-0.6073654736100481,3.0822651336204046,-0.00041529275485785384,-1.4448769728290003,-1.9124787489520472,-1.2297280470477503,-1.5699222723590296,1.5708705186843872,-0.26319867769350225,1
408,1788173516.5498288,-0.030929535538614192,-0.6381003547571201,0.2642746093214954,-0.6075530535874398,3.082233117969719,2.1959983833012875e-05,-1.4475515524493616,-1.912898365651266,-1.2209304014789026,-1.5785778204547327,1.5708465576171875,-0.26599437395204717,1
409,1788173516.5936382,-0.032741481787703294,-0.6383183781240653,0.26816199804797825,-0.6082400780172202,3.0821088487565453,-0.00046594919804482393,-1.4504545370685022,-1.9136303106891077,-1.2100957075702112,-1.588370148335592,1.5708585977554321,-0.2693417708026331,1
410,1788173516.6372097,-0.03437575108278397,-0.6384965528891904,0.27134323183626674,-0.6081302274058968,3.0821208690922504,-0.0005011564156412377,-1.4530685583697718,-1.9144700209247034,-1.2008426825152796,-1.5967620054828089,1.5708705186843872,-0.2718856970416468,1
411,1788173516.6798081,-0.03594234020792141,-0.6386354319769757,0.2744810453185071,-0.6080730046239727,3.0821133812900228,-0.00012205821274522584,-1.4555633703814905,-1.9154298941241663,-1.191469971333639,-1.6054170767413538,1.5708705186843872,-0.2743456999408167,1
412,1788173516.72295,-0.037919962069817355,-0.638850607642104,0.27827963917316695,-0.6075067370743399,3.0822537609303327,3.30692824489669e-05,-1.4587057272540491,-1.9167135397540491,-1.180000130330221,-1.615699593220846,1.5708345174789429,-0.27711707750429326,1
413,1788173516.764309,-0.039502821017401935,-0.6390560061139131,0.2814299355892085,-0.6075827207636872,3.0822364571167453,7.395462742908361e-05,-1.461235825215475,-1.917900864277975,-1.1703279654132288,-1.6242106596576136,1.5708345174789429,-0.27969676653017217,1
414,1788173516.8063593,-0.041061345964129733,-0.6392560425431062,0.2846324470853151,-0.6076934970485607,3.0822020170359767,7.660798393653755e-05,-1.4637296835528772,-1.9191487471209925,-1.1604397932635706,-1.6328538099872034,1.5708465576171875,-0.2822640577899378,1
415,1788173516.8488674,-0.042999618135124325,-0.6394547758517051,0.2885089248802599,-0.6075602300317131,3.082195978346078,0.00020571067821582482,-1.4668243567096155,-1.92072040239443,-1.1483586470233362,-1.6434481779681605,1.5708705186843872,-0.28527623811830694,1
416,1788173516.8876803,-0.04455040890361305,-0.6397310057996645,0.29166869905740667,-0.6080118364935493,3.0821399969816,-0.00014414621591632532,-1.469306770955221,-1.9222076574908655,-1.1382911841021937,-1.6518037954913538,1.5708585977554321,-0.2880476156817835,1
417,1788173516.9277816,-0.04626825309341672,-0.6399003173368228,0.2948472248244264,-0.6078310302959986,3.0821871194525574,7.099032653215126e-05,-1.4720290342914026,-1.923755947743551,-1.1279962698565882,-1.6606858412372034,1.5708345174789429,-0.29065114656557256,1
418,1788173516.9703825,-0.04784897804280803,-0.6400723117857107,0.2981387817571971,-0.6079620087378411,3.082158324311706,-7.713472979085981e-05,-1.4745476881610315,-1.9252670446978968,-1.1175091902362269,-1.6695683638202112,1.5708465576171875,-0.2932551542865198,1
419,1788173517.0142796,-0.04937201817411857,-0.6402444890593795,0.3013884413303244,-0.6078894953318011,3.082170006183651,-3.557556076659856e-05,-1.4769700209247034,-1.9269231001483362,-1.1068900267230433,-1.6785581747638147,1.5708465576171875,-0.2956307570086878,1
420,1788173517.055757,-0.05132273798228094,-0.6405026142748746,0.3048604528371427,-0.6073919613383959,3.0822679083088516,-3.207348795387378e-05,-1.4800761381732386,-1.9290459791766565,-1.0950492064105433,-1.6882785002337855,1.5708465576171875,-0.29841405550111944,1
421,1788173517.0972328,-0.05284836074591514,-0.6407798244494372,0.30684430815263386,-0.6075001519796303,3.0822242104069435,-6.306788701597536e-05,-1.4825227896319788,-1.9307377974139612,-1.0876181761371058,-1.694000546132223,1.5708705186843872,-0.30093366304506475,1
422,1788173517.1410258,-0.05453754719989805,-0.6409492926899755,0.3082875399814522,-0.6073034231664061,3.082279600597886,-0.00012386350964337691,-1.485196892415182,-1.932021443043844,-1.0821412245379847,-1.6981537977801722,1.5708585977554321,-0.3034780661212366,1
423,1788173517.1818564,-0.05607290579651122,-0.6411441773329839,0.3088189563845588,-0.6076380940735308,3.08221528404663,2.6151139165236725e-05,-1.4876311461078089,-1.9331372419940394,-1.0792048613177698,-1.7000692526446741,1.5708465576171875,-0.306129280720846,1
424,1788173517.2252452,-0.05805135868038263,-0.6414133575540578,0.30864435240994403,-0.6081860139453343,3.0820594283784857,0.0006627923087702958,-1.4907735029803675,-1.934528652821676,-1.07762319246401,-1.700667683278219,1.5708465576171875,-0.30963308015932256,1
425,1788173517.2686477,-0.05958326509464964,-0.6417090231694319,0.30866352787690265,-0.6080218807315781,3.0820942617216973,0.0004556470393503807,-1.4932196776019495,-1.9356206099139612,-1.0760887304889124,-1.7009790579425257,1.5708585977554321,-0.3119724432574671,1
426,1788173517.3108697,-0.061176607339768034,-0.6420650657709887,0.3087328287020161,-0.6066235218418025,3.0824011925001926,4.4080185002435e-05,-1.4957626501666468,-1.9368317762957972,-1.0742905775653284,-1.7013023535357874,1.5708585977554321,-0.3136041800128382,1
427,1788173517.3556154,-0.063146432840645,-0.6424530020738359,0.3088254361174216,-0.6026378975435263,3.0832154440747934,-0.00021256929233182464,-1.4988921324359339,-1.938308064137594,-1.0720379988299769,-1.7019127050982874,1.5708465576171875,-0.3141439596759241,1
428,1788173517.3974326,-0.06471045999150214,-0.6428177416010545,0.3088151338607231,-0.5985004784184353,3.084050074617956,-0.0002637986694510577,-1.5013750235186976,-1.9396751562701624,-1.0701683203326624,-1.7023795286761683,1.5708225965499878,-0.3139398733722132,1
429,1788173517.440981,-0.06670854134647802,-0.643261898199421,0.3087956800509648,-0.5920143167254328,3.0852365534757054,-0.0003683802079462129,-1.5045769850360315,-1.9413793722735804,-1.067855183278219,-1.7029302755938929,1.570894479751587,-0.31294423738588506,1
430,1788173517.4850812,-0.06824950939381604,-0.6435797076000114,0.3086743957656317,-0.5853929977755621,3.086521235777934,0.0001293109429568956,-1.5069993177997034,-1.9428184668170374,-1.0660813490497034,-1.7035768667804163,1.5708345174789429,-0.3110726515399378,1
431,1788173517.5291948,-0.07024051736632862,-0.6439428735281002,0.30868361856295956,-0.5754193998293312,3.088338571624195,0.00023298991723079524,-1.5101655165301722,-1.9444258848773401,-1.0637925306903284,-1.7043307463275355,1.5708825588226318,-0.30778485933412725,1
432,1788173517.5689702,-0.07177450049092164,-0.6443050840727228,0.3087000281775252,-0.5656605870591557,3.090175518934515,0.00010838276588509336,-1.512587849293844,-1.94580585161318,-1.0618389288531702,-1.7048214117633265,1.5708585977554321,-0.3038852850543421,1
433,1788173517.611878,-0.07340325038480991,-0.6446522853670682,0.30869608032568363,-0.5549512890568639,3.092149831474285,2.3124408144064383e-06,-1.515153710042135,-1.9471853415118616,-1.0599334875689905,-1.7052763144122522,1.5708345174789429,-0.2995184103595179,1
434,1788173517.655524,-0.07498188419379619,-0.6450603940256288,0.30873555148131093,-0.5436143178356979,3.094163614960808,-0.00031892622221573033,-1.5176604429828089,-1.948660675679342,-1.0578120390521448,-1.705719296132223,1.5708585977554321,-0.29469472566713506,1
435,1788173517.6970465,-0.07689843565483857,-0.6454747296046351,0.30879768350989945,-0.5289122619236186,3.096723137580533,-0.00048541380106416153,-1.520682160054342,-1.9503405729876917,-1.0553191343890589,-1.7064254919635218,1.5708585977554321,-0.2882159391986292,1
436,1788173517.7395022,-0.07852796521024775,-0.6457916379729585,0.3088153129796779,-0.5158879245244764,3.098931802012031,-0.00033065907025918754,-1.5232365767108362,-1.951792065297262,-1.0532096068011683,-1.7071798483477991,1.5708345174789429,-0.2823603788958948,1
437,1788173517.7818692,-0.08008242051446184,-0.6461462060194779,0.30870441744377636,-0.5035855655577813,3.100882891807188,0.0001330307097007863,-1.5256951490985315,-1.953423802052633,-1.0511248747455042,-1.7079342047320765,1.5708705186843872,-0.27688914934267217,1
438,1788173517.8254433,-0.08201819752060949,-0.6466011394918046,0.30858240585492447,-0.48901704084315717,3.1032129042941867,0.00047611238577080543,-1.5287287870990198,-1.9554036299334925,-1.0485957304583948,-1.7087004820453089,1.5708465576171875,-0.2705300490008753,1
439,1788173517.868258,-0.0836000606042007,-0.6469766315139225,0.3086652383828993,-0.47645151932975427,3.105190647400136,0.00015853030934623826,-1.5312112013446253,-1.9568670431720179,-1.0463669935809534,-1.7092621962176722,1.5708465576171875,-0.2649143377887171,1
440,1788173517.914785,-0.08557598984714347,-0.6474144512911519,0.3086938603277074,-0.4608762851223765,3.1075553662254674,-4.5996286159607835e-05,-1.5343053976642054,-1.9586785475360315,-1.0437658468829554,-1.7099207083331507,1.5708465576171875,-0.25797921815981084,1
441,1788173517.9537191,-0.08715068801414211,-0.6477010638424436,0.3087459336177983,-0.4488748509190191,3.1093489317585052,-5.684576863873995e-05,-1.5367515722857874,-1.960034195576803,-1.0417168776141565,-1.7106030623065394,1.5708105564117432,-0.25270015398134404,1
442,1788173517.9963794,-0.0887329075256394,-0.6478694435061224,0.30869133556064243,-0.43677941514622526,3.1110312376842115,0.00016475196644360614,-1.5392220656024378,-1.9611499945269983,-1.0402424971209925,-1.7111061255084437,1.5708345174789429,-0.24739629427065069,1
443,1788173518.0422583,-0.0906826226257126,-0.6479582177656665,0.3087942619085739,-0.42145990442419334,3.113183929107916,-0.0002449944328732531,-1.542243782673971,-1.961989704762594,-1.0388520399676722,-1.711393181477682,1.5708225965499878,-0.24056941667665654,1
444,1788173518.0836668,-0.0921794694045109,-0.6480171273772156,0.3088001561145805,-0.40922025834565245,3.1147830727761674,-0.0004755451405944924,-1.5445821920977991,-1.9626372496234339,-1.0379536787616175,-1.711501423512594,1.5708705186843872,-0.23504954973329717,1
445,1788173518.1283767,-0.09422200522119537,-0.648027607389858,0.30884623917652587,0.39443751153166273,-3.116701472540878,0.0006900319875619909,-1.5477245489703577,-1.9633811155902308,-1.0368149916278284,-1.711752716694967,1.5708105564117432,-0.22870189348329717,1
446,1788173518.1721756,-0.09573392379109212,-0.6480662421662737,0.3087536403443511,-0.3817802079799119,3.1183003109738787,-0.00046812654349964733,-1.550074879323141,-1.964149300252096,-1.0359280745135706,-1.7120159308062952,1.5708345174789429,-0.22293025652040654,1
447,1788173518.2148197,-0.09740295047444478,-0.6480349179387487,0.3087323776999963,-0.368853327237621,3.1198553152603945,-0.0002791735716574265,-1.552652661000387,-1.964808766041891,-1.0350173155414026,-1.7123869101153772,1.5708225965499878,-0.21721917787660772,1
448,1788173518.2598093,-0.09924157658551724,-0.6480621402818563,0.3087145557132241,-0.35430056739314925,3.121479814098786,-0.00026820830003592626,-1.555518929158346,-1.9656484762774866,-1.0338671843158167,-1.712710205708639,1.5708825588226318,-0.2107632795916956,1
449,1788173518.3034804,-0.10085989632756506,-0.648072663246809,0.30866221677618466,-0.3421108931811005,3.122856085797669,-0.0001518596596743713,-1.5580132643329065,-1.9663804213153284,-1.0329440275775355,-1.712973419819967,1.5708585977554321,-0.20544797578920537,1
450,1788173518.3483276,-0.10277396111659341,-0.6480388582121173,0.3086768716731778,-0.3267855913750004,3.1245117834538405,1.7479665534601953e-06,-1.560962978993551,-1.9671719709979456,-1.0317571798907679,-1.7134645620929163,1.5708345174789429,-0.1985843817340296,1
451,1788173518.3923287,-0.10468822948898875,-0.6479912790807418,0.30870658013426455,-0.3117304665922496,3.1260286784898486,0.00015150942719083043,-1.5639246145831507,-1.967952076588766,-1.0305469671832483,-1.7139914671527308,1.5708465576171875,-0.19191295305360967,1
452,1788173518.4341152,-0.10638345580936463,-0.6479563526024342,0.3087118078162474,-0.2995780981419205,3.1272233832940817,0.0002465873864922826,-1.5665386358844202,-1.9686477820025843,-1.0295284430133265,-1.7143738905536097,1.5708345174789429,-0.18675309816469365,1
453,1788173518.478739,-0.10790813655438175,-0.6479501835045578,0.30872350359656686,-0.28704161154134783,3.128374092222,0.000261986417173373,-1.5689013640033167,-1.9693315664874476,-1.0285213629352015,-1.7147091070758265,1.5708585977554321,-0.181101147328512,1
454,1788173518.5201967,-0.1099203358758523,-0.6479610525546605,0.3087248612898087,-0.2713137793697212,3.1297859666651755,0.00011448870235510068,-1.5720070044146937,-1.9702194372760218,-1.0272753874408167,-1.7149727980243128,1.5708585977554321,-0.17415362993349248,1
455,1788173518.564038,-0.1114384704541327,-0.6479781939303335,0.3087280809007916,-0.25933287672333116,3.1307807532785965,5.469510576283104e-05,-1.5743573347674769,-1.9709513823138636,-1.0262320677386683,-1.715247933064596,1.5708825588226318,-0.16885024705995733,1
456,1788173518.6093738,-0.11342478693155958,-0.647980841953389,0.3087163910054841,-0.24434410759645242,3.1320002825893827,1.9964256144639327e-05,-1.5774157683001917,-1.971875015889303,-1.02494985262026,-1.7155831495868128,1.5708705186843872,-0.16233474413026983,1
457,1788173518.6520562,-0.11498096421908512,-0.6479802995480601,0.3087510064977105,-0.23138247451270547,3.133023396052502,-2.9645238526129087e-05,-1.579801384602682,-1.9726069609271448,-1.0238240400897425,-1.7159422079669397,1.5708345174789429,-0.156442944203512,1
458,1788173518.693397,-0.11657450707267493,-0.648003956264574,0.30873834631472147,-0.2189565050591266,3.1339082152709348,-0.00010723895664167608,-1.5822599569903772,-1.973410431538717,-1.0227206389056605,-1.7161935011493128,1.5708465576171875,-0.15097076097597295,1
459,1788173518.736993,-0.11852905175161935,-0.6479973641352204,0.3088157454799274,-0.2043498135585885,3.1349067578125176,-0.0003497798444425771,-1.5852692762957972,-1.9742863813983362,-1.0213068167315882,-1.71657640138735,1.5708465576171875,-0.1446593443499964,1
460,1788173518.7809286,-0.12006931370274398,-0.6479859203626344,0.3088093889504678,-0.19180321552904556,3.1356822632096204,-0.00025558536866694025,-1.5876439253436487,-1.9750664869891565,-1.0201924482928675,-1.7169716993915003,1.5708585977554321,-0.1390312353717249,1
461,1788173518.8247957,-0.12199175605599409,-0.6479603927179625,0.3087668275713912,-0.17633837093473678,3.136565844004862,-1.1887964026123157e-05,-1.5906055609332483,-1.9760625998126429,-1.0188382307635706,-1.7174862066852015,1.5708705186843872,-0.13213140169252569,1
462,1788173518.8661358,-0.12356284410797913,-0.6479736103757484,0.3087222866275251,-0.16408878418965966,3.137234423031645,0.00015773588753567732,-1.5930159727679651,-1.9769614378558558,-1.017639462147848,-1.717893425618307,1.5708585977554321,-0.1267316977130335,1
463,1788173518.9096005,-0.12518366073992007,-0.6479733396649626,0.30872994368526263,-0.15170436920256336,3.1378484549835393,0.00010199777537602617,-1.5955103079425257,-1.9777897039996546,-1.0164411703692835,-1.7182286421405237,1.5708705186843872,-0.12133199373354131,1
464,1788173518.949552,-0.12685020528274987,-0.6479942187661417,0.3086523919509195,-0.13841525134834376,3.138470390343164,0.00019916931250432278,-1.5980642477618616,-1.9787376562701624,-1.0152667204486292,-1.7185161749469202,1.5708585977554321,-0.11541635194887334,1
465,1788173518.987594,-0.1283909422232187,-0.6480272819853641,0.3085898347515335,-0.12612065350337606,3.1390196334571647,0.00031536687163774405,-1.6004145781146448,-1.979673210774557,-1.0140679518329065,-1.7188509146319788,1.5708225965499878,-0.109931770955221,1
466,1788173519.0298312,-0.13003906557467262,-0.64799304338135,0.30864994541073215,-0.11391824818585533,3.1394570204846493,0.00016213335388942583,-1.6029565970050257,-1.980440918599264,-1.0128338972674769,-1.7192218939410608,1.5708585977554321,-0.10470039049257451,1
467,1788173519.0726798,-0.13187813850486999,-0.6480180548903637,0.30873033651109816,-0.09896452095668443,3.139976096857408,-0.00011865593751735396,-1.605774227772848,-1.981436554585592,-1.0112398306476038,-1.7196410338031214,1.5708585977554321,-0.09799224535097295,1
468,1788173519.1138403,-0.1335321860548219,-0.6479983718244161,0.30871720512179557,-0.08604258361413704,3.14036398386752,-4.425482164732873e-06,-1.608304802571432,-1.9823482672320765,-1.0099452177630823,-1.7200959364520472,1.5708465576171875,-0.092292610798971,1
469,1788173519.1532362,-0.1351401234462251,-0.6479870147501967,0.30872215141232345,-0.0736089400639328,3.1406911910068755,1.7820993698211293e-05,-1.610762898121969,-1.9832366148578089,-1.008651081715719,-1.7205150763141077,1.5708345174789429,-0.08683234850038701,1
470,1788173519.1933281,-0.1367116085411744,-0.6479666032133001,0.3086887149434122,-0.06134335512901449,3.1409308204158815,0.0003172632849869523,-1.6131728331195276,-1.9841960112201136,-1.0073092619525355,-1.7210891882525843,1.5708465576171875,-0.08143216768373662,1
471,1788173519.2339053,-0.13834267545740478,-0.6479631747723216,0.3086970908035186,-0.04851196819953603,3.14115474702678,0.00033760607162799147,-1.6156671682940882,-1.9851439634906214,-1.0059188047992151,-1.7215445677386683,1.5708465576171875,-0.07575637498964483,1
472,1788173519.2765646,-0.13985072008011837,-0.6479965385786545,0.3087270332063379,-0.035774995231412886,3.1413337240420227,0.00013141080981643452,-1.6179693380938929,-1.9860437552081507,-1.0045765081988733,-1.7218554655658167,1.5708465576171875,-0.06994897523988897,1
473,1788173519.3186793,-0.14147517614638577,-0.6479815069991418,0.3087579035558868,-0.023469499805961556,3.141453967312595,1.936833228161672e-05,-1.6204512755023401,-1.9869311491595667,-1.0032342115985315,-1.722238842641012,1.5708465576171875,-0.06459647813905889,1
474,1788173519.36149,-0.1433850658370778,-0.6479884711391121,0.30878090439067973,-0.008865789392286985,3.14157171331769,-0.00016507515704521054,-1.6233528296100062,-1.9880231062518519,-1.0016277472125452,-1.7226336638080042,1.5708105564117432,-0.05820066133608037,1
475,1788173519.404599,-0.14499247611891702,-0.6480007426278428,0.3087931635752579,0.0041572376315970345,3.141559233438558,-0.0002216699850096096,-1.6258114019977015,-1.98901874223818,-1.0001662413226526,-1.7230647245990198,1.5708345174789429,-0.05236846605409795,1
476,1788173519.446059,-0.1466868165502691,-0.6480010846570686,0.30876768544065075,0.016990701991920123,3.1415277052703026,-0.00021987324655479913,-1.6283891836749476,-1.9900506178485315,-0.9987400213824671,-1.723459545766012,1.5708225965499878,-0.0467761198626917,1
477,1788173519.4859855,-0.14856550187398423,-0.6480362290552235,0.3087619568171983,0.0315560186685252,3.1413933318504283,-0.00029502435060099427,-1.6312549749957483,-1.9912861029254358,-0.9969785849200647,-1.7239387671100062,1.5708465576171875,-0.04036885896791631,1
478,1788173519.5244384,-0.1498978207760473,-0.6480053131205382,0.30870966144197376,0.04188214022423349,3.14123905336582,3.942114126555746e-06,-1.6332934538470667,-1.9921501318561,-0.9958155790912073,-1.7244294325457972,1.5708705186843872,-0.03583270708192998,1
479,1788173519.5650518,-0.15147938366696,-0.6479915684850881,0.3087212759079012,0.05475252717894637,3.1410649992296302,6.6747027565021915e-06,-1.6356914679156702,-1.9931219259845179,-0.9943774382220667,-1.724896256123678,1.5708465576171875,-0.030036274586812794,1
480,1788173519.6068778,-0.1534117355106744,-0.6480115991952895,0.3087561211951325,0.06965611105822242,3.140764862803656,-0.00023646860151527727,-1.6386297384845179,-1.994333569203512,-0.992568318043844,-1.7253392378436487,1.5708585977554321,-0.023484532033101857,1
481,1788173519.6488957,-0.15503055440817037,-0.6480066387400439,0.3087216376814884,0.08203357193398382,3.1404980052257323,-0.00010214689206240967,-1.6410754362689417,-1.9954131285296839,-0.9910700956927698,-1.7258418242083948,1.5708225965499878,-0.018048588429586232,1
482,1788173519.6890035,-0.15655698101094012,-0.6480599327392174,0.3087020312715012,0.09482390935743372,3.1400918449018334,-0.00018010530323996969,-1.6434019247638147,-1.9965289274798792,-0.989511791859762,-1.726236645375387,1.5708705186843872,-0.012228314076558888,1
483,1788173519.7300828,-0.15824213274784354,-0.6480275480736344,0.3086725656345164,0.10768908860188643,3.139687205039542,-0.00012154748427949778,-1.6459558645831507,-1.9975727240191858,-0.9880617300616663,-1.7266796270953577,1.5708585977554321,-0.006587807332174123,1
484,1788173519.7699242,-0.15982120663112515,-0.648009410631965,0.3087116166584314,0.11981735114035139,3.1392721546638405,-0.00013713501208058806,-1.648341480885641,-1.9985926787005823,-0.9864800612079065,-1.7272303740130823,1.5708345174789429,-0.0012477079974573257,1
485,1788173519.811179,-0.1613720994863393,-0.647951990741136,0.3087636576859252,0.13213128215909498,3.1387483050756435,8.755663750315825e-05,-1.6507042090045374,-1.9996126333819788,-0.9848259131060999,-1.7280085722552698,1.5708585977554321,0.004236049018800259,1
486,1788173519.8537507,-0.1629726750295455,-0.6479446975251375,0.30875329945924035,0.1450461745545158,3.138177203612508,0.0001266503223233927,-1.653126064931051,-2.0007041136371058,-0.9832566420184534,-1.728511158620016,1.5708585977554321,0.0100442785769701,1
487,1788173519.896065,-0.16481967269122508,-0.6479854981526799,0.3087216894967608,0.15982360368554724,3.137471505647914,0.00012824357889341706,-1.655907932912008,-2.0020836035357874,-0.9813268820392054,-1.7290619055377405,1.5708465576171875,0.016680918633937836,1
488,1788173519.9393787,-0.16651302741986854,-0.6480059288750699,0.30871135634760716,0.17241291362299166,3.136808108742,-2.0606313388600934e-05,-1.658461872731344,-2.0032594839679163,-0.9796608130084437,-1.729457203541891,1.5708465576171875,0.022152841091156006,1
489,1788173519.979318,-0.16812136577851491,-0.648010778130619,0.30867185589156637,0.18535610858064228,3.1360447767906208,3.4505105741225755e-05,-1.6608956495868128,-2.004422966633932,-0.9780548254596155,-1.7299354712115687,1.5708705186843872,0.02797342836856842,1
490,1788173520.0182931,-0.1696854929220367,-0.6480325581917883,0.30863298398930605,0.19807221949570963,3.135277113001742,0.00015130015625910878,-1.663245979939596,-2.0056350866900843,-0.9763653914081019,-1.7304866949664515,1.5708585977554321,0.033733345568180084,1
491,1788173520.0586126,-0.17131661838416076,-0.6479945031123003,0.30870077497481524,0.21037134551911627,3.1344901055239585,3.892273875815014e-05,-1.665703598652975,-2.006690804158346,-0.9746635595904749,-1.731060806904928,1.5708465576171875,0.039121754467487335,1
492,1788173520.0979962,-0.17284517195821117,-0.6480114657808682,0.3087257076104171,0.2225126327222025,3.1336042586403514,-3.714042550561225e-07,-1.6680176893817347,-2.0078542868243616,-0.9729016462909144,-1.7316353956805628,1.570894479751587,0.04455772414803505,1
493,1788173520.1374211,-0.1745301558069989,-0.6480011585831406,0.3087223260983468,0.2355419901585929,3.1327010529778354,-7.313747137014275e-05,-1.6705358664142054,-2.0090296904193323,-0.9711998144732874,-1.7321141401873987,1.5708465576171875,0.05035434290766716,1
494,1788173520.1798646,-0.17608393036199405,-0.6480253003073055,0.30871712544615376,0.24805411981891692,3.1317118487066375,-0.00012853824107004482,-1.6728742758380335,-2.0102298895465296,-0.969461743031637,-1.732617203389303,1.5708705186843872,0.056006405502557755,1
495,1788173520.2211437,-0.1776729730593696,-0.648042631056394,0.30872774942068865,0.2601523940344416,3.1307557777714776,-0.0002593529708078274,-1.6752479712115687,-2.0114172140704554,-0.9677122274981897,-1.7330954710589808,1.5708465576171875,0.06135885789990425,1
496,1788173520.2621825,-0.17929248151269775,-0.6480304189863123,0.3088091873115671,0.27275194396919417,3.129674697051797,-0.0005584044928350461,-1.6776822249041956,-2.0125210920916956,-0.9659269491778772,-1.73358661333193,1.5708585977554321,0.06697534024715424,1
497,1788173520.3032348,-0.18115479565517628,-0.6480096625655959,0.30883259490869075,0.28817582872197484,3.1282537184275063,-0.0004094425231958732,-1.6804874579059046,-2.013972584401266,-0.9637091795550745,-1.734448258076803,1.570894479751587,0.0740310549736023,1
498,1788173520.345963,-0.1827915955565228,-0.6479330338235841,0.3087327791958466,0.3004850246089003,3.127099841267942,0.0002718239899565064,-1.6829455534564417,-2.015280548726217,-0.9619362990008753,-1.7353466192828577,1.5708825588226318,0.0794438049197197,1
499,1788173520.3864348,-0.18439916511645163,-0.6479598355807791,0.308639221364614,0.312773779609468,3.1259287224464427,0.000517776370531681,-1.6853321234332483,-2.016671959553854,-0.960090462361471,-1.7359569708453577,1.5708465576171875,0.08491609990596771,1
500,1788173520.4286447,-0.18596698157093888,-0.6479847950913337,0.308642627469845,0.3254465033408124,3.1246357968210527,0.00046325206861299494,-1.68766957918276,-2.017956082020895,-0.9581969420062464,-1.7365315596209925,1.5708465576171875,0.09068837761878967,1
501,1788173520.4696074,-0.18765691284688774,-0.6479609015439431,0.30870813036359546,0.3381703273785358,3.123275231799756,0.00012463792570529357,-1.6901996771441858,-2.0191195646869105,-0.9563635031329554,-1.73698598543276,1.5708585977554321,0.09630485624074936,1
502,1788173520.510129,-0.18954419228827465,-0.6479794728139683,0.3087065797606622,0.35274451696622194,3.1216755246354517,5.16074336392592e-05,-1.693005386983053,-2.0206554571734827,-0.9541104475604456,-1.7376564184771937,1.5708465576171875,0.10283326357603073,1
503,1788173520.5511394,-0.19084982850927387,-0.6479489123071146,0.3086791423612546,0.36277706442643187,3.1205123190167634,0.0002590132426017457,-1.6949594656573694,-2.0217111746417444,-0.9525883833514612,-1.7382548491107386,1.5708585977554321,0.1073089987039566,1
504,1788173520.594428,-0.19278091850922777,-0.6479215980791947,0.30868556315843854,0.37824004149551066,3.118712258835272,0.0002985306089842199,-1.6978252569781702,-2.0232346693622034,-0.9503114859210413,-1.739033047352926,1.5708225965499878,0.11435385048389435,1
505,1788173520.637393,-0.1943359097936629,-0.6479503963144025,0.3087586847987168,0.39067476865720613,3.117156083722695,-1.9217064102327963e-06,-1.7001388708697718,-2.024505917225973,-0.9482863585101526,-1.7395957151996058,1.5708465576171875,0.12001827359199524,1
506,1788173520.6786299,-0.1963330346056116,-0.6479611888526664,0.3088234446638213,0.4054855135528299,3.115301054726815,-0.00037687073107561044,-1.7030890623675745,-2.0260656515704554,-0.9458649794207972,-1.740218464528219,1.5708105564117432,0.12657064199447632,1
507,1788173520.719337,-0.19782165808764132,-0.6480297404472396,0.30871818248583704,0.4179418478282603,3.1136175131527635,-0.00014919130057582922,-1.7052949110614222,-2.027565304433004,-0.9438760916339319,-1.7408526579486292,1.5708465576171875,0.13236689567565918,1
508,1788173520.761611,-0.19948953763019078,-0.6479930486737193,0.3086950695302322,0.43069357802840313,3.1118670075546,4.044381589099978e-05,-1.7077768484698694,-2.028957192097799,-0.94183856645693,-1.7416189352618616,1.5708585977554321,0.13807924091815948,1
509,1788173520.8038006,-0.20109407548333788,-0.6479713159599536,0.3086197222696029,0.4427566725211672,3.110222649201429,0.0004359135880762369,-1.7101390997516077,-2.0304086844073694,-0.9398134390460413,-1.7424443403827112,1.5708105564117432,0.14346764981746674,1
510,1788173520.8454506,-0.20264872924429791,-0.6479733180596678,0.3086695301254582,0.4548596264111488,3.1084636794743146,0.000306437115799964,-1.7124407927142542,-2.0317285696612757,-0.9377401510821741,-1.743115250264303,1.5708225965499878,0.1489519327878952,1
511,1788173520.8873096,-0.20461142928713352,-0.6479959262921033,0.3086942737095604,0.4702526938772744,3.1061474178230855,2.5860126023248667e-05,-1.715341869984762,-2.033396069203512,-0.9352353254901331,-1.7437737623797815,1.5708465576171875,0.1559608280658722,1
512,1788173520.9299986,-0.20614302855925146,-0.648033456227922,0.3087947244706134,0.4823961364912615,3.104270896667625,-0.00031240856404186613,-1.7175963560687464,-2.0347517172442835,-0.9330061117755335,-1.7444317976581019,1.5708585977554321,0.16152900457382202,1
513,1788173520.9731102,-0.20776201795430232,-0.6480664398897398,0.30877495280230294,0.49456657760531153,3.10233106425537,-0.00023552260109508687,-1.7199819723712366,-2.0363109747516077,-0.9307172934161585,-1.7452099959002894,1.5708825588226318,0.1669893115758896,1
514,1788173521.014105,-0.2093909504454975,-0.6480952155527605,0.3087817269014902,0.507275760923622,3.100291014211314,-0.0001208985646996912,-1.722368065510885,-2.0379069487201136,-0.9282963911639612,-1.7461078802691858,1.5708705186843872,0.17279791831970215,1
515,1788173521.0521226,-0.210960425152168,-0.6482377994085812,0.3088030308154556,0.5199026412492723,3.0982202906718643,-0.00041998217550859925,-1.7246339956866663,-2.0395987669574183,-0.9257562796222132,-1.7467659155475062,1.5708465576171875,0.17867805063724518,1
516,1788173521.093759,-0.21262588315178133,-0.6483496027194167,0.3087397091511903,0.5321138465882411,3.0961708297533432,-0.0003627132589442001,-1.727044407521383,-2.041422192250387,-0.9231794516192835,-1.7475560347186487,1.5708225965499878,0.1841503530740738,1
517,1788173521.1368315,-0.21445398400947666,-0.6484421373180783,0.3086297800320904,0.5465573454470593,3.093648276308233,0.00031769040500524313,-1.729706112538473,-2.0436180273639124,-0.9200637976275843,-1.748908821736471,1.5708345174789429,0.19082294404506683,1
518,1788173521.1770616,-0.21613254973548288,-0.6485081141348589,0.3087026829876667,0.5593920476649739,3.0913390445287883,0.00011067494771823167,-1.7321513334857386,-2.0453088919269007,-0.9173672834979456,-1.7497823874102991,1.5708465576171875,0.19667986035346985,1
519,1788173521.2196994,-0.21773234308403605,-0.648609733564701,0.3087090594363265,0.5717745453348635,3.0890721821672886,5.6138131468310634e-05,-1.7344654242144983,-2.047072712575094,-0.9147065321551722,-1.7506445089923304,1.5708465576171875,0.20237985253334045,1
520,1788173521.2592118,-0.21927142099474836,-0.6487605693549978,0.30861780783457604,0.5835527535807775,3.086847095297377,0.0002472540496732874,-1.7366836706744593,-2.04899245897402,-0.9120224157916468,-1.7515299955951136,1.5708705186843872,0.20779260993003845,1
521,1788173521.3012576,-0.22093039690594668,-0.6487980495520859,0.3087540279962404,0.5962304434792886,3.084419603495954,-3.410766290634336e-05,-1.7390931288348597,-2.0506237188922327,-0.9092538992511194,-1.7524879614459437,1.5708705186843872,0.21360084414482117,1
522,1788173521.344463,-0.22283207247377784,-0.6489531565104546,0.3087982350011686,0.6111778909771024,3.0815124610804543,-0.00031408244136871564,-1.741814915333883,-2.0527833143817347,-0.9059227148639124,-1.753481690083639,1.5708465576171875,0.22057341039180756,1
523,1788173521.3863974,-0.22440246144397039,-0.6490992158803025,0.30873976657446267,0.6231656688375565,3.079085840994575,-0.000311445856709545,-1.7440689245807093,-2.0546911398517054,-0.9031899611102503,-1.7543075720416468,1.5708705186843872,0.22610600292682648,1
524,1788173521.427211,-0.22602492241399452,-0.64913620980474,0.3087539131363348,0.63543098263683,3.0766066623201915,-6.747175109147481e-05,-1.7464068571673792,-2.056502167378561,-0.9003737608539026,-1.7554686705218714,1.5708465576171875,0.2317344695329666,1
525,1788173521.469357,-0.22756006401341994,-0.6492147579860829,0.3087371431590532,0.6479093839604074,3.0740434078460126,0.00012114972065119878,-1.7486003080951136,-2.0583141485797327,-0.8976414839373987,-1.756510082875387,1.5708105564117432,0.23765093088150024,1
526,1788173521.5118945,-0.22917483905493985,-0.6492608290385097,0.30867898091740176,0.6602531009323103,3.0713826734868817,0.00029365423920824687,-1.7509387175189417,-2.0601018110858362,-0.8950532118426722,-1.7574194113360804,1.5708465576171875,0.2433513104915619,1
527,1788173521.5540137,-0.2311580027367162,-0.6492684697404119,0.308730125333411,0.6747447474662454,3.0682262784401484,3.252700753416924e-05,-1.7538045088397425,-2.062021557484762,-0.8920448462115687,-1.7583416144000452,1.5708465576171875,0.24992763996124268,1
528,1788173521.5960572,-0.23270520022216232,-0.6492272150031048,0.30878741484297634,0.6872862147141936,3.0654181511893426,9.088628949112058e-05,-1.7560580412494105,-2.063533131276266,-0.8895881811725062,-1.7593229452716272,1.5708705186843872,0.25585609674453735,1
529,1788173521.6366189,-0.23439534798440392,-0.6492275365115966,0.3087427931105435,0.6998426935196692,3.0625877598747713,7.241949260430541e-05,-1.7584918181048792,-2.0652244726764124,-0.8871315161334437,-1.7600768248187464,1.5708585977554321,0.2616167664527893,1
530,1788173521.6787863,-0.23593001295608992,-0.6491720386529446,0.3087927131367529,0.7116671714421912,3.0598514380815853,0.00014963796872854353,-1.7607219854937952,-2.066711727772848,-0.8847230116473597,-1.7610467115985315,1.5708705186843872,0.2671133875846863,1
531,1788173521.7209334,-0.2378579048140507,-0.6487746897076986,0.30918051910360755,0.7265504097796358,3.056376426675435,0.0001468354177284137,-1.7635992209063929,-2.067803684865133,-0.8820503393756312,-1.7626264731036585,1.5708465576171875,0.27396613359451294,1
532,1788173521.7610035,-0.23942607582041725,-0.6483400154284902,0.30950449522988377,0.7390700487748793,3.0533903859364155,0.0003145377210560262,-1.765972916279928,-2.0684755484210413,-0.8801568190204065,-1.7639554182635706,1.5708345174789429,0.2797863483428955,1
533,1788173521.8040664,-0.24097718127735246,-0.6479189077661582,0.31002139853974175,0.7509956886444852,3.050436449785739,0.0001098120211149444,-1.76833421388735,-2.0691235701190394,-0.8778565565692347,-1.7654755751239222,1.5708705186843872,0.28524667024612427,1
534,1788173521.8449047,-0.24267720941942342,-0.6473494093785974,0.31082511362291,0.7630510722840602,3.0474515874995176,-2.556496414303893e-05,-1.7709363142596644,-2.069723431264059,-0.8748720327960413,-1.7677744070636194,1.5708585977554321,0.29055118560791016,1
535,1788173521.8859367,-0.24452852279781861,-0.6466924967328767,0.3118315094408368,0.7777628389702601,3.043750108215227,-0.00018202370308710968,-1.7737777868853968,-2.0703709761248987,-0.871289078389303,-1.7706111113177698,1.5708345174789429,0.29736757278442383,1
536,1788173521.9269524,-0.24582312060053169,-0.6462179296317118,0.3124776755665775,0.7875236321597907,3.041226652867489,-0.00018252121131911352,-1.7757795492755335,-2.070815388356344,-0.8689282576190394,-1.7725265661822718,1.5708465576171875,0.30178412795066833,1
537,1788173521.967511,-0.24774415477859005,-0.6455394874986171,0.31367495171451854,0.8002256246481845,3.0378828377547746,-0.0005996471598461538,-1.778741184865133,-2.0715230146991175,-0.8647940794574183,-1.7756865660296839,1.5708585977554321,0.30718451738357544,1
538,1788173522.0100746,-0.24929571227636574,-0.6448981743812,0.31456918842391884,0.8095793277152524,3.035441739282854,-0.00019303122812089143,-1.7811511198626917,-2.0721591154681605,-0.8614261786090296,-1.7786787191974085,1.5708345174789429,0.3109288513660431,1
539,1788173522.0483594,-0.25096623384987227,-0.6442181328374307,0.3154584910136182,0.8182525527460428,3.033086595384734,6.866627796308206e-05,-1.783764664326803,-2.072770420704977,-0.8581307570086878,-1.7815278212176722,1.5708705186843872,0.31403687596321106,1
540,1788173522.0863655,-0.2525488816520906,-0.6435365019647722,0.3163243711175166,0.8256078192305066,3.03112748122017,0.0003652344387033805,-1.786234203969137,-2.073298756276266,-0.8550155798541468,-1.7843049208270472,1.5708465576171875,0.31641313433647156,1
541,1788173522.1258416,-0.25385380364877314,-0.6429929498469971,0.3169658431420421,0.8308426807216659,3.0296997082365613,0.00045647960712698424,-1.7882722059832972,-2.0736826101886194,-0.8527386824237269,-1.7862561384784144,1.5708465576171875,0.31782951951026917,1
542,1788173522.1664662,-0.255476786443573,-0.6423239278577134,0.31773244175963505,0.8358003888338831,3.028336272241237,9.491534037135017e-05,-1.7908018271075647,-2.0739463011371058,-0.8503897825824183,-1.7881115118609827,1.5708345174789429,0.3185732960700989,1
543,1788173522.2069426,-0.2573188651939005,-0.6415891090595398,0.3184129361295581,0.8396008967188763,3.0272442132715622,-0.0003949050562938627,-1.7936790625201624,-2.074174229298727,-0.8483403364764612,-1.7896197477923792,1.5708585977554321,0.3182133734226227,1
544,1788173522.248475,-0.25899973664015896,-0.6408267307353163,0.31874064595567403,0.8421048764491661,3.026556515433121,-0.0001512013107869489,-1.796328369771139,-2.074270550404684,-0.8472979704486292,-1.7907212416278284,1.5708585977554321,0.3172172009944916,1
545,1788173522.2876956,-0.26052740438144273,-0.6402051128021057,0.31886207830609037,0.8425828024138637,3.026458825684282,-0.0002309756110630345,-1.7987020651446741,-2.074306313191549,-0.8469379583941858,-1.7909963766681116,1.5708225965499878,0.3151533007621765,1
546,1788173522.3280556,-0.262173003325063,-0.6395170603418533,0.3188152850792342,0.8425957327487582,3.0263836312588404,-0.00013217787012876402,-1.8013032118426722,-2.074282471333639,-0.8470819632159632,-1.790936295186178,1.570894479751587,0.3125729262828827,1
547,1788173522.3698695,-0.26374893119935494,-0.6387130268011969,0.31870462393801907,0.8425771888778855,3.0263981181364215,0.00022517157870357728,-1.8038213888751429,-2.0739343802081507,-0.847849194203512,-1.7907450834857386,1.570894479751587,0.3100408911705017,1
548,1788173522.4108896,-0.2653633101114386,-0.6378310973729158,0.3186437183485675,0.8426926649324874,3.026407255564911,0.00041065355748220935,-1.806411091481344,-2.0733707586871546,-0.8488438765155237,-1.790433708821432,1.5708585977554321,0.30752044916152954,1
549,1788173522.4528651,-0.26692808082248215,-0.6367767585128383,0.31858009873190885,0.8428750751317371,3.026376475786881,0.0007848549347036889,-1.809000317250387,-2.072362724934713,-0.8504975477801722,-1.7900269667254847,1.5708465576171875,0.3050483465194702,1
550,1788173522.4957323,-0.2685565828131357,-0.6354221349250566,0.3186954284172422,0.8430383518276303,3.0262777899744426,6.997892804380051e-05,-1.811805550252096,-2.070191208516256,-0.8536370436297815,-1.788602654133932,1.5708825588226318,0.3023601174354553,1
551,1788173522.538172,-0.2699625519343384,-0.6340800424242974,0.3187637031710911,0.8434137585846633,3.0262349091867633,4.603572404008966e-05,-1.814263168965475,-2.068103615437643,-0.8566568533526819,-1.7876570860492151,1.5708225965499878,0.30014005303382874,1
552,1788173522.580037,-0.27130694002008754,-0.6326883834226684,0.31868845911846977,0.8433957003117374,3.0261862446243826,0.0005537792618263713,-1.8166969458209437,-2.0659921805011194,-0.8600004355060022,-1.7867468039142054,1.5708825588226318,0.29770350456237793,1
553,1788173522.6210525,-0.27255025430784097,-0.6313574409678678,0.3186912574235531,0.8432919825049948,3.0262490266084634,0.0003806978392205301,-1.8189385573016565,-2.06366473833193,-0.8635714689837855,-1.785394016896383,1.5708465576171875,0.2953875660896301,1
554,1788173522.6621218,-0.27384405782611565,-0.6299327185263944,0.31875750113709467,0.8432180012087142,3.0262786337651373,0.00017195270974222507,-1.8213003317462366,-2.061181370412008,-0.8672145048724573,-1.7841017881976526,1.5708345174789429,0.29297536611557007,1
555,1788173522.7050214,-0.2752026297953961,-0.6283888382923892,0.3186587095850136,0.8427251729210629,3.0263547204589565,0.00028437607338464285,-1.823829476033346,-2.0585182348834437,-0.8715046087848108,-1.7825453917132776,1.570894479751587,0.29013097286224365,1
556,1788173522.7475019,-0.2765070660110274,-0.6270199795188173,0.31867496843664533,0.8428838431515016,3.026307867824378,7.508848597593192e-05,-1.8262031714068812,-2.0562146345721644,-0.8749921957599085,-1.7812283674823206,1.570894479751587,0.2878625988960266,1
557,1788173522.7876503,-0.2776965812751827,-0.6256333349542307,0.31867485221680464,0.8431849660741794,3.0262753440583805,0.00025943812646557756,-1.8284090201007288,-2.053911034260885,-0.8784549872027796,-1.7801874319659632,1.5708465576171875,0.2858469784259796,1
558,1788173522.8290622,-0.27893232091041065,-0.6242378143750333,0.31872494842709,0.8437222210133524,3.026112721950719,0.0002572567518787347,-1.8307107130633753,-2.0516074339496058,-0.8818109671222132,-1.7791336218463343,1.5708585977554321,0.2839025557041168,1
559,1788173522.8709128,-0.2804916062586805,-0.6225672232359603,0.31893885461185945,0.8465280372512812,3.0253126707506945,-0.00029022990718506446,-1.833587948475973,-2.0488126913653772,-0.885561768208639,-1.7778289953814905,1.5708705186843872,0.28288277983665466,1
560,1788173522.9127455,-0.2817181579327246,-0.6212346729835099,0.31892662042451114,0.8497614388606053,3.024432928441684,7.382899354913816e-06,-1.835853401814596,-2.0468085447894495,-0.8885696570025843,-1.7770150343524378,1.5708465576171875,0.28275057673454285,1
561,1788173522.95356,-0.2829953033950926,-0.6198567816209029,0.31899518743861344,0.8544358473808444,3.0231035545583254,8.086893341984775e-05,-1.8382270971881312,-2.044709030781881,-0.8915417830096644,-1.77618915239443,1.5708585977554321,0.2834707498550415,1
562,1788173522.9985707,-0.2842502003552475,-0.6185038378438011,0.3192431836723857,0.8595785123248119,3.021630477730058,-0.0004096338221818631,-1.840565029774801,-2.042514149342672,-0.8942740599261683,-1.775339428578512,1.5708705186843872,0.28453847765922546,1
563,1788173523.0418432,-0.2856907385632886,-0.6169027384845581,0.31942268321973805,0.8675018024888534,3.0193908471948285,-0.00028184535873515657,-1.8432624975787562,-2.040138546620504,-0.8973539511310022,-1.7747166792498987,1.5708465576171875,0.28708285093307495,1
564,1788173523.0800936,-0.2870077908164678,-0.6154179357680444,0.3197313005669604,0.8758430731744599,3.016969512660053,-0.00022925054736158722,-1.8457558790790003,-2.0379908720599573,-0.8997624556170862,-1.7744892279254358,1.5708585977554321,0.2901189923286438,1
565,1788173523.1176338,-0.2882204560860458,-0.614043297063467,0.3199317851401449,0.8852485497267644,3.0142243800765094,1.4247002368135645e-05,-1.8480570952044886,-2.0360477606402796,-0.902111832295553,-1.7742379347430628,1.5708585977554321,0.29405543208122253,1
566,1788173523.1591191,-0.289498494109333,-0.6126971618951688,0.32008230726704506,0.8960839979835852,3.0109975981261843,0.00027536337300749136,-1.8504546324359339,-2.034260098134176,-0.9043524901019495,-1.7739508787738245,1.5708825588226318,0.2988554835319519,1
567,1788173523.1994612,-0.29077583287129044,-0.6113420040719886,0.32025944953464325,0.9078466161773042,3.0075117227296198,0.0005340785110559519,-1.8528402487384241,-2.0324719587909144,-0.9065216223346155,-1.7737348715411585,1.5708465576171875,0.30428022146224976,1
568,1788173523.2420714,-0.29195439905383025,-0.6100530499452778,0.3204639928523911,0.9193972880108076,3.00397537166824,0.00042008214879125607,-1.8550823370562952,-2.0306008497821253,-0.9087985197650355,-1.7732561270343226,1.5708705186843872,0.30972856283187866,1
569,1788173523.284276,-0.2932989357744301,-0.6086985389617053,0.3206098374814116,0.9319052320961289,3.0001557553016935,0.00030562112599854656,-1.8575757185565394,-2.028741184865133,-0.9112075010882776,-1.7726343313800257,1.5708345174789429,0.31556111574172974,1
570,1788173523.3232672,-0.2945197889938391,-0.6074090737945654,0.32080733173157405,0.9442100174224405,2.996315538085983,6.122718632237325e-07,-1.8598774115191858,-2.0268576780902308,-0.913544003163473,-1.771987263356344,1.5708225965499878,0.3214656114578247,1
571,1788173523.3623483,-0.29578219990001814,-0.6060875394035011,0.32102060822229095,0.9558725008304134,2.992575630135057,-0.00016832137384861708,-1.862274471913473,-2.025034252797262,-0.9157255331622522,-1.7715209166156214,1.5708585977554321,0.32686561346054077,1
572,1788173523.4040704,-0.2971384901091728,-0.6047468429586607,0.32119510738271123,0.9676273691978455,2.988808176141087,-0.00015281567441803815,-1.8648040930377405,-2.0233543554889124,-0.917762581502096,-1.7711737791644495,1.5708465576171875,0.3321944773197174,1
573,1788173523.446839,-0.2986538866519628,-0.6032320916293014,0.32121899670037113,0.982185809540632,2.984035499945412,0.00022181208864978673,-1.867657486592428,-2.0215190092669886,-0.9203627745257776,-1.770646874104635,1.5708705186843872,0.33909478783607483,1
574,1788173523.4884028,-0.30001308850654906,-0.6019469191405132,0.3212935888774268,0.994268446990016,2.9800605315827604,0.00046374773274286457,-1.8701747099505823,-2.0200675169574183,-0.9222801367389124,-1.7703354994403284,1.5708465576171875,0.34467530250549316,1
575,1788173523.5295312,-0.3012615263285222,-0.6007104762475723,0.3214745471524364,1.0057186862604235,2.9762141130091098,0.00033056556896875525,-1.8725240866290491,-2.0185073057757776,-0.92413837114443,-1.7699525992022913,1.5708465576171875,0.350015789270401,1
576,1788173523.5710804,-0.30260476252599017,-0.5994773199564921,0.3214981022096847,1.0174003984316728,2.9722305691432256,0.0004427143477627842,-1.8750174681292933,-2.017115894948141,-0.9261158148394983,-1.769437615071432,1.5708585977554321,0.3553798496723175,1
577,1788173523.6129174,-0.30404164983757975,-0.5982436142243341,0.32157576565920537,1.0300049468388963,2.9678564298396544,0.00018032373623013776,-1.8776548544513147,-2.015724484120504,-0.928009335194723,-1.7687676588641565,1.5708825588226318,0.3612363934516907,1
578,1788173523.6540294,-0.3053838192801102,-0.5970448435487674,0.32184529197091316,1.041583861649277,2.963804366216658,-0.0002537287603319163,-1.8801363150226038,-2.0143449942218226,-0.9294112364398401,-1.7684686819659632,1.5708825588226318,0.36656486988067627,1
579,1788173523.6964953,-0.3071215738395321,-0.5955837022161858,0.3222970541225155,1.053923627034237,2.9594744881370727,-0.0003735532662719747,-1.883301083241598,-2.0130727926837366,-0.9301298300372522,-1.768946949635641,1.5708465576171875,0.37172558903694153,1
580,1788173523.738919,-0.3084215081866365,-0.5944387760491906,0.3225468448573525,1.0627667833970922,2.9563406527409906,-0.00013207235950221712,-1.885698143635885,-2.0121009985553187,-0.9308732191668909,-1.769329849873678,1.5708225965499878,0.3753013610839844,1
581,1788173523.779249,-0.30985495576515143,-0.5932946221457396,0.32271094925454324,1.070838065095646,2.9533930332262255,9.574280174820468e-05,-1.8883116880999964,-2.0112736860858362,-0.9316285292254847,-1.769545857106344,1.5708585977554321,0.3781581223011017,1
582,1788173523.821811,-0.31123228234385486,-0.5921566076257263,0.3229341183110577,1.0776749853856327,2.950917871296778,9.141107670828947e-05,-1.8908289114581507,-2.0103257338153284,-0.9324429670916956,-1.76967698732485,1.5708465576171875,0.38026994466781616,1
583,1788173523.8632367,-0.3129124065653162,-0.5907773193998103,0.3232140583701858,1.0841965252165209,2.9485136405571155,1.553235765481388e-05,-1.893909756337301,-2.009186093007223,-0.9334018866168421,-1.7698090712176722,1.5708585977554321,0.3816140592098236,1
584,1788173523.9048197,-0.31432263848235864,-0.5895814943835996,0.3234803773587105,1.0881393164780304,2.947070043033343,-0.00017529183700505516,-1.8965109030352991,-2.008106533681051,-0.9343245665179651,-1.7698448340045374,1.5708465576171875,0.3816859722137451,1
585,1788173523.9484515,-0.3156749704763724,-0.5884869750616969,0.32359877905894247,1.0906598691577394,2.9461271720970217,-8.283386590298131e-05,-1.89899188676943,-2.007266346608297,-0.9352353254901331,-1.7698329130755823,1.5708585977554321,0.3809182345867157,1
586,1788173523.9900205,-0.3171333802939971,-0.5873828822133458,0.32362301098617263,1.0923185377837397,2.9455170473651493,0.0001797800807636292,-1.9016292730914515,-2.006582562123434,-0.936134163533346,-1.769785229359762,1.5708585977554321,0.3794059753417969,1
587,1788173524.031241,-0.3185719099464517,-0.5863500701470077,0.3236390060625753,1.0931090872540266,2.9452251333887993,0.00029113795318016567,-1.9042061010943812,-2.0059946219073694,-0.9369371573077601,-1.7696412245379847,1.5708585977554321,0.3773656487464905,1
588,1788173524.0743597,-0.32039373111218933,-0.5851352912857699,0.32359656084816757,1.0944618760641762,2.944712828478801,0.0005540927315555839,-1.9074309507953089,-2.005526844655172,-0.9376919905291956,-1.7695215384112757,1.5708705186843872,0.37506169080734253,1
589,1788173524.1128037,-0.3219980186200762,-0.5841253374690644,0.3235618912325684,1.0958740270031238,2.9441994398739157,0.0005542794845035938,-1.9102357069598597,-2.005179230366842,-0.9382913748370569,-1.7692702452289026,1.5708585977554321,0.3732134997844696,1
590,1788173524.151062,-0.3235655008823024,-0.5831332713730616,0.32359025828638266,1.096473189193159,2.9439862459192234,0.00034558174046495126,-1.912980858479635,-2.0047829786883753,-0.9388306776629847,-1.7689946333514612,1.5708465576171875,0.37087318301200867,1
591,1788173524.191286,-0.3251354638505062,-0.582121262513487,0.32365144446492244,1.0966759431034874,2.943895169663214,8.122068559837676e-05,-1.9157503286944788,-2.0043509642230433,-0.939345661793844,-1.7687433401690882,1.5708585977554321,0.3682449162006378,1
592,1788173524.2340443,-0.3265973811010228,-0.581188202847941,0.3236624973921602,1.0968424661134386,2.9438193466170084,-6.789700342157847e-05,-1.9183266798602503,-2.004003349934713,-0.9398492018329065,-1.7684925238238733,1.5708705186843872,0.36578476428985596,1
593,1788173524.2775402,-0.32821563172537266,-0.5801478257074687,0.323651799641836,1.097085708689399,2.943728992253309,-3.152130379291818e-05,-1.9211800734149378,-2.00369102159609,-0.9403284231769007,-1.7683489958392542,1.5708705186843872,0.36309656500816345,1
594,1788173524.3191142,-0.3299953824789337,-0.5790043311612051,0.3236364643042501,1.0968683992972004,2.943810359619867,0.00011865115485370741,-1.9243205229388636,-2.0034154097186487,-0.9407480398761194,-1.7683008352862757,1.5708705186843872,0.35980838537216187,1
595,1788173524.3572795,-0.3315936755084655,-0.5780402679552238,0.3235963117604488,1.0967303601284772,2.9438871535118936,0.0002688604424587669,-1.9271014372455042,-2.003331486378805,-0.9409516493426722,-1.7682769934283655,1.5708465576171875,0.3569280505180359,1
596,1788173524.4001553,-0.3330757826335796,-0.5770479261465972,0.3236747020298523,1.0963287967315525,2.9440110061939513,6.107368825317334e-05,-1.9297502676593226,-2.0029357115374964,-0.9413593451129358,-1.7681329886065882,1.5708705186843872,0.354012131690979,1
597,1788173524.4419427,-0.33463604748985815,-0.5760131283442701,0.32363987447764575,1.0964079786230378,2.9439680830251467,0.00019247426774311415,-1.9325311819659632,-2.0026477018939417,-0.9418504873858851,-1.7680137793170374,1.5708825588226318,0.35128799080848694,1
598,1788173524.4833078,-0.33613079835745163,-0.574956621014784,0.3236042958557258,1.0965566396817417,2.9439499715429767,0.0003423559631775655,-1.935216252003805,-2.0022276083575647,-0.9425337950335901,-1.76784593263735,1.5708465576171875,0.34869563579559326,1
599,1788173524.526365,-0.33757115436314244,-0.5738393327460012,0.32374217640822966,1.0966767465337761,2.9438569909161028,-0.00014846705365458864,-1.9378889242755335,-2.001411739979879,-0.9434445540057581,-1.7674391905414026,1.570894479751587,0.3461152911186218,1
600,1788173524.567243,-0.3393573626658606,-0.5724114665441082,0.3237786292237698,1.0968904675218334,2.943854589356409,-0.0001683840672467577,-1.9411852995501917,-2.0004876295672815,-0.9447029272662562,-1.7670915762530726,1.5708225965499878,0.34294694662094116,1
601,1788173524.6080477,-0.3407746469550397,-0.5712676447718393,0.32370453207599814,1.0969758679659884,2.943770050126953,2.8576304263054023e-07,-1.9438470045672815,-1.9997804800616663,-0.9459012190448206,-1.7667086760150355,1.5708705186843872,0.3403549790382385,1
602,1788173524.649898,-0.3421474162906614,-0.5700321741294752,0.3236937096379613,1.0971642501078633,2.9436981656357024,0.00013028792203318394,-1.9464834372149866,-1.9988082090960901,-0.9473274389850062,-1.7663376967059534,1.5708705186843872,0.33784690499305725,1
603,1788173524.6933727,-0.34342845011885,-0.568848077805628,0.323678867974625,1.0966299309050682,2.9438967600664596,0.00014794220583715545,-1.9489648977862757,-1.9977887312518519,-0.9488495031939905,-1.7658465544330042,1.5708705186843872,0.3350025415420532,1
604,1788173524.7360568,-0.34514026137612264,-0.5673302718492848,0.3236102288792444,1.096689631438124,2.9439116612126996,0.00020436681304029832,-1.9522374312030237,-1.9965890089618128,-0.9507668654071253,-1.7651642004596155,1.5708345174789429,0.33176231384277344,1
605,1788173524.7778294,-0.3463720892672736,-0.5661179290587067,0.3235983499974001,1.0963053107853364,2.9440294875571706,0.00016422716249454798,-1.9546821753131312,-1.995436970387594,-0.9524806181537073,-1.7645776907550257,1.5708585977554321,0.3290621042251587,1
606,1788173524.8165388,-0.34769913911420874,-0.564791312308733,0.3236584877528903,1.0965224885329907,2.943924686633911,6.850302266919899e-05,-1.9573314825641077,-1.9941776434527796,-0.9541705290423792,-1.7640870253192347,1.5708825588226318,0.3265656530857086,1
607,1788173524.8549902,-0.3489809417115297,-0.5634924003711689,0.32367171775027903,1.0969368450679768,2.943808638217748,6.850591804376152e-05,-1.9598844687091272,-1.9929421583758753,-0.9559314886676233,-1.7635605970965784,1.5708465576171875,0.3242856562137604,1
608,1788173524.8925037,-0.35028914437729214,-0.5621838205241149,0.32364249457848426,1.0969482080588695,2.943799837484058,0.0002546807563671798,-1.9624975363360804,-1.9918020407306116,-0.9576333204852503,-1.7631176153766077,1.5708465576171875,0.32168132066726685,1
609,1788173524.9333034,-0.3513241717565443,-0.5611653993480575,0.3236565944884445,1.0968612833284586,2.943793925996276,0.00023443148716596345,-1.9645708242999476,-1.9909027258502405,-0.9589040915118616,-1.7627347151385706,1.5708825588226318,0.3195574879646301,1
610,1788173524.9748886,-0.35255254102970257,-0.5599151809708486,0.3236780927812166,1.096792005943749,2.9438352688267617,0.00012031428956800129,-1.9670403639422815,-1.9897025267230433,-0.9606059233294886,-1.7621601263629358,1.5708705186843872,0.317037433385849,1
611,1788173525.0159264,-0.35417411400692056,-0.5583841166142706,0.32372779883023134,1.0965549489257351,2.9439743086147643,-0.0003109344776103684,-1.9702284971820276,-1.9883115927325647,-0.9625590483294886,-1.7613218466388147,1.5708345174789429,0.31367698311805725,1
612,1788173525.05578,-0.35544885583991936,-0.557093401074211,0.3236971373794197,1.0961908891496075,2.9440930204478204,-0.00016302262279351023,-1.9728053251849573,-1.9872072378741663,-0.9642131964312952,-1.760866943989889,1.5708465576171875,0.31085658073425293,1
613,1788173525.096604,-0.35684666910487095,-0.5558983988534467,0.32373232013176545,1.096307726513822,2.9440419197581678,-0.00031524592226814594,-1.9755023161517542,-1.9864395300494593,-0.9652555624591272,-1.760495964680807,1.5708585977554321,0.3082406520843506,1
614,1788173525.1355104,-0.3582085279960601,-0.5547496083387762,0.3235783062473229,1.0964750301838082,2.9439663676080263,0.00045597889970682245,-1.9781153837787073,-1.9860437552081507,-0.9661067167865198,-1.7605317274676722,1.5708465576171875,0.3057441711425781,1
615,1788173525.1745677,-0.35957800341777335,-0.5536243811595798,0.3235490121076746,1.0968301460679117,2.9438002806641026,0.0006593928781105945,-1.9807403723346155,-1.985551659260885,-0.9668615500079554,-1.760400120412008,1.5708705186843872,0.30336794257164,1
616,1788173525.215729,-0.36108477412388346,-0.552563869548138,0.32359659590961765,1.096990845432046,2.943762616874507,0.00037959726999465745,-1.9835088888751429,-1.9852641264544886,-0.9671972433673304,-1.7601731459247034,1.5708585977554321,0.30070367455482483,1
617,1788173525.2559352,-0.36252932601069005,-0.5515850566673436,0.3235568656309087,1.0968776999702865,2.9437996256490173,0.0004906845782321182,-1.986145321522848,-1.9852154890643519,-0.9673531691180628,-1.76013690630068,1.5708585977554321,0.2979915142059326,1
618,1788173525.2979255,-0.3640821868053254,-0.5505804522635891,0.32360285598688393,1.0970643047366935,2.9437738235270565,0.0003435469881306349,-1.9889386335956019,-1.9852154890643519,-0.967257324849264,-1.76013690630068,1.5708225965499878,0.2953152656555176,1
619,1788173525.3393745,-0.365559637959559,-0.5496796919558662,0.32363165167645347,1.0964662686337887,2.943964990908297,0.00017155636139873956,-1.9915874640094202,-1.9853480497943323,-0.9670174757586878,-1.76013690630068,1.5708585977554321,0.29226717352867126,1
620,1788173525.3782384,-0.3671302490630785,-0.5486835358490696,0.323716296020675,1.0965393799182601,2.943909566336532,-5.8964018656618066e-05,-1.994427506123678,-1.9854195753680628,-0.9667299429522913,-1.7602084318744105,1.570894479751587,0.28948307037353516,1
621,1788173525.4186158,-0.36867570585053494,-0.5477862828616148,0.3237770168244574,1.0963841949251671,2.9440464453760207,-0.000371856180028869,-1.9971368948565882,-1.9856355826007288,-0.9663103262530726,-1.7602084318744105,1.5708345174789429,0.286650687456131,1
622,1788173525.4591224,-0.370213859509749,-0.5468968914424901,0.3237880315962569,1.0964705264647336,2.9439720790647703,-0.0005447462526005183,-1.999869171773092,-1.9859240690814417,-0.965891186391012,-1.7602322737323206,1.5708825588226318,0.2839864492416382,1
623,1788173525.4998913,-0.3718156425489807,-0.5459740994067497,0.3237825136126762,1.096839592046262,2.94389745564838,-0.0004998422713278562,-2.002673927937643,-1.9863198439227503,-0.9653275648700159,-1.7604244391070765,1.5708225965499878,0.28141844272613525,1
624,1788173525.5409427,-0.3733595582889639,-0.5451272039266566,0.323709327302263,1.0968725572031703,2.943838856343486,-0.00033548448765790385,-2.005382839833395,-1.986847225819723,-0.9647286573993128,-1.7606037298785608,1.5708585977554321,0.2787422239780426,1
625,1788173525.582007,-0.3749496423785531,-0.5442063375155012,0.32374580474862075,1.0970193579554655,2.9437644112835333,-0.00043203382663921727,-2.0081995169269007,-1.9872310797320765,-0.9640935103045862,-1.7607954184161585,1.5708825588226318,0.27602967619895935,1
626,1788173525.624897,-0.3767779269359476,-0.5431854020458791,0.323745401090062,1.0966302609853211,2.943925336581567,-0.000468847282676521,-2.011399571095602,-1.9877827803241175,-0.9633024374591272,-1.761010471974508,1.5708705186843872,0.2725617289543152,1
627,1788173525.6653302,-0.37838368928061356,-0.5422239931840593,0.32371627996006097,1.096465438657317,2.943985866949124,-0.0002226997278558496,-2.014252010975973,-1.9882391134845179,-0.9626792112933558,-1.7613337675677698,1.5708585977554321,0.26959750056266785,1
628,1788173525.7088387,-0.3798880102886533,-0.5414189793246058,0.323694334787891,1.0962663841177511,2.944059264364772,-0.00020426012996170722,-2.016865078602926,-1.988814655934469,-0.9619000593768519,-1.7615492979632776,1.5708585977554321,0.2668493688106537,1
629,1788173525.7506945,-0.38179752496545466,-0.5402772588914249,0.32367664253670914,1.0967172502045295,2.9438867064084113,7.988472727349319e-05,-2.020256821309225,-1.9894030729876917,-0.9610493818866175,-1.7619922796832483,1.5708465576171875,0.2637649476528168,1
630,1788173525.7927306,-0.38330299342340246,-0.5393737405666632,0.32364529869116465,1.0969208783275626,2.9437488657952335,0.00024023524567650585,-2.0229533354388636,-1.9898465315448206,-0.9604619185077112,-1.7622435728656214,1.570894479751587,0.2612205445766449,1
631,1788173525.8338687,-0.3847472982462165,-0.5383531241454985,0.3235997048128951,1.0972540418338028,2.9436842652473323,0.0004953283937013276,-2.02560264268984,-1.9899428526507776,-0.9604023138629358,-1.7623632589923304,1.5708225965499878,0.25878435373306274,1
632,1788173525.875036,-0.38571745752235864,-0.5376438205916199,0.32351698713800503,1.0969286279272163,2.943793541607814,0.0002849592757959737,-2.027424160634176,-1.989774529133932,-0.9608934561358851,-1.7619083563434046,1.5708465576171875,0.2567444145679474,1
633,1788173525.9161859,-0.38612270745916766,-0.5373753997336685,0.3230423078333752,1.0969414238163382,2.9437794830890827,0.00023006860535816162,-2.0281670729266565,-1.989547077809469,-0.962463680897848,-1.7605317274676722,1.5708585977554321,0.2560122609138489,1
634,1788173525.9580786,-0.38605222192620786,-0.5373499873460933,0.3222838616577932,1.096923246368332,2.943784718829035,0.00044063567770620613,-2.028083149586813,-1.9890549818622034,-0.9651120344745081,-1.7585089842425745,1.5708465576171875,0.2560841739177704,1
635,1788173525.9995725,-0.3860708812039042,-0.5373167247591453,0.32043042205991457,1.0969839088854418,2.9437847827129597,0.00011050642412103692,-2.0281313101397913,-1.9878910223590296,-0.9716551939593714,-1.752918545399801,1.5708465576171875,0.25607219338417053,1
636,1788173526.0401495,-0.3860416848677351,-0.537299562405746,0.3178813210115712,1.096901645188479,2.9437813073346133,0.0004193552424995305,-2.028106991444723,-1.986655060444967,-0.9799965063678187,-1.746012036000387,1.5708585977554321,0.25604820251464844,1
637,1788173526.0820105,-0.3860504782361124,-0.5372700388902113,0.31453372487203746,1.0969731845885584,2.9437022817737057,0.0009942448047407595,-2.0281432310687464,-1.9852522055255335,-0.9905908743487757,-1.7371895948993128,1.5708705186843872,0.25607219338417053,1
638,1788173526.1228452,-0.38608404036950356,-0.5373372386159349,0.3112693276217896,1.0969388255441592,2.943771686783345,0.0007331590760869921,-2.0281313101397913,-1.9838722387896937,-1.0010531584369105,-1.7279365698443812,1.5708345174789429,0.25604820251464844,1
639,1788173526.1639726,-0.38606502574640905,-0.5373110518072329,0.30813183093720187,1.096949538614899,2.9437463889161197,0.0006675036037672097,-2.0281313101397913,-1.9824321905719202,-1.0112279097186487,-1.7191622892962855,1.5708585977554321,0.2560602128505707,1
640,1788173526.2022223,-0.3860405984340075,-0.5372849037840512,0.3049890093381754,1.0969062189751684,2.943793587732433,0.0005915735760028259,-2.028106991444723,-1.9810527006732386,-1.0213187376605433,-1.7103999296771448,1.5708345174789429,0.25604820251464844,1
641,1788173526.2430046,-0.38603166168421355,-0.5372905863290115,0.30168712475173814,1.0968795316638607,2.943775567307474,0.0008102490098389704,-2.028095070515768,-1.9799249807940882,-1.031398121510641,-1.7015894095050257,1.5708465576171875,0.25604820251464844,1
642,1788173526.2840674,-0.3860482383027114,-0.5372890365614444,0.29850042550889627,1.0969176743763762,2.9437706869625426,0.000674622562326327,-2.028118912373678,-1.9787972609149378,-1.0412252585040491,-1.692803208027975,1.5708465576171875,0.25604820251464844,1
643,1788173526.3272352,-0.3860459232489953,-0.5372843323028722,0.2947738206544636,1.0968534687358402,2.94381398022166,0.00039293561134085084,-2.028118912373678,-1.9774897734271448,-1.0527070204364222,-1.682448689137594,1.5708465576171875,0.256000280380249,1
644,1788173526.3709147,-0.3860463626403179,-0.5372616763970697,0.29155449684085144,1.0968970041001613,2.9437674994345735,0.0004591974894054453,-2.0281432310687464,-1.9765422979937952,-1.0623062292682093,-1.6738417784320276,1.5708705186843872,0.2560122609138489,1
645,1788173526.4096212,-0.38629568209691556,-0.5373142502485149,0.2883604811630557,1.0965983261590264,2.943886741414323,0.0001546843304917957,-2.028454605733053,-1.976086441670553,-1.0711873213397425,-1.6652229467975062,1.5708825588226318,0.25549620389938354,1
646,1788173526.4496186,-0.38704436148378146,-0.5371750910978518,0.285164353620196,1.0962992479572753,2.9440080890323985,0.0003781412428587581,-2.0295689741717737,-1.9762781302081507,-1.0790608564959925,-1.6572983900653284,1.5708585977554321,0.25417643785476685,1
647,1788173526.4917698,-0.388468291902784,-0.5367804035072938,0.2819803200912112,1.0963405576182463,2.9439695800451533,0.00033368322551232695,-2.0317986647235315,-1.9769495169269007,-1.086252514516012,-1.649409596120016,1.5708825588226318,0.2519799470901489,1
648,1788173526.5328422,-0.39008919086504473,-0.5361555788936802,0.2787847697299247,1.096182810278362,2.944046586948995,0.0004266130585548346,-2.034435574208395,-1.9775493780719202,-1.0935505072223108,-1.641568962727682,1.5708585977554321,0.24923181533813477,1
649,1788173526.5752609,-0.3920653260740121,-0.535408541102151,0.2749196910804983,1.096405718370875,2.943965422230096,0.0003896812646197016,-2.037647072468893,-1.978365723286764,-1.1022637526141565,-1.6320160071002405,1.5708585977554321,0.24617134034633636,1
650,1788173526.6176105,-0.3936300046340886,-0.5348561353759825,0.27173355534209165,1.096595077932232,2.9438933036854205,0.00023540159629191257,-2.040164295827047,-1.9791095892535608,-1.109359089528219,-1.6240795294391077,1.5708705186843872,0.2437831163406372,1
651,1788173526.6601446,-0.3952179297934818,-0.5341666082189936,0.26851003860244216,1.096983910469405,2.9437643894131567,0.0005183247462807437,-2.042788807545797,-1.9798291365252894,-1.1165145079242151,-1.6163819471942347,1.5708345174789429,0.2414192259311676,1
652,1788173526.7020173,-0.39686743933611235,-0.5335780128126494,0.26537942556541927,1.0971415269733693,2.943717916447176,-0.00012607666656190146,-2.0454495588885706,-1.9805968443499964,-1.1235020796405237,-1.608218018208639,1.5708705186843872,0.23886284232139587,1
653,1788173526.744201,-0.39875353459377505,-0.5327620140133735,0.2615302394597834,1.0970836760433083,2.943743564195693,0.00013912235329171743,-2.048565689717428,-1.9816167990313929,-1.1318190733539026,-1.5990484396563929,1.5708465576171875,0.23570649325847626,1
654,1788173526.7863517,-0.4003970206477667,-0.5321530129073739,0.25845684256793444,1.0971225091593715,2.94375589491767,-0.0001814871777802429,-2.051214043294088,-1.982612435017721,-1.1382792631732386,-1.5913870970355433,1.5708465576171875,0.23307856917381287,1
655,1788173526.8259091,-0.4019757253263082,-0.5314890818890563,0.25522344144958,1.096703400194106,2.943887084174813,-3.8392973297601613e-05,-2.0538151899920862,-1.9836319128619593,-1.145038906727926,-1.5837014357196253,1.5708585977554321,0.2301982343196869,1
656,1788173526.8667026,-0.4035508811377285,-0.5307318467870032,0.2519098999541882,1.0966822198408959,2.9438480227421873,0.0003488965398272032,-2.0564754644977015,-1.9846156279193323,-1.1520145575152796,-1.5759924093829554,1.5708705186843872,0.2275339961051941,1
657,1788173526.9091756,-0.4051088136955656,-0.5299042832191984,0.24870469182776944,1.0966169715091123,2.943900718971858,0.000312566405706136,-2.059148613606588,-1.9853361288653772,-1.1591575781451624,-1.5681026617633265,1.5708465576171875,0.22481021285057068,1
658,1788173526.9483407,-0.40663990291974367,-0.5290436244567157,0.24557125187629955,1.0965622808117264,2.9439355671745737,7.614577901474345e-06,-2.0618208090411585,-1.9859240690814417,-1.1663482824908655,-1.5601299444781702,1.5708585977554321,0.22209765017032623,1
659,1788173526.9874225,-0.40822376394938464,-0.528145228132623,0.24242217045761447,1.0968388110407996,2.9438290459145606,-9.240962606705921e-05,-2.064589802418844,-1.9866674582110804,-1.173323933278219,-1.5523484388934534,1.5708705186843872,0.2195173054933548,1
660,1788173527.0284882,-0.40981342669675824,-0.5272404836011045,0.23926284566862865,1.0969656898552476,2.943808622627607,-0.0005077131211991522,-2.0673702398883265,-1.987363640462057,-1.1804431120501917,-1.5442679564105433,1.5708825588226318,0.21681711077690125,1
661,1788173527.0675836,-0.41140698679806015,-0.5261761099986406,0.23601556957162806,1.0974161981332042,2.9436310571263364,-0.00013406403214672109,-2.070258442555563,-1.9881070295916956,-1.1875985304461878,-1.5366061369525355,1.5708585977554321,0.21423712372779846,1
662,1788173527.1087456,-0.4127830475024041,-0.5252308457026258,0.23277491569918196,1.0970419358827026,2.9437217078890794,9.96556334311048e-05,-2.072787110005514,-1.9887788931476038,-1.1948617140399378,-1.5288251082049769,1.5708825588226318,0.2114650309085846,1
663,1788173527.150691,-0.4142746624447693,-0.5239936903348132,0.22956660033482948,1.0972803725345777,2.9436253630381106,0.00017108693722913171,-2.0756753126727503,-1.9890549818622034,-1.2026408354388636,-1.5208161512957972,1.5708825588226318,0.2087404876947403,1
664,1788173527.1909268,-0.41572888075683107,-0.5224811552351488,0.22567300162999462,1.0974349965084325,2.943575187600235,9.507338458955842e-05,-2.078718964253561,-1.9888508955584925,-1.2128880659686487,-1.5107243696795862,1.5708825588226318,0.20580023527145386,1
665,1788173527.2292166,-0.4168444333408944,-0.5211380888132826,0.22244783647210728,1.0979617482552775,2.9433818893793124,0.00018717955455851423,-2.0811880270587366,-1.9885032812701624,-1.221614185963766,-1.5024035612689417,1.5708705186843872,0.203688383102417,1
666,1788173527.2711306,-0.4175812510290215,-0.520189136888551,0.2198825299856368,1.0981694378923887,2.9433036454470667,0.0003134161257599163,-2.0831897894488733,-1.988335434590475,-1.2300518194781702,-1.4942510763751429,1.5708345174789429,0.20188812911510468,1
667,1788173527.3122091,-0.4180563522031911,-0.5195744443043311,0.21608433854606982,1.0986738686167703,2.9431506296746366,0.00022518652521832835,-2.083944622670309,-1.9885628859149378,-1.2377947012530726,-1.4861825148211878,1.5708345174789429,0.2014080137014389,1
668,1788173527.3548455,-0.41805045850855393,-0.5196071353679574,0.21291847941238037,1.0988544631663046,2.943093924794107,-0.0001188220450625113,-2.0839207808123987,-1.9891985098468226,-1.2450340429889124,-1.4780896345721644,1.5708585977554321,0.20155219733715057,1
669,1788173527.3976684,-0.4180171838475169,-0.5195752008859772,0.2096863809954877,1.0989084622671288,2.9430229900015146,0.00011433993449805826,-2.0839088598834437,-1.9899428526507776,-1.2522013823138636,-1.4703319708453577,1.5708825588226318,0.20161211490631104,1
670,1788173527.4396713,-0.4180415011909947,-0.5195752628275473,0.20585595920320582,1.099057645708584,2.9429925509689094,0.00012018193342018642,-2.083932701741354,-1.990974251423971,-1.2605317274676722,-1.4609702269183558,1.5708585977554321,0.20168402791023254,1
671,1788173527.4820507,-0.4180472889188621,-0.5195695587408173,0.202607019727767,1.0993691300234985,2.9428567150955898,0.00030295763073493674,-2.083944622670309,-1.991946045552389,-1.267435375844137,-1.4532125631915491,1.5708585977554321,0.20188812911510468,1
672,1788173527.5233846,-0.4180432901091597,-0.5195680060978897,0.19943265826882764,1.0994069348251732,2.942850311982603,0.00010989264737767909,-2.083944622670309,-1.992821995412008,-1.274350945149557,-1.4452984968768519,1.5708705186843872,0.20191210508346558,1
673,1788173527.5657995,-0.4180390278324555,-0.5195333249844236,0.1962145236226528,1.0995686844687145,2.94279944704412,0.00026298044236376666,-2.083956543599264,-1.9938176313983362,-1.2811597029315394,-1.4375889937030237,1.5708465576171875,0.2020079791545868,1
674,1788173527.6079044,-0.41820075602492374,-0.5192477949051127,0.19232707869580204,1.0998534430212499,2.942648458865306,0.0005574408427147414,-2.084388081227438,-1.9949334303485315,-1.2895014921771448,-1.4283230940448206,1.5708585977554321,0.20177990198135376,1
675,1788173527.6514034,-0.4189294955514738,-0.5183159294065366,0.18921030069022698,1.10052813762631,2.942471669876205,9.411019659323786e-05,-2.0860417524920862,-1.9952333609210413,-1.2971723715411585,-1.4200499693499964,1.5708345174789429,0.20056799054145813,1
676,1788173527.6942608,-0.41999999508751357,-0.5167828767816302,0.18603324396448118,1.1009377481714264,2.942291277783593,0.00010269642560299208,-2.088618580495016,-1.9951732794391077,-1.3054550329791468,-1.4118369261371058,1.5708585977554321,0.1982756406068802,1
677,1788173527.7358406,-0.4209356257619024,-0.514941843711096,0.18209712089425448,1.1009905364285033,2.9422344313882682,0.0005504113055947479,-2.091243092213766,-1.9948495070086878,-1.31602651277651,-1.4018762747394007,1.5708465576171875,0.19569528102874756,1
678,1788173527.7785323,-0.42166666102625977,-0.5134280381749327,0.1789044941283908,1.1013237645022715,2.9421155555417884,0.0003762904379624482,-2.0933640638934534,-1.9944174925433558,-1.324944321309225,-1.393280331288473,1.5708585977554321,0.19379952549934387,1
679,1788173527.817686,-0.42243727199345044,-0.5118372262246002,0.17576076280725825,1.1010684697980513,2.9422534581395787,0.00011463303595562827,-2.095593277608053,-1.9939253965960901,-1.3338502089129847,-1.384695831929342,1.5708465576171875,0.1913873255252838,1
680,1788173527.8560684,-0.4231493776312409,-0.5102572677456486,0.17248616543234085,1.1006263117118176,2.9424292757337267,0.00024699005703940943,-2.097738567982809,-1.9936254660235804,-1.3427680174456995,-1.3761594931231897,1.5708225965499878,0.188939169049263,1
681,1788173527.8975139,-0.4238354350386531,-0.5084809314256464,0.1692130177190658,1.1010346135345228,2.9421914755506373,0.0009663952816490223,-2.100015465413229,-1.9931939283954065,-1.3517935911761683,-1.3680303732501429,1.5708225965499878,0.18695877492427826,1
682,1788173527.939655,-0.42439640291183767,-0.5070063495493533,0.16614004959390638,1.1008037379094664,2.942284667635252,0.00035214836939613146,-2.1019209066974085,-1.9926899115191858,-1.3606274763690394,-1.359314266835348,1.5708825588226318,0.1848948746919632,1
683,1788173527.982811,-0.4248667440181913,-0.5054081874426178,0.1628827200846766,1.1009928582818675,2.9422101014571194,0.0005958326839318418,-2.103778664265768,-1.9922459761248987,-1.3697369734393519,-1.350802246724264,1.5708585977554321,0.1831665188074112,1
684,1788173528.0253005,-0.42542294019736165,-0.5033469753305683,0.15898008335714764,1.101236157628859,2.942066327870558,0.0010200138083728933,-2.1061275641070765,-1.9915865103351038,-1.380836311970846,-1.3406370321856897,1.5708585977554321,0.18099476397037506,1
685,1788173528.065647,-0.4256716857257683,-0.5018250118721099,0.15585551859846972,1.1014083127845178,2.9420527831035472,0.0007038256325179737,-2.107649628316061,-1.990866486226217,-1.3901260534869593,-1.3318608442889612,1.5708465576171875,0.17957837879657745,1
686,1788173528.1071346,-0.4258920016049169,-0.5003231825086071,0.15290789316074524,1.1011904721978083,2.942177840768063,0.00013674710821960642,-2.10913592973818,-1.9900386969195765,-1.399163548146383,-1.3232887426959437,1.5708705186843872,0.17793428897857666,1
687,1788173528.148049,-0.42611064671925775,-0.49870488785800865,0.15075773471996007,1.1015050951418228,2.942061352679597,-8.316103034375725e-05,-2.1107175985919397,-1.98869496980776,-1.4068110624896448,-1.3168471495257776,1.570894479751587,0.1765662133693695,1
688,1788173528.1884954,-0.42628835490970995,-0.4970238572859208,0.14929170378228884,1.101264391964716,2.942182374067689,8.498235975082809e-05,-2.1122754255877894,-1.9869073073016565,-1.413248364125387,-1.3122976461993616,1.5708465576171875,0.1748378574848175,1
689,1788173528.226395,-0.4264326076877097,-0.4954548887931951,0.1485227743241435,1.10145577771801,2.9421095130330017,0.00029865158836042465,-2.11371356645693,-1.984880272542135,-1.4181869665728968,-1.3095200697528284,1.5708225965499878,0.17353008687496185,1
690,1788173528.2652717,-0.4264829815946377,-0.49392373906778486,0.14855932352930126,1.1010897482353788,2.942216961665726,1.830613593141206e-05,-2.1150315443622034,-1.9821565786944788,-1.422082249318258,-1.3081782499896448,1.5708825588226318,0.17196989059448242,1
691,1788173528.3065681,-0.4264644195549663,-0.4922718696426887,0.1485584201130274,1.1009159576311656,2.9422982903218515,0.00019496174027118951,-2.116326157246725,-1.9792655150042933,-1.426241699849264,-1.3070176283465784,1.5708465576171875,0.17055350542068481,1
692,1788173528.3473895,-0.42644278172634154,-0.49063389824101333,0.14852082952139758,1.1009325772020184,2.9422429637654006,0.000370927722637268,-2.1176322142230433,-1.976434055958883,-1.4304011503802698,-1.3058083693133753,1.5708705186843872,0.16926969587802887,1
693,1788173528.3875427,-0.42637240190368747,-0.4892548081832525,0.1486662978636997,1.1008274663213138,2.942399193163816,-0.00032681939389165665,-2.118650738392965,-1.973602596913473,-1.4342129866229456,-1.304371182118551,1.5708465576171875,0.16815365850925446,1
694,1788173528.4288297,-0.42591842310992845,-0.48845170522778614,0.14851946590579881,1.1008225117357646,2.942331204128134,0.00020791862455745225,-2.1186988989459437,-1.971755329762594,-1.4371731917010706,-1.3036049048053187,1.5708465576171875,0.1681177020072937,1
695,1788173528.469846,-0.42561158942428456,-0.4879114653609201,0.14831197195242588,1.1008506029975296,2.9422462058503043,0.0003790492494439946,-2.118746582661764,-1.9705317656146448,-1.439451042805807,-1.3026707808123987,1.570894479751587,0.16810572147369385,1
696,1788173528.5093882,-0.42544389103563013,-0.48761567818588547,0.14703645513133753,1.100880512055911,2.942272464207138,0.0004910889590403696,-2.118746582661764,-1.9705913702594202,-1.442723576222555,-1.2994020620929163,1.5708465576171875,0.1681177020072937,1
697,1788173528.5510426,-0.42545046426704825,-0.4876702414222789,0.14534512336971403,1.1008312523296828,2.9423548486313504,1.968648565078464e-06,-2.1187108198748987,-1.9716351667987269,-1.445780102406637,-1.2949846426593226,1.5708465576171875,0.16810572147369385,1
698,1788173528.593039,-0.4254336472442996,-0.48764386408455157,0.14294743379546523,1.1007846068589608,2.942337916649192,-3.4452515738293565e-05,-2.118722740803854,-1.9731228987323206,-1.4499991575824183,-1.2892611662494105,1.5708825588226318,0.1680697649717331,1
699,1788173528.6361198,-0.42542368813789433,-0.4875971701381541,0.13970562247081172,1.1009221543016585,2.942276035456236,0.0003447258047879502,-2.118734661732809,-1.9752944151507776,-1.4554179350482386,-1.2819097677813929,1.5708465576171875,0.16815365850925446,1
700,1788173528.6783338,-0.4254395031143056,-0.487657556241145,0.13653183131377608,1.1008805115548397,2.9423253319589566,-1.3368131582944749e-05,-2.1187108198748987,-1.9774897734271448,-1.4607513586627405,-1.2741511503802698,1.5708585977554321,0.1681416779756546,1
701,1788173528.7207057,-0.4254159498314516,-0.4876095873319533,0.13251086227284573,1.1008684959897548,2.942239720700812,0.0005766587423240122,-2.118722740803854,-1.9803693930255335,-1.4672125021563929,-1.2651951948748987,1.5708705186843872,0.1681416779756546,1
702,1788173528.7607243,-0.42544449401362616,-0.4876657348359934,0.12934555475171478,1.100856581695141,2.9423150627452914,0.00013373766762221718,-2.1187108198748987,-1.9826605955706995,-1.472426716481344,-1.2574003378497522,1.5708585977554321,0.16812969744205475,1
703,1788173528.8019276,-0.4254401264832458,-0.4876346073127828,0.1261063055822109,1.1009318217912811,2.9422481622785495,0.00033100067107561605,-2.118734661732809,-1.9850481192218226,-1.47760516801943,-1.2499645392047327,1.5708705186843872,0.1681656390428543,1
704,1788173528.843025,-0.42543485042575635,-0.4876510602140517,0.1229382682015962,1.100837222957424,2.942263624717274,0.00028417308186511785,-2.118722740803854,-1.9874475638019007,-1.4826272169696253,-1.2425172964679163,1.570894479751587,0.1681177020072937,1
705,1788173528.8830426,-0.42545762168924095,-0.48750333132530604,0.1198834433756904,1.1009103583456963,2.9423012189720383,-0.00031298104469444144,-2.118878189717428,-1.9894149939166468,-1.4880817572223108,-1.2347105185138147,1.5709065198898315,0.16799749433994293,1
706,1788173528.9240947,-0.4255629885760111,-0.48661938602097576,0.11667799638401863,1.1013424646730394,2.942170646025714,-0.0002508651701538716,-2.1197293440448206,-1.9906027952777308,-1.494997803364889,-1.2266400496112269,1.5708705186843872,0.16743311285972595,1
707,1788173528.9651518,-0.42550317631358153,-0.4850612593859,0.11339334951153118,1.1014084350776505,2.9420856488938103,0.00020711094287035817,-2.120927635823385,-1.990650478993551,-1.5037606398211878,-1.2181265989886683,1.5708705186843872,0.16629311442375183,1
708,1788173529.0050468,-0.4254196261995266,-0.4835027636613159,0.11018756987772252,1.1009916525908396,2.942266957621316,0.00021119156598459839,-2.1220906416522425,-1.9905427137957972,-1.5126431624041956,-1.2093499342547815,1.5708465576171875,0.16484114527702332,1
709,1788173529.0455925,-0.4252588712036542,-0.4819566338143931,0.10703174401340551,1.10116723057678,2.942261397417007,-4.476548450577046e-05,-2.1231444517718714,-1.9903023878680628,-1.5216572920428675,-1.2004054228412073,1.5708225965499878,0.16389326751232147,1
710,1788173529.086685,-0.4244826542011815,-0.4800111641452157,0.10321783240078453,1.1013154612593283,2.942178090279705,-0.000226160128705661,-2.1237319151507776,-1.9891746679889124,-1.5338004271136683,-1.1892817656146448,1.5708705186843872,0.16341277956962585,1
711,1788173529.1275175,-0.42362999445243926,-0.4783945778622077,0.09999935225003895,1.101552698567617,2.9420603796117284,8.608412201947835e-05,-2.1239236036883753,-1.9881790320025843,-1.5440734068499964,-1.1802046934710901,1.5708585977554321,0.16338880360126495,1
712,1788173529.168857,-0.42265089374807535,-0.4770093889626993,0.09701393661202495,1.1016647587112767,2.9420882345077235,-0.00043490962956544907,-2.123755757008688,-1.9870274702655237,-1.5541070143329065,-1.1709845701800745,1.5708585977554321,0.16361725330352783,1
713,1788173529.2093773,-0.421298620179754,-0.475793575040528,0.0945289586054541,1.101206487561942,2.9422563836528877,-0.00021446906016011626,-2.1229289213763636,-1.9854076544391077,-1.5633485952960413,-1.1635010878192347,1.5708345174789429,0.16413332521915436,1
714,1788173529.2508585,-0.4198963247149379,-0.4746865293794442,0.09283212155227721,1.1010568793526103,2.9422793248424775,3.327554082948736e-05,-2.121946636830465,-1.9832122961627405,-1.5712607542621058,-1.1579449812518519,1.5708345174789429,0.16502128541469574,1
715,1788173529.289611,-0.4184325955319839,-0.473779990985743,0.09209204230654572,1.1010589516690827,2.9422791644330686,-0.0003670431084596678,-2.1207240263568323,-1.9802129904376429,-1.5778058210956019,-1.1541488806353968,1.5708825588226318,0.16624517738819122,1
716,1788173529.329521,-0.4169923408894847,-0.47288173591868704,0.09206436695014408,-1.1013081712870034,-2.942185555094804,0.0007644211814434071,-2.1194894949542444,-1.9765780607806605,-1.5832956472979944,-1.1520293394671839,1.5708465576171875,0.16764919459819794,1
717,1788173529.3721738,-0.4153122524983135,-0.4721695515320044,0.09209396124874383,1.1009504865391515,2.942345771772811,-0.0005728415418821691,-2.1177881399737757,-1.9730151335345667,-1.58840257326235,-1.150616470967428,1.5708825588226318,0.1691015362739563,1
718,1788173529.4151182,-0.4138497862342449,-0.4715232140722493,0.09194407893195533,1.1012123804715046,2.942177214182913,0.00017232020324728733,-2.1163018385516565,-1.9701831976519983,-1.5928381125079554,-1.1494911352740687,1.5708585977554321,0.17078158259391785,1
719,1788173529.4562535,-0.41285486379211894,-0.4711753649642203,0.0919227451409454,1.1010755547693083,2.9422343833289397,0.0002289560261550328,-2.115211311970846,-1.9682157675372522,-1.5957625547992151,-1.1485684553729456,1.5708465576171875,0.17177776992321014,1
720,1788173529.4965048,-0.41281582099929126,-0.47113038383802297,0.09191648352067047,1.1010906392304525,2.9422207315313496,0.00018938908690953736,-2.115199391041891,-1.96808368364443,-1.5959790388690394,-1.1484606901751917,1.5708585977554321,0.17180173099040985,1
721,1788173529.5359716,-0.41278452802389337,-0.4710875857377825,0.09123340838567456,1.1009774663538312,2.942241918345616,0.0004563850191984842,-2.115187470112936,-1.9686959425555628,-1.596949879323141,-1.147048298512594,1.5708465576171875,0.17174144089221954,1
722,1788173529.5763497,-0.4127785643718166,-0.47105465065599056,0.08975796125324459,1.1010607879231666,2.9421948970835743,0.0004779053830841006,-2.115211311970846,-1.9700754324542444,-1.5990594069110315,-1.1435754934894007,1.5708585977554321,0.17177776992321014,1
723,1788173529.617582,-0.4127812749691422,-0.4710964093280838,0.08749538997848644,1.1010555941369122,2.942233931294217,0.0002907860950994778,-2.1151755491839808,-1.9723189512835901,-1.6021526495562952,-1.1381152311908167,1.5708465576171875,0.17180173099040985,1
724,1788173529.6589046,-0.41281981412971835,-0.47115810402648467,0.08454067383042543,1.101075062505085,2.9422328560179007,-0.00026617459388553465,-2.115199391041891,-1.9752824942218226,-1.6062043348895472,-1.1307504812823694,1.5709065198898315,0.17178975045681,1
725,1788173529.6993957,-0.41283388779141794,-0.47115658894803003,0.08128814233413201,1.1012013075796931,2.9421945349858563,-0.00013260224993497943,-2.115211311970846,-1.9786174933062952,-1.6104477087603968,-1.123254124318258,1.5708825588226318,0.1718616485595703,1
726,1788173529.7413762,-0.4128183024973616,-0.47112190460505965,0.07794104969352153,1.101391403542664,2.9420565565327115,0.0002878957225546613,-2.115223232899801,-1.9820845762835901,-1.6147273222552698,-1.1157820860492151,1.570894479751587,0.17199385166168213,1
727,1788173529.7831268,-0.41284342240112076,-0.4711706661041677,0.07411481856947197,1.1016333570347707,2.9420563317687103,-1.0975116337690243e-05,-2.115199391041891,-1.9861157576190394,-1.6196778456317347,-1.1065977255450647,1.5708465576171875,0.1721620112657547,1
728,1788173529.8238196,-0.41281416074567917,-0.47112764157751763,0.07091256510331137,1.101961739443496,2.9419116735284097,5.619978534734182e-05,-2.115199391041891,-1.9894269148456019,-1.623873535786764,-1.0991366545306605,1.5708585977554321,0.17239008843898773,1
729,1788173529.8641164,-0.4128043266407717,-0.47110776361730744,0.06771343850008651,1.102335591680748,2.9417277343869808,0.0001957371835818183,-2.115211311970846,-1.9928696791278284,-1.6278660933123987,-1.0917962233172815,1.5708825588226318,0.17264212667942047,1
730,1788173529.9071083,-0.412805962588741,-0.4711371884883166,0.06449225099835248,1.1031595570975976,2.941454699307607,0.00022168653502577874,-2.1151755491839808,-1.9964450041400355,-1.63176137605776,-1.0843356291400355,1.5708465576171875,0.1732300966978073,1
731,1788173529.9490397,-0.4126717153045855,-0.47103486936806105,0.06126716759551343,1.10451171038254,2.9408736050497675,0.0006975358361102156,-2.115079704915182,-1.9997924009906214,-1.6359456221209925,-1.0771144072162073,1.5708585977554321,0.17426186800003052,1
732,1788173529.9911363,-0.4123975628811713,-0.47113836086591926,0.05755493230518588,1.1056911408949108,2.940526852141822,-5.993713952586357e-05,-2.114612404500143,-2.0035832563983362,-1.6411121527301233,-1.0676663557635706,1.5708585977554321,0.1755097210407257,1
733,1788173530.030754,-0.41186301842406026,-0.47109112662938546,0.05426396242761272,1.1072960381902524,2.9398613889216665,0.0005320744296441172,-2.1139052549945276,-2.006678883229391,-1.6458943525897425,-1.060169521962301,1.5708465576171875,0.17732234299182892,1
734,1788173530.072237,-0.41073711343676617,-0.4710439304084364,0.05100213886472174,1.108376443221288,2.939405679812524,0.0008222230183149918,-2.1123831907855433,-2.0089219252215784,-1.6519725958453577,-1.0520380179034632,1.5708585977554321,0.1795903593301773,1
735,1788173530.1123233,-0.40949771088008036,-0.4710359079945167,0.0478019633488756,1.1099050483974817,2.938854371901448,0.0007318082566934549,-2.110657517110006,-2.0109737555133265,-1.6582663694964808,-1.043631378804342,1.5708465576171875,0.18235047161579132,1
736,1788173530.1536648,-0.40802699704581036,-0.47108186649716743,0.04467609059222996,1.111120643232377,2.9383782780050622,0.0006660069080123286,-2.108572308217184,-2.01278525987734,-1.6647394339190882,-1.0353081862079065,1.5708705186843872,0.18526676297187805,1
737,1788173530.1947412,-0.4067036756732521,-0.47115182918909126,0.04155414587998657,1.1140743335909267,2.937329208990206,0.00020366796589550763,-2.106654946004049,-2.0148008505450647,-1.6709969679461878,-1.026733700429098,1.5708585977554321,0.18917924165725708,1
738,1788173530.233449,-0.40564874135883017,-0.4711011503849594,0.03828286210463758,1.118140092911067,2.9357098105874,0.0005067013774385399,-2.1052287260638636,-2.0174158255206507,-1.6766675154315394,-1.0186498800860804,1.570894479751587,0.19339130818843842,1
739,1788173530.2736895,-0.4054631056804123,-0.4710589909768017,0.03504411404540572,1.1222246413020884,2.9341958981175256,0.0004597262495312325,-2.1049893538104456,-2.0211356321917933,-1.6806233564959925,-1.010937515889303,1.5708585977554321,0.1964038461446762,1
740,1788173530.3121305,-0.40550040850075536,-0.4711023228315514,0.03192647120771441,1.1258527152295548,2.9328664164164056,5.102605816210425e-05,-2.1050012747394007,-2.0251057783709925,-1.6839082876788538,-1.0034163633929651,1.5708465576171875,0.19885163009166718,1
741,1788173530.35099,-0.40548349811489726,-0.47105582949992997,0.02869032413415662,1.1293144322219624,2.9314698379202264,0.00039426064876604437,-2.105025116597311,-2.0292328039752405,-1.6871808210956019,-0.9962423483477991,1.5708705186843872,0.20120391249656677,1
742,1788173530.393952,-0.4054651794234657,-0.47104817061524823,0.02538980855077186,1.1324926935199098,2.9302268686115935,0.0006561123434618925,-2.1050012747394007,-2.033527676259176,-1.6904175917254847,-0.9888775984393519,1.5708585977554321,0.2034003883600235,1
743,1788173530.4363258,-0.40548960581279037,-0.47109122300915185,0.022251378512950643,1.1360613971000275,2.9288478734435794,0.0002924749117932736,-2.1050131956683558,-2.0376670996295374,-1.6935346762286585,-0.9813922087298792,1.570894479751587,0.20582419633865356,1
744,1788173530.478306,-0.4055251198797414,-0.4711154392574442,0.019119857028718795,1.1399694925371051,2.927403396992219,9.653471900047178e-05,-2.105025116597311,-2.041853729878561,-1.696543041859762,-0.974062744771139,1.5708465576171875,0.20846447348594666,1
745,1788173530.5195048,-0.40549509885184004,-0.4710933474613547,0.015485823889341166,1.1437680747167973,2.925884173005899,0.00043079622742431614,-2.1050012747394007,-2.0467246214496058,-1.6999238173114222,-0.9660266081439417,1.5708465576171875,0.2110927700996399,1
746,1788173530.5608847,-0.40554517966809295,-0.47116548814653536,0.013565893473000523,1.1459345123692188,2.9250592052570408,-0.00012599276994451343,-2.105025116597311,-2.0493882338153284,-1.701710049306051,-0.9612234274493616,1.5708825588226318,0.21254472434520721,1
747,1788173530.6023502,-0.4055471339833293,-0.4711633930825955,0.012379601817999492,1.1465565951897816,2.9248376641939458,-0.00020870983334285033,-2.105025116597311,-2.0509842077838343,-1.7028487364398401,-0.9584334532367151,1.5708705186843872,0.21296492218971252,1
748,1788173530.6438465,-0.4055119753940667,-0.47112187539910333,0.01182612587074397,1.1464665150966742,2.9248652088403206,9.674952301146671e-05,-2.1050012747394007,-2.0516913572894495,-1.703376595173971,-0.9573915640460413,1.5708465576171875,0.21292896568775177,1
749,1788173530.6857965,-0.40553188785140376,-0.4711483660065919,0.011898970668560716,1.1464567805435542,2.92484090777021,-0.00012009449670744852,-2.105025116597311,-2.051619354878561,-1.7033045927630823,-0.9574034849749964,1.570894479751587,0.21290500462055206,1
750,1788173530.7274566,-0.4055314740158038,-0.4711423215116421,0.011894018250010463,1.1464428600298262,2.924856956204076,-9.861640803801447e-05,-2.105025116597311,-2.051619354878561,-1.7033165136920374,-0.9574034849749964,1.5708825588226318,0.2128930240869522,1
751,1788173530.7689464,-0.4055337249838333,-0.4711586406856201,0.01189746325476318,1.1464398459211096,2.9249003197206527,-0.00012579842161996628,-2.1050012747394007,-2.051631752644674,-1.7032926718341272,-0.9573915640460413,1.5708465576171875,0.21290500462055206,1
752,1788173530.8117344,-0.4055310193163528,-0.4711451373339346,0.011904008503416358,1.146820158297557,2.9247344374912765,-9.258441629949652e-05,-2.1050131956683558,-2.0516074339496058,-1.7033045927630823,-0.9574273268329065,1.5708585977554321,0.2131570428609848,1
753,1788173530.8529363,-0.4055398362780821,-0.4711510577867798,0.011908522752593936,1.1483978381556461,2.9241108022611244,-0.0001694664750403372,-2.105025116597311,-2.0516074339496058,-1.7033045927630823,-0.9573796431170862,1.5708705186843872,0.2142251431941986,1
754,1788173530.8940122,-0.40552869218614923,-0.47114120368359336,0.011885302244412616,1.1510465990707326,2.92306944794595,-5.474593541198271e-05,-2.1050131956683558,-2.051631752644674,-1.7033165136920374,-0.9574154059039515,1.5708585977554321,0.2160489857196808,1
755,1788173530.9352052,-0.4055151696251664,-0.4711326735519964,0.011880530613516044,1.1557088012569285,2.921223177031079,8.792517781152876e-07,-2.1050012747394007,-2.051619354878561,-1.7033408323871058,-0.9574392477618616,1.5708585977554321,0.219253271818161,1
756,1788173530.9771507,-0.40552169003259736,-0.4711436955827627,0.01188417387583221,1.1607567860588897,2.9192250014513785,-3.594604475250387e-05,-2.1050012747394007,-2.051631752644674,-1.7033165136920374,-0.9574273268329065,1.5708585977554321,0.22270959615707397,1
757,1788173531.018566,-0.4055314330529755,-0.4711458366911162,0.011892949610633446,1.1667979090456293,2.9168175695813585,-5.42581267418484e-05,-2.1050131956683558,-2.051631752644674,-1.7032926718341272,-0.9574392477618616,1.5708585977554321,0.22683778405189514,1
758,1788173531.058571,-0.4055273264998784,-0.47113349665596094,0.011847697296123005,1.1745478188126406,2.9137065933141004,5.989945861086431e-05,-2.1050131956683558,-2.0516913572894495,-1.7033165136920374,-0.9574273268329065,1.5708465576171875,0.23215429484844208,1
759,1788173531.1014545,-0.4055053557065303,-0.47112682806510414,0.011836116703489025,1.1834798635503774,2.9100478673886134,8.961823500136878e-05,-2.1050012747394007,-2.0516794363604944,-1.703364674245016,-0.9574154059039515,1.5708825588226318,0.23831118643283844,1
760,1788173531.1444733,-0.40551238746644586,-0.4711279706190947,0.01173648353092921,1.1951762200551677,2.9052839352986024,0.0001519556806233643,-2.1050012747394007,-2.051835838948385,-1.7034123579608362,-0.957247559224264,1.5708585977554321,0.2463514804840088,1
761,1788173531.1834078,-0.405530446687829,-0.47114770043033877,0.011646261045142464,1.2063199096778254,2.9007098577834296,6.499299115649555e-05,-2.1050012747394007,-2.0519912878619593,-1.7034605185138147,-0.9569843451129358,1.5708345174789429,0.2540202736854553,1
762,1788173531.2238684,-0.40556028152361134,-0.47116947447460134,0.011562795849410251,1.218380247675528,2.895689650645376,-0.00019519477313484696,-2.105025116597311,-2.0521238485919397,-1.7035563627826136,-0.9565885702716272,1.5708345174789429,0.26231297850608826,1
763,1788173531.2668877,-0.4055490934279551,-0.47116489170206916,0.011450320430263616,1.2298535822416032,2.890829655389206,-0.00013862874108973926,-2.1050131956683558,-2.052267853413717,-1.7036641279803675,-0.9563730398761194,1.5708345174789429,0.2702573835849762,1
764,1788173531.3094788,-0.40555359124665696,-0.4711689627922728,0.011364845118748773,1.2414232485622645,2.885858667529925,-0.00019825908655147435,-2.105025116597311,-2.052387539540426,-1.7037480513202112,-0.9561341444598597,1.5708585977554321,0.27826210856437683,1
765,1788173531.3484476,-0.4055315753505252,-0.4711836651935291,0.011277303596924054,1.2514636056751576,2.8815280824445195,-0.00015774897822239508,-2.1049774328814905,-2.0525077025042933,-1.7038200537311,-0.9559662977801722,1.5708465576171875,0.2852709889411926,1
766,1788173531.3873265,-0.4055345297468278,-0.47114748660769856,0.011248155532598253,1.260156074331292,2.8776948000675655,-0.0001272472310129306,-2.105025116597311,-2.0525077025042933,-1.7039039770709437,-0.9559062162982386,1.5708825588226318,0.2912713587284088,1
767,1788173531.427844,-0.4055219118430147,-0.47115481439100804,0.011202865300482728,1.2680402010241718,2.8742230640882576,-5.328347306426232e-05,-2.1050012747394007,-2.0525792280780237,-1.7039158979998987,-0.9558699766742151,1.5708825588226318,0.296779602766037,1
768,1788173531.4682596,-0.40547885695335545,-0.47108561750322436,0.011110002221720178,1.27497261858825,2.871162248323964,0.0001768117438527914,-2.1049893538104456,-2.052591149006979,-1.7041438261615198,-0.9557746092425745,1.5708585977554321,0.30161598324775696,1
769,1788173531.5098636,-0.4052270816025483,-0.47111583872902335,0.010977727984549712,1.280243584008741,2.868818660120252,0.00031093938790491526,-2.104605499898092,-2.0525196234332483,-1.7046473662005823,-0.9554269949542444,1.5708465576171875,0.3056722581386566,1
770,1788173531.5520108,-0.4047537038729886,-0.4712227622668132,0.010946377367774568,1.2849448827159173,2.8667224949879473,0.00023529256144735327,-2.1038501898394983,-2.0520995298968714,-1.705437962208883,-0.9550078550921839,1.5708465576171875,0.30970460176467896,1
771,1788173531.5910306,-0.40424804842282386,-0.4713078784940267,0.010967905973942482,1.288041410528803,2.865329811878586,0.0001023865023770207,-2.1030715147601526,-2.051523510609762,-1.7063253561602991,-0.9546125570880335,1.5708585977554321,0.3126448392868042,1
772,1788173531.6296644,-0.4035824462679171,-0.4713314902827978,0.01096947408579782,1.2902439990154617,2.8643372717352804,0.00012268070435972618,-2.1021130720721644,-2.0507081190692347,-1.7076323668109339,-0.9541338125811976,1.5708585977554321,0.31514132022857666,1
773,1788173531.6723473,-0.4028235661618958,-0.4713126618274771,0.01096988448149075,1.291118951425795,2.863889968580284,0.0003037515323265749,-2.101070229207174,-2.04974872270693,-1.7091429869281214,-0.9537022749530237,1.570894479751587,0.3168089985847473,1
774,1788173531.71362,-0.4021791581963146,-0.47148045070383643,0.010963903706123629,1.2915569415357329,2.8637099786860682,0.00024859992326037533,-2.100015465413229,-2.0491722265826624,-1.7101019064532679,-0.9532831350909632,1.5708825588226318,0.3181650638580322,1
775,1788173531.754845,-0.4020993148310601,-0.4721534077433474,0.010944922920890776,1.2913131913940648,2.8638523635686637,0.0003484761661620967,-2.099332634602682,-2.05012017885317,-1.7086151281939905,-0.9538820425616663,1.5708465576171875,0.3186691701412201,1
776,1788173531.7966168,-0.40224661192024813,-0.47313176767907034,0.011101792134506516,1.2910565692802805,2.864012029826847,-0.00025038111300344264,-2.098733727131979,-2.0514395872699183,-1.7061098257647913,-0.9546845594989222,1.5708465576171875,0.31907737255096436,1
777,1788173531.8385282,-0.40236274040874426,-0.4743058035999985,0.011062748079908091,1.290949466986895,2.8640925836392666,-0.00014987696874673828,-2.0979183355914515,-2.0534194151507776,-1.7030170599566858,-0.9558580557452601,1.5708105564117432,0.31980952620506287,1
778,1788173531.8807352,-0.4022448980641275,-0.4763044196016053,0.011014259167069135,1.2910136370035192,2.863997649125357,3.0236744405129145e-05,-2.0961325804339808,-2.056382481251852,-1.6983416716205042,-0.9576905409442347,1.5708585977554321,0.32165735960006714,1
779,1788173531.923278,-0.40231710168963997,-0.47795802502296325,0.011083267516463324,1.2910108314818505,2.8640305318040573,-0.0004182588159624858,-2.094886128102438,-2.05878192583193,-1.6943257490741175,-0.959019962941305,1.5708585977554321,0.32289358973503113,1
780,1788173531.9647388,-0.40254342438522295,-0.47955987343403783,0.011093930318404,1.290841808117678,2.8641076928426097,-0.00043609388700775064,-2.0939038435565394,-2.061469380055563,-1.6899378935443323,-0.9607089201556605,1.5708585977554321,0.3237575888633728,1
781,1788173532.0070796,-0.4036633289620488,-0.48122182971801514,0.011121214267598267,1.2906187597859435,2.864165131701502,-0.0003843468354892878,-2.0941432158099573,-2.065380398427145,-1.683488670979635,-0.9632838408099573,1.570894479751587,0.3233737349510193,1
782,1788173532.0482023,-0.40476853107394245,-0.4818780746404769,0.011050146357448498,1.2907572515640593,2.864110545306169,-0.00011761595368080278,-2.095149819050924,-2.0679238478290003,-1.6795204321490687,-0.964876953755514,1.5708705186843872,0.3224617838859558,1
783,1788173532.0898817,-0.4053575069493633,-0.48207997208037057,0.011055997089949976,1.29084477072577,2.864080532385103,-0.0002495722060181853,-2.095808808003561,-2.0689433256732386,-1.677866284047262,-0.9654272238360804,1.5708705186843872,0.3218614459037781,1
784,1788173532.131122,-0.4053970240176555,-0.48203606214826555,0.011046345963171583,1.291115981768661,2.863902012674208,-0.00020131742440542932,-2.095917050038473,-2.0689552466021937,-1.677866284047262,-0.9654510656939905,1.5709184408187866,0.3219573199748993,1
785,1788173532.1717288,-0.4054165654380286,-0.48205564542047824,0.011046017447957607,1.2911225041903482,2.8640075838497543,-0.00024119768449055158,-2.095893208180563,-2.068991486226217,-1.6778186003314417,-0.9654272238360804,1.5708225965499878,0.3219573199748993,1
786,1788173532.2120607,-0.4054170724083618,-0.4820581641270273,0.011036400683350017,1.2910557531243139,2.863997121425702,-0.00022904757493158294,-2.095905129109518,-2.0690153280841272,-1.6778062025653284,-0.9654272238360804,1.5708585977554321,0.3219093978404999,1
787,1788173532.253201,-0.40541272616370566,-0.4820654141748228,0.011058586130126918,1.2914187786834983,2.8638373926213703,-0.00028492383872989556,-2.095893208180563,-2.068979565297262,-1.6778062025653284,-0.9654272238360804,1.5708585977554321,0.3221738040447235,1
788,1788173532.2938433,-0.4054265977881774,-0.4820543702420441,0.011058585975505963,1.2926605213376416,2.8632901790541294,-0.00028298870337984094,-2.095917050038473,-2.068979565297262,-1.6778062025653284,-0.9654272238360804,1.5708465576171875,0.3230138123035431,1
789,1788173532.3350573,-0.4054017030324449,-0.48205181645085243,0.011036069811240612,1.295723483433316,2.861873743894703,-0.0002114147891628851,-2.095893208180563,-2.068991486226217,-1.6778424421893519,-0.9654272238360804,1.5708705186843872,0.32518595457077026,1
790,1788173532.3726902,-0.40541719718617597,-0.482052896304454,0.011006699841887624,1.2991854126744258,2.86033369947154,-0.0002634925405690746,-2.095905129109518,-2.0690391699420374,-1.677866284047262,-0.9653199354754847,1.5708465576171875,0.32758617401123047,1
791,1788173532.4134514,-0.40541043768622026,-0.482041229228781,0.010870083011596476,1.3030086762597268,2.858586073442756,-0.0001501117469088954,-2.095905129109518,-2.0692198912249964,-1.677974049245016,-0.9651039282428187,1.5708465576171875,0.3302623927593231,1
792,1788173532.4539254,-0.40540304395218385,-0.48203554055792414,0.010663611486969454,1.3089532582302796,2.855812387384406,-9.973066194696062e-05,-2.095917050038473,-2.069495503102438,-1.6781542936908167,-0.9646847883807581,1.570894479751587,0.33442655205726624,1
793,1788173532.495392,-0.40538899848976306,-0.4819850469257302,0.010227833601524572,1.3179604187552465,2.8516659743700985,0.00031811684557578177,-2.0959294478045862,-2.070071045552389,-1.6784899870501917,-0.9640381971942347,1.5708705186843872,0.3407268822193146,1
794,1788173532.537266,-0.4053820281902505,-0.4819883559228969,0.009860750579507721,1.3263906441163797,2.8477550924250985,0.0003215345793663531,-2.095917050038473,-2.070563618336813,-1.6788252035724085,-0.9632123152362269,1.5708705186843872,0.3466556966304779,1
795,1788173532.579366,-0.40539468438811016,-0.48193970329313324,0.009381689225661183,1.3356356590968121,2.843450935479667,0.0004394076452677973,-2.0959652105914515,-2.0711754004107874,-1.6792929808246058,-0.9622057119952601,1.5708465576171875,0.35309985280036926,1
796,1788173532.6208322,-0.40540385269539725,-0.4819664368068309,0.008899798075032966,1.3464861401182928,2.8383068192614735,0.0003822667830812775,-2.0959652105914515,-2.0718711058246058,-1.679664436970846,-0.9611037413226526,1.5708705186843872,0.3607446551322937,1
797,1788173532.6619322,-0.40540985587675843,-0.48195821155806184,0.008308433580689417,1.3578738572353144,2.832846712911275,0.0004583158538590389,-2.0959890524493616,-2.072686497365133,-1.6801560560809534,-0.9598467985736292,1.570894479751587,0.36876097321510315,1
798,1788173532.7031767,-0.4054387042402938,-0.48201567220014396,0.007841488117381501,1.3693157361023458,2.8274098271037635,5.385376755295872e-05,-2.0959652105914515,-2.0733583609210413,-1.6805875937091272,-0.9584811369525355,1.5708465576171875,0.37684959173202515,1
799,1788173532.743957,-0.40545059452423315,-0.48199194407516616,0.007529560710956479,1.3781817963423963,2.823097866375285,7.503048321817215e-05,-2.0960009733783167,-2.073766533528463,-1.6808870474444788,-0.9577868620501917,1.5708465576171875,0.38309037685394287,1
800,1788173532.784956,-0.40544640722614705,-0.48201585983291306,0.0073649301903010445,1.3854653226305957,2.8194979283785204,-7.806731600594234e-05,-2.0959890524493616,-2.0739944616900843,-1.6810548941241663,-0.9572957197772425,1.5708825588226318,0.3882746696472168,1
801,1788173532.8255918,-0.40545233764874616,-0.4820260939190886,0.007259236565787586,1.3912830642122125,2.8166342001785587,-0.00013310151316965643,-2.0959890524493616,-2.0741503874408167,-1.6811392943011683,-0.9570201078998011,1.5708825588226318,0.39240285754203796,1
802,1788173532.8662071,-0.40545610007820865,-0.4820014447077253,0.007224204398086881,1.3963488566045246,2.8141636296848356,-7.316728781989948e-05,-2.0960009733783167,-2.074174229298727,-1.6811988989459437,-0.9569724241839808,1.5708465576171875,0.39597901701927185,1
803,1788173532.9061446,-0.4054530689448629,-0.48201096299775176,0.007229155371612367,1.4004338501827365,2.812133778965234,-9.174615756546331e-05,-2.0959890524493616,-2.074174229298727,-1.6811869780169886,-0.9569724241839808,1.5708465576171875,0.39889493584632874,1
804,1788173532.94796,-0.40545120735642554,-0.4819891633862684,0.007204214172975648,1.4034416176524744,2.8106046331228396,-3.7937643405653394e-05,-2.096012894307272,-2.074186150227682,-1.6812346617328089,-0.9569485823260706,1.5708705186843872,0.4010191261768341,1
805,1788173532.9886622,-0.40545168979595647,-0.4819845679890463,0.007219242810332843,1.4054030300395153,2.809636804869812,-1.727179770021761e-05,-2.096012894307272,-2.074162308369772,-1.681223217641012,-0.9569962660418909,1.5708585977554321,0.402411550283432,1
806,1788173533.031616,-0.40541715844904924,-0.4819489925224695,0.007180756061965582,1.4056581580693006,2.809515224814146,0.00015285390125638104,-2.0959890524493616,-2.0741503874408167,-1.681330982838766,-0.957008186970846,1.5708465576171875,0.4026152789592743,1
807,1788173533.0729806,-0.4056433655135961,-0.48223221742616174,0.007033002129449462,1.4057312473085761,2.8094526914214684,0.00013259715923497826,-2.0960844198810022,-2.075062100087301,-1.6803000609027308,-0.9571159521685999,1.5708705186843872,0.40257933735847473,1
808,1788173533.1136014,-0.40629003224762295,-0.4832027936460257,0.006902001564870558,1.4056430914381446,2.8095275938207136,4.219288679478101e-05,-2.0961926619159144,-2.0774977842914026,-1.676727596913473,-0.958193604146139,1.5708465576171875,0.40239956974983215,1
809,1788173533.1534977,-0.4071520531132634,-0.48448655042158684,0.0067725410863527236,1.4056874288104404,2.8094910815183742,6.119983202083326e-05,-2.096360508595602,-2.0807011763202112,-1.6718600432025355,-0.9598706404315394,1.5708585977554321,0.40226736664772034,1
810,1788173533.195077,-0.4074936305223383,-0.48505519704967776,0.006874750149180875,1.405707251324278,2.8094888455908253,0.00019319064811020812,-2.096372429524557,-2.081876579915182,-1.6695826689349573,-0.9610560576068323,1.5708465576171875,0.40226736664772034,1
811,1788173533.238561,-0.407533052600477,-0.4851247201397889,0.007003594510819305,1.4057490633119807,2.809445122453484,-0.00020575986983035674,-2.096384350453512,-2.081780258809225,-1.6694148222552698,-0.9610679785357874,1.5708825588226318,0.4022917151451111,1
812,1788173533.280128,-0.4075394713744505,-0.4851100550127158,0.0070002082747809835,1.4057244982048993,2.8094816984856115,-0.00014737630248651292,-2.096396271382467,-2.081780258809225,-1.6694148222552698,-0.9611037413226526,1.5708585977554321,0.4022553861141205,1
813,1788173533.3222737,-0.4075035668487809,-0.4851035395005282,0.006935127020502085,1.4057281153749228,2.809444869873781,3.869871533130883e-05,-2.096360508595602,-2.081852738057272,-1.6694625059710901,-0.9611037413226526,1.5708825588226318,0.40230369567871094,1
814,1788173533.3650484,-0.40752108734792125,-0.4850970584690315,0.006956499161932778,1.4057324280401753,2.8094971174744705,2.5404015266790622e-05,-2.096372429524557,-2.0818288961993616,-1.66943866411318,-0.9611399809466761,1.5708345174789429,0.4022793471813202,1
815,1788173533.403346,-0.40750540247676464,-0.4850863971850995,0.006952759105459505,1.4056487033293397,2.809498006289886,4.0606237195443426e-05,-2.096372429524557,-2.0818045775042933,-1.6694868246661585,-0.961128060017721,1.5708705186843872,0.4022314250469208,1
816,1788173533.443983,-0.4077633935686299,-0.48510264476967907,0.007026061995105748,1.4054263580732194,2.809643474521237,-0.00012680403154596669,-2.096708122883932,-2.0820205847369593,-1.6689351240741175,-0.9613555113421839,1.5708465576171875,0.40172770619392395,1
817,1788173533.4850748,-0.40853350085570705,-0.4850482648642474,0.007069734042451953,1.4054851597751234,2.8095998821674715,-0.0001093876260625999,-2.0978224913226526,-2.082860294972555,-1.667413059865133,-0.9620497862445276,1.5708585977554321,0.4006592333316803,1
818,1788173533.5273666,-0.410399030150545,-0.48523574411860504,0.007079955096783608,1.4054554701699316,2.809636177040875,-0.0002757856298960883,-2.10024339357485,-2.085463825856344,-1.663121525441305,-0.9636309782611292,1.5708465576171875,0.3982110917568207,1
819,1788173533.5709007,-0.411734290053382,-0.4851636727930949,0.0070771322801762016,1.4052348116502107,2.8097093420507426,-5.2764508459043646e-05,-2.1021488348590296,-2.08710748354067,-1.6603758970843714,-0.964876953755514,1.5708705186843872,0.39615917205810547,1
820,1788173533.613183,-0.41227920132060136,-0.48527291904726894,0.007173256898943964,1.4052412000773256,2.809765457510347,-0.0004427918791267124,-2.1027963797198694,-2.0877555052386683,-1.659081761037008,-0.9652717749225062,1.5708345174789429,0.3954992890357971,1
821,1788173533.6556985,-0.41229575362401133,-0.4853419566018602,0.0071849108963660535,1.4053660870951192,2.8096797649845997,-0.0005208373181408445,-2.102772061024801,-2.087851349507467,-1.6589015165912073,-0.9653080145465296,1.5708585977554321,0.39561912417411804,1
822,1788173533.6976693,-0.41229135785497856,-0.48529357211077195,0.007160171968861595,1.4053078119370193,2.8097303590672214,-0.00040617485634638966,-2.1027963797198694,-2.0878270308123987,-1.6589973608600062,-0.9653080145465296,1.5708345174789429,0.39554721117019653,1
823,1788173533.7381418,-0.41229586976967697,-0.48532822455460983,0.007147349079499876,1.4053827987435226,2.809627798854089,-0.0004506937744862504,-2.1027963797198694,-2.0878990332232874,-1.6589253584491175,-0.9652836958514612,1.570894479751587,0.39561912417411804,1
824,1788173533.7789369,-0.41228505084925227,-0.4852936947029002,0.007142869846845645,1.4054972802824333,2.809604140273625,-0.00031458960650839287,-2.1027963797198694,-2.087863270436422,-1.658973519002096,-0.9653556982623499,1.5708585977554321,0.39569103717803955,1
825,1788173533.8209815,-0.41216427913284726,-0.48509929646461064,0.007084793899896247,1.4055341763221816,2.8095517012790676,-0.00016769621727262586,-2.1027963797198694,-2.087527100239889,-1.6596806685077112,-0.9650800863849085,1.5708825588226318,0.3957269787788391,1
826,1788173533.8607094,-0.41158898989920295,-0.48449134183449727,0.006945408119780894,1.4058105119967605,2.809430848318779,0.00030622095875616306,-2.1024840513812464,-2.0861595312701624,-1.6622822920428675,-0.9641459623919886,1.5708465576171875,0.3962310552597046,1
827,1788173533.9028366,-0.410487531086165,-0.48370219670456177,0.00687432291752646,1.4055320072418191,2.8095434374668686,0.0005867689955850097,-2.101609532033102,-2.083724323903219,-1.6664660612689417,-0.9625771681415003,1.5708585977554321,0.39691492915153503,1
828,1788173533.9440587,-0.40983691459814214,-0.4831705582495603,0.006919773698079362,1.4055839940937371,2.8095185570956844,0.0005674050640178526,-2.1011417547809046,-2.0820325056659144,-1.6691153685199183,-0.9616072813617151,1.5708585977554321,0.39741939306259155,1
829,1788173533.9847097,-0.4098398477224402,-0.4830960032674369,0.0069913295808920195,1.4057274633021761,2.809468237743539,0.00039976346522370095,-2.101201836262838,-2.081792656575338,-1.6693194548236292,-0.9615352789508265,1.5708465576171875,0.3974553346633911,1
830,1788173534.0252686,-0.40982233492434617,-0.48313039878091446,0.007012144657183694,1.4056744356255337,2.809487591332085,0.0002669776125127533,-2.101154152547018,-2.08176833788027,-1.6693194548236292,-0.9614756743060511,1.5708585977554321,0.39746731519699097,1
831,1788173534.066139,-0.40984063669766785,-0.48310816197033746,0.006995840631230654,1.4057350182496438,2.8094412767494314,0.0003225276981239459,-2.101201836262838,-2.081792656575338,-1.6693194548236292,-0.9614875952350062,1.5708705186843872,0.39746731519699097,1
832,1788173534.1089702,-0.40983191842997624,-0.4830971881194172,0.00698869228360946,1.4057282723081106,2.8094696475170284,0.00036165035624328924,-2.101189915333883,-2.081780258809225,-1.6693552176104944,-0.9614875952350062,1.5708465576171875,0.39746731519699097,1
833,1788173534.1494029,-0.40980939454242576,-0.4831290065673031,0.006998615881407821,1.4055496134491745,2.8095340725889595,0.0003217795487265209,-2.1011417547809046,-2.081780258809225,-1.6693313757525843,-0.9614875952350062,1.5708705186843872,0.39739540219306946,1
834,1788173534.189521,-0.4098433091632462,-0.4831166114531037,0.006989123216082999,1.4063197747935652,2.809178086748421,0.0002682529501582667,-2.101189915333883,-2.0818045775042933,-1.6693313757525843,-0.9614275137530726,1.5708465576171875,0.39788714051246643,1
835,1788173534.2296867,-0.40982961636864335,-0.4831134023594875,0.0069845671577109525,1.4077116327426327,2.8084639802254188,0.0003425437075413745,-2.101177994404928,-2.0818045775042933,-1.6693313757525843,-0.9614756743060511,1.5708585977554321,0.39889493584632874,1
836,1788173534.2723172,-0.40982838080277956,-0.4831182167242513,0.007000917303800702,1.4107747853588226,2.8068759220829733,0.0002802546824873408,-2.101189915333883,-2.081780258809225,-1.6693313757525843,-0.9614632765399378,1.5709065198898315,0.4010794460773468,1
837,1788173534.314705,-0.40983345587032366,-0.4831253296221271,0.007018051198616093,1.4146144060980859,2.8049866815327587,0.0002093478739727107,-2.101177994404928,-2.0817564169513147,-1.6693313757525843,-0.9614394346820276,1.5708705186843872,0.4038155972957611,1
838,1788173534.3549292,-0.409816882186454,-0.4831117736800493,0.006998402369768814,1.419525792749203,2.802501370481583,0.0002835868707353062,-2.101166073475973,-2.0817564169513147,-1.6693785826312464,-0.9614394346820276,1.5708705186843872,0.40733182430267334,1
839,1788173534.3966894,-0.4098133305916393,-0.4830949031662074,0.007007169189575141,1.4253513227070842,2.7995686047720683,0.0003249821003834446,-2.101166073475973,-2.0817206541644495,-1.6694029013263147,-0.9614756743060511,1.5708465576171875,0.4114840030670166,1
840,1788173534.4345806,-0.40980052819665813,-0.483123212690012,0.007039906419417846,1.432482057265074,2.7959176370464927,0.000229190979161768,-2.1011298338519495,-2.081684414540426,-1.6693785826312464,-0.9614756743060511,1.5708585977554321,0.4166203439235687,1
841,1788173534.475506,-0.4097836568932894,-0.4831129849996959,0.007013594162012582,1.441158993556597,2.7914796881485135,0.00030636202372081114,-2.1011059919940394,-2.081696335469381,-1.669426743184225,-0.9614632765399378,1.5708345174789429,0.42284879088401794,1
842,1788173534.5169933,-0.40979701833175897,-0.4831319342110921,0.007029157585601048,1.4495184553506861,2.7871263979277474,0.00017376315695940406,-2.1011179129229944,-2.081696335469381,-1.6694029013263147,-0.9614036718951624,1.5708585977554321,0.4288371503353119,1
843,1788173534.5589676,-0.4098041157015966,-0.4831401456171241,0.007041154802777644,1.4575300438741055,2.782921700421736,7.800138693145687e-05,-2.1011298338519495,-2.081684414540426,-1.6694029013263147,-0.9613555113421839,1.5708825588226318,0.43458545207977295,1
844,1788173534.5988176,-0.40982380484172864,-0.48317218339402884,0.007050134601619684,1.463090447255694,2.780048739519698,-8.822201914025294e-05,-2.1011179129229944,-2.0817087332354944,-1.6693666617022913,-0.9612596670733851,1.5708465576171875,0.43858182430267334,1
845,1788173534.6418743,-0.4098083224666693,-0.4831457786880665,0.007035338727796575,1.4678577946618239,2.777532056315438,-1.3266027266405484e-05,-2.1011179129229944,-2.081684414540426,-1.66943866411318,-0.9612596670733851,1.5708465576171875,0.44201380014419556,1
846,1788173534.6833582,-0.40980473655332844,-0.4831651863205485,0.007046437251378185,1.47144632469898,2.7756072868298745,-7.164698879942732e-05,-2.1011059919940394,-2.081684414540426,-1.6694148222552698,-0.9612472693072718,1.5708705186843872,0.4446181356906891,1
847,1788173534.7211258,-0.4098048586661865,-0.4831747227333025,0.007047748676128396,1.4735663490275774,2.7744957737034794,-7.002344693217469e-05,-2.1010940710650843,-2.081696335469381,-1.6693909803973597,-0.9612596670733851,1.5708585977554321,0.4461539685726166,1
848,1788173534.7616777,-0.40978583856998024,-0.48318640999509976,0.007057665602068608,1.4747824159930114,2.77385010190692,-8.86872297940769e-05,-2.101058308278219,-2.081672493611471,-1.6694029013263147,-0.9612596670733851,1.5708585977554321,0.4470662772655487,1
849,1788173534.801263,-0.40978631043409547,-0.4831763450070828,0.007072879641805169,1.4747784969547248,2.773882820336563,-0.00020011743230311858,-2.101058308278219,-2.0816128889666956,-1.6694749037372034,-0.9611752668963831,1.5708345174789429,0.44705429673194885,1
850,1788173534.842698,-0.40933210683886,-0.48258005997195497,0.00708762542615296,1.474664280178044,2.7739078382690443,-0.0003715849550312708,-2.100926701222555,-2.0800889174090784,-1.6719682852374476,-0.9600980917560022,1.5708705186843872,0.4471142292022705,1
851,1788173534.88219,-0.40839992247738927,-0.48174222147749585,0.007113684796488107,1.4745339839302558,2.773983082652596,-0.0005803243017463887,-2.1003149191485804,-2.077569309865133,-1.6760676542865198,-0.9583852926837366,1.5708705186843872,0.44763028621673584,1
852,1788173534.9215896,-0.4071130639721321,-0.480824071064362,0.007123351866542255,1.4744973485954096,2.773989726875083,-0.0001476505285115316,-2.0992725531207483,-2.0746305624591272,-1.680779282246725,-0.9568880240069788,1.5708705186843872,0.448650062084198,1
853,1788173534.9619212,-0.4057752318607476,-0.4801311448469782,0.007128700958803191,1.474440715058184,2.7740352843228924,-0.0002223783855591535,-2.09796649614443,-2.0718711058246058,-1.6852987448321741,-0.9550798575030726,1.5708585977554321,0.4499106705188751,1
854,1788173535.00496,-0.4050885713249285,-0.47976699293964525,0.00700580724540098,1.4744493942645451,2.7740073030243297,0.00013398531618502053,-2.0973075071917933,-2.070695225392477,-1.687540356312887,-0.9542415777789515,1.5708705186843872,0.450582891702652,1
855,1788173535.0478382,-0.40503449707772515,-0.4797424691682256,0.007003803262073421,1.4743535676745196,2.7740706807481414,0.00017287034375686387,-2.0972474257098597,-2.070599381123678,-1.6876962820636194,-0.9542058149920862,1.5708585977554321,0.45057016611099243,1
856,1788173535.089542,-0.40500145138177357,-0.47976495566377514,0.006997991454662927,1.4743149367789588,2.7740761893910877,0.00022829962089862223,-2.097187344227926,-2.070611302052633,-1.6876843611346644,-0.9542415777789515,1.5708705186843872,0.4506068825721741,1
857,1788173535.1296751,-0.4050471652553481,-0.47973492918547533,0.006986338813876419,1.4744371309530675,2.7740252209004854,0.00021104238598493305,-2.09727126756777,-2.0706356207477015,-1.6876843611346644,-0.9542058149920862,1.5708585977554321,0.4506068825721741,1
858,1788173535.1711183,-0.40504215598888776,-0.4797556478380768,0.006992865379203073,1.4744042832961013,2.7740432152174965,0.00019158372695060586,-2.0972474257098597,-2.0706475416766565,-1.687648121510641,-0.9542177359210413,1.5708585977554321,0.4506068825721741,1
859,1788173535.212053,-0.40505460666483306,-0.47977328866560537,0.007017366368557265,1.4743599346543959,2.7740427661756413,7.71355007221426e-05,-2.0972593466388147,-2.0706356207477015,-1.6876123587237757,-0.954193417225973,1.5708825588226318,0.45057016611099243,1
860,1788173535.2530587,-0.4050574117287037,-0.4797726447889694,0.007027378801299444,1.4743655723024152,2.7740533745354137,7.860173351835484e-05,-2.0972593466388147,-2.0706236998187464,-1.6876004377948206,-0.9542177359210413,1.5708705186843872,0.45057016611099243,1
861,1788173535.2949412,-0.40504847920050746,-0.4797757274987958,0.00703278814459285,1.4743778045213602,2.774073498256267,9.79952818636036e-05,-2.0972355047809046,-2.070611302052633,-1.6876004377948206,-0.9542415777789515,1.5708465576171875,0.45059487223625183,1
862,1788173535.3342493,-0.40507010874715593,-0.4797727186000945,0.0070399873667712776,1.4743552424504986,2.774114140665011,4.328628818606835e-05,-2.0972593466388147,-2.070611302052633,-1.6875885168658655,-0.9542177359210413,1.5708225965499878,0.4505462050437927,1
863,1788173535.3750625,-0.40506721061013007,-0.4797595794214934,0.007021566213386343,1.4743986665730717,2.7740342453882088,0.0001347344433201113,-2.097283665333883,-2.0706356207477015,-1.6875885168658655,-0.9542534987079065,1.5708705186843872,0.45057016611099243,1
864,1788173535.4178839,-0.40507131345997294,-0.47976663859638,0.0070249505833038794,1.4744335705988136,2.774017233457157,7.860175268585403e-05,-2.097283665333883,-2.0706356207477015,-1.6875885168658655,-0.9542177359210413,1.5708705186843872,0.45059487223625183,1
865,1788173535.4563003,-0.4050649920403477,-0.47976560200777446,0.00702000744467246,1.4744384120691707,2.7740276387087244,9.802513989609656e-05,-2.09727126756777,-2.0706356207477015,-1.6876004377948206,-0.9542177359210413,1.5708585977554321,0.4506068825721741,1
866,1788173535.4953308,-0.4050758993909057,-0.47977452893838524,0.00703839315428989,1.4744342059497728,2.774018433258361,2.246750859827309e-05,-2.097283665333883,-2.0706236998187464,-1.6875765959369105,-0.9542058149920862,1.5708705186843872,0.45059487223625183,1
867,1788173535.5363405,-0.40505790520051776,-0.4797680776331217,0.007018879321366578,1.4744549005298342,2.774018363565955,0.00011673845371003046,-2.0972593466388147,-2.0706356207477015,-1.6876004377948206,-0.9542296568499964,1.5708585977554321,0.4506308436393738,1
868,1788173535.5781667,-0.4050770241797539,-0.4797808342460692,0.007036162321912509,1.474444914597878,2.774039878001939,2.3148048525551266e-05,-2.09727126756777,-2.0706356207477015,-1.6875641981707972,-0.9542058149920862,1.5708465576171875,0.4506068825721741,1
869,1788173535.6211715,-0.4050634847401126,-0.4797640550643206,0.007036603819245285,1.4744554060482793,2.7739780200778887,9.51380277285227e-05,-2.097283665333883,-2.070611302052633,-1.6875885168658655,-0.9542534987079065,1.570894479751587,0.4506188631057739,1
870,1788173535.6625457,-0.405056427701938,-0.4797709516229696,0.007012636471109279,1.4744659274201193,2.77399901244384,0.00011602893243302308,-2.0972593466388147,-2.0706475416766565,-1.6876004377948206,-0.9542177359210413,1.5708705186843872,0.45064282417297363,1
871,1788173535.7028434,-0.40507547095243623,-0.479773791786848,0.00702838037601633,1.4745671912585556,2.773947766641144,2.1724679088248844e-05,-2.097283665333883,-2.0706356207477015,-1.6875885168658655,-0.9541814962970179,1.5708705186843872,0.45069074630737305,1
872,1788173535.7450924,-0.4050700599428986,-0.4797606990482247,0.007030065946361186,1.4745716325522664,2.773916220527369,9.589121443581004e-05,-2.097295586262838,-2.0706236998187464,-1.6875885168658655,-0.9542415777789515,1.570894479751587,0.45069074630737305,1
873,1788173535.7854624,-0.40507720101553246,-0.4797647817758659,0.0070249499780829505,1.4745774752834009,2.7740086029990105,8.217786337593935e-05,-2.09727126756777,-2.0706356207477015,-1.6875885168658655,-0.9542177359210413,1.5708105564117432,0.45069074630737305,1
874,1788173535.8260608,-0.40506682151016377,-0.4797643801358511,0.007051345904180384,1.4745611212398941,2.7739363439818594,5.8430798108599244e-05,-2.097283665333883,-2.070587460194723,-1.6875885168658655,-0.9542534987079065,1.5708825588226318,0.45069074630737305,1
875,1788173535.8664415,-0.4050730309258428,-0.4797750637711151,0.0070310220420413405,1.4745945988325453,2.773919039536605,4.046951796494143e-05,-2.097283665333883,-2.0706356207477015,-1.6875765959369105,-0.9542058149920862,1.5708825588226318,0.45071473717689514,1
876,1788173535.907267,-0.4050680070296575,-0.4797854593490311,0.007039566386215612,1.474539264456896,2.7739766141184186,3.7238972982045277e-06,-2.0972593466388147,-2.0706236998187464,-1.6875765959369105,-0.954193417225973,1.5708585977554321,0.45069074630737305,1
877,1788173535.9477348,-0.4050724660725097,-0.47977299155241343,0.007041115830393074,1.4746111260901837,2.7739515286471894,2.31528323104262e-05,-2.09727126756777,-2.070611302052633,-1.6875885168658655,-0.9542058149920862,1.5708465576171875,0.450726717710495,1
878,1788173535.9893422,-0.40506664469844894,-0.47978853150158884,0.007201785090358098,1.4745155924899547,2.7739721640581823,0.00013249716670759142,-2.0972593466388147,-2.0704310576068323,-1.6873605887042444,-0.9546845594989222,1.5708705186843872,0.4506787657737732,1
879,1788173536.030902,-0.4051253999588053,-0.4798760537254317,0.008645437477518197,1.4745731812392973,2.7739189072188797,-0.0005335239275165871,-2.097283665333883,-2.068535629902975,-1.6860783735858362,-0.9574392477618616,1.5709065198898315,0.4507027566432953,1
880,1788173536.071878,-0.40513572192077774,-0.4798829270144999,0.010597128703642905,1.4746348176655342,2.7739145711117708,-0.0005807501802430549,-2.097283665333883,-2.0658963362323206,-1.6843155066119593,-0.9618104139911097,1.5708825588226318,0.45073869824409485,1
881,1788173536.1141813,-0.40514652032894016,-0.4798906200546107,0.013415442494437518,1.4746317017752688,2.7739487993828464,-0.0007806682609778812,-2.097283665333883,-2.0620811621295374,-1.68181020418276,-0.9680026213275355,1.5708585977554321,0.450726717710495,1
882,1788173536.1564553,-0.40515186513804646,-0.47990523210791275,0.016592934329592135,1.4745776568362134,2.7739675281246483,-0.0009101125424045223,-2.097283665333883,-2.0578458944903772,-1.678873364125387,-0.9750927130328577,1.5708705186843872,0.45069074630737305,1
883,1788173536.1973677,-0.40506438098652353,-0.47975361002476363,0.018542901374179716,1.4745643539731328,2.7739839099989623,0.0002469107252961753,-2.09727126756777,-2.0551589171039026,-1.676990811024801,-0.9803980032550257,1.5708345174789429,0.45069074630737305,1
884,1788173536.239533,-0.40506534604344197,-0.479767257531941,0.020142578795934646,1.474588069070073,2.7739067468743333,0.0001228383186287206,-2.097283665333883,-2.053058926259176,-1.6754806677447718,-0.9839313665973108,1.570894479751587,0.45071473717689514,1
885,1788173536.2793102,-0.4050626959232553,-0.47976706743318226,0.02053191445902905,1.4745827632790915,2.773938261349222,6.66343298703007e-05,-2.09727126756777,-2.0525315443622034,-1.6751449743853968,-0.9847577253924769,1.5708705186843872,0.45071473717689514,1
886,1788173536.3217833,-0.4050576088976412,-0.4797376431291963,0.020176745688102155,1.4746038380396322,2.773936409228936,0.00021853203240745136,-2.097283665333883,-2.0529754797564905,-1.6754925886737269,-0.9840624968158167,1.5708585977554321,0.45071473717689514,1
887,1788173536.3613083,-0.4050507814993015,-0.47973678242538453,0.019095848388605535,1.4746249281732287,2.773895887425906,0.00029719102113836865,-2.097283665333883,-2.0544026533709925,-1.6764996687518519,-0.9816792646991175,1.5708825588226318,0.45073869824409485,1
888,1788173536.4022837,-0.40505770318902695,-0.4797541075890353,0.017291681942088744,1.47455441345104,2.773923714183103,0.00015651672088168485,-2.097283665333883,-2.0567901770221155,-1.6782262961017054,-0.9774759451495569,1.570894479751587,0.45069074630737305,1
889,1788173536.4430556,-0.40506318866624597,-0.47975265944659634,0.014576467797942055,1.4745644379258982,2.773942567851601,0.0002649731694730723,-2.097283665333883,-2.060425106679098,-1.6807072798358362,-0.9714282194720667,1.5708705186843872,0.45069074630737305,1
890,1788173536.4820065,-0.40507448435893456,-0.47978735065641454,0.011361816366384558,1.47461739933647,2.773923243713808,-5.7608492537075905e-05,-2.09727126756777,-2.064744297658102,-1.6837165991412562,-0.9638941923724573,1.5708705186843872,0.45073869824409485,1
891,1788173536.5242345,-0.40504676836800557,-0.47970973975366227,0.008254527995802868,1.4746622467174149,2.773886099163456,0.000428139451030606,-2.097295586262838,-2.0689075628863733,-1.6865094343768519,-0.957247559224264,1.5708705186843872,0.4507506787776947,1
892,1788173536.5651927,-0.405056007836293,-0.47975555989566143,0.005998986399242678,1.4745815188681606,2.7739359117011433,0.00017665760761275534,-2.09727126756777,-2.072027031575338,-1.6884997526751917,-0.951977554951803,1.5708705186843872,0.45071473717689514,1
893,1788173536.606741,-0.40507825389168856,-0.4798085068652589,0.0043230258069069105,1.4746013210547457,2.7739328933359197,-9.802467201567669e-05,-2.0972593466388147,-2.074390236531393,-1.689925495778219,-0.9480136076556605,1.5708705186843872,0.45073869824409485,1
894,1788173536.6492755,-0.4050998671441237,-0.47983102435944797,0.003912812337549504,1.4746035480351718,2.773937298281784,-0.0003031044782784621,-2.09727126756777,-2.0749781767474573,-1.6902855078326624,-0.946935002003805,1.5708705186843872,0.450726717710495,1
895,1788173536.6930737,-0.40511411306985123,-0.4798848805732444,0.004022730402458624,1.4745742734212541,2.7739620396141635,-0.0006414093948019936,-2.0972474257098597,-2.07485801378359,-1.6902020613299769,-0.9469230810748499,1.5708705186843872,0.450726717710495,1
896,1788173536.736048,-0.40513729762714523,-0.479860080053834,0.004027798864401966,1.4746796833503926,2.7739189732126555,-0.0006212437178322555,-2.097295586262838,-2.074846092854635,-1.6902020613299769,-0.9469473997699183,1.5708585977554321,0.4507506787776947,1
897,1788173536.7781975,-0.4051212783138168,-0.4798678644852955,0.004003499578405761,1.474589243679339,2.7739504975970593,-0.0005089326306151414,-2.09727126756777,-2.0748942534076136,-1.6901777426349085,-0.9469955603228968,1.5708705186843872,0.45071473717689514,1
898,1788173536.8191166,-0.40511293847172836,-0.4798644013625606,0.00399671047998687,1.4745784269376911,2.7739301663617737,-0.0005485255325812029,-2.09727126756777,-2.0748823324786585,-1.690225903187887,-0.946935002003805,1.570894479751587,0.45071473717689514,1
899,1788173536.8590884,-0.40513903618772756,-0.4798722730071139,0.004033141376268562,1.4746521922317335,2.7739472343650697,-0.0006212784452940271,-2.097283665333883,-2.07485801378359,-1.6901658217059534,-0.9469712416278284,1.5708465576171875,0.45073869824409485,1
900,1788173536.902229,-0.40513686178779235,-0.4798245184024496,0.004001087691218624,1.4746668687230988,2.7739353414575887,-0.00047008909333912775,-2.0973194281207483,-2.07485801378359,-1.690237824116842,-0.9469955603228968,1.5708465576171875,0.45071473717689514,1
901,1788173536.94167,-0.4051187873981494,-0.479859206277473,0.004001953976941197,1.4745951871122724,2.7739202030791974,-0.0005096064784030351,-2.097283665333883,-2.0748823324786585,-1.6902020613299769,-0.9469836393939417,1.570894479751587,0.45071473717689514,1
902,1788173536.9838219,-0.4051113757110002,-0.4798410380475239,0.003967433292152295,1.4746159188958992,2.7739190926177035,-0.0003771692839792371,-2.097283665333883,-2.074918572102682,-1.690225903187887,-0.9470074812518519,1.5708825588226318,0.450726717710495,1
903,1788173537.0239959,-0.40510846239178777,-0.4798403972323616,0.003980214284341005,1.4746764381081576,2.7739140492797363,-0.00037649273333952157,-2.09727126756777,-2.0748942534076136,-1.690225903187887,-0.947031323109762,1.5708585977554321,0.4507746398448944,1
904,1788173537.065578,-0.40510596329906723,-0.47982083949672494,0.003949446558759562,1.4746755282574564,2.7739109328675036,-0.00024401527538516618,-2.097283665333883,-2.074930493031637,-1.690237824116842,-0.9470675627337855,1.5708585977554321,0.45076265931129456,1
905,1788173537.1069784,-0.40510563638610325,-0.4798300644995187,0.0039590760010834725,1.4746313812162724,2.7739495568864485,-0.00029943583498205276,-2.09727126756777,-2.074918572102682,-1.690237824116842,-0.9470437208758753,1.5708465576171875,0.45073869824409485,1
906,1788173537.1479938,-0.4050898013132976,-0.47981917535785207,0.003936930563403801,1.474597031997209,2.7739250374400113,-0.00022672810785130378,-2.09727126756777,-2.074930493031637,-1.6902735869037073,-0.9470437208758753,1.5708825588226318,0.450726717710495,0
907,1788173537.189224,-0.40510090031334706,-0.47982191559786186,0.003919374279629684,1.474630757632511,2.7739483808849466,-0.0002440491822344914,-2.09727126756777,-2.0749662558185022,-1.6902735869037073,-0.9469955603228968,1.5708465576171875,0.45073869824409485,0
908,1788173537.2291772,-0.4050978410286961,-0.47982753821885116,0.003968061641567211,1.4746035312048638,2.7739372664984954,-0.0003016075537095142,-2.09727126756777,-2.0748942534076136,-1.6902497450457972,-0.9470556418048304,1.5708705186843872,0.450726717710495,0
909,1788173537.2722075,-0.4050995495580471,-0.47982506178262563,0.003936785427078648,1.4745920869784828,2.7739558236607347,-0.00026347693659750095,-2.09727126756777,-2.074942413960592,-1.6902616659747522,-0.9470194021808069,1.5708585977554321,0.45071473717689514,0
910,1788173537.3119104,-0.40511068087691016,-0.479812599958876,0.003933573575714333,1.4746751700923295,2.7739503385874755,-0.00018574215064521638,-2.097283665333883,-2.074954334889547,-1.690237824116842,-0.9470794836627405,1.5708225965499878,0.4507506787776947,0
911,1788173537.3524919,-0.4050912375574895,-0.4798199605555198,0.00393430803833833,1.4745643739929084,2.7739836715175894,-0.00024405001701416137,-2.0972593466388147,-2.074930493031637,-1.6902855078326624,-0.9470194021808069,1.5708465576171875,0.4507027566432953,0
912,1788173537.3943708,-0.4051018516090903,-0.47981376511191215,0.003940726019730917,1.474675317607391,2.7739105353885196,-0.00022530364977773002,-2.097283665333883,-2.074930493031637,-1.6902616659747522,-0.9470556418048304,1.5708585977554321,0.45076265931129456,0
913,1788173537.4373035,-0.40508446788266866,-0.479830085630291,0.00394185539317915,1.4745917314352632,2.7739148716537345,-0.00024614593512282804,-2.0972593466388147,-2.074930493031637,-1.6902616659747522,-0.9470437208758753,1.570894479751587,0.45073869824409485,0
914,1788173537.4789429,-0.40509892626927196,-0.4798250341318936,0.0039441580751505,1.474592658425785,2.7739154226963434,-0.0002843207041915248,-2.097283665333883,-2.074930493031637,-1.6902616659747522,-0.9470194021808069,1.570894479751587,0.45071473717689514,0
915,1788173537.5167513,-0.4051053289762543,-0.47982516413172654,0.003939627355729697,1.4746364924978534,2.773917686227944,-0.00022601288894838676,-2.097283665333883,-2.074954334889547,-1.690225903187887,-0.9470675627337855,1.5708705186843872,0.45073869824409485,0
916,1788173537.5561566,-0.4050873195417402,-0.47982410567941775,0.00393335431306302,1.4746357843247826,2.773917549346007,-0.00020729871937339375,-2.0972593466388147,-2.074942413960592,-1.6902616659747522,-0.9470556418048304,1.5708705186843872,0.45076265931129456,0
917,1788173537.5965726,-0.4050975345024098,-0.47980523793716584,0.0039335438389258015,1.4746909960306138,2.7739414130852262,-0.00016702970647782653,-2.09727126756777,-2.074930493031637,-1.6902735869037073,-0.9470794836627405,1.5708225965499878,0.4507746398448944,0
918,1788173537.6382313,-0.40511779963716693,-0.4798118632725402,0.003933209278159544,1.4746587570399863,2.7739198744230515,-0.0002447663898878147,-2.0973075071917933,-2.074954334889547,-1.6902497450457972,-0.947031323109762,1.5708585977554321,0.450726717710495,0
919,1788173537.6793208,-0.4050599279142614,-0.4797525193327807,0.004025319373412162,1.4746581534058214,2.7738782064170833,0.0002979412336143528,-2.097283665333883,-2.0747740904437464,-1.6901539007769983,-0.9476540724383753,1.5708825588226318,0.45076265931129456,0
920,1788173537.7208047,-0.4050336753978738,-0.47973727327450066,0.004895366656069294,1.474637672153201,2.7738809391465313,0.000595079367565508,-2.0972593466388147,-2.0735748449908655,-1.689338509236471,-0.9498580137835901,1.5708825588226318,0.4507746398448944,0
921,1788173537.7630098,-0.4050381530841402,-0.4797139525169962,0.00644881398160857,1.4746040745896585,2.7739382305127833,0.0006443755348560918,-2.09727126756777,-2.0714147726642054,-1.688007656727926,-0.953378979359762,1.5708465576171875,0.450726717710495,0
922,1788173537.806639,-0.4050337288814886,-0.47968019989024197,0.008194034041993592,1.4746796610880955,2.7739186661793163,0.0008815719522264748,-2.097283665333883,-2.0690153280841272,-1.6864374319659632,-0.957498852406637,1.5708225965499878,0.45076265931129456,0
923,1788173537.8464208,-0.4050896380615984,-0.47980800802756873,0.01155225402360871,1.474572921764041,2.7739598476714162,-3.744149659166175e-05,-2.09727126756777,-2.064540688191549,-1.6834529081927698,-0.9643738905536097,1.5708585977554321,0.4507027566432953,0
924,1788173537.8883255,-0.4051217905040847,-0.4798589572574204,0.014893261598563329,1.4746169521843921,2.7739210448127216,-0.0004692299933930064,-2.097283665333883,-2.060089890156881,-1.6804078261004847,-0.971595589314596,1.5708825588226318,0.450726717710495,0
925,1788173537.9293919,-0.40505566522265735,-0.4797440839528836,0.01796002854773704,1.4746066384838812,2.773943065624053,0.00041908943698641985,-2.09727126756777,-2.0559385458575647,-1.6774948279010218,-0.9792245070086878,1.5708465576171875,0.450726717710495,0
926,1788173537.9706757,-0.40506354803434924,-0.4797777869713867,0.021186037351578008,1.4745865654750459,2.7739452043773705,0.00023275469392640977,-2.0972593466388147,-2.051727596913473,-1.674401585255758,-0.9864104429828089,1.5708585977554321,0.450726717710495,0
927,1788173538.0091734,-0.40508925200901835,-0.47981654411243396,0.024512262001223334,1.4746151666165148,2.7739589487822225,-0.000327877251456195,-2.0972593466388147,-2.047385040913717,-1.6712968985186976,-0.993500057850973,1.5708465576171875,0.45073869824409485,0
928,1788173538.0507433,-0.4050772762777871,-0.47978673829690466,0.02766396753872019,1.474688045869941,2.7738957646305025,6.80957942433105e-05,-2.09727126756777,-2.0433653036700647,-1.6680482069598597,-1.0010212103473108,1.5708585977554321,0.45078662037849426,0
929,1788173538.0924616,-0.40510734032177875,-0.4798286247494,0.03089444327402932,1.4746205586604428,2.773927808671859,-0.00028663895956622815,-2.097283665333883,-2.0392988363849085,-1.6647875944720667,-1.00812274614443,1.5708705186843872,0.450726717710495,0
930,1788173538.135823,-0.405100073857032,-0.47981070638083123,0.03478230996262954,1.4746749467372198,2.77390983558076,-0.0001923711949955142,-2.097283665333883,-2.0344160238849085,-1.66077167192568,-1.017081085835592,1.5708585977554321,0.45076265931129456,0
931,1788173538.1742291,-0.40510011755293945,-0.479832553967834,0.03792312711216375,1.4746524298881396,2.7738674899688105,-0.00019222380046927096,-2.097283665333883,-2.030577007924215,-1.657391373311178,-1.0243023077594202,1.5709065198898315,0.45076265931129456,0
932,1788173538.2156775,-0.4051166970871777,-0.4798746541482612,0.041191779607245405,1.4746065609971928,2.773942787293612,-0.0005643173438857768,-2.0972593466388147,-2.0265935103045862,-1.6539385954486292,-1.0315001646624964,1.5708705186843872,0.45073869824409485,0
933,1788173538.2582188,-0.4051124516066105,-0.4798320029639991,0.04438995549031441,1.4746605789450402,2.773922912422251,-0.000392212048756992,-2.097283665333883,-2.0227068106280726,-1.6504619757281702,-1.0389726797686976,1.5708585977554321,0.4507506787776947,0
934,1788173538.3011742,-0.4050829395089313,-0.4797665565222353,0.047440821219034646,1.474670925708403,2.773902448196738,0.0001564111347833288,-2.097295586262838,-2.019059483204977,-1.6469977537738245,-1.0464337507831019,1.5708585977554321,0.4507506787776947,0
935,1788173538.3409684,-0.40511882388188364,-0.479882099554335,0.051384980803987124,1.4746174083789145,2.7739629766958225,-0.0005202333588947323,-2.0972474257098597,-2.01451284090151,-1.6425264517413538,-1.0550201574908655,1.5708465576171875,0.4507506787776947,0
936,1788173538.3845043,-0.405082448644936,-0.4797857972645012,0.05454129737376687,1.4746519621033345,2.7739066873181786,-0.0001242214909463321,-2.097283665333883,-2.0107572714435022,-1.6389783064471644,-1.0625770727740687,1.5708705186843872,0.4507506787776947,0
937,1788173538.4259691,-0.40509300119625835,-0.47980016961073196,0.05770284712176382,1.4746755382867978,2.7738710739223076,-0.0002738397263823083,-2.097295586262838,-2.0071585814105433,-1.6352856794940394,-1.0697739760028284,1.570894479751587,0.45076265931129456,0
938,1788173538.4675958,-0.40508509443522994,-0.4798257474366125,0.06095762302800575,1.4745801524043682,2.7739331735629547,-0.00019604053341723765,-2.0972593466388147,-2.003547016774313,-1.6313179175006312,-1.077402416859762,1.5708825588226318,0.450726717710495,0
939,1788173538.5091293,-0.4051177944065453,-0.4798302551681369,0.06421833322704668,1.4746557675045182,2.77395394428311,-0.0004356916553254286,-2.097283665333883,-1.9999240080462855,-1.6274221579181116,-1.084766689931051,1.5708345174789429,0.45073869824409485,0
940,1788173538.548032,-0.405111172858216,-0.4798542622116614,0.06806018225492777,1.4746176634031225,2.7739636574946047,-0.000550172925796111,-2.0972593466388147,-1.9957369009601038,-1.6226990858661097,-1.0936043898211878,1.5708465576171875,0.45073869824409485,0
941,1788173538.5878341,-0.4050921871643101,-0.4797971368851752,0.07055589553735037,1.4746736220841772,2.773907336069582,-7.486236216048319e-05,-2.097283665333883,-1.9930499235736292,-1.619498078023092,-1.0997956434832972,1.5708585977554321,0.45076265931129456,0
942,1788173538.6283343,-0.4050638789473197,-0.4797582164905876,0.07374866669341995,1.4746260576534966,2.7739395174140373,0.00017209764061044115,-2.09727126756777,-1.9896186033831995,-1.6154702345477503,-1.1074116865741175,1.5708465576171875,0.45073869824409485,0
943,1788173538.669318,-0.40508159070017885,-0.4797860078360423,0.07702840186063456,1.4746691152236475,2.7738589874662134,-0.00020569694715728205,-2.097295586262838,-1.9861753622638147,-1.6113341490374964,-1.1147525946246546,1.5709065198898315,0.45076265931129456,0
944,1788173538.710753,-0.405050802607799,-0.4797204623330706,0.08072957405215345,1.4746574927421459,2.773917060701679,0.00038166695815954694,-2.097283665333883,-1.9823606649981897,-1.6064079443561,-1.1238654295550745,1.5708465576171875,0.4507506787776947,0
945,1788173538.7531497,-0.40506414971992594,-0.479780455250187,0.0839721907628703,1.4746222697123155,2.7738923114634098,-1.4124780998072941e-05,-2.09727126756777,-1.9791095892535608,-1.6021283308612269,-1.1311457792865198,1.570894479751587,0.4507506787776947,0
946,1788173538.7943063,-0.40504631191580825,-0.4797388770312657,0.0871611872608147,1.474630734106646,2.773908214093123,0.0002327941173835049,-2.09727126756777,-1.975905720387594,-1.5978367964373987,-1.1387975851642054,1.5708705186843872,0.4507506787776947,0
947,1788173538.8355908,-0.4050827052607439,-0.4797698823857337,0.09044231634743446,1.4746679721240668,2.773936795341504,-4.42412101323682e-05,-2.097283665333883,-1.972727123891012,-1.593353573475973,-1.1462815443622034,1.5708345174789429,0.4507506787776947,0
948,1788173538.8743665,-0.4051129268605161,-0.4798126798770563,0.09353520416323727,1.4746636947571412,2.7739289562464693,-0.0001736941210867301,-2.097295586262838,-1.9698355833636683,-1.588966194783346,-1.1534784475909632,1.5708465576171875,0.45073869824409485,0
949,1788173538.9150388,-0.40509155698482247,-0.47979605261663066,0.09671876420889788,1.4746229700125464,2.7739323223767895,-3.7601499786373203e-06,-2.097283665333883,-1.9668124357806605,-1.584482494984762,-1.1610940138446253,1.5708585977554321,0.450726717710495,0
950,1788173538.955911,-0.4050577595922248,-0.47975688623265617,0.09991176557566622,1.4746301242666047,2.773946963991232,0.0003195143371632727,-2.0972593466388147,-1.9638131300555628,-1.5799272696124476,-1.1688535849200647,1.5708345174789429,0.4507506787776947,0
951,1788173538.9980679,-0.40506531091265985,-0.4797770370570211,0.10316553086897051,1.4746285618936636,2.773904153206234,-7.553798914885143e-05,-2.09727126756777,-1.960789982472555,-1.575372044240133,-1.1761820952044886,1.5708825588226318,0.4507506787776947,0
952,1788173539.0415628,-0.4050552563877354,-0.47974338047392645,0.10690449548366174,1.4746064768665257,2.7739427608400193,0.00043331017329797245,-2.09727126756777,-1.9575031439410608,-1.569726292287008,-1.1854375044452112,1.5708465576171875,0.450726717710495,0
953,1788173539.0838196,-0.40508475707409686,-0.4797696836299169,0.110179379223134,1.4746381582019275,2.7739209935920623,0.00011524458395288126,-2.097295586262838,-1.9546359221087855,-1.5649073759662073,-1.1929214636432093,1.5708585977554321,0.450726717710495,0
954,1788173539.1255462,-0.4050619633909229,-0.4797641194948901,0.1133804122198431,1.4745814951112513,2.7739757653921906,0.0002117341157935942,-2.0972593466388147,-1.9518640677081507,-1.5601003805743616,-1.2005608717547815,1.5708345174789429,0.45071473717689514,0
955,1788173539.1675649,-0.40510056253813354,-0.4797729542099868,0.1173440659819617,1.4747361195098112,2.7738651495141964,-0.0002417305785113129,-2.0973194281207483,-1.9484809080706995,-1.5541909376727503,-1.2095659414874476,1.5708705186843872,0.4507746398448944,0
956,1788173539.211414,-0.4050876531459778,-0.4798137929890199,0.12043094794670106,1.4746133123853782,2.773955451893805,-0.0001632142669988354,-2.0972593466388147,-1.9460094610797327,-1.5493000189410608,-1.2169774214373987,1.5708465576171875,0.45073869824409485,0
957,1788173539.253407,-0.40507191401362835,-0.4797567856302463,0.12358662956414379,1.474643405224547,2.7739306634775898,0.00015862477085184788,-2.097283665333883,-1.943430248891012,-1.5443490187274378,-1.2247126738177698,1.5708465576171875,0.45073869824409485,0
958,1788173539.2968292,-0.4050534392427936,-0.4797549228214328,0.12741448060105384,1.4746403652716318,2.773926129785163,0.000383165577295461,-2.0972593466388147,-1.9404433409320276,-1.5381878058062952,-1.2340038458453577,1.5708465576171875,0.45076265931129456,0
959,1788173539.338474,-0.4050734836626169,-0.4797747423706777,0.1306969492285795,1.4746611367786484,2.773925331489454,8.933425108203975e-06,-2.09727126756777,-1.9378755728351038,-1.5330212751971644,-1.2414997259723108,1.5708465576171875,0.45076265931129456,0
960,1788173539.3792827,-0.405069583750584,-0.47977350246704803,0.13391207337165792,1.4745717460172447,2.7739576289585473,6.659465631078708e-05,-2.09727126756777,-1.9354642073260706,-1.5277589003192347,-1.2492106596576136,1.5708585977554321,0.4507027566432953,0
961,1788173539.4232788,-0.4050843207106679,-0.4797933886270502,0.13699975232850678,1.4746600283594036,2.7739232412429224,0.00010698231159920573,-2.09727126756777,-1.9332569281207483,-1.5225680510150355,-1.2566340605365198,1.5708465576171875,0.45076265931129456,0
962,1788173539.4649472,-0.4050640447328261,-0.47974324610028957,0.14086172883127995,1.4746250486461159,2.773936215645973,0.0003120589835440724,-2.097283665333883,-1.9304254690753382,-1.5161669890033167,-1.2659972349749964,1.5708465576171875,0.450726717710495,0
963,1788173539.5069911,-0.40505938852005113,-0.4797396037828302,0.14399374014851887,1.4746680401447583,2.773938306720866,0.0003928255449933458,-2.09727126756777,-1.9282425085650843,-1.5108450094806116,-1.273552719746725,1.5708225965499878,0.45076265931129456,0
964,1788173539.5478976,-0.40508425694876754,-0.4798150517854803,0.14733503508552662,1.47462556278562,2.7738985366390287,-0.00030677095635613886,-2.09727126756777,-1.925938908253805,-1.505270783101217,-1.280987564717428,1.570894479751587,0.4507506787776947,0
965,1788173539.5873108,-0.40507116613588895,-0.4797772712622965,0.1505769524244995,1.4746746861170335,2.77386926285004,-0.0001907593154187987,-2.097283665333883,-1.9237316290484827,-1.499709431325094,-1.2888301054583948,1.570894479751587,0.4507746398448944,0
966,1788173539.6273587,-0.40506170532043034,-0.4797691458401467,0.1536890769736633,1.4746095239702728,2.7739483073927422,0.0001720981580729447,-2.0972593466388147,-1.9217880407916468,-1.4940994421588343,-1.2966130415545862,1.5708465576171875,0.45073869824409485,0
967,1788173539.6685624,-0.40509036863486375,-0.479818465381057,0.1568960028012735,1.4746465788997374,2.773937847569517,-0.00016620727455971367,-2.0972593466388147,-1.9197962919818323,-1.4884288946734827,-1.3040598074542444,1.5708465576171875,0.45076265931129456,0
968,1788173539.711541,-0.40508926180135624,-0.4798018902735555,0.16068175845384697,1.4746281910687473,2.773943540700135,-1.6515340635429694e-05,-2.09727126756777,-1.9174931685077112,-1.4815962950335901,-1.3132908979998987,1.5708465576171875,0.45073869824409485,0
969,1788173539.7526262,-0.40512035615044106,-0.4798363479727023,0.16395707520569366,1.4746710738968098,2.7739027651556047,-0.0003532515201749101,-2.097295586262838,-1.9155619780169886,-1.475687328969137,-1.3209174315081995,1.5708705186843872,0.4507506787776947,0
970,1788173539.795987,-0.40510111547543337,-0.47979782834791534,0.16725768370181165,1.4746423575950698,2.7739289177015083,-0.000256741295582757,-2.097295586262838,-1.9135940710650843,-1.469705883656637,-1.3289278189288538,1.5708585977554321,0.450726717710495,0
971,1788173539.8386474,-0.40510389630578836,-0.4798472121781283,0.17044244389082594,1.47461037527465,2.773949944826922,-0.0004049354724120814,-2.0972593466388147,-1.9118664900409144,-1.4637482802020472,-1.3365185896502894,1.5708585977554321,0.45073869824409485,0
972,1788173539.881099,-0.40514345707431626,-0.47985600578777116,0.17422576323512992,1.4747438564297668,2.7738795117807573,-0.00042439563237531194,-2.0973075071917933,-1.9098990599261683,-1.4565442244159144,-1.345677677785055,1.5708585977554321,0.45078662037849426,0
973,1788173539.920814,-0.40511437609846673,-0.47982605924693145,0.17738383591082638,1.4746360903061553,2.7739171268730165,-0.0001975726550549143,-2.097295586262838,-1.908231560383932,-1.450538460408346,-1.3534958998309534,1.5708705186843872,0.450726717710495,0
974,1788173539.9630682,-0.4051146567765272,-0.4798357970224254,0.1805867678433995,1.4746585582275302,2.7739190994072933,-0.00021258028615709084,-2.097283665333883,-1.9066360632525843,-1.4443658033954065,-1.3612540403949183,1.5708585977554321,0.4507506787776947,0
975,1788173540.0057547,-0.4051292751203299,-0.47985716318292804,0.18384595104702464,1.4746834174440528,2.7738859099600996,-0.0004767131953104584,-2.097295586262838,-1.9050400892840784,-1.4380963484393519,-1.3689520994769495,1.5708825588226318,0.45076265931129456,0
976,1788173540.0476336,-0.4051375980801764,-0.47986059691035854,0.18770358161970557,1.4746614309246358,2.7739247200127695,-0.00047529286351780705,-2.097295586262838,-1.9032648245440882,-1.4304850737201136,-1.378338638936178,1.5708585977554321,0.45073869824409485,0
977,1788173540.0918207,-0.40512219689872725,-0.47984877020593136,0.19096373685585175,1.4746463567779926,2.7739362642063896,-0.0006055258666746424,-2.097283665333883,-1.901728932057516,-1.4241321722613733,-1.3861444632159632,1.5708585977554321,0.45073869824409485,0
978,1788173540.1318438,-0.40506860643068643,-0.4797674511117183,0.1941212123329928,1.4746127692483006,2.773913142046937,-9.724565624028155e-05,-2.097283665333883,-1.900313679371969,-1.41779071489443,-1.3942258993731897,1.5708825588226318,0.450726717710495,0
979,1788173540.1752186,-0.4051084550837867,-0.4798403845792874,0.19729129160638867,1.474643382967825,2.7739320522498208,-0.00039221153346519596,-2.09727126756777,-1.8991144339190882,-1.4112585226642054,-1.4017685095416468,1.5708585977554321,0.4507506787776947,0
980,1788173540.2173243,-0.40511491664071797,-0.4798460320543035,0.20112884639426523,1.4746639731805042,2.773930680392906,-0.00024255142229814229,-2.09727126756777,-1.8976863066302698,-1.4032514731036585,-1.4112985769854944,1.5708465576171875,0.45076265931129456,0
981,1788173540.2587268,-0.40509251698752774,-0.47982216192548843,0.20429434862660134,1.4746120711602129,2.773953111089544,-5.318968631184916e-05,-2.0972593466388147,-1.8964985052691858,-1.396658722554342,-1.4191997686969202,1.5708465576171875,0.45073869824409485,0
982,1788173540.301711,-0.4050979649948602,-0.47983322173092074,0.2075073968132141,1.4745969814677284,2.7739249419752277,-0.00022223735899928328,-2.09727126756777,-1.8953469435321253,-1.3899577299701136,-1.42694598833193,1.5708825588226318,0.450726717710495,0
983,1788173540.3441489,-0.40511146647074847,-0.47982105319869356,0.21135041761336287,1.4746702154883695,2.773901144433213,-0.0002769083105308565,-2.097295586262838,-1.8940518538104456,-1.3818195501910608,-1.4363439718829554,1.5708705186843872,0.4507506787776947,0
984,1788173540.3863816,-0.4051265392014499,-0.4798715001619305,0.2145869582157744,1.4746447943515768,2.773934715530133,-0.0005179541003879017,-2.09727126756777,-1.8930800596820276,-1.3748438994037073,-1.4441373983966272,1.5708585977554321,0.4507506787776947,0
985,1788173540.4267254,-0.4051061877456688,-0.4798364833818187,0.2178097277320965,1.4746918846286254,2.7739030079598597,-0.0002724553669746566,-2.09727126756777,-1.8921201864825647,-1.3678191343890589,-1.4522784391986292,1.5708585977554321,0.45078662037849426,0
986,1788173540.46725,-0.40510393161171704,-0.4798271311707803,0.2209495503060338,1.4746465811922953,2.7739380517397714,-0.00017369280794303385,-2.09727126756777,-1.891268555318014,-1.3608911673175257,-1.4601205031024378,1.5708465576171875,0.4507506787776947,0
987,1788173540.5101032,-0.40510443836183824,-0.47982363169158787,0.2242021116233491,1.4746392851527836,2.7739229591031562,-0.00047450268562172353,-2.097283665333883,-1.8903325239764612,-1.3538549582110804,-1.4679020086871546,1.5708705186843872,0.45073869824409485,0
988,1788173540.553197,-0.40505995016423996,-0.4797971530245679,0.22807156796818176,1.474564030664237,2.773942741528428,-0.00023271427022738005,-2.0972474257098597,-1.8893845717059534,-1.3451769987689417,-1.4776824156390589,1.5708825588226318,0.450726717710495,0
989,1788173540.5930233,-0.4050843881203007,-0.47979082075352,0.23128201098748863,1.4746532060633843,2.7738691583911383,-0.0002685680149330469,-2.097295586262838,-1.8887127081500452,-1.3378656546222132,-1.4856436888324183,1.5709065198898315,0.4507506787776947,0
990,1788173540.6321802,-0.4050757024794588,-0.4798041166829593,0.23445187642543633,1.4746526025128301,2.773909096678958,-0.00022526116724869033,-2.0972593466388147,-1.8881133238421839,-1.3305543104754847,-1.4935806433307093,1.5708705186843872,0.4507746398448944,0
991,1788173540.6739893,-0.4050791568720158,-0.4797856036984758,0.2375714727824334,1.4746120855621203,2.7739118503868823,-3.662064560350455e-05,-2.097283665333883,-1.88759690919985,-1.3232420126544397,-1.5015299955951136,1.5708825588226318,0.450726717710495,0
992,1788173540.7151656,-0.40510082696587424,-0.47986201910972975,0.24080121661696235,1.4746046863589566,2.7739390475734065,-0.0003899237757906142,-2.0972474257098597,-1.8871410528766077,-1.3156550566302698,-1.5093472639666956,1.5708705186843872,0.4507506787776947,0
993,1788173540.7579377,-0.40508336472578343,-0.4797764871502874,0.243784423320761,1.4745606774777986,2.7739756007994196,0.00012344449339148317,-2.097283665333883,-1.8867095152484339,-1.308535401021139,-1.5172246138202112,1.5708465576171875,0.4506787657737732,0
994,1788173540.8008518,-0.4051089088944381,-0.4798057668766284,0.24624898071132628,1.4738271103716418,2.7743641753791035,0.00016758020856116326,-2.097295586262838,-1.886517349873678,-1.3024943510638636,-1.5234859625445765,1.5708465576171875,0.4501383602619171,0
995,1788173540.8454795,-0.40512757295538526,-0.4798378785205321,0.24749664705650687,1.4731460735376656,2.774728609553103,6.726721160736347e-05,-2.097295586262838,-1.8864334265338343,-1.2994378248797815,-1.526562515889303,1.5708465576171875,0.44964662194252014,0
996,1788173540.88834,-0.40501262025560897,-0.4797743899481803,0.24797650941462207,1.4727066221256466,2.774905501168536,0.0006264127609953709,-2.0971997419940394,-1.8862775007831019,-1.298335377370016,-1.5281785170184534,1.5708825588226318,0.4494425356388092,0
997,1788173540.9295988,-0.4044349714244179,-0.47974298677717325,0.248087979153359,1.4727386642136755,2.7749252724087414,0.0002874123733012697,-2.096408192311422,-1.8851621786700647,-1.2995932737933558,-1.5278189818011683,1.5708585977554321,0.4502462148666382,0
998,1788173540.9707975,-0.4031267834535178,-0.4796871011430077,0.24813400369223515,1.4722555555657029,2.7752106997453563,0.00023131837133029987,-2.0946109930621546,-1.8829425016986292,-1.302446190510885,-1.5271490255938929,1.5708345174789429,0.4516865611076355,0
999,1788173541.0120752,-0.40152365637898363,-0.4797427338846758,0.24816627090429516,1.4721200960437213,2.7752676410174844,-0.0002601236614489914,-2.0923216978656214,-1.880327049885885,-1.3059223333941858,-1.5259760061847132,1.5708585977554321,0.45388269424438477,0
1000,1788173541.0531933,-0.3998896858221393,-0.4797455037321396,0.2481838833342761,1.4719012801029947,2.775369404862461,-0.0002432970392628642,-2.090020481740133,-1.8777478376971644,-1.3093026320086878,-1.5251858870135706,1.5708705186843872,0.4560304880142212,0
1001,1788173541.0917914,-0.3982595626499519,-0.47967919454295693,0.2481830836629023,1.472120822813029,2.77528857501757,-1.7533141353063694e-05,-2.0877555052386683,-1.8751209417926233,-1.3127544561969202,-1.524503533040182,1.5708345174789429,0.4584430456161499,0
1002,1788173541.1318245,-0.3966302124115632,-0.47964228900469824,0.24807898753859622,1.4723321435860632,2.7751529741922862,0.00048749065578583946,-2.0854786078082483,-1.8726733366595667,-1.3161824385272425,-1.5238450209247034,1.5708465576171875,0.46087923645973206,0
1003,1788173541.1720665,-0.3950100500033299,-0.47970820919516804,0.24803492220092585,1.4722924371257935,2.7751484414242356,0.0004478406962554122,-2.0831297079669397,-1.8702500502215784,-1.3195026556598108,-1.5229232946978968,1.5708705186843872,0.4632071554660797,0
1004,1788173541.2107587,-0.3934320280524637,-0.4796690051786688,0.24808457656978689,1.472359110926284,2.7751427828950064,0.0003336525492886289,-2.08090049425234,-1.8676589171039026,-1.322810475026266,-1.5221331755267542,1.5708465576171875,0.46547555923461914,0
1005,1788173541.2527506,-0.3918588252548656,-0.4796262714163654,0.24809645816682538,1.4724464711347471,2.775097289420438,0.0003121293311638898,-2.0786832014666956,-1.8651154677020472,-1.3261306921588343,-1.5213425795184534,1.5708465576171875,0.4677555561065674,0
1006,1788173541.2945058,-0.3902056105979446,-0.47960662092953305,0.2481629918171506,1.4721413491033726,2.775233547320689,0.0002345122099530766,-2.076334778462545,-1.8624761740313929,-1.3294389883624476,-1.5206244627581995,1.5708705186843872,0.4698917269706726,0
1007,1788173541.334624,-0.3883408552082678,-0.47964497621422464,0.2480945905316715,1.4719865271830403,2.7753318953064188,2.691992057561074e-05,-2.0736144224749964,-1.8595970312701624,-1.3334186712848108,-1.5193913618670862,1.5708585977554321,0.4724956750869751,0
1008,1788173541.3753905,-0.3866971800936701,-0.47961868172766153,0.24813587698635914,1.4718680704073819,2.7753812997233123,2.391014078204192e-05,-2.0712650457965296,-1.8570054213153284,-1.3367026487933558,-1.5186970869647425,1.5708705186843872,0.4747636914253235,0
1009,1788173541.4156086,-0.3850687704048583,-0.4796049111136284,0.24808212526520732,1.4718554361011982,2.7753863339157214,0.0002481214724482932,-2.068916145955221,-1.85455829301943,-1.339999024068014,-1.5179904142962855,1.5708705186843872,0.47710397839546204,0
1010,1788173541.4577706,-0.3835406614527751,-0.4795131554844098,0.24826999601351546,1.4720695666065207,2.775299617113252,0.0003587995333243381,-2.066758457814352,-1.852051083241598,-1.3427680174456995,-1.5177987257586878,1.5708465576171875,0.4794079661369324,0
1011,1788173541.4991918,-0.3819541753601278,-0.4796049826126689,0.2494336173316754,1.4722761962938105,2.7751939007850415,-0.0004199492274388749,-2.064373795186178,-1.8493874708758753,-1.343379322682516,-1.5193551222430628,1.5708465576171875,0.4819403886795044,0
1012,1788173541.5427985,-0.38039652334387875,-0.47958615462860776,0.25117957789035295,1.472551435509459,2.775020004035401,-0.00041015801595626304,-2.0621207396136683,-1.8467729727374476,-1.3423121611224573,-1.5230429808246058,1.5708705186843872,0.4844001233577728,0
1013,1788173541.5842516,-0.3784555122786132,-0.4795939014628288,0.2543384131384559,1.4722728403590029,2.7751670079061763,-0.0004090905452334481,-2.059268299733297,-1.8434975782977503,-1.3384888807879847,-1.5301421324359339,1.5708705186843872,0.4870520234107971,0
1014,1788173541.6242576,-0.3767957422533603,-0.47954209417398147,0.25764403177485395,1.472138375519111,2.77522428294549,-0.00020355957817808036,-2.05687123933901,-1.840654198323385,-1.333693806325094,-1.5379112402545374,1.5708825588226318,0.4893563687801361,0
1015,1788173541.6622849,-0.37519044719402733,-0.47944659434086434,0.26087738840555147,1.4722152574833611,2.77523803553429,-3.277345908181167e-05,-2.0545581022845667,-1.8378589789019983,-1.329019848500387,-1.5454891363727015,1.5708345174789429,0.4917086362838745,0
1016,1788173541.7035222,-0.37355240824705394,-0.47948077594072014,0.2639739419447622,1.471714570538674,2.7754503318239556,0.00023222305241030352,-2.0521252791034144,-1.8353756109820765,-1.324273411427633,-1.552887264882223,1.5708825588226318,0.49379652738571167,0
1017,1788173541.7441447,-0.37198797736191214,-0.4794473842865445,0.26718628810377887,1.471741194609723,2.7754498865650583,0.00017619845392163606,-2.049824062977926,-1.8328083197223108,-1.3193829695331019,-1.5603092352496546,1.5708705186843872,0.4961128532886505,0
1018,1788173541.7847185,-0.37042765706526387,-0.4794476891348293,0.2704396180254562,1.472060943387818,2.7753185522270427,-0.0001798958778864578,-2.0474870840655726,-1.8302653471576136,-1.3143966833697718,-1.5676119963275355,1.5708345174789429,0.4986688494682312,0
1019,1788173541.8257842,-0.368737906016624,-0.47945208472638345,0.2734833062379598,1.4719869955557663,2.7753303931513913,-0.00015900821148790586,-2.0449698607074183,-1.8277342955218714,-1.3098652998553675,-1.5746873060809534,1.5708585977554321,0.5011409521102905,0
1020,1788173541.8674076,-0.3671438918737641,-0.47935469289430993,0.2757047297408943,1.4722592754204042,2.7751885474083404,9.061839632305724e-05,-2.042657200490133,-1.8252628485309046,-1.307312313710348,-1.5798705259906214,1.5708585977554321,0.5036490559577942,0
1021,1788173541.9090078,-0.36558460413664184,-0.4793712710110557,0.2769380471761729,1.4724031181410218,2.7751684100803597,0.0002145347026194267,-2.040283981953756,-1.823019806538717,-1.3070009390460413,-1.5825045744525355,1.5708105564117432,0.5061091780662537,0
1022,1788173541.9498358,-0.36395753871592046,-0.47937533591353443,0.27750758869260495,1.4722311818787766,2.7752344754492526,0.00032318925331192687,-2.0378392378436487,-1.8206442038165491,-1.308547321950094,-1.583402458821432,1.5708345174789429,0.5084375143051147,0
1023,1788173541.9886525,-0.3620942778412841,-0.47931337517629374,0.27750194365854686,1.4723704384923983,2.7751637327150256,0.00047085201971283267,-2.0350707213031214,-1.8177889029132288,-1.3121550718890589,-1.5827439467059534,1.5708345174789429,0.5113054513931274,0
1024,1788173542.028869,-0.3607853999734597,-0.47937454568984994,0.27754676216123264,1.4720833385426964,2.775295825760881,7.458091939758405e-05,-2.0330455938922327,-1.8158214727984827,-1.3145883719073694,-1.5820253531085413,1.5708465576171875,0.513129711151123,0
1025,1788173542.0692945,-0.359246250331814,-0.4793101275334949,0.27764924625485415,1.4721833630363055,2.7752360629027466,-0.0002659042492466078,-2.0307558218585413,-1.8132904211627405,-1.3175724188434046,-1.581355396901266,1.5708465576171875,0.5154935717582703,0
1026,1788173542.111896,-0.3573065177189856,-0.4792001099699781,0.27756733448286375,1.472181574941913,2.7752192775874223,0.00018468584096377466,-2.027891461049215,-1.8103631178485315,-1.3213966528521937,-1.5807445685016077,1.5708705186843872,0.5183619260787964,0
1027,1788173542.1561577,-0.35569230464455304,-0.47903790446863875,0.2775619066838929,1.472087365442927,2.7753137979329594,0.0003313046544573633,-2.0255306402789515,-1.8077119032489222,-1.324716869984762,-1.580169979725973,1.5708345174789429,0.520641565322876,0
1028,1788173542.196725,-0.35410006988116227,-0.47881111203007515,0.2775654216858634,1.4724805069219584,2.7751196942375205,0.0003464808665681852,-2.0232532660113733,-1.8049286047564905,-1.3281925360309046,-1.5794876257525843,1.5708225965499878,0.5231979489326477,0
1029,1788173542.2383597,-0.3521364997433592,-0.4786029749970184,0.277622054252652,1.4725144355507622,2.7750528092431437,2.6137479664737905e-05,-2.020400349293844,-1.8015340010272425,-1.3323395887957972,-1.5785296599017542,1.5708585977554321,0.5260899066925049,0
1030,1788173542.279419,-0.3505837693023572,-0.47840186393608874,0.2776281786817585,1.4723724752207765,2.77513683471396,-0.00014429822264797943,-2.0181472937213343,-1.7988107840167444,-1.3357442061053675,-1.5777400175677698,1.5708465576171875,0.52823805809021,0
1031,1788173542.3208241,-0.34898860353297234,-0.4781955451374789,0.27753527319333315,1.4724079306998628,2.7751139482847806,0.00017399398059709417,-2.015834156666891,-1.7961958090411585,-1.3391841093646448,-1.5771172682391565,1.5708585977554321,0.5305779576301575,0
1032,1788173542.3622994,-0.34734910405393227,-0.47800201598537834,0.2775713545877375,1.4723183729775655,2.775175280087543,0.00017036250903670173,-2.0134251753436487,-1.793436352406637,-1.3425162474261683,-1.5765426794635218,1.5708465576171875,0.5329182744026184,0
1033,1788173542.403609,-0.34579419951031803,-0.4777943560914581,0.27760451419574295,1.4720656247060206,2.7752939957787435,0.00011230639124900579,-2.0111597220050257,-1.7907612959491175,-1.3457520643817347,-1.5759442488299769,1.5708585977554321,0.5350061655044556,0
1034,1788173542.4454486,-0.3441688749221812,-0.47768332181059864,0.27765360364143266,1.4719304781838112,2.7753103739179097,-0.0003005943557359438,-2.0087149778949183,-1.7880619207965296,-1.3490245977984827,-1.5751059691058558,1.570894479751587,0.5373700261116028,0
1035,1788173542.4875255,-0.3423046071834266,-0.4775018819667462,0.27758885243654297,1.4722187831523157,2.775198747856787,-0.0002671678973533685,-2.0059102217303675,-1.78503925005068,-1.352907959614889,-1.5742681662188929,1.5708585977554321,0.5403702259063721,0
1036,1788173542.5288987,-0.3406921661923929,-0.4773109851641331,0.27761131031285613,1.4724919288334624,2.7750607364543596,-8.141860646558787e-05,-2.003512684498922,-1.7824237982379358,-1.3560364882098597,-1.5738733450519007,1.5708585977554321,0.5429625511169434,0
1037,1788173542.5713568,-0.3390839748006619,-0.47713319779395963,0.2776372819946643,1.4725808797637765,2.7750164375762534,-7.888089299101349e-06,-2.001104180012838,-1.77980882326235,-1.3591654936419886,-1.5734060446368616,1.5708585977554321,0.545434296131134,0
1038,1788173542.612069,-0.337523730086773,-0.47688836336902,0.2776204517769365,1.472747948558903,2.7749597570437983,0.00010073267687823427,-1.9988024870501917,-1.7771456877337855,-1.3624494711505335,-1.5728557745562952,1.5708345174789429,0.5478468537330627,0
1039,1788173542.6535864,-0.33549789010503706,-0.4767213621772692,0.2775804074458958,1.4724577059858333,2.775042736998854,0.0003307574573997718,-1.9957345167743128,-1.7740386168109339,-1.3663089911090296,-1.5722454229937952,1.5709065198898315,0.5507268309593201,0
1040,1788173542.6917796,-0.33395200676370845,-0.47658312273721043,0.27751500110354577,1.4724224885684614,2.775088034655192,0.0003069898409209534,-1.9933612982379358,-1.7715790907489222,-1.3694732824908655,-1.571526829396383,1.5708825588226318,0.5530667304992676,0
1041,1788173542.7317553,-0.33266254044666294,-0.47645210591272125,0.2775660321922366,1.4722049753811133,2.7751946675048664,0.00011739103307275893,-1.9913952986346644,-1.7694438139544886,-1.3719666639911097,-1.571047608052389,1.5708825588226318,0.5548785924911499,0
1042,1788173542.7741401,-0.33103612930731624,-0.47627469893369045,0.27748162593832404,1.4721172592497103,2.7752998134521363,0.0004679438712197911,-1.9889023939715784,-1.7669370810138147,-1.3751667181598108,-1.57058030763735,1.5708465576171875,0.55729079246521,0
1043,1788173542.8159006,-0.32912915716401836,-0.4760569068070629,0.277615187273212,1.4722857933690565,2.7751616226904767,3.6032866712619226e-05,-1.986002270375387,-1.763697926198141,-1.3788107077227991,-1.5698979536639612,1.5708705186843872,0.5603269338607788,0
1044,1788173542.8591259,-0.32751482874043053,-0.4759393845985905,0.2776192274445626,1.4722825757110836,2.7751873255979804,-2.401263099486598e-05,-1.9834731260882776,-1.761202637349264,-1.3818195501910608,-1.5693476835833948,1.5708465576171875,0.5628466010093689,0
1045,1788173542.8996327,-0.32594488675509764,-0.47579021526558823,0.27757418578333715,1.4725386606815334,2.77505651495189,6.729503600667691e-05,-1.981039826069967,-1.7587674299823206,-1.3848517576800745,-1.5688088575946253,1.5708465576171875,0.5654629468917847,0
1046,1788173542.9409447,-0.32434976978976304,-0.47568500881958564,0.2776476791212508,1.4727236086155895,2.774872810115345,-0.00047148979654347675,-1.978546444569723,-1.7561762968646448,-1.3878606001483362,-1.568043057118551,1.570894479751587,0.5681151747703552,0
1047,1788173542.9850085,-0.3224361156765555,-0.4754805061499866,0.27762595884892716,1.4726807414431484,2.774941597878639,-0.00036662878972970316,-1.9755619207965296,-1.7531769911395472,-1.3914926687823694,-1.5674799124347132,1.5708585977554321,0.5710550546646118,0
1048,1788173543.0272841,-0.3208400865021366,-0.4752264988804764,0.27763820205015644,1.4725287398558677,2.7750466209183737,-0.0001836132392005651,-1.9731290976153772,-1.750549618397848,-1.3945730368243616,-1.5671446959124964,1.5708465576171875,0.5733710527420044,0
1049,1788173543.0662801,-0.31921304398416,-0.47510161917632004,0.2775970190422187,1.472221886915005,2.77522096296462,3.1469081459620495e-06,-1.9705522696124476,-1.748150650654928,-1.3975098768817347,-1.566726032887594,1.5708465576171875,0.5757232904434204,0
1050,1788173543.106495,-0.3176354442869549,-0.47485427372358513,0.27750420208220095,1.4722931410658575,2.7751866253934,0.0004736979645492944,-1.9681428114520472,-1.7456796805011194,-1.4006145636187952,-1.5663908163653772,1.5708705186843872,0.5781830549240112,0
1051,1788173543.1490612,-0.31602150812139795,-0.47467777253681387,0.27752564238655186,1.4722037972036635,2.7752493637012474,0.00048780791286294353,-1.9656017462359827,-1.743148152028219,-1.4035628477679651,-1.56598407426943,1.5708585977554321,0.5806551575660706,0
1052,1788173543.1874402,-0.3143991221758558,-0.4745040519480745,0.2775040755159759,1.4722010291483494,2.7752755109989007,0.0006345159859943905,-1.96303636232485,-1.7406652609454554,-1.4065359274493616,-1.5655887762652796,1.5708465576171875,0.5832111835479736,0
1053,1788173543.226864,-0.3127894692337673,-0.4743451752413961,0.2775946626580599,1.4724224396122252,2.775120312522149,0.0002778710220484738,-1.9604833761798304,-1.7380622068988245,-1.4094365278827112,-1.5650618712054651,1.5708585977554321,0.5859349966049194,0
1054,1788173543.2683675,-0.3111616772032707,-0.4742143825631426,0.2775817612540363,1.4725761001487632,2.77499602082391,0.0002442311897041742,-1.9578827063189905,-1.7356146017657679,-1.4123614470111292,-1.564559284840719,1.570894479751587,0.5886591672897339,0
1055,1788173543.3093615,-0.3095978371632983,-0.47404453781599715,0.277518461701025,1.4724529305174663,2.775116044389673,0.00042425463688270217,-1.9553774038897913,-1.7332518736468714,-1.4152739683734339,-1.5641282240497034,1.5708585977554321,0.5910593867301941,0
1056,1788173543.351134,-0.3080007936356983,-0.47387311443733976,0.27760481965923445,1.4723345094632156,2.775165135967148,0.00023445954162410436,-1.9528244177447718,-1.730720345173971,-1.4180548826800745,-1.5637572447406214,1.5708585977554321,0.5935311317443848,0
1057,1788173543.3917265,-0.3060923023707842,-0.4737073375415523,0.2776203760284902,1.4722240848602048,2.775227298754406,9.935043225728964e-05,-1.9497316519366663,-1.7278173605548304,-1.4214351812945765,-1.5631945768939417,1.5708465576171875,0.5965432524681091,0
1058,1788173543.4332986,-0.30444771891211453,-0.4735078991873979,0.2776912829758051,1.4720863022255826,2.7752374832541724,-5.994541935014668e-06,-1.9471190611468714,-1.7252147833453577,-1.424311939870016,-1.5628474394427698,1.570894479751587,0.5990753173828125,0
1059,1788173543.4742796,-0.3028681461737068,-0.47335815355265215,0.27758519201416954,1.4721957632490559,2.775272798462401,0.0002984744090713842,-1.9445298353778284,-1.7229469458209437,-1.4271767775165003,-1.5624521414386194,1.5708345174789429,0.6017155647277832,0
1060,1788173543.5160122,-0.3012828873423139,-0.4731771992359126,0.27750353065658273,1.4721861694119103,2.775246282569641,0.0005669407110739544,-1.9419882933246058,-1.7206075827227991,-1.4300654570208948,-1.5620692412005823,1.5708825588226318,0.6042596101760864,0
1061,1788173543.557529,-0.2996947006510925,-0.47307524324925854,0.27755266489362185,1.4724884112622163,2.7750800580679074,0.00016924430493774967,-1.9393518606769007,-1.7181966940509241,-1.4327986876117151,-1.5614946524249476,1.5708585977554321,0.607115626335144,0
1062,1788173543.5983143,-0.2978211376942608,-0.4728859674688837,0.27755622118995804,1.4727721939242524,2.7749199723810762,-9.672296770945697e-05,-1.9362834135638636,-1.7152937094317835,-1.4361909071551722,-1.560836140309469,1.5708465576171875,0.6103914380073547,0
1063,1788173543.6387544,-0.29618260147839015,-0.4726862054231022,0.27760376647557666,1.4726717045354711,2.774962696106349,-5.993817970673743e-05,-1.933622185383932,-1.7127864996539515,-1.4389594236956995,-1.560596768056051,1.5708585977554321,0.6129834055900574,0
1064,1788173543.6793032,-0.2945927721852296,-0.47251662026927366,0.2775810181448223,1.4725695116448099,2.7750017996458327,7.364770141247736e-05,-1.9310210386859339,-1.710447136555807,-1.4416926542865198,-1.5602853933917444,1.5708825588226318,0.615515410900116,0
1065,1788173543.719484,-0.2929415063487563,-0.47236982528950183,0.27754080960122995,1.4721574395791535,2.7752602763222765,0.00034927630032395655,-1.9282763640033167,-1.7081320921527308,-1.4444134871112269,-1.5600579420672815,1.5708705186843872,0.6179512143135071,0
1066,1788173543.7592885,-0.2913691167993454,-0.47218675768895996,0.2775830305387535,1.472141569148895,2.7752601348544084,0.0002536896751183674,-1.9256871382342737,-1.7057207266436976,-1.4470866362201136,-1.5597346464740198,1.5708705186843872,0.6205315589904785,0
1067,1788173543.8007882,-0.2897425476612423,-0.47201375504848214,0.2775894285312651,1.472180535282399,2.7752452791981304,0.00030809176723159334,-1.9229896704303187,-1.7033217589007776,-1.4498074690448206,-1.5594475905047815,1.5708705186843872,0.6232553720474243,0
1068,1788173543.8443315,-0.28812442196043053,-0.47184944729882183,0.27764572254144726,1.4723119335614372,2.7751609426870454,0.0001562176921049726,-1.9202926794635218,-1.7008865515338343,-1.452468220387594,-1.5591242949115198,1.5708705186843872,0.6260514259338379,0
1069,1788173543.8862996,-0.28655444060809465,-0.4716659905979348,0.2776496234092809,1.4725985262654173,2.775047488717672,0.00012851027670791922,-1.9176676909076136,-1.6985233465777796,-1.455153767262594,-1.558789078389303,1.5708345174789429,0.6288714408874512,0
1070,1788173543.9276776,-0.284617918739758,-0.4715153149824954,0.27756567608613836,1.4725033992196535,2.775098114540755,0.00025885670955838965,-1.9143951574908655,-1.695836369191305,-1.4584019819842737,-1.5583098570453089,1.5708465576171875,0.6320753693580627,0
1071,1788173543.9687872,-0.28304522870650817,-0.47133591098894784,0.2775890703137497,1.4724558416563933,2.7750790048555354,9.553650708471382e-05,-1.9117701689349573,-1.6934493223773401,-1.4610751310931605,-1.5579150358783167,1.5708705186843872,0.6346793174743652,0
1072,1788173544.0107388,-0.2814198481301394,-0.47121322993925985,0.2775579026428451,1.472303690573181,2.7751845688998955,7.021311067778097e-05,-1.9089892546283167,-1.6911700407611292,-1.463736359273092,-1.5575202147113245,1.5708465576171875,0.637343168258667,0
1073,1788173544.0516222,-0.279879681744913,-0.47098645168171765,0.2775801086063098,1.4721237995904184,2.7752797976961023,6.742452444962997e-05,-1.9064238707171839,-1.6887949148761194,-1.4663613478290003,-1.5572684446917933,1.5708465576171875,0.6397789716720581,0
1074,1788173544.0907772,-0.2782657025817604,-0.4708434274227931,0.2776150324189591,1.4719285157683142,2.775341815764455,-5.9056710722177784e-05,-1.9036791960345667,-1.68646747270693,-1.4689143339740198,-1.5569575468646448,1.5708705186843872,0.6423953175544739,0
1075,1788173544.1312325,-0.2766630208164171,-0.4706669816141838,0.27756571166889826,1.472136506586862,2.775283568588258,0.0001573116991769854,-1.9009459654437464,-1.6842125097857874,-1.4715397993670862,-1.556730095540182,1.5708465576171875,0.6452628970146179,0
1076,1788173544.1712713,-0.27504266003238237,-0.4705092155708979,0.27753709668284693,1.472286750617204,2.7751947818593456,0.0001952373218666842,-1.8981769720660608,-1.6819213072406214,-1.4741767088519495,-1.5564067999469202,1.5708585977554321,0.6481428742408752,0
1077,1788173544.2120576,-0.27343812168122916,-0.47033574241989107,0.27753033871892574,1.4725782044247666,2.7750513242114994,0.00028633258543853097,-1.8954318205462855,-1.6796420256244105,-1.4767301718341272,-1.5561912695514124,1.5708585977554321,0.6510947346687317,0
1078,1788173544.2528896,-0.2718614418050403,-0.47015590593935774,0.27750814199883583,-1.4724348303732822,-2.775132690786228,-0.0004018081598406494,-1.8927109877215784,-1.677398983632223,-1.4792712370501917,-1.5559757391559046,1.5708105564117432,0.653710663318634,0
1079,1788173544.2949312,-0.2699052729202501,-0.46997989441132076,0.2776581532874206,1.4722364572527586,2.775189897945718,-7.070322429469861e-05,-1.8893421331988733,-1.6745079199420374,-1.4821842352496546,-1.5556405226336878,1.5708585977554321,0.6569508910179138,0
1080,1788173544.335483,-0.26834939907576133,-0.46983825338518576,0.2776155704631046,1.4720829753658924,2.7752937470988037,-5.836659945280566e-07,-1.8866332213031214,-1.6723726431476038,-1.4846537748919886,-1.5553534666644495,1.5708465576171875,0.6595425009727478,0
1081,1788173544.3757744,-0.26669708537242964,-0.46966197196465825,0.2775540786362187,1.4719687593130248,2.7753893000439507,0.00027477163002078407,-1.883768383656637,-1.6701296011554163,-1.4872544447528284,-1.555173699055807,1.5708465576171875,0.6623145937919617,0
1082,1788173544.41568,-0.26513080505921793,-0.46949919580172395,0.27757391066884496,1.4723051117127086,2.7751690689141224,5.407929624273068e-05,-1.8810470739947718,-1.6678507963763636,-1.4897597471820276,-1.5548022429095667,1.5708585977554321,0.6652907729148865,0
1083,1788173544.458185,-0.26350966871986475,-0.4693489717299555,0.2775594450275158,1.4723113005530426,2.775170543535772,8.970292625779645e-05,-1.8782060782061976,-1.665631119404928,-1.4922412077533167,-1.554563347493307,1.5708585977554321,0.6681348085403442,0
1084,1788173544.4997432,-0.26196930178618333,-0.4691580110690989,0.2776677287075463,1.472645211690587,2.7749473426318976,-0.00035980544882893494,-1.8755210081683558,-1.6632559935199183,-1.494650665913717,-1.5542400519000452,1.5708465576171875,0.6710742712020874,0
1085,1788173544.5422184,-0.26034627125744425,-0.4689803921435606,0.27761234833218074,1.4725110608840493,2.775044259197725,-6.220302868378427e-05,-1.8726804892169397,-1.6610849539386194,-1.497131649647848,-1.5541203657733362,1.5708585977554321,0.6738104224205017,0
1086,1788173544.5835524,-0.2584161931877866,-0.4687853884988791,0.2775103344655626,1.4723511613167826,2.775174545850918,0.00026846421916433696,-1.8692758719073694,-1.658541504536764,-1.5001285711871546,-1.5538809935199183,1.5708585977554321,0.6770862340927124,0
1087,1788173544.6245847,-0.2567846223904532,-0.4686147574497974,0.2775253761819084,1.4721953763919176,2.7752760614388112,0.00030028042038828673,-1.8663862387286585,-1.6562984625445765,-1.502538029347555,-1.5537374655352991,1.5708465576171875,0.6798579692840576,0
1088,1788173544.665566,-0.2551879872375394,-0.46847427560767974,0.27753832707242004,1.4719604300466576,2.775384981439204,0.00028342594825547194,-1.8635457197772425,-1.6541512648211878,-1.5048516432391565,-1.5535576979266565,1.5708585977554321,0.682533860206604,0
1089,1788173544.7067633,-0.2536176919982553,-0.4682705217857171,0.27758016331550645,1.4720208506502612,2.775369428610955,0.00020120852159971798,-1.8607643286334437,-1.6518843809710901,-1.5072253386126917,-1.5534022490130823,1.5708345174789429,0.6853538751602173,0
1090,1788173544.7463593,-0.25197134804499216,-0.46813020956407014,0.2776538638472828,1.471971854383467,2.775346996068953,-3.717697448446013e-05,-1.8578155676471155,-1.6496174971209925,-1.509538475667135,-1.5531986395465296,1.5708465576171875,0.688281774520874,0
1091,1788173544.7861779,-0.2503927617356481,-0.46796452562381596,0.2775645452263114,1.4723314068512903,2.7752102357133768,0.00023287070390648351,-1.8549864927874964,-1.6475656668292444,-1.5119479338275355,-1.553018871937887,1.5708345174789429,0.6913538575172424,0
1092,1788173544.826873,-0.24875562720227576,-0.4678250514191846,0.27754380579327553,1.4722717203917035,2.77525094944847,0.00038194048136964,-1.85203725496401,-1.6454666296588343,-1.5142491499530237,-1.552911106740133,1.5708465576171875,0.694257378578186,0
1093,1788173544.8676598,-0.24718652132345628,-0.46763784030142447,0.2776463477791391,1.4722726328704363,2.775202346210215,-2.8617022535777464e-05,-1.8492205778705042,-1.643151585255758,-1.5165508429156702,-1.55265981355776,1.5708345174789429,0.6970890760421753,0
1094,1788173544.9087481,-0.24557409663601865,-0.46748306745895474,0.27758894337337614,1.4721392444149213,2.7752643496176623,0.0001841087202643657,-1.8463190237628382,-1.6410883108722132,-1.518888298665182,-1.552516285573141,1.5708705186843872,0.6998971104621887,0
1095,1788173544.9483078,-0.24400357913512746,-0.4672792232961403,0.2776483109223569,1.4719435347439809,2.7753259702631525,2.491936168400278e-06,-1.8435023466693323,-1.6388333479510706,-1.5211899916278284,-1.5523484388934534,1.5708825588226318,0.7025853395462036,0
1096,1788173544.9921358,-0.2420804743186949,-0.4670607755974179,0.2776285903400002,1.472090878548423,2.7752724781683966,6.980718082997155e-05,-1.8400138060199183,-1.63625413576235,-1.5239947477923792,-1.552169148121969,1.5708705186843872,0.7061727046966553,0
1097,1788173545.0347211,-0.24049695186182052,-0.4669037816390592,0.27753597637752475,1.4722166061938393,2.775259126713848,0.00039820802296266675,-1.8371246496783655,-1.6342867056476038,-1.5262840429889124,-1.5520613829242151,1.5708705186843872,0.7091365456581116,0
1098,1788173545.0772257,-0.23885988035362815,-0.46675833852843646,0.27755887258861367,1.4723839589974435,2.775163249261926,0.00026561072104235804,-1.8341153303729456,-1.6321280638324183,-1.5285504500018519,-1.5518696943866175,1.5708585977554321,0.712268590927124,0
1099,1788173545.1163633,-0.23697135190433546,-0.46656690937860074,0.2775521657436192,1.4725182639004681,2.7750827839277172,0.00020664831758023867,-1.8306511084186,-1.629632298146383,-1.5312350432025355,-1.5516422430621546,1.5708585977554321,0.7158323526382446,0
1100,1788173545.1571372,-0.23566708783638105,-0.4664394462274651,0.2775755879979844,1.4723498336498273,2.7751205085526935,0.00014598314618920904,-1.8282654921161097,-1.6279171148883265,-1.5330098311053675,-1.5515344778644007,1.570894479751587,0.7181119918823242,0
1101,1788173545.1994555,-0.2337720360080041,-0.46625146375478527,0.2775755425958465,1.4721919928742895,2.7752545137725027,3.0601194830284265e-05,-1.8247407118426722,-1.6254223028766077,-1.535670582448141,-1.5513070265399378,1.5708345174789429,0.7215080261230469,0
1102,1788173545.242145,-0.23215610428643085,-0.4661036805102825,0.2775415417484598,-1.4719445242293878,-2.7754221483828,-0.00011149403177423557,-1.8217318693744105,-1.6233952681170862,-1.5378878752337855,-1.5511754194842737,1.5708105564117432,0.7243276834487915,0
1103,1788173545.2844718,-0.23058030824406386,-0.46591616857653295,0.2775106474339148,1.4721242543753639,2.7753084120002147,0.00029164915301241497,-1.8188427130328577,-1.6213677565204065,-1.540081802998678,-1.5511153380023401,1.5708585977554321,0.7273518443107605,0
1104,1788173545.3257015,-0.22894716394979567,-0.46578548018007193,0.2775669126441734,1.4721648299596384,2.775215295441688,4.340626698479082e-05,-1.8157976309405726,-1.6192567984210413,-1.5422032515155237,-1.5509360472308558,1.5708825588226318,0.73044753074646,0
1105,1788173545.3683624,-0.22711953989018197,-0.46556571417149045,0.2775797925200141,1.472722103497605,2.7749687817215065,5.131053079477073e-06,-1.8123810927020472,-1.616833511983053,-1.5447209517108362,-1.5508282820331019,1.5708345174789429,0.7342510223388672,0
1106,1788173545.4109707,-0.22549015334562986,-0.4653750153979779,0.2776084331538092,1.4726188571675534,2.7750065132143154,-1.1070026858422778e-05,-1.809347931538717,-1.6146982351886194,-1.5468905607806605,-1.5507801214801233,1.5708465576171875,0.7372148633003235,0
1107,1788173545.4534867,-0.2238725821949662,-0.4651640568411128,0.27762322452601906,1.4724303064919542,2.775122972652569,1.8647904886028174e-06,-1.8063271681415003,-1.612551514302389,-1.549096409474508,-1.550732437764303,1.5708345174789429,0.7400948405265808,0
1108,1788173545.4969273,-0.22191879562463585,-0.46503199010311774,0.2775746034837917,1.4719185310332783,2.7753945168770913,7.715576394869643e-05,-1.8026226202594202,-1.610260311757223,-1.5516012350665491,-1.5505650679217737,1.5708465576171875,0.7434305548667908,0
1109,1788173545.53952,-0.22032554810574398,-0.46485768702935143,0.2775683906729418,1.4718303775442008,2.7754610976279777,0.00010653002271017052,-1.7996133009540003,-1.6082447210894983,-1.553711239491598,-1.550493065510885,1.5708345174789429,0.7463704347610474,0
1110,1788173545.5820298,-0.21871609998945457,-0.46467338264058244,0.27761280126715515,1.4719644084908894,2.775381910660054,-8.904838755355551e-06,-1.7965686956988733,-1.6061461607562464,-1.5557969252215784,-1.5504329840289515,1.5708225965499878,0.7495140433311462,0
1111,1788173545.6223981,-0.21679655723492047,-0.46448194232347495,0.27758550111607017,1.4724142876215678,2.775095171433293,0.00010488945629759769,-1.7929475943194788,-1.6038067976581019,-1.5582783857928675,-1.550349537526266,1.5708825588226318,0.753473699092865,0
1112,1788173545.6644034,-0.2151712617983457,-0.4643092545627476,0.2776032439402409,1.4723249736993917,2.7751577641097223,3.891458099051336e-05,-1.7898429075824183,-1.6017559210406702,-1.560364071522848,-1.5502775351153772,1.5708585977554321,0.7565094828605652,0
1113,1788173545.7070239,-0.21360747314659723,-0.46413304497039354,0.27761714735423226,1.4724296311937308,2.7751079174732323,-3.406458105970038e-06,-1.7868569532977503,-1.599776569996969,-1.562378231679098,-1.5502179304706019,1.5708465576171875,0.7595691680908203,0
1114,1788173545.7486103,-0.211986386425144,-0.46399396139748034,0.27755237625667084,1.4722841641513147,2.775225070027087,0.0001936537384546518,-1.7837403456317347,-1.597917381917135,-1.564427677785055,-1.5501578489886683,1.5708465576171875,0.762569010257721,0
1115,1788173545.7855015,-0.21045339499988636,-0.46379132174430343,0.27755248170879626,1.472292940933271,2.7752316220894415,0.0002463161328628469,-1.7808154265033167,-1.595961872731344,-1.56642991701235,-1.5501459280597132,1.5708465576171875,0.7654969096183777,0
1116,1788173545.8247104,-0.20883965552482775,-0.4636370426786488,0.2775613175144618,1.4722648707717851,2.7752522346434354,0.0002029676289279705,-1.7776978651629847,-1.5940068403827112,-1.5684197584735315,-1.5500858465777796,1.5708345174789429,0.7685925364494324,0
1117,1788173545.8631759,-0.20721811850019736,-0.4634925418188375,0.2775990177026452,1.4722957120818039,2.7751793193924086,6.689791203967751e-05,-1.774569336568014,-1.5920394102679651,-1.5703619162188929,-1.550013844166891,1.5708585977554321,0.7717601656913757,0
1118,1788173545.9029622,-0.20559445909746266,-0.463321893471903,0.2775517604928783,1.4724996247002893,2.7751131703709104,0.0002639853610468876,-1.7714279333697718,-1.590144459401266,-1.5723875204669397,-1.550013844166891,1.5708585977554321,0.7750359773635864,0
1119,1788173545.9420867,-0.20401974252386954,-0.4631180400817326,0.2776032721250139,1.4725088548999414,2.775082838866413,7.7071136676337e-05,-1.7683828512774866,-1.588093105946676,-1.5743773619281214,-1.5499547163592737,1.5708465576171875,0.7780953049659729,0
1120,1788173545.9817863,-0.20238517835936953,-0.4630460271574479,0.27762651919758635,1.472210168664303,2.7751926875441515,-8.146843401955887e-05,-1.765169922505514,-1.5862939993487757,-1.5761755148517054,-1.5498464743243616,1.5708585977554321,0.781107485294342,0
1121,1788173546.0209281,-0.2008057208822597,-0.4629305241944026,0.27758054379795055,1.472131812101739,2.775240563057335,1.2498496198886707e-05,-1.762076203023092,-1.5845544973956507,-1.578045670186178,-1.549774471913473,1.5708705186843872,0.7841428518295288,0
1122,1788173546.0608833,-0.19950808925114666,-0.46282763505787833,0.2775891345198243,1.471928084666975,2.77537137379328,-7.687113513105386e-05,-1.7595108191119593,-1.58305532137026,-1.5795558134662073,-1.5497148672686976,1.5708345174789429,0.7865546345710754,0
1123,1788173546.100735,-0.19793324688627761,-0.46266608485816313,0.27762300918394167,1.4720464855750353,2.775265321901936,-7.837101856772769e-05,-1.7564414183246058,-1.581196133290426,-1.5813544432269495,-1.549763027821676,1.5708705186843872,0.7897222638130188,0
1124,1788173546.1421413,-0.1959835730803337,-0.46251465985688067,0.2775938940918171,1.4722361245566957,2.775210043689348,-2.713449863261383e-06,-1.7525809446917933,-1.5790489355670374,-1.5835836569415491,-1.5497387091266077,1.5708465576171875,0.7937058806419373,0
1125,1788173546.1822267,-0.19442073465905158,-0.46232642930598933,0.27759062725338185,1.472539086342726,2.775049132523102,-3.1611912870337693e-06,-1.7495115439044397,-1.5771659056292933,-1.5854900519000452,-1.5497148672686976,1.5708465576171875,0.7969936728477478,0
1126,1788173546.2207084,-0.19282492937717488,-0.4621780878630737,0.27761584584130117,1.4726192329800258,2.7749886482383554,-1.846596305176805e-05,-1.7463591734515589,-1.5753424803363245,-1.5872634092914026,-1.5497506300555628,1.5708585977554321,0.8002091646194458,0
1127,1788173546.2609317,-0.19155002163408016,-0.4621031390999522,0.2775723493370061,1.4723982764370078,2.7751702747422646,1.2565284214542139e-05,-1.7437928358661097,-1.5740111509906214,-1.5887025038348597,-1.5496791044818323,1.5708105564117432,0.8025970458984375,0
1128,1788173546.302056,-0.18958958034752474,-0.4619480778893734,0.2775622545368163,1.472053596679768,2.775313681275421,8.748811820350635e-05,-1.739908520375387,-1.5718877951251429,-1.5908482710467737,-1.5496910254107874,1.5708585977554321,0.8062447309494019,0
1129,1788173546.3408954,-0.188006545493492,-0.4618078989373687,0.2775443493286889,1.4720645045194494,2.775286282561415,0.00017517782013823293,-1.736767594014303,-1.5701606909381312,-1.5926101843463343,-1.5497029463397425,1.570894479751587,0.8093999624252319,0
1130,1788173546.378752,-0.18670146400167692,-0.4617285364452425,0.2776102974835117,1.4720267791214703,2.7752887078098536,-7.537293999053033e-05,-1.7341297308551233,-1.5687091986285608,-1.5939291159259241,-1.5496791044818323,1.5708585977554321,0.8120158910751343,0
1131,1788173546.4175887,-0.18510383304768058,-0.46156980466889763,0.27756702589136095,1.472445885609331,2.775105182876773,0.0001424086278884036,-1.7309406439410608,-1.5669940153705042,-1.5957148710833948,-1.5497506300555628,1.5708705186843872,0.8154954314231873,0
1132,1788173546.4577136,-0.18346212886495974,-0.4614443309793148,0.2775873965379973,1.472386726849726,2.775105953849114,7.583705269693509e-05,-1.7276433149920862,-1.565218750630514,-1.5974410215960901,-1.5497506300555628,1.5708825588226318,0.8187592625617981,0
1133,1788173546.4967113,-0.1818991610259401,-0.4612743964143849,0.27761079075393147,1.4724130575648646,2.7750690982935757,-7.363357074331519e-05,-1.724501911793844,-1.5633953253375452,-1.599215332661764,-1.5497029463397425,1.5708705186843872,0.821926474571228,0
1134,1788173546.5359275,-0.18029595408872168,-0.4611639088626417,0.27756744447556436,1.4721826472025399,2.7752694608215482,6.574149895024495e-05,-1.7212408224688929,-1.5617879072772425,-1.6008933226214808,-1.5497387091266077,1.5708345174789429,0.8249981999397278,0
1135,1788173546.5757902,-0.1787520242534298,-0.46103101927275364,0.2775621162519707,1.4720786045707246,2.7753070834839333,5.311616140873679e-05,-1.718123737965719,-1.5601323286639612,-1.6025479475604456,-1.5497267881976526,1.5708465576171875,0.8280455470085144,0
1136,1788173546.616303,-0.1771463203787909,-0.4608941202957723,0.27753537286447905,1.472111926117424,2.7753205494561346,0.000117478992689958,-1.7148626486407679,-1.5584538618670862,-1.6042621771441858,-1.5497387091266077,1.5708345174789429,0.8313213586807251,0
1137,1788173546.6558745,-0.17553991644371988,-0.4607661748148637,0.27763222778385993,1.4722403110764866,2.775151620913931,-0.000214819663698036,-1.7116015593158167,-1.5566542784320276,-1.6058443228351038,-1.5497267881976526,1.5708465576171875,0.8347050547599792,0
1138,1788173546.6945167,-0.17390700588003769,-0.460671819873684,0.27762933552540636,1.4723895473867536,2.7750240073150154,-0.00023144248882961616,-1.708280388508932,-1.5550349394427698,-1.6074507872210901,-1.5497148672686976,1.5708825588226318,0.8381482362747192,0
1139,1788173546.7341273,-0.1723342030163583,-0.4605316056271875,0.27761374697725777,1.4724828716774987,2.775030690042472,-0.00018071884924960197,-1.705055061970846,-1.553403679524557,-1.6090810934649866,-1.549763027821676,1.5708465576171875,0.8414240479469299,0
1140,1788173546.775104,-0.17068734953327275,-0.4604588978945489,0.2776170126184458,1.4722042433526175,2.775141176038161,-0.000263443273039204,-1.7016738096820276,-1.5518201033221644,-1.6106398741351526,-1.5497267881976526,1.5708585977554321,0.844615638256073,0
1141,1788173546.8130112,-0.16911767680815876,-0.4603982210519187,0.27761238942776867,1.4720539236216177,2.775210228372371,-0.0002999466130130427,-1.6984370390521448,-1.5503571669207972,-1.6120894590960901,-1.5497148672686976,1.5708585977554321,0.847747266292572,0
1142,1788173546.8528173,-0.1675294906197225,-0.46035732958105147,0.2775898658928567,1.472025892556577,2.7752738523702982,-0.00022516632688958783,-1.695139233266012,-1.5489772001849573,-1.6134808699237269,-1.549763027821676,1.5708345174789429,0.8510103225708008,0
1143,1788173546.893581,-0.16592576701391648,-0.4603003756964663,0.27754657107019287,1.4721862267804777,2.775166141873475,-9.412526165582198e-05,-1.6918419043170374,-1.5475743452655237,-1.6149428526507776,-1.549774471913473,1.5708825588226318,0.8544299602508545,0
1144,1788173546.932949,-0.16435522519136955,-0.46023590668568887,0.27758771684603567,1.4725310007851706,2.7749616093317586,-0.00032623597303948034,-1.6885693709002894,-1.5460627714740198,-1.616345230733053,-1.5497387091266077,1.5708465576171875,0.8579574227333069,0
1145,1788173546.9691677,-0.16307360595558487,-0.46016522252895714,0.2776227795312236,1.4724377471344348,2.775062496482833,-0.00019305891855559942,-1.6859071890460413,-1.5449116865741175,-1.617352310811178,-1.5499780813800257,1.5708345174789429,0.860537052154541,0
1146,1788173547.0083635,-0.16147526066768245,-0.460165646473526,0.27759179670106104,1.4724164047249797,2.775095378172292,-6.373289632935258e-05,-1.6825736204730433,-1.543675724660055,-1.6186116377459925,-1.5500381628619593,1.5708465576171875,0.8638488054275513,0
1147,1788173547.0464015,-0.1598475402375224,-0.46018576158412383,0.27756141625799235,1.472069027610658,2.7752764461955204,-2.2972523353047094e-05,-1.679169003163473,-1.5424402395831507,-1.6198819319354456,-1.5500262419330042,1.5708585977554321,0.8670040369033813,0
1148,1788173547.0860488,-0.15825383877556204,-0.46016024247898385,0.2776092419735138,1.4719839775291943,2.775310913085687,-0.0001603948509665263,-1.6758235136615198,-1.5410731474505823,-1.6211045424090784,-1.5500858465777796,1.5708345174789429,0.8702914118766785,0
1149,1788173547.123425,-0.15665272688097492,-0.4601456946896228,0.2776073554665064,1.4720589629845482,2.775245092773491,-0.0001471037528674166,-1.6724780241595667,-1.5397895018206995,-1.6223509947406214,-1.550122086201803,1.5708585977554321,0.8736987113952637,0
1150,1788173547.1639414,-0.15536508093490914,-0.46013645594638347,0.277601629176937,1.4722623691815688,2.7751802054006873,-4.984966678110566e-05,-1.6697681585894983,-1.5388057867633265,-1.623298470173971,-1.550229851399557,1.5708465576171875,0.876542329788208,0
1151,1788173547.203043,-0.15372818238317326,-0.46017314144506083,0.2776042574867348,1.4724139219731518,2.7750533525443806,-0.00010637558697505357,-1.6663277784930628,-1.5376065413104456,-1.624460522328512,-1.5502179304706019,1.5708705186843872,0.8801057934761047,0
1152,1788173547.240727,-0.15215690577952232,-0.4601670051573392,0.2775518894556591,1.472373332580096,2.77513204688601,8.494235883017978e-05,-1.663018051777975,-1.5364669005023401,-1.625660244618551,-1.5502894560443323,1.5708705186843872,0.8833692073822021,0
1153,1788173547.2793179,-0.15053441688967129,-0.460162598135772,0.2775671445145884,1.4721549045263749,2.775234941569019,9.052020382840277e-05,-1.6596010367022913,-1.5352309385882776,-1.6268108526812952,-1.550373379384176,1.5708825588226318,0.8866326808929443,0
1154,1788173547.3206754,-0.14898050305889007,-0.46017888987457967,0.2775717841883206,1.4719551702466136,2.775375082632115,8.95382559678603e-06,-1.6562913099872034,-1.5340798536883753,-1.627913777028219,-1.5503853003131312,1.5708345174789429,0.8897882699966431,0
1155,1788173547.3609343,-0.1473914032361761,-0.46015004877229504,0.2775690553612631,1.4720730403824132,2.7753479450941625,2.803835564103656e-05,-1.6529224554644983,-1.5328448454486292,-1.6291001478778284,-1.5504573027240198,1.5708105564117432,0.8932315111160278,0
1156,1788173547.3979797,-0.14576872262761417,-0.46016595201385113,0.27758773543499876,1.472162113979726,2.7752287606475456,-1.2691743330345843e-05,-1.6495049635516565,-1.5316689650165003,-1.6301911512957972,-1.550493065510885,1.5708585977554321,0.8967346549034119,0
1157,1788173547.4367294,-0.1441746325069174,-0.46016599626445176,0.27755894134389947,1.4724953143649226,2.775125832983111,0.0001276131566011912,-1.646111313496725,-1.5305660406695765,-1.631294075642721,-1.550600830708639,1.5708345174789429,0.9003463983535767,0
1158,1788173547.4759114,-0.14287815695664427,-0.46018902496580055,0.2775796084443713,1.4724548155867616,2.775083870237175,2.090489406504031e-05,-1.6433656851397913,-1.5296419302569788,-1.6321452299701136,-1.5505889097796839,1.5708585977554321,0.9030817747116089,0
1159,1788173547.5163152,-0.1412484601094248,-0.460187149043307,0.27759331240253726,1.4722721603911437,2.775174686455652,2.0761563837939625e-06,-1.6399005095111292,-1.528466526662008,-1.6332357565509241,-1.5506604353534144,1.5708585977554321,0.9064171314239502,0
1160,1788173547.5549538,-0.13967574689583387,-0.46016681056712244,0.27760467857608406,1.4721921502866695,2.7752194533548624,-8.275848385983903e-05,-1.636543099080221,-1.5272787253009241,-1.6343510786639612,-1.5506842772113245,1.5708345174789429,0.9097161889076233,0
1161,1788173547.5932856,-0.13805321250988994,-0.460163958329538,0.27759688377422126,1.4720381697131206,2.7752444501348634,-2.716884912736501e-05,-1.6331136862384241,-1.526151482258932,-1.6354416052447718,-1.550732437764303,1.570894479751587,0.9130515456199646,0
1162,1788173547.6332147,-0.1364644095278135,-0.4601394696245528,0.2775660850725029,-1.472276445726795,-2.7752446872689585,-0.00015704466268712955,-1.6296961943255823,-1.5250723997699183,-1.6365087668048304,-1.5509002844439905,1.5708345174789429,0.9166029691696167,0
1163,1788173547.673089,-0.13489032103760173,-0.4601837088991657,0.27752005649839806,-1.472686086682072,-2.775004762058123,-0.00022366997059472616,-1.626326862965719,-1.5241244474994105,-1.6375153700457972,-1.5508883635150355,1.5708345174789429,0.9202742576599121,0
1164,1788173547.713974,-0.13332375032547378,-0.46018198903426405,0.2776011396444046,1.4727415609099932,2.7749423345230375,8.807862268839955e-06,-1.622981373463766,-1.522973362599508,-1.6384385267840784,-1.550959889088766,1.5708465576171875,0.9236695766448975,0
1165,1788173547.753661,-0.13173819452957122,-0.4601525347923886,0.27754853111374334,1.4725436680486537,2.775085915068828,0.0002115230481779571,-1.6196001211749476,-1.5219176451312464,-1.6395414511310022,-1.5510438124286097,1.5708705186843872,0.9268966913223267,0
1166,1788173547.7939658,-0.13011138273908598,-0.46016322593427567,0.27757802214748095,1.4721853418478543,2.775248369362668,4.117544873762476e-05,-1.616098705922262,-1.520801846181051,-1.6405485312091272,-1.5510438124286097,1.5708465576171875,0.9301481246948242,0
1167,1788173547.833717,-0.12848537960343287,-0.46014534322746475,0.27759905448628985,1.4719626833149022,2.7753055270204774,3.872155108337698e-05,-1.6126330534564417,-1.519686524068014,-1.641555134450094,-1.5511277357684534,1.570894479751587,0.9334715008735657,0
1168,1788173547.8707983,-0.12690366904789654,-0.4601505081787242,0.27755940071292984,-1.4722487193711262,-2.775235972775123,-0.00021761016585709095,-1.6092036406146448,-1.5187509695636194,-1.6425021330462855,-1.5512712637530726,1.5708345174789429,0.9370825290679932,0
1169,1788173547.9086123,-0.1253067541987872,-0.4601436172123537,0.27761486351656806,1.4726988871667201,2.7749927376349133,8.902963228525468e-05,-1.605774227772848,-1.5176594893084925,-1.6434133688556116,-1.551354710255758,1.5708465576171875,0.9408376812934875,0
1170,1788173547.9460444,-0.12398559160860352,-0.46017359635408606,0.27761271036562174,1.4724488094475134,2.775077746300136,-3.4117288353419747e-06,-1.6029327551471155,-1.5168560186969202,-1.6441929976092737,-1.5513070265399378,1.5708585977554321,0.9435131549835205,0
1171,1788173547.9858572,-0.1224296556353857,-0.4601357365280719,0.27763271052354155,1.4724680675393755,2.7750673009780478,-4.633526418599694e-05,-1.5995753447162073,-1.5157764593707483,-1.6451638380633753,-1.5513909498797815,1.5708465576171875,0.9468845129013062,0
1172,1788173548.0264542,-0.12080087113408337,-0.4601178905008921,0.27759327965709235,1.4720582011239143,2.7752959900136998,7.00372413564409e-05,-1.5960734526263636,-1.514768425618307,-1.6461947599994105,-1.5514386335956019,1.5708705186843872,0.9500876665115356,0
1173,1788173548.0660021,-0.11925719063815265,-0.46010391041312815,0.2775888266775048,1.4721805300332431,2.77527925689537,3.521380909822885e-05,-1.5927160421954554,-1.5137847105609339,-1.6471298376666468,-1.5514863173114222,1.5708225965499878,0.9535188674926758,0
1174,1788173548.103265,-0.11766034772656632,-0.4601167130235816,0.277519558132018,-1.4723907722373184,-2.775146926661882,-0.00028747939639813653,-1.5892747084247034,-1.5129454771624964,-1.648052994404928,-1.551570240651266,1.5708465576171875,0.9571179151535034,0
1175,1788173548.1411552,-0.1160461610635666,-0.46016387953211685,0.2775421733371263,1.4726310962789213,2.7750293596396736,0.00021234169672691857,-1.5857976118670862,-1.5120580832110804,-1.648844067250387,-1.5515945593463343,1.5708825588226318,0.9607652425765991,0
1176,1788173548.1793141,-0.11475605377115418,-0.46017213632705783,0.2775465715337493,1.472605118066238,2.7750183621307185,0.00014454379846751353,-1.583003346120016,-1.5112903753863733,-1.6495631376849573,-1.5515945593463343,1.5708825588226318,0.9635481834411621,0
1177,1788173548.2189276,-0.11312657142661758,-0.46015847674128035,0.27758492609609975,1.4724143891054575,2.7750947644815125,0.00011821708112283836,-1.579477612172262,-1.5102947394000452,-1.6504023710833948,-1.5517256895648401,1.570894479751587,0.9669438600540161,0
1178,1788173548.259249,-0.11153464579396728,-0.4601278499487199,0.2775803499283569,1.4723013743340845,2.7751975779813884,0.00015023402124717263,-1.5760124365436,-1.5093229452716272,-1.6513131300555628,-1.5518220106707972,1.5708705186843872,0.9703148007392883,0
1179,1788173548.2982676,-0.10989730935812278,-0.46014730538009446,0.27757103824195706,1.4719190176588988,2.775436797983871,0.00012400264133487478,-1.5724390188800257,-1.5084355513202112,-1.6521647612201136,-1.5518577734576624,1.5708345174789429,0.9736018180847168,0
1180,1788173548.3386714,-0.10832184676272648,-0.4601292288277357,0.27757509605902597,1.4720820304002453,2.7753381142804447,0.00013157919110564316,-1.5690210501300257,-1.5075119177447718,-1.653015438710348,-1.551929775868551,1.5708465576171875,0.9771409034729004,0
1181,1788173548.3800097,-0.10688281324497431,-0.4601699718073636,0.27756565788917864,1.472224283646843,2.7752390577080632,0.00014943941393645878,-1.5659034887896937,-1.5068166891681116,-1.653686825429098,-1.5519536177264612,1.5708705186843872,0.9803680181503296,0
1182,1788173548.420688,-0.10636739172859763,-0.4601857371817661,0.2775815846790857,1.4727955990824841,2.7749460901051997,5.6091303269263986e-05,-1.5647643248187464,-1.506540600453512,-1.653914753590719,-1.5519536177264612,1.5708345174789429,0.9819158911705017,0
1183,1788173548.4630394,-0.10636180732604723,-0.4602001228475764,0.2775693607175954,1.4728128825728068,2.7749385069494386,0.00013997229363919546,-1.5647643248187464,-1.5066006819354456,-1.6538785139666956,-1.5519774595843714,1.5708585977554321,0.9819278717041016,0
1184,1788173548.501744,-0.10637556073957526,-0.4601921601910746,0.2775671043643805,1.4728562310611666,2.7749402956855107,0.00016397972381379254,-1.5647881666766565,-1.5066006819354456,-1.6538785139666956,-1.5520013014422815,1.5708465576171875,0.9819278717041016,0
1185,1788173548.5420897,-0.10637302282690579,-0.46019485017766915,0.2775882714514216,1.4728731603006804,2.774850380515715,7.472290443291466e-05,-1.5648005644427698,-1.5065644423114222,-1.6538785139666956,-1.5519536177264612,1.5708825588226318,0.9819518327713013,0
