frame_index,timestamp,tcp_x,tcp_y,tcp_z,tcp_rx,tcp_ry,tcp_rz,joint_0,joint_1,joint_2,joint_3,joint_4,joint_5,suction_on
0,1788171468.7027347,-0.10912393755445236,-0.48687779132839126,0.2858797607364678,-1.202203855486375,2.9024055655621592,-4.301669480531183e-05,-1.5707719961749476,-1.5707357565509241,-1.5708048979388636,-1.5708444754229944,1.5708585977554321,-0.7853668371783655,0
1,1788171468.7423782,-0.10912668631534872,-0.4868779006318199,0.2858704537461715,-1.2022254819523468,2.9024088456146577,-3.647230686212432e-05,-1.5707719961749476,-1.5707357565509241,-1.5708287397967737,-1.570820156727926,1.5708465576171875,-0.7853787581073206,0
2,1788171468.781024,-0.10912393708830306,-0.4868969503918894,0.28589238094269104,-1.202268739206172,2.9024134470484,-0.00016481008212778145,-1.5707719961749476,-1.5707357565509241,-1.5707929770099085,-1.5707724730121058,1.5708585977554321,-0.785403076802389,0
3,1788171468.8195467,-0.10911813369478021,-0.4868740262851259,0.28586086942250044,-1.2022038553620875,2.902405565262098,-4.301564480290959e-05,-1.5707600752459925,-1.570723835621969,-1.5708649794207972,-1.570796314870016,1.5708585977554321,-0.7853549162494105,0
4,1788171468.8585494,-0.10912363052341485,-0.48689329414949095,0.285887749487317,-1.2022420290853568,2.9024487871782947,-0.00015102848887909445,-1.5707600752459925,-1.570723835621969,-1.5708168188678187,-1.5707600752459925,1.5708345174789429,-0.7853668371783655,0
5,1788171468.8984208,-0.10912393727777851,-0.4868891628123604,0.2858865760826651,-1.202214401239955,2.9024310163133653,-0.00014750914145349907,-1.5707719961749476,-1.570723835621969,-1.5708168188678187,-1.5707724730121058,1.5708585977554321,-0.7853668371783655,0
6,1788171468.9369416,-0.10911759439592413,-0.4868890954336836,0.2858807713160033,-1.2022391595322957,2.9024399041691478,-0.00011573549987705228,-1.5707476774798792,-1.570723835621969,-1.5708287397967737,-1.5707724730121058,1.5708345174789429,-0.7853549162494105,0
7,1788171468.9788418,-0.10911541184284511,-0.48688240832473695,0.2858738840155447,-1.2022396181730322,2.9023940369173262,-0.00010346563586678231,-1.5707600752459925,-1.570723835621969,-1.5708406607257288,-1.5707839171039026,1.5708705186843872,-0.7853787581073206,0
8,1788171469.0198472,-0.10912363062205609,-0.48689057306908273,0.2858772689786816,-1.202257583513532,2.9024374082469,-0.00013372810560299434,-1.5707600752459925,-1.570723835621969,-1.5708406607257288,-1.5707481543170374,1.5708345174789429,-0.7853787581073206,0
9,1788171469.0594323,-0.1091208818585061,-0.486890572809892,0.285881945084587,-1.2022360270540071,2.902434296142085,-0.0001409644945983648,-1.5707600752459925,-1.570723835621969,-1.5708287397967737,-1.5707600752459925,1.5708465576171875,-0.7853668371783655,0
10,1788171469.0988586,-0.10913490479884783,-0.4869022199900709,0.28588751778590155,1.2022520847652267,-2.902424136829803,0.00013593281583494356,-1.5707719961749476,-1.5707481543170374,-1.5707929770099085,-1.5707600752459925,1.5708105564117432,-0.7853906790362757,0
11,1788171469.1369903,-0.10912635229663628,-0.486887083519649,0.28586667400920196,-1.2022529293723827,2.9024261775562326,-3.8677889156118514e-05,-1.5707600752459925,-1.5707481543170374,-1.5708287397967737,-1.570796314870016,1.5708225965499878,-0.7853787581073206,0
12,1788171469.176793,-0.10914127528174045,-0.4868835200984367,0.28587388389077345,-1.2021997548829515,2.9024465521232696,-8.182791877697421e-05,-1.570796314870016,-1.5707357565509241,-1.5708287397967737,-1.5707839171039026,1.5708345174789429,-0.7853787581073206,0
13,1788171469.2180264,-0.10913852651789975,-0.48690735387765116,0.28588397085131306,-1.2021522569212684,2.9024786698111775,-0.00017487328814778623,-1.570796314870016,-1.5707600752459925,-1.5707929770099085,-1.5707362333880823,1.5708465576171875,-0.7853429953204554,0
14,1788171469.2578223,-0.10912943488026917,-0.48688606489294545,0.28588319072250373,-1.2021830765056023,2.9024532611262304,-8.11349843878781e-05,-1.5707719961749476,-1.5707357565509241,-1.5708048979388636,-1.570808235798971,1.5708345174789429,-0.7853429953204554,0
15,1788171469.2980297,-0.10913546804866939,-0.4871464087064056,0.28598397945590925,1.2021920214171644,-2.902378928363216,0.00047971710703377963,-1.5707843939410608,-1.5712040106402796,-1.5701459089862269,-1.5707243124591272,1.5708345174789429,-0.7853787581073206,0
16,1788171469.3369803,-0.10910897426645463,-0.487999651591105,0.2860451167109399,1.2021976456074344,-2.90233964182876,0.0006585670873511088,-1.5707357565509241,-1.5731356779681605,-1.5680840651141565,-1.5707362333880823,1.5708465576171875,-0.7853429953204554,0
17,1788171469.3775418,-0.10894476979195812,-0.48958451074457465,0.28601445594712194,1.202499719654682,-2.9022351484893933,0.0005866405774500474,-1.5704005400287073,-1.5768054167376917,-1.5644639174090784,-1.5707362333880823,1.5708465576171875,-0.7852109114276331,0
18,1788171469.4182148,-0.10884701735578152,-0.4911709898710785,0.28595739905910394,1.2026246809123853,-2.9022412786652354,0.0004333336741523693,-1.5702083746539515,-1.5805485884295862,-1.5608075300799769,-1.5707600752459925,1.5708585977554321,-0.7850907484637659,0
19,1788171469.4592514,-0.10874262801615472,-0.49277916316357684,0.2859426833788802,1.2025170020476765,-2.9022749144817706,0.000422664585017868,-1.5699928442584437,-1.5842788855182093,-1.5570672194110315,-1.5707724730121058,1.5708465576171875,-0.7848036924945276,0
20,1788171469.50024,-0.10864634812378893,-0.49438976125428297,0.2859122411942358,1.202412887893277,-2.9023191028708735,0.0004192238287922028,-1.5698006788836878,-1.5880211035357874,-1.5533397833453577,-1.5707600752459925,1.5708465576171875,-0.7845395247088831,0
21,1788171469.5376737,-0.10837342705603488,-0.4963226287610882,0.28591092170997123,1.2022295088060158,-2.9023696139194715,0.00045984096443257334,-1.5692489782916468,-1.5924113432513636,-1.548868481312887,-1.570808235798971,1.5708345174789429,-0.7838676611529749,0
22,1788171469.5759695,-0.10804927599973231,-0.49763977128573,0.28585063625948814,1.2022229828963642,-2.9024027950179625,0.00035326392853623497,-1.568601433430807,-1.5953858534442347,-1.5459554831134241,-1.570820156727926,1.5708345174789429,-0.78320819536318,0
23,1788171469.6165895,-0.10768085587723024,-0.49921663143890893,0.28585692225675785,1.2024669606582437,-2.90230286228478,0.0003498521324986158,-1.5678699652301233,-1.5989130179034632,-1.5423110167132776,-1.570939842854635,1.5708345174789429,-0.7826445738421839,0
24,1788171469.6587749,-0.10726878543700215,-0.5008233955751401,0.2858633315521748,1.2026304844292706,-2.9022552888501663,0.00037881596183172013,-1.5670669714557093,-1.6024869124041956,-1.538607422505514,-1.571059528981344,1.5708585977554321,-0.7819493452655237,0
25,1788171469.701079,-0.10679722369888343,-0.50273810191168,0.2858388198938911,1.2023038565423465,-2.9024023217680806,0.00023837280164453305,-1.5661314169513147,-1.6068056265460413,-1.5341718832599085,-1.5712631384478968,1.5708345174789429,-0.7807858625995081,0
26,1788171469.7382936,-0.10638212858692196,-0.5043116310131863,0.2858456760482342,-1.2020041098061451,2.9025144225047352,-8.602076852125631e-05,-1.5653274695025843,-1.6103680769549769,-1.530419651662008,-1.5715625921832483,1.5708465576171875,-0.7797783056842249,0
27,1788171469.7800338,-0.10602720968578608,-0.5055650188948835,0.2858239786071133,-1.2022025525783135,2.90240438240538,6.335753433070145e-05,-1.5646327177630823,-1.6131985823260706,-1.5274952093707483,-1.571754280720846,1.5708345174789429,-0.7792270819293421,0
28,1788171469.82014,-0.1055502967941828,-0.5071371718620734,0.28588153084303136,-1.202504676545283,2.902298021064575,-0.00010416753728378554,-1.563721005116598,-1.6166179815875452,-1.5237911383258265,-1.5719335714923304,1.5708585977554321,-0.7785189787494105,0
29,1788171469.8603313,-0.10499362000228915,-0.5090446104034535,0.2858444655668707,-1.2024860029703563,2.902251012315422,0.0001926612070634518,-1.562641445790426,-1.6209481398211878,-1.5192835966693323,-1.5723050276385706,1.5708345174789429,-0.7774398962603968,0
30,1788171469.8986697,-0.10452589982221797,-0.5106249921162286,0.2858111939879906,-1.2021586712214294,2.9023493467602934,0.00027670659229807245,-1.5617545286761683,-1.6244867483722132,-1.5156157652484339,-1.5724967161761683,1.5708465576171875,-0.7763364950763147,0
31,1788171469.939662,-0.1041744918920909,-0.5118949594132352,0.28581686591705846,-1.2022807468570462,2.9022956862306257,0.00023780318944560772,-1.5610945860492151,-1.62730580965151,-1.5126193205462855,-1.5726521650897425,1.5708585977554321,-0.7757614294635218,0
32,1788171469.979793,-0.1036666253597005,-0.5138426109183694,0.28583517675154213,-1.2022971060225498,2.902339076911104,0.0001081382792220393,-1.5601356665240687,-1.6316116491900843,-1.5080159346209925,-1.5728557745562952,1.5708465576171875,-0.7748015562640589,0
33,1788171470.02062,-0.10332272162732847,-0.5151383173461767,0.28583627467227524,-1.202184368937983,2.9024113713865716,6.660385075204937e-05,-1.5594881216632288,-1.6344907919513147,-1.5049479643451136,-1.5730112234698694,1.5708345174789429,-0.7740700880633753,0
34,1788171470.0602932,-0.10273644429911918,-0.5170700704665665,0.28580687030977975,-1.2019978129209872,2.902403326656765,0.00012285490042707252,-1.558420483266012,-1.6388214270221155,-1.5003684202777308,-1.573322598134176,1.570894479751587,-0.7728946844684046,0
35,1788171470.0995688,-0.10230565860415666,-0.5186756976743101,0.28585645611754207,-1.2022779101909038,2.902392538313875,-5.6416047306504224e-05,-1.5576050917254847,-1.6423357168780726,-1.4964965025531214,-1.5735381285296839,1.5708465576171875,-0.7722466627704065,0
36,1788171470.1425486,-0.10179285753283487,-0.520280407327356,0.2858398911661073,-1.2025290019600032,2.9022589049883503,5.1508195946221754e-05,-1.556657616292135,-1.6459344069110315,-1.492636505757467,-1.5738733450519007,1.5708465576171875,-0.7714794317828577,0
37,1788171470.1843154,-0.10135305047039089,-0.5218827575145241,0.2858239712688183,-1.2025937722314775,2.9022215098270143,-1.1724524042258294e-05,-1.555866543446676,-1.6495092550860804,-1.4888127485858362,-1.5740883986102503,1.5708705186843872,-0.7707355658160608,0
38,1788171470.2255836,-0.10088656403985098,-0.5234893256918908,0.2858233207243389,-1.2022830319581348,2.9024049026301078,-5.834619675186293e-05,-1.5550029913531702,-1.653071705495016,-1.484952751790182,-1.5743396917926233,1.5708345174789429,-0.7696445623980921,0
39,1788171470.2643228,-0.10038517709123576,-0.525081333136845,0.2858259662383717,-1.2023364727916348,2.902338205050989,2.3424673051995426e-06,-1.5541036764727991,-1.6566465536700647,-1.4810336271869105,-1.5747349897967737,1.5708585977554321,-0.7687929312335413,0
40,1788171470.3041344,-0.09985460929398128,-0.5267074250260029,0.2858373452306082,-1.2024070747813769,2.9023129288079126,-1.219359899914222e-05,-1.5531447569476526,-1.6602571646319788,-1.4770539442645472,-1.5750940481769007,1.5708585977554321,-0.7678816954242151,0
41,1788171470.3430855,-0.09933403531454378,-0.5282525316958648,0.28585471770697457,-1.2020974722326514,2.9024031842003493,0.00023180797324019956,-1.552197281514303,-1.663771931325094,-1.4731100241290491,-1.5756805578814905,1.5708345174789429,-0.7667301336871546,0
42,1788171470.384752,-0.09882053906260464,-0.5298337225941249,0.285897856065342,-1.2020097962981364,2.902436168079959,0.00019297718998057345,-1.5512855688678187,-1.6672866980182093,-1.4691303412066858,-1.5761235396014612,1.5708465576171875,-0.7657588163958948,0
43,1788171470.426396,-0.09830590804430757,-0.5314387045146841,0.28568288696429733,-1.202176031302435,2.902395159426226,0.00019355100022429872,-1.5503624121295374,-1.6708610693561,-1.4657262007342737,-1.5759442488299769,1.5708225965499878,-0.7649434248553675,0
44,1788171470.4671142,-0.09774204290817004,-0.5330669475212495,0.2846056499260241,-1.2023976854101737,2.9022883175572924,9.427128575932676e-05,-1.5493786970721644,-1.6744478384601038,-1.464503590260641,-1.5735262076007288,1.5708585977554321,-0.7641161123858851,0
45,1788171470.5057983,-0.09720639748829285,-0.5346081098260458,0.2828359415475335,-1.202048223070889,2.9024291169073204,0.0002657053889754449,-1.5484193007098597,-1.6779268423663538,-1.4651148954974573,-1.5695388952838343,1.5708225965499878,-0.7629168669330042,0
46,1788171470.545905,-0.09669378674671518,-0.5362282801372185,0.28025096754892054,-1.2018484908528673,2.9024910254741623,0.00029261227425825747,-1.5475323835956019,-1.6815975348102015,-1.4675963560687464,-1.5634096304522913,1.5708345174789429,-0.7618973890887659,0
47,1788171470.5851283,-0.09618228585483751,-0.5378143788281584,0.27695874229634615,-1.2017853369496676,2.90238553757585,0.0006829823827406949,-1.5466564337359827,-1.685387913380758,-1.4716714064227503,-1.5558198134051722,1.5708585977554321,-0.7610099951373499,0
48,1788171470.6249125,-0.09566033220034219,-0.5394381835623372,0.27383570958908404,-1.201725469064508,2.9025404512202324,0.0001947687876323332,-1.5457575956927698,-1.6889870802508753,-1.4756630102740687,-1.5478957335101526,1.5708585977554321,-0.7600382010089319,0
49,1788171470.664252,-0.09515361681898289,-0.5410971948328158,0.2706818364436802,-1.2016101142783495,2.902704308496063,-0.0002434871265694914,-1.544894043599264,-1.6927536169635218,-1.479523007069723,-1.5399702231036585,1.5708585977554321,-0.7590668837176722,0
50,1788171470.7031906,-0.09457704467169409,-0.5427080173386337,0.2674458757345189,-1.2020092549911232,2.902485744087342,1.0900138767153307e-05,-1.543898884450094,-1.696688477193014,-1.4832747618304651,-1.532452408467428,1.5708465576171875,-0.7583597342120569,0
51,1788171470.7437682,-0.09401378119970796,-0.5443162174476649,0.2642953053592478,-1.202375305012148,2.9023849592532325,-0.00018214209056638647,-1.5429390112506312,-1.7005146185504358,-1.486990753804342,-1.5247786680804651,1.5708465576171875,-0.7576397101031702,0
52,1788171470.7841892,-0.09350499530152154,-0.5458831683632616,0.2610566350902491,-1.2020188114338304,2.902459885034261,4.1425296767578696e-05,-1.5420878569232386,-1.7044857184039515,-1.4906829039203089,-1.5172722975360315,1.5708585977554321,-0.7565606276141565,0
53,1788171470.8233058,-0.0929934236467792,-0.5475153336292709,0.25781524715959636,-1.201805118210987,2.902585959896816,4.554991723762262e-06,-1.541224781666891,-1.7085641066180628,-1.494291130696432,-1.5095513502704065,1.5708345174789429,-0.7555411497699183,0
54,1788171470.8641138,-0.09250994029380681,-0.5491039168924012,0.25465715892960683,-1.2019079571559261,2.902587629642725,-0.00011203183951428098,-1.5404208342181605,-1.7125704924212855,-1.4977672735797327,-1.5019848982440394,1.5708225965499878,-0.7547972838031214,0
55,1788171470.9048276,-0.09193911444454755,-0.5506373945661401,0.251409846854202,-1.2020562866384512,2.9024055319643667,0.0002445976396056103,-1.539473835621969,-1.71666127840151,-1.5012791792498987,-1.49463397661318,1.5708465576171875,-0.753981892262594,0
56,1788171470.9469938,-0.0913928243678486,-0.5522290250284514,0.24817710053940045,-1.2016940898785673,2.9025625401420325,0.00043182673553756495,-1.5385502020465296,-1.7208717505084437,-1.5046356360064905,-1.487176243458883,1.570798635482788,-0.7528069655047815,0
57,1788171470.9872675,-0.09058765579453022,-0.5542186933341487,0.2443785204560568,-1.2020237485905123,2.9024737587903897,-1.8997090141306113e-05,-1.5372307936297815,-1.7259100119220179,-1.5085552374469202,-1.4779341856585901,1.5708585977554321,-0.7517030874835413,0
58,1788171471.027451,-0.08995729238194804,-0.5558249323453467,0.24120990674001677,-1.2023184036311074,2.9023513393995066,-1.7502493920615778e-05,-1.5361879507647913,-1.730180565510885,-1.511672321950094,-1.4705475012408655,1.5708585977554321,-0.7508633772479456,0
59,1788171471.0712085,-0.0893869248821827,-0.5574787704684976,0.2379495826829205,-1.202065122524912,2.902475785848701,1.4767087501675201e-05,-1.5352523962603968,-1.7346671263324183,-1.5147531668292444,-1.4629929701434534,1.5708345174789429,-0.7497485319720667,0
60,1788171471.112657,-0.08881523015813701,-0.5590169082181918,0.23476097468543305,-1.2017391959032122,2.9025775094990376,0.00019827509692147048,-1.5343173185931605,-1.7389734427081507,-1.5178216139422815,-1.455738369618551,1.5708225965499878,-0.7485969702350062,0
61,1788171471.1522236,-0.08818769288069597,-0.5606421281601642,0.23166407460170005,1.2020035141924947,-2.9025266844860145,0.00020682326960810512,-1.5332978407489222,-1.7432921568499964,-1.5207222143756312,-1.4482439200030726,1.5708225965499878,-0.7477453390704554,0
62,1788171471.1900132,-0.08755810900833519,-0.5622361633505317,0.2283632376860929,-1.2019136533635857,2.9025544034949586,6.716659751692266e-06,-1.5322783629046839,-1.7478626410113733,-1.5237310568438929,-1.4408095518695276,1.5708225965499878,-0.7466662565814417,0
63,1788171471.231716,-0.0869322613268964,-0.5637619609550938,0.22515825425684538,-1.2016223670050896,2.9025909917995665,0.0002835275942850426,-1.5312712828265589,-1.7523248831378382,-1.5265963713275355,-1.433674160634176,1.5708345174789429,-0.7454789320575159,0
64,1788171471.2708457,-0.08634757859161679,-0.5653604725418119,0.2219828583157921,-1.2018866556167018,2.9024422490645194,0.0003847022377534514,-1.5303481260882776,-1.756955925618307,-1.5291975180255335,-1.4265149275409144,1.5708465576171875,-0.7447474638568323,0
65,1788171471.3107672,-0.08586841994047091,-0.5670455731493338,0.2189928041154273,-1.2022052033381811,2.9023755531532043,1.8184220824936757e-05,-1.5296285788165491,-1.7616584936725062,-1.531295124684469,-1.4194749037372034,1.5708705186843872,-0.7442315260516565,0
66,1788171471.3501532,-0.08541646429298658,-0.5686727987355548,0.21700201787159387,1.202078715412673,-2.902463563134661,0.0003906498678482533,-1.5289328734027308,-1.765881363545553,-1.5313909689532679,-1.414865795766012,1.5708345174789429,-0.7434399763690394,0
67,1788171471.3912187,-0.08499305510256742,-0.570212744567691,0.2155447153684423,-1.2017376835464757,2.9025758138185176,4.661036578108537e-05,-1.528309170399801,-1.7700312773333948,-1.5300362745868128,-1.4123757521258753,1.5708585977554321,-0.7425883452044886,0
68,1788171471.4336922,-0.0845925830481836,-0.5718091909241273,0.21488387750765095,-1.2016651258281885,2.9026453102688823,5.4787338575949296e-05,-1.5277093092547815,-1.7738702932940882,-1.5270636717425745,-1.411501709614889,1.5708225965499878,-0.7419288794146937,0
69,1788171471.4763072,-0.08422837347333716,-0.573382141372014,0.21489539997371337,-1.2018642809690745,2.902536979863625,0.00010331289967307114,-1.527193848286764,-1.777445141469137,-1.5226519743548792,-1.4123757521258753,1.5708345174789429,-0.7415569464312952,0
70,1788171471.5178478,-0.08389871102197378,-0.5752843908544719,0.2148235846383725,-1.2019064966434985,2.9024431733160956,0.0004081578482497559,-1.5267623106585901,-1.7819197813617151,-1.5172942320453089,-1.4134653250323694,1.5708345174789429,-0.7411730925189417,0
71,1788171471.5615952,-0.08360709784226232,-0.5769090494074474,0.21480372476224796,-1.2019714587064354,2.9024512587740845,0.0002688395867218032,-1.5263784567462366,-1.7855904738055628,-1.5128467718707483,-1.414147679005758,1.5708345174789429,-0.7408254782306116,0
72,1788171471.600366,-0.0832802805412466,-0.5785571363827354,0.21486648977035774,-1.2020856591533706,2.9024803388367064,-0.00014746457567701505,-1.5259469191180628,-1.78918964067568,-1.5083039442645472,-1.4148181120501917,1.5708585977554321,-0.7404540220843714,0
73,1788171471.639016,-0.0830054239739461,-0.580180060233361,0.21493773697517715,1.2019659425319662,-2.902535789704261,0.0002923216587647357,-1.5255869070636194,-1.7928245703326624,-1.5036404768573206,-1.4157398382769983,1.5708345174789429,-0.7400100866900843,0
74,1788171471.6766133,-0.08269574378293912,-0.5817187237725828,0.2149023679045373,-1.2018792294411207,2.9025221793987237,0.00019370407169656936,-1.5251668135272425,-1.7965071837054651,-1.499073330556051,-1.4169490973102015,1.5708225965499878,-0.739542309437887,0
75,1788171471.717101,-0.08241526830940227,-0.5833353005704431,0.21494003809898582,-1.2017806857571784,2.902581773379379,7.66540148952952e-06,-1.5248196760760706,-1.8001421133624476,-1.4944708983050745,-1.4177992979632776,1.5708465576171875,-0.7391226927386683,0
76,1788171471.7597291,-0.08213828109906426,-0.5849333536584743,0.21496890672424948,1.2018320378133274,-2.9026078941252065,0.0001711737464781642,-1.5244601408587855,-1.8037293593036097,-1.4899399916278284,-1.4186132589923304,1.5708225965499878,-0.7387869993792933,0
77,1788171471.8002675,-0.08183812977440842,-0.5865238871090321,0.214926695783361,-1.2020147644040444,2.902508832115159,-3.3075559934737124e-05,-1.524076286946432,-1.8074362913714808,-1.4853728453265589,-1.4195712248431605,1.5708345174789429,-0.7385347525226038,0
78,1788171471.8408444,-0.08156732170888002,-0.5881149686801784,0.21475102635510537,-1.2020529595585236,2.902501223173143,-6.618092511751494e-05,-1.5237401167498987,-1.8111427466021937,-1.4811652342425745,-1.4200499693499964,1.5708345174789429,-0.738222901021139,0
79,1788171471.8826241,-0.08129111010657018,-0.5897135889639736,0.21373357722264688,-1.2022002307675728,2.9024633594607114,-0.00010423433820686145,-1.5233925024615687,-1.8151620070086878,-1.4787200132953089,-1.418445889149801,1.5708225965499878,-0.7379711310016077,0
80,1788171471.9245503,-0.08108437132189204,-0.5912809528177074,0.21199001881170387,-1.2021042589186313,2.902480234557777,0.00015525440076062454,-1.5231531302081507,-1.8194926420794886,-1.4776890913592737,-1.4153087774859827,1.5707865953445435,-0.737671200429098,0
81,1788171471.9666593,-0.08079375891529375,-0.5931389776497432,0.20885136614623157,-1.2021188411856774,2.9023158262605766,0.000572507766102772,-1.5228288809405726,-1.825095001851217,-1.4785874525653284,-1.409107510243551,1.5708345174789429,-0.7373955885516565,0
82,1788171472.0082092,-0.08058757211816775,-0.5948072193548003,0.2056460714749124,-1.2021771707450577,2.902358776951488,0.00018968392192069891,-1.5226247946368616,-1.830073658620016,-1.4805658499347132,-1.4019001165973108,1.5708585977554321,-0.7372153441058558,0
83,1788171472.0504243,-0.08039447330116758,-0.5964242778999501,0.20243151853050625,-1.2020766855615603,2.9024117179697835,0.00025607506328631415,-1.5224211851703089,-1.8351238409625452,-1.4823878447162073,-1.3950641790973108,1.5708345174789429,-0.7369397322284144,0
84,1788171472.0913408,-0.08021420526058212,-0.5980488756109649,0.199342415795418,1.2020486642453634,-2.9024908497267217,0.00022687945382857434,-1.522240940724508,-1.840006176625387,-1.4841740767108362,-1.3880603949176233,1.5708105564117432,-0.7367237249957483,0
85,1788171472.1336215,-0.07998636370811525,-0.5999810423176187,0.19540161475280327,-1.2017825293335775,2.9026371233170196,-0.0001634249313480553,-1.5220254103290003,-1.8462088743792933,-1.4863436857806605,-1.3797395865069788,1.5708345174789429,-0.7363160292254847,0
86,1788171472.1760921,-0.07977167329756564,-0.6015324269257619,0.19218529594661313,-1.2017031756337697,2.90259232505992,9.537835370862734e-05,-1.5217974821673792,-1.8513191382037562,-1.487997833882467,-1.3731544653521937,1.5708465576171875,-0.7360523382769983,0
87,1788171472.2168043,-0.07960371373900355,-0.6031083751470515,0.18904989107839004,-1.201652481642876,2.902616731982532,0.0001377348708004649,-1.5216415564166468,-1.8564298788653772,-1.489460293446676,-1.366605583821432,1.5708345174789429,-0.7358606497394007,0
88,1788171472.2556455,-0.07938895551298106,-0.6047455034608151,0.18577314718735508,-1.2018242185119845,2.9025400766768943,0.0002159969853366705,-1.5214136282550257,-1.8617923895465296,-1.4909346739398401,-1.3598173300372522,1.5708225965499878,-0.7357524077044886,0
89,1788171472.2947376,-0.07922866095880612,-0.6063295616102807,0.18267575179499432,-1.2018501092902307,2.902604548671331,-0.00014508138231052702,-1.5212820211993616,-1.8668668905841272,-1.4923728148089808,-1.3530648390399378,1.5708345174789429,-0.7356203238116663,0
90,1788171472.3345275,-0.07907160681486433,-0.6078890529887736,0.17945800325953323,-1.2018057043231192,2.9025443107640023,0.0001744640814952828,-1.5211499373065394,-1.8722055594073694,-1.493643585835592,-1.3466714064227503,1.5708345174789429,-0.7354767958270472,0
91,1788171472.3755872,-0.07892256353786603,-0.6095140420427618,0.17629070313759465,-1.201973916135638,2.9025061186966385,-9.648164178614126e-06,-1.5210416952716272,-1.8775556723224085,-1.4948299566852015,-1.3400147596942347,1.5708465576171875,-0.7354767958270472,0
92,1788171472.4164233,-0.07878439616523436,-0.611120033812513,0.17309415529558733,-1.2020250632673912,2.9024847633418176,-8.936449124867995e-06,-1.5209458510028284,-1.8829787413226526,-1.4959448019610804,-1.3334773222552698,1.5708465576171875,-0.7354162375079554,0
93,1788171472.4555733,-0.07868654227343111,-0.6127001463699557,0.16982764950741294,-1.2020501396372758,2.902447445908654,0.0001568482851215263,-1.5209100882159632,-1.8884847799884241,-1.4970839659320276,-1.326939884816305,1.5708345174789429,-0.7354043165790003,0
94,1788171472.4986045,-0.07856136902855751,-0.6143624097467045,0.1666987380349137,1.2020221219008205,-2.9025265714139383,0.00035178819972356143,-1.5208500067340296,-1.8939312140094202,-1.498030964528219,-1.3202112356769007,1.5708585977554321,-0.7353084723102015,0
95,1788171472.54076,-0.07841472998748872,-0.6162320087335548,0.16279725528610367,-1.2020559707499756,2.9024615220491943,8.984803757558048e-05,-1.5207541624652308,-1.900637451802389,-1.4991214911090296,-1.3127043882953089,1.5708345174789429,-0.7352483908282679,0
96,1788171472.5833685,-0.07830356160799025,-0.617812228950661,0.15961337241781062,-1.201960350588464,2.9024753287825527,0.0001385306029097112,-1.5207064787494105,-1.9061926046954554,-1.4999249617206019,-1.30638295808901,1.5708465576171875,-0.7351411024676722,0
97,1788171472.6222796,-0.07818351501283724,-0.6194320729963951,0.15636968325523315,-1.2020147604498237,2.9024598928716747,0.00022172715798569065,-1.5206344763385218,-1.9119146505938929,-1.5006325880633753,-1.3000009695636194,1.5708225965499878,-0.7351048628436487,0
98,1788171472.6611881,-0.07806739440191526,-0.6210987154279516,0.15328978899294776,1.2019731032033953,-2.90250609168659,0.00040540924302698154,-1.5205863157855433,-1.917469326649801,-1.5012314955340784,-1.2934277693377894,1.5708345174789429,-0.735020939503805,0
99,1788171472.7008348,-0.07796142668474883,-0.6226203548506771,0.14995199594910005,-1.2019879412171999,2.902446035549114,0.0002676602673029329,-1.520538632069723,-1.9232996145831507,-1.5018904844867151,-1.2873933951007288,1.5708345174789429,-0.7349966208087366,0
100,1788171472.7442653,-0.07782799695956291,-0.6242380570777984,0.14685820749625247,-1.2019983352710588,2.902520056968636,-5.123182345862668e-05,-1.5204547087298792,-1.9289143721209925,-1.5023463408099573,-1.281107250844137,1.5708345174789429,-0.7349007765399378,0
101,1788171472.7865598,-0.0777611230424776,-0.6258752866966998,0.14362485021635632,1.2019621545359354,-2.9025305716442844,0.0001564926268128218,-1.5204666296588343,-1.9347804228412073,-1.502765957509176,-1.2747376600848597,1.570798635482788,-0.7348888556109827,0
102,1788171472.8277533,-0.07766223427033045,-0.6274345904721896,0.1404232277112235,-1.2019526588288967,2.9025076469674516,0.0001321492000687676,-1.5204427878009241,-1.9406111876117151,-1.5030534903155726,-1.268822971974508,1.5708225965499878,-0.7348650137530726,0
103,1788171472.8679473,-0.07758205429567279,-0.6291194032453475,0.13727029444032265,1.201998911618033,-2.9025214355401605,0.00029958864725221183,-1.5204547087298792,-1.9465134779559534,-1.503209416066305,-1.262477223073141,1.5708345174789429,-0.7349007765399378,0
104,1788171472.9090981,-0.07748699875424553,-0.6310997875184968,0.13341465531630434,1.201948928607781,-2.9024985984995153,0.0005331195453067117,-1.5204666296588343,-1.9536879698382776,-1.5033772627459925,-1.2549813429461878,1.5708465576171875,-0.7348888556109827,0
105,1788171472.950315,-0.07739157592457244,-0.632641910777112,0.13014003608823238,-1.2019735809845487,2.902509219564232,-7.803652165405313e-05,-1.5204427878009241,-1.959698502217428,-1.5034969488727015,-1.2491629759417933,1.5708585977554321,-0.7348769346820276,0
106,1788171472.9926414,-0.07731753683801758,-0.6342202775221703,0.1270652750762647,1.2020255212130433,-2.9025367557772186,0.00019234521212391632,-1.5204427878009241,-1.9655044714557093,-1.503448788319723,-1.243319336568014,1.5708345174789429,-0.7349007765399378,0
107,1788171473.0326684,-0.07723444234597851,-0.6358144917027195,0.12377069317327741,-1.2019954043932897,2.9025129779916194,-7.380649624140549e-05,-1.5204427878009241,-1.9716232458697718,-1.5034731070147913,-1.237260643635885,1.5708465576171875,-0.7348888556109827,0
108,1788171473.0726054,-0.07716456471498169,-0.6374461761163605,0.12058754581396475,1.201908966533195,-2.902548921335347,0.00045198444912737277,-1.5204666296588343,-1.9776337782489222,-1.5034130255328577,-1.2310588995562952,1.5708585977554321,-0.7348530928241175,0
109,1788171473.1135688,-0.07707522703871604,-0.6389737675749602,0.11726000835620798,-1.201989672269894,2.902450215472905,0.0001914795047194045,-1.5204427878009241,-1.9838483969317835,-1.5032451788531702,-1.2254427115069788,1.5708465576171875,-0.7349007765399378,0
110,1788171473.1539996,-0.07700524181527281,-0.6405549898257759,0.11404278756387834,-1.201921474257686,2.9024323678109347,0.00026703568104420323,-1.5204666296588343,-1.9899786154376429,-1.5029695669757288,-1.2196477095233362,1.5708705186843872,-0.7348888556109827,0
111,1788171473.194603,-0.07692619653980871,-0.6422329483180255,0.11106999174323598,-1.2019845348233102,2.902535666183158,-0.00014789165011016824,-1.5204666296588343,-1.9960015455829065,-1.5022500197040003,-1.21405536333193,1.5708465576171875,-0.7349007765399378,0
112,1788171473.2346575,-0.07687135391616602,-0.6437760093863248,0.1085747477549969,-1.2018659975448567,2.9024941497005927,0.00022110901498235738,-1.5205023924456995,-2.00159198442568,-1.5007041136371058,-1.2102602163897913,1.5708465576171875,-0.7348769346820276,0
113,1788171473.2739062,-0.07680066939527351,-0.645386858102794,0.10689188578204059,-1.20187725992442,2.90252133986378,0.00014773084658248095,-1.5205143133746546,-2.0065344015704554,-1.4979589621173304,-1.2080090681659144,1.5708345174789429,-0.7348888556109827,0
114,1788171473.3170545,-0.0767455359628874,-0.6469885134361014,0.10590609751677399,-1.201831833747131,2.9025095309271856,0.0001597215454918382,-1.520562473927633,-2.010913674031393,-1.4941113630877894,-1.207494084035055,1.5708585977554321,-0.7349131743060511,0
115,1788171473.3598268,-0.07666008155303433,-0.6489506572855384,0.10583036856972994,1.201805887767484,-2.902595632782148,0.0003228687902355032,-1.5205743948565882,-2.015172306691305,-1.4880335966693323,-1.2089784781085413,1.5708345174789429,-0.7348888556109827,0
116,1788171473.4011168,-0.07663886717826772,-0.6505066184894157,0.10578418209029714,-1.2017899837808477,2.9026061865285544,5.1416544449394745e-06,-1.520658318196432,-2.018759552632467,-1.4827235380755823,-1.2109187285052698,1.5708225965499878,-0.7349608580218714,0
117,1788171473.4442954,-0.07654102815185748,-0.6521483502048575,0.10578949470749352,1.201800027482264,-2.902630439350978,0.00013525910285094777,-1.5206344763385218,-2.022346798573629,-1.4773414770709437,-1.212618652974264,1.5708225965499878,-0.7349370161639612,0
118,1788171473.4878767,-0.07650960396881143,-0.6541158607606866,0.10589251546212047,1.2018727347820286,-2.9025084161839696,0.0005648333443824798,-1.5207422415362757,-2.0265215078936976,-1.470844570790426,-1.2146547476397913,1.5708345174789429,-0.735117260609762,0
119,1788171473.5290973,-0.07655178848376457,-0.6557224320266988,0.10586200047715336,1.2017352061507125,-2.90257177288542,0.0004266002127480041,-1.5209220091449183,-2.0301807562457483,-1.4653785864459437,-1.216546360646383,1.5708105564117432,-0.7352007071124476,0
120,1788171473.570674,-0.07651147013827818,-0.6572527303378061,0.10576472151551222,-1.2017906943121854,2.9025589589154057,2.774120911241475e-05,-1.520994011555807,-2.0338156859027308,-1.4600566069232386,-1.2185576597796839,1.5708585977554321,-0.7353084723102015,0
121,1788171473.611254,-0.07652788879497531,-0.6588242044456578,0.10563058307091472,-1.2017320523557942,2.9026150748119783,6.649171994564838e-05,-1.5211260954486292,-2.037450615559713,-1.4549019972430628,-1.220090691243307,1.5708225965499878,-0.7353923956500452,0
122,1788171473.6507578,-0.07653475155918563,-0.6606917801407675,0.10420630781194584,-1.20167736999638,2.9025319680647335,0.0004403654404904771,-1.5212820211993616,-2.0429094473468226,-1.4503949324237269,-1.219395939503805,1.5708345174789429,-0.7355364004718226,0
123,1788171473.6908135,-0.07652923388555262,-0.6622350311398655,0.10219029545518132,-1.201665565554292,2.902503462789057,0.0005757578831164987,-1.5213897863971155,-2.048056427632467,-1.4479854742633265,-1.2167499701129358,1.5708345174789429,-0.7356441656695765,0
124,1788171473.7316642,-0.07663954946244562,-0.6632026816431292,0.09977982944187416,-1.2013113986940402,2.9026818255531577,0.0004466638678969108,-1.5216296354876917,-2.0522072950946253,-1.4482014814959925,-1.2122958342181605,1.5708345174789429,-0.7356322447406214,0
125,1788171473.7743628,-0.07683398672219859,-0.6635992599469148,0.09678797864743155,-1.2004616552533744,2.9029945892728732,0.0006039272758641946,-1.5219538847552698,-2.055699173604147,-1.450958553944723,-1.2061532179461878,1.5708345174789429,-0.7353804747210901,0
126,1788171473.817433,-0.07682154689020404,-0.6636854062067254,0.09362626061461662,-1.2000645053056584,2.903266999421946,-3.286790450798103e-06,-1.5219538847552698,-2.0584219137774866,-1.4555018583880823,-1.1984894911395472,1.5708705186843872,-0.7350805441485804,0
127,1788171473.8588278,-0.07686867251081941,-0.6637012323829979,0.09042159059812371,1.1994545824690956,-2.903565902081597,0.00016351154222059462,-1.5220015684710901,-2.061193291340963,-1.4600322882281702,-1.1910536924945276,1.570798635482788,-0.7346966902362269,0
128,1788171473.9002285,-0.07686968644570574,-0.6636172449204013,0.08657237461140446,-1.1987254414236967,2.9038234025058793,9.547379974660233e-05,-1.5220134894000452,-2.064504925404684,-1.465426270161764,-1.182540241871969,1.5708465576171875,-0.7342169920550745,0
129,1788171473.9410396,-0.076882981658186,-0.6636182244398205,0.08334977413040562,-1.1983867428184303,2.903988311914087,0.0001053094255321107,-1.5220254103290003,-2.0674198309527796,-1.4697778860675257,-1.1752718130694788,1.5708225965499878,-0.7339895407306116,0
130,1788171473.9814875,-0.07687612558145354,-0.6636464822313186,0.08010310598543527,-1.1979889352462834,2.9041592196116577,-3.430961741464886e-05,-1.5220254103290003,-2.0704310576068323,-1.4740808645831507,-1.1678717772113245,1.5708465576171875,-0.7337139288531702,0
131,1788171474.0234342,-0.07688172870376617,-0.6635880698334503,0.07685835361345328,-1.1977673012949306,2.904167976464818,0.00035866312781025143,-1.5220254103290003,-2.0734427610980433,-1.478299919758932,-1.1609023253070276,1.5708345174789429,-0.7335813681231897,0
132,1788171474.0611863,-0.0768604366552282,-0.6636455778159747,0.07377769128373562,-1.1976404412985402,2.9043043333422145,-3.9943674939980235e-05,-1.5220015684710901,-2.0763819853412073,-1.4823277632342737,-1.1536701361285608,1.5708465576171875,-0.7334497610675257,0
133,1788171474.1011312,-0.07687519831486928,-0.6636654798099738,0.07061623550945417,-1.1974225720043288,2.904416492804334,-0.00013095762326192,-1.5220254103290003,-2.0794532934771937,-1.4863317648517054,-1.1465333143817347,1.5708465576171875,-0.7333181540118616,0
134,1788171474.143661,-0.07686254868693657,-0.6635534152361646,0.06721440655495128,-1.1972744610777366,2.904306829761516,0.0006768272763228432,-1.521989647542135,-2.082752529774801,-1.4905031363116663,-1.1396001021014612,1.5708225965499878,-0.7332218329059046,0
135,1788171474.1841192,-0.07687195194605452,-0.6636272104444789,0.06409482594457153,-1.1972307141325604,2.9044483100613316,0.00011810909830638364,-1.5220134894000452,-2.0858715216266077,-1.4944232145892542,-1.1321876684771937,1.5708345174789429,-0.7331855932818812,0
136,1788171474.2254877,-0.07685401135814006,-0.6636160718961499,0.061008970369128834,-1.1972782159892394,2.9044652672884355,-8.72080958575547e-05,-1.521989647542135,-2.088907066975729,-1.4983304182635706,-1.1251104513751429,1.5708465576171875,-0.7331855932818812,0
137,1788171474.2676363,-0.07685873544945912,-0.6635682615019812,0.05774374653423725,-1.197149501348785,2.9043987154059567,0.00028822571197085437,-1.5220015684710901,-2.0922544638263147,-1.5021541754352015,-1.1182015577899378,1.5708705186843872,-0.7331379095660608,0
138,1788171474.3095589,-0.07689620277754348,-0.6637251553082627,0.0541231836131959,-1.1970975602145222,2.9044711914287036,0.000192195094444831,-1.5220616499530237,-2.0963333288775843,-1.5059178511248987,-1.1102855841266077,1.5708465576171875,-0.7331498304950159,0
139,1788171474.3513954,-0.07685798601362512,-0.6641858734690835,0.05218403261235216,1.197133007045539,-2.9045080101437857,0.0004526964381396497,-1.5220378080951136,-2.0991767088519495,-1.5069850126849573,-1.1059392134295862,1.5708465576171875,-0.7331379095660608,0
140,1788171474.3953888,-0.0768003362416393,-0.6649326537199711,0.05084861382879127,1.1971787516241656,-2.9044696212926873,0.00047598380415726354,-1.5220015684710901,-2.102151695881979,-1.5060022513019007,-1.103926960621969,1.5708345174789429,-0.7331379095660608,0
141,1788171474.4382436,-0.07679771103800653,-0.6663358994134015,0.04989661963142317,-1.1971204435871747,2.9045266888211905,-0.0001288368589041441,-1.522109333668844,-2.1062310377704065,-1.5020583311664026,-1.104034725819723,1.5708585977554321,-0.7331975142108362,0
142,1788171474.4788983,-0.07678927987063908,-0.6679283759656268,0.04994052127664342,1.1971698760397846,-2.904544412780943,0.00018599487721157016,-1.5222051779376429,-2.109542194996969,-1.4965804258929651,-1.1061542669879358,1.5708345174789429,-0.7333181540118616,0
143,1788171474.5203164,-0.07681511534344894,-0.6694751720080174,0.049937156863326976,-1.1970672410840322,2.90454306541309,-4.9832009036281055e-05,-1.5223611036883753,-2.1128771940814417,-1.4911506811725062,-1.1083453337298792,1.5708465576171875,-0.7334139982806605,0
144,1788171474.5612664,-0.07681444415829317,-0.6711435426054613,0.04999488198841373,1.1971107612204175,-2.9045031714338907,0.0005090977305469898,-1.5224812666522425,-2.116248432789938,-1.4855883757220667,-1.1102259794818323,1.5708465576171875,-0.7335694471942347,0
145,1788171474.6024294,-0.07679690960292232,-0.6727190230102487,0.04996472853343176,-1.1972190301565824,2.904516234688072,-0.00030728844371237285,-1.5225771109210413,-2.1196916739093226,-1.4800265471087855,-1.1124895254718226,1.5708705186843872,-0.7337258497821253,0
146,1788171474.6433372,-0.07681015164668886,-0.6743349048310373,0.04998913559789753,1.1971718684590247,-2.90450207260228,0.00029891059889237167,-1.5226967970477503,-2.123111073170797,-1.4743807951556605,-1.114704434071676,1.5708225965499878,-0.7338212172137659,0
147,1788171474.682549,-0.07684245889337057,-0.6761818514899197,0.05003960963671572,1.1971484910914432,-2.904494490519435,0.0003687290083661653,-1.522877041493551,-2.126998249684469,-1.467895809804098,-1.1172550360309046,1.5708225965499878,-0.7339895407306116,0
148,1788171474.721237,-0.0768459278047228,-0.6772314187356584,0.04997864094199303,-1.1972840447708566,2.9044774424745605,-9.006563607288566e-05,-1.5229609648333948,-2.129385773335592,-1.4641078154193323,-1.1188481489764612,1.5708345174789429,-0.7341573874102991,0
149,1788171474.7631342,-0.07712469221062387,-0.6778246151865569,0.049874759250709166,-1.1972334444543047,2.904403829018744,0.00046063751743337416,-1.5234044233905237,-2.1309693495379847,-1.461710278187887,-1.1200216452227991,1.570798635482788,-0.734588925038473,0
150,1788171474.8050303,-0.07740715379987782,-0.6786386389366785,0.04997622872803506,1.197204163452653,-2.9045293303842805,7.739872980404213e-05,-1.523884121571676,-2.132541004811422,-1.4589412848102015,-1.120859448109762,1.5708105564117432,-0.735020939503805,0
151,1788171474.844675,-0.07758556430216355,-0.6791541399764861,0.04977615396591664,-1.1971457454168555,2.904536980874597,1.143813952651034e-05,-1.5241840521441858,-2.133920494710104,-1.4572270552264612,-1.1212542692767542,1.5708105564117432,-0.7352846304522913,0
152,1788171474.8865724,-0.07772225682366506,-0.6794671767334236,0.04916958364269633,-1.1970633815099743,2.9045356720070874,9.810233776174742e-05,-1.524411980305807,-2.1352761427508753,-1.4567001501666468,-1.12048846880068,1.5708225965499878,-0.7354643980609339,0
153,1788171474.9280598,-0.07782273927170905,-0.6795731402147255,0.04794192410955578,-1.1970159785448475,2.904518941607195,0.00024471741102697,-1.5245679060565394,-2.1368354002581995,-1.4575870672809046,-1.1181414763080042,1.5708225965499878,-0.7355964819537562,0
154,1788171474.9713173,-0.07785471139400461,-0.6796942319310575,0.04599752739863741,-1.1968695074324214,2.904656920674125,-0.00012465662407847003,-1.5246275107013147,-2.139031235371725,-1.4595525900470179,-1.113734547291891,1.5708345174789429,-0.7355364004718226,0
155,1788171475.0134985,-0.07785119361070902,-0.6796549043633304,0.04243656380451616,-1.1967461898988319,2.904654521037272,0.0001460315034892682,-1.5246155897723597,-2.1427624861346644,-1.4634726683246058,-1.1062620321856897,1.5708225965499878,-0.7354524771319788,0
156,1788171475.0557559,-0.07787557685089416,-0.6795984349790047,0.03915255533758363,-1.1966601125464102,2.9045950455669205,0.000474542357897871,-1.524651829396383,-2.1462419668780726,-1.4670208136187952,-1.0994609037982386,1.5708345174789429,-0.7354524771319788,0
157,1788171475.094686,-0.0778716279649602,-0.6796243609911233,0.036070498380109894,-1.1966644421472465,2.904656663641826,0.0001622156662955874,-1.524651829396383,-2.149552647267477,-1.4704011122332972,-1.0925629774676722,1.5708465576171875,-0.7354400793658655,0
158,1788171475.1347284,-0.07785558609809962,-0.6796752995591859,0.03292041856859401,-1.1967869912106508,2.9047024156871513,-0.00017118425386953754,-1.5246275107013147,-2.15302020708193,-1.4737332502948206,-1.0855334440814417,1.5708345174789429,-0.7354767958270472,0
159,1788171475.1751504,-0.07786090941785186,-0.679560080283163,0.02963099573918651,-1.196708630051872,2.904512274522039,0.0007283047532209657,-1.5246275107013147,-2.1566551367389124,-1.4769700209247034,-1.0792701880084437,1.5708345174789429,-0.7354767958270472,0
160,1788171475.2168388,-0.07787093814199103,-0.6796392995308526,0.026930831758082696,-1.1967441615051913,2.9046004584291145,0.00025667155494024717,-1.524651829396383,-2.159738842641012,-1.4796908537494105,-1.073150936757223,1.5708465576171875,-0.7355006376849573,0
161,1788171475.2600048,-0.07793045573862314,-0.6797574556823892,0.024831950077070036,1.1966718957653555,-2.9046236086289796,0.0005828197879986239,-1.5247357527362269,-2.1621621290790003,-1.4818599859820765,-1.0679777304278772,1.5708105564117432,-0.7355364004718226,0
162,1788171475.300802,-0.0779254711942892,-0.6797501549062958,0.023840777082144604,1.1968880331229612,-2.9046054964015626,0.0005744747841335017,-1.5247481505023401,-2.1632898489581507,-1.4828313032733362,-1.0659058729754847,1.5708705186843872,-0.7356804052935999,0
163,1788171475.345446,-0.07796114512043369,-0.6797347821127259,0.023519005858653852,1.1967984883799179,-2.9046831124272785,0.00035456045286193195,-1.5247958342181605,-2.1636856237994593,-1.4830592314349573,-1.0654266516314905,1.5708585977554321,-0.7356565634356897,0
164,1788171475.3881297,-0.07797050329185458,-0.6797663718779782,0.023609061702194845,1.1967771534870746,-2.904631323382463,0.0005434188941083175,-1.5248077551471155,-2.1636017004596155,-1.4829753080951136,-1.0654624144183558,1.5708465576171875,-0.7356684843646448,0
165,1788171475.4299016,-0.07797198202776875,-0.6799656565803849,0.023614202179824767,1.1967888177886281,-2.904659619543529,0.0005209003662249852,-1.5248315970050257,-2.1640213171588343,-1.48224383989443,-1.0657981077777308,1.5708705186843872,-0.735692326222555,0
166,1788171475.470005,-0.07798017530621533,-0.6808440234514643,0.023425757728799512,-1.1966571224372076,2.9046841152168494,0.00011923499015354945,-1.524891201649801,-2.1662171522723597,-1.4789593855487269,-1.0673068205462855,1.5708345174789429,-0.7356684843646448,0
167,1788171475.512558,-0.07798213679435231,-0.6822807511112184,0.02346305763315401,-1.1967312098849827,2.9047164483128567,-0.0002467110353812473,-1.5249994436847132,-2.169084374104635,-1.4740570227252405,-1.0691030661212366,1.5708585977554321,-0.7358124891864222,0
168,1788171475.5525897,-0.07802854441818938,-0.6833972266793488,0.023447927530019452,-1.196817226810521,2.9046283474445946,-3.3854837900046565e-05,-1.5251429716693323,-2.1714957396136683,-1.4699695746051233,-1.070923153554098,1.5708585977554321,-0.73602801958193,0
169,1788171475.594289,-0.07828320474770967,-0.6837132440538517,0.023424649240279122,-1.1967292783398098,2.9045623859599607,0.00021198534070443088,-1.525550667439596,-2.172311607991354,-1.468602482472555,-1.0716536680804651,1.570894479751587,-0.7363999525653284,0
170,1788171475.6374679,-0.07824570408109278,-0.6837089040427826,0.02347271174819776,-1.196900985147145,2.9045839095919948,6.201740133788737e-05,-1.5254791418658655,-2.172191921864645,-1.468698803578512,-1.0715583006488245,1.5708465576171875,-0.7364242712603968,0
171,1788171475.680129,-0.0782624398796511,-0.6837000781882422,0.02346928204959492,-1.1968392705990645,2.904632698149429,0.00013473242351163072,-1.5254910627948206,-2.172191921864645,-1.468698803578512,-1.071594540272848,1.5708105564117432,-0.7363880316363733,0
172,1788171475.7181208,-0.07825141736227761,-0.6837010357627206,0.023465287872014268,-1.1968205080183572,2.9045871739425304,0.00012678925869712474,-1.5254910627948206,-2.1722038427936,-1.468686882649557,-1.071606461201803,1.5708585977554321,-0.7363880316363733,0
173,1788171475.7574682,-0.07822055783939,-0.6837198661113614,0.023446738802793604,-1.19691361998046,2.904565427498918,0.00011557971957144797,-1.525442902241842,-2.17225152650942,-1.4686630407916468,-1.0715706984149378,1.5708465576171875,-0.7363999525653284,0
174,1788171475.7982278,-0.07823601834980633,-0.6837436831933351,0.02333287731442163,-1.1963823937303062,2.904858833580026,-0.00018534038951403744,-1.5254672209369105,-2.172359291707174,-1.4688666502581995,-1.0710557142840784,1.5708465576171875,-0.7360404173480433,0
175,1788171475.836431,-0.07823384070712436,-0.6837265073781046,0.02234192111222011,1.19513044722031,-2.905379036316865,0.00015005036435992452,-1.5254548231707972,-2.1734517256366175,-1.4698856512652796,-1.0689595381366175,1.5708225965499878,-0.7351649443255823,0
176,1788171475.8763142,-0.07827299701417345,-0.6837041176997349,0.020609889418394423,-1.1932427730681192,2.906141512539448,-9.57426449427284e-05,-1.5255149046527308,-2.1754067579852503,-1.4715879599200647,-1.065343205128805,1.5708345174789429,-0.7339289824115198,0
177,1788171475.9152968,-0.07824195974353154,-0.6836082103072919,0.01798205776748732,-1.190537498931687,2.9070894441235464,0.0006715859274724494,-1.5254548231707972,-2.178406063710348,-1.473996941243307,-1.0604451338397425,1.5708105564117432,-0.7320464293109339,0
178,1788171475.9546778,-0.07823234189241406,-0.6835808736014823,0.016155746427278128,-1.1880133526473113,2.9080819801333124,0.0007797439164168705,-1.525442902241842,-2.1804936567889612,-1.4757469336139124,-1.0566847960101526,1.5708225965499878,-0.7303078810321253,0
179,1788171475.9947066,-0.07823223020988458,-0.6836413140274581,0.014485625352595483,-1.1849638530641373,2.9093868031573336,0.0004209708846201383,-1.5254548231707972,-2.1824854055987757,-1.4772933165179651,-1.0529125372516077,1.5708465576171875,-0.7282083670245569,0
180,1788171476.0358171,-0.07822582026299937,-0.6837245707271671,0.013550055689641627,-1.1831933956008736,2.91023439705965,1.29805226537471e-05,-1.525442902241842,-2.1836493651019495,-1.4781206289874476,-1.0506370703326624,1.5708225965499878,-0.7269490400897425,0
181,1788171476.0776086,-0.07820343260787156,-0.6837978684121553,0.013594357084907777,1.1829598799405323,-2.9103580461520697,0.00036726588236827065,-1.525430981312887,-2.1836612860309046,-1.4780367056476038,-1.050469223652975,1.5708705186843872,-0.7267697493182581,0
182,1788171476.118693,-0.07817726711385478,-0.6837803693304111,0.013544942006092658,-1.1830115060618047,2.9103358929946297,-0.00021279098340283692,-1.5253832975970667,-2.183709446583883,-1.478072468434469,-1.05048114458193,1.5708465576171875,-0.726757828389303,0
183,1788171476.1592286,-0.0781823429705971,-0.6837865652113565,0.013600811229218135,1.1830295967059805,-2.9103306602938512,0.0003073559881058255,-1.5253952185260218,-2.1836374441729944,-1.4780486265765589,-1.0505173842059534,1.5708585977554321,-0.7267816702472132,0
184,1788171476.20108,-0.07819623219315304,-0.6837804667067536,0.01356146710100345,1.1829907939431188,-2.9103346667769374,0.00024247513913431493,-1.5254071394549769,-2.1836851278888147,-1.478072468434469,-1.05048114458193,1.5708345174789429,-0.7267697493182581,0
185,1788171476.246104,-0.07818278627678006,-0.6837768077059642,0.013564174259285772,-1.1830275814734619,2.910325707443755,-0.00025440842476103583,-1.5253952185260218,-2.1836732069598597,-1.4780848662005823,-1.05048114458193,1.5708585977554321,-0.7267816702472132,0
186,1788171476.2858665,-0.07817149475706316,-0.6837823637339163,0.013553042475272448,1.1830450896241882,-2.910317072134064,0.0002241207657744417,-1.5253708998309534,-2.183697525654928,-1.478072468434469,-1.05048114458193,1.5708345174789429,-0.7267697493182581,0
187,1788171476.326922,-0.07819365226862086,-0.6837766870615548,0.013551913921961561,-1.1829594652916902,2.9103570471963436,-0.00021279099110661567,-1.5254071394549769,-2.183697525654928,-1.478072468434469,-1.050493065510885,1.5708465576171875,-0.726745907460348,0
188,1788171476.3668475,-0.07815988719578257,-0.6837987926437331,0.013585988853885289,1.1830035380177895,-2.9103162808519127,0.0003532771026373193,-1.5253589789019983,-2.1836612860309046,-1.4780610243426722,-1.050445858632223,1.5708465576171875,-0.7267335096942347,0
189,1788171476.4075105,-0.0781913725270641,-0.6837662984238868,0.013564831159873253,-1.1829198044717752,2.9103609156165655,-0.0002191091403177408,-1.5254071394549769,-2.1836612860309046,-1.4780967871295374,-1.0505049864398401,1.5708585977554321,-0.7267215887652796,0
190,1788171476.4483137,-0.07817496957878904,-0.6837703776343576,0.013554930558340561,-1.1829913863181991,2.910336118139683,-0.00023675861534698162,-1.5253832975970667,-2.1836732069598597,-1.4781087080584925,-1.050469223652975,1.5708585977554321,-0.726745907460348,0
191,1788171476.490124,-0.07818030276654528,-0.6837741187685068,0.013540617517742437,1.1829570880536735,-2.9103531900616795,0.00022270912719102588,-1.5253832975970667,-2.183697525654928,-1.4781087080584925,-1.050445858632223,1.5708345174789429,-0.7267215887652796,0
192,1788171476.5284047,-0.07816979289805978,-0.6837592704813898,0.013540708244321575,-1.1828705926539422,2.9103890340157963,-0.000195846691300989,-1.5253708998309534,-2.1836732069598597,-1.4781439940081995,-1.0504573027240198,1.5708465576171875,-0.7266495863543909,0
193,1788171476.5697434,-0.07817534021352072,-0.6837577007444973,0.013547679718749761,1.1826940824345777,-2.9104560486276148,0.00018327425364758043,-1.5253708998309534,-2.1836612860309046,-1.4781439940081995,-1.050469223652975,1.5708225965499878,-0.7265294233905237,0
194,1788171476.6111836,-0.07817556541518496,-0.6837527465423963,0.013539312360072747,1.1826595074681407,-2.910470443683606,0.00018186252859516102,-1.5253708998309534,-2.1836612860309046,-1.4781683127032679,-1.050445858632223,1.5708225965499878,-0.7265055815326136,1
195,1788171476.6502275,-0.07816651566537473,-0.6837734453680854,0.013549072758632569,1.1825660208778719,-2.9104910693533843,0.0002531690196406143,-1.5253589789019983,-2.1836732069598597,-1.4781325499164026,-1.0504215399371546,1.5708225965499878,-0.7264335791217249,1
196,1788171476.68834,-0.07817487395843137,-0.6837679578707807,0.01353141913425579,1.1825886183014553,-2.9104949526913817,0.000199512867841253,-1.5253708998309534,-2.183697525654928,-1.4781325499164026,-1.0504334608661097,1.5708225965499878,-0.7264578978167933,1
197,1788171476.7261314,-0.07817029360632752,-0.6837527739896987,0.013525777023233876,-1.1825019719004064,2.910484653526028,-0.00014271572331752628,-1.5253832975970667,-2.183697525654928,-1.4781325499164026,-1.050493065510885,1.5708825588226318,-0.7264216581927698,1
198,1788171476.7633288,-0.07818698968018754,-0.6837448523888233,0.013516533324585467,-1.1824958970356312,2.9105194545509816,-0.00010618167396849513,-1.5253952185260218,-2.183697525654928,-1.4781563917743128,-1.05048114458193,1.5708465576171875,-0.7264216581927698,1
199,1788171476.8027253,-0.07818383950548485,-0.6837536253434062,0.013531479503517435,-1.1825836767972027,2.910484775926105,-0.0001668613994058646,-1.5253952185260218,-2.1836851278888147,-1.4781439940081995,-1.050469223652975,1.5708585977554321,-0.7264817396747034,1
200,1788171476.8434203,-0.07817898815951281,-0.6837379821099805,0.013514585711337929,-1.1825593873792515,2.91052449593879,-7.035235687588532e-05,-1.5253708998309534,-2.1836851278888147,-1.478180233632223,-1.05048114458193,1.5708105564117432,-0.7264335791217249,1
201,1788171476.883372,-0.07818396887946483,-0.6837533954526126,0.013525776253190847,-1.1825232439970492,2.9105370186541015,-0.0001112628397854456,-1.5253832975970667,-2.183697525654928,-1.4781325499164026,-1.050493065510885,1.5708225965499878,-0.7264216581927698,1
202,1788171476.9239643,-0.07817859091557992,-0.6837512391099314,0.013556199272598518,-1.1825177409932124,2.910523468333133,-0.00015913229858375452,-1.5253832975970667,-2.1836493651019495,-1.4781325499164026,-1.0505173842059534,1.5708465576171875,-0.7264216581927698,1
203,1788171476.9634204,-0.0781786596004352,-0.6837497277014318,0.013523112108461244,-1.1825878277779247,2.9104949943937513,-0.0001591329508232683,-1.5253832975970667,-2.1836851278888147,-1.4781683127032679,-1.050445858632223,1.5708465576171875,-0.7264698187457483,1
204,1788171477.0037014,-0.0781767134139199,-0.6837320045897933,0.013444138079250517,-1.1826039023156665,2.9104848064209348,-0.00020074945090040784,-1.5253832975970667,-2.1837332884417933,-1.4783242384540003,-1.0502179304706019,1.5708585977554321,-0.7264817396747034,1
205,1788171477.045725,-0.07817828597852582,-0.6836974003449834,0.01257344339071012,-1.1825448087838535,2.9104905978629287,-0.00012591188717136822,-1.5253832975970667,-2.1847050825702112,-1.479199234639303,-1.0484216848956507,1.5708585977554321,-0.72644550005068,1
206,1788171477.0890884,-0.07820149073671952,-0.6836646917235485,0.011072169899504963,-1.182570093043897,2.9104513632286997,0.0001062817242354565,-1.5254071394549769,-2.1864684263812464,-1.480542008076803,-1.0454638640033167,1.5708345174789429,-0.7264936606036585,1
207,1788171477.130829,-0.07818929544728007,-0.6836335359058524,0.008743458410239546,-1.182660270298553,2.910323145249351,0.00036896480250655296,-1.5253952185260218,-2.189239803944723,-1.482579533253805,-1.0408409277545374,1.5708585977554321,-0.7265656630145472,1
208,1788171477.172388,-0.07818780249857821,-0.6837895350233786,0.005485682824936028,1.18292922679443,-2.9102846544513152,0.0003817736194782689,-1.5253832975970667,-2.1932829062091272,-1.4853728453265589,-1.0334761778460901,1.570798635482788,-0.7267215887652796,1
209,1788171477.2123563,-0.07817307760930295,-0.6842296699758722,0.004479109225905109,1.1826310286427013,-2.9096501912260297,0.003698655698659235,-1.5254071394549769,-2.1946266333209437,-1.4866555372821253,-1.028625790272848,1.5708465576171875,-0.7267215887652796,1
210,1788171477.2533793,-0.07815132118838115,-0.6845323558450139,0.003897636626685297,1.1825140474506768,-2.9091616964780904,0.005715082106822439,-1.5253832975970667,-2.1954663435565394,-1.487314526234762,-1.0257514158831995,1.5708105564117432,-0.726745907460348,1
211,1788171477.297639,-0.07817222807756068,-0.684487671744301,0.0037950697927397192,1.1824466143451824,-2.909196422152712,0.005796798758218884,-1.525419060383932,-2.1954906622516077,-1.4875906149493616,-1.0254042784320276,1.5708345174789429,-0.7267335096942347,1
212,1788171477.339559,-0.07815574708961945,-0.684493090231415,0.003541254331537236,1.1825546930199404,-2.909261518158052,0.005353095729278872,-1.5253952185260218,-2.1959102789508265,-1.487530533467428,-1.0253446737872522,1.5708345174789429,-0.726757828389303,1
213,1788171477.3798766,-0.0781387484748866,-0.6844422154129741,0.0035368045887218813,1.1826268232562227,-2.909287773754326,0.005183082014454331,-1.5253708998309534,-2.195850197468893,-1.4876144568072718,-1.0254400412188929,1.5708465576171875,-0.7267697493182581,1
214,1788171477.4203427,-0.07816534961194048,-0.6843416965617609,0.0034732375136527216,1.1825974980249288,-2.909366934787693,0.0047972706768330585,-1.5253952185260218,-2.1958144346820276,-1.4877942244159144,-1.025548283253805,1.5708225965499878,-0.726757828389303,1
215,1788171477.459169,-0.07815387400492778,-0.6842951340028928,0.0034353549409927298,1.1826242374322793,-2.9094325712922386,0.004597539515561796,-1.5253832975970667,-2.1958144346820276,-1.487866226826803,-1.0256198088275355,1.5708465576171875,-0.726745907460348,1
216,1788171477.5008745,-0.07816073841915243,-0.6840789249683429,0.0037266232778885855,1.1827046122547564,-2.9094793478077507,0.004161607748568353,-1.5253708998309534,-2.195118252431051,-1.4881294409381312,-1.0263388792621058,1.5708225965499878,-0.7267697493182581,1
217,1788171477.5432098,-0.07817625379232436,-0.6839231656890575,0.00383989281994912,1.1827555167692947,-2.9097060288350454,0.003151889104324118,-1.5253832975970667,-2.1949027220355433,-1.487973992024557,-1.0273922125445765,1.5708225965499878,-0.726757828389303,1
218,1788171477.5856514,-0.07819732346845844,-0.6836958598745869,0.004052683607841584,1.1827492191531237,-2.910291263201673,0.0008799017729293857,-1.5254071394549769,-2.1947224775897425,-1.4872186819659632,-1.0298712889300745,1.5708465576171875,-0.7266376654254358,1
219,1788171477.6253223,-0.07818218597127925,-0.6832533510002394,0.004885955553482119,-1.1821085191558574,2.9100673221912237,0.0026747849298355856,-1.5253351370440882,-2.1936305204974573,-1.485971752797262,-1.0345900694476526,1.5707865953445435,-0.726241413746969,1
220,1788171477.6643274,-0.07822700784550804,-0.6826815989999216,0.006631051497549084,-1.180979436017749,2.9094880535223115,0.006800840614460664,-1.5253708998309534,-2.1913517157184046,-1.4839699904071253,-1.0416672865497034,1.5708105564117432,-0.7257497946368616,1
221,1788171477.703524,-0.07820016883105173,-0.6827348049934683,0.010013583582269503,-1.1804391768739178,2.909757784300784,0.0064318290247975035,-1.5253470579730433,-2.1873324553119105,-1.4809859434710901,-1.0484336058246058,1.5708465576171875,-0.7253425757037562,1
222,1788171477.745778,-0.07818033334399742,-0.6831132192886231,0.013765441407511403,-1.1802298710336845,2.9104446201087324,0.004088621715039784,-1.5253351370440882,-2.1831091086017054,-1.4776533285724085,-1.0543974081622522,1.5708225965499878,-0.7250426451312464,1
223,1788171477.7837257,-0.07818848735377994,-0.683290218110969,0.017263092112990153,-1.1801165531245514,2.9107669370402345,0.00295723575145977,-1.5253589789019983,-2.1791260878192347,-1.474440876637594,-1.0608285109149378,1.5708225965499878,-0.7249224821673792,1
224,1788171477.8245316,-0.07813966333157378,-0.683530478774257,0.020822263022828302,-1.180111442601756,2.911107135700665,0.0014572582407698295,-1.525311295186178,-2.175154987965719,-1.4711082617389124,-1.067127529774801,1.5708465576171875,-0.7247903982745569,1
225,1788171477.8652894,-0.07818468384407684,-0.6836777133265358,0.024285068838470203,-1.1798028594017425,2.9114981594539704,0.00041993400765788134,-1.5253832975970667,-2.1712797323810022,-1.4678242842303675,-1.0735819975482386,1.5708345174789429,-0.7245867888080042,1
226,1788171477.9048686,-0.07818037283374318,-0.6836469884039652,0.02746118054692631,-1.1796274670331643,2.9115160390306745,0.00069524512297217,-1.5253708998309534,-2.1677168051349085,-1.4646113554583948,-1.0805395285235804,1.5708225965499878,-0.724466625844137,1
227,1788171477.9464362,-0.07813613754054914,-0.6837282484416036,0.030733910890148125,-1.1797234175254232,2.911605239201784,0.00016771335559969574,-1.525311295186178,-2.1641176382647913,-1.461339298878805,-1.0870545546161097,1.5708225965499878,-0.7244423071490687,1
228,1788171477.9881148,-0.07817554536070204,-0.6837531878155451,0.034663433706624364,-1.1796229861033525,2.9117064108857096,-8.159526732035111e-05,-1.5253708998309534,-2.1598227659808558,-1.457310978566305,-1.0952094236956995,1.5708225965499878,-0.7244184652911585,1
229,1788171478.0309007,-0.07816395420643493,-0.6837093462602438,0.0378106076668798,-1.17954663009925,2.9116176993635214,0.000298545400771768,-1.5253589789019983,-2.1564391295062464,-1.4538949171649378,-1.102274243031637,1.5708465576171875,-0.7243827025042933,1
230,1788171478.0736628,-0.07817022510941846,-0.6836918630257139,0.04103436135308394,-1.1794816052587878,2.9116586531745297,0.00035133927662332477,-1.5253589789019983,-2.1529844442950647,-1.4504550139056605,-1.1091960112201136,1.5708225965499878,-0.7243345419513147,1
231,1788171478.116767,-0.0781591620632856,-0.6837568397251644,0.044314942698206045,-1.179484163471298,2.9117646996343023,-9.006957739553451e-05,-1.5253470579730433,-2.149564568196432,-1.446894947682516,-1.115877930318014,1.5708225965499878,-0.7242987791644495,1
232,1788171478.1576293,-0.07815678287267513,-0.6837466328914278,0.048174627862514335,-1.17937209704344,2.9117394145643534,-2.4726029063859162e-05,-1.5253589789019983,-2.1455820242511194,-1.4425438086139124,-1.12427264848818,1.5708705186843872,-0.724250618611471,1
233,1788171478.1994658,-0.07815399854930284,-0.6837525859319372,0.051302299118565375,-1.1794044211966779,2.9117693410220347,8.079132209166776e-05,-1.5253351370440882,-2.1424267927752894,-1.4389117399798792,-1.1311100164996546,1.5708105564117432,-0.7242386976825159,1
234,1788171478.240837,-0.0781672452993665,-0.68375739858242,0.054573769006583533,-1.1793410476243822,2.911812390807165,-4.769177996579434e-05,-1.5253589789019983,-2.1391270796405237,-1.435159985219137,-1.1380789915667933,1.5708225965499878,-0.7242148558246058,1
235,1788171478.28288,-0.07817335730357765,-0.6837413898503932,0.05781901465131864,-1.1793191743075413,2.911808265746809,-5.039427290159341e-05,-1.5253708998309534,-2.13588792482485,-1.4313719908343714,-1.1451085249530237,1.5708345174789429,-0.7242148558246058,1
236,1788171478.3226583,-0.0781596617921814,-0.6838037502023251,0.06161253807798914,1.179351625077709,-2.9117886011577205,0.0003935858108759958,-1.5253589789019983,-2.132240597401754,-1.4267929236041468,-1.1531074682818812,1.5708465576171875,-0.7242267767535608,1
237,1788171478.3632414,-0.07817155391170068,-0.6837810626219752,0.06413722072914288,1.1794171085828224,-2.911798658532135,0.00018600176478154488,-1.5253708998309534,-2.129829231892721,-1.4236529509173792,-1.1587947050677698,1.5708345174789429,-0.7242749373065394,1
238,1788171478.4070418,-0.07814959196254634,-0.6837290792368647,0.06799238523191128,-1.1793775691942066,2.911752928634614,8.026805848633421e-05,-1.5253351370440882,-2.12614614168276,-1.4188817183123987,-1.1674287954913538,1.5708345174789429,-0.7242267767535608,1
239,1788171478.4489582,-0.07814812043031666,-0.6837614259267719,0.07123825640514508,-1.1794167140356429,2.9117996796265513,-0.00018247048955780728,-1.5253351370440882,-2.1231349150287073,-1.41481858888735,-1.1743257681476038,1.5708345174789429,-0.7242386976825159,1
240,1788171478.4923322,-0.07816370621686879,-0.6837753170120612,0.07439752165983685,-1.1793775591984472,2.911802771744228,-0.00012526085555296924,-1.5253589789019983,-2.1203039328204554,-1.410659138356344,-1.181354824696676,1.5708345174789429,-0.7242386976825159,1
241,1788171478.5344656,-0.07815942461501513,-0.6837510670476638,0.07820958800553321,-1.1793593670292877,2.9117578682180305,0.00014653461159222294,-1.5253470579730433,-2.116908375416891,-1.4055889288531702,-1.1899998823748987,1.5708225965499878,-0.7242267767535608,1
242,1788171478.578149,-0.07815246101841926,-0.6837863835011526,0.08144621412236042,1.179427552329652,-2.9117765655647236,0.0001466318999685917,-1.5253351370440882,-2.1140530745135706,-1.4013450781451624,-1.1968968550311487,1.5708105564117432,-0.724250618611471,1
243,1788171478.6217437,-0.0781754696224224,-0.6836949211598524,0.08528259838043203,-1.179326997841294,2.9117278387466934,0.00026813046081139723,-1.5253708998309534,-2.1106699148761194,-1.396191422139303,-1.2057221571551722,1.5708345174789429,-0.7242386976825159,1
244,1788171478.6639335,-0.07815110833822898,-0.683755632854479,0.08843886557081868,-1.1793563768748183,2.9118003589154053,-2.3677406726879804e-05,-1.5253351370440882,-2.10804254213442,-1.3918283621417444,-1.2125113646136683,1.5708225965499878,-0.7242029348956507,1
245,1788171478.7037501,-0.07816996364761197,-0.6837555145219251,0.09166065992061187,-1.1793076884005316,2.9118297791897785,-0.00017675903232907566,-1.5253708998309534,-2.1053312460528772,-1.387404743825094,-1.2195513884173792,1.5708465576171875,-0.7242029348956507,1
246,1788171478.7455142,-0.07817960623885017,-0.6837243853757943,0.09487914988672777,-1.1792802497254211,2.911811925567012,0.00011257411170479946,-1.5253708998309534,-2.102715794240133,-1.3827784697162073,-1.2269757429706019,1.5708105564117432,-0.7241910139666956,1
247,1788171478.786651,-0.07816893337674247,-0.6837202725914763,0.09815375194972614,-1.1793482706882692,2.9117803485095135,7.237566811971047e-05,-1.5253589789019983,-2.1000760237323206,-1.3781035582171839,-1.234267536793844,1.5708225965499878,-0.7242267767535608,1
248,1788171478.8249059,-0.07814019178235951,-0.6837574695446267,0.10136001050607604,1.179379381486526,-2.9118072662242858,0.00021354700122963339,-1.525323216115133,-2.0975568930255335,-1.373476807271139,-1.2412245909320276,1.5708345174789429,-0.7242029348956507,1
249,1788171478.8641853,-0.07814918736499477,-0.683737973114683,0.10446805233567183,-1.1793065594013605,2.911779121652252,9.086445429260197e-05,-1.5253351370440882,-2.095217529927389,-1.3687422911273401,-1.2485039869891565,1.5708345174789429,-0.7241786162005823,1
250,1788171478.9078608,-0.07814370884437596,-0.6837400493608242,0.10767066014127397,-1.1793881677346723,2.911779090766708,1.0930700117787111e-05,-1.525323216115133,-2.0927818457232874,-1.363983456288473,-1.2556403318988245,1.5708225965499878,-0.7242148558246058,1
251,1788171478.9471214,-0.07817125347644698,-0.683727139717545,0.11083866577753773,-1.1793402049728823,2.9117604370333003,5.489999906463657e-05,-1.5253708998309534,-2.090442482625143,-1.3591530958758753,-1.262848202382223,1.5708465576171875,-0.7242386976825159,1
252,1788171478.9870121,-0.07823023897585091,-0.6836852007440283,0.11407246514974051,-1.1793995830429544,2.9117055373928618,0.00018201093323035465,-1.5254548231707972,-2.088066879902975,-1.3542025724994105,-1.2702601591693323,1.5708465576171875,-0.7243707815753382,1
253,1788171479.0281956,-0.07853579376531823,-0.6837852618637783,0.1173768928199031,1.1794294873463569,-2.9117294397049274,0.0005065309696353301,-1.5259106794940394,-2.0858357588397425,-1.3489888350116175,-1.2772401014911097,1.5708465576171875,-0.7248385588275355,1
254,1788171479.0706258,-0.07997174573719185,-0.6837888376061461,0.12108051445166843,-1.1791661549915624,2.911881375977965,-0.00015211634496825138,-1.5280216375934046,-2.0837958494769495,-1.3422520796405237,-1.2862561384784144,1.5708465576171875,-0.726757828389303,1
255,1788171479.112375,-0.08151031215967593,-0.6837442529530917,0.12426521096501877,-1.1792198560289167,2.911814451348853,8.827824622144767e-05,-1.530276123677389,-2.0820563475238245,-1.3364632765399378,-1.2939427534686487,1.5708345174789429,-0.7290599981891077,1
256,1788171479.1571372,-0.08349346826398871,-0.6838039549969205,0.1281939793378666,1.1791474017830512,-2.911831068256748,0.00043597556040020515,-1.53318959871401,-2.080028835927145,-1.3292954603778284,-1.3027790228473108,1.5708225965499878,-0.7319267431842249,1
257,1788171479.196907,-0.08514265590578836,-0.683726369850259,0.1313125566485191,-1.1789760815347667,2.9119108836619825,-6.951805220296567e-05,-1.5356243292437952,-2.0784814993487757,-1.323386017476217,-1.3105014006244105,1.5708705186843872,-0.7342413107501429,1
258,1788171479.2365265,-0.0866710368420117,-0.6837624264307217,0.13458389980037996,1.1790723999160715,-2.9118972969539554,0.00028778991144035867,-1.5378549734698694,-2.0769217650042933,-1.3172133604632776,-1.3180683294879358,1.5708225965499878,-0.7365320364581507,1
259,1788171479.2786071,-0.08832910764255285,-0.6837466208666337,0.13790777032725698,1.1789291126736565,-2.9119425288266423,0.0004990382768299548,-1.5403011480914515,-2.0753377119647425,-1.3109443823443812,-1.3257911841021937,1.5708585977554321,-0.7388828436480921,1
260,1788171479.3196805,-0.08988698711167814,-0.6837274409585264,0.14104535921794834,-1.1791218622791872,2.9119176737762653,-0.00016418030968730224,-1.542579476033346,-2.074054543172018,-1.3046277205096644,-1.333609406148092,1.5708345174789429,-0.7412808577166956,1
261,1788171479.362717,-0.09145058074093061,-0.6838195643401132,0.14419113841303546,1.1794774417113523,-2.9116902168718233,0.0005558153062077628,-1.5448821226703089,-2.0728662649737757,-1.2982752958880823,-1.3408883253680628,1.5708465576171875,-0.743847672139303,1
262,1788171479.4047112,-0.09347127772173658,-0.6837436754457807,0.14793727655817468,-1.1794136096217007,2.9117820488407733,1.1648140280398589e-05,-1.5478323141681116,-2.071474854146139,-1.290520493184225,-1.3504069487201136,1.5708105564117432,-0.7467382589923304,1
263,1788171479.4476085,-0.09498870541553671,-0.6837638912542711,0.15103709018173872,1.1796915686238374,-2.9116662404346423,0.00020231830391390378,-1.5500629583941858,-2.0703232924090784,-1.2842276732074183,-1.3577101866351526,1.5708225965499878,-0.7491605917560022,1
264,1788171479.489934,-0.09667514899185918,-0.6837788623188844,0.15327557289687122,1.1794771610888768,-2.9117334465767346,0.00022272827959566986,-1.5525324980365198,-2.0697715918170374,-1.2792413870440882,-1.3632295767413538,1.5708105564117432,-0.7514875570880335,1
265,1788171479.5306084,-0.09821301295494604,-0.6837697360306343,0.15464629001487012,-1.1793401052413668,2.911746228140318,0.00010144575043590767,-1.5547989050494593,-2.069711510335104,-1.275705639516012,-1.3670604864703577,1.5708465576171875,-0.7536700407611292,1
266,1788171479.5711472,-0.0998097289730247,-0.6837046017375524,0.15532081415312893,-1.179283727073048,2.911708800346327,0.0003259054743062845,-1.5571377913104456,-2.069855515156881,-1.2736919561969202,-1.3690837065326136,1.5708465576171875,-0.7559846083270472,1
267,1788171479.6148083,-0.10174656616593378,-0.6837088741693306,0.1554580337062838,-1.179261210688693,2.911802828599821,0.00011107239931136175,-1.5599678198443812,-2.070407215748922,-1.272529427205221,-1.3695386091815394,1.5708225965499878,-0.7587788740741175,1
268,1788171479.6576345,-0.10328830468551986,-0.6837207189605531,0.15549655166787713,-1.1792863959632787,2.911811134309915,-6.0390640071098875e-05,-1.5622342268573206,-2.070923153554098,-1.2716663519488733,-1.3697779814349573,1.5708465576171875,-0.7610581556903284,1
269,1788171479.6980128,-0.1049397657174301,-0.683755251648829,0.15554340392210497,1.1792089075985095,-2.9118213202091545,0.0003424011033936532,-1.5646446386920374,-2.071486775075094,-1.2707317511187952,-1.369946304951803,1.5708225965499878,-0.7634204069720667,1
270,1788171479.739926,-0.10693797914031154,-0.6839380189651432,0.15549804790616334,1.1792901726676912,-2.911816462725782,0.0002378614187154027,-1.5675700346576136,-2.0727346579181116,-1.268921200429098,-1.3705804983722132,1.5708225965499878,-0.7663949171649378,1
271,1788171479.7811048,-0.10844634740399751,-0.6843734036952351,0.15546414433875017,-1.1796322058969169,2.911709220041157,-9.676274477256258e-05,-1.5697768370257776,-2.0744264761554163,-1.2663925329791468,-1.371514145527975,1.5708225965499878,-0.7688291708575647,1
272,1788171479.821729,-0.11013240265167444,-0.6850644335133355,0.15550212855822584,1.1792645677297642,-2.9118051217886065,0.00026241122439671214,-1.5722349325763147,-2.076669518147604,-1.262881104146139,-1.3726637999164026,1.5708105564117432,-0.7710474173175257,1
273,1788171479.860361,-0.11169116839896372,-0.6858130540208468,0.1555044783668641,1.179235675636171,-2.9117816494189324,0.00048512266212447764,-1.5745132605182093,-2.0790212790118616,-1.259296719227926,-1.3737528959857386,1.5708345174789429,-0.7733143011676233,1
274,1788171479.9000173,-0.11327219193576421,-0.686419941606689,0.15537742043317077,-1.1793972421709873,2.9117256874600166,8.415077499408955e-05,-1.576815430318014,-2.0813844839679163,-1.2558930555926722,-1.3751900831805628,1.5708465576171875,-0.7757251898394983,1
275,1788171479.9398735,-0.11456718968108134,-0.6868860738898153,0.1554378288048648,1.1792465855696193,-2.911858493457788,0.0001452465370427935,-1.578686539326803,-2.0829198996173304,-1.2534120718585413,-1.375967804585592,1.5708225965499878,-0.777475659047262,1
276,1788171479.9814787,-0.11643519034476645,-0.6872385960175234,0.1554354687093359,-1.1792830854617258,2.9118448621528286,-7.400834051604411e-05,-1.5813964048968714,-2.0845640341388147,-1.2508710066424769,-1.376913849507467,1.5708225965499878,-0.7802103201495569,1
277,1788171480.0208924,-0.11807217185824312,-0.6875830830223666,0.15548972425899915,1.1792229362553692,-2.911800079878722,0.00042724363862303597,-1.583771053944723,-2.0859320799456995,-1.2486775557147425,-1.377500359212057,1.5708345174789429,-0.7825601736651819,1
278,1788171480.060687,-0.11965856045281052,-0.6877361392832472,0.15551564657186445,1.1794863854937983,-2.911744249977413,0.0001529353161437206,-1.5860613028155726,-2.0870474020587366,-1.2468436400042933,-1.3783982435809534,1.5708105564117432,-0.7850192228900355,1
279,1788171480.1022875,-0.12121158038721096,-0.6879592967266165,0.15554366105859152,1.1794618402011832,-2.9116816629811533,0.0003522590971477931,-1.5883033911334437,-2.088163201008932,-1.2450817267047327,-1.3789013067828577,1.570798635482788,-0.7872617880450647,1
280,1788171480.1455042,-0.12281860931247532,-0.6881563412605591,0.15550698774287317,1.1796652569638395,-2.911631196176899,0.0004325020094143025,-1.5906418005572718,-2.0893386046039026,-1.2433679739581507,-1.379404369984762,1.5708465576171875,-0.7897322813617151,1
281,1788171480.1876929,-0.12440557782660493,-0.6882717632082981,0.1554360604771342,1.1796135556388232,-2.9117010780558803,0.00021707592620958709,-1.5929315725909632,-2.0904186407672327,-1.241845432912008,-1.3799908796893519,1.5708345174789429,-0.7919748465167444,1
282,1788171480.2283156,-0.12635520747878495,-0.6884361879140647,0.15540814837205907,1.1787208851957443,-2.9120589417557334,0.00027537767477948635,-1.5957501570331019,-2.0916784445392054,-1.2399757544146937,-1.3805654684649866,1.5708465576171875,-0.7941811720477503,1
283,1788171480.2686446,-0.12802055415705269,-0.6884733122979634,0.15536968702393214,-1.1770182012123107,2.9127193467788057,6.788913723110106e-05,-1.5981481711017054,-2.0926502386676233,-1.2385137716876429,-1.3812835852252405,1.5708225965499878,-0.7954166571246546,1
284,1788171480.3095937,-0.12952417707680747,-0.688516202394594,0.15536263263615813,-1.1742157542040481,2.9137265732980913,0.0003380899745875068,-1.600330654774801,-2.0935500303851526,-1.2370870749102991,-1.3820140997516077,1.5708585977554321,-0.7957046667682093,1
285,1788171480.3499417,-0.13122503608266506,-0.6885592529969649,0.1553411689742194,-1.1699392423716197,2.9155102315545816,0.0003592436810375631,-1.602764908467428,-2.0944374243365687,-1.2357690970050257,-1.3824332396136683,1.570798635482788,-0.7951892058001917,1
286,1788171480.3910139,-0.13272765656459082,-0.6886866441212438,0.15541811363505392,-1.1649967351295216,2.9175069643409435,6.413605492638446e-05,-1.6049469153033655,-2.095325771962301,-1.234234635029928,-1.3829005400287073,1.5708585977554321,-0.7939775625811976,1
287,1788171480.4327216,-0.13434346107107403,-0.6887592985870197,0.15543073759111958,-1.159050094765491,2.919936185868621,-2.0826575311134295e-07,-1.6072614828692835,-2.096225086842672,-1.2328203360186976,-1.383354965840475,1.5708225965499878,-0.7922027746783655,1
288,1788171480.4735131,-0.1360074641940004,-0.6888327690428514,0.15543587099861528,-1.1516121886186625,2.9228966613930307,-0.00010990351734609723,-1.609659496937887,-2.097161118184225,-1.2313702742206019,-1.3837979475604456,1.5708345174789429,-0.789504353200094,1
289,1788171480.513043,-0.137552770585688,-0.6888922942008973,0.1554447178279223,-1.1429678076359626,2.926289152558187,-6.807255173764146e-05,-1.611877743397848,-2.098060433064596,-1.229943577443258,-1.3843491713153284,1.5708225965499878,-0.7858107725726526,1
290,1788171480.5558097,-0.13920142525034868,-0.6889367768408557,0.1554689701995347,-1.1331050569992414,2.930084492496985,1.1583398535274534e-05,-1.6142519156085413,-2.0989964644061487,-1.2284100691424769,-1.3850072065936487,1.5708345174789429,-0.7814572493182581,1
291,1788171480.597702,-0.14108352280937905,-0.6890184211334607,0.15549302869855644,1.1199123703148994,-2.9351911226680847,-7.424276033875874e-06,-1.6169379393206995,-2.100100342427389,-1.226635758076803,-1.3856537977801722,1.5707865953445435,-0.7751372496234339,1
292,1788171480.6377037,-0.14265359202480923,-0.6890985492022889,0.1554860732050571,-1.1082116398099122,2.93961532104663,-7.407396709580689e-05,-1.6192048231707972,-2.101072136555807,-1.2251494566546839,-1.386132542287008,1.5708345174789429,-0.7694404760943812,1
293,1788171480.677858,-0.14428322930015539,-0.6891921424890185,0.15544164890651108,-1.0963297021266347,2.9440854851864473,-4.1228871068645456e-05,-1.621530834828512,-2.102151695881979,-1.2235797087298792,-1.3866351286517542,1.5708105564117432,-0.7636845747577112,1
294,1788171480.7179606,-0.1458570039225622,-0.6893073036104704,0.15543326023839116,1.0841863843280546,-2.948559853570817,0.0001856486522955065,-1.6237848440753382,-2.1031954924212855,-1.2219975630389612,-1.387078587208883,1.5708225965499878,-0.7576997915851038,1
295,1788171480.7587752,-0.14750498953104613,-0.6893743798804451,0.15536450776851246,1.072373816990019,-2.952898523433276,1.4563260164184347e-05,-1.6261351744281214,-2.1042993704425257,-1.2204273382769983,-1.3876531759845179,1.570798635482788,-0.7520387808429163,1
296,1788171480.8004968,-0.14915876602876896,-0.6893707887007038,0.15533459830571483,-1.0607215332676572,2.9569552890399264,0.0003212635936604098,-1.6285212675677698,-2.105307404194967,-1.2188695112811487,-1.3884556929217737,1.5708465576171875,-0.7465704123126429,1
297,1788171480.8409123,-0.15069940985446642,-0.6894212969381468,0.15544328268472218,-1.0488109876039298,2.9612447365506243,0.0002659857079409071,-1.6307156721698206,-2.106170956288473,-1.2172511259662073,-1.3891618887530726,1.5708225965499878,-0.7407053152667444,1
298,1788171480.881424,-0.15237334523711807,-0.6894843785524587,0.15541037847448283,-1.0367069729370273,2.965490838252071,0.00021643727990986955,-1.6331136862384241,-2.1072266737567347,-1.2156928221331995,-1.3896401564227503,1.5708465576171875,-0.7349370161639612,1
299,1788171480.9211671,-0.15391708594604264,-0.6895871423740165,0.15542114876304663,-1.0252455155352265,2.9695236392764275,8.658674826822657e-05,-1.635308090840475,-2.1082585493670862,-1.2140749136554163,-1.3901312986956995,1.5708345174789429,-0.7293961683856409,1
300,1788171480.962932,-0.15580759730561203,-0.6897125090914881,0.15542403074285555,-1.0109881569145052,2.9744631671363657,-6.155551171819277e-05,-1.637993637715475,-2.109542194996969,-1.2120855490313929,-1.3907297293292444,1.5708225965499878,-0.722475830708639,1
301,1788171481.0077658,-0.15746159138127272,-0.6897822981344294,0.1554301925470722,-0.9986884691950593,2.9786065909816664,-0.00012852120219146565,-1.6403558889972132,-2.110609833394186,-1.2104070822345179,-1.3913043181048792,1.5708465576171875,-0.7165754477130335,1
302,1788171481.048416,-0.15896839221734926,-0.6898548334506382,0.15544559396596444,-0.9869457439933338,2.9825167216922712,-2.548175388392688e-05,-1.6424902121173304,-2.1116536299334925,-1.208717171345846,-1.3920114676104944,1.5708225965499878,-0.7108305136310022,1
303,1788171481.0907032,-0.16062853672471006,-0.6898949398539159,0.15554671988554095,0.975080670288369,-2.9864195141322507,0.00018201432748882166,-1.6448524633990687,-2.112589184437887,-1.207015339528219,-1.392669979725973,1.5708225965499878,-0.7052410284625452,1
304,1788171481.1341128,-0.16253549780271176,-0.6900185358523946,0.15552165586612055,0.960574912369556,-2.9910930230175548,0.00036966668228824055,-1.6475628058062952,-2.1139329115497034,-1.2050021330462855,-1.3932202498065394,1.5708465576171875,-0.6982491652118128,1
305,1788171481.1765678,-0.16413219080246227,-0.69010899137216,0.1554735658092162,0.9484894091568271,-2.9949246668958036,0.00035492624787683975,-1.6498168150531214,-2.1150968710528772,-1.2032998243915003,-1.3937590757953089,1.5708225965499878,-0.6924317518817347,1
306,1788171481.2168725,-0.16575933335852133,-0.6902057405854443,0.1554672487637314,0.9367620020330456,-2.998576410942692,0.0004939640739134565,-1.652118984852926,-2.1162365118609827,-1.2015498320208948,-1.3942740599261683,1.5708225965499878,-0.6869142691241663,1
307,1788171481.254728,-0.16733030621975942,-0.6902177905559457,0.1554180390372411,0.924914315781008,-3.002346249945255,0.0001447034723554177,-1.654349152241842,-2.117340389882223,-1.199883762990133,-1.395076100026266,1.5708225965499878,-0.6812294165240687,1
308,1788171481.2932928,-0.16886209757514956,-0.6902510565778295,0.1554569613101939,-0.9129479599364309,3.0059243802285134,7.974453200674211e-05,-1.6565311590777796,-2.118408505116598,-1.1980622450457972,-1.3959978262530726,1.5708585977554321,-0.675460163746969,1
309,1788171481.3334906,-0.17060895185865949,-0.6903135447103462,0.15546872143713467,-0.9005908644539451,3.0097079239942754,1.3213503575574424e-05,-1.6589892546283167,-2.1195719877826136,-1.1962159315692347,-1.3966205755816858,1.5708225965499878,-0.6696909109698694,1
310,1788171481.375985,-0.17214490391603246,-0.6903322884741695,0.15540184760735024,-0.8888004287783314,3.0131460458715047,0.0001575038160559514,-1.6611712614642542,-2.120639149342672,-1.1946824232684534,-1.3971951643573206,1.5708465576171875,-0.6640542189227503,1
311,1788171481.4195206,-0.17373614852625377,-0.6903838007111167,0.15542383700372325,-0.8766711069555219,3.016777691751369,-9.730740608429174e-05,-1.6634138266192835,-2.1216352621661585,-1.1931002775775355,-1.3976019064532679,1.5708345174789429,-0.658236328755514,1
312,1788171481.4624345,-0.17571088653459252,-0.6903829874901533,0.15544143916931633,0.8619554578528186,-3.021022949059056,0.0002011677497591111,-1.6662076155291956,-2.1228111425982874,-1.191218678151266,-1.3982365767108362,1.5708345174789429,-0.6512797514544886,1
313,1788171481.5031037,-0.17725006165284668,-0.6903950302341528,0.15549717234762006,0.8501464940101301,-3.0243337243560937,0.00028092795622363065,-1.668377701436178,-2.12374717393984,-1.1896126906024378,-1.3988474051104944,1.5708225965499878,-0.645642105733053,1
314,1788171481.5459876,-0.1789204456930841,-0.6902890291561115,0.15547410637891776,-0.8380503858038282,3.027735591094072,-5.407975678052158e-05,-1.6707518736468714,-2.124634567891256,-1.1882341543780726,-1.3994935194598597,1.5708225965499878,-0.6400168577777308,1
315,1788171481.5868876,-0.18043609600621474,-0.6900738119468293,0.15544529462370213,-0.8256839354817213,3.0310785139309124,-3.8014785697576392e-06,-1.6729338804828089,-2.1251147429095667,-1.1875389258014124,-1.3997567335711878,1.5708585977554321,-0.6340435186969202,1
316,1788171481.62903,-0.18241606074022526,-0.6896390255594861,0.15551760384576918,0.811133245965033,-3.035005650577724,0.0003283581668622698,-1.6757758299456995,-2.125162426625387,-1.1873353163348597,-1.399672810231344,1.5708105564117432,-0.6272905508624476,1
317,1788171481.6723213,-0.18402097884201532,-0.6890663601585464,0.15540949625843922,-0.7992068310291256,3.0381697625209325,3.8994057841069736e-05,-1.6781376043902796,-2.1249950567828577,-1.1878145376788538,-1.3996251265155237,1.5708465576171875,-0.6217969099627894,1
318,1788171481.712891,-0.1855586866760648,-0.6883333019482809,0.15527580172398378,-0.7868706766968273,3.041255198766551,0.000465543463026631,-1.680427376423971,-2.1244309584247034,-1.1889775435077112,-1.3993256727801722,1.5708705186843872,-0.6159914175616663,1
319,1788171481.75478,-0.18722210418330307,-0.6874747442954502,0.15531122325473903,-0.7743440437847893,3.044508869971291,0.00046640904415677604,-1.6828978697406214,-2.1234105269061487,-1.1904991308795374,-1.398811165486471,1.5708345174789429,-0.6102221647845667,1
320,1788171481.799076,-0.18879875967064083,-0.6865784517128033,0.15529459768313783,-0.7625338012167755,3.0475205734039745,0.00044497042374338927,-1.6852596441852015,-2.1222708860980433,-1.1923449675189417,-1.398081127797262,1.5708105564117432,-0.6048243681537073,1
321,1788171481.841215,-0.19064190157120045,-0.6854645450871333,0.15527755965234272,-0.7480023528841896,3.051066977107958,0.0005556389834170455,-1.6880534330951136,-2.1208556334124964,-1.1945984999286097,-1.3973267714129847,1.5708345174789429,-0.5980952421771448,1
322,1788171481.8827083,-0.19230744902036437,-0.6844840332095973,0.1553245758913554,-0.7352264929011718,3.054180293788613,0.0005195884193849552,-1.6905716101275843,-2.1195719877826136,-1.1965039412127894,-1.3966801802264612,1.5708345174789429,-0.5922415892230433,1
323,1788171481.9209933,-0.1937596290868099,-0.6834302901398697,0.15532249191771788,-0.7232628412721333,3.0569575723905316,0.0007351701120222268,-1.6928132216082972,-2.118096176777975,-1.1987932364093226,-1.3960216681109827,1.5708585977554321,-0.5866640249835413,1
324,1788171481.9612124,-0.1953138682453935,-0.6823339172369092,0.15539759288052848,-0.7112455146702836,3.0599287218777707,0.0001589454733099381,-1.6951997915851038,-2.116272751485006,-1.20156175294985,-1.3946808020221155,1.5708465576171875,-0.5811699072467249,1
325,1788171482.0039601,-0.19694750097105862,-0.6809205818772115,0.15540077497442134,-0.6963413872983988,3.063372001101129,8.822469529063364e-05,-1.6977651754962366,-2.113969151173727,-1.205181900654928,-1.3933160940753382,1.5708465576171875,-0.5739968458758753,1
326,1788171482.0459492,-0.19825998698836358,-0.6795692683551467,0.1554127445573378,-0.6839231201174022,3.066116618961474,0.0004173775839031826,-1.6998637358294886,-2.1117375532733362,-1.208597485219137,-1.392346207295553,1.5708225965499878,-0.5679987112628382,1
327,1788171482.0854518,-0.1995474334259363,-0.6783182583543431,0.15545810717221678,-0.6717555085477518,3.0688529887941676,0.0001627243900264081,-1.701926056538717,-2.109530274068014,-1.211977783833639,-1.3910048643695276,1.5708345174789429,-0.5621212164508265,1
328,1788171482.1277814,-0.20031561407905357,-0.6772798755484667,0.15566585491257953,-0.6595961470613851,3.0714521211512635,0.0003794893455709701,-1.7032082716571253,-2.1075623671161097,-1.21448260942568,-1.3906100432025355,1.5708225965499878,-0.5554874579059046,1
329,1788171482.169252,-0.20071230988041883,-0.6767928358617634,0.15657880459317572,-0.6472277011104443,3.0741664919637985,-3.774073688898596e-05,-1.7038682142840784,-2.1061227957354944,-1.2144344488727015,-1.3918197790728968,1.5708345174789429,-0.5480859915362757,1
330,1788171482.2127423,-0.20071870409982598,-0.6767779406934038,0.15805947240259918,-0.6330799430409366,3.077116667151967,-6.225917684523626e-05,-1.7038801352130335,-2.105427090321676,-1.2116897741900843,-1.3952434698687952,1.5708345174789429,-0.5388973394977015,1
331,1788171482.2552228,-0.20072360561578984,-0.6768145532909294,0.16008525874425675,0.6204717080840468,-3.0796965228611195,0.0002483271249865407,-1.7038801352130335,-2.104574982319967,-1.2078068892108362,-1.3998530546771448,1.5708345174789429,-0.5307043234454554,1
332,1788171482.298261,-0.2007180097893841,-0.676835416028168,0.1622251086267863,0.6080456027732918,-3.082133122949707,0.00043632465835583884,-1.7038682142840784,-2.103651825581686,-1.2037432829486292,-1.4047134558307093,1.5708345174789429,-0.5226309935199183,1
333,1788171482.3410249,-0.20070440367596998,-0.6767337739285276,0.1648283819479501,-0.5935455647713641,3.084957474238258,6.896609710032542e-05,-1.7038682142840784,-2.1025121847735804,-1.1987093130694788,-1.4112265745746058,1.5708345174789429,-0.513226334248678,1
334,1788171482.3832483,-0.20073787315728345,-0.6767315789391967,0.16715809962997838,0.581039145491324,-3.0873814461525795,6.733184692981439e-05,-1.7039044539081019,-2.1015523115741175,-1.1942146460162562,-1.4165776411639612,1.570798635482788,-0.5051525274859827,1
335,1788171482.427173,-0.20071138501219105,-0.6767439851404794,0.1694500899913828,-0.5694026586911374,3.089528191958724,-0.00010071559103574656,-1.7038801352130335,-2.1006882826434534,-1.189648453389303,-1.4220011870013636,1.5708465576171875,-0.4975951353656214,1
336,1788171482.4687612,-0.2007139083879338,-0.6767628338656675,0.17221789161018325,-0.5546868307310426,3.092232382408987,-0.00023811997967499677,-1.7038801352130335,-2.099668327962057,-1.1841233412372034,-1.4284542242633265,1.5708465576171875,-0.48806983629335576,1
337,1788171482.5110228,-0.20071314410992627,-0.6767571249742719,0.17443934699315286,-0.5427853329322826,3.0942974675304318,-1.5308625412194174e-05,-1.7038801352130335,-2.0989487806903284,-1.1794846693622034,-1.4339612166034144,1.5708465576171875,-0.48037988344301397,1
338,1788171482.5503068,-0.20074324008342034,-0.6767707404575078,0.17662554098227204,-0.530683593952116,3.096416914496333,-5.583581517908028e-05,-1.703916374837057,-2.098240677510397,-1.1749661604510706,-1.4391568342791956,1.5708345174789429,-0.47259456316103154,1
339,1788171482.591289,-0.20093112318668946,-0.6768119666329571,0.17863068018541695,0.5181244097029277,-3.0985413942999434,0.00023210383319650224,-1.70416766801943,-2.0977490584002894,-1.1706035772906702,-1.4438861052142542,1.5708105564117432,-0.46473676363100225,1
340,1788171482.6337988,-0.20169876871486023,-0.6765996034865639,0.18004772634361982,-0.505596821828546,3.10051187621675,0.0004516661898046885,-1.7053068319903772,-2.097593132649557,-1.1670916716205042,-1.4480164686786097,1.5708345174789429,-0.4578025976764124,1
341,1788171482.6769774,-0.20288002675875041,-0.6761204655002365,0.18123550808565284,-0.49326441442046387,3.102508976283809,0.0003326481825639995,-1.7070816198932093,-2.09687310854067,-1.1651743094073694,-1.4505780378924769,1.5708465576171875,-0.4516237417804163,1
342,1788171482.7196085,-0.2046974959845304,-0.6752913912681211,0.18184611668687448,-0.4778573126757588,3.104944708122261,0.0004009713867173941,-1.7098148504840296,-2.0960095564471644,-1.1649344603167933,-1.4517157713519495,1.5708105564117432,-0.44442636171449834,1
343,1788171482.7625327,-0.20585602109669973,-0.6748662722662497,0.1819187728560243,-0.4660094734002807,3.106750276912835,0.0002448078439021351,-1.7115533987628382,-2.0957568327533167,-1.1651623884784144,-1.4516437689410608,1.5708345174789429,-0.43853503862489873,1
344,1788171482.8047345,-0.20665632804621487,-0.6748522733510028,0.1819249072811927,-0.45135733615721063,3.108905643590384,8.562079732509666e-05,-1.7127044836627405,-2.0962732473956507,-1.1643708387957972,-1.4518235365497034,1.5708705186843872,-0.4302576223956507,1
345,1788171482.8457718,-0.2081715224385427,-0.6747557662586567,0.18204404715778358,0.43836993759101944,-3.110852688139493,0.00024119301793493731,-1.7148626486407679,-2.0970171133624476,-1.16296893755068,-1.4522541205035608,1.5708345174789429,-0.42405540147890264,1
346,1788171482.8860922,-0.20975993053044192,-0.6746113766633006,0.1820797268673811,0.42629001443999665,-3.112499467228734,0.0003446020507309493,-1.7171409765826624,-2.097821060811178,-1.1616500059710901,-1.4526971022235315,1.5708225965499878,-0.4185722509967249,1
347,1788171482.9265654,-0.2113120062920013,-0.674408581690585,0.18207996759937395,0.4140269393701368,-3.114183293432049,0.0003949156535390404,-1.7193945089923304,-2.0985048452960413,-1.160595719014303,-1.4530447165118616,1.5708585977554321,-0.41294557252992803,1
348,1788171482.9650784,-0.21303860740162997,-0.6739358611568645,0.1820199693620553,-0.4008920191232364,3.115891354200162,-0.00018955653349937926,-1.7219365278827112,-2.098769013081686,-1.1603081862079065,-1.453200642262594,1.5708465576171875,-0.4070552031146448,1
349,1788171483.0047586,-0.21440875075262697,-0.6735726466456118,0.18209735749521624,0.38862353956826795,-3.117399985276193,0.0005647020611941574,-1.7239506880389612,-2.098780934010641,-1.1601522604571741,-1.4530928770648401,1.5708345174789429,-0.40120011964906865,1
350,1788171483.0444255,-0.21504179189709505,-0.6734473105460144,0.18205808034603904,0.3767684310076657,-3.118875569669568,0.00045683597023522067,-1.7248738447772425,-2.099020306264059,-1.1598647276507776,-1.4532125631915491,1.5708345174789429,-0.39451772371401006,1
351,1788171483.085763,-0.21509553817685945,-0.6734479326581907,0.18203395654956667,0.36415685061001235,-3.1203854012659216,0.0003250588375076312,-1.7249458471881312,-2.099116627370016,-1.1597569624530237,-1.4533079306231897,1.5708225965499878,-0.38650352159609014,1
352,1788171483.1239269,-0.21510372332061753,-0.6734463790233292,0.1820391013004081,0.3513876448621079,-3.121843536163508,0.00036210165860745523,-1.7249577681170862,-2.0991042296039026,-1.1597688833819788,-1.4532840887652796,1.5708225965499878,-0.3783333937274378,1
353,1788171483.1643596,-0.2151083041714606,-0.6734393553158456,0.1820546256476792,0.3393439494030494,-3.1231849908114193,0.00038525688717767773,-1.7249696890460413,-2.0990803877459925,-1.1597688833819788,-1.4532960096942347,1.5708345174789429,-0.3706305662738245,1
354,1788171483.2059982,-0.21508420504111853,-0.6734478292165227,0.1820233270537739,0.3264858081101775,-3.1245400686069935,0.00026095657320427974,-1.724922005330221,-2.099128548298971,-1.1597569624530237,-1.453332249318258,1.570798635482788,-0.36235171953310186,1
355,1788171483.2468476,-0.21507016407177446,-0.6732304172835164,0.18193786605397172,-0.3142252248940442,3.125789652738154,0.0001301946178544166,-1.7249577681170862,-2.0987570921527308,-1.1604879538165491,-1.4532364050494593,1.5708225965499878,-0.3545416037188929,1
356,1788171483.2899876,-0.21509334840056726,-0.6727765259830779,0.18188584104956343,-0.3016693898584884,3.1269442676836574,0.00040598764045142975,-1.7251022497760218,-2.0977848211871546,-1.162081543599264,-1.4528053442584437,1.5708585977554321,-0.346659008656637,1
357,1788171483.3337476,-0.21565148340255122,-0.6711546873445796,0.18187585999388348,-0.28623352528523494,3.1284281717590012,0.0006697127922829164,-1.7262285391436976,-2.0943296591388147,-1.1674154440509241,-1.4510811010943812,1.5707865953445435,-0.3379128615008753,1
358,1788171483.377718,-0.2157852919222115,-0.6696554884664131,0.18210185296743156,-0.2742076302876551,3.129578868144454,-0.00033199698490231794,-1.7267802397357386,-2.090358559285299,-1.1731203238116663,-1.4487107435809534,1.5708705186843872,-0.3307736555682581,1
359,1788171483.418614,-0.21574366429568445,-0.6679808586893959,0.18223917783663743,-0.26137368444055487,3.1305674182689067,0.00020564359049361848,-1.7271040121661585,-2.086399857197897,-1.1787775198565882,-1.4473703543292444,1.570894479751587,-0.3229029814349573,1
360,1788171483.4624088,-0.2158397569531475,-0.666089247822174,0.18290757736818092,-0.2462248867576074,3.1319175185456003,-0.00010363458651664747,-1.7276433149920862,-2.0815404097186487,-1.1845782438861292,-1.4462087790118616,1.5708225965499878,-0.3137601057635706,1
361,1788171483.5035853,-0.21592794592025288,-0.6644574474089696,0.18360488647122902,-0.23389300395833315,3.1327872318545187,0.00023111479775772515,-1.7281468550311487,-2.077557388936178,-1.1888335386859339,-1.4461610952960413,1.5708465576171875,-0.30639344850649053,1
362,1788171483.547587,-0.21638863769906047,-0.6628482220786653,0.1848850705142331,-0.2210397906469532,3.133764665393806,-0.00014698132531304313,-1.7291777769671839,-2.073490921651022,-1.191817585621969,-1.4469988981830042,1.5708585977554321,-0.2992180029498499,1
363,1788171483.591233,-0.2171060405949546,-0.6609822965322878,0.18658878143571211,-0.20654482865283177,3.134772763773437,-0.00011202844673266661,-1.7306292692767542,-2.0690272490130823,-1.1942389647113245,-1.4490583578692835,1.5708345174789429,-0.2914193312274378,1
364,1788171483.6331131,-0.2178696840245307,-0.6596235171727557,0.18841433669671262,-0.1934752329561661,3.135610461540326,-0.00014041833482738233,-1.7320435682879847,-2.0657885710345667,-1.1944783369647425,-1.4520390669452112,1.5708345174789429,-0.2844961325274866,1
365,1788171483.6726315,-0.218106707099439,-0.6590152451471318,0.1904120644123331,0.18092621665488406,-3.1363468403343586,0.00015244474405701406,-1.732511345540182,-2.0639050642596644,-1.1922128836261194,-1.4561694304095667,1.5707865953445435,-0.27696115175356084,1
366,1788171483.7143784,-0.21808139335184232,-0.6590466152936775,0.19250693213073974,-0.16873325347355553,3.137052429604341,-0.00032862512401982087,-1.7324875036822718,-2.0633171240436,-1.1877544561969202,-1.461114231740133,1.5708465576171875,-0.26916200319399053,1
367,1788171483.7561839,-0.21808561182909922,-0.6590724772480553,0.19496942252105884,0.15708222284642118,-3.137655123973693,0.00043330697765342203,-1.7324875036822718,-2.062681023274557,-1.1824210325824183,-1.467015568410055,1.5708465576171875,-0.26173478761781865,1
368,1788171483.8002355,-0.21808076199762685,-0.6589919838623037,0.19832118062767998,-0.14518233694833105,3.1381659213202493,0.00014048995750797676,-1.7324994246112269,-2.0618413130389612,-1.1750143210040491,-1.4756353537188929,1.5708465576171875,-0.25416404405702764,1
369,1788171483.8428776,-0.21806904725573772,-0.6589709258348194,0.20140903914542663,-0.13719763296137763,3.1385027769900797,0.00031088463117879585,-1.7324875036822718,-2.0611217657672327,-1.1681707541095179,-1.4833090941058558,1.5708465576171875,-0.24906427065004522,1
370,1788171483.8844912,-0.21806424161182303,-0.6590093003437005,0.20518111978287057,-0.12708550427080972,3.1389294197425452,0.00021510472244680808,-1.7324755827533167,-2.0603774229632776,-1.1596606413470667,-1.4925034681903284,1.5708585977554321,-0.2426088492022913,1
371,1788171483.9277034,-0.2180892339427403,-0.6590439183827127,0.2083731902496464,-0.1183673551746273,3.1393150675963946,-3.4036994172518524e-05,-1.7324994246112269,-2.059777561818258,-1.1524460951434534,-1.5001533667193812,1.5708465576171875,-0.23707706132997686,1
372,1788171483.9661605,-0.21810793370027082,-0.6590570265609524,0.21148743332575867,-0.11015670710135185,3.1396273659142024,-0.0001403557675310349,-1.732523266469137,-2.0592497030841272,-1.1453025976764124,-1.5077555815326136,1.5708465576171875,-0.23186999956239873,1
373,1788171484.0063152,-0.2180711203248842,-0.6589665606695327,0.21438261385664212,-0.1008299545077642,3.1398664281754862,0.0005499080619831166,-1.7324875036822718,-2.05880576768984,-1.1384709517108362,-1.5154765287982386,1.5708345174789429,-0.22589475313295537,1
374,1788171484.0498033,-0.21807810367014469,-0.6589584879788156,0.21713821981718598,-0.08986642442657387,3.1402372556890166,0.000549395192555168,-1.7324875036822718,-2.0584099928485315,-1.1320350805865687,-1.5223005453692835,1.570798635482788,-0.2189109961139124,1
375,1788171484.0951724,-0.21808509069389223,-0.6590522079389235,0.220283643635323,-0.07639581730068856,3.1406195722641344,4.3320779851525904e-05,-1.7324875036822718,-2.0580981413470667,-1.1245558897601526,-1.5297701994525355,1.5708345174789429,-0.21033174196352178,1
376,1788171484.1376324,-0.21808674875528275,-0.6590454675780117,0.22271323250428907,-0.06491984180020266,3.140858250070751,0.00031361062776122633,-1.7324875036822718,-2.057941738759176,-1.1185515562640589,-1.5361035505877894,1.5708225965499878,-0.2030242125140589,1
377,1788171484.1790364,-0.21810692610778284,-0.6590168784793002,0.225182671244266,-0.05268987401241382,3.1410743416792983,0.00043266430721510826,-1.732523266469137,-2.0577262083636683,-1.1125591436969202,-1.5423882643329065,1.5708225965499878,-0.1952727476703089,1
378,1788171484.2236493,-0.21809337498067166,-0.6589845696082512,0.22815002896370123,-0.039214572330654,3.1412657884577104,0.0004944014029106969,-1.732511345540182,-2.0574620405780237,-1.1053803602801722,-1.54987079301943,1.5708225965499878,-0.18668109575380498,1
379,1788171484.2658346,-0.2180695415617244,-0.6590247191908525,0.23055364805861966,-0.027302390855600177,3.1413809129681405,0.0003844293722262127,-1.7324755827533167,-2.0573905150042933,-1.0993755499469202,-1.5558798948871058,1.5708465576171875,-0.17906123796571904,1
380,1788171484.3073282,-0.2180944204945237,-0.6590757128379646,0.2330252205458211,-0.01524038397801799,3.1415064721278756,-1.6090361163125658e-05,-1.7324994246112269,-2.0573065916644495,-1.0932629744159144,-1.561817471181051,1.5708465576171875,-0.17140561739076787,1
381,1788171484.3483105,-0.21809488975635322,-0.6591122824248696,0.2359823317147978,-0.0015195000123188866,3.1415909988784883,-0.0003593762103039961,-1.7324875036822718,-2.0572226683246058,-1.0859044233905237,-1.5690363089190882,1.5708345174789429,-0.16265851656068975,1
382,1788171484.389404,-0.21806949801927358,-0.6590943303996762,0.2384197654923908,0.01044881441044785,3.1415258928660625,-0.00013455927901971046,-1.7324631849872034,-2.057258431111471,-1.0796006361590784,-1.5754531065570276,1.5708585977554321,-0.15501481691469365,1
383,1788171484.4335794,-0.2180913106914798,-0.6590226719464894,0.2409581853905775,0.021833583557677328,3.1414797312747385,0.00010533268192094227,-1.7324994246112269,-2.057234589253561,-1.0731290022479456,-1.58209735551943,1.5708225965499878,-0.1478031317340296,1
384,1788171484.4751146,-0.218080819829147,-0.6591295970743859,0.24373550335244115,-0.032520019857374106,-3.1413921323039338,0.0007288134222539794,-1.7324631849872034,-2.057282272969381,-1.0661051909076136,-1.5885379950152796,1.5708345174789429,-0.14096337953676397,1
385,1788171484.516263,-0.21809023985338855,-0.659100849923801,0.24710422151966516,-0.046071306959212376,-3.1412122036934926,0.0009888916091545762,-1.7324875036822718,-2.0573185125934046,-1.05750018755068,-1.5969412962542933,1.5708465576171875,-0.13235980669130498,1
386,1788171484.5584164,-0.2180900315694914,-0.6590488079240281,0.24982195083732475,-0.056550392388306954,-3.1410643554044992,0.000759315487406616,-1.7324994246112269,-2.057498280202047,-1.0502617994891565,-1.604147736226217,1.5708465576171875,-0.12569982210268194,1
387,1788171484.6007903,-0.21807927720317896,-0.6590336418755185,0.25253508996579427,-0.06719789497202962,-3.140861870747086,0.0006971166801165613,-1.7324875036822718,-2.0577500502215784,-1.0429509321795862,-1.6112468878375452,1.5708465576171875,-0.11890823045839483,1
388,1788171484.642722,-0.2180987096550618,-0.6590341724866534,0.25529602288095044,-0.07839189855388791,-3.140604053114602,0.0005580693700019066,-1.732511345540182,-2.0581582228290003,-1.0352686087237757,-1.6186087767230433,1.5708345174789429,-0.11180383363832647,1
389,1788171484.683102,-0.2180913939579171,-0.6590739455885589,0.25869194483735536,-0.09060094865164567,-3.140252777035502,0.000700413584529255,-1.7324875036822718,-2.058686081563131,-1.025825325642721,-1.6274312178241175,1.5708225965499878,-0.10400420824159795,1
390,1788171484.7242785,-0.2181039019720818,-0.6590998587141678,0.2614708460570295,-0.10132097283589576,-3.1399256417547456,0.0007132130062788703,-1.7324994246112269,-2.059225861226217,-1.0179150740252894,-1.6347935835467737,1.5708225965499878,-0.09718829790224248,1
391,1788171484.766667,-0.21809334563343874,-0.6590012925336335,0.2642038422687263,0.11207714062465292,3.1395573775505503,-3.806166519272147e-05,-1.732511345540182,-2.059753719960348,-1.010029141102926,-1.6425865332232874,1.5708345174789429,-0.09034854570497686,1
392,1788171484.8076997,-0.2180848167100618,-0.6590676025691963,0.26700197105891127,0.12208014395652984,3.1391909304439443,-0.0002773333212692778,-1.7324875036822718,-2.060413185750143,-1.0019157568561,-1.6498883406268519,1.5708465576171875,-0.08395225206484014,1
393,1788171484.8483233,-0.21808615462774059,-0.6591094998454107,0.2697512500076786,-0.13228819328549069,-3.138776889283423,0.000883986106445179,-1.7324755827533167,-2.0609052816974085,-0.9942334334002894,-1.6566880385028284,1.5708345174789429,-0.07743627229799444,1
394,1788171484.8903253,-0.21807467746275916,-0.6590394222249422,0.2715640922932855,0.1423042777121761,3.138310056513133,-0.00022560855143548397,-1.7324875036822718,-2.0614455381976526,-0.9886730352984827,-1.6621344725238245,1.5708705186843872,-0.07106477419008428,1
395,1788171484.9307728,-0.2180986622449758,-0.6589999071018052,0.2730314968340599,0.15028984798212364,3.1379880586570734,-9.11503263789065e-05,-1.732511345540182,-2.0617931524859827,-0.9843705336200159,-1.666168514882223,1.5708105564117432,-0.06600076356996709,1
396,1788171484.9723701,-0.21806667532866353,-0.6589900703456057,0.27422646829498076,0.15857365133341553,3.1375659913680343,-0.0002307711957530726,-1.7324755827533167,-2.062009636555807,-0.9810031096087855,-1.6692326704608362,1.5708345174789429,-0.06068450609316045,1
397,1788171485.0122476,-0.21807581138290957,-0.6590294685425355,0.27497810798663663,0.16696849320310503,3.137116674554779,-0.00038741673539162825,-1.7324875036822718,-2.0622733275042933,-0.9787018934832972,-1.6711724440204065,1.5708585977554321,-0.055344406758443654,1
398,1788171485.0512483,-0.21809464485973493,-0.6590092564103677,0.2755946781249772,0.17677503028814767,3.1365977147830715,-0.0003110122232528021,-1.732511345540182,-2.0624411741839808,-0.9768565336810511,-1.6728962103473108,1.5708345174789429,-0.04911643663515264,1
399,1788171485.0939193,-0.21807997455160072,-0.6589534753335236,0.2759980720365219,0.1870653305907506,3.135945752928567,0.00015091200791333295,-1.732511345540182,-2.062597099934713,-0.9755142370807093,-1.6743806044207972,1.5708585977554321,-0.04255229631532842,1
400,1788171485.134295,-0.2180758407428604,-0.6589953756276729,0.27636868463151243,-0.19920422148480213,-3.13526418827255,0.0001398014500104956,-1.7324755827533167,-2.062681023274557,-0.9744837919818323,-1.6751349608050745,1.570798635482788,-0.03477651277651006,1
401,1788171485.1756053,-0.21805970563007537,-0.6590001337037994,0.2764318601104175,0.21219957852801705,3.1343927871646047,-0.00022119679494175975,-1.7324631849872034,-2.062669102345602,-0.9743517080890101,-1.6752303282367151,1.5708345174789429,-0.026472393666402638,1
402,1788171485.2154236,-0.21805773579466625,-0.6589880555071804,0.2763701826410529,0.2244960535680787,3.1335236499085504,-1.5153643394952379e-05,-1.7324631849872034,-2.062704865132467,-0.9744237104998987,-1.6752541700946253,1.5708345174789429,-0.018624607716695607,1
403,1788171485.257809,-0.21806536339677496,-0.6589991023932043,0.2763487262458404,0.23729820439043364,3.1325660017014347,2.1518246720561136e-05,-1.7324755827533167,-2.0627530256854456,-0.9743998686419886,-1.6752541700946253,1.5708465576171875,-0.010464016591207326,1
404,1788171485.2991536,-0.21808538144017908,-0.6589863245343459,0.27635961782593266,0.24979774692752074,3.131619078714559,5.517909693143797e-06,-1.7324994246112269,-2.0627287069903772,-0.9744117895709437,-1.6752541700946253,1.5708225965499878,-0.002507511769429982,1
405,1788171485.339411,-0.2180758131235391,-0.6590124048265021,0.27631477326316367,0.2645798081324205,3.1303771506541302,7.822959091320922e-05,-1.7324875036822718,-2.062812630330221,-0.9743879477130335,-1.6752422491656702,1.5708465576171875,0.0069482289254665375,1
406,1788171485.3802829,-0.21808635517263503,-0.6590091977846482,0.2763322899689008,0.2774266740307146,3.1292814501620785,-1.4158700942854707e-05,-1.7324994246112269,-2.0627768675433558,-0.9744117895709437,-1.6751940886126917,1.5708345174789429,0.015144689939916134,1
407,1788171485.4225185,-0.218076290408996,-0.6589982565054149,0.2763126529997951,0.28964740251336185,3.128168083328316,0.00011758071347544617,-1.7324875036822718,-2.062788788472311,-0.9744237104998987,-1.6752541700946253,1.5708345174789429,0.022968892008066177,1
408,1788171485.4641805,-0.21806623565670077,-0.6590232652094409,0.27629382260752006,0.30252187737375624,3.1269631187014113,8.096528283196859e-05,-1.7324631849872034,-2.062824551259176,-0.9744237104998987,-1.6751940886126917,1.5708225965499878,0.03122527338564396,1
409,1788171485.5067978,-0.21808038776618205,-0.6590233759196386,0.27628645178659705,0.31488359234570457,3.1257307123499674,8.074829806657308e-05,-1.7324875036822718,-2.0628369490252894,-0.9744237104998987,-1.6751821676837366,1.5708345174789429,0.03910977020859718,1
410,1788171485.5487652,-0.21838171108782475,-0.6590666176006769,0.27625933713681783,0.32962252419581145,3.124223651058335,6.414706241470858e-05,-1.7329071203814905,-2.063208882008688,-0.9739325682269495,-1.6752899328814905,1.5708225965499878,0.048122283071279526,1
411,1788171485.5909262,-0.21948997496444225,-0.6590165336327045,0.27610057653378695,0.34239597212998707,3.12279835955599,0.0004934513450949921,-1.734525505696432,-2.064216438923971,-0.9727457205401819,-1.6757448355304163,1.5708585977554321,0.05468626692891121,1
412,1788171485.6333883,-0.22112057870679402,-0.6587585875640042,0.27614167925830224,0.3546145054090012,3.1214939116799543,0.0005367856466093064,-1.7369115988360804,-2.0650203863727015,-0.9714153448687952,-1.676295582448141,1.570798635482788,0.060122985392808914,1
413,1788171485.676381,-0.22311883761534954,-0.6585477993549502,0.27617886111024875,0.3694679651814399,3.119689352203717,0.00045603222774019735,-1.7398608366595667,-2.066268269215719,-0.9694379011737269,-1.6769779364215296,1.5708825588226318,0.0666993260383606,1
414,1788171485.716743,-0.22469072962336287,-0.658504136076914,0.2761381006267759,0.3822885264538364,3.118184586948449,0.000347655321147046,-1.7421148459063929,-2.067539993916647,-0.967628304158346,-1.6774447599994105,1.5708465576171875,0.07266335189342499,1
415,1788171485.7585151,-0.22629649393545012,-0.6583895847399168,0.27620412625764523,0.39478295416195974,3.116646138913063,0.00014372515909789156,-1.7444408575641077,-2.068655792866842,-0.965794865285055,-1.6780317465411585,1.5708345174789429,0.07835174351930618,1
416,1788171485.8004563,-0.2279168528812993,-0.6583027673251108,0.27627284156825804,0.40691151454388,3.115071732413021,-0.00019610413190836924,-1.7467907110797327,-2.0698192755328577,-0.9639013449298304,-1.6785462538348597,1.5708585977554321,0.08378808200359344,1
417,1788171485.8407657,-0.22946744013902878,-0.6581783861527345,0.2762568169927848,0.4194435344306726,3.113390348022101,3.0696035270713974e-05,-1.7490442434894007,-2.071043316517965,-0.9620440641986292,-1.6793244520770472,1.5708705186843872,0.08958432823419571,1
418,1788171485.8812044,-0.23109719560204856,-0.6578657234330201,0.2761929660837885,0.4321620787547812,3.111671225443771,0.0005975394908100909,-1.7514422575580042,-2.0719669500934046,-0.9607136885272425,-1.6800907293902796,1.5708345174789429,0.09535697847604752,1
419,1788171485.925189,-0.2330419977718212,-0.6573933406951725,0.2762828073830391,0.44679700126666827,3.1096518988418103,0.00016743507148138387,-1.754331413899557,-2.0723865667926233,-0.9599106947528284,-1.6801984945880335,1.570798635482788,0.10187303274869919,1
420,1788171485.9654999,-0.23465236228300715,-0.6568369575480318,0.2762788843166572,0.45915566302955874,3.1078136326932366,0.00022061711350251993,-1.756789509450094,-2.072458569203512,-0.9598024527179163,-1.680270020161764,1.5708345174789429,0.10736929625272751,1
421,1788171486.0069444,-0.23628527893916068,-0.6562576629560882,0.27630784693556487,0.4720727323641535,3.1058941479430144,5.377878508055135e-05,-1.759270970021383,-2.0724108854876917,-0.9598267714129847,-1.6801865736590784,1.5708225965499878,0.11320149153470993,1
422,1788171486.0459318,-0.2377967610339641,-0.655660886503901,0.276263713236438,0.48449223573037875,3.1039547067037843,0.00014606225889513168,-1.761596981679098,-2.0723026434527796,-0.960090462361471,-1.6800907293902796,1.5708465576171875,0.11887789517641068,1
423,1788171486.0848525,-0.23949336796105947,-0.6549829764176159,0.2761960995210764,0.4966662577450672,3.102037686841838,0.0003534295800077715,-1.7641986052142542,-2.0722067991839808,-0.9603779951678675,-1.680030647908346,1.5708345174789429,0.12412212044000626,1
424,1788171486.1251347,-0.24100733808861838,-0.6543653653531704,0.2761879919641555,0.5088530797332621,3.1000735113866558,0.00039234324725256144,-1.766524616871969,-2.0720513502704065,-0.9606297651873987,-1.6799586454974573,1.5708225965499878,0.12965470552444458,1
425,1788171486.1656632,-0.2426008893257099,-0.6537019187906669,0.27617943354048247,0.5216741544882532,3.0979053374480965,0.0004093710039226035,-1.768994156514303,-2.0718591848956507,-0.9609416166888636,-1.6798508802997034,1.5708585977554321,0.13546331226825714,1
426,1788171486.2047632,-0.2442516000613529,-0.653034501335121,0.2761859550664295,0.5340089847705446,3.0958040586760243,0.00037134852621881556,-1.7715356985675257,-2.07170278230776,-0.9611690680133265,-1.6797555128680628,1.5708585977554321,0.14088767766952515,1
427,1788171486.2456717,-0.24580780326406743,-0.6523907776102489,0.2762383264845489,0.5458990988418091,3.09378251445757,0.0001655206332897629,-1.773921314870016,-2.071462933217184,-0.9614322821246546,-1.6795995871173304,1.5708105564117432,0.14618021249771118,1
428,1788171486.285749,-0.2474258320185707,-0.6517215266777932,0.2762526660842949,0.5584733342643933,3.0915135721835023,0.00014583037485055652,-1.7764275709735315,-2.0713070074664515,-0.9616358915912073,-1.679539982472555,1.5708345174789429,0.15180830657482147,1
429,1788171486.3276832,-0.24900170143537442,-0.6510738148725251,0.2762515626831533,0.5711155295191774,3.0892038526781787,0.00010849789579331373,-1.778860870991842,-2.071163002644674,-0.9618638197528284,-1.679432217274801,1.5708345174789429,0.15755660831928253,1
430,1788171486.3674793,-0.25057888880095286,-0.6504347863799175,0.2762614650131989,0.5831010384574596,3.0869652200690827,3.445817545525721e-05,-1.7812946478473108,-2.071043316517965,-0.9620321432696741,-1.6793363730060022,1.5708345174789429,0.16288509964942932,1
431,1788171486.4091723,-0.25224957852712404,-0.6497370560609524,0.27622679849278586,0.5954824263652909,3.0845871696600855,0.000126974243450422,-1.783884350453512,-2.070935074483053,-0.9622715155230921,-1.6792643705951136,1.5708465576171875,0.16832181811332703,1
432,1788171486.4513037,-0.2538054598215072,-0.6490867308658852,0.27627573038227626,0.608058787805698,3.0821340752784208,3.350544215458782e-05,-1.7862938086139124,-2.0707910696612757,-0.9623797575580042,-1.6792405287372034,1.5708465576171875,0.17406974732875824,1
433,1788171486.4926102,-0.25576587809694395,-0.6482799969217474,0.27625766794059115,0.623102167835486,3.079127175928738,0.00010928834832488092,-1.7893274466144007,-2.070719544087545,-0.9625232855426233,-1.6792166868792933,1.5708465576171875,0.1808026283979416,1
434,1788171486.5353818,-0.25731341251109213,-0.6476507352142921,0.2762709584683761,0.6347867041111617,3.0767288570428013,-2.1983971812447463e-05,-1.791724983845846,-2.0706236998187464,-0.9626553694354456,-1.6790970007525843,1.5708585977554321,0.18599891662597656,1
435,1788171486.5757554,-0.2589085959060298,-0.6471354632328309,0.27632009886080755,0.6470938100401938,3.0741786025622186,-0.0002484488965859409,-1.7941463629352015,-2.0708630720721644,-0.9621999899493616,-1.6791685263263147,1.5708465576171875,0.19157907366752625,1
436,1788171486.6168668,-0.26055793076946315,-0.6467433692387653,0.2764520488165897,0.6597798856511073,3.0714974027872968,-0.000737107682454907,-1.7966044584857386,-2.0714147726642054,-0.9610970656024378,-1.679408375416891,1.5708345174789429,0.19737569987773895,1
437,1788171486.6578372,-0.2620916181990991,-0.6465101610128715,0.27644033287414393,0.6717998323835824,3.0688643086535783,-0.0006056793476148315,-1.7988579908954065,-2.0725067297564905,-0.9594429175006312,-1.6800544897662562,1.5708585977554321,0.20295585691928864,1
438,1788171486.6992142,-0.26376808063084917,-0.6464085327822857,0.2764132553793388,0.6839002957379918,3.066238330480937,-0.0005088497441239444,-1.801244084035055,-2.074090305958883,-0.9570825735675257,-1.680892292653219,1.5708105564117432,0.2084524929523468,1
439,1788171486.739203,-0.26565800763611186,-0.6464229342717353,0.27641326955393986,0.6988460569617407,3.0628659810227976,-0.0005447624411497876,-1.8039053122149866,-2.0761898199664515,-0.9538825193988245,-1.681969944630758,1.5708105564117432,0.21554528176784515,1
440,1788171486.7807148,-0.2672618842983677,-0.6464036331414867,0.2764086376171442,0.7111966905639148,3.059983656914622,-0.0004312757720782841,-1.8061826864825647,-2.0779655615436,-0.9511621634112757,-1.6829870382892054,1.5708465576171875,0.22134189307689667,1
441,1788171486.8223913,-0.2688843737597946,-0.6464274661172262,0.2761876366988551,-0.7231315334798947,-3.057225625549122,-0.00021049562238561174,-1.808436695729391,-2.0800407568561,-0.9484537283526819,-1.684028450642721,1.5707865953445435,0.2268861085176468,1
442,1788171486.8637693,-0.2704399331815353,-0.6464696283110635,0.27623355161483876,0.7354094568266961,3.0542778187265913,-5.113415201096398e-05,-1.8106187025653284,-2.0818045775042933,-0.9456732908831995,-1.6848786512957972,1.5708225965499878,0.23274263739585876,1
443,1788171486.903441,-0.2720693060171737,-0.6464896150231481,0.27629418549412327,0.7479816224033135,3.0511864757417055,-0.0003507541506316484,-1.8129084745990198,-2.083592240010397,-0.9428213278399866,-1.6857522169696253,1.5708585977554321,0.23869505524635315,1
444,1788171486.9455156,-0.2736892406037195,-0.6463821443743378,0.2762749937851693,0.7599488822973759,3.0482398826551593,0.00019617579797528455,-1.8152101675616663,-2.085379425679342,-0.9400408903705042,-1.6870935598956507,1.5708465576171875,0.24423962831497192,1
445,1788171486.985673,-0.275240137516388,-0.6464019982119128,0.2763784692827207,0.7717577292773002,3.045283814585706,-0.00014077081910210518,-1.8173678557025355,-2.087095562611715,-0.9371884504901331,-1.6880152861224573,1.5708345174789429,0.24983176589012146,1
446,1788171487.027023,-0.2769186716762877,-0.6463731943582149,0.2764109410695617,0.7844317369213196,3.0420556183386998,-0.0002710529496234422,-1.8197177092181605,-2.088907066975729,-0.9343364874469202,-1.6889727751361292,1.5708225965499878,0.25580814480781555,1
447,1788171487.0649524,-0.2787865214577967,-0.6464122649242299,0.2763101508684768,0.7990407370406528,3.0382515778979573,-2.6037207526124796e-05,-1.8223074118243616,-2.0912583510028284,-0.9309328238116663,-1.690181080495016,1.5708225965499878,0.2628290355205536,1
448,1788171487.105134,-0.2800099840013094,-0.6464701893464246,0.27622391464573587,0.808252264073317,3.0357896008853302,5.1427656508067955e-05,-1.8239973227130335,-2.092853848134176,-0.9286797682391565,-1.690887753163473,1.5708465576171875,0.2672092616558075,1
449,1788171487.1468785,-0.28169724716384426,-0.6464461279847571,0.27623842011922917,0.8206497309441776,3.032473422018819,-9.689851367713623e-05,-1.8263471762286585,-2.0947135130511683,-0.9257920424090784,-1.6918214003192347,1.5708345174789429,0.27302947640419006,1
450,1788171487.1861525,-0.28324479701331706,-0.6464716147884154,0.276265812802595,0.8329522401786473,3.029091677443728,-0.00017052476773220067,-1.8284934202777308,-2.0965970198260706,-0.9228194395648401,-1.6928632895099085,1.5708585977554321,0.27900588512420654,1
451,1788171487.2271001,-0.28481803930708394,-0.6464244601455006,0.2762637965400354,0.8450869685244639,3.025743443629176,0.00013274200987857925,-1.8306868712054651,-2.098481003438131,-0.9198597113238733,-1.694132153187887,1.5708465576171875,0.28482645750045776,1
452,1788171487.2686534,-0.28679467194404995,-0.6463532210500693,0.2763203736074902,0.8594921246332845,3.021695605064541,0.00011464924708466944,-1.8334439436541956,-2.1006763617144983,-0.9163125197040003,-1.695472542439596,1.5708345174789429,0.29159530997276306,1
453,1788171487.3073418,-0.2883418186316206,-0.6463933653042515,0.2763219418135496,0.8716658370001612,3.018205520193279,2.2645131010537082e-05,-1.8355658690081995,-2.1026199499713343,-0.913304630910055,-1.6964781920062464,1.5708345174789429,0.2975357174873352,1
454,1788171487.3471525,-0.2899594129470551,-0.6464065606805135,0.27622136164601485,0.8838046639696447,3.0146650839921603,0.0003803113235998881,-1.8377955595599573,-2.1047547499286097,-0.9101885000811976,-1.6976869742022913,1.5708465576171875,0.3033559322357178,1
455,1788171487.3868012,-0.29161584413814146,-0.6464035610198313,0.2762534612758896,0.8956636739343377,3.0111726124646774,0.00012020241233431448,-1.8400734106646937,-2.1066749731646937,-0.9071567694293421,-1.6986330191241663,1.5708345174789429,0.30894845724105835,1
456,1788171487.4275184,-0.2931337861075943,-0.6464567805251594,0.27630941758254357,0.9075710205472158,3.0075760884416964,-0.00016042580868340652,-1.8421476523028772,-2.1085942427264612,-0.904064957295553,-1.6996262709247034,1.5708585977554321,0.31479302048683167,1
457,1788171487.4686315,-0.294740083580286,-0.6463935978936823,0.27623231686025385,0.9199338843998406,3.003864022470135,0.00040527064868284794,-1.8443649450885218,-2.1106460730182093,-0.900973145161764,-1.7010272184955042,1.5708225965499878,0.32079336047172546,1
458,1788171487.5105321,-0.29640920484412,-0.6463254336999408,0.2763352058788797,0.9322034591333015,3.000038018357551,0.000181379515341757,-1.8466904799090784,-2.112493340169088,-0.8978570143329065,-1.7021525541888636,1.5708585977554321,0.32664990425109863,1
459,1788171487.5496526,-0.29796056858333864,-0.6462348682898383,0.27637576676120545,0.9437856529831812,2.9964110065012868,-2.5109895364090652e-05,-1.8488486448871058,-2.114124600087301,-0.8952329794513147,-1.7030137220965784,1.5708585977554321,0.3322184383869171,1
460,1788171487.594835,-0.29965843829137057,-0.6459771593794498,0.2762940645664287,0.956137351044452,2.992533967680378,0.0001643483369682667,-1.8512581030475062,-2.1156252066241663,-0.8930638472186487,-1.703803841267721,1.5708225965499878,0.3380506634712219,1
461,1788171487.6357825,-0.3015135109833496,-0.6455883581547216,0.2762832989308178,0.9704510352498382,2.987922310789969,0.0001269922231975808,-1.853943173085348,-2.116908375416891,-0.8910864035235804,-1.7044742743121546,1.5708225965499878,0.34493932127952576,1
462,1788171487.678518,-0.30305711587243644,-0.6450206506204456,0.2762916752218124,0.9820333340249998,2.9841121929428707,0.0002038790623254118,-1.8562811056720179,-2.117376152669088,-0.8903196493731897,-1.7048214117633265,1.5708465576171875,0.35036370158195496,1
463,1788171487.721541,-0.30475597764964635,-0.644334291241227,0.27635495833610246,0.9940153716782775,2.980132289108568,-0.00024740682153443497,-1.8588703314410608,-2.1175082365619105,-0.89001971880068,-1.7047017256366175,1.5708465576171875,0.3558124005794525,1
464,1788171487.7605317,-0.30626337894450895,-0.643617093205383,0.27632007751653986,1.0061727908198483,2.9760249519835495,-0.00020848726448951805,-1.8612197081195276,-2.1175082365619105,-0.8901036421405237,-1.7046416441546839,1.5708705186843872,0.3616326153278351,1
465,1788171487.80287,-0.3079459505702448,-0.6426747217730099,0.2762296329536017,1.0184076375877107,2.971909942093141,0.0002603962558737892,-1.8638809362994593,-2.1173041502581995,-0.8905833403216761,-1.7046659628497522,1.5708345174789429,0.3671891689300537,1
466,1788171487.842788,-0.30979879514995157,-0.6416192634830142,0.2761744312434875,1.0320915463807394,2.967199388009146,0.0002971782344654628,-1.8668301741229456,-2.1168487707721155,-0.8914335409747522,-1.7042949835406702,1.5708225965499878,0.37345317006111145,1
467,1788171487.883441,-0.3113367667967451,-0.6406464467213902,0.27619635510588014,1.0441402310920975,2.962947214735305,0.0004491770335651973,-1.8693354765521448,-2.1163085142718714,-0.8922007719623011,-1.7041633764850062,1.5708585977554321,0.3790820240974426,1
468,1788171487.9259207,-0.31290677069770634,-0.6396134052249763,0.2761605347875158,-1.0563327158784477,-2.9586507035164034,-0.0005381186434295871,-1.8718770186053675,-2.115600887929098,-0.8933871428119105,-1.7037442366229456,1.5707865953445435,0.38477039337158203,1
469,1788171487.9697137,-0.3143620244924931,-0.6385948767747455,0.27625445524060355,1.0676610766357737,2.954569805925533,0.00010804930128308097,-1.874298397694723,-2.114617172871725,-0.8947532812701624,-1.703085724507467,1.5708345174789429,0.3900146186351776,1
470,1788171488.0114002,-0.31600787005431713,-0.6374600698459068,0.27626036919889935,1.079397121883198,2.950286949005359,1.5427264916252096e-05,-1.87701923051943,-2.1137054602252405,-0.896179501210348,-1.7025116125689905,1.5708465576171875,0.3952472507953644,1
471,1788171488.0535884,-0.3178359472766104,-0.6361276843603171,0.27634607107379616,1.0938317679566711,2.944987697836542,-0.00010064712870558186,-1.8800643126117151,-2.1125415007220667,-0.8977974096881312,-1.701984707509176,1.5708225965499878,0.4019913673400879,1
472,1788171488.0912302,-0.31938165837479054,-0.6349719684448789,0.27631819536227015,1.105727353054583,2.940534699682534,6.864797590650694e-05,-1.8826659361468714,-2.111581627522604,-0.8993433157550257,-1.7015059630023401,1.5708345174789429,0.407476007938385,1
473,1788171488.1293685,-0.3208051795282781,-0.633867856744873,0.27619707933689486,1.1171078112860957,2.9362170274864523,0.0004453876574709384,-1.8850868383990687,-2.1106699148761194,-0.9010208288775843,-1.7009790579425257,1.5708585977554321,0.41280412673950195,1
474,1788171488.1707423,-0.3219279252869931,-0.6330142385371037,0.27617361934565654,1.1262832685216106,2.932724256760462,0.00048193090682081656,-1.8869808355914515,-2.1099141279803675,-0.9022553602801722,-1.7005241552936,1.5708465576171875,0.41716039180755615,1
475,1788171488.213055,-0.3238425516710578,-0.6316315128445585,0.2762070397226637,1.1410319094468342,2.9270283799806296,4.6981173350519286e-05,-1.8901813665973108,-2.1086424032794397,-0.9042208830462855,-1.6995542685138147,1.5708225965499878,0.42402511835098267,1
476,1788171488.2556558,-0.3252405352376653,-0.630489160344549,0.27622864564609384,1.1524999863659748,2.9225156829766084,-4.61906006571892e-05,-1.8925908247577112,-2.107478443776266,-0.9059947172748011,-1.6988843123065394,1.5708345174789429,0.42946144938468933,1
477,1788171488.2958434,-0.32667213287038716,-0.6292700713905675,0.27644253111619915,1.1638126378443077,2.918022506584531,0.00012171279766428393,-1.8950842062579554,-2.106363121663229,-0.9071567694293421,-1.6989439169513147,1.5708465576171875,0.4347172975540161,1
478,1788171488.3366911,-0.3280406677495983,-0.627996532574886,0.27726280537610726,1.1755591276055162,2.913342226403454,-5.561936801764593e-05,-1.8975055853473108,-2.105103317891256,-0.9070366064654749,-1.7002127806292933,1.5708105564117432,0.44034576416015625,1
479,1788171488.3774314,-0.32936192768781475,-0.6266707496492682,0.277991367401879,1.1869545793792013,2.908698682810558,0.00043299419000603545,-1.8999150435077112,-2.1039279142962855,-0.9069169203387659,-1.7018173376666468,1.5708465576171875,0.44577011466026306,1
480,1788171488.418171,-0.330774032884293,-0.6253796544350263,0.27869833849226433,1.1971575734238233,2.904527321570196,0.0004266943354714901,-1.9024203459369105,-2.1027515570269983,-0.906928841267721,-1.7029784361468714,1.5708345174789429,0.45028218626976013,1
481,1788171488.458937,-0.33200795999331345,-0.6241124273220766,0.2795576310289149,1.2055579956530953,2.9010268153169516,0.00016018512223313694,-1.9046857992755335,-2.1013482252704065,-0.9069407621966761,-1.7041991392718714,1.5708465576171875,0.4538103938102722,1
482,1788171488.500421,-0.33367975658794835,-0.622551790167187,0.28042969437529236,1.2151168306891291,2.8970241365259164,-0.00012614110171985948,-1.9076827208148401,-2.099800411854879,-0.907144848500387,-1.705360237752096,1.5708465576171875,0.45741090178489685,1
483,1788171488.539618,-0.3350478166894582,-0.6212582546279475,0.28109072758103065,1.2218618744517102,2.8941600259734854,-0.00043005341385538655,-1.910151783620016,-2.098456684743063,-0.9075759092914026,-1.70607835451235,1.5708585977554321,0.4596070349216461,1
484,1788171488.5813174,-0.3363618139398272,-0.6199451383727846,0.2815302105851975,1.227982127012819,2.8916063501013154,-0.00015272979477043511,-1.9125497976886194,-2.09717303911318,-0.90839130083193,-1.7067249456988733,1.5708345174789429,0.4614308774471283,1
485,1788171488.6226547,-0.33773543290518493,-0.6186130737495167,0.2819373847694192,1.232703939916674,2.889620991083988,-0.00019613285222679777,-1.9150422255145472,-2.095781151448385,-0.9095056692706507,-1.7069762388812464,1.5708105564117432,0.4621993601322174,1
486,1788171488.6644766,-0.3389336649600148,-0.6173580595506656,0.28218980788595016,1.235703734693396,2.888302676330201,-0.00013906777645837924,-1.9172843138324183,-2.09434158006777,-0.9110754171954554,-1.7068803946124476,1.5708465576171875,0.4620431959629059,1
487,1788171488.7052395,-0.340322020424766,-0.6159779134291157,0.28242022798926003,1.2380541079759502,2.887292396067805,-0.000235688148917809,-1.9198372999774378,-2.0927818457232874,-0.9129088560687464,-1.7065451780902308,1.5708465576171875,0.4611189067363739,1
488,1788171488.7457669,-0.3415714050176777,-0.6146477313566786,0.28245035815041475,1.2392960873782666,2.886755214920294,-9.722728702855267e-06,-1.9221866766559046,-2.0912345091449183,-0.9151862303363245,-1.705958668385641,1.5708585977554321,0.4596309959888458,1
489,1788171488.7840822,-0.34299115510184075,-0.6134200506971831,0.28246070983428856,1.2393123699688973,2.8867569302510523,0.00023313003340701482,-1.924715820943014,-2.090214554463522,-0.9166958967791956,-1.7056239287005823,1.5708585977554321,0.4571109414100647,1
490,1788171488.8225932,-0.34458914747386915,-0.6124634411454113,0.2824583301449649,1.2392173419506494,2.8868332088501463,0.00013512655387747997,-1.9273412863360804,-2.090010468159811,-0.9170315901385706,-1.7054317633258265,1.5708225965499878,0.45441073179244995,1
491,1788171488.8607018,-0.34607942671353953,-0.6115549659381796,0.28239035963560855,1.239201203187473,2.886808049563065,0.00036436728796625034,-1.9298222700702112,-2.089914623891012,-0.9173191229449671,-1.7053845564471644,1.5708585977554321,0.4519266188144684,1
492,1788171488.8982306,-0.34768788692048025,-0.6106558507020081,0.28245323361213204,1.2396444118629095,2.886611423268877,0.0001763481155289141,-1.9324472586261194,-2.089890782033102,-0.9172232786761683,-1.7053845564471644,1.5708585977554321,0.44961029291152954,1
493,1788171488.9370556,-0.34893167803078057,-0.6099461420910313,0.28245895415274314,1.2395872172882432,2.8866764858413565,0.00022917252899189953,-1.9344733397113245,-2.089914623891012,-0.9171631971942347,-1.7054560820208948,1.5708225965499878,0.4475344121456146,1
494,1788171488.975828,-0.35046139996752296,-0.6091087781421818,0.28251932640574123,1.2394546446636074,2.8867144341611306,2.401097461745805e-05,-1.9369662443744105,-2.0899508635150355,-0.9169839064227503,-1.70546800294985,1.5708345174789429,0.44495442509651184,1
495,1788171489.0159528,-0.3521000099384848,-0.6082239513176637,0.2825222288347278,1.2397052975476848,2.8866438324343555,-5.456312435836019e-05,-1.9396150747882288,-2.0900705496417444,-0.9168036619769495,-1.705479923878805,1.570798635482788,0.4424699544906616,1
496,1788171489.0548384,-0.3536656159932527,-0.6074109749987595,0.282583520643789,1.2392989926470637,2.886758682299101,-0.00037164352742690516,-1.9421566168414515,-2.0902026335345667,-0.9164918104754847,-1.7054560820208948,1.5708465576171875,0.4396618902683258,1
497,1788171489.0934052,-0.35532958794955594,-0.6065551642925943,0.28255784962244246,1.2390775833745946,2.8868788718539076,-0.0004471936791942393,-1.94482928911318,-2.090454403554098,-0.9161809126483362,-1.70546800294985,1.5708225965499878,0.43682950735092163,1
498,1788171489.1326916,-0.3568658591944848,-0.6057152681308928,0.28251876583829494,1.2388835622719836,2.8869153541047576,-0.000219056989130615,-1.9473465124713343,-2.0907066504107874,-0.9158571402179163,-1.7056835333453577,1.5708705186843872,0.4341896176338196,1
499,1788171489.1722395,-0.3584455850629532,-0.6049038638159528,0.2825473029988829,1.2391591116292482,2.8868055948062783,-0.0004826579679589548,-1.9498875776873987,-2.0909107367144983,-0.9155095259295862,-1.7056596914874476,1.5708585977554321,0.4318373203277588,1
500,1788171489.2116222,-0.360090030625165,-0.6040225611047049,0.2825347250227941,1.2394071024572486,2.886727128103751,-0.0004276860580804915,-1.9525488058673304,-2.0911744276629847,-0.9151261488543909,-1.7058151404010218,1.5708345174789429,0.4293408691883087,1
501,1788171489.2511334,-0.36159359570880906,-0.6032160424383767,0.2824784828695781,1.2392615594256442,2.88678005866451,-0.00023875029132342695,-1.954994026814596,-2.0914743582354944,-0.9147785345660608,-1.7059829870807093,1.5708465576171875,0.42679721117019653,1
502,1788171489.2923698,-0.36322128653549335,-0.602347248973812,0.28247106191442284,1.239365402901573,2.8867490088845336,-0.00023932264330200654,-1.9576309362994593,-2.091750446950094,-0.9143713156329554,-1.7061141172992151,1.5708345174789429,0.42422884702682495,1
503,1788171489.3323164,-0.36476355429668406,-0.6014754473209527,0.2824433910734848,1.239413799483209,2.886730133106952,-0.00010767646389842833,-1.9601600805865687,-2.091954056416647,-0.914107624684469,-1.7062581221209925,1.5708345174789429,0.42173275351524353,1
504,1788171489.372868,-0.3663655493780915,-0.6005963853789958,0.2824767994750851,1.2391868268175856,2.8867871911009795,-0.0002568643588536237,-1.9627850691424769,-2.0921462217914026,-0.9137480894671839,-1.7063301245318812,1.5708705186843872,0.41896066069602966,1
505,1788171489.413422,-0.36796604638279745,-0.5997220054690195,0.2824993215936191,1.2388807990408701,2.8869459396147676,-0.00014525257365103435,-1.965386215840475,-2.0924699942218226,-0.9131725470172327,-1.7066534201251429,1.5708465576171875,0.416140615940094,1
506,1788171489.4547749,-0.36944711016837634,-0.5990231524497392,0.2824422608916166,1.2385874952375175,2.8870869824477685,0.00017495555058417165,-1.9677355925189417,-2.0931299368487757,-0.9122498671161097,-1.7071202437030237,1.5708345174789429,0.41358423233032227,1
507,1788171489.4965692,-0.3710909811898654,-0.5982101029568346,0.28240808773865167,1.238976062613179,2.8869083916729616,0.0005703848043010262,-1.9703720251666468,-2.093813721333639,-0.9112194220172327,-1.7077186743365687,1.5708465576171875,0.4112199544906616,1
508,1788171489.535127,-0.3726723844395997,-0.5975825825191394,0.2824160140088402,1.2391098153261653,2.8868498324970986,0.00047657692569014697,-1.9728172461139124,-2.094677750264303,-0.9098771254168909,-1.708137337361471,1.5708465576171875,0.4088676869869232,1
509,1788171489.5755634,-0.37433759559664675,-0.5969721465286905,0.282435475474615,1.2392309958188512,2.886809945579385,0.00019474069820056173,-1.9753583113299769,-2.095649067555563,-0.9083674589740198,-1.708496395741598,1.5708345174789429,0.40640753507614136,1
510,1788171489.6162872,-0.3759469683948308,-0.5963557312512382,0.2824712939224855,1.2393731458420416,2.886722529509211,6.346171605083938e-05,-1.9778392950641077,-2.0966089407550257,-0.906809155141012,-1.7090113798724573,1.5708585977554321,0.4040316641330719,1
511,1788171489.6551626,-0.3775019872771598,-0.5958071789200544,0.28246723578240673,1.2393344761114802,2.886739627551489,-0.0001614690661338672,-1.9802005926715296,-2.097605053578512,-0.9053109327899378,-1.7093704382525843,1.5708585977554321,0.40164345502853394,1
512,1788171489.6961472,-0.3791870628819163,-0.5951427629025143,0.28242495510905213,1.2392875657083136,2.8867859200863286,-8.433194027567892e-05,-1.9827898184405726,-2.0986488501178187,-0.9037893454181116,-1.7098973433123987,1.5708345174789429,0.3990151584148407,1
513,1788171489.73525,-0.3807059346296386,-0.5945544748709164,0.2824749531377002,1.2387766331248353,2.8869924907688667,-0.0001228485584895641,-1.9851272741900843,-2.0996201674090784,-0.9021595160113733,-1.7105315367328089,1.5708465576171875,0.3963269293308258,1
514,1788171489.7725859,-0.382355097375923,-0.5938741886375498,0.28253139332795335,1.2390508166666225,2.886927470664493,-0.0001588777670893271,-1.9876678625689905,-2.1005800406085413,-0.9005296866046351,-1.7111781279193323,1.570798635482788,0.3939630687236786,1
515,1788171489.811689,-0.3839712951248849,-0.5934859000896383,0.28255896701176053,1.2390207830728592,2.8869168533083274,-0.0004028050327144503,-1.9900172392474573,-2.1021397749530237,-0.8980730215655726,-1.7119200865374964,1.5708225965499878,0.39159879088401794,1
516,1788171489.8491776,-0.38556895645622835,-0.5934140642892655,0.28242572347717665,1.2389909313575262,2.88695375709552,-0.0002869495526749983,-1.992138687764303,-2.104574982319967,-0.8946097532855433,-1.7130215803729456,1.570798635482788,0.3894506096839905,1
517,1788171489.8886292,-0.3868834221572444,-0.5933253423333246,0.2823972353774367,1.2394283692054078,2.8867387902793245,-5.9943125824271824e-05,-1.9939125219928187,-2.10661489168276,-0.8914697805987757,-1.714266602193014,1.5708225965499878,0.3879866600036621,1
518,1788171489.928424,-0.3884581066643359,-0.5932566516775561,0.2824133305881693,1.239396472581579,2.8867226250885327,0.00022304923389812733,-1.9960101286517542,-2.109194580708639,-0.8873594442950647,-1.715977970753805,1.5708465576171875,0.3858744502067566,1
519,1788171489.9681678,-0.38997329070586506,-0.5933014149787835,0.28241536443725196,1.2393252020240597,2.8867128797212622,0.00027931699109847076,-1.9979632536517542,-2.1118696371661585,-0.8831647078143519,-1.71753436723818,1.5708825588226318,0.383882075548172,1
520,1788171490.0068386,-0.3915906069623486,-0.5932709068890013,0.2825551968317988,1.2392594049667565,2.88675936537009,-5.673908397736937e-05,-2.000073258076803,-2.114413086568014,-0.8788750807391565,-1.7190664450274866,1.5708705186843872,0.3817219138145447,1
521,1788171490.0452588,-0.39323295843526396,-0.5932683222790925,0.2825116819833719,1.239482195594181,2.8867148848268913,3.3715201564753787e-06,-2.0021827856646937,-2.1171844641314905,-0.8746326605426233,-1.720574680958883,1.5708225965499878,0.37975388765335083,1
522,1788171490.0836182,-0.3947666811132077,-0.5933039393371392,0.2824899465129581,1.2390487752953734,2.886911078778283,0.00015655093634044722,-2.004136387501852,-2.119943920766012,-0.8703306357013147,-1.7222145239459437,1.5708105564117432,0.37749746441841125,1
523,1788171490.1222687,-0.39642295753948764,-0.593294334023368,0.28250536127527615,1.2387800456477567,2.886964823782717,-3.2019469096742786e-05,-2.006293598805563,-2.122679058705465,-0.8660162130938929,-1.723675552998678,1.5708705186843872,0.3751695454120636,1
524,1788171490.1604345,-0.39771109376358166,-0.5932824214931817,0.28248052584051525,1.238976924641432,2.8869047359563766,4.6099811443112403e-05,-2.0079477469073694,-2.1248868147479456,-0.862589184437887,-1.7249439398394983,1.5708465576171875,0.3736456632614136,1
525,1788171490.1991267,-0.3992462258080927,-0.5932933193575793,0.28251851308589493,1.2385562885547703,2.887081720146828,-0.0003671733668351064,-2.0099132696734827,-2.1273940245257776,-0.8585985342608851,-1.7261646429644983,1.5708585977554321,0.37138962745666504,1
526,1788171490.2393813,-0.40090687067396663,-0.5926371247693899,0.2824342386232004,1.239039332988673,2.8868838714276555,-0.00019602867928936055,-2.012430016194479,-2.12862998643984,-0.8568366209613245,-1.7267993132220667,1.5708465576171875,0.36920514702796936,1
527,1788171490.2776818,-0.4025221515068752,-0.5917577698832494,0.2824824823401765,1.239201423420377,2.8868462251800002,-0.00040132562716062455,-2.0150187651263636,-2.1291096846209925,-0.8559859434710901,-1.7270386854754847,1.5708225965499878,0.36672067642211914,1
528,1788171490.315936,-0.40410633203550717,-0.5910343327413157,0.2824744674240732,1.2391866231314033,2.886823975087522,-0.00028918376957810533,-2.0174878279315394,-2.1300814787494105,-0.8544519583331507,-1.727673355733053,1.5708465576171875,0.3642485439777374,1
529,1788171490.35323,-0.4056893355462233,-0.590431314124396,0.28242283574388116,1.239347074425213,2.886778804451513,0.00023992357314363107,-2.0198610464679163,-2.131544891987936,-0.8521869818316858,-1.7288106123553675,1.5708105564117432,0.36198052763938904,1
530,1788171490.3909252,-0.40691816954868953,-0.5900477438848873,0.28239003465136087,1.239190032097659,2.8868037503757917,0.0003330658308557455,-2.021670643483297,-2.1327689329730433,-0.8503177801715296,-1.7295168081866663,1.5708465576171875,0.3600727915763855,1
531,1788171490.4305587,-0.40848112463844055,-0.5892871150287561,0.28241979904869613,1.2391820329377514,2.8867985327914303,0.00018155159764512643,-2.024127785359518,-2.1335366407977503,-0.8490474859820765,-1.7299235502826136,1.5708585977554321,0.357612282037735,1
532,1788171490.4703276,-0.4099964615031055,-0.5884797184074644,0.2824842243694714,1.239545254414553,2.886699680129416,-0.00034099947262660385,-2.0265372435199183,-2.133944336568014,-0.8483164946185511,-1.7299121061908167,1.5708225965499878,0.3554401397705078,1
533,1788171490.5097797,-0.4111160520848056,-0.5878424885962156,0.2823785253294106,1.2405533705714387,2.886238859718951,-0.000286125334689287,-2.028358761464254,-2.1342924276935022,-0.8480284849749964,-1.7298882643329065,1.5708465576171875,0.3543241024017334,1
534,1788171490.5486584,-0.41206154926382377,-0.5872488641915317,0.2822312233418799,1.2435041669703895,2.884948299219709,-7.995394292853235e-05,-2.029928986226217,-2.134496513997213,-0.8480528036700647,-1.7297919432269495,1.5708585977554321,0.35480421781539917,1
535,1788171490.5907915,-0.41286227138608617,-0.5867339306661221,0.28210164904773427,1.2477110216453953,2.883142386666167,-2.136350129108075e-05,-2.031259361897604,-2.134580914174215,-0.8482444922076624,-1.7295525709735315,1.5708465576171875,0.3563883900642395,1
536,1788171490.6295085,-0.4134071164782006,-0.5863985925692539,0.281900554418432,1.2528250465261412,2.8809636795108893,-3.635617620348808e-05,-2.0321462790118616,-2.13459283510317,-0.8487475554095667,-1.7290261427508753,1.5708105564117432,0.3590402603149414,1
537,1788171490.6686966,-0.4136915505608827,-0.5862319914419635,0.281571926506623,1.2588508473599183,2.8782775161787835,0.00012975540294437712,-2.0326255003558558,-2.1346047560321253,-0.8495505491839808,-1.7283194700824183,1.5708585977554321,0.362760990858078,1
538,1788171490.7103612,-0.41374248920428,-0.5862779401138436,0.28114369854419763,1.2658386872342424,2.8752512302937108,0.00011621162739671137,-2.032649342213766,-2.13459283510317,-0.8506773153888147,-1.7271941343890589,1.5708225965499878,0.36758503317832947,1
539,1788171490.7513716,-0.4137296295163696,-0.5863213027654809,0.2805834856900231,1.273689948108853,2.871751183618892,0.00026731645443315303,-2.0326135794269007,-2.134484593068258,-0.8522709051715296,-1.7258060614215296,1.5708465576171875,0.37309327721595764,1
540,1788171490.7925677,-0.4137478645814763,-0.5862825707034139,0.27993868294459856,1.2834295028516194,2.8674419029629377,0.0006104519773406633,-2.032649342213766,-2.134268585835592,-0.8542240301715296,-1.724285904561178,1.5708105564117432,0.3798377811908722,1
541,1788171490.8316474,-0.413731883451942,-0.5863130252778981,0.2792738857357462,1.2941928466890626,2.8625578066876263,0.0002717444859291091,-2.0326255003558558,-2.133848492299215,-0.8566568533526819,-1.7220590750323694,1.5708585977554321,0.3873863220214844,1
542,1788171490.8711739,-0.4137615491524044,-0.5863480129967977,0.27846978577196274,1.305301870316151,2.857568893199681,1.4919453045208876e-05,-2.0326255003558558,-2.133488480244772,-0.8593409697162073,-1.719569508229391,1.5708105564117432,0.39513900876045227,1
543,1788171490.9135954,-0.4137552962316282,-0.5863036695012119,0.27775949145625456,1.3169949889040982,2.8521811261235737,0.00022409095557961514,-2.032649342213766,-2.1331408659564417,-0.8616898695575159,-1.7177017370807093,1.5708225965499878,0.40331149101257324,1
544,1788171490.9525158,-0.41372978917042075,-0.5863031775745956,0.2770501613064999,1.328302306514077,2.846945919099314,0.00026519293743599735,-2.0326135794269007,-2.1327927748309534,-0.8640626112567347,-1.7157028357135218,1.5708105564117432,0.4112798869609833,1
545,1788171490.9913707,-0.4137407979470688,-0.5863057921583475,0.27636849493154186,1.339671076530215,2.8415753579178453,0.00022965340000013907,-2.032637421284811,-2.1325047651873987,-0.8662799040423792,-1.7137516180621546,1.5708465576171875,0.4192606210708618,1
546,1788171491.0324876,-0.41375976704414674,-0.5863254572304898,0.2757354217610396,1.351356712404588,2.8360817606617497,-0.0001419820585733589,-2.032637421284811,-2.1321328322040003,-0.8685568014727991,-1.711609188710348,1.5708105564117432,0.4274810552597046,1
547,1788171491.0723164,-0.4137443626902377,-0.5862878114571797,0.27498138173337316,1.3622934711364891,2.8308135274079573,0.0002927282630594959,-2.032649342213766,-2.1318934599505823,-0.8708093802081507,-1.7098730246173304,1.5708345174789429,0.4351974129676819,1
548,1788171491.1113026,-0.41375841920522477,-0.5863094141659438,0.2744482103868341,1.3736017426471185,2.82531671067828,0.0004461634766328141,-2.032661263142721,-2.1318214575396937,-0.8722718397723597,-1.7085803190814417,1.5708585977554321,0.4431901276111603,1
549,1788171491.1526322,-0.4137768723907366,-0.5862960331590434,0.274590792744695,1.3845370694143824,2.8200435951589644,5.0856435099382036e-05,-2.0326736609088343,-2.131688896809713,-0.8721759955035608,-1.7085564772235315,1.570798635482788,0.4509064853191376,1
550,1788171491.1912203,-0.41381078559812884,-0.5862754026555651,0.2745161356705139,1.3939483587351427,2.815389928170976,0.0002770281159101497,-2.0327332655536097,-2.131772820149557,-0.8722003141986292,-1.7085922400103968,1.5708105564117432,0.45753076672554016,1
551,1788171491.230365,-0.41378453037265533,-0.5862728818231818,0.27454223318122273,1.402564254256602,2.81108142977268,0.00025840396050927063,-2.0327094236956995,-2.1317246595965784,-0.8722122351275843,-1.7086165587054651,1.5708345174789429,0.4636872708797455,1
552,1788171491.2686002,-0.41378428097891,-0.5862919430616471,0.27452459063469725,1.4100478056246835,2.8073757677840265,0.00025836523016922335,-2.0326855818377894,-2.131760899220602,-0.8722003141986292,-1.7085922400103968,1.570798635482788,0.4690273702144623,1
553,1788171491.3104734,-0.41381519596243843,-0.5862714579059761,0.27454513363134025,1.4160136656739053,2.8043446882455525,0.0002009077723851746,-2.0327451864825647,-2.1317485014544886,-0.8721759955035608,-1.7085922400103968,1.5708225965499878,0.4732278287410736,1
554,1788171491.3511395,-0.4138161897574153,-0.5862659985330249,0.27457239014908474,1.420981956927489,2.8018035904711143,0.00014583071523319903,-2.032757584248678,-2.1317246595965784,-0.8721521536456507,-1.70860463777651,1.5708465576171875,0.47676804661750793,1
555,1788171491.3929648,-0.4138196166007272,-0.5862477444877195,0.274585107054655,1.4249533562205579,2.799799542799024,0.00014577384449694354,-2.032769505177633,-2.131688896809713,-0.8721759955035608,-1.7086165587054651,1.5708345174789429,0.4795880913734436,1
556,1788171491.4331384,-0.4138179512244809,-0.5862449895683784,0.2746023546234488,1.428043149768764,2.7982649789303475,0.00010708368129683242,-2.032757584248678,-2.131664578114645,-0.8721759955035608,-1.7086165587054651,1.570798635482788,0.48179617524147034,1
557,1788171491.4729688,-0.413803895313736,-0.5862487602963912,0.2745906047203015,1.4300461657817662,2.7972153084818165,0.00014568288418681576,-2.0327451864825647,-2.131664578114645,-0.8722003141986292,-1.7086165587054651,1.5708225965499878,0.48324814438819885,1
558,1788171491.5134766,-0.41380525989455613,-0.5862440463373709,0.27461350449096145,1.4303546496998842,2.7970302425300844,8.916957823020681e-05,-2.032757584248678,-2.1316407362567347,-0.8721879164325159,-1.7086165587054651,1.5708465576171875,0.48346424102783203,1
559,1788171491.5523272,-0.4138151372313091,-0.5862516111754704,0.27458940247651736,1.430264483472238,2.797103258269383,8.876415302781094e-05,-2.032757584248678,-2.131664578114645,-0.8722122351275843,-1.7085683981524866,1.5708225965499878,0.48339197039604187,1
560,1788171491.5908425,-0.4138167437950309,-0.5862358687206229,0.27461251030457573,1.430331905205173,2.79706863964058,7.004051958266945e-05,-2.032769505177633,-2.1316288153277796,-0.8722122351275843,-1.7085922400103968,1.5708225965499878,0.48342829942703247,1
561,1788171491.6292548,-0.41381326827119247,-0.5862349945008177,0.2746027934927361,1.4298730886272921,2.7972903838649135,0.00014512786047590447,-2.032769505177633,-2.1316526571856897,-0.8721879164325159,-1.7086404005633753,1.5708345174789429,0.4831039607524872,1
562,1788171491.6681824,-0.41381714532370956,-0.5862366751509381,0.2746135042817193,1.4282003273016706,2.7981577312613344,8.87338912093419e-05,-2.032769505177633,-2.1316407362567347,-0.8721879164325159,-1.7086165587054651,1.5708225965499878,0.48190441727638245,1
563,1788171491.7094548,-0.4138262810546818,-0.5862231922139381,0.27459680336077685,1.4258434058477134,2.7993465267154196,0.0001645154565033946,-2.0327933470355433,-2.1316526571856897,-0.8722003141986292,-1.7086404005633753,1.5708345174789429,0.48020005226135254,1
564,1788171491.746767,-0.41380286474750516,-0.58624052299595,0.27462546237176116,1.4219890719099277,2.8013326849748186,8.849840784167228e-05,-2.0327451864825647,-2.1316288153277796,-0.8721759955035608,-1.7086404005633753,1.5708105564117432,0.47748786211013794,1
565,1788171491.7848828,-0.41380894690934134,-0.5862324825599011,0.27465771454642746,1.4174159453347996,2.803608515265034,-4.8159712695129775e-06,-2.032769505177633,-2.1315930525409144,-0.8721640745746058,-1.7086284796344202,1.5708465576171875,0.4742116630077362,1
566,1788171491.8232799,-0.41383056502231697,-0.5862189947328442,0.27461979181808427,1.4128554650958918,2.8059097419509595,7.070133357236066e-05,-2.0328052679644983,-2.1316168943988245,-0.8722122351275843,-1.70860463777651,1.5708465576171875,0.47092387080192566,1
567,1788171491.865524,-0.4138299959304419,-0.5862373482814024,0.27462156566927604,1.4063684918021944,2.8092068149493055,3.145087177813421e-05,-2.032781426106588,-2.1316407362567347,-0.8721759955035608,-1.7085922400103968,1.5708105564117432,0.4663151800632477,1
568,1788171491.9048073,-0.4138025732295787,-0.586225848743134,0.27461064777003846,1.3983183662298435,2.8131687604680753,0.00014518352385347761,-2.032769505177633,-2.1316168943988245,-0.8722241560565394,-1.7086404005633753,1.5708585977554321,0.4606151878833771,1
569,1788171491.9436285,-0.4138144827751924,-0.586218465399697,0.274610647493892,1.3889354631726376,2.8178396622790385,0.00014500830855435561,-2.032781426106588,-2.1316168943988245,-0.8722241560565394,-1.7086404005633753,1.5708345174789429,0.4539306163787842,1
570,1788171491.985172,-0.41383164316043325,-0.5862149932311009,0.2745948665076432,1.3791541575337738,2.82263942082859,0.00016352046266786862,-2.0328052679644983,-2.1316407362567347,-0.8722241560565394,-1.7086284796344202,1.5708345174789429,0.4469704031944275,1
571,1788171492.0254848,-0.4138280223243036,-0.5862328559596135,0.2746051840229653,1.3682147558362403,2.827945194465287,6.869913206875872e-05,-2.0327933470355433,-2.1316407362567347,-0.8722122351275843,-1.7085803190814417,1.5708465576171875,0.43924206495285034,1
572,1788171492.0656266,-0.413804822078717,-0.5862364713556593,0.27464116057332755,1.3562286470089993,2.8336856392631073,0.0001239441433933778,-2.032769505177633,-2.1316526571856897,-0.8720920721637171,-1.708724323903219,1.5708705186843872,0.43080517649650574,1
573,1788171492.1053543,-0.4138097157768425,-0.5862407223993579,0.27469613149210714,1.3428360557356045,2.8401111130342436,-6.135457377026701e-06,-2.032757584248678,-2.1316288153277796,-0.8720086256610315,-1.7087481657611292,1.5708225965499878,0.42136049270629883,1
574,1788171492.1444485,-0.41381362535412397,-0.5862357116662208,0.27473553615610247,1.3334848844604172,2.8445005084657677,-7.461869185635866e-06,-2.032769505177633,-2.1316407362567347,-0.8718884626971644,-1.708855930958883,1.5708345174789429,0.4147721529006958,1
575,1788171492.1834943,-0.4138384058822724,-0.5862224686813392,0.27504572844549396,1.322112617160664,2.8498191116623417,-0.0001037708941582258,-2.0328052679644983,-2.1317365805255335,-0.870953385029928,-1.7096336523639124,1.5708225965499878,0.4067438542842865,1
576,1788171492.2211723,-0.4138185574299592,-0.5862200145865022,0.27593396225186717,1.3108402527438747,2.854995611749461,-0.0007098493726831609,-2.0327933470355433,-2.1317971388446253,-0.868664566670553,-1.7114771048175257,1.5708585977554321,0.3988589942455292,1
577,1788171492.2633667,-0.41382328806972624,-0.5862300435493953,0.27670173992066915,1.2991977735541214,2.8603586624972768,-0.0008982735191940219,-2.032781426106588,-2.132073227559225,-0.8662799040423792,-1.7134645620929163,1.5708225965499878,0.3907104730606079,1
578,1788171492.30256,-0.4138244495245347,-0.5861944412395426,0.2773340847071228,1.2883388783772045,2.865258786026156,-0.0005450422909230015,-2.0328052679644983,-2.13243276277651,-0.8640268484698694,-1.7155831495868128,1.5708225965499878,0.3831023573875427,1
579,1788171492.3430789,-0.41380406224943383,-0.5862037043723566,0.2778815623527151,1.2779175910707676,2.8698914810356797,-0.00036039619063113644,-2.032781426106588,-2.132757012044088,-0.8620737234698694,-1.7173307577716272,1.5708465576171875,0.37586575746536255,1
580,1788171492.3825984,-0.4138089777649693,-0.5861823366256272,0.27846445345162507,1.2685329209333234,2.874071801940024,-0.00013664422629815364,-2.0327933470355433,-2.13308030763735,-0.8600247542010706,-1.7191980520831507,1.5708225965499878,0.36931338906288147,1
581,1788171492.423894,-0.4138122211579996,-0.5861826834794293,0.27900899831480497,1.2607709733239858,2.87749547013237,-4.454196624012825e-05,-2.0327933470355433,-2.133380715047018,-0.8581307570086878,-1.7208498159991663,1.5708105564117432,0.3639126121997833,1
582,1788171492.4631484,-0.41381081290318594,-0.5861541960126151,0.2795131602131011,1.2541933461517822,2.880333118590907,0.0002152860401668089,-2.0328171888934534,-2.1336687246905726,-0.8563335577594202,-1.7225258986102503,1.5708345174789429,0.3593282699584961,1
583,1788171492.5031388,-0.41381617223031714,-0.5861900908335003,0.27996869393641943,1.2482614343743617,2.8829052007607396,-4.989057581720844e-05,-2.0328052679644983,-2.13386041322817,-0.8548958937274378,-1.7236035505877894,1.5708465576171875,0.35522404313087463,1
584,1788171492.5425978,-0.413814240503382,-0.586186211500144,0.28026385229632933,1.243571415665299,2.884930107134601,-1.4864802954723089e-05,-2.0328052679644983,-2.1340044180499476,-0.8539007345782679,-1.7244771162616175,1.5708465576171875,0.351971834897995,1
585,1788171492.5814164,-0.41380076686366557,-0.586178119352646,0.28043337294668,1.2401938178438543,2.8863808007736416,5.982664716501286e-05,-2.0327933470355433,-2.1340764204608362,-0.85333758989443,-1.725015942250387,1.5708465576171875,0.3496435284614563,1
586,1788171492.6213005,-0.4138192356125671,-0.5861900761390467,0.28049649824308565,1.2381569619807913,2.887274843335871,-0.00010815828343032594,-2.0328052679644983,-2.1340883413897913,-0.8531821409808558,-1.7250517050372522,1.5708345174789429,0.3482155203819275,1
587,1788171492.6603117,-0.4139495857636584,-0.5859355481347269,0.2803593090807838,1.2368749392158225,2.887775489824695,0.00013230862503992095,-2.0331414381610315,-2.133728806172506,-0.8540681044207972,-1.7246807257281702,1.5708705186843872,0.34700360894203186,1
588,1788171492.7003193,-0.41447353492558414,-0.5848050797269732,0.2802792580070016,1.2369814484827393,2.887744975969061,0.00039755160391767797,-2.0345075766192835,-2.131881062184469,-0.8571608702289026,-1.7236035505877894,1.5708465576171875,0.3457074463367462,1
589,1788171492.73829,-0.41499961809629515,-0.5830973248410347,0.2803226085029329,1.2370222407717169,2.887754024399194,0.0003764850040781545,-2.0362451712237757,-2.1285093466388147,-0.8623855749713343,-1.7217357794391077,1.5708225965499878,0.3439914584159851,1
590,1788171492.7777786,-0.4152824898131834,-0.5815421090115002,0.2803892418450035,1.2370156352272148,2.8877475343045806,-2.1397442378508146e-05,-2.0375993887530726,-2.124946896229879,-0.8678978125201624,-1.7195337454425257,1.5708465576171875,0.34263500571250916,1
591,1788171492.8170843,-0.41550994183130946,-0.5799342656353829,0.2802015577532151,1.2368512786027688,2.887800868528523,6.84905424456838e-05,-2.038917843495504,-2.1212876478778284,-0.874129597340719,-1.7170193831073206,1.5708585977554321,0.34120699763298035,1
592,1788171492.8569324,-0.4156618153094275,-0.5786776728872278,0.2793333448400237,1.2366174758753132,2.8879320085160285,0.0005433916202107691,-2.0399001280414026,-2.1182640234576624,-0.8810442129718226,-1.7134283224688929,1.5708105564117432,0.34005501866340637,1
593,1788171492.8961747,-0.4159223077135873,-0.5770972195977304,0.2777030620675527,1.2368180922760565,2.8877847003680817,0.00044593381420539465,-2.041266743336813,-2.114100758229391,-0.8917811552630823,-1.7067964712726038,1.5708705186843872,0.3388427197933197,1
594,1788171492.9372754,-0.41628422156015077,-0.5754835180657776,0.27550155255564324,1.2368151068286493,2.8878322517601096,-0.0002764127652841117,-2.042764965687887,-2.1095903555499476,-0.9046042601214808,-1.698022190724508,1.5708585977554321,0.3373308479785919,1
595,1788171492.9763584,-0.41668206762982773,-0.5738624413299753,0.2722597652224097,1.236852345134365,2.8878327262837122,0.00020782438932261902,-2.0443108717547815,-2.105403248463766,-0.9193804899798792,-1.687739674245016,1.5708225965499878,0.33580660820007324,1
596,1788171493.0152285,-0.41707397762316073,-0.5722912243912938,0.2690414245091424,1.2364191847074348,2.8879774392530098,0.00023362816274010649,-2.045845333729879,-2.101288143788473,-0.9340251127826136,-1.6772292296039026,1.5708585977554321,0.3339823782444,1
597,1788171493.0536044,-0.41753866782403487,-0.5707538767420709,0.2659180233733235,1.2364845743734816,2.8879935517973254,-0.00039122329264515204,-2.0474394003497522,-2.097257439290182,-0.9483698050128382,-1.6665156523333948,1.5708465576171875,0.33242255449295044,1
598,1788171493.0955496,-0.41787239010263283,-0.5690625906751077,0.26260872044587247,1.2368537190643563,2.887858532337106,0.00018941304246008158,-2.0489614645587366,-2.093250099812643,-0.9629429022418421,-1.6563170591937464,1.570798635482788,0.3311503529548645,1
599,1788171493.1349614,-0.41791173995484066,-0.5673855862682867,0.2593418909584415,1.236718798113107,2.8878363223892456,0.0007192982894523043,-2.050135914479391,-2.088918987904684,-0.977886978779928,-1.646045986806051,1.5708465576171875,0.3299024999141693,1
600,1788171493.174602,-0.417884301155461,-0.565876707527519,0.2562290292516351,1.2367564715479695,2.8878376411533235,0.00012922330107656307,-2.0511062780963343,-2.0845521132098597,-0.9926398436175745,-1.6352842489825647,1.5708585977554321,0.3289538621902466,1
601,1788171493.2147603,-0.4177239579268451,-0.5642617036074112,0.252926732225648,1.2370370943772147,2.887729963461755,0.00038669285071583486,-2.051969353352682,-2.080172840748922,-1.007740322743551,-1.624725643788473,1.5708345174789429,0.3282819986343384,1
602,1788171493.253401,-0.4173625785558491,-0.5626920199353147,0.24982500400787644,1.236775951579051,2.8878889640168866,0.00023415526306823698,-2.052544418965475,-2.0755541960345667,-1.0227330366717737,-1.614251438771383,1.570798635482788,0.32751426100730896,1
603,1788171493.2926936,-0.4171233876308564,-0.5612817306847135,0.24672967400084514,1.2367746347292325,2.8878922021492617,-0.00030196047290499906,-2.0531914869891565,-2.071474854146139,-1.0369227568255823,-1.6038005987750452,1.5708225965499878,0.32686561346054077,1
604,1788171493.3312895,-0.4168241424902536,-0.5607331713910079,0.2434265743305079,1.2366924731929267,2.8878894035476472,0.00016105920728051563,-2.0531800428973597,-2.0696995894061487,-1.0479729811297815,-1.5948222319232386,1.5708345174789429,0.3268296718597412,1
605,1788171493.3726335,-0.41679603942674304,-0.5607149700006527,0.24016129266250824,1.2368282217016593,2.887820385241557,0.00036268389305217733,-2.0531562010394495,-2.069519344960348,-1.0565417448626917,-1.586562458668844,1.5708345174789429,0.3269502520561218,1
606,1788171493.4125745,-0.4167941217154619,-0.5606817663692694,0.23689432190747636,1.2367807520732146,2.887808567873501,0.0007136657344604901,-2.0531800428973597,-2.0694835821734827,-1.0648711363421839,-1.578493897114889,1.5708465576171875,0.3269015848636627,1
607,1788171493.4502687,-0.41681961341115464,-0.5607193486260329,0.23371267231990953,1.2368503938444844,2.8877791528448884,0.00046353715512149944,-2.0531914869891565,-2.0694835821734827,-1.0730207602130335,-1.5701854864703577,1.5708585977554321,0.326938271522522,1
608,1788171493.4881308,-0.41682144868612175,-0.5607634967021872,0.2312265509299598,1.2368318096546635,2.8878287715418756,0.00017898623893778347,-2.0531562010394495,-2.069495503102438,-1.0793851057635706,-1.5636256376849573,1.5708345174789429,0.3269502520561218,1
609,1788171493.527957,-0.4168140050376505,-0.5607197374124643,0.22806235897635685,1.236911729398838,2.8877767255582296,0.0002656330015154239,-2.0531800428973597,-2.069519344960348,-1.087402645741598,-1.5556405226336878,1.5708465576171875,0.3269862234592438,1
610,1788171493.5690958,-0.4168216111752357,-0.5606995052710575,0.22489389162113038,1.2368792441157337,2.887798981748487,0.00011105513166598325,-2.0532034079181116,-2.0695913473712366,-1.0953963438617151,-1.5474761168109339,1.5708465576171875,0.326938271522522,1
611,1788171493.6096764,-0.416830540296503,-0.5607402150458932,0.22121296344958336,1.2368852194114224,2.8878127361860706,-0.00043553424021690074,-2.0531914869891565,-2.0697596708880823,-1.1046126524554651,-1.53774339357485,1.5708585977554321,0.3269502520561218,1
612,1788171493.6503193,-0.41684365753763286,-0.5607704391494528,0.21867062124457712,1.2368966838727045,2.8878373525630368,-0.0004960745693659327,-2.0531800428973597,-2.070059124623434,-1.1106532255755823,-1.5313628355609339,1.5708345174789429,0.3269622325897217,1
613,1788171493.6893742,-0.4169054740964215,-0.5605501762042148,0.2147807114497906,1.2367324133524786,2.8878895734534,-0.0001585560687836066,-2.0534074942218226,-2.070263210927145,-1.1202176252948206,-1.5218098799334925,1.5708345174789429,0.3266255557537079,1
614,1788171493.7283962,-0.41731298095479474,-0.5599678116756414,0.21153353246010503,1.2369489692733122,2.8877751269776755,-0.00024072195225132508,-2.054330650960104,-2.0700953642474573,-1.1287749449359339,-1.5133698622332972,1.5708585977554321,0.32585781812667847,1
615,1788171493.7700055,-0.41797252747997843,-0.5590383851841622,0.20892419609944712,1.2372206759343416,2.8876510277269247,-9.823121139777159e-05,-2.0558045546161097,-2.069639507924215,-1.1361101309405726,-1.5065816084491175,1.5708585977554321,0.3245740234851837,1
616,1788171493.8109453,-0.4191346366647592,-0.5570786504196712,0.2051218123563327,1.2372508603462813,2.8876883073884936,-5.6398688894607244e-05,-2.0586093107806605,-2.0680559317218226,-1.1482270399676722,-1.4960711638080042,1.5708105564117432,0.3217775821685791,1
617,1788171493.8508883,-0.4196006420993081,-0.555531356369347,0.20185859715266924,1.2367957627850492,2.887832476419953,0.00013953490263245445,-2.060274902974264,-2.0663164297686976,-1.1591814200030726,-1.4869845549212855,1.5708465576171875,0.31980952620506287,1
618,1788171493.8936505,-0.4201456792200594,-0.5539700218491762,0.19873216367435645,1.2370225801212367,2.8877963356810152,-0.0004438864678439032,-2.0620368162738245,-2.0644448439227503,-1.1701119581805628,-1.4775508085833948,1.5708225965499878,0.318189412355423,1
619,1788171493.9338293,-0.4204987176786225,-0.5523079115990615,0.1956085386531965,1.2370790474390745,2.8877469854736004,-0.00045242190312996756,-2.0636428038226526,-2.062369171773092,-1.181258503590719,-1.4684765974627894,1.5708465576171875,0.3166288435459137,1
620,1788171493.975071,-0.4206891449162678,-0.5507216870134058,0.19229955148390526,1.2365981668610642,2.887971840648167,-0.00011619496122071462,-2.064972702656881,-2.0604494253741663,-1.192596737538473,-1.4592698256122034,1.5708105564117432,0.31496116518974304,1
621,1788171494.0145285,-0.4209332832316877,-0.5491314363796262,0.18922209097169182,1.2366498535992263,2.8879064186457217,0.00015635314343922724,-2.066399399434225,-2.0586140791522425,-1.2032278219806116,-1.4506505171405237,1.5708345174789429,0.31358110904693604,1
622,1788171494.053919,-0.4212102793022821,-0.5475244398871212,0.1871285079446558,1.2364735501011288,2.887982785165336,-0.00026937927730961384,-2.067885224019186,-2.0563223997699183,-1.2121337095843714,-1.4437664190875452,1.5708585977554321,0.311972975730896,1
623,1788171494.095566,-0.42145350927180564,-0.5458619298857641,0.18574876016247222,1.2368886770781944,2.887810677769843,-0.0001506281881091616,-2.06935960451235,-2.0538633505450647,-1.219372574483053,-1.439061466847555,1.5708465576171875,0.3107846677303314,1
624,1788171494.1376731,-0.4216091062322372,-0.5442685373864843,0.1851317913136467,1.236674478463097,2.887894473493587,0.0001702000430569575,-2.0706775824176233,-2.0512478987323206,-1.2248500029193323,-1.4364035765277308,1.5708345174789429,0.309320330619812,1
625,1788171494.1788106,-0.42180624144555995,-0.5423903688107379,0.18532570202903445,-1.2367361547135347,-2.8879012762599223,0.0003314086371946938,-2.0722478071795862,-2.04758865038027,-1.2299321333514612,-1.4346564451800745,1.570798635482788,0.3077844977378845,1
626,1788171494.2198982,-0.4220403036131286,-0.5406965699155565,0.18519380968926946,1.2371077219613542,2.887725795956746,0.00030112914299645785,-2.0737574736224573,-2.04486591020693,-1.2342584768878382,-1.4334586302386683,1.5708105564117432,0.3065362572669983,1
627,1788171494.2587008,-0.42232486460930607,-0.5391239799521332,0.1852376293314749,1.2369106297129477,2.8877997344314834,6.998715859724252e-05,-2.0752556959735315,-2.0421178976642054,-1.2382977644549769,-1.4320219198810022,1.5708345174789429,0.30490416288375854,1
628,1788171494.2985382,-0.42266418955058305,-0.5375126070493946,0.18519205235488653,1.2371797642394304,2.8876699875260115,0.00027406049218545457,-2.0768497625934046,-2.039562527333395,-1.2422049681292933,-1.430800739918844,1.5708345174789429,0.30350011587142944,1
629,1788171494.338994,-0.4230279632967409,-0.5359637093121521,0.1852713777284812,1.2369853816628442,2.8877979409090213,-0.0001726759305917295,-2.0784319082843226,-2.0369113127337855,-1.2460292021380823,-1.429340664540426,1.5708225965499878,0.3017721474170685,1
630,1788171494.3793397,-0.4233446386616124,-0.5343108652198304,0.1851907506991954,1.2373387329428769,2.887629275295462,6.790170537187258e-05,-2.0800374189959925,-2.0342839399920862,-1.250115696583883,-1.4280355612384241,1.5708225965499878,0.30041569471359253,1
631,1788171494.418174,-0.4235433085964313,-0.5327122409937837,0.18510497774312523,1.2370742120350502,2.887687731265976,0.00045561095458765476,-2.0814641157733362,-2.031644646321432,-1.2542031447040003,-1.426838223134176,1.5708465576171875,0.29881954193115234,1
632,1788171494.458128,-0.42375656996935257,-0.5314482415379812,0.1851739103836119,1.237096640308207,2.8876988525457623,0.00017247255045301958,-2.0826624075519007,-2.0294011274920862,-1.2574031988727015,-1.4257004896747034,1.5708465576171875,0.2976315915584564,1
633,1788171494.4988277,-0.4239169376366714,-0.5295613543020525,0.18522852313603735,1.2370225899802454,2.8877273859535992,3.7726944550043064e-05,-2.0842559973346155,-2.0259340445147913,-1.2624252478228968,-1.4240606466876429,1.5708585977554321,0.2959875166416168,1
634,1788171494.5385349,-0.4240785960624497,-0.5280055346375355,0.1853250936469551,1.2367753556599725,2.8878763175848343,-0.0005252371381123883,-2.0856102148639124,-2.022958580647604,-1.2666681448565882,-1.4224327246295374,1.5708585977554321,0.2944512963294983,1
635,1788171494.5760953,-0.42420311048740683,-0.5266979010778071,0.1851882577096546,1.2369353234478393,2.887822678758519,-0.00020264191970231164,-2.0867250601397913,-2.020787064229147,-1.2701800505267542,-1.4212949911700647,1.5708225965499878,0.293443500995636,1
636,1788171494.6164906,-0.4242105510274909,-0.5250393109518467,0.18512877047485898,1.236633316981447,2.887891220433338,0.00024115006067906535,-2.0879715124713343,-2.0177882353412073,-1.2746871153460901,-1.4200738112079065,1.5708465576171875,0.2920031249523163,1
637,1788171494.6548603,-0.4241885856252779,-0.5234376294785134,0.18511636907689072,1.236629092391008,2.8878870583505654,0.000313952699411606,-2.0891340414630335,-2.014716927205221,-1.279229466115133,-1.4186494986163538,1.5708465576171875,0.29083916544914246,1
638,1788171494.6932275,-0.4241249723248451,-0.5218393016006379,0.18518183062403157,1.2367760771656537,2.8878065862636335,0.000365234473343534,-2.090248409901754,-2.0115612188922327,-1.2836888472186487,-1.417380158101217,1.5708585977554321,0.2898309826850891,1
639,1788171494.7311404,-0.4241011685242269,-0.5202468431561457,0.18512663025864964,1.236560894476677,2.8878835581731885,0.0005488150568388064,-2.0914109388934534,-2.00857383409609,-1.2881830374347132,-1.4159911314593714,1.5708585977554321,0.28852322697639465,1
640,1788171494.7708507,-0.42414054554218467,-0.5186756173769002,0.1851318370121274,1.2366853410328449,2.887848233470646,0.000323236622828382,-2.092644993458883,-2.0055745283709925,-1.2925942579852503,-1.4144347349749964,1.5708585977554321,0.28737086057662964,1
641,1788171494.8087432,-0.4240380661974157,-0.5173856311622655,0.18521289701355306,1.2370840244244956,2.8877286106124296,0.000178808350195926,-2.0934723059283655,-2.002887550984518,-1.2963336149798792,-1.4132855574237269,1.5708225965499878,0.2868068516254425,1
642,1788171494.8472364,-0.4235636171543616,-0.5157409210128505,0.18523836287546988,1.2372570148221522,2.8876095800262656,0.0002442275464231405,-2.094107453023092,-1.9990604559527796,-1.3018348852740687,-1.4116576353656214,1.5708585977554321,0.286302775144577,1
643,1788171494.8892145,-0.4228651758851187,-0.5141735014266967,0.1851556612960137,1.2370358527224932,2.887718029158046,0.00039666879497993635,-2.09437066713442,-1.9951017538653772,-1.3077805677997034,-1.4097655455218714,1.5708345174789429,0.28588294982910156,1
644,1788171494.9271843,-0.4220360666809714,-0.512664148947457,0.1851338543620091,1.2370236351095698,2.887738266171894,5.603094434531631e-05,-2.094430748616354,-1.9908784071551722,-1.3140133062945765,-1.407539192830221,1.5708465576171875,0.285810649394989,1
645,1788171494.9669738,-0.4210359371860897,-0.5111247529626799,0.18522513061056417,1.237121107513194,2.8877257808491574,1.960012178521502e-05,-2.0942748228656214,-1.986391846333639,-1.3202698866473597,-1.4057429472552698,1.5708225965499878,0.2860267460346222,1
646,1788171495.0059583,-0.4199176979846711,-0.5097706665700221,0.18526203351401546,1.2371247857634449,2.887731525279522,-0.00022803599045954575,-2.0938313643084925,-1.9820364157306116,-1.3264907042132776,-1.4037202040301722,1.5708345174789429,0.2864709198474884,1
647,1788171495.0448601,-0.4187412254766926,-0.5084009436612438,0.18526822134737486,1.2371111366176757,2.887697058395744,-0.0002182975944566119,-2.093328301106588,-1.9776695410357874,-1.332747761403219,-1.4018405119525355,1.5708705186843872,0.28697463870048523,1
648,1788171495.0846782,-0.4175152496027139,-0.5070801403071044,0.18528208203523994,1.236769089785649,2.887899479963165,-0.00042140885754649363,-2.0926931540118616,-1.9732425848590296,-1.3390877882586878,-1.3997929731952112,1.5708345174789429,0.2873588800430298,1
649,1788171495.1232657,-0.4161464778781232,-0.5058900946669158,0.18516785107473493,1.2366195206807322,2.887927868197454,0.00017741695761271656,-2.0917704741107386,-1.96916371980776,-1.345116917287008,-1.3982251326190394,1.5708225965499878,0.2881869077682495,1
650,1788171495.1644783,-0.41486776408037707,-0.5052048324100978,0.1851339816044747,1.2364245972208165,2.887944868441699,0.00035334134127877555,-2.0905960241900843,-1.96600848833193,-1.3496721426593226,-1.3969433943377894,1.5708705186843872,0.28924301266670227,1
651,1788171495.2035341,-0.41300681539174705,-0.5042162221544756,0.18519133793260575,1.236772248707907,2.8878371373208136,0.00033771538680659575,-2.0888341108905237,-1.9612935225116175,-1.3562281767474573,-1.395088020955221,1.5708345174789429,0.29123538732528687,1
652,1788171495.2433143,-0.411571520735305,-0.5033170779261392,0.18519326203129566,1.236706313678911,2.8878688046812675,0.00012880608642061627,-2.0875876585589808,-1.9573705832110804,-1.361814324055807,-1.393292252217428,1.5708465576171875,0.29243531823158264,1
653,1788171495.280907,-0.41023238873370765,-0.50211244689709,0.18515455265071262,1.2369538851738873,2.8877715926300294,0.00035489923815287583,-2.086688820515768,-1.953183952962057,-1.3677952925311487,-1.3916400114642542,1.5708225965499878,0.29350340366363525,1
654,1788171495.32024,-0.40933518940659797,-0.5010365109822004,0.18524741876806086,1.237182987136187,2.887679547946563,-6.311704731704931e-05,-2.0863059202777308,-1.9496567885028284,-1.3725898901568812,-1.3901074568377894,1.5708465576171875,0.2940434515476227,1
655,1788171495.3607843,-0.4083628370801262,-0.4996360644641324,0.18518908428151148,1.2367925342264752,2.8878223238727503,8.368720593889579e-05,-2.0860655943499964,-1.9456623236285608,-1.378331486378805,-1.3884556929217737,1.5708585977554321,0.294019490480423,1
656,1788171495.4000525,-0.4079295659596234,-0.4981200723825501,0.18516525425737823,1.2368275706804603,2.887810570714663,-0.00012762129459524652,-2.0866530577289026,-1.9421466032611292,-1.3833540121661585,-1.3868148962603968,1.5708705186843872,0.29345548152923584,1
657,1788171495.4383278,-0.40763505003282874,-0.4965146061235917,0.18522601108342815,1.2364376577513956,2.8879604293373604,-7.62504752932995e-05,-2.087503735219137,-1.9387276808368128,-1.3879683653460901,-1.3856537977801722,1.5708825588226318,0.2923390567302704,1
658,1788171495.4789877,-0.40745933480763374,-0.49488032464362935,0.18525004818011848,1.2366116793020079,2.8879395351844726,-8.869267922892863e-05,-2.088522736226217,-1.9354284445392054,-1.3925111929522913,-1.3843968550311487,1.5708345174789429,0.2914271354675293,1
659,1788171495.5194032,-0.40733863418369076,-0.49334633216111184,0.18520059235562567,1.2366375153551303,2.8879111509962034,-3.583350682874594e-05,-2.089565102254049,-1.9324653784381312,-1.396754566823141,-1.3831518332110804,1.5708465576171875,0.2904070019721985,1
660,1788171495.5565903,-0.40719311002377007,-0.49171760831962086,0.18509716073864116,1.2367477901359878,2.8878382866381367,0.0004483949403337573,-2.0906437079059046,-1.9294536749469202,-1.4011295477496546,-1.3820975462542933,1.5708345174789429,0.28941118717193604,1
661,1788171495.594122,-0.40695205470869256,-0.49014031274098,0.1851597967130042,1.236712986487931,2.887906634436784,-5.468296844712746e-05,-2.0915544668780726,-1.9260109106646937,-1.405816380177633,-1.3805297056781214,1.5708225965499878,0.28846293687820435,1
662,1788171495.6335127,-0.4062029105418866,-0.4885869223025275,0.18519765610635092,1.2369120059276135,2.88784373629526,-0.00016780694675210084,-2.0917466322528284,-1.9219797293292444,-1.4113062063800257,-1.3789971510516565,1.5708105564117432,0.2884030044078827,1
663,1788171495.673303,-0.4052087999015258,-0.48746186973545913,0.18514012533623264,1.2369976183189983,2.887755038533593,0.00031360605077275825,-2.091266934071676,-1.9185970465289515,-1.4160407225238245,-1.3779552618609827,1.5708225965499878,0.28895503282546997,1
664,1788171495.7114284,-0.40370562428178114,-0.486546407027183,0.1851832799504082,1.2370792103031458,2.887699055015837,0.00025212057223813805,-2.089912716542379,-1.9146140257464808,-1.4214113394366663,-1.37653094926943,1.5708465576171875,0.29037103056907654,1
665,1788171495.7502682,-0.4021433148787747,-0.48620653927822244,0.1852846155349265,1.23694968391783,2.8877208941565122,1.6124894228259186e-05,-2.0880191961871546,-1.9115188757525843,-1.4254263083087366,-1.375465218220846,1.570894479751587,0.2921832799911499,1
666,1788171495.7890072,-0.4005363490136398,-0.4862131731051994,0.18509096542333223,1.2371540205411289,2.8876105633166675,0.0006556406344594409,-2.0857542196856897,-1.9093950430499476,-1.428735081349508,-1.3746870199786585,1.5708705186843872,0.29459547996520996,1
667,1788171495.8281488,-0.39897146959975915,-0.48645301894477133,0.18518597179452495,1.2371500258166532,2.8876843883827297,5.921926331755447e-05,-2.0833571592914026,-1.9072478453265589,-1.4315155188189905,-1.3736689726458948,1.5708465576171875,0.29697170853614807,1
668,1788171495.8673103,-0.39740350076060527,-0.4869744765105389,0.18520387968155647,1.2369856924177736,2.8877652474292415,9.792395872748171e-05,-2.0807326475726526,-1.905855957661764,-1.433361832295553,-1.3732379118548792,1.5708345174789429,0.29947978258132935,1
669,1788171495.9055634,-0.39598115293485103,-0.48809464231294064,0.1851579477309483,1.2368840521998385,2.887798312644478,0.00024788594733646057,-2.0778444449054163,-1.905855957661764,-1.4334576765643519,-1.3732379118548792,1.5708345174789429,0.30230021476745605,1
670,1788171495.943906,-0.39479329439702077,-0.48898951418110786,0.18517019548563501,1.2368049892534385,2.8878895849572825,0.00018182619212827065,-2.075447384511129,-1.9057005087481897,-1.4336493651019495,-1.3731544653521937,1.5707865953445435,0.3046281337738037,1
671,1788171495.984283,-0.3932915830705053,-0.48993424243474076,0.18517583960138836,1.236626249597346,2.8878851700957524,0.0004149606175330964,-2.0726073423968714,-1.9052923361407679,-1.434152905141012,-1.373214069996969,1.5708465576171875,0.30736467242240906,1
672,1788171496.0225682,-0.3919442696981757,-0.4910502827348553,0.18516904525824707,1.2363089275312058,2.8880397426692253,0.0003425010845003321,-2.069826904927389,-1.9053404966937464,-1.4341166655169886,-1.3731544653521937,1.5708345174789429,0.30992066860198975,1
673,1788171496.06038,-0.39129950151799175,-0.4919043435195109,0.1852283984958417,1.2367645458382581,2.88785257958502,2.2461703484205795e-05,-2.068256680165426,-1.9058440367328089,-1.4333260695086878,-1.3732379118548792,1.5708465576171875,0.3118044435977936,1
674,1788171496.1006372,-0.39127722447184626,-0.49230809619763066,0.1853124102859241,1.2369198772723546,2.887826698200297,-0.00040609444995393773,-2.067909542714254,-1.906384293233053,-1.4324386755572718,-1.3733099142657679,1.5708345174789429,0.31224897503852844,1
675,1788171496.1390882,-0.3913133627767397,-0.49232825684548953,0.1852723347365967,1.2368296114777817,2.8878557645402076,-0.00025618766529279677,-2.0679453055011194,-1.9065402189837855,-1.4323065916644495,-1.3733819166766565,1.5708345174789429,0.3121531009674072,1
676,1788171496.178934,-0.39129459633569336,-0.492357349257041,0.1852860211071043,1.2367304692719965,2.8878640093803347,-0.00033598778079094605,-2.067909542714254,-1.9065402189837855,-1.4322827498065394,-1.3733580748187464,1.5708705186843872,0.31212878227233887,1
677,1788171496.2183402,-0.39130688142104664,-0.4923490270993756,0.18527863765376995,1.2368169188167704,2.887825788728209,-0.0003173421322789016,-2.0679333845721644,-1.9065521399127405,-1.4322827498065394,-1.3733580748187464,1.5708705186843872,0.31216511130332947,1
678,1788171496.2583518,-0.39131198559821273,-0.4923412001673096,0.18526838289237957,1.2367959817237182,2.8878726074150385,-0.0002942240057602917,-2.0679333845721644,-1.9065521399127405,-1.4323065916644495,-1.373345677052633,1.5708345174789429,0.3121411204338074,1
679,1788171496.2952273,-0.3913126476474546,-0.4923539476923635,0.18526220108755032,1.2368380278017712,2.887827268326975,-0.0002783232363383623,-2.0679333845721644,-1.9065879026996058,-1.4322708288775843,-1.3733580748187464,1.5708585977554321,0.3121770918369293,1
680,1788171496.3334417,-0.3913284396639243,-0.4923405612792312,0.18528089495554895,1.2368663287615675,2.8878460181240704,-0.00034941410357034304,-2.0679572264300745,-1.9065521399127405,-1.4322827498065394,-1.3733342329608362,1.5708345174789429,0.31216511130332947,1
681,1788171496.3723438,-0.3912856263537776,-0.4923551657172661,0.18526608017070034,1.2367428556570221,2.887892914009502,-0.0002561865574983414,-2.067885224019186,-1.9065521399127405,-1.4323065916644495,-1.3733699957477015,1.5708345174789429,0.3121531009674072,1
682,1788171496.4117043,-0.3912708251509356,-0.49231353625451796,0.18508574406481493,1.2367776857611308,2.8878292878037146,-0.00011000811757045062,-2.067909542714254,-1.9065879026996058,-1.4327028433429163,-1.3730347792254847,1.5708705186843872,0.31216511130332947,1
683,1788171496.4503841,-0.3912532754710281,-0.49225599452540636,0.18400615974706552,1.2368288232125795,2.887757906071171,0.00045504509820545175,-2.0679333845721644,-1.907140080128805,-1.4346678892718714,-1.3708799521075647,1.5708825588226318,0.3121890723705292,1
684,1788171496.4899046,-0.39122272030055444,-0.49222950069227667,0.18257800842803282,1.2367994427484228,2.8877860909048985,0.0008234726253034464,-2.067897144948141,-1.9078357855426233,-1.4373772780047815,-1.3677070776568812,1.5708465576171875,0.31220105290412903,1
685,1788171496.5326705,-0.39124244586455237,-0.49228133873215035,0.17969419634049605,1.2367581923576902,2.8878329655339665,0.00037003361688660845,-2.067885224019186,-1.9092276732074183,-1.4430587927447718,-1.3603437582599085,1.5708465576171875,0.3121770918369293,1
686,1788171496.573397,-0.3912449235403665,-0.49234206993915663,0.17647807985063085,1.2367486120317328,2.887857457272088,0.00025767765148926173,-2.0678375403033655,-1.9109309355365198,-1.4491365591632288,-1.3524897734271448,1.5708345174789429,0.3122130334377289,1
687,1788171496.6177104,-0.3912408432427301,-0.49233855914972746,0.1733161241789866,1.2367767576557196,2.8878751469012314,0.0002022347981171202,-2.0678256193744105,-1.9125502745257776,-1.4551895300494593,-1.3447797934161585,1.5708105564117432,0.3122369945049286,1
688,1788171496.6588562,-0.391246857116924,-0.49234168030501346,0.16951501073513145,1.2368326380380676,2.887814784654177,-4.7862221803167626e-05,-2.0678494612323206,-1.9145539442645472,-1.4624293486224573,-1.3353808561908167,1.5708585977554321,0.3122609853744507,1
689,1788171496.700281,-0.39121898308062536,-0.4923040251408376,0.16619743150518257,1.2368711106834385,2.8878085217672154,0.0004055881408986433,-2.0678256193744105,-1.9164374510394495,-1.468470875416891,-1.3277424017535608,1.5708225965499878,0.3123089075088501,1
690,1788171496.742987,-0.39122877054196536,-0.4923604972340741,0.16296259914332012,1.236874532403846,2.8877684702753115,0.0001913107979379824,-2.0678136984454554,-1.9183686415301722,-1.4743450323687952,-1.3198044935809534,1.5708705186843872,0.3123328685760498,1
691,1788171496.7846768,-0.39123269402644417,-0.49234653844054826,0.15980711842754722,1.2368627539601453,2.8877890116131946,0.00015276277553057257,-2.0678256193744105,-1.9202163855182093,-1.4801104704486292,-1.3121655623065394,1.5708585977554321,0.3123089075088501,1
692,1788171496.8268387,-0.39123740595288814,-0.4923379873975044,0.1566414107830308,1.2369439906782156,2.8877873744728206,0.00024897038543801906,-2.0678256193744105,-1.9221718947040003,-1.4857443014727991,-1.3046343962298792,1.5708225965499878,0.3123568594455719,1
693,1788171496.8684857,-0.3912494919431367,-0.49239185679610953,0.1528113265613269,1.236915801280658,2.8878185908123872,-4.935486065248684e-05,-2.067801300679342,-1.9246190229998987,-1.4925287405597132,-1.2952120939837855,1.5708225965499878,0.3123568594455719,1
694,1788171496.909172,-0.39122609471858144,-0.49236596008174366,0.1496762933287028,1.2368839644443035,2.8877921775517796,-3.8160497588640044e-05,-2.067801300679342,-1.9265864531146448,-1.4981029669391077,-1.2876809279071253,1.5708585977554321,0.31234484910964966,1
695,1788171496.950287,-0.39122348315581007,-0.49233927693036295,0.14642800366703973,1.23688674488354,2.8877969970823014,7.321625758524728e-05,-2.0678136984454554,-1.9287341276751917,-1.5037244001971644,-1.2799819151507776,1.5708465576171875,0.3123328685760498,1
696,1788171496.9910276,-0.3912321578122873,-0.49237137285892413,0.14320666087663683,1.2368329829033307,2.8878165293585556,0.0001276597180608297,-2.067801300679342,-1.931025807057516,-1.509094540272848,-1.2723549048053187,1.5708465576171875,0.3123089075088501,1
697,1788171497.03368,-0.39126150655810954,-0.49239965386249485,0.14005820515384723,1.236920115248372,2.887779562743232,-8.291022884588588e-05,-2.0678256193744105,-1.9332688490497034,-1.514393154774801,-1.2646797339068812,1.5708585977554321,0.31234484910964966,1
698,1788171497.0759237,-0.3912830514640097,-0.49250764981087314,0.136250678671081,1.2368588546296282,2.8878287295858107,-0.0006447425292656546,-2.067777458821432,-1.9360764662372034,-1.5207341353045862,-1.2551730314837855,1.5708705186843872,0.31234484910964966,1
699,1788171497.1180465,-0.39125506285657724,-0.4924290867461147,0.13305134794900636,1.2368275736558483,2.8878514938726974,-0.0003817310159762031,-2.067789379750387,-1.9383319059955042,-1.5261042753802698,-1.2477133909808558,1.5708465576171875,0.3123089075088501,1
700,1788171497.1597025,-0.3912358072748356,-0.49239759875663486,0.12984629509383194,1.236831908334812,2.8878613581420534,-0.00015600738096852376,-2.067777458821432,-1.9407308737384241,-1.5313070456134241,-1.240253750477926,1.5708225965499878,0.31232088804244995,1
701,1788171497.2022088,-0.3912728077333245,-0.4924405495697594,0.12658490648876386,1.2369184006094494,2.88782467546256,-0.00036507157870209966,-2.067801300679342,-1.9433220068561,-1.536473576222555,-1.232363526021139,1.5708345174789429,0.3123568594455719,1
702,1788171497.2455785,-0.39124683718539705,-0.49240815634271723,0.12273704941483582,1.2369296700912096,2.8878029388422624,-0.00010104983569833755,-2.067789379750387,-1.946345631276266,-1.542551342641012,-1.2234309355365198,1.5708345174789429,0.3123808205127716,1
703,1788171497.2856948,-0.3912776273165295,-0.49248216088934593,0.11958335372898138,1.2368528415993418,2.887814903839084,-0.0003881809797568848,-2.067789379750387,-1.9489973227130335,-1.5473821798907679,-1.2157681624041956,1.5708705186843872,0.3123328685760498,1
704,1788171497.326799,-0.39125110810794567,-0.49240630944618335,0.11641024750817325,1.2368592024001133,2.887829973201893,-0.00025717909633308724,-2.067801300679342,-1.9514806906329554,-1.5524523893939417,-1.2082961241351526,1.5708465576171875,0.31232088804244995,1
705,1788171497.3654153,-0.39124620712873837,-0.4924087471403856,0.11317323627139006,1.2366750844846557,2.887878195156434,-0.00018756415775854124,-2.067801300679342,-1.9542272726642054,-1.5573437849627894,-1.2007048765765589,1.5708705186843872,0.31220105290412903,1
706,1788171497.4060905,-0.3912597461294922,-0.4924262476955355,0.10990645778066852,1.236418363167466,2.8880450112475504,-0.00025818791452696186,-2.067789379750387,-1.9570587317096155,-1.5622342268573206,-1.1929333845721644,1.5708225965499878,0.3120209276676178,1
707,1788171497.448615,-0.3912403458036802,-0.4924174400224577,0.10672710874328839,1.236060585500229,2.888168726408997,-0.00020722448418566128,-2.067777458821432,-1.959818188344137,-1.5669811407672327,-1.1854618231402796,1.5708465576171875,0.3117924630641937,1
708,1788171497.4893987,-0.3912169898159049,-0.4924168247980903,0.10357759685222243,1.2354966598412203,2.8883830257865304,-0.00019431209551923066,-2.067753616963522,-1.9626014868365687,-1.571632210408346,-1.1780379454242151,1.5708705186843872,0.3114325702190399,1
709,1788171497.5308595,-0.39129351678211005,-0.4924844936612715,0.09983924006628231,1.2349487915084896,2.888684311904213,-0.0008277376505987763,-2.067801300679342,-1.9660561720477503,-1.5770624319659632,-1.1687458197223108,1.5708465576171875,0.31098878383636475,1
710,1788171497.5725873,-0.3912601397933813,-0.4924229601797775,0.09649810245865284,1.2344634702334902,2.888843518669062,-7.898870405496613e-05,-2.067801300679342,-1.9691994825946253,-1.581630055104391,-1.161513630543844,1.5708465576171875,0.3106648325920105,1
711,1788171497.612712,-0.3912540921214135,-0.49241757583811063,0.09331659494585962,1.2338367162448283,2.8891044729915754,-0.00017696786269382804,-2.067801300679342,-1.9721630255328577,-1.5861733595477503,-1.153945271168844,1.5708585977554321,0.31023263931274414,1
712,1788171497.6516845,-0.3912315234171609,-0.4923799232436069,0.09009267294041653,1.2331661719486842,2.8894048288179186,1.148876753855323e-05,-2.067789379750387,-1.9752104918109339,-1.590679947529928,-1.1465094725238245,1.5708345174789429,0.3097768723964691,1
713,1788171497.6909072,-0.3912243850795635,-0.4923977339203587,0.08701768349001646,1.2325939493110751,2.889649124426596,9.240942171893027e-06,-2.067765537892477,-1.9782336393939417,-1.5948517958270472,-1.139313046132223,1.5708345174789429,0.3094046115875244,1
714,1788171497.7323,-0.3912464537450495,-0.4923816240533212,0.08404409553541975,1.2320322774618855,2.889869818564792,9.618805424607757e-05,-2.0678136984454554,-1.981208626423971,-1.5988076368915003,-1.1324389616595667,1.5708465576171875,0.30897241830825806,1
715,1788171497.7735622,-0.3912354541981336,-0.49240440875452557,0.08145180065544189,1.2313660442105812,2.8901354275238917,-2.369679055202266e-05,-2.067789379750387,-1.9838126341449183,-1.6022842566119593,-1.1262839476214808,1.5708705186843872,0.3085402548313141,1
716,1788171497.816261,-0.3912277517203266,-0.49240569398041834,0.07965692226169196,1.2311727559507566,2.890209866837584,9.709536580687477e-05,-2.067777458821432,-1.985659424458639,-1.6045978705035608,-1.1222007910357874,1.5708705186843872,0.3084203898906708,1
717,1788171497.8564107,-0.3912335051232439,-0.4924048279069489,0.07871608601779961,1.2311850742576167,2.890238795814389,-2.5379687392032796e-05,-2.067777458821432,-1.9865954558001917,-1.6058924833880823,-1.1198895613299769,1.5708465576171875,0.3084203898906708,1
718,1788171497.8983443,-0.3912630637745242,-0.49242258572535574,0.0785042262795341,1.2311939930946876,2.8902602196563634,-0.00021002079132337523,-2.067801300679342,-1.9868353048907679,-1.6061680952655237,-1.1192548910724085,1.5708345174789429,0.30839642882347107,1
719,1788171497.9393833,-0.3912659764096015,-0.4924222474258447,0.07826775095753016,1.2312372048901281,2.8902656244680003,-0.00037529237750694714,-2.067801300679342,-1.9870393911944788,-1.6065633932696741,-1.1185486952411097,1.5708225965499878,0.3084203898906708,1
720,1788171497.9805532,-0.3912563657677508,-0.4924314888725556,0.07703767298634798,1.2311749805019458,2.890263378166767,-0.0003355837545226759,-2.067789379750387,-1.9883235136615198,-1.608133618031637,-1.1157220045672815,1.5708465576171875,0.30839642882347107,1
721,1788171498.021689,-0.39121367913517835,-0.49237404017367997,0.07498142594783469,1.2311444145034744,2.8902393783770584,2.9509909358423948e-05,-2.067777458821432,-1.9903987089740198,-1.610819164906637,-1.1111958662616175,1.5708585977554321,0.30839642882347107,1
722,1788171498.0635471,-0.39124294432628565,-0.4924049919887245,0.07217622776728796,1.2311148743429894,2.8903140965725225,-0.00011848722709139599,-2.067777458821432,-1.9933975378619593,-1.6143553892718714,-1.1045616308795374,1.5708105564117432,0.3083604872226715,1
723,1788171498.1039243,-0.3911863448397468,-0.4923563104933854,0.0688250186539692,1.231015735826018,2.8902251052355723,0.00048575927519849187,-2.067765537892477,-1.996972386037008,-1.6184676329242151,-1.0972688833819788,1.570894479751587,0.3083365261554718,1
724,1788171498.1456926,-0.3912355832654841,-0.4923817000328146,0.06569045443270347,1.230897469959171,2.8903804309766765,8.18073308737295e-05,-2.067789379750387,-2.0003679434405726,-1.62242299715151,-1.0896528402911585,1.5708225965499878,0.30820468068122864,1
725,1788171498.185462,-0.39121940505477626,-0.4923633465394643,0.0625245000726957,1.230905051465189,2.890350200164407,9.466441198180274e-05,-2.067789379750387,-2.0037992636310022,-1.626354996358053,-1.0823000113116663,1.5708465576171875,0.3082166612148285,1
726,1788171498.2269921,-0.39120913378391536,-0.49235989460183816,0.058605456762128805,1.2308464435878679,2.890357844834894,0.00035862789620320305,-2.067777458821432,-2.008214298878805,-1.630946461354391,-1.0734623114215296,1.5708465576171875,0.30819234251976013,1
727,1788171498.2700975,-0.3912379376939569,-0.4923975141026859,0.05564033779490957,1.2308353051684677,2.8903800957719965,9.167963082943487e-05,-2.067789379750387,-2.011608902608053,-1.6344345251666468,-1.066408936177389,1.5708465576171875,0.30816835165023804,1
728,1788171498.312248,-0.39123538877703246,-0.4923698681295965,0.05353374474976294,1.2308732471611692,2.8904211688082384,1.6753140164544014e-05,-2.067789379750387,-2.0139487425433558,-1.6370118300067347,-1.061439339314596,1.570798635482788,0.3081803321838379,1
729,1788171498.3533983,-0.39124693725026816,-0.492387147033163,0.052152869024586934,1.2308631988010563,2.8903978101009713,3.930297633662382e-05,-2.067801300679342,-2.015592400227682,-1.6385224501239222,-1.0583017508136194,1.5708225965499878,0.30816835165023804,1
730,1788171498.392372,-0.3912251578783459,-0.4923739526939993,0.051346985869262035,1.230881502244164,2.8903429150594504,0.00035862792028546435,-2.067789379750387,-2.016552273427145,-1.6393497625934046,-1.056721035634176,1.5708465576171875,0.30820468068122864,1
731,1788171498.432536,-0.391307882173891,-0.49242890850573146,0.05146116556738414,1.2305686763192651,2.890476007420373,-3.865109892262854e-05,-2.0678733030902308,-2.0165284315692347,-1.6391218344317835,-1.056721035634176,1.5708705186843872,0.30790433287620544,1
732,1788171498.4748945,-0.39156565675220995,-0.4921978591626694,0.051406065351148444,1.230515007928348,2.8904970410871282,0.0001860016291540615,-2.0684126059161585,-2.016599957142965,-1.6391337553607386,-1.0567801634417933,1.5708585977554321,0.30732834339141846,1
733,1788171498.5158572,-0.3927580770950605,-0.4912926190143579,0.0514500550480351,1.230172368993678,2.890665743619737,3.772329646102764e-05,-2.0707977453814905,-2.01658803621401,-1.6390498320208948,-1.0567801634417933,1.5708465576171875,0.30470043420791626,1
734,1788171498.5564282,-0.39387451088866887,-0.49042562468588285,0.05143435020896231,1.2305827724154716,2.890488315249837,7.630244050416868e-05,-2.0730508009540003,-2.0166600386248987,-1.6389783064471644,-1.0568044821368616,1.5708465576171875,0.30273202061653137,1
735,1788171498.5972276,-0.39471668475063715,-0.48970024354320896,0.05141288335200947,1.2307494266482195,2.8903614595153253,0.00012515799777743357,-2.0748241583453577,-2.0166242758380335,-1.6390860716449183,-1.0567687193499964,1.570894479751587,0.3010879158973694,1
736,1788171498.6409605,-0.395578830731725,-0.48901578799775375,0.051430202512993434,1.230967239940607,2.890351665591854,6.125870752517158e-05,-2.076550308858053,-2.016599957142965,-1.6390860716449183,-1.0567448774920862,1.5708225965499878,0.2994917929172516,1
737,1788171498.6825204,-0.39630076301260553,-0.4883934279530794,0.051412275772305505,1.2309174895568804,2.8903892098129615,0.0001954776626317871,-2.078048054371969,-2.01658803621401,-1.6391337553607386,-1.0567925612079065,1.570798635482788,0.29795554280281067,1
738,1788171498.7234573,-0.39639723744483607,-0.4883236551857813,0.051415660008319375,1.2309227988231457,2.890352207285434,0.0001337056002637624,-2.07825214067568,-2.01658803621401,-1.6391337553607386,-1.0567567984210413,1.5708345174789429,0.29776379466056824,1
739,1788171498.764659,-0.39639015811668915,-0.48833349276118326,0.05143123292649418,1.2309565742414235,2.890287305636299,0.00010644213417231999,-2.07825214067568,-2.016576115285055,-1.6391099135028284,-1.0567801634417933,1.5708825588226318,0.2977997660636902,1
740,1788171498.8059525,-0.39639418117933894,-0.4883581447877222,0.051296885990589375,1.2309701880983355,2.890366600132381,-0.0001622911178172904,-2.0782163778888147,-2.0167081991778772,-1.6393497625934046,-1.0562298933612269,1.5708225965499878,0.2978237271308899,1
741,1788171498.844787,-0.39639119329659706,-0.4883527706704369,0.05022519782767146,1.2309685871896034,2.890362839058828,-0.00010120910996036696,-2.0782163778888147,-2.017956082020895,-1.6405604521380823,-1.0538104216205042,1.5708225965499878,0.2978237271308899,1
742,1788171498.8850155,-0.39636318371012663,-0.48832490667246065,0.048473221117075055,1.230878446337912,2.8903434106540975,-2.64017901122372e-05,-2.0782163778888147,-2.019946877156393,-1.6426222960101526,-1.0498107115374964,1.5708705186843872,0.2977757751941681,1
743,1788171498.9267778,-0.39637424029696433,-0.4883436828974586,0.045856525280152854,1.2309305839432554,2.8903713391240924,-0.00017467789491686282,-2.0782039801227015,-2.0230425039874476,-1.645571533833639,-1.0436671415912073,1.5708345174789429,0.29781174659729004,1
744,1788171498.967795,-0.3963270327586239,-0.488280230150987,0.042646916295375176,1.2308808966143086,2.8903523757628102,0.00019579067556551146,-2.078191582356588,-2.026797596608297,-1.649167839680807,-1.0365541617022913,1.5708465576171875,0.2977997660636902,1
745,1788171499.0100672,-0.3963230327302375,-0.48828995020868665,0.03935930209982638,1.2308635115000979,2.8903115284757765,0.00031799179790079096,-2.078191582356588,-2.0308168570147913,-1.6526439825641077,-1.0291407744037073,1.5708825588226318,0.2977997660636902,1
746,1788171499.0511632,-0.3963500964384435,-0.4882749156860225,0.03548701157983897,1.2308939264505072,2.8903319425714,0.00039988502348272276,-2.07822829881777,-2.0355919043170374,-1.6567075888263147,-1.020350758229391,1.5708465576171875,0.2977757751941681,1
747,1788171499.092496,-0.3963471145756285,-0.4882892912471115,0.032347690621053304,1.2311997767077512,2.8902347164766193,0.0003062556540736433,-2.0782039801227015,-2.039490524922506,-1.660003964100973,-1.0130932966815394,1.5708225965499878,0.29800349473953247,1
748,1788171499.1334383,-0.39635538468246495,-0.48832668220037484,0.029241844762525365,1.2314136862257665,2.890110973117205,3.470271998909082e-05,-2.0782039801227015,-2.0434139410602015,-1.6632054487811487,-1.0057995955096644,1.5708705186843872,0.298159658908844,1
749,1788171499.1751342,-0.39636446292763555,-0.48825345386477054,0.026261031134347912,1.2317379714508219,2.890005267928951,0.0004892533634617639,-2.07825214067568,-2.0471928755389612,-1.6661422888385218,-0.9993684927569788,1.5708105564117432,0.29832780361175537,1
750,1788171499.217959,-0.3963440433902156,-0.4882950249373659,0.023951427244422452,1.2318663054966175,2.8899231063240887,0.000326182924227852,-2.0782039801227015,-2.0501678625689905,-1.6684439818011683,-0.9939912001239222,1.5708465576171875,0.2984716296195984,1
751,1788171499.2604482,-0.3963962661792939,-0.4883878481748764,0.022303412185437688,-1.2319611713745249,-2.8899553879942292,0.0002951438705927701,-2.078191582356588,-2.052375618611471,-1.6700504461871546,-0.9897754828082483,1.5708105564117432,0.29853153228759766,1
752,1788171499.300519,-0.39638468240558467,-0.4883579742730233,0.021622039427851764,1.2319765475605557,2.889892137442751,-7.580591691517893e-05,-2.0782163778888147,-2.053251091633932,-1.6706855932818812,-0.9884102980243128,1.5708585977554321,0.29853153228759766,1
753,1788171499.3399734,-0.3966250937992692,-0.48815927828996303,0.0215691915336981,1.232180991813259,2.889847925479755,-0.00048504755218574695,-2.0787070433246058,-2.053227249776022,-1.6709612051593226,-0.9878953138934534,1.5708465576171875,0.29817163944244385,1
754,1788171499.3826396,-0.3973818280150394,-0.4872450152266134,0.021435718272334453,1.2328233818351928,2.8895357861811153,3.848301124669152e-05,-2.0804932753192347,-2.053047005330221,-1.6715605894671839,-0.9878113905536097,1.5708465576171875,0.29683953523635864,1
755,1788171499.4207933,-0.3986450116479099,-0.48600330818794324,0.02135700091123785,1.232689257617747,2.8895731850161965,0.0004713954156602199,-2.0832493940936487,-2.052915398274557,-1.6719320456134241,-0.9878476301776331,1.5708345174789429,0.29399552941322327,1
756,1788171499.4605784,-0.39995594024179565,-0.4853408148194502,0.021451476775569578,1.2323941918462484,2.8897604494472175,7.873746052903582e-06,-2.0856102148639124,-2.053335491810934,-1.6710570494281214,-0.9880030790912073,1.5708105564117432,0.29141515493392944,1
757,1788171499.5012696,-0.40083023500153825,-0.4850104976557881,0.02148587310975919,-1.232463935917176,-2.8897384227814427,0.00013963447675687825,-2.0870965162860315,-2.0538633505450647,-1.6701338926898401,-0.9883025328265589,1.570798635482788,0.28997519612312317,1
758,1788171499.5424743,-0.40171633244709104,-0.48457725153173953,0.021485651412836648,1.2323600959172931,2.889743513697682,-9.168565160330708e-05,-2.0887025038348597,-2.054343048726217,-1.6693552176104944,-0.9886377493487757,1.5708465576171875,0.2883071303367615,1
759,1788171499.5825965,-0.40233346204306913,-0.4842702894524642,0.02150612747537456,1.2325142691411668,2.8896798553824015,-0.0002806846262732064,-2.0898168722735804,-2.0545948187457483,-1.6689236799823206,-0.9886978308307093,1.5708585977554321,0.28729894757270813,1
760,1788171499.6224139,-0.4022477219874685,-0.4842891214120982,0.02149130559170559,1.2323999975902507,2.889748535147942,-0.00020116719328574047,-2.089672867451803,-2.054547135029928,-1.6690314451800745,-0.9886859099017542,1.5708345174789429,0.2873588800430298,1
761,1788171499.663385,-0.40224823985220054,-0.4842800706087813,0.02148165729934884,1.2323942902852874,2.889733481327578,-0.00014755192335198542,-2.0896852652179163,-2.054559055958883,-1.6690314451800745,-0.9887097517596644,1.5708465576171875,0.28734689950942993,1
762,1788171499.7032874,-0.40223633974240264,-0.4842857639072309,0.021475019100389015,1.2324022191991884,2.8897057785048617,-0.0001712402950843755,-2.089672867451803,-2.054559055958883,-1.6690552870379847,-0.9886735121356409,1.5708705186843872,0.28737086057662964,1
763,1788171499.7432427,-0.40225737424471836,-0.4842701306194576,0.021323817639154308,1.2324565093118773,2.889735692500317,-0.0001789172624588917,-2.0896971861468714,-2.054751221333639,-1.6692116896258753,-0.988314453755514,1.5708225965499878,0.28737086057662964,1
764,1788171499.7831745,-0.4022513045875691,-0.4842798942947454,0.020265858743281157,1.232433969678604,2.8897305767126156,-0.00015801529559170396,-2.0896852652179163,-2.0561426321612757,-1.670206371937887,-0.9859431425677698,1.5708345174789429,0.28737086057662964,1
765,1788171499.8249013,-0.40222219042064383,-0.48425931680560347,0.01860336554353237,1.2324261993906083,2.8897137771355204,9.196815179133097e-05,-2.089660946522848,-2.0583022276507776,-1.6717761198626917,-0.9823740164386194,1.5708345174789429,0.28739482164382935,1
766,1788171499.8663862,-0.4021968074990644,-0.48419001023351915,0.01603952953116436,1.2323745188575392,2.889687077163308,0.0005331910851272834,-2.0896852652179163,-2.0616372267352503,-1.6741865316974085,-0.976912800465719,1.5708465576171875,0.28734689950942993,1
767,1788171499.908907,-0.4022104821199515,-0.4842139551149082,0.01246815488692371,1.2331266782669101,2.889385855023244,0.00028994083574792896,-2.0896852652179163,-2.0664003531085413,-1.677530590687887,-0.9686496893512171,1.5708465576171875,0.2878625988960266,1
768,1788171499.9495697,-0.4022313079565907,-0.4842603788789012,0.009330160583821023,1.2345418148993055,2.888811338672917,8.309069021577985e-05,-2.089672867451803,-2.070683304463522,-1.680323902760641,-0.9614394346820276,1.5708345174789429,0.2888471782207489,1
769,1788171499.9902809,-0.40219333227176224,-0.4841894677620547,0.006490345109474049,1.237339631796771,2.887538018283196,0.0007091224383981204,-2.0896852652179163,-2.074522320424215,-1.6827691237079065,-0.9555590788470667,1.5708585977554321,0.29079124331474304,1
770,1788171500.0304384,-0.40223968500334895,-0.4842706334931414,0.004686866234956427,1.2398049465535803,2.886543469886525,-8.552530357754149e-05,-2.0896852652179163,-2.0770180861102503,-1.6844595114337366,-0.9508636633502405,1.5708585977554321,0.29248327016830444,1
771,1788171500.0715075,-0.40222294231113276,-0.4842661765213904,0.0034061288600319706,1.2416914088462934,2.8857303680932658,0.00010942273314872184,-2.089660946522848,-2.0787933508502405,-1.685514275227682,-0.9481571356402796,1.5708465576171875,0.29381537437438965,1
772,1788171500.1128798,-0.40226030823762027,-0.4842862985393001,0.0030544673556662516,1.2421435018004356,2.885540058044558,5.510184931299058e-05,-2.0896971861468714,-2.0793455282794397,-1.6857178846942347,-0.9473665396319788,1.5708465576171875,0.2940914034843445,1
773,1788171500.1549633,-0.40261479788407806,-0.48389223831545136,0.003098482812290526,1.2418385007581159,2.885694280794065,9.649009429495676e-05,-2.0905001799212855,-2.0791409651385706,-1.6859100500689905,-0.9474027792560022,1.5708225965499878,0.2930712401866913,1
774,1788171500.197754,-0.40349099629806034,-0.48281447117422716,0.003050238488462226,1.2416841732498172,2.885681540736533,0.00042547869480030585,-2.092609230672018,-2.0787575880633753,-1.686629597340719,-0.9472830931292933,1.5708705186843872,0.2908751368522644,1
775,1788171500.2391534,-0.40486105054978216,-0.48161930766313993,0.0031470137238424623,1.242010948934739,2.885645578023722,0.00010141511438955888,-2.095461670552389,-2.0784814993487757,-1.6868451277362269,-0.947127644215719,1.570798635482788,0.2882228493690491,1
776,1788171500.2802496,-0.4058997405168972,-0.4810242332382161,0.0031769710373232007,1.2420062522334174,2.8855967805700975,-7.87053686273813e-05,-2.097415272389547,-2.0788291136371058,-1.6862099806415003,-0.9473069349872034,1.5708585977554321,0.28627878427505493,1
777,1788171500.3216207,-0.40653351084660866,-0.4806793647770988,0.003213093848838444,1.2420252437884722,2.885649672354511,-0.0003336801794248499,-2.098565403615133,-2.0790088812457483,-1.685849968587057,-0.9473193327533167,1.5708225965499878,0.2851264476776123,1
778,1788171500.3624995,-0.40647228766788207,-0.4806738382820345,0.0031972046546543953,1.2419079402467523,2.8856632138134346,-0.00020737361108544682,-2.0984934012042444,-2.078973118458883,-1.6859338919269007,-0.9473550955401819,1.5708465576171875,0.2851264476776123,1
779,1788171500.4047358,-0.4064879168892436,-0.4806951956553006,0.0032091503588596304,1.2419333897134313,2.8856747451955527,-0.0003173564385254327,-2.0984934012042444,-2.078985039387838,-1.6858981291400355,-0.9473069349872034,1.5708345174789429,0.28513842821121216,1
780,1788171500.4450083,-0.4064582073782004,-0.4806991705621022,0.0032043876124169535,1.2418706062224107,2.8856709709619857,-0.0002654223256287433,-2.098457638417379,-2.078973118458883,-1.6859219709979456,-0.9473312536822718,1.5708585977554321,0.28513842821121216,1
781,1788171500.4859262,-0.40644529624532194,-0.48069709926343446,0.0031696043921799477,1.2418631452690265,2.8856533925024443,-0.0001740036907453077,-2.098445717488424,-2.0790212790118616,-1.6859338919269007,-0.9473312536822718,1.5708705186843872,0.285150408744812,1
782,1788171500.5279737,-0.40646082739500333,-0.48068352919994506,0.0031972046546543953,1.2419081110016386,2.885663136889925,-0.00020737231117687124,-2.0984695593463343,-2.078973118458883,-1.6859338919269007,-0.9473550955401819,1.5708465576171875,0.285150408744812,1
783,1788171500.569328,-0.40648015201713666,-0.48068187289686315,0.003207055300015832,1.2420007911881885,2.885639395981606,-0.00024226082772748782,-2.0984934012042444,-2.078973118458883,-1.6859100500689905,-0.9473550955401819,1.5708345174789429,0.2851867377758026,1
784,1788171500.6104276,-0.4062379753327459,-0.4806480242800849,0.0031345227530770736,1.2422481057766481,2.885543307200585,0.00010137351744053535,-2.0981701056109827,-2.0787814299212855,-1.6863897482501429,-0.9472830931292933,1.570798635482788,0.28567883372306824,1
785,1788171500.6511078,-0.40525920703187884,-0.48068541921600244,0.0030738858096190647,1.242340151593498,2.885417790155179,0.0005029244017017698,-2.0967915693866175,-2.077773396168844,-1.6881640593158167,-0.946780029927389,1.5708465576171875,0.2871427834033966,1
786,1788171500.6934032,-0.4037507000293295,-0.4808322473039017,0.003167446569308341,1.241983703470879,2.885623965302302,-0.00013277153560136673,-2.094562832509176,-2.0758422056781214,-1.6911729017840784,-0.9452946821795862,1.5708465576171875,0.2891111969947815,1
787,1788171500.7353694,-0.40238118241215315,-0.4809728768565556,0.0032402199621901218,1.2420918584032108,2.885576890178134,-0.00045615897091190634,-2.0925377050982874,-2.074174229298727,-1.6937502066241663,-0.9441807905780237,1.5708705186843872,0.29121142625808716,1
788,1788171500.777507,-0.4017334984702539,-0.48093025447332244,0.0031370471046998916,1.2418342110221778,2.88564427928479,8.708566039127547e-05,-2.0916622320758265,-2.073550526295797,-1.6949971357928675,-0.9439056555377405,1.5708705186843872,0.2919192612171173,1
789,1788171500.817894,-0.40177842391603574,-0.4809395789645183,0.003119699613022331,1.2417967822015856,2.885651930113993,2.7620211397322654e-05,-2.09172231355776,-2.073634449635641,-1.6949246565448206,-0.943857494984762,1.5708825588226318,0.29183536767959595,1
790,1788171500.860399,-0.4017598908931043,-0.48095541410841847,0.003130625463398262,1.241651476756326,2.8857433364962564,-5.282975345058289e-06,-2.0916746298419397,-2.0736106077777308,-1.6949365774737757,-0.9438455740558069,1.5708585977554321,0.29177507758140564,1
791,1788171500.9023714,-0.40179218785153425,-0.4809415288593237,0.0031466835350243416,1.2418177998947393,2.8857007766908724,-3.816408007227753e-05,-2.09172231355776,-2.0735986868487757,-1.6949127356158655,-0.943857494984762,1.5708345174789429,0.29183536767959595,1
792,1788171500.9451659,-0.4017720627663031,-0.48093601751885956,0.003127240416326449,1.241763422183647,2.885716760196518,5.4848351695269255e-05,-2.09169847169985,-2.0736106077777308,-1.6949365774737757,-0.9438813368426722,1.5708345174789429,0.2918233871459961,1
793,1788171500.9876342,-0.40176864880527186,-0.48094111405735845,0.0031283689170042983,1.241789077310547,2.885681160682293,3.1923990676069674e-05,-2.09169847169985,-2.0736106077777308,-1.6949365774737757,-0.9438694159137171,1.5708585977554321,0.2918473482131958,1
794,1788171501.0285509,-0.4017563273274125,-0.48094920286956805,0.003131938609741286,1.2417725013487384,2.885689777106015,1.3323493997791455e-05,-2.0916746298419397,-2.0735986868487757,-1.6949484984027308,-0.943857494984762,1.5708585977554321,0.29185932874679565,1
795,1788171501.0706856,-0.40177503982616963,-0.4809247455386674,0.0031211520931242742,1.2417590827915328,2.885754407227942,9.923983132148609e-05,-2.09169847169985,-2.0736106077777308,-1.6949484984027308,-0.9438937346087855,1.570798635482788,0.29181137681007385,1
796,1788171501.1109412,-0.4017680085127963,-0.4809492567940879,0.0031306253087772795,1.2417776812103856,2.8857020527454216,-3.118908142192976e-06,-2.091686550770895,-2.0736106077777308,-1.6949365774737757,-0.9438455740558069,1.5708465576171875,0.2918473482131958,1
797,1788171501.1497343,-0.4017663961339546,-0.48093718790360857,0.0031334237125071607,1.241771231645975,2.8856872972259406,5.1269726079653704e-05,-2.09169847169985,-2.0735986868487757,-1.6949365774737757,-0.9438937346087855,1.5708585977554321,0.29183536767959595,1
798,1788171501.1897457,-0.4017723874273716,-0.48094210671179394,0.0031294970193585236,1.2418116293225534,2.8856859608915424,1.548348286413005e-05,-2.09169847169985,-2.0736106077777308,-1.6949365774737757,-0.943857494984762,1.5708465576171875,0.29185932874679565,1
799,1788171501.228737,-0.40177256396230887,-0.4809424143924043,0.003150438015003809,1.241829991367804,2.8856810248641858,-2.172084840595828e-05,-2.09169847169985,-2.0735748449908655,-1.6949365774737757,-0.9438694159137171,1.5708465576171875,0.2918713092803955,1
800,1788171501.2682893,-0.40175914794839346,-0.48095032908817986,0.0031456955037029166,1.2418321282556737,2.8856381436391785,9.768755223377051e-06,-2.091686550770895,-2.0735867659198206,-1.6949246565448206,-0.9438937346087855,1.5708825588226318,0.2918952703475952,1
801,1788171501.3123512,-0.4017574345390065,-0.4809456091473362,0.003149190163996979,1.2418301632377797,2.8856809505434398,-2.171901032812782e-05,-2.0916746298419397,-2.0735624472247522,-1.694960896168844,-0.943857494984762,1.5708465576171875,0.2918952703475952,1
802,1788171501.353294,-0.4017571100498905,-0.4809395199933309,0.003146933431190546,1.2418857165519246,2.8856670999452647,1.7647666673259006e-05,-2.0916746298419397,-2.0735624472247522,-1.694960896168844,-0.9438813368426722,1.5708345174789429,0.29193124175071716,1
803,1788171501.396022,-0.4017470403448039,-0.48095385842523464,0.0031353118676736846,1.2419579206591205,2.885598510292916,-6.66513890863146e-06,-2.0916622320758265,-2.0735867659198206,-1.694960896168844,-0.9438455740558069,1.5708705186843872,0.2920031249523163,1
804,1788171501.4382033,-0.40175878888813615,-0.48094796975652837,0.0031503185183024696,1.2419690302048279,2.8856226673823,-4.031791354967968e-05,-2.0916746298419397,-2.0735624472247522,-1.694960896168844,-0.9438455740558069,1.5708465576171875,0.29199114441871643,1
805,1788171501.4762065,-0.40176526924260275,-0.48093349018922227,0.0031497433362811522,1.2420107749237217,2.8856246876688396,3.8390586570388016e-05,-2.091686550770895,-2.0735624472247522,-1.6949484984027308,-0.9439056555377405,1.5708225965499878,0.2920031249523163,1
806,1788171501.5148337,-0.40175029433511805,-0.48094415634478505,0.0031330553238752556,1.241974733052332,2.88558831016514,3.0538980134704346e-05,-2.0916746298419397,-2.0735867659198206,-1.694960896168844,-0.9438694159137171,1.5708705186843872,0.2920031249523163,1
807,1788171501.5559037,-0.4017585850844062,-0.48093835582030203,0.0031542899966965354,1.2419977111361515,2.8855943368915993,-5.272399194515253e-06,-2.091686550770895,-2.073550526295797,-1.694960896168844,-0.9438813368426722,1.5708585977554321,0.2920031249523163,1
808,1788171501.5965269,-0.40175871305818806,-0.4809533611607102,0.003150438169624792,1.2423792917567344,2.8854315493224263,-2.386111798512081e-05,-2.0916746298419397,-2.0735748449908655,-1.6949365774737757,-0.9438694159137171,1.5708585977554321,0.2922791540622711,1
809,1788171501.6373427,-0.40174319829738253,-0.4809317880628216,0.003138634314513833,1.2436523385482514,2.8848613261853493,8.567600501919288e-05,-2.0916746298419397,-2.0735624472247522,-1.6949728170977991,-0.9439170996295374,1.5708705186843872,0.2931671142578125,1
810,1788171501.679984,-0.40175806404957226,-0.48093744768988106,0.0031442752514745376,1.2457714590714857,2.8839671350590796,-5.144390918680107e-06,-2.091686550770895,-2.0735624472247522,-1.6949728170977991,-0.943857494984762,1.5708585977554321,0.29461944103240967,1
811,1788171501.720895,-0.40176515197605667,-0.48094427803304995,0.003160529936881956,1.2483900156924022,2.8828506028448815,-4.0896496857697756e-05,-2.091686550770895,-2.073550526295797,-1.6949484984027308,-0.9438694159137171,1.5708465576171875,0.29643169045448303,1
812,1788171501.7654903,-0.401758542566569,-0.48094375048652477,0.003152045564485395,1.2503338986900883,2.8819791764087537,-7.818138728344166e-06,-2.091686550770895,-2.0735624472247522,-1.6949484984027308,-0.9438813368426722,1.5708705186843872,0.29778778553009033,1
813,1788171501.8089037,-0.40174261538282313,-0.4809159904228896,0.003140304847103259,1.250415426545922,2.8819306685929287,0.00016115072152326996,-2.091686550770895,-2.073550526295797,-1.6949728170977991,-0.943977181111471,1.5708705186843872,0.2978476881980896,1
814,1788171501.847308,-0.40175497648312924,-0.48092654279902475,0.0031397170068320213,1.2503239154505703,2.8820035609917554,7.229431204401462e-05,-2.091686550770895,-2.0735624472247522,-1.6949728170977991,-0.9439056555377405,1.5708465576171875,0.2977757751941681,1
815,1788171501.8864274,-0.4017355093741351,-0.4809036051036929,0.0033216358831158754,1.250294029203638,2.8819819430034093,0.00017900906929207056,-2.091686550770895,-2.0732744375811976,-1.694852654133932,-0.9443848768817347,1.5708705186843872,0.29776379466056824,1
816,1788171501.9282672,-0.401754115607686,-0.48092504234759137,0.004448092873075626,1.2502985671840667,2.8820397209946953,-0.0002514981986848355,-2.091686550770895,-2.07167894044985,-1.6940143744098108,-0.9465401808368128,1.5708465576171875,0.2977518141269684,1
817,1788171501.9689467,-0.40172786362841767,-0.48087549872030155,0.006235695907827465,1.250190728504716,2.8820292989892256,0.0001462519216456063,-2.09169847169985,-2.069183651600973,-1.6924193541156214,-0.9508879820453089,1.5708705186843872,0.2976795434951782,1
818,1788171502.0114932,-0.4017310150742554,-0.48088477959171433,0.009446606485736614,1.2501651472874993,2.8820646711411224,0.00017203080343782744,-2.091686550770895,-2.0648048559771937,-1.6895301977740687,-0.9581697622882288,1.5708465576171875,0.29766756296157837,1
819,1788171502.053275,-0.40178956878224326,-0.4809923584220623,0.012717440818065029,1.250205122574748,2.8821096116378415,-0.0007999635462986243,-2.091686550770895,-2.060413185750143,-1.6866772810565394,-0.9647930304156702,1.5708585977554321,0.2976795434951782,1
820,1788171502.0967488,-0.4017289433730845,-0.48092231477792746,0.014686768549515533,1.2501423708533381,2.8820608734041997,1.0041074078760235e-05,-2.0916622320758265,-2.0577500502215784,-1.684735123311178,-0.9699185530291956,1.5708705186843872,0.2976795434951782,1
821,1788171502.1391058,-0.4017302060439968,-0.4808926267295196,0.01640247004675721,1.2501369653657413,2.8820940507725594,0.00012128979669647035,-2.0916746298419397,-2.055434528981344,-1.6831534544574183,-0.9738829771624964,1.5708345174789429,0.2976555824279785,1
822,1788171502.1810055,-0.40171321455243875,-0.48082971942490743,0.016829107322195447,1.2502520840538947,2.881981794954875,0.0005822823262860971,-2.091710392628805,-2.054847065602438,-1.682697598134176,-0.9752243200885218,1.5708585977554321,0.2977154850959778,1
823,1788171502.2242157,-0.4017091689502874,-0.4808078904318215,0.016598817758405437,1.2502352185712924,2.881990439172191,0.0005651600528870912,-2.09172231355776,-2.0551112333880823,-1.6829851309405726,-0.9746616522418421,1.5708585977554321,0.2976915240287781,1
824,1788171502.264739,-0.4017210935551561,-0.4808619635554435,0.01567793377497015,1.250172380477554,2.8820813531013805,8.705011042621447e-05,-2.091686550770895,-2.0563347975360315,-1.683944050465719,-0.9721701780902308,1.5708345174789429,0.29766756296157837,1
825,1788171502.3058674,-0.40171084780693384,-0.48086062156340087,0.01387990307545875,1.2502059667336511,2.882016897602908,0.00022068744767585454,-2.091686550770895,-2.05875808397402,-1.6855624357806605,-0.9682181517230433,1.5708705186843872,0.29770350456237793,1
826,1788171502.3471894,-0.4017518610428523,-0.4808877622905617,0.01080087266748292,1.2501608632817127,2.882055631131355,-2.5693315758729225e-05,-2.09172231355776,-2.0629571119891565,-1.6883557478534144,-0.9610679785357874,1.5708705186843872,0.2976315915584564,1
827,1788171502.3879657,-0.40170644658111776,-0.4808254425869777,0.007468148382154455,1.250169519513884,2.8820747526265946,0.0005251929641730336,-2.091686550770895,-2.067456070576803,-1.6913169066058558,-0.953954044972555,1.5708105564117432,0.29766756296157837,1
828,1788171502.4296405,-0.40172581060958834,-0.4809041266162603,0.004450322864935269,1.2501788057943128,2.882097343219166,0.00018354326308061978,-2.0916503111468714,-2.071690861378805,-1.6939061323748987,-0.9469111601458948,1.5708105564117432,0.29770350456237793,1
829,1788171502.4721358,-0.401792961805038,-0.48096318288969697,0.0023579601591715016,1.2501631220779577,2.882107914796574,-0.00037283089909060225,-2.091710392628805,-2.0746663252459925,-1.6957038084613245,-0.9417856375323694,1.5708465576171875,0.2976315915584564,1
830,1788171502.5104578,-0.4017715731837228,-0.48094994632879323,0.0010427927114407542,1.2501840968647369,2.88210838341018,-0.0003260633374332537,-2.091686550770895,-2.076465908681051,-1.696878735219137,-0.9388397375689905,1.5708345174789429,0.29766756296157837,1
831,1788171502.551253,-0.40177553284768464,-0.48094585553839486,0.00045329682324701803,-1.2502045946458662,-2.882108337877777,0.0002995415750384801,-2.091686550770895,-2.0772936979876917,-1.6973708311664026,-0.9375341574298304,1.5708105564117432,0.2976795434951782,1
832,1788171502.5923796,-0.40178230773218515,-0.4809797028807582,0.0005367698242431662,1.2501436885625543,2.8821098273145704,-0.00045904724219629435,-2.091686550770895,-2.077209774647848,-1.6972745100604456,-0.9376176039325159,1.5708585977554321,0.29764360189437866,1
833,1788171502.6324604,-0.40177572677358414,-0.4809664997647375,0.0005109323546168554,1.2501726251666838,2.8821289882710777,-0.0003589638084547863,-2.0916746298419397,-2.077233616505758,-1.697298828755514,-0.937629524861471,1.5708225965499878,0.29766756296157837,1
834,1788171502.6739585,-0.4017907983685047,-0.4809686715756903,0.0005254464242601398,1.2501871119302232,2.882115574745142,-0.000435484039345451,-2.09169847169985,-2.077221695576803,-1.6972869078265589,-0.9376056830035608,1.5708345174789429,0.2976555824279785,1
835,1788171502.7150142,-0.40178708154337767,-0.48097324025599353,0.0005401603566937974,1.2501786375072297,2.882096054238543,-0.00047691172765976496,-2.09169847169985,-2.077197853718893,-1.6972869078265589,-0.9376056830035608,1.5708585977554321,0.2976555824279785,1
836,1788171502.7550125,-0.4017753612316819,-0.4809620721144016,0.0005098036463638822,1.250197061357071,2.8820909872911527,-0.0003445440838422681,-2.091686550770895,-2.077233616505758,-1.697298828755514,-0.9376414457904261,1.5708465576171875,0.2976795434951782,1
837,1788171502.7964532,-0.4017961177755188,-0.4809385281177246,0.0004939615709480816,1.2502648826865395,2.882057236011369,-0.00028871875377038745,-2.0917347113238733,-2.0772574583636683,-1.697298828755514,-0.9376533667193812,1.5708465576171875,0.2976795434951782,1
838,1788171502.8354373,-0.40177589482760684,-0.4809334378822126,0.0004954453222289767,1.2501418709890766,2.8821062041307686,-0.00023214918965129,-2.091710392628805,-2.077233616505758,-1.6973226706134241,-0.9376896063434046,1.5708465576171875,0.29761961102485657,1
839,1788171502.8757052,-0.40176988994892193,-0.4809525360181273,0.00050524314995537,1.2501949314728733,2.882086072473922,-0.00026936447648725283,-2.091686550770895,-2.077233616505758,-1.697298828755514,-0.9376896063434046,1.5708465576171875,0.2976795434951782,1
840,1788171502.9178,-0.4017619653991539,-0.4809387240341967,0.0005167698213451866,1.250176085276843,2.8820899114737615,-0.0002135385360640948,-2.091686550770895,-2.077197853718893,-1.697310749684469,-0.93774921098818,1.5708465576171875,0.29766756296157837,1
841,1788171502.95985,-0.40176561691439866,-0.48093582981229954,0.0005031859867250799,1.2502052380297877,2.882062776986345,-0.00019703553261703186,-2.09169847169985,-2.077221695576803,-1.697310749684469,-0.9377372900592249,1.5708585977554321,0.2976795434951782,0
842,1788171502.9989974,-0.4017600531230132,-0.48093539105906596,0.0005108814078240431,1.2501399531053443,2.8821011896331115,-0.0001569688333020013,-2.091686550770895,-2.077209774647848,-1.697298828755514,-0.9377854506122034,1.5708465576171875,0.29764360189437866,0
843,1788171503.0402985,-0.40178595466553413,-0.48092898701820325,0.0005080844269127471,-1.2502023325476292,-2.8821035888313786,0.00020515556011342328,-2.091710392628805,-2.077221695576803,-1.697298828755514,-0.9377372900592249,1.570798635482788,0.2976555824279785,0
844,1788171503.0811083,-0.40176332816330557,-0.48095588164271125,0.000511470878978737,1.2501604883533313,2.882101013016948,-0.0002693644758971007,-2.0916746298419397,-2.077221695576803,-1.697298828755514,-0.9377015272723597,1.5708465576171875,0.29766756296157837,0
845,1788171503.1241367,-0.40178814183914413,-0.48093447750354956,0.0005067557784336485,1.2501983841339273,2.8820947319538606,-0.00023004272041429597,-2.09172231355776,-2.077233616505758,-1.6972869078265589,-0.9377253691302698,1.5708345174789429,0.29764360189437866,0
846,1788171503.1653624,-0.4017778890921822,-0.4809609545539136,0.0005205200929550846,1.2501479231247739,2.8821195670846196,-0.00026800403983922926,-2.091686550770895,-2.077233616505758,-1.6972506682025355,-0.9377372900592249,1.5708345174789429,0.29764360189437866,0
847,1788171503.2087731,-0.40176865014642343,-0.48094111639592074,0.0004945007343850061,1.2502921158855018,2.882025084703755,-0.00019703322775855518,-2.09169847169985,-2.077245537434713,-1.697298828755514,-0.9377253691302698,1.5708585977554321,0.29773983359336853,0
848,1788171503.250268,-0.4017504576107514,-0.48094444093272454,0.0005046991819574465,1.2501651104988856,2.8820643765076537,-0.00016190208342276718,-2.0916746298419397,-2.077221695576803,-1.697298828755514,-0.9377730528460901,1.5708705186843872,0.2976795434951782,0
849,1788171503.2916124,-0.4017685578120667,-0.48095021418870154,0.0005067558999591049,1.2501420843144055,2.8821061077416705,-0.0002321478996418681,-2.091686550770895,-2.077233616505758,-1.6972869078265589,-0.9377253691302698,1.5708465576171875,0.29764360189437866,0
850,1788171503.333642,-0.4017827463510563,-0.48093059740717975,0.0005180827149948997,1.2501930936766592,2.8820825380383384,-0.00021354019041029663,-2.09172231355776,-2.077209774647848,-1.6972869078265589,-0.9377611319171351,1.5708465576171875,0.29764360189437866,0
851,1788171503.3760428,-0.40176215616406313,-0.4809500487571601,0.0005192117444221822,1.2500980348428916,2.882099260474595,-0.00023633971552193688,-2.091686550770895,-2.077209774647848,-1.6972869078265589,-0.93774921098818,1.5708705186843872,0.29761961102485657,0
852,1788171503.4161131,-0.40177470613858285,-0.48093688941791657,0.000520875351074479,1.2502224167406517,2.882055325815181,-0.00019703598032324522,-2.091710392628805,-2.077209774647848,-1.6972745100604456,-0.9377854506122034,1.5708585977554321,0.2976795434951782,0
853,1788171503.4572618,-0.40176743371815593,-0.48093520652900645,0.0004969586968540385,1.2502129382660863,2.8820334813484796,-0.0002012267188401287,-2.091710392628805,-2.077233616505758,-1.697310749684469,-0.9377253691302698,1.5708825588226318,0.2976795434951782,0
854,1788171503.4967206,-0.4017549373478017,-0.4809429902814712,0.0004848875965011157,1.2501942634096013,2.882037241790362,-0.00014539918803278866,-2.091686550770895,-2.0772574583636683,-1.697298828755514,-0.93774921098818,1.5708825588226318,0.2976915240287781,0
855,1788171503.5360374,-0.4017473782437399,-0.48089851850743376,0.0006411190007894751,1.2501653990477448,2.882065487555104,0.00016012026098371088,-2.09169847169985,-2.0770180861102503,-1.6971429030047815,-0.938336197529928,1.5708465576171875,0.2976555824279785,0
856,1788171503.5742154,-0.4017334271959073,-0.48087420339357156,0.0015463325163030672,1.2502255966565246,2.882015088986808,0.00047199768882304796,-2.09169847169985,-2.0757578055011194,-1.696303669606344,-0.9406355063067835,1.5708465576171875,0.29770350456237793,0
857,1788171503.615417,-0.4017418360881307,-0.4808888591500162,0.0032064441649325703,1.2501923367014651,2.88203299355836,0.00042733651405985475,-2.09169847169985,-2.0734666029559534,-1.694852654133932,-0.9443491140948694,1.5708465576171875,0.2976795434951782,0
858,1788171503.6550593,-0.40172565160005247,-0.4808661747444303,0.005664140903961112,1.2501648101178309,2.882016802575449,0.0006187509604315149,-2.09169847169985,-2.070047203694479,-1.692707363759176,-0.9500377813922327,1.5708585977554321,0.29766756296157837,0
859,1788171503.6967995,-0.4017130145450501,-0.48088908128268343,0.008902182170319434,1.2501162523491949,2.8820479121558344,0.000489986460237309,-2.0916622320758265,-2.065596405659811,-1.6898778120623987,-0.9572356382953089,1.5708585977554321,0.29766756296157837,0
860,1788171503.740358,-0.40173789291626677,-0.4809170719774094,0.012840787400245912,1.250128563528986,2.8820746801801516,7.762622233712009e-05,-2.0916746298419397,-2.0602453390704554,-1.686401669179098,-0.9657986799823206,1.5708585977554321,0.2976555824279785,0
861,1788171503.78008,-0.4017600811254051,-0.4808855735178214,0.015980690221650606,1.2502353655565193,2.8820380948422204,0.00029174199196932746,-2.09172231355776,-2.056058708821432,-1.6834166685687464,-0.9731047789203089,1.5708345174789429,0.2976795434951782,0
862,1788171503.8195353,-0.40173354247348864,-0.48088366122323994,0.01922962242785109,1.2501476522914055,2.8820716224708756,0.0003498005238792928,-2.091686550770895,-2.051727596913473,-1.6803715864764612,-0.9805181662188929,1.5708345174789429,0.2976555824279785,0
863,1788171503.8609223,-0.40173980341660737,-0.48092040194542024,0.022495346946997286,1.2501492906749345,2.882075184165126,-4.444468330563131e-05,-2.0916746298419397,-2.0474327246295374,-1.6773150602923792,-0.987619702016012,1.5708585977554321,0.29766756296157837,0
864,1788171503.9016163,-0.4017453900559247,-0.4809246157938285,0.025666195719291296,1.2500843601740228,2.8821147700468828,-2.149875324443278e-05,-2.0916746298419397,-2.0433414618121546,-1.6741622130023401,-0.9948771635638636,1.5708465576171875,0.29761961102485657,0
865,1788171503.9387045,-0.40174628225684017,-0.48091138930749333,0.028873415497842697,1.250170555286011,2.882077150555162,-1.851999468563769e-05,-2.091686550770895,-2.0392149130450647,-1.6709731260882776,-1.0021947065936487,1.5708465576171875,0.29766756296157837,0
866,1788171503.9792445,-0.4017841767112638,-0.48099774389482536,0.032185491347433176,1.2501282998856043,2.8821214105719877,-0.0005223171286085346,-2.0916746298419397,-2.035099808369772,-1.6675570646869105,-1.00940448442568,1.5708585977554321,0.29764360189437866,0
867,1788171504.0188289,-0.4017524035288675,-0.4809220582908874,0.035292513226992284,1.2501671969556818,2.882069400916013,9.983010623329298e-05,-2.091686550770895,-2.0311887899981897,-1.664248291646139,-1.0170214811908167,1.5708465576171875,0.29766756296157837,0
868,1788171504.0596912,-0.4017843005062794,-0.48095734651410554,0.038515667714069945,1.25016411050284,2.8821098284256763,-0.00023301971081898597,-2.09169847169985,-2.027229611073629,-1.6608555952655237,-1.024158779774801,1.5708345174789429,0.29764360189437866,0
869,1788171504.09963,-0.4017978812344117,-0.4809920628906256,0.041768227992982826,1.2502132071580634,2.8820811701424205,-0.0004783999065319911,-2.09169847169985,-2.0232823530780237,-1.6573551336871546,-1.0314520041095179,1.5708585977554321,0.2976795434951782,0
870,1788171504.1411507,-0.40177496295938314,-0.48096137793294247,0.04488522691653821,1.2501733842010698,2.882083678521907,-0.00011826209068580626,-2.091686550770895,-2.019527260457174,-1.6538665930377405,-1.0389249960528772,1.5708465576171875,0.29766756296157837,0
871,1788171504.1841183,-0.40175794382820307,-0.48092792512151555,0.048069032345252616,1.2501767376270272,2.882044344630478,3.087959233041096e-05,-2.09169847169985,-2.015700642262594,-1.6503427664386194,-1.0463736693011683,1.5708705186843872,0.29766756296157837,0
872,1788171504.228637,-0.40177815183804033,-0.4809631454172197,0.05198789203628412,1.25012092718216,2.8821050009243994,-0.00043805770796495857,-2.09169847169985,-2.0110815207110804,-1.6460030714618128,-1.0550320784198206,1.5708705186843872,0.29761961102485657,0
873,1788171504.270332,-0.4017695232816097,-0.4809315914601092,0.05509684540718665,1.2501768783836267,2.8820919654165236,-7.44732224421114e-05,-2.09169847169985,-2.0075061956988733,-1.6423104445086878,-1.0625289122210901,1.5708345174789429,0.2976555824279785,0
874,1788171504.3136966,-0.401762840814721,-0.4809704064657723,0.05827778781867657,1.2501763911829296,2.8820920301872976,-0.00024256690596572664,-2.0916622320758265,-2.003895107899801,-1.6385701338397425,-1.0697739760028284,1.5708465576171875,0.2976915240287781,0
875,1788171504.355799,-0.4017540594506363,-0.4808898590615388,0.062158961685481184,1.2501725251741838,2.8820821577624685,7.588333865332865e-05,-2.091710392628805,-1.9994681517230433,-1.6339672247516077,-1.0790064970599573,1.5708345174789429,0.29764360189437866,0
876,1788171504.3987143,-0.4017847943814338,-0.48095820727208366,0.06542199887204533,1.2501496305661135,2.8821238595365184,-0.00033276309679167756,-2.09169847169985,-1.9959166685687464,-1.6299756209002894,-1.086287800465719,1.5708345174789429,0.2976315915584564,0
877,1788171504.4411256,-0.4017806654859161,-0.48097131706258456,0.06855620571119722,1.2501589898744736,2.882097790552294,-0.00021949365850211278,-2.091686550770895,-1.9925459066974085,-1.626007382069723,-1.0937007109271448,1.5708465576171875,0.2976555824279785,0
878,1788171504.4843097,-0.40174423856162345,-0.48090230379955284,0.072379692680232,1.2501332639992881,2.8820857466746226,0.0002485705853710956,-2.091686550770895,-1.9883950392352503,-1.6211884657489222,-1.102968994771139,1.5708345174789429,0.29764360189437866,0
879,1788171504.5255349,-0.40173588868952487,-0.4809042661963825,0.07562524901002124,1.250122158458271,2.8820601424178456,0.0001321080430264839,-2.091686550770895,-1.9849398771869105,-1.6171005407916468,-1.1104415098773401,1.5708705186843872,0.29764360189437866,0
880,1788171504.564888,-0.40173928097952155,-0.48089918650788877,0.07877817101785584,1.2501827922494941,2.8820580606261914,0.00015863333300964485,-2.091686550770895,-1.9816644827472132,-1.6130011717425745,-1.1178305784808558,1.5708465576171875,0.2976795434951782,0
881,1788171504.6030633,-0.401723246142296,-0.48088601927809654,0.08195004785297,1.2501095498180337,2.882078122606529,0.0003089874853508182,-2.0916746298419397,-1.9784134070025843,-1.608805004750387,-1.1253741423236292,1.5708465576171875,0.29764360189437866,0
882,1788171504.6453521,-0.40174210406815625,-0.48090963042816365,0.0852363550728433,1.250167039158278,2.8820690482671187,-6.45424424862341e-05,-2.091686550770895,-1.9750784079181116,-1.604513947163717,-1.1327622572528284,1.5708585977554321,0.29766756296157837,0
883,1788171504.6872973,-0.40172653944803666,-0.4808879710605595,0.0883781154401602,1.250080949589399,2.882059813957225,0.0003658246718564881,-2.091686550770895,-1.9720190207110804,-1.60010272661318,-1.1405099073993128,1.5708705186843872,0.29761961102485657,0
884,1788171504.7301319,-0.4017384209746314,-0.4808904838471547,0.0915006538804223,1.250123517945251,2.882110344301716,0.0004922964037530858,-2.0916746298419397,-1.9690197149859827,-1.59572679201235,-1.1479581038104456,1.570798635482788,0.29764360189437866,0
885,1788171504.7722964,-0.40176643141852497,-0.4809409845216858,0.09539989625415465,1.2501738382810688,2.8820847163416663,3.5690484355532826e-05,-2.091686550770895,-1.9653008619891565,-1.590344254170553,-1.1567710081683558,1.5708345174789429,0.29766756296157837,0
886,1788171504.8140204,-0.4017358619570741,-0.4808729235244655,0.0986004782085157,1.2501651475754307,2.8820649018781572,0.0003386349543711063,-2.09169847169985,-1.9622176329242151,-1.5858734289752405,-1.1645191351519983,1.5708345174789429,0.2976555824279785,0
887,1788171504.8546617,-0.40171549341721496,-0.4808725063922672,0.10177879423946048,1.2500866352848268,2.8820726898652755,0.0005062334201802344,-2.0916746298419397,-1.9593022505389612,-1.5812581221209925,-1.1721585432635706,1.5708465576171875,0.2976315915584564,0
888,1788171504.895056,-0.401739098184363,-0.48086930718327514,0.10491870603217834,1.2501915300054485,2.88203136755777,0.0004526420738245304,-2.091710392628805,-1.9564712683307093,-1.5766790548907679,-1.1795342604266565,1.5708465576171875,0.29766756296157837,0
889,1788171504.9346666,-0.40172203996787476,-0.4808303218968896,0.10811339274032092,1.2502341600098736,2.881987996090843,0.0006023759809275034,-2.09172231355776,-1.9535797278033655,-1.5720160643206995,-1.187186066304342,1.5708585977554321,0.2976915240287781,0
890,1788171504.9737978,-0.4017545061070426,-0.480901683952423,0.11144078668884289,1.2501816403979689,2.882055883722372,2.328780909854303e-05,-2.091710392628805,-1.9506881872760218,-1.5671246687518519,-1.1945980230914515,1.5708585977554321,0.2976555824279785,0
891,1788171505.013791,-0.40172648580452736,-0.48087688532059913,0.11466736810802403,1.2501639213984794,2.882061842302594,0.0002152022394976677,-2.091686550770895,-1.9478934446917933,-1.5622580687152308,-1.2023809591876429,1.5708465576171875,0.29766756296157837,0
892,1788171505.0534265,-0.4017306815727266,-0.48088419827521506,0.11776598633099988,1.2501757725961562,2.882041862465516,0.0004057517623841087,-2.091686550770895,-1.9453619162188929,-1.5573795477496546,-1.2099130789386194,1.5708465576171875,0.2976795434951782,0
893,1788171505.095968,-0.4017471395890355,-0.48094418119806126,0.121023626651414,1.250104209755448,2.882065830994632,-1.0676674560916949e-05,-2.0916746298419397,-1.9426987806903284,-1.552368466054098,-1.2173245588885706,1.5708825588226318,0.29764360189437866,0
894,1788171505.137282,-0.401721643715829,-0.48087396932529464,0.12412472265022917,1.250152077434774,2.8820345148101616,0.00046244465615101694,-2.091686550770895,-1.9401667753802698,-1.5474656263934534,-1.2250598112689417,1.5708585977554321,0.29766756296157837,0
895,1788171505.1812797,-0.4016880772611054,-0.48082472045335034,0.12801365129309386,1.2501856322763103,2.882017052150343,0.0006692452204499905,-2.0916746298419397,-1.937023941670553,-1.5413525740252894,-1.2344468275653284,1.5708465576171875,0.29770350456237793,0
896,1788171505.2231524,-0.40174195441202354,-0.4808687618894942,0.13121511431215646,1.250215289290026,2.8820388613797028,0.00039371608950660467,-2.091710392628805,-1.93463641801943,-1.536126438771383,-1.241882626210348,1.5708345174789429,0.2976795434951782,0
897,1788171505.2642295,-0.40173573116200473,-0.4808744307655852,0.13435743887841964,1.2501779115179947,2.88199994557809,0.0005943324242276976,-2.091710392628805,-1.9323332945453089,-1.5308755079852503,-1.2495692412005823,1.5708705186843872,0.29766756296157837,0
898,1788171505.307292,-0.401747610741567,-0.4809174939071746,0.13827560888402285,1.2501235685415728,2.8821104571492757,0.00015314921220169122,-2.0916746298419397,-1.929417912160055,-1.52452260652651,-1.2585495154010218,1.5708225965499878,0.29764360189437866,0
899,1788171505.3492665,-0.4017344759681417,-0.4808557281553251,0.14144111954991428,1.2501580957706044,2.882048868464818,0.000583517338793225,-2.091710392628805,-1.9271505514727991,-1.5191519896136683,-1.2664645353900355,1.5708345174789429,0.29764360189437866,0
900,1788171505.3909924,-0.40173036225410347,-0.48085408183955625,0.14472279290964032,1.2501471383898528,2.8820710304642705,0.00019063617635258447,-2.091710392628805,-1.924739185963766,-1.513818089162008,-1.2739594618426722,1.5708465576171875,0.2976315915584564,0
901,1788171505.4346297,-0.40175443602660704,-0.4809052960265851,0.1478404119610379,1.2501880794862728,2.8820704881994406,0.00013915350599118083,-2.09169847169985,-1.9227240721331995,-1.5083277861224573,-1.2814305464373987,1.5708345174789429,0.29766756296157837,0
902,1788171505.4781702,-0.40174647411895176,-0.4808969426569708,0.15166660736060694,1.2501078735868933,2.8820748430428598,0.0003603433773024454,-2.09169847169985,-1.9202283064471644,-1.5015915075885218,-1.2908056418048304,1.5708465576171875,0.29761961102485657,0
903,1788171505.5207732,-0.4017535105828004,-0.48091846430603774,0.1549073036224839,1.2501693158744829,2.8820742829199837,0.00019497937377512778,-2.091686550770895,-1.918140713368551,-1.4959209601031702,-1.2984564940081995,1.5708345174789429,0.29766756296157837,0
904,1788171505.5607905,-0.4017794679585704,-0.480939665212267,0.15809380790791566,1.250151745478381,2.882081661879856,2.837105037829052e-05,-2.091710392628805,-1.916173283253805,-1.49023944536318,-1.306000057850973,1.5708465576171875,0.2976315915584564,0
905,1788171505.600503,-0.4017468459651863,-0.48091237176052737,0.1613439693276153,1.2501183810836227,2.8820988556940685,-6.611936655730414e-06,-2.091686550770895,-1.91408616701235,-1.4845460096942347,-1.3137581984149378,1.5708465576171875,0.2976315915584564,0
906,1788171505.6427674,-0.40175946800816736,-0.4809398946334934,0.1645360133036571,1.2501507879929274,2.8820788757225726,-0.00010027135993974255,-2.091686550770895,-1.912238899861471,-1.4786961714373987,-1.3213966528521937,1.5708585977554321,0.2976555824279785,0
907,1788171505.6838796,-0.4017279409657406,-0.4809040510923961,0.1683516122560844,1.2501444523121912,2.882065652357966,0.00044433316948001383,-2.0916622320758265,-1.9101031462298792,-1.471515957509176,-1.3310588041888636,1.5708345174789429,0.2976795434951782,0
908,1788171505.7252033,-0.40179007036463404,-0.48097119343106487,0.1715915013387069,1.2501346674223122,2.8821364046282607,-7.251439096060131e-05,-2.091686550770895,-1.9083636442767542,-1.4654863516436976,-1.338494125996725,1.5708105564117432,0.2976315915584564,0
909,1788171505.7651594,-0.4017814500418237,-0.48099299129418627,0.17477646628069085,1.2500848961349038,2.8821160206258702,-0.00021043509753641097,-2.0916746298419397,-1.9066479841815394,-1.4595168272601526,-1.3460963408099573,1.5708585977554321,0.29761961102485657,0
910,1788171505.8063443,-0.4017793485987377,-0.48095250607552276,0.17796376793664748,1.250152925553429,2.8821310890730993,-0.00010601016245756849,-2.091686550770895,-1.9049442450152796,-1.4534996191607874,-1.3538788000689905,1.5708105564117432,0.29764360189437866,0
911,1788171505.8469603,-0.40177296723661277,-0.4809266018323695,0.18114300057208574,1.2502364161210926,2.8820873478452578,-9.24410816536934e-06,-2.09169847169985,-1.9033249060260218,-1.4473984877215784,-1.3616612593280237,1.5708105564117432,0.2976915240287781,0
912,1788171505.8871481,-0.4017961069219858,-0.48095767247460725,0.1844469501237876,1.2501722564519258,2.88212896255226,-0.0003842717659234559,-2.091710392628805,-1.9017050901996058,-1.4410575071917933,-1.3693831602679651,1.5708225965499878,0.2976315915584564,0
913,1788171505.9272506,-0.401783790950762,-0.4809619816994992,0.1877067797440015,1.2501678869389121,2.8821185571435626,-0.0005365886889063809,-2.09169847169985,-1.9001339117633265,-1.43473989168276,-1.3771770636187952,1.5708465576171875,0.29764360189437866,0
914,1788171505.9668734,-0.40179558102860585,-0.4809863216181525,0.19088813927997858,-1.250150546453895,-2.882125620428722,0.0005480272906805557,-2.091686550770895,-1.8987658659564417,-1.4283393065081995,-1.3849356810199183,1.5708225965499878,0.29764360189437866,0
915,1788171506.009852,-0.40173931306644894,-0.4809140236275623,0.19396603021195738,1.2501100573318644,2.882079293785005,0.0002911235395449778,-2.0916746298419397,-1.8974946180926722,-1.4219501654254358,-1.3931363264666956,1.5708465576171875,0.29764360189437866,0
916,1788171506.0487132,-0.4017822777411751,-0.4809407721835226,0.1971501785203493,1.2501761221562528,2.8820433948450024,4.650768369367473e-05,-2.09172231355776,-1.8962228933917444,-1.4154656569110315,-1.400738541279928,1.5708705186843872,0.29764360189437866,0
917,1788171506.0901835,-0.4017993188603277,-0.48096706109400517,0.2004146546278957,-1.2501847521604241,-2.882110114559364,0.00021929826329649947,-2.09169847169985,-1.8949149290667933,-1.40883714357485,-1.4084966818438929,1.570798635482788,0.2976555824279785,0
918,1788171506.132675,-0.40176484492810666,-0.4809437427852169,0.2042425872400714,1.250135604062174,2.882091153506017,-3.6341003808075364e-06,-2.091686550770895,-1.8934639135943812,-1.4008777777301233,-1.4180505911456507,1.5708465576171875,0.29764360189437866,0
919,1788171506.1744835,-0.40174795416859466,-0.48096476512535297,0.2074011890119263,1.2500764238449027,2.882097759312033,7.167219174548828e-05,-2.0916503111468714,-1.892383877431051,-1.3941777388202112,-1.425880257283346,1.5708585977554321,0.29764360189437866,0
920,1788171506.2162404,-0.40176017666772385,-0.4809300828431934,0.21059835128400387,1.2501213254787145,2.8821056408238297,5.950824866400141e-05,-2.091686550770895,-1.8912561575519007,-1.3874648253070276,-1.4337104002581995,1.5708345174789429,0.2976315915584564,0
921,1788171506.2558267,-0.4017556962900679,-0.4809387895215897,0.21387989375913252,1.2501845668424094,2.882062183752355,-0.00024229175134407696,-2.091686550770895,-1.8901289145099085,-1.380585018788473,-1.4415281454669397,1.5708705186843872,0.2976795434951782,0
922,1788171506.2963114,-0.40176227236241074,-0.4809485177345038,0.21716520039846404,1.2501544603066672,2.882134413798743,-0.0004957771244240564,-2.0916746298419397,-1.8890851179706019,-1.373585049306051,-1.4494054953204554,1.5708345174789429,0.2976555824279785,0
923,1788171506.339226,-0.4017654830340523,-0.48091908103464204,0.22035207417388927,1.2501866180793832,2.8821144236333267,-0.0002495433881566284,-2.09169847169985,-1.8882210890399378,-1.3665249983416956,-1.4574859778033655,1.5708225965499878,0.2976555824279785,0
924,1788171506.3807926,-0.40176649576622686,-0.4809614026325393,0.2240999236180468,1.2501260654349833,2.8821162356633847,-0.00027308682271994894,-2.0916746298419397,-1.8873212973224085,-1.3581221739398401,-1.466776196156637,1.5708465576171875,0.29764360189437866,0
925,1788171506.422786,-0.401751288817173,-0.4809404207332545,0.22721878962815517,1.2501268314243408,2.8820706821411366,0.00013866170436764987,-2.0916746298419397,-1.886648956929342,-1.350966755543844,-1.4748690764056605,1.5708585977554321,0.2976555824279785,0
926,1788171506.4639163,-0.40175240005408597,-0.4809072708655911,0.23042413736114195,1.250107640860119,2.882074305982266,0.00036853097162860586,-2.09169847169985,-1.885953728352682,-1.3436549345599573,-1.4830220381366175,1.5708465576171875,0.29761961102485657,0
927,1788171506.5077603,-0.4017481436087144,-0.4809256256721418,0.2342832166993433,1.2501559691998443,2.8820435079607716,0.0001574168800774393,-2.091686550770895,-1.8851378599749964,-1.33490497270693,-1.49245530763735,1.5708705186843872,0.29766756296157837,0
928,1788171506.5488627,-0.4017652093389272,-0.48094437791627853,0.2375207651763113,1.250155507761691,2.8820897551556723,-9.667649083040466e-05,-2.091686550770895,-1.8845260779010218,-1.3274853865252894,-1.5003212133990687,1.5708465576171875,0.2976555824279785,0
929,1788171506.5911574,-0.4017778751383083,-0.4809351557306612,0.2407110463943207,1.2501026085570612,2.882157314976944,-0.00016258115542804548,-2.09169847169985,-1.8839862982379358,-1.3200658003436487,-1.5082343260394495,1.5708105564117432,0.29759564995765686,0
930,1788171506.629777,-0.4017407864114626,-0.48089081807958173,0.2439272945862038,1.2501391188510553,2.8820992497689417,0.00021046305476014806,-2.091686550770895,-1.8835185209857386,-1.312418286000387,-1.5165899435626429,1.5708225965499878,0.29764360189437866,0
931,1788171506.672264,-0.4017536386676064,-0.48093899290274383,0.2471218355746863,1.2501009067436029,2.8821056245961585,3.8092998317761003e-06,-2.0916746298419397,-1.8831704298602503,-1.3047593275653284,-1.5244672934161585,1.5708465576171875,0.2976315915584564,0
932,1788171506.7168612,-0.40176415564063184,-0.4809480648420256,0.25030346247195834,1.2501321094506495,2.8820831003866623,-5.040107575593639e-05,-2.091686550770895,-1.8828585783587855,-1.2970646063434046,-1.532440487538473,1.5708585977554321,0.29764360189437866,0
933,1788171506.7587643,-0.4017575337003855,-0.4809144840701342,0.2540803456902051,1.2501410440236917,2.8821036895746444,0.00031231215107038003,-2.091686550770895,-1.882594410573141,-1.2877276579486292,-1.5422685782061976,1.5708105564117432,0.29764360189437866,0
934,1788171506.8000767,-0.40175414161384326,-0.4809398695259065,0.25732021027346574,1.2501284004604478,2.882074294571798,0.0002531632590632409,-2.0916746298419397,-1.8824265638934534,-1.2796972433673304,-1.5504329840289515,1.5708465576171875,0.2976555824279785,0
935,1788171506.8385372,-0.40178100211774465,-0.4809515977008936,0.2605357722179645,1.2502072670953828,2.882067436095182,7.14189380934338e-05,-2.09169847169985,-1.8822949568377894,-1.2717021147357386,-1.5584419409381312,1.5708345174789429,0.2976795434951782,0
936,1788171506.8774083,-0.4017769916906839,-0.4809556546646007,0.26374522439201553,1.25014958362009,2.882076331343753,-6.0822375147439394e-05,-2.09169847169985,-1.8821867148028772,-1.2636836210833948,-1.566486660634176,1.5708585977554321,0.29764360189437866,0
937,1788171506.918954,-0.40179143149506336,-0.480962573523208,0.26692672906795056,-1.2501336751135341,-2.88213411528669,2.5893661362149085e-05,-2.091686550770895,-1.8822224775897425,-1.255521599446432,-1.5746272245990198,1.5707865953445435,0.2976315915584564,0
938,1788171506.9605486,-0.40176231440427906,-0.4809135584473906,0.27015712461173413,1.2501237546231783,2.8821114748289203,0.0001390053524884225,-2.09169847169985,-1.8822105566607874,-1.247275177632467,-1.5829952398883265,1.5708225965499878,0.29761961102485657,0
939,1788171507.0009751,-0.4017835987409991,-0.48098568925314683,0.2734505849070203,-1.250153691374151,-2.8821326464570105,0.0006081740075302936,-2.0916746298419397,-1.8822463194476526,-1.2389453093158167,-1.5908120314227503,1.5708345174789429,0.2976555824279785,0
940,1788171507.0430112,-0.40174210769408414,-0.48089485576086594,0.2772935907551394,1.2501723974513317,2.882081651377112,-0.00025658407977409,-2.09169847169985,-1.882378880177633,-1.2289131323443812,-1.6009395758258265,1.5708585977554321,0.2976555824279785,0
941,1788171507.0850163,-0.40173315832382467,-0.48090329597247605,0.28051687206898057,1.2501276049814678,2.8821197884853333,-0.00032742447071968793,-2.0916746298419397,-1.8826301733600062,-1.2203672567950647,-1.609187428151266,1.5708465576171875,0.29764360189437866,0
942,1788171507.1264472,-0.4017430237501878,-0.48092601482842817,0.28375955295567673,1.2501447422002196,2.8821120238139395,-0.0004932870050273863,-2.0916746298419397,-1.8829787413226526,-1.2116535345660608,-1.6174476782428187,1.5708585977554321,0.2976555824279785,0
943,1788171507.1689503,-0.40174082782703074,-0.48091114021850906,0.2868672147546054,1.2501618963087493,2.882104249215632,-0.0001489071716581555,-2.0916746298419397,-1.88347036043276,-1.2030122915851038,-1.625815216694967,1.5708345174789429,0.29766756296157837,0
944,1788171507.2112234,-0.4017643567365384,-0.4808930249042754,0.290648060507875,1.2501243214895248,2.8821132593848966,-5.5122507016470656e-05,-2.09172231355776,-1.8840821425067347,-1.1925252119647425,-1.6357505957232874,1.5708345174789429,0.29759564995765686,0
945,1788171507.2526932,-0.40173946383350967,-0.48089398166222735,0.29388807859341426,1.2497251679174837,2.8822817854375087,3.6742175597337497e-06,-2.091686550770895,-1.8846338430987757,-1.1834996382342737,-1.6442621389972132,1.5708345174789429,0.297355592250824,0
946,1788171507.293476,-0.40179210747772764,-0.4809654844257027,0.29709852986629837,-1.2493720692355634,-2.882462886000939,0.0005502545712201152,-2.09169847169985,-1.8852818647967737,-1.1745107809649866,-1.6522467772113245,1.5708225965499878,0.2970915734767914,0
947,1788171507.3341312,-0.4017490330511732,-0.48090692587300854,0.3002039636809766,1.2489893797150184,2.8825754371156576,-1.0990776278163962e-05,-2.09169847169985,-1.8859894911395472,-1.1655338446246546,-1.660865608845846,1.5708585977554321,0.29683953523635864,0
948,1788171507.3787756,-0.401758576451083,-0.480901520254932,0.3034442701899652,1.2485580621162677,2.882812564583229,1.9771175016254914e-05,-2.09169847169985,-1.8867815176593226,-1.156173054371969,-1.6694486776935022,1.5708105564117432,0.29652756452560425,0
949,1788171507.4198387,-0.4017293145615906,-0.4808818155840201,0.30732869876425484,1.2483905668707318,2.8828518768879694,-6.024807910564013e-05,-2.091686550770895,-1.887705151234762,-1.1449912230121058,-1.679659668599264,1.5708465576171875,0.29643169045448303,0
950,1788171507.4611912,-0.4017101190581094,-0.48084835904668044,0.3102941691797082,1.248387768083367,2.8828454075256977,3.7998241069291534e-05,-2.091686550770895,-1.8885090986834925,-1.1362898985492151,-1.687619988118307,1.5708465576171875,0.29643169045448303,0
951,1788171507.500858,-0.4017433090476414,-0.48089142622596953,0.3124846863986005,1.248427837805783,2.882843472996814,-0.00015923914471009114,-2.09169847169985,-1.8892529646502894,-1.1296981016742151,-1.6933415571795862,1.5708465576171875,0.2964436709880829,0
952,1788171507.544131,-0.40168566051357746,-0.4808451344874293,0.3139396100883772,1.2483721089235968,2.8828577774749773,0.00013538782717305886,-2.0916503111468714,-1.889648739491598,-1.125383202229635,-1.6974480787860315,1.5708345174789429,0.29645565152168274,0
953,1788171507.5835142,-0.4015242732962155,-0.4808716199260849,0.31465704521674903,1.2485784567990905,2.882763078004921,-0.00013453361954993883,-2.0914109388934534,-1.8895648161517542,-1.1236932913409632,-1.6990516821490687,1.5708585977554321,0.29683953523635864,0
954,1788171507.6226463,-0.40108342829479965,-0.48089942472077696,0.31453208427991963,1.248470708477596,2.882795195943338,0.00022268056250753066,-2.090763870869772,-1.888977352772848,-1.1247475782977503,-1.6988123098956507,1.5708465576171875,0.29741552472114563,0
955,1788171507.6614075,-0.39989436691027963,-0.48088175393490484,0.3144517036822953,1.2480063983040026,2.882993829701668,0.00042964356568425904,-2.0890982786761683,-1.8869975248919886,-1.1275766531573694,-1.6980941931353968,1.5708345174789429,0.2987596094608307,0
956,1788171507.7001052,-0.3982652148487418,-0.480711971338542,0.31449911124553476,1.2481695806005189,2.882932794796723,0.0004847650193729903,-2.086928669606344,-1.8839624563800257,-1.131507698689596,-1.6972320715533655,1.5708225965499878,0.30103999376296997,0
957,1788171507.7422974,-0.3966585321409116,-0.480594201509295,0.3144735800427322,1.2480034968321143,2.8829651906951366,0.0004953923774808304,-2.084759537373678,-1.8810470739947718,-1.1354625860797327,-1.6962030569659632,1.5708585977554321,0.30310389399528503,0
958,1788171507.782824,-0.3950262789718065,-0.4804349831450297,0.3145627689384459,1.2480690887400252,2.882960721637063,0.0001738838868841676,-2.082566563283102,-1.8779156843768519,-1.1394537130938929,-1.6951373259173792,1.5708585977554321,0.3053363263607025,0
959,1788171507.8223786,-0.3934572640832927,-0.480184677162777,0.3145875074324129,1.248144762797256,2.8829349821796018,7.799704696193296e-05,-2.0805290381061,-1.874784294758932,-1.1435650030719202,-1.6940959135638636,1.5708585977554321,0.3074245750904083,0
960,1788171507.8642418,-0.3918768792481025,-0.48000379661380294,0.3145928848462759,1.2479693667389853,2.8830397038760647,-0.0001464930571149811,-2.0784080664264124,-1.8717253843890589,-1.1476400534259241,-1.692934815083639,1.5708465576171875,0.30941659212112427,0
961,1788171507.9071052,-0.39026645679161703,-0.47982574007115575,0.3145430243860612,1.2481818919791907,2.882950182948837,-0.0001866043402165839,-2.0762389341937464,-1.868690315877096,-1.1517866293536585,-1.6917975584613245,1.5708465576171875,0.31173253059387207,0
962,1788171507.949257,-0.3886596670626478,-0.47955102705740654,0.3145124931780662,1.2482739054277567,2.8828682542866013,5.006326913936444e-05,-2.074153248463766,-1.8655951658831995,-1.1559093634234827,-1.6909235159503382,1.5708705186843872,0.3138926923274994,0
963,1788171507.9912589,-0.38672165119215585,-0.4791958781915333,0.31461592263767096,1.248526490479721,2.8828205880271107,0.00011274680812575697,-2.0716126600848597,-1.8617685476886194,-1.1606677214251917,-1.6900261084186,1.5708105564117432,0.31659290194511414,0
964,1788171508.0323608,-0.38508808313420134,-0.47904672559604433,0.31454613321662095,1.2486423469459784,2.8827435545256024,0.00012585602870177962,-2.069371525441305,-1.8588054815875452,-1.1647303740130823,-1.688937012349264,1.5708345174789429,0.31892120838165283,0
965,1788171508.0712764,-0.3835582985021408,-0.47876098491674207,0.3146019631978484,1.24865554168496,2.8827166612219584,4.433836645758633e-05,-2.0673816839801233,-1.855746094380514,-1.1686018149005335,-1.6880748907672327,1.5708585977554321,0.3209255635738373,0
966,1788171508.1132047,-0.38194406447172335,-0.4784585734048208,0.3146614394315669,1.2487180843911607,2.882706178283201,-1.2032192251155702e-05,-2.065260712300436,-1.8525312582599085,-1.1726535002337855,-1.6872008482562464,1.5708465576171875,0.3230857253074646,0
967,1788171508.1559007,-0.38003600049413105,-0.4779815548594337,0.31461457911592805,1.2486607280963864,2.8827030789931887,1.7865093556756152e-05,-2.0628517309771937,-1.8485119978534144,-1.1779983679400843,-1.6858962217914026,1.5708705186843872,0.3254619836807251,0
968,1788171508.1975825,-0.37849334674015334,-0.4775195956493979,0.3145609338755649,1.248418936222185,2.8828459947623895,3.910719217336802e-05,-2.060934368764059,-1.845104996358053,-1.1825531164752405,-1.6847589651690882,1.5708345174789429,0.3272019326686859,0
969,1788171508.2394679,-0.37681848929154926,-0.47708806103981766,0.3145121619306799,1.2482859799815067,2.882861129239227,0.0003319068137806675,-2.058812920247213,-1.8416736761676233,-1.1870711485492151,-1.6838610808001917,1.5708585977554321,0.32924187183380127,0
970,1788171508.2824988,-0.37519957841107043,-0.47659485880911956,0.31455823802346994,1.2482080374690796,2.8829055558834797,0.0003866363533064298,-2.0567997137652796,-1.838146988545553,-1.1914938131915491,-1.6829989592181605,1.5708465576171875,0.3311983048915863,0
971,1788171508.323135,-0.37331795861444295,-0.47610334007683297,0.3146084778453937,1.2484439511296992,2.8828237738071194,8.977026986212383e-06,-2.054390255604879,-1.8340562025653284,-1.196683708821432,-1.6816585699664515,1.5708465576171875,0.33376628160476685,0
972,1788171508.3632274,-0.37170265173518585,-0.4756603564263003,0.3146213974248094,1.2486043701636877,2.882756351068384,-3.1193080932788226e-05,-2.052328888569967,-1.8306129614459437,-1.2010706106769007,-1.6806891600238245,1.5708465576171875,0.335938423871994,0
973,1788171508.40384,-0.370108506783114,-0.4751856458444625,0.314651417451205,1.2486956052309985,2.8827196528573373,-8.931198072229077e-05,-2.0503152052508753,-1.827146355305807,-1.2054336706744593,-1.6797555128680628,1.5708465576171875,0.3380146920681,0
974,1788171508.4463804,-0.36854673523719833,-0.4748112121827073,0.3146800594265846,1.2488214920434508,2.8827126660079565,-0.0005409056964448964,-2.0482543150531214,-1.823787037526266,-1.209712330495016,-1.6785462538348597,1.5708225965499878,0.3401508927345276,0
975,1788171508.4871142,-0.36689468509995443,-0.47440234966367834,0.31455590937544453,1.248488513533691,2.8828319656846366,-1.7748743925236243e-05,-2.0460851828204554,-1.8205602804767054,-1.2140510717975062,-1.6777680555926722,1.5708225965499878,0.3420953154563904,0
976,1788171508.52986,-0.3652645124582026,-0.47408324426729875,0.3145394954128126,1.2483781147866237,2.8828504451977897,5.241792588585983e-05,-2.043879810963766,-1.8174174467669886,-1.2180660406695765,-1.6769421736346644,1.5708465576171875,0.344231516122818,0
977,1788171508.5725038,-0.3633525219540045,-0.47371820117493496,0.3145617801568701,1.2484407749886535,2.882839991052346,0.00027549483049502154,-2.0412548224078577,-1.8138182798968714,-1.2225244680987757,-1.6762235800372522,1.5708225965499878,0.3468957543373108,0
978,1788171508.6145642,-0.3617488611107408,-0.47370695238458493,0.31462938866749324,1.248029269780693,2.8830151219492457,-0.0002731646259447128,-2.0388339201556605,-1.8111427466021937,-1.2258089224444788,-1.6752660910235804,1.5708465576171875,0.3490319550037384,0
979,1788171508.6551998,-0.36019511667271614,-0.47367756196660005,0.3145253752453079,1.2481621177060056,2.8829800212031444,0.00014149631892877089,-2.0364726225482386,-1.8088272253619593,-1.2289250532733362,-1.674727741871969,1.5708105564117432,0.35147973895072937,0
980,1788171508.6934125,-0.3586126317745934,-0.4736684822228527,0.31460715735589717,1.2484428981911038,2.8828563342801905,-0.0001429112739711731,-2.0340636412249964,-1.8063085714923304,-1.2319214979754847,-1.6740692297564905,1.5708225965499878,0.3540840446949005,0
981,1788171508.7342713,-0.3569835530168918,-0.47367252773330126,0.3145950865695326,1.2484366932370339,2.88282940000995,-5.3531576790834515e-05,-2.0315707365619105,-1.8038728872882288,-1.2349899450885218,-1.6734946409808558,1.5708465576171875,0.35658013820648193,0
982,1788171508.776416,-0.3553960064880408,-0.47358751815188294,0.31464789616499955,1.2486968661812192,2.8827061979805366,-0.00013208175478021696,-2.0291975180255335,-1.801281754170553,-1.2381060759173792,-1.672920052205221,1.5708585977554321,0.35913652181625366,0
983,1788171508.8182359,-0.3538018480265324,-0.4736781075245331,0.3146565420671892,1.2487406510376213,2.8826993096115956,-0.000509676625539315,-2.0266688505755823,-1.7989185492144983,-1.2410905996905726,-1.6720579306231897,1.5708585977554321,0.36169251799583435,0
984,1788171508.8590326,-0.35191484726929834,-0.47370131555348555,0.3145820527643042,1.2486863462134388,2.8827457563971017,-0.0004337121898608608,-2.0237210432635706,-1.796135727559225,-1.2447341124164026,-1.6712444464312952,1.5708345174789429,0.3645968437194824,0
985,1788171508.9003744,-0.3502778431935941,-0.4736781477816828,0.3146363783312439,1.2485564160829516,2.882813253541381,-0.00039765759417573443,-2.0211918989764612,-1.793664280568258,-1.2476590315448206,-1.6708133856402796,1.5708225965499878,0.3670330047607422,0
986,1788171508.9397452,-0.34866726330027803,-0.4736232666672373,0.3145582389992725,1.2482871120048227,2.8828919262596284,1.2560058084015393e-05,-2.0187342802630823,-1.7912891546832483,-1.2507393995868128,-1.6703704039203089,1.5708465576171875,0.36931338906288147,0
987,1788171508.9801292,-0.34706754707297854,-0.47358307431936797,0.31464050575741154,1.2482582072903678,2.882905994653083,-4.712413169780182e-05,-2.0162656942950647,-1.7888296286212366,-1.2535799185382288,-1.6699512640582483,1.5708465576171875,0.3717615306377411,0
988,1788171509.0214877,-0.3454464892960173,-0.4735949820755716,0.31459539437697703,1.2483690232441884,2.8828657290375688,0.0001767960124682426,-2.013712708150045,-1.7865260283099573,-1.2565043608294886,-1.6694725195514124,1.5708345174789429,0.3743894398212433,0
989,1788171509.0616848,-0.34388458762402463,-0.47360617265518734,0.3145594269270432,1.2484200650183652,2.882829622935356,0.00023025818513778786,-2.0112555662738245,-1.7842591444598597,-1.2593806425677698,-1.6688974539386194,1.5708465576171875,0.3768855333328247,0
990,1788171509.1005898,-0.34227581065559803,-0.4736442734227801,0.3146042033497459,1.2486765253427399,2.8826978604228386,-1.6927760644426876e-05,-2.008702580128805,-1.781895939503805,-1.2622092405902308,-1.6682751814471644,1.5708705186843872,0.379621684551239,0
991,1788171509.1411462,-0.3406893372684326,-0.47362617717363725,0.31460160601796006,1.2489239044408917,2.882590345045279,5.925143246939889e-07,-2.006209675465719,-1.7795446554767054,-1.2650979200946253,-1.667748753224508,1.5708705186843872,0.38228631019592285,0
992,1788171509.18413,-0.33909809561472715,-0.4735684080205156,0.31460762699350475,1.248907784467366,2.8826353267080114,7.562479175193988e-05,-2.003716770802633,-1.7771337668048304,-1.2680228392230433,-1.667281452809469,1.5708345174789429,0.3847584128379822,0
993,1788171509.2262814,-0.33749777013084375,-0.47358916032236253,0.31464947664638465,1.2486148211660992,2.88275210006977,-0.00011483515231064047,-2.0011637846576136,-1.7747939268695276,-1.2708037535296839,-1.6667192617999476,1.5708465576171875,0.38711071014404297,0
994,1788171509.2673817,-0.33559408268467544,-0.4735637805412761,0.3145504227775876,1.2483634862798503,2.882868487087472,0.0002968741615665559,-1.998143498097555,-1.772118870412008,-1.274255100880758,-1.6662047545062464,1.5708345174789429,0.38995471596717834,0
995,1788171509.3081133,-0.33395541499766135,-0.4735843033281416,0.31452978372777785,1.2481852889180027,2.8829191070914364,0.00036982134018921913,-1.9955185095416468,-1.769827667866842,-1.277083698903219,-1.6657140890704554,1.5708585977554321,0.3924627900123596,0
996,1788171509.3490853,-0.3324024160584708,-0.4735918358059561,0.31453189528261305,1.2484257257828069,2.882844234780134,0.00012420390158039574,-1.9930136839496058,-1.7675240675555628,-1.2799127737628382,-1.6650317350970667,1.5708345174789429,0.3951270282268524,0
997,1788171509.3906376,-0.33075573311385975,-0.4736413184467681,0.31455650654386924,1.2481959306428778,2.882918737849429,-9.36526157598667e-06,-1.990340534840719,-1.765233341847555,-1.2826455275165003,-1.6645048300372522,1.5708585977554321,0.39764708280563354,0
998,1788171509.43103,-0.32914987502795,-0.47360104645916934,0.3146542040902043,1.2485171301918296,2.8827941641465737,-0.00025685874943862216,-1.9877756277667444,-1.7627976576434534,-1.2853782812701624,-1.6640499273883265,1.5708465576171875,0.40043115615844727,0
999,1788171509.4725857,-0.32755082724994194,-0.4735991965671523,0.31457725109763923,1.2487336289511273,2.882711434712338,0.00015689602639044624,-1.9851868788348597,-1.760662857686178,-1.2880871931659144,-1.663739029561178,1.5708345174789429,0.4031673073768616,0
1000,1788171509.513877,-0.32591217185534216,-0.4736193040300962,0.31454151167075106,1.2486079984645149,2.8827394941598112,0.0003426916360389662,-1.982525650654928,-1.7584555784808558,-1.2908080259906214,-1.6633437315570276,1.5708585977554321,0.40574803948402405,0
1001,1788171509.5558932,-0.3240344573859786,-0.4735922069989953,0.3146126766613229,1.2486057589065083,2.882767438162411,0.00018869633301304961,-1.9794815222369593,-1.7557199637042444,-1.293936554585592,-1.6628525892840784,1.5708345174789429,0.40878379344940186,0
1002,1788171509.5987809,-0.322394213945006,-0.4736158773495497,0.3146047315906652,1.2480619764023253,2.8830164110296064,0.0003004007864399711,-1.9767845312701624,-1.7535131613360804,-1.2965853849994105,-1.6624816099749964,1.5708225965499878,0.4111001193523407,0
1003,1788171509.639023,-0.3208453974501458,-0.4735681831340104,0.31464424254752477,1.2482100304115902,2.8829649700729343,1.50383869049761e-05,-1.9742797056781214,-1.7511614004718226,-1.2993419806109827,-1.6618951002704065,1.5708105564117432,0.41370445489883423,0
1004,1788171509.6827824,-0.31921295445020437,-0.4736203343272514,0.31458572883599767,1.2482447049128884,2.8829373644081095,0.00010737220305867491,-1.9715707937823694,-1.7490266005145472,-1.3020265738116663,-1.6614039579974573,1.5708225965499878,0.41644060611724854,0
1005,1788171509.7208486,-0.317345776566124,-0.4736097073791101,0.3145236885799708,1.2486289617767807,2.8827198225552517,0.00021992182824325126,-1.9685261885272425,-1.7464593092547815,-1.3052271048175257,-1.6608417669879358,1.5708705186843872,0.4197647273540497,0
1006,1788171509.762467,-0.3160547145298259,-0.47361836325021184,0.31453570890311955,1.2486773605888946,2.8827254475001585,0.00023615010493772715,-1.9663808981524866,-1.7447078863727015,-1.3072765509234827,-1.6605542341815394,1.5708465576171875,0.42193686962127686,0
1007,1788171509.8044665,-0.3141107924478551,-0.4736279546734472,0.3145417359601643,1.2486045792915277,2.8827313696019163,0.00023550708267182694,-1.9631689230548304,-1.7420690695392054,-1.3103931585894983,-1.6600754896747034,1.5708705186843872,0.4251048266887665,0
1008,1788171509.8456526,-0.3124756653732223,-0.47362319342623393,0.3145790238764916,1.248469891255404,2.882788367085415,0.00010101125963712724,-1.9604595343219202,-1.7397893110858362,-1.3130181471454065,-1.6596444288836878,1.5708705186843872,0.4277211129665375,0
1009,1788171509.8865108,-0.310853505101074,-0.4735778513746534,0.31463266299849213,1.2484108262941727,2.8828273781705813,0.00011813216868900497,-1.9577868620501917,-1.7375105063067835,-1.315571133290426,-1.6593812147723597,1.5708585977554321,0.4303494095802307,0
1010,1788171509.9278388,-0.30929507859124444,-0.47361108811647795,0.3145666269960282,1.248101410219684,2.883002631569284,0.0002278259470760147,-1.9551499525653284,-1.7354949156390589,-1.3181002775775355,-1.658938233052389,1.5708225965499878,0.43276122212409973,0
1011,1788171509.9679658,-0.3076945514000894,-0.47363796174961287,0.3145894032615464,1.2479924608814994,2.8830212757809224,7.618726941549386e-05,-1.9524648825274866,-1.7333477179156702,-1.3205931822406214,-1.6584952513324183,1.5708465576171875,0.43537792563438416,0
1012,1788171510.0100563,-0.3061211227232211,-0.4736720219232012,0.31466119023143924,1.2482524194816857,2.8828991297264785,-0.0003967623289662491,-1.949803654347555,-1.7311518828021448,-1.3230622450457972,-1.6579206625567835,1.5708465576171875,0.43822193145751953,0
1013,1788171510.0508523,-0.3045024835753797,-0.47367119451356504,0.31463895984580637,1.2484479273609848,2.8828149551217637,-0.0003411110107411417,-1.947082821522848,-1.7290051619159144,-1.32562762895693,-1.6575372854815882,1.5708465576171875,0.4410782754421234,0
1014,1788171510.0909762,-0.30259600081370563,-0.47363397167307714,0.31469429918017233,1.2487215020078386,2.8827207933337906,-0.0003818302564843977,-1.9438827673541468,-1.7263897101031702,-1.3285520712481897,-1.6572030226336878,1.5708225965499878,0.44446197152137756,0
1015,1788171510.131362,-0.3009944786236796,-0.47359831805815555,0.3146746445860634,1.2486933621898801,2.8827367359025615,-0.00021477683501120346,-1.941197697316305,-1.7242544333087366,-1.331069294606344,-1.6569274107562464,1.5708225965499878,0.447126567363739,0
1016,1788171510.1709414,-0.29941824571780495,-0.4735910938705578,0.31456376283254395,1.2485516853365048,2.882825163631363,0.00028898761873636747,-1.9385245482074183,-1.7223227659808558,-1.3335259596454065,-1.6567238012896937,1.5708105564117432,0.44969457387924194,0
1017,1788171510.2124038,-0.29782606209898305,-0.4735910298160711,0.3145719857046859,1.2482686630556026,2.8829198796890574,0.00021507381341353545,-1.9358275572406214,-1.7202118078814905,-1.3359716574298304,-1.6563409010516565,1.5708345174789429,0.4522022604942322,0
1018,1788171510.2526298,-0.2961820564131081,-0.47360224536896134,0.31454276335234677,1.2480805978834333,2.882992132255834,0.00032607263044835536,-1.9330228010760706,-1.7181242148028772,-1.3384526411639612,-1.6560176054583948,1.5708465576171875,0.45487886667251587,0
1019,1788171510.2931604,-0.2945701094877247,-0.473597439059015,0.3145304299733979,1.248212069073256,2.8829521035348304,0.00041808804164342054,-1.9302657286273401,-1.7160490194903772,-1.3408740202533167,-1.6557305494891565,1.5708345174789429,0.45772287249565125,0
1020,1788171510.3346689,-0.29297360055307536,-0.473587683293442,0.31458142571570796,-1.2483108931126479,-2.882929765380449,-0.00026342969510775274,-1.927521053944723,-1.7139142195331019,-1.3432353178607386,-1.6554072538958948,1.570798635482788,0.46053093671798706,0
1021,1788171510.3758602,-0.29138584989774513,-0.47360872415981065,0.31464837914691923,1.2486428340642808,2.882736091333344,-5.482090036632928e-05,-1.9247997442828577,-1.7118147055255335,-1.3455365339862269,-1.6550000349627894,1.5708465576171875,0.4634951651096344,0
1022,1788171510.4169488,-0.28978715381011827,-0.4736814095544785,0.31458949199452957,1.2484639143247476,2.8828309965381287,5.4986894946195085e-05,-1.921994988118307,-1.7099431196795862,-1.34782582918276,-1.6546528975116175,1.5708345174789429,0.46617138385772705,0
1023,1788171510.4568703,-0.2878561674146028,-0.47372322376283965,0.31452865272361347,1.2484496960649818,2.8828312546058923,0.0002237937280123643,-1.9186385313617151,-1.707616154347555,-1.3506305853473108,-1.6542819182025355,1.5708465576171875,0.4695194661617279,0
1024,1788171510.4980667,-0.2862237530485017,-0.47378241652039743,0.31460725520102995,1.2482613837092444,2.8829031963437575,-3.2602859863529914e-06,-1.915774170552389,-1.7056010405169886,-1.352776352559225,-1.654006306325094,1.5708465576171875,0.4722556173801422,0
1025,1788171510.5390897,-0.28465051371197214,-0.4738070392802476,0.31455957429868264,1.248210908186477,2.8829640431188177,0.0002754679875589057,-1.9130170981036585,-1.7037537733661097,-1.3549702803241175,-1.6538389364825647,1.5708225965499878,0.4749678075313568,0
1026,1788171510.5795882,-0.2830302687082538,-0.47385398126900063,0.3146679549388236,1.2481026857262547,2.8829393782943273,-0.00013471667176754792,-1.9101880232440394,-1.7016904989825647,-1.3571155706988733,-1.6534917990313929,1.5708705186843872,0.4777399003505707,0
1027,1788171510.6197507,-0.2814715117429978,-0.4738561217301337,0.3147420216972451,1.248275826593818,2.882852703768113,-0.0003629631902212093,-1.9074667135821741,-1.6996749083148401,-1.3592608610736292,-1.6532161871539515,1.5708705186843872,0.4805842936038971,0
1028,1788171510.659582,-0.27988621910522565,-0.4739139966322398,0.314581249248922,1.2485856569750977,2.882795236205913,0.00011880247266007721,-1.9046381155597132,-1.6979592482196253,-1.3615506331073206,-1.6529529730426233,1.5708225965499878,0.4836084246635437,0
1029,1788171510.7002037,-0.27827385462352694,-0.47394783001144936,0.3145214402932014,-1.248543969091936,-2.882828900784588,-0.0004153800908676018,-1.9017851988421839,-1.6961243788348597,-1.3637436071978968,-1.6527851263629358,1.5708105564117432,0.48642846941947937,0
1030,1788171510.7391162,-0.27667004355210156,-0.47398103361011473,0.31457437710949554,1.2485049022176855,2.8828217381134698,0.00019216197467121255,-1.8989561239825647,-1.6941450277911585,-1.3658893744098108,-1.6524742285357874,1.5708345174789429,0.4892365336418152,0
1031,1788171510.7796662,-0.27503913012626297,-0.47405507265132335,0.31453125911516533,1.2482810344135766,2.8829090963479462,0.00024760341928506825,-1.8960431257831019,-1.6923092047320765,-1.3680709044085901,-1.6521628538714808,1.5708465576171875,0.4919966459274292,0
1032,1788171510.8190567,-0.27348076359675166,-0.47402131444841905,0.314609066639606,1.2480901898885548,2.8829775461619715,2.993743961317091e-06,-1.8933103720294397,-1.6902583281146448,-1.3702285925494593,-1.6518996397601526,1.5708465576171875,0.4946005940437317,0
1033,1788171510.857418,-0.27186958830167324,-0.4740333985438499,0.3146382980507464,1.2479891563763172,2.8830180196596538,-0.0002625614525425599,-1.8904450575457972,-1.6882312933551233,-1.3724821249591272,-1.6515043417560022,1.5708345174789429,0.49739664793014526,0
1034,1788171510.896847,-0.2702953434669678,-0.4740547590681251,0.3145972703295348,1.2481249154203111,2.8829870637979718,-0.00022922408410906448,-1.887627903615133,-1.6863716284381312,-1.3746760527240198,-1.6511934439288538,1.5708105564117432,0.500300943851471,0
